t,gx,gy,pupil,valid,subj,trial,label
0.0,960.2910152351435,539.9512273187378,3.176481435376237,1,7,0,0
0.008333333333333333,960.25061800063,539.8596996342064,3.1937691698196744,1,7,0,0
0.016666666666666666,960.9607651466871,540.6381953407736,3.2162010784493966,1,7,0,0
0.025,960.4160805162677,540.9875698083633,3.239690391593617,1,7,0,0
0.03333333333333333,960.0267757684691,541.334835785658,3.2036165659411595,1,7,0,0
0.041666666666666664,960.4018585896239,541.0460313141779,3.1992780662980005,1,7,0,0
0.05,960.9969133528152,541.6445739264582,3.168222928742039,1,7,0,0
0.058333333333333334,961.4876213616618,541.1294018457442,3.210939385215315,1,7,0,0
0.06666666666666667,960.4076916558109,542.2517554367115,3.2157812235220167,1,7,0,0
0.075,960.3545082127615,542.2358716729036,3.196045314269877,1,7,0,0
0.08333333333333333,960.3354411092326,542.2395871517795,3.246076989714095,1,7,0,0
0.09166666666666666,959.6005199064414,541.4881235049603,3.191613973698895,1,7,0,0
0.1,959.5992999546166,540.7816684129156,3.189348629520338,1,7,0,0
0.10833333333333334,959.4774828711504,541.3556920431217,3.201709599688217,1,7,0,0
0.11666666666666667,958.942296724639,541.4346428236756,3.2415480872481934,1,7,0,0
0.125,958.6173680338981,540.6818284702833,3.172145414522557,1,7,0,0
0.13333333333333333,958.5696148018126,540.9947235967655,3.2227872259437627,1,7,0,0
0.14166666666666666,958.8081681588902,541.7085759789825,3.219752593500593,1,7,0,0
0.15,958.092819998134,541.7797392419125,3.209338535932385,1,7,0,0
0.15833333333333333,958.4110371210147,541.749991513369,3.2232044736466854,1,7,0,0
0.16666666666666666,958.8211537894007,542.0152433046378,3.2118174535281026,1,7,0,0
0.175,958.3502573608517,542.2364050857475,3.2081718065721203,1,7,0,0
0.18333333333333332,958.8727099790144,543.2518426037949,3.2483407700885234,1,7,0,0
0.19166666666666668,958.6481343587662,543.0253503325685,3.220960731283822,1,7,0,0
0.2,958.0071703703446,542.4271765979358,3.284786435471474,1,7,0,0
0.20833333333333334,957.9244516247675,542.5490113231499,3.2662984794059233,1,7,0,0
0.21666666666666667,956.6432587080425,542.8330648285912,3.2094444727430393,1,7,0,0
0.225,956.8850604033039,542.4837443440194,3.234553892679534,1,7,0,0
0.23333333333333334,957.135196608677,542.1827740164447,3.2404425065199822,1,7,0,0
0.24166666666666667,956.3751964663705,542.1308073995895,3.230073472985763,1,7,0,0
0.25,956.1697603014297,542.5365921823178,3.2300310577213245,1,7,0,0
0.25833333333333336,955.9144701981371,542.8387981917317,3.221122944157007,1,7,0,0
0.26666666666666666,955.7734637326938,541.8610397161303,3.2409270419211733,1,7,0,0
0.275,956.0051064553469,541.092403991101,3.214106312311679,1,7,0,0
0.2833333333333333,955.9633279647039,541.8359377434069,3.2776528165066288,1,7,0,0
0.2916666666666667,955.9463767298528,541.8121150981685,3.253264382932244,1,7,0,0
0.3,955.9359051737651,541.7316060391305,3.2229963879991614,1,7,0,0
0.30833333333333335,956.3741332459339,541.536862339476,3.265572968815806,1,7,0,0
0.31666666666666665,956.3267536832518,541.3697120044765,3.245796234263186,1,7,0,0
0.325,956.90601585798,540.6084848057784,3.261838523818136,1,7,0,0
0.3333333333333333,957.3100417040549,540.9898215372605,3.2565282897329366,1,7,0,0
0.3416666666666667,956.886395168733,541.197256468906,3.251470880366829,1,7,0,0
0.35,956.6364798755137,541.0586585843645,3.2286320333972673,1,7,0,0
0.35833333333333334,957.2123966763114,541.4135845163843,3.21856045064299,1,7,0,0
0.36666666666666664,957.6741298427369,541.5537433821772,3.238363039568039,1,7,0,0
0.375,958.1423339477324,541.4164048308064,3.2805372880386185,1,7,0,0
0.38333333333333336,958.9982324009471,541.3969297519518,3.2419189181085604,1,7,0,0
0.39166666666666666,959.1492003222689,542.1809993518816,3.2678123333506734,1,7,0,0
0.4,958.4999582726255,542.5260781344333,3.224448956103699,1,7,0,0
0.4083333333333333,958.2094596460901,542.1842811665657,3.2372489189655336,1,7,0,0
0.4166666666666667,958.4481335977433,542.6475786155859,3.221623813293573,1,7,0,0
0.425,958.3628969127602,542.2913100097136,3.2409513218953347,1,7,0,0
0.43333333333333335,957.4401394099871,541.8350129518562,3.244006976058974,1,7,0,0
0.44166666666666665,956.914319204224,541.8780024282065,3.2410853549753824,1,7,0,0
0.45,956.941499936243,542.8972508037122,3.2662606955168285,1,7,0,0
0.4583333333333333,957.4819641592254,542.9122077381461,3.248989867048315,1,7,0,0
0.4666666666666667,956.7953773450979,542.8241761975981,3.224446763844723,1,7,0,0
0.475,956.9252818256829,542.7326492537312,3.262676543335231,1,7,0,0
0.48333333333333334,956.9726719390643,542.4938377224505,3.2533198581540588,1,7,0,0
0.49166666666666664,956.26166988376,543.3277101471598,3.261589475038376,1,7,0,0
0.5,955.7605389072017,543.4317713188539,3.2545231437472433,1,7,0,0
0.5083333333333333,955.2962413239445,543.589107811274,3.2719056407649187,1,7,0,0
0.5166666666666667,954.5636633347012,543.8440463907849,3.2565332179309534,1,7,0,0
0.525,955.8649962258148,543.5074594935822,3.2660312452851663,1,7,0,0
0.5333333333333333,957.1970413364335,542.6731078869949,3.259417958252738,1,7,0,0
0.5416666666666666,957.3687637549903,541.7304679544953,3.2701390376141144,1,7,0,0
0.55,957.3988119287177,542.5209947523848,3.2454099961944523,1,7,0,0
0.5583333333333333,957.8600079787092,543.0652067625391,3.294825285927966,1,7,0,0
0.5666666666666667,957.4310587581266,543.4146514688834,3.2401715695422855,1,7,0,0
0.575,957.1391359845888,542.6573395261613,3.265798558757755,1,7,0,0
0.5833333333333334,956.9302663013179,542.1724311882995,3.252741280872577,1,7,0,0
0.5916666666666667,956.5647481600993,542.4272672812933,3.2648176510846443,1,7,0,0
0.6,956.7684762029817,543.1198083582392,3.2759445395680746,1,7,0,0
0.6083333333333333,957.1660144247568,543.5090868287496,3.2736853103100616,1,7,0,0
0.6166666666666667,955.9628696740356,543.3335801128833,3.3005724591259713,1,7,0,0
0.625,956.3194741273472,543.2033934122137,3.2843619639974633,1,7,0,0
0.6333333333333333,955.9684379876653,543.2701864662305,3.225986240670043,1,7,0,0
0.6416666666666667,955.9499815214774,542.7766289203748,3.275810985401924,1,7,0,0
0.65,956.3817814074027,542.9515752792352,3.2777154753055457,1,7,0,0
0.6583333333333333,955.8342844386796,542.9396988566515,3.3227930272890407,1,7,0,0
0.6666666666666666,955.5709328236652,543.0440272355121,3.2719443473601575,1,7,0,0
0.675,955.5565117999024,542.5147925791282,3.261619730163712,1,7,0,0
0.6833333333333333,955.6224702881091,542.2817792780852,3.2683007223284903,1,7,0,0
0.6916666666666667,956.2145254790413,541.979163366399,3.279468326061916,1,7,0,0
0.7,956.5428046284412,542.4550893205096,3.277157468921896,1,7,0,0
0.7083333333333334,956.5954215877073,542.2706574253004,3.2747972026890673,1,7,0,0
0.7166666666666667,956.7569023648628,541.4084794625402,3.253932654941679,1,7,0,0
0.725,956.1216582907,541.0261644437595,3.2911786927694267,1,7,0,0
0.7333333333333333,955.6741045212974,541.2400650705961,3.307869044392862,1,7,0,0
0.7416666666666667,955.4937737293055,541.5120788488827,3.2955420448947783,1,7,0,0
0.75,954.3725267943846,541.36526662712,3.326458183199003,1,7,0,0
0.7583333333333333,954.1215073377017,540.9042953972034,3.323721779298518,1,7,0,0
0.7666666666666667,954.1428751600242,540.3300198574589,3.2256315384570087,1,7,0,0
0.775,953.4651375539459,540.0946375604747,3.253002119841725,1,7,0,0
0.7833333333333333,953.4196592744528,540.5211676153017,3.32468358131161,1,7,0,0
0.7916666666666666,952.3706526973463,540.7050678475429,3.258648494224229,1,7,0,0
0.8,952.3304122442561,540.1506984259045,3.3125608926056826,1,7,0,0
0.8083333333333333,953.0631549509164,541.2037810894373,3.2639993098189852,1,7,0,0
0.8166666666666667,952.514045036519,540.8392392936504,3.308053050425002,1,7,0,0
0.825,952.1846586457755,540.9672173924671,3.3246072607456254,1,7,0,0
0.8333333333333334,952.2268367483379,541.6485302923726,3.338329076081957,1,7,0,0
0.8416666666666667,951.6797132674857,540.7443784898728,3.325932828687132,1,7,0,0
0.85,951.8081360999603,540.4442304002984,3.304981099917458,1,7,0,0
0.8583333333333333,951.8516687444484,540.8654685275013,3.3178506017925145,1,7,0,0
0.8666666666666667,952.4494076031802,541.4706399033423,3.3097538906198025,1,7,0,0
0.875,951.1383574454603,541.3198774440694,3.3527457032778427,1,7,0,0
0.8833333333333333,951.595548986919,540.8659434304046,3.3480862621594176,1,7,0,0
0.8916666666666667,951.4604909969321,540.7281301795125,3.340560405938434,1,7,0,0
0.9,951.6571658804991,541.6361852494624,3.3204909421234357,1,7,0,0
0.9083333333333333,951.135353878523,541.5327841366725,3.316237303426645,1,7,0,0
0.9166666666666666,950.6585772164198,541.5514218430733,3.330225501011314,1,7,0,0
0.925,950.4215127689314,541.2044003832116,3.3427081959699865,1,7,0,0
0.9333333333333333,949.8097684956203,541.2204883839639,3.2910457648740774,1,7,0,0
0.9416666666666667,949.9488225564304,541.6172572482461,3.3088691459065895,1,7,0,0
0.95,949.8498662406237,542.3966003600615,3.3254933304761183,1,7,0,0
0.9583333333333334,949.6477985665405,543.0639104979144,3.336794450164374,1,7,0,0
0.9666666666666667,948.9031953372544,543.1983130249178,3.351506105578208,1,7,0,0
0.975,948.9739545425057,543.0870281966708,3.362560853476393,1,7,0,0
0.9833333333333333,948.9728816289797,542.7186880073224,3.3492237480253553,1,7,0,0
0.9916666666666667,950.0265131602176,542.417472010622,3.349029197806355,1,7,0,0
1.0,949.7886616369325,542.0123037049576,3.3226239333699157,1,7,0,0
1.0083333333333333,950.0369201323319,542.061910987824,3.3559614245290867,1,7,0,0
1.0166666666666666,949.9130812350792,541.8239902359888,3.323774405231122,1,7,0,0
1.025,949.9330507467052,541.3262660446985,3.360542645179331,1,7,0,0
1.0333333333333334,950.4647536322299,540.3834062437073,3.3736144332101707,1,7,0,0
1.0416666666666667,949.6191568277242,541.2361326856287,3.343445035524089,1,7,0,0
1.05,949.6566115421958,541.5416790484768,3.358171273289101,1,7,0,0
1.0583333333333333,949.0769787418853,541.7445241627548,3.340381802978952,1,7,0,0
1.0666666666666667,948.4966863292001,541.7446495162368,3.300135616995891,1,7,0,0
1.075,819.0171234828758,241.11762780297323,3.3485355990209076,1,7,0,0
1.0833333333333333,818.8351595981646,240.6750525960437,3.381897334178768,1,7,0,0
1.0916666666666666,946.6278021429827,541.2359972346408,3.3075955176200247,1,7,0,0
1.1,946.2331846842789,541.7664100374175,3.3207342867764003,1,7,0,0
1.1083333333333334,946.3048435372692,541.9597198039485,3.331784445072558,1,7,0,0
1.1166666666666667,946.6245664391282,542.3226102191232,3.323012293242553,1,7,0,0
1.125,947.4823454093241,542.8032286320979,3.3456387611163354,1,7,0,0
1.1333333333333333,947.8527971203721,542.951603756283,3.3326629788047875,1,7,0,0
1.1416666666666666,947.4294963283584,543.2370912696969,3.350106074594786,1,7,0,0
1.15,947.465827687245,543.6368116565379,3.3626535271887237,1,7,0,0
1.1583333333333334,948.0441649824775,543.9287593619504,3.3178181664514947,1,7,0,0
1.1666666666666667,947.8958384285723,544.3061427608518,3.2980160936032235,1,7,0,0
1.175,948.0423702984499,544.1586368313202,3.300756635465552,1,7,0,0
1.1833333333333333,948.4195004666416,543.6493841284376,3.295857876615732,1,7,0,0
1.1916666666666667,947.791741223349,543.2141589449928,3.3195003694639666,1,7,0,0
1.2,947.9201970507864,543.4108625563207,3.305324239375898,1,7,0,0
1.2083333333333333,947.7335127357127,543.4093749712109,3.3197940039819036,1,7,0,0
1.2166666666666666,947.2197560097478,542.9579807500932,3.2678291209654446,1,7,0,0
1.225,946.5851782027468,543.084481122094,3.313903795959977,1,7,0,0
1.2333333333333334,946.9154412714189,543.183886042919,3.3128074073425147,1,7,0,0
1.2416666666666667,946.3221551849024,542.9498818474357,3.27303224121545,1,7,0,0
1.25,946.7927685221989,542.8045330481061,3.304298649419344,1,7,0,0
1.2583333333333333,946.1866054850477,542.2741250092589,3.303789849549369,1,7,0,0
1.2666666666666666,945.7638653440762,542.4872818027646,3.3311499912572655,1,7,0,0
1.275,945.9085103011627,541.8402629817673,3.3055077531151555,1,7,0,0
1.2833333333333334,945.2042927678286,541.8049661126986,3.319979116473254,1,7,0,0
1.2916666666666667,945.2935819049327,541.4822631024844,3.2795574116908695,1,7,0,0
1.3,945.0340331512062,541.3928446090125,3.3279696787615958,1,7,0,0
1.3083333333333333,944.1108138430393,540.6823996013205,3.307028962527922,1,7,0,0
1.3166666666666667,944.0288163751387,540.9581313741371,3.303575071104868,1,7,0,0
1.325,944.071926902095,541.0919287013187,3.2685581593607216,1,7,0,0
1.3333333333333333,943.2530926072561,540.933498424247,3.2779991787430593,1,7,0,0
1.3416666666666666,943.1274761355888,541.8783007320344,3.310589780584076,1,7,0,0
1.35,942.1605029764568,541.0104609826528,3.2867010933136096,1,7,0,0
1.3583333333333334,942.5011367974064,539.9167298529284,3.2562917146974626,1,7,0,0
1.3666666666666667,942.5396683094439,540.8324479740171,3.2798242310769834,1,7,0,0
1.375,943.7752153735933,540.9115027016893,3.291733096664159,1,7,0,0
1.3833333333333333,943.3718534562294,541.1974973150599,3.301367007111475,1,7,0,0
1.3916666666666666,944.0192256989866,540.985940745989,3.3172869458292866,1,7,0,0
1.4,944.1123607336757,540.4701527228763,3.3145234094288925,1,7,0,0
1.4083333333333334,943.8458790930947,540.2858228533171,3.320518760555313,1,7,0,0
1.4166666666666667,943.8245595552934,540.859849821573,3.2975068087183317,1,7,0,0
1.425,943.5059323275666,540.5143458917217,3.2779007282001267,1,7,0,0
1.4333333333333333,943.2664286480923,540.2519998208704,3.335924542036665,1,7,0,0
1.4416666666666667,943.5674788834904,540.3576329697948,3.271006081632405,1,7,0,0
1.45,943.4814887242414,539.537327392634,3.258594995031996,1,7,0,0
1.4583333333333333,942.8780006401546,539.0877786514595,3.3092565789983253,1,7,0,0
1.4666666666666666,942.6557279845274,538.7028700008785,3.2880191695759873,1,7,0,0
1.475,943.0347598729807,538.7283906169255,3.2712838097511447,1,7,0,0
1.4833333333333334,943.4215732861439,538.8590500648942,3.288310964108605,1,7,0,0
1.4916666666666667,942.889211418422,539.2699717928107,3.283816155577393,1,7,0,0
1.5,943.3164783441906,540.3618994090909,3.3341303315036983,1,7,0,0
1.5083333333333333,943.300798337653,540.3702348411304,3.2853264040856454,1,7,0,0
1.5166666666666666,943.0333906392401,539.6188618321113,3.2750257098875135,1,7,0,0
1.525,943.0139688141692,539.4889070133172,3.2938848136215757,1,7,0,0
1.5333333333333334,942.9573291004504,539.5716192341325,3.304962037808185,1,7,0,0
1.5416666666666667,942.5299390913203,539.4106690568926,3.260079289543987,1,7,0,0
1.55,942.5495146058249,538.7854735962404,3.2954886010258346,1,7,0,0
1.5583333333333333,942.942628877031,538.2696504022089,3.2962732677064372,1,7,0,0
1.5666666666666667,942.5124501271689,538.1545233033955,3.3038248587253296,1,7,0,0
1.575,941.9171908440139,537.8145317305758,3.29456307832529,1,7,0,0
1.5833333333333333,941.791698180635,537.9113495393094,3.3035869527594164,1,7,0,0
1.5916666666666666,941.7992656273466,537.6810661778493,3.286448945796455,1,7,0,0
1.6,941.9668900521378,537.4651749379475,3.242447719536991,1,7,0,0
1.6083333333333334,941.9605736271167,537.659361043629,3.271259154729337,1,7,0,0
1.6166666666666667,941.9438273247769,537.9985341479595,3.292369797979616,1,7,0,0
1.625,942.2668578092672,537.916742887095,3.300348770291899,1,7,0,0
1.6333333333333333,943.0726722581558,537.6584526685475,3.265749871840087,1,7,0,0
1.6416666666666666,942.8456824871213,538.0927074327269,3.305318047568848,1,7,0,0
1.65,944.0168691961308,537.7243160006726,3.280289918201237,1,7,0,0
1.6583333333333334,944.3205225659826,537.3928271956682,3.2778051664145598,1,7,0,0
1.6666666666666667,944.5623450390256,537.777488149429,3.3038340294903192,1,7,0,0
1.675,944.143229428502,537.6606208684979,3.3356481618262843,1,7,0,0
1.6833333333333333,944.2933460044605,537.4054975656054,3.275960491745467,1,7,0,0
1.6916666666666667,943.9498084400321,537.041280693594,3.275019143654374,1,7,0,0
1.7,944.250719597902,536.9194699947063,3.306433718225301,1,7,0,0
1.7083333333333333,945.0284137524585,536.9636152481115,3.3035400777195036,1,7,0,0
1.7166666666666666,944.7209873208511,537.1079278093065,3.248296357126846,1,7,0,0
1.725,944.378058448089,537.6445068249596,3.2693256652545735,1,7,0,0
1.7333333333333334,944.2152643594198,538.3936008708664,3.279860702089676,1,7,0,0
1.7416666666666667,944.6307238706216,538.2987100123104,3.3055141085727495,1,7,0,0
1.75,945.5018962500031,538.7968957859475,3.305812611073536,1,7,0,0
1.7583333333333333,946.3825393472514,538.8873591755619,3.2794967420678454,1,7,0,0
1.7666666666666666,946.4914505594693,538.9006816860766,3.291438090376475,1,7,0,0
1.775,947.1130983952322,539.7291164756657,3.2389875291320767,1,7,0,0
1.7833333333333334,946.6108440811872,539.8542679210088,3.2603525669086206,1,7,0,0
1.7916666666666667,946.007923947744,539.7663935995421,3.2617423472405966,1,7,0,0
1.8,945.2006574080424,540.0183048610779,3.289039478808959,1,7,0,0
1.8083333333333333,944.8867299766302,539.6030555165315,3.2860176506982004,1,7,0,0
1.8166666666666667,944.9448112492734,540.1614364812953,3.2786692312096055,1,7,0,0
1.825,944.1232678717284,540.7123065232664,3.3093583399497852,1,7,0,0
1.8333333333333333,944.6621072791667,540.2928874301406,3.2487934642442995,1,7,0,0
1.8416666666666666,943.3995635257604,540.4733563995079,3.2753168675909388,1,7,0,0
1.85,944.6292827002604,540.7318246293833,3.264038292802523,1,7,0,0
1.8583333333333334,944.31707177818,540.8345761117951,3.2964392405115555,1,7,0,0
1.8666666666666667,944.5531672830932,540.6119144527482,3.270557867596502,1,7,0,0
1.875,944.257153469416,540.9015436309367,3.2366987219799572,1,7,0,0
1.8833333333333333,945.114571217884,541.127277037144,3.2674727392746528,1,7,0,0
1.8916666666666666,945.2367169644644,540.8657022742861,3.3041409283130125,1,7,0,0
1.9,944.5982176451587,540.9914554812437,3.2760140041852073,1,7,0,0
1.9083333333333334,944.9350190196294,541.3395327036156,3.280574517856077,1,7,0,0
1.9166666666666667,944.8677389094278,540.9162352884301,3.252801466978028,1,7,0,0
1.925,945.1142227830823,541.3767650900398,3.2989072031994984,1,7,0,0
1.9333333333333333,945.0275528205433,540.9765708016214,3.2740089151186886,1,7,0,0
1.9416666666666667,944.856355775833,541.2150071037008,3.23560894956952,1,7,0,0
1.95,945.1641495705635,541.6688744895026,3.2906096658005857,1,7,0,0
1.9583333333333333,945.0155472203437,541.531884946546,3.2309432657334187,1,7,0,0
1.9666666666666666,945.1756212459208,541.9107695597312,3.2557288612018334,1,7,0,0
1.975,945.0286765967861,541.1547812641729,3.2512324779496042,1,7,0,0
1.9833333333333334,943.9607914812087,541.0452133465836,3.2261160937212923,1,7,0,0
1.9916666666666667,944.382175300264,541.3026111184789,3.2411445543027146,1,7,0,0
2.0,944.5684161974397,540.7554445409656,3.259251538327706,1,7,0,0
2.0083333333333333,945.673648580318,540.5510974343424,3.265382341146832,1,7,0,0
2.0166666666666666,945.7497691914039,540.8717386515324,3.256547278640599,1,7,0,0
2.025,945.5074767413698,540.5487251096853,3.2294957674030313,1,7,0,0
2.033333333333333,945.5928844728236,540.5513159535489,3.2563522186905653,1,7,0,0
2.0416666666666665,945.5285599240462,540.9873404174962,3.224066306339521,1,7,0,0
2.05,945.468348521323,540.9697828248813,3.2661174779532094,1,7,0,0
2.058333333333333,946.3447848542627,541.2469117625028,3.2429900984003215,1,7,0,0
2.066666666666667,945.6095921513235,540.9563218587294,3.2444810908400803,1,7,0,0
2.075,945.5106058368802,540.1940798205331,3.251862218403341,1,7,0,0
2.0833333333333335,945.6410541093798,540.1264450463335,3.2494900039643553,1,7,0,0
2.091666666666667,946.028235179704,539.436920288013,3.2619790459193956,1,7,0,0
2.1,946.5543918819817,539.3433129850818,3.3010104516490686,1,7,0,0
2.1083333333333334,947.0473303049342,539.7826019961241,3.2461865132907546,1,7,0,0
2.1166666666666667,946.7936210214489,540.1239116649604,3.2435968383453933,1,7,0,0
2.125,947.4628663124561,540.2943263725244,3.2092923662354558,1,7,0,0
2.1333333333333333,947.9355303180514,539.7577844684695,3.2365529109948676,1,7,0,0
2.1416666666666666,947.9577211428502,540.1321216144263,3.2404238775838237,1,7,0,0
2.15,948.7896357757292,539.6230557419565,3.2271247318907768,1,7,0,0
2.158333333333333,949.3078510715224,540.0831853291223,3.23881170875649,1,7,0,0
2.1666666666666665,949.5836439376731,540.1611211402937,3.2367378414248247,1,7,0,0
2.175,949.747312346678,539.8519431652916,3.2807028878066036,1,7,0,0
2.183333333333333,950.526998387002,539.2015143319053,3.2506441397842956,1,7,0,0
2.191666666666667,950.9095339438574,539.2681502156547,3.2355449126508544,1,7,0,0
2.2,950.2697048118544,539.8076929565685,3.245390887246351,1,7,0,0
2.2083333333333335,950.3223785307376,539.613755565315,3.2311549809460405,1,7,0,0
2.216666666666667,950.4770013674839,539.6265144995767,3.2195502608993296,1,7,0,0
2.225,951.0823990640612,539.0605295988466,3.2039884369878147,1,7,0,0
2.2333333333333334,950.1774101592684,538.8124407717874,3.2054741384076753,1,7,0,0
2.2416666666666667,950.5032682757173,538.5244112268488,3.2301468675057765,1,7,0,0
2.25,950.8239689126119,538.812434318657,3.2070971057910156,1,7,0,0
2.2583333333333333,951.5161634247884,539.0662325385026,3.217582382580554,1,7,0,0
2.2666666666666666,951.7181732492501,538.8040149343688,3.2179593996310882,1,7,0,0
2.275,952.3026732675835,538.7028171842009,3.274222482421682,1,7,0,0
2.283333333333333,952.0285202925367,538.6109718865495,3.242681920095889,1,7,0,0
2.2916666666666665,952.6534104943113,538.6995796729267,3.235232327959997,1,7,0,0
2.3,953.0617627810672,538.1300458178227,3.1603484546292133,1,7,0,0
2.308333333333333,952.6932321708163,538.3529891524565,3.2233082740222185,1,7,0,0
2.316666666666667,952.6807276871841,537.8516654177957,3.213461545164911,1,7,0,0
2.325,951.9398011133771,537.5451105336602,3.2244236496416376,1,7,0,0
2.3333333333333335,951.2099600968346,537.4262003990558,3.2129398576322465,1,7,0,0
2.341666666666667,950.4173435028989,537.6328693529819,3.239842217052682,1,7,0,0
2.35,951.1806247254483,537.4752052972846,3.2070870634669975,1,7,0,0
2.3583333333333334,950.8028734827341,537.8012832157566,3.2462620930222243,1,7,0,0
2.3666666666666667,951.4040645579892,537.884627308338,3.21819129063327,1,7,0,0
2.375,951.2877809773157,537.4355931682946,3.2168353779382604,1,7,0,0
2.3833333333333333,952.0125473267957,537.1562743919859,3.2100168242549834,1,7,0,0
2.3916666666666666,952.3308371906166,536.7448795516797,3.2438094311207037,1,7,0,0
2.4,952.7549039388061,537.3731469142715,3.2303460511474205,1,7,0,0
2.408333333333333,952.4729050836455,537.1268083103342,3.179260340271009,1,7,0,0
2.4166666666666665,952.4586337174266,536.911385698449,3.2335414734288017,1,7,0,0
2.425,952.0449733404405,537.7020113074132,3.2061968813731205,1,7,0,0
2.433333333333333,952.0064866901114,537.5640084203721,3.2104719198933043,1,7,0,0
2.441666666666667,951.7223391775495,537.9958001305542,3.1793967116105324,1,7,0,0
2.45,952.0018398068502,537.4822627135973,3.178469572821045,1,7,0,0
2.4583333333333335,951.876199447582,536.9407800392185,3.193306277494022,1,7,0,0
2.466666666666667,952.5358050411668,536.6376696603503,3.221016603496966,1,7,0,0
2.475,952.2388294709681,536.8968510652494,3.210842486885537,1,7,0,0
2.4833333333333334,951.5357819432545,536.3358916975376,3.1846817655348443,1,7,0,0
2.4916666666666667,951.8093350998846,536.9311675184678,3.2050432704180913,1,7,0,0
2.5,951.5898381086986,537.2103495583098,3.20000310806637,1,7,0,0
2.5083333333333333,952.4347295394379,536.9978592706655,3.1917439214208234,1,7,0,0
2.5166666666666666,951.9609709639294,536.6934134284062,3.2166029513860397,1,7,0,0
2.525,952.0779766161808,537.644651627582,3.19736244070376,1,7,0,0
2.533333333333333,952.3851451693223,537.1798956920304,3.2228722033484445,1,7,0,0
2.5416666666666665,951.9450819100599,537.2302926098904,3.2107372859626553,1,7,0,0
2.55,952.6894962843891,536.9207716907276,3.17975718060898,1,7,0,0
2.558333333333333,952.622709710717,537.6000849291324,3.1775612179734343,1,7,0,0
2.566666666666667,952.0544987995542,537.8029509000993,3.1684983631915746,1,7,0,0
2.575,952.4803851217673,538.1666085556691,3.1829471121643684,1,7,0,0
2.5833333333333335,951.8110669890302,537.9424177405739,3.17532041083681,1,7,0,0
2.591666666666667,952.4479193215548,538.1088888244547,3.1518343642380695,1,7,0,0
2.6,952.7272416502083,538.5184756020877,3.1723454573597842,1,7,0,0
2.6083333333333334,952.1414498793124,538.8659405625216,3.1828136323823975,1,7,0,0
2.6166666666666667,951.9318006263001,539.0771463291109,3.2028916987953293,1,7,0,0
2.625,952.0306656562956,539.2149176750324,3.1866880188632467,1,7,0,0
2.6333333333333333,951.9305369950886,539.2374587423263,3.1891446514972124,1,7,0,0
2.6416666666666666,951.4458684549218,539.2030246987864,3.175750555041114,1,7,0,0
2.65,951.5047489052248,539.3766864685194,3.1852431076062935,1,7,0,0
2.658333333333333,951.5246467735635,540.2250104779217,3.1879728058443213,1,7,0,0
2.6666666666666665,951.3719513579828,540.2224042583747,3.130087809109,1,7,0,0
2.675,951.1974940351787,539.8542378841427,3.1839323250828713,1,7,0,0
2.683333333333333,951.0867798378687,539.668684915435,3.1833599545362254,1,7,0,0
2.691666666666667,950.6099853815447,539.6225641332067,3.2060020625493815,1,7,0,0
2.7,950.6561483616566,540.5073082666692,3.1850921204185774,1,7,0,0
2.7083333333333335,949.8971417361723,540.1533473462351,3.187637187458623,1,7,0,0
2.716666666666667,949.4512591558774,540.1834241451642,3.2001838268315703,1,7,0,0
2.725,949.9168067323973,540.1140507470112,3.150971762353391,1,7,0,0
2.7333333333333334,950.2138818578073,540.6462399087529,3.1719203108849796,1,7,0,0
2.7416666666666667,949.7809421962522,539.757161523238,3.1481927306001873,1,7,0,0
2.75,949.9127720596301,540.3643153551598,3.1999050435414205,1,7,0,0
2.7583333333333333,950.03053050093,540.9293096951121,3.172678016704341,1,7,0,0
2.7666666666666666,949.6946374652758,541.0876610808211,3.176891563592404,1,7,0,0
2.775,950.6304640054343,540.9744406864015,3.133677862844344,1,7,0,0
2.783333333333333,950.5923429551373,541.3447715742385,3.1838829271373132,1,7,0,0
2.7916666666666665,950.0407086793285,542.2644080826924,3.1829425893396435,1,7,0,0
2.8,949.8280440302709,541.7079487831246,3.1410947886719693,1,7,0,0
2.808333333333333,950.0537617258258,541.4173605522511,3.1881145344479718,1,7,0,0
2.816666666666667,949.9974885096315,542.9223442090364,3.162839956355716,1,7,0,0
2.825,949.9237687109597,542.9676358582905,3.1180541551767256,1,7,0,0
2.8333333333333335,950.3212303573171,542.8265308905362,3.150070277837109,1,7,0,0
2.841666666666667,950.1386472662925,542.2564121369853,3.1600334429312484,1,7,0,0
2.85,950.1918242385461,542.2252219172966,3.1995725418340846,1,7,0,0
2.8583333333333334,950.41141553725,543.0869244108067,3.154534157889829,1,7,0,0
2.8666666666666667,951.0280537815371,542.5771673950338,3.1381782574581107,1,7,0,0
2.875,952.5920168216262,542.9903199917757,3.140124246357021,1,7,0,0
2.8833333333333333,953.0706155086914,543.6809906793907,3.123862419331426,1,7,0,0
2.8916666666666666,952.755629109274,543.603094159778,3.1916021539401727,1,7,0,0
2.9,952.3763780328713,544.0003667173368,3.137180662071037,1,7,0,0
2.908333333333333,953.0347524155823,543.7711388586519,3.1525081952580827,1,7,0,0
2.9166666666666665,953.0439518788044,544.6245595177403,3.1230366726924226,1,7,0,0
2.925,953.5491830081605,544.7916074317565,3.147963835350778,1,7,0,0
2.933333333333333,953.8522004957441,544.1210519938901,3.1398649473106555,1,7,0,0
2.941666666666667,954.2167254649735,544.4311293637486,3.1204285801908096,1,7,0,0
2.95,955.1732135074042,545.4473399688894,3.1594009884054706,1,7,0,0
2.9583333333333335,954.4752148676596,544.9972679857757,3.158863485271308,1,7,0,0
2.966666666666667,954.5309124526143,544.8989433007869,3.1431688729163327,1,7,0,0
2.975,953.6065442922022,545.1906303142011,3.1339256752674967,1,7,0,0
2.9833333333333334,953.3149682549905,545.5777984918528,3.1382524954874995,1,7,0,0
2.9916666666666667,953.5368299301729,545.3936216852247,3.163732726779775,1,7,0,0
3.0,953.8611200152455,544.9077998502142,3.193990903901266,1,7,0,0
3.0083333333333333,954.129265694771,544.4986651013353,3.1395253500656177,1,7,0,0
3.0166666666666666,954.5234739726557,544.8183002984235,3.1239753644337553,1,7,0,0
3.025,954.9296111592134,544.0973920061369,3.1366723624385555,1,7,0,0
3.033333333333333,954.9121527588742,543.739678043911,3.121168964526767,1,7,0,0
3.0416666666666665,954.9386222506708,543.7982805056712,3.175275813727173,1,7,0,0
3.05,955.2300839165902,543.4611718768124,3.154536827549795,1,7,0,0
3.058333333333333,955.5020111163094,542.5815694393215,3.127309313773782,1,7,0,0
3.066666666666667,955.6985036456904,542.4548738832567,3.163196737398849,1,7,0,0
3.075,955.38665408632,542.4947725592214,3.168643250856051,1,7,0,0
3.0833333333333335,955.7044686770973,543.9034735143199,3.1369239043477677,1,7,0,0
3.091666666666667,955.3222679643069,544.5350672952811,3.1295331493629215,1,7,0,0
3.1,955.8764468815328,543.4327662644621,3.125613171130335,1,7,0,0
3.1083333333333334,955.5077167693992,543.4881619947913,3.1115303209017804,1,7,0,0
3.1166666666666667,955.6430696054197,544.0634131156974,3.1510864332643562,1,7,0,0
3.125,955.4247827865677,542.9434965705655,3.116722569552023,1,7,0,0
3.1333333333333333,955.9034088828588,543.2458261993376,3.098652705419655,1,7,0,0
3.1416666666666666,956.2336342684399,543.5125151844477,3.135948887899169,1,7,0,0
3.15,956.515069338467,543.9187643694853,3.096138674939904,1,7,0,0
3.158333333333333,956.7787687822935,544.0709237644505,3.131584025916039,1,7,0,0
3.1666666666666665,956.8823094563188,543.6556245005318,3.140611432985048,1,7,0,0
3.175,955.8853512084874,543.6855234295173,3.136005458882283,1,7,0,0
3.183333333333333,955.7932321883643,543.6575888980416,3.1350629990372703,1,7,0,0
3.191666666666667,955.1038937232066,544.2276868166193,3.1465947170883886,1,7,0,0
3.2,956.1637033514896,543.3354217942765,3.1327773532933367,1,7,0,0
3.2083333333333335,956.3083681831489,543.5989151290765,3.1558202756798917,1,7,0,0
3.216666666666667,956.4130018397622,543.4835516994315,3.1553150694806287,1,7,0,0
3.225,956.4863413641253,543.430549313797,3.0942010505890036,1,7,0,0
3.2333333333333334,956.3615707216595,542.6479121133731,3.1237455039571973,1,7,0,0
3.2416666666666667,955.9524531735436,543.2780822162816,3.0965970948568846,1,7,0,0
3.25,955.1218615075713,542.895155795101,3.1121008890354553,1,7,0,0
3.2583333333333333,954.8102359133691,542.7427506533219,3.0958753938847985,1,7,0,0
3.2666666666666666,955.3279129616061,541.8266067175424,3.126707494161983,1,7,0,0
3.275,957.0533151068277,542.2772146696316,3.099801487304771,1,7,0,0
3.283333333333333,956.9113489536517,542.0803101664344,3.1333615844109537,1,7,0,0
3.2916666666666665,956.4667695629811,541.590519700544,3.1224718221831944,1,7,0,0
3.3,956.5715915773827,540.9921237739521,3.114161299634246,1,7,0,0
3.308333333333333,955.643476338612,540.6880392745358,3.098345559016131,1,7,0,0
3.316666666666667,955.6967447487293,540.6817158519444,3.118764421879769,1,7,0,0
3.325,498.94631227215825,687.9750319546189,3.133756247487669,1,7,0,0
3.3333333333333335,498.5872501732315,687.7205797798338,3.099786858714203,1,7,0,0
3.341666666666667,956.0507076190063,539.4697284432438,3.1112922327305492,1,7,0,0
3.35,955.6672848879629,538.6215481472382,3.109303398550302,1,7,0,0
3.3583333333333334,955.6033724175867,539.6101488439226,3.0971396608984083,1,7,0,0
3.3666666666666667,955.4685916980618,540.0221194453155,3.143142927655345,1,7,0,0
3.375,955.7169074049272,539.325823718159,3.10544434530252,1,7,0,0
3.3833333333333333,955.3394981690161,539.2094785629727,3.072142373643598,1,7,0,0
3.3916666666666666,954.7115053344821,539.8427400516458,3.09989600423518,1,7,0,0
3.4,953.8183044846818,539.8263379113349,3.1018696700280755,1,7,0,0
3.408333333333333,953.4690456375114,539.3206723919218,3.1130214012265185,1,7,0,0
3.4166666666666665,953.8683276439781,538.220264238072,3.0940121333097483,1,7,0,0
3.425,954.3751816460301,538.2620579738066,3.112418737083661,1,7,0,0
3.433333333333333,954.062327337391,538.2512836928717,3.110048298120228,1,7,0,0
3.441666666666667,954.2116886150288,538.8828703172794,3.130681376714193,1,7,0,0
3.45,953.6310965637098,538.8112358350547,3.1418176640009623,1,7,0,0
3.4583333333333335,953.8048718305203,538.6388916885865,3.102051519484367,1,7,0,0
3.466666666666667,953.6078165028953,538.2815349261413,3.1213699118662586,1,7,0,0
3.475,953.5530596053136,538.1951325175852,3.0942540535980783,1,7,0,0
3.4833333333333334,952.9030832150448,538.6746756339163,3.110242291120438,1,7,0,0
3.4916666666666667,952.8356813792602,538.8799586382991,3.0906675107740744,1,7,0,0
3.5,952.3212005702991,539.3077882781997,3.1328174424056674,1,7,0,0
3.5083333333333333,952.5980892545447,539.2132400174602,3.12479166756288,1,7,0,0
3.5166666666666666,952.7144470107204,539.9674279122027,3.118697625343467,1,7,0,0
3.525,952.4990443708957,540.2968011999008,3.1021751749744118,1,7,0,0
3.533333333333333,953.204492485357,540.424285821556,3.111509875870449,1,7,0,0
3.5416666666666665,953.7109473187171,540.6168832005117,3.0852554577411597,1,7,0,0
3.55,954.0328454275285,540.7091427046266,3.0907477240959427,1,7,0,0
3.558333333333333,954.833455202299,541.4329179019397,3.081605200447834,1,7,0,0
3.566666666666667,458.37471506775773,748.5756093177862,3.1369219221447247,1,7,0,0
3.575,457.76088760877064,749.4407155284346,3.1069625366938878,1,7,0,0
3.5833333333333335,954.3548294076987,542.7052085799047,3.1203649673440705,1,7,0,0
3.591666666666667,955.2057986083371,542.5107308809736,3.066664648717146,1,7,0,0
3.6,954.9632522125215,542.8251341469056,3.0925836197003034,1,7,0,0
3.6083333333333334,954.7481386151902,543.3447507753599,3.1056407053383923,1,7,0,0
3.6166666666666667,954.9351761271705,543.31154570498,3.0923139660854657,1,7,0,0
3.625,954.6815119801053,542.8761568359898,3.1200602332211194,1,7,0,0
3.6333333333333333,954.6239738192102,542.6872888429574,3.0806018947047065,1,7,0,0
3.6416666666666666,955.2766675328003,543.0076737554541,3.0821834809676587,1,7,0,0
3.65,955.513181481994,542.5035600503821,3.1211445820972292,1,7,0,0
3.658333333333333,955.2764609663834,543.1071709795319,3.08990904626851,1,7,0,0
3.6666666666666665,956.1303188875589,543.420413745227,3.0853918193058454,1,7,0,0
3.675,955.6509132191662,542.9840782414063,3.1087167649438916,1,7,0,0
3.683333333333333,955.9581055970634,543.8602342653304,3.1110158181109373,1,7,0,0
3.691666666666667,955.8614027993978,543.1092839507919,3.1016791013496783,1,7,0,0
3.7,956.1325096072625,543.0553086880054,3.0721685720207317,1,7,0,0
3.7083333333333335,955.5963116499581,543.8427310917676,3.11660295775943,1,7,0,0
3.716666666666667,955.5517234888522,542.813647675347,3.108983126616954,1,7,0,0
3.725,956.0623088320889,543.3281321200727,3.151500323785041,1,7,0,0
3.7333333333333334,956.2758456420514,543.7719889492441,3.1244831830596076,1,7,0,0
3.7416666666666667,956.5376003745887,543.4643732684631,3.113506600100023,1,7,0,0
3.75,956.9388165729019,542.8989121242258,3.1382874018244062,1,7,0,0
3.7583333333333333,956.6814826449358,542.9533974549781,3.0888391894212073,1,7,0,0
3.7666666666666666,955.9646143378671,543.5312298565401,3.1096941838686236,1,7,0,0
3.775,955.5914153146306,542.4155802216917,3.0864838564377153,1,7,0,0
3.783333333333333,955.3919857489593,542.5391276011156,3.111113854122435,1,7,0,0
3.7916666666666665,955.4013460769469,542.5209614724447,3.0787306821010607,1,7,0,0
3.8,955.4888843955674,543.0401051366537,3.107637280612424,1,7,0,0
3.808333333333333,955.2782912711766,542.898599986216,3.1317165009908217,1,7,0,0
3.816666666666667,954.6890087043208,543.4561093828053,3.117202210092236,1,7,0,0
3.825,953.717959200954,543.6131458974096,3.1132458707798376,1,7,0,0
3.8333333333333335,953.5403489541362,543.0138042587865,3.1086785725373147,1,7,0,0
3.841666666666667,953.3022636410578,542.6623464656964,3.096943179385449,1,7,0,0
3.85,953.188810145295,542.6654650126202,3.113062253521741,1,7,0,0
3.8583333333333334,952.7280464912498,542.3601115545075,3.0828398596253197,1,7,0,0
3.8666666666666667,952.0711023188709,542.0251989479125,3.1081130155040686,1,7,0,0
3.875,951.5719678146797,542.2252273752782,3.077588627540003,1,7,0,0
3.8833333333333333,950.845412335001,541.5788357026519,3.132532211529207,1,7,0,0
3.8916666666666666,950.8431938621851,541.9254532284624,3.10759661230834,1,7,0,0
3.9,950.8335156307301,542.6663722543127,3.090313172103953,1,7,0,0
3.908333333333333,949.9683667238747,541.6353928385785,3.1021982691575847,1,7,0,0
3.9166666666666665,949.5317769096814,541.5976354902177,3.1020411196305138,1,7,0,0
3.925,949.8435725787274,541.8117391411711,3.131161257745796,1,7,0,0
3.933333333333333,949.3600080882611,542.2333941981217,3.096388902551198,1,7,0,0
3.941666666666667,948.1458159350958,542.9376321633888,3.1067734103075257,1,7,0,0
3.95,948.3803402619267,542.4494983441955,3.1332183699236373,1,7,0,0
3.9583333333333335,948.1408045482505,542.6785921207388,3.073890639112125,1,7,0,0
3.966666666666667,948.4587111533967,542.9842553758773,3.092272161684129,1,7,0,0
3.975,948.6427542996478,543.3660778177981,3.086879580988471,1,7,0,0
3.9833333333333334,949.5224148607226,543.3953327823873,3.101763925411307,1,7,0,0
3.9916666666666667,949.8024332466989,543.3301649082482,3.104366015040097,1,7,0,0
4.0,949.4006498112553,542.1941257199496,3.12178063407912,1,7,0,0
4.008333333333334,949.0372731227911,541.9374196944947,3.1118347174823326,1,7,0,0
4.016666666666667,948.8761964906988,542.1922050119139,3.129822606471347,1,7,0,0
4.025,948.8029502721864,541.7938341676856,3.0778205760918613,1,7,0,0
4.033333333333333,948.186582339927,541.6884575291616,3.102207616023313,1,7,0,0
4.041666666666667,948.1606587016121,541.9920356592985,3.120465627056999,1,7,0,0
4.05,947.8084344108678,542.3077123597918,3.0857901046230536,1,7,0,0
4.058333333333334,947.6866199269315,541.3415865930708,3.102916036835427,1,7,0,0
4.066666666666666,947.0622423119895,540.4142317638651,3.0996360090006347,1,7,0,0
4.075,947.2830230850639,539.9092538945118,3.1343872674846067,1,7,0,0
4.083333333333333,947.0075277157315,539.7700556137806,3.1046673926390325,1,7,0,0
4.091666666666667,947.2622502111784,538.9866786144448,3.1305364426422115,1,7,0,0
4.1,947.6482475911924,539.2367280964962,3.109911451642418,1,7,0,0
4.108333333333333,947.4411495802442,538.8633975548003,3.07684048610377,1,7,0,0
4.116666666666666,947.8717693955222,539.2017727035243,3.1182025863221563,1,7,0,0
4.125,946.7603488068607,538.9305498259503,3.1128749157312394,1,7,0,0
4.133333333333334,946.7232712051008,539.532504947536,3.113686602515131,1,7,0,0
4.141666666666667,946.8895227234814,538.8412506819899,3.1113147626375692,1,7,0,0
4.15,947.4491406476877,539.3124364126824,3.103657012122187,1,7,0,0
4.158333333333333,948.1143017957601,538.9455044839299,3.1337385368857333,1,7,0,0
4.166666666666667,948.0810852808614,538.6546852732382,3.08006422864871,1,7,0,0
4.175,948.2186723098176,538.90130963569,3.1012415742988813,1,7,0,0
4.183333333333334,948.5262387887714,539.2081929196692,3.1076268059895527,1,7,0,0
4.191666666666666,948.0331076429691,539.7760819891008,3.110307189140959,1,7,0,0
4.2,947.7088641680461,540.6993114980987,3.1349622743038204,1,7,0,0
4.208333333333333,947.1188544232328,541.5021412517316,3.103383714050826,1,7,0,0
4.216666666666667,947.4056619703267,541.8056306242523,3.119917236343796,1,7,0,0
4.225,947.1692780476998,541.5212174013781,3.117356612916261,1,7,0,0
4.233333333333333,947.4279013516443,541.6487394908983,3.146480974949249,1,7,0,0
4.241666666666666,947.448780083468,541.9917718224169,3.1193928757267635,1,7,0,0
4.25,947.8677446202885,542.6570342480662,3.1114655695661617,1,7,0,0
4.258333333333334,947.6246303698473,542.8745181699048,3.107598519022633,1,7,0,0
4.266666666666667,946.7197791451982,542.5930949542676,3.10573605961887,1,7,0,0
4.275,946.0910737271282,542.085707960827,3.1211766365705484,1,7,0,0
4.283333333333333,945.7751582192036,542.5997125438697,3.1128577063240837,1,7,0,0
4.291666666666667,946.0368489338925,543.2734140450596,3.0991414144930225,1,7,0,0
4.3,946.4898604709823,543.0761391504184,3.11825989932323,1,7,0,0
4.308333333333334,947.2213280509458,543.2593762424743,3.122395401605597,1,7,0,0
4.316666666666666,947.0340545422673,543.200615729513,3.1294125223351035,1,7,0,0
4.325,947.18256216041,543.0424802739714,3.121134771064004,1,7,0,0
4.333333333333333,947.4245382158581,541.9367743247391,3.1542901583692187,1,7,0,0
4.341666666666667,947.5267984101746,542.3261543186194,3.138465976148101,1,7,0,0
4.35,946.9806928633095,542.3692824047893,3.129020906781038,1,7,0,0
4.358333333333333,946.8147879105276,542.5041735908437,3.1451463757294134,1,7,0,0
4.366666666666666,946.4953536399876,542.6333586225985,3.1371745592937694,1,7,0,0
4.375,946.4460136171625,543.0259670978919,3.1766429155583795,1,7,0,0
4.383333333333334,945.9552720926357,543.4455765058399,3.136595628917016,1,7,0,0
4.391666666666667,946.6042449762444,543.1205702657878,3.120788494802422,1,7,0,0
4.4,946.7492944356364,543.1606025206285,3.1130903733727573,1,7,0,0
4.408333333333333,946.8210563497925,543.368958467743,3.102717954860713,1,7,0,0
4.416666666666667,946.6311210281644,544.1162264022919,3.09899779293034,1,7,0,0
4.425,946.4760286922606,544.2470885248654,3.1115005072760367,1,7,0,0
4.433333333333334,946.7418612797796,543.8111076197305,3.154150404096866,1,7,0,0
4.441666666666666,946.6860362098648,544.7058849216145,3.100495674444769,1,7,0,0
4.45,946.843249864683,544.208810654372,3.1203654543543276,1,7,0,0
4.458333333333333,947.7440461194228,544.2036808465039,3.1282799255727336,1,7,0,0
4.466666666666667,947.5599000799821,544.5359273994795,3.1526472251266977,1,7,0,0
4.475,947.5590434467663,545.1330622670511,3.1398079189174397,1,7,0,0
4.483333333333333,947.4215516204216,545.6149007892922,3.1247282060854777,1,7,0,0
4.491666666666666,947.826921963354,544.8597885357055,3.146921082608844,1,7,0,0
4.5,948.1828171217592,545.1645181444559,3.132080260069762,1,7,0,0
4.508333333333334,949.0039351191606,544.8141106101967,3.1721930989631306,1,7,0,0
4.516666666666667,949.0050700014593,545.4991469506632,3.139206964732741,1,7,0,0
4.525,949.7543177853432,545.5715630235524,3.1488018431997276,1,7,0,0
4.533333333333333,949.710223789673,545.9753139111175,3.114704646683837,1,7,0,0
4.541666666666667,950.4591257708952,545.4836992379678,3.165292741699936,1,7,0,0
4.55,950.0631477102316,546.2695543973407,3.144398533040117,1,7,0,0
4.558333333333334,950.2399804611396,546.3580412435443,3.143769433242716,1,7,0,0
4.566666666666666,950.3290257045641,546.3758912700533,3.1461885907515152,1,7,0,0
4.575,950.7027730209936,547.278430844816,3.1577015813543103,1,7,0,0
4.583333333333333,950.8691423724936,546.5510177245887,3.147224533583418,1,7,0,0
4.591666666666667,951.4531189864097,546.351127458553,3.138122042062296,1,7,0,0
4.6,951.4300700207177,546.5574287617637,3.136119297632503,1,7,0,0
4.608333333333333,951.0461397510205,546.6983648794107,3.1418469103568016,1,7,0,0
4.616666666666666,951.0022198984182,546.6939839272145,3.1414809662204215,1,7,0,0
4.625,950.2802969152993,546.8454868007975,3.147550351126524,1,7,0,0
4.633333333333334,950.4806666735695,546.5242508408385,3.153866452152798,1,7,0,0
4.641666666666667,950.4506128367625,546.2279147788772,3.1662150315063,1,7,0,0
4.65,950.8696931893269,546.0317412536041,3.1655299872899825,1,7,0,0
4.658333333333333,950.8852647325477,545.9040871260213,3.1921426872137273,1,7,0,0
4.666666666666667,951.2105683369641,546.167799752795,3.1513969442249308,1,7,0,0
4.675,951.6390195744333,545.9282961508638,3.1681594089828713,1,7,0,0
4.683333333333334,951.9339634206196,546.7542268145943,3.146799073548307,1,7,0,0
4.691666666666666,951.4642838312724,546.9511846969998,3.2056743206497873,1,7,0,0
4.7,951.5330866440929,547.3051299105597,3.1797068051047193,1,7,0,0
4.708333333333333,951.8982732216073,546.9674568034307,3.163079474296448,1,7,0,0
4.716666666666667,951.0842205695658,546.7673644295995,3.1680377226092316,1,7,0,0
4.725,950.7325872419441,547.2766900595788,3.1480820893435117,1,7,0,0
4.733333333333333,950.5239681857373,546.9689416866655,3.200936190625369,1,7,0,0
4.741666666666666,950.1482617303063,547.6485272260375,3.1427359837372513,1,7,0,0
4.75,950.5306536417295,547.8601794801257,3.134465484301418,1,7,0,0
4.758333333333334,949.7133021795477,547.47525049736,3.1719275447871493,1,7,0,0
4.766666666666667,950.1404337950253,547.489490202452,3.171176564381351,1,7,0,0
4.775,950.1313352076648,547.0497208855899,3.21229687670849,1,7,0,0
4.783333333333333,950.4361688088001,546.4275153014132,3.175351535849169,1,7,0,0
4.791666666666667,950.7505697348639,546.9367289564417,3.1735224187814515,1,7,0,0
4.8,950.666808493267,547.0329274812698,3.159925333858625,1,7,0,0
4.808333333333334,950.5413793135247,546.7460076020075,3.1854601761138888,1,7,0,0
4.816666666666666,950.2295253218615,546.4601257365323,3.1840072194521154,1,7,0,0
4.825,950.2062211525546,546.1902840648199,3.159946207594004,1,7,0,0
4.833333333333333,950.0221931899057,547.2012071433024,3.2102394473104714,1,7,0,0
4.841666666666667,950.2019392142302,546.0063369712409,3.22653232525205,1,7,0,0
4.85,951.3050601883162,545.8087007581281,3.173842713386803,1,7,0,0
4.858333333333333,951.8520698647712,546.5634125437786,3.196740556383154,1,7,0,0
4.866666666666666,951.2090402870433,546.7202164207185,3.1981406236029577,1,7,0,0
4.875,950.8020069973948,546.5824915045441,3.1905678541001823,1,7,0,0
4.883333333333334,951.162200208459,547.0195968682292,3.1677266542590727,1,7,0,0
4.891666666666667,952.471192091046,546.4856052883325,3.1599122541363576,1,7,0,0
4.9,951.8817578988875,546.4641526831965,3.1725646487611425,1,7,0,0
4.908333333333333,951.6027891540605,546.3661535961836,3.187454047938212,1,7,0,0
4.916666666666667,951.3122693542172,545.7022526632819,3.1987774400242155,1,7,0,0
4.925,951.6456494500458,545.7356187995215,3.180080876462994,1,7,0,0
4.933333333333334,951.525420240255,545.3763682733334,3.143130657390584,1,7,0,0
4.941666666666666,951.6657748118062,545.4638826518702,3.190052876192752,1,7,0,0
4.95,951.6232801171675,544.3518810645583,3.1956435609941525,1,7,0,0
4.958333333333333,951.0366367927998,544.6613258526937,3.18908073636784,1,7,0,0
4.966666666666667,951.1462875065844,544.5465542180033,3.216323775033262,1,7,0,0
4.975,951.4097677335051,544.4782982836657,3.1972949584250676,1,7,0,0
4.983333333333333,951.7935825004464,543.7909966552671,3.1987388127923135,1,7,0,0
4.991666666666666,951.3539879526908,543.1199739492652,3.210286427076767,1,7,0,0
5.0,951.6676907304405,543.4316765177091,3.197483088710978,1,7,0,0
5.008333333333334,952.2000675261273,543.2389136624481,3.2064360978878885,1,7,0,0
5.016666666666667,952.7875462871144,543.142018041173,3.1885129419822724,1,7,0,0
5.025,952.495836081318,543.6762323254018,3.2193846421828183,1,7,0,0
5.033333333333333,951.6911750747967,543.6254373916017,3.1539538059016254,1,7,0,0
5.041666666666667,951.9011470536034,543.5592690730515,3.200784127155879,1,7,0,0
5.05,951.3782850144165,543.305847398952,3.230808436525185,1,7,0,0
5.058333333333334,951.0494119668382,542.6884199706482,3.2040733261313914,1,7,0,0
5.066666666666666,951.6323697303935,542.6732037210161,3.176109452557841,1,7,0,0
5.075,951.4148504412885,542.4366751338661,3.219683849601902,1,7,0,0
5.083333333333333,951.1024307848032,542.0204482231557,3.2627680956079517,1,7,0,0
5.091666666666667,951.8820931661327,541.810329504139,3.1988586785794197,1,7,0,0
5.1,951.6413903863285,541.3451916986277,3.1854881814322744,1,7,0,0
5.108333333333333,951.6087252878593,541.3711872951953,3.2251732738616194,1,7,0,0
5.116666666666666,951.5500993494026,541.2206442264971,3.2042381239367668,1,7,0,0
5.125,951.7727565773314,541.8980254793737,3.2021641235923006,1,7,0,0
5.133333333333334,952.2332850120662,541.0556020311842,3.2008506803266203,1,7,0,0
5.141666666666667,953.0867064092494,540.6718474191415,3.193542083373,1,7,0,0
5.15,953.2773083599625,540.8951242372538,3.164794922148244,1,7,0,0
5.158333333333333,952.9334533143295,540.4816698367249,3.2033219139079345,1,7,0,0
5.166666666666667,952.1882756366986,541.2491734987075,3.2033550176512295,1,7,0,0
5.175,952.5496250058288,541.8387913878004,3.208115156739135,1,7,0,0
5.183333333333334,952.5279307145073,541.8151835528686,3.2091406142266625,1,7,0,0
5.191666666666666,952.818554675189,541.5732827259985,3.219123900338789,1,7,0,0
5.2,952.6839508651437,541.3309726647658,3.213178517435801,1,7,0,0
5.208333333333333,954.0274693092832,540.8839133787542,3.23122872104878,1,7,0,0
5.216666666666667,954.4056317380547,540.2096662782154,3.1913829970658805,1,7,0,0
5.225,953.8362888158753,540.8121298361415,3.223303590193875,1,7,0,0
5.233333333333333,954.3343429648838,541.1515538383073,3.234137329936011,1,7,0,0
5.241666666666666,953.5035404988729,541.482419209,3.2427838978888057,1,7,0,0
5.25,952.7845198562702,541.3139743656318,3.2036501208286903,1,7,0,0
5.258333333333334,952.629394671976,540.8810879563472,3.2117042355492886,1,7,0,0
5.266666666666667,952.5194341388205,540.9238805428729,3.2624167334765546,1,7,0,0
5.275,951.7291220215217,540.5564246759482,3.2119360054296453,1,7,0,0
5.283333333333333,952.2191453962946,540.5352591620103,3.2495632220589425,1,7,0,0
5.291666666666667,952.6820122018875,540.2029735381032,3.2374446617883375,1,7,0,0
5.3,951.9117782769781,540.2731435438856,3.252100954697827,1,7,0,0
5.308333333333334,951.1814450367999,539.6292141236996,3.2368297190134387,1,7,0,0
5.316666666666666,950.992067659305,539.6234896268913,3.2466010045976885,1,7,0,0
5.325,950.651395415475,539.8978402975667,3.247461157892005,1,7,0,0
5.333333333333333,951.0378120320972,538.9417804559757,3.2243891560960223,1,7,0,0
5.341666666666667,950.4602308726827,538.9374843899928,3.2281197490103306,1,7,0,0
5.35,950.3410362221157,539.4259941442978,3.25538956543033,1,7,0,0
5.358333333333333,950.3502708510287,539.029516247536,3.240681473237423,1,7,0,0
5.366666666666666,950.2687423085022,538.7780701048724,3.2845077681823747,1,7,0,0
5.375,950.4067457538665,539.000346905387,3.224368304443989,1,7,0,0
5.383333333333334,951.3436972258359,539.3934701817983,3.2576759311478485,1,7,0,0
5.391666666666667,951.9621632181075,539.3334886677285,3.2477929518526523,1,7,0,0
5.4,951.1014370549652,538.4334698528686,3.2341189203227065,1,7,0,0
5.408333333333333,950.9842596384873,538.4861163960805,3.2559773319501097,1,7,0,0
5.416666666666667,950.9130038900641,539.1276292053542,3.2426571191597477,1,7,0,0
5.425,946.0629210634113,702.746365390539,3.255180171943186,1,7,0,0
5.433333333333334,946.1698071844688,702.4313792199132,3.2342667086189096,1,7,0,0
5.441666666666666,951.7086257582155,538.5678360491756,3.27292513529526,1,7,0,0
5.45,952.3109281183291,539.2444615211997,3.239697348406185,1,7,0,0
5.458333333333333,952.3229032889296,539.6686627760618,3.278531878562921,1,7,0,0
5.466666666666667,952.1231504588712,539.8114530134932,3.264873413385987,1,7,0,0
5.475,952.4589802119318,539.4282638833555,3.318069651842396,1,7,0,0
5.483333333333333,952.2320379091545,539.0533976913601,3.2980001802625987,1,7,0,0
5.491666666666666,952.2763371411588,539.5303949675522,3.2923638958926538,1,7,0,0
5.5,951.4898090008496,539.9874845700953,3.219950986277756,1,7,0,0
5.508333333333334,952.6537205853446,540.5021283047214,3.265998836449278,1,7,0,0
5.516666666666667,952.1213154938074,540.57536265225,3.259549052777483,1,7,0,0
5.525,952.6972207340706,541.4589361708365,3.297945995373266,1,7,0,0
5.533333333333333,951.7627770588597,542.0262324497279,3.301182648573439,1,7,0,0
5.541666666666667,950.907531607702,542.1273968522052,3.2932605533869093,1,7,0,0
5.55,950.5848410721818,542.5942362631481,3.2822302223084705,1,7,0,0
5.558333333333334,950.4167146463939,542.2989776284878,3.2990144257886844,1,7,0,0
5.566666666666666,950.5911978302717,541.3512904149362,3.296251740891212,1,7,0,0
5.575,950.6513808793674,542.291776700828,3.281438130801686,1,7,0,0
5.583333333333333,950.7488567796867,542.3891883331976,3.28823457503608,1,7,0,0
5.591666666666667,951.1045942484708,541.7704543386044,3.312911311516467,1,7,0,0
5.6,951.449098275616,541.2319717998811,3.3160078119278773,1,7,0,0
5.608333333333333,951.8911685048539,541.290339981659,3.324495076263946,1,7,0,0
5.616666666666666,951.8193876193579,540.8986155709282,3.315780322610499,1,7,0,0
5.625,952.4138800950534,540.7915475377011,3.3103166810402,1,7,0,0
5.633333333333334,951.7498006630971,540.7544795700377,3.3530261757442177,1,7,0,0
5.641666666666667,951.2521193599748,540.9596482326983,3.3140102363933823,1,7,0,0
5.65,950.6088466325784,541.3763462854693,3.3572145713392962,1,7,0,0
5.658333333333333,950.0597150952237,542.1558096390419,3.341571194988461,1,7,0,0
5.666666666666667,949.9907631195588,542.8537389796705,3.334120918642155,1,7,0,0
5.675,950.3748974503106,542.2056820219223,3.35441824599577,1,7,0,0
5.683333333333334,950.389538347225,542.4330080357229,3.316785084015994,1,7,0,0
5.691666666666666,950.6264262627652,542.8437579651265,3.330189090345922,1,7,0,0
5.7,949.9931113829455,543.051720088924,3.32317176009969,1,7,0,0
5.708333333333333,949.4685842365637,543.2727394923987,3.321596171279676,1,7,0,0
5.716666666666667,949.2680394682639,543.4714971356527,3.3003258245421856,1,7,0,0
5.725,949.7600221330028,543.3913694694681,3.3040762160916173,1,7,0,0
5.733333333333333,949.6888215960904,543.1182892947127,3.3075099531489927,1,7,0,0
5.741666666666666,949.0467300374796,542.694321325303,3.3129662460930827,1,7,0,0
5.75,947.8575695155556,542.5374904745416,3.3161881634473307,1,7,0,0
5.758333333333334,947.1873704223095,543.888410842115,3.3164377422972944,1,7,0,0
5.766666666666667,947.6014714930465,544.9378363461173,3.3065634787269564,1,7,0,0
5.775,947.5587307070987,544.1773658831773,3.346655801251061,1,7,0,0
5.783333333333333,946.5250411028892,544.0695631977032,3.335181246631114,1,7,0,0
5.791666666666667,946.8777747981496,544.0487719914088,3.3203222158819488,1,7,0,0
5.8,947.1372736238333,544.2735186560639,3.2877992619762546,1,7,0,0
5.808333333333334,947.9547529228076,544.4839796459529,3.320244612378218,1,7,0,0
5.816666666666666,948.205316903061,544.9618117600057,3.283971896852469,1,7,0,0
5.825,948.429376724424,544.8690466792791,3.2896344452739372,1,7,0,0
5.833333333333333,948.2098007107372,544.5189852361656,3.2959355003887008,1,7,0,0
5.841666666666667,948.1884903707125,544.0469333359528,3.305710508021001,1,7,0,0
5.85,948.4856413822946,543.9006556484536,3.274990634146129,1,7,0,0
5.858333333333333,948.4660589990265,544.7947559555785,3.2777935368879985,1,7,0,0
5.866666666666666,947.4542835216356,544.0963311389849,3.308286627146957,1,7,0,0
5.875,947.5331650978153,545.0016318140894,3.2680807164645493,1,7,0,0
5.883333333333334,946.9356963750362,544.2687493910543,3.2526510508871174,1,7,0,0
5.891666666666667,946.0892497574857,544.1655972310484,3.2594254178341764,1,7,0,0
5.9,945.8324704011012,543.9289501814,3.278359798725272,1,7,0,0
5.908333333333333,945.7727843273881,543.8636416830975,3.3031148068402523,1,7,0,0
5.916666666666667,945.5253852291688,542.5611579330581,3.274057222995234,1,7,0,0
5.925,944.8537296247719,542.8867921190637,3.328281046667251,1,7,0,0
5.933333333333334,944.3763362012706,543.3533046570882,3.308718399814434,1,7,0,0
5.941666666666666,944.291522118815,543.5644073242893,3.318893746275832,1,7,0,0
5.95,945.2275959830574,542.6659328017191,3.2930002535840344,1,7,0,0
5.958333333333333,945.5450121520952,543.2786853256256,3.269265322815789,1,7,0,0
5.966666666666667,945.602954902658,543.3084863599929,3.3248016085944676,1,7,0,0
5.975,946.0633144503676,542.9056932053659,3.301487219961885,1,7,0,0
5.983333333333333,946.0758817121308,542.6762427253675,3.2904424026946866,1,7,0,0
5.991666666666666,945.9980633294401,542.5634721823825,3.3000163037009687,1,7,0,0
6.0,945.21092498481,541.918853743042,3.3170326935838848,1,7,0,0
6.008333333333334,945.574507849714,542.0794244113889,3.310442672022441,1,7,0,0
6.016666666666667,944.5119431784203,541.8177748674182,3.302294824969538,1,7,0,0
6.025,944.6274786452634,542.3036352004343,3.294078762382596,1,7,0,0
6.033333333333333,944.0052491831885,541.481738374915,3.2851909406708684,1,7,0,0
6.041666666666667,944.6274747953724,542.4305739026315,3.3069885345016483,1,7,0,0
6.05,944.2732156887979,541.9300013725216,3.2886372167790414,1,7,0,0
6.058333333333334,944.3687848094833,542.4909558492002,3.2870558229072255,1,7,0,0
6.066666666666666,945.0882300609829,543.8406125833712,3.336454317768563,1,7,0,0
6.075,944.7929693978999,543.8077884377564,3.324226005917609,1,7,0,0
6.083333333333333,945.6152173313751,543.3070769939109,3.2853416217229516,1,7,0,0
6.091666666666667,945.5292322720117,543.7647509678363,3.297618549732596,1,7,0,0
6.1,945.4857656955213,544.063308313174,3.279623318834574,1,7,0,0
6.108333333333333,944.9983426419977,543.834212367201,3.3210879925115115,1,7,0,0
6.116666666666666,945.6774072476592,544.5222513528886,3.291937884010021,1,7,0,0
6.125,944.981498996022,544.0534763262352,3.3097752552939896,1,7,0,0
6.133333333333334,945.6554008075042,543.9343285707031,3.320460893550891,1,7,0,0
6.141666666666667,945.3462859609621,543.742648799169,3.2873739315600887,1,7,0,0
6.15,945.6729972971908,543.8560034885196,3.309665121595423,1,7,0,0
6.158333333333333,945.9123969936096,543.8234622944972,3.2986405860110457,1,7,0,0
6.166666666666667,946.1549490872787,543.8363364109067,3.2840262151893347,1,7,0,0
6.175,945.5492823326014,543.4951403836186,3.287964976678499,1,7,0,0
6.183333333333334,944.821338439355,542.7307227371168,3.3088900774871757,1,7,0,0
6.191666666666666,944.4196246081858,542.3820881487061,3.30591517418008,1,7,0,0
6.2,944.6289628307949,542.4227450515981,3.303713301638761,1,7,0,0
6.208333333333333,945.5902288951879,542.9386702914992,3.2861341755115894,1,7,0,0
6.216666666666667,945.8778588079582,542.8925108042042,3.284496973186347,1,7,0,0
6.225,945.9585696811654,542.5511865602333,3.291543581802985,1,7,0,0
6.233333333333333,945.2383215328803,542.4030762584486,3.305677800813276,1,7,0,0
6.241666666666666,944.8439154381412,541.5650657844138,3.3011738172514353,1,7,0,0
6.25,944.2562396287428,541.1541578581391,3.287128400237849,1,7,0,0
6.258333333333334,943.8941555802114,540.862691902751,3.297902320225864,1,7,0,0
6.266666666666667,944.5751901276333,541.0062955365008,3.3041958809859815,1,7,0,0
6.275,945.5172348063884,541.0231238320836,3.2959381950289384,1,7,0,0
6.283333333333333,945.8800300237638,541.05533469511,3.320164714416316,1,7,0,0
6.291666666666667,945.8078502044456,541.187838689038,3.2886630253693374,1,7,0,0
6.3,946.6582789388169,541.7445188470041,3.276083327406551,1,7,0,0
6.308333333333334,946.3705308460737,540.516205480393,3.3316830749475472,1,7,0,0
6.316666666666666,946.133076499501,539.9130141182898,3.305500944629839,1,7,0,0
6.325,946.3294998622745,538.8912209379201,3.2700217038341615,1,7,0,0
6.333333333333333,946.3151382855079,539.3447320675272,3.3064389370198106,1,7,0,0
6.341666666666667,945.9069107443651,539.1868349534479,3.3111790573779882,1,7,0,0
6.35,945.6757421760149,539.7213390244427,3.29112019710649,1,7,0,0
6.358333333333333,945.5094803755519,539.9805812286373,3.3166618826648264,1,7,0,0
6.366666666666666,945.9999385915402,539.8431787228259,3.3086572376358188,1,7,0,0
6.375,946.3065980445565,539.6202502601893,3.300981381804156,1,7,0,0
6.383333333333334,946.9681472367911,539.8267787482689,3.266089552021085,1,7,0,0
6.391666666666667,947.6814314549032,538.8409579809286,3.287157287166541,1,7,0,0
6.4,947.704613145755,538.9036415552905,3.3131839743132967,1,7,0,0
6.408333333333333,947.6176616912545,538.7739196401966,3.2931354207991257,1,7,0,0
6.416666666666667,947.0245789739741,539.0679373466246,3.258475900705692,1,7,0,0
6.425,947.1154025044834,539.356549887568,3.2990373438303093,1,7,0,0
6.433333333333334,946.7384891445456,539.1773032488647,3.296416764517036,1,7,0,0
6.441666666666666,946.9844681055109,538.4081843075668,3.2956445569966313,1,7,0,0
6.45,946.8014689457216,538.5926969809819,3.3297801648458036,1,7,0,0
6.458333333333333,947.3234490306129,537.8803974377367,3.297668605900374,1,7,0,0
6.466666666666667,947.6463159825537,537.6058635864531,3.290226620341089,1,7,0,0
6.475,947.3851049000411,537.9001482928885,3.3232262253685843,1,7,0,0
6.483333333333333,947.5203390534832,537.5589828206305,3.2960624500547704,1,7,0,0
6.491666666666666,947.4979603279986,538.4546637304935,3.2535255725544086,1,7,0,0
6.5,948.4547599351557,537.8282002354471,3.285012006854391,1,7,0,0
6.508333333333334,949.2293273757609,537.4575036292076,3.291999988229443,1,7,0,0
6.516666666666667,949.293024761223,536.9779633605679,3.2851221034478266,1,7,0,0
6.525,948.4899176269683,537.3530811319887,3.3194350507503985,1,7,0,0
6.533333333333333,948.2935585953178,537.8269031490105,3.2787233566260063,1,7,0,0
6.541666666666667,948.0864671527722,537.0631733943108,3.2886174422624967,1,7,0,0
6.55,947.2099683033139,536.9770697457593,3.2952276554898505,1,7,0,0
6.558333333333334,948.7405906617191,537.7243267279515,3.301064054659146,1,7,0,0
6.566666666666666,947.9579998070963,538.209918300919,3.303904723183894,1,7,0,0
6.575,946.5153118576745,537.9244405318318,3.252033130344732,1,7,0,0
6.583333333333333,946.5831722226292,537.9331026432305,3.294182103171262,1,7,0,0
6.591666666666667,946.439279564439,537.7330265094192,3.276014075803337,1,7,0,0
6.6,946.9150468014719,537.5774086945238,3.2718261065030787,1,7,0,0
6.608333333333333,946.6500869434531,538.1850689688886,3.273560831028869,1,7,0,0
6.616666666666666,946.8085865007725,537.0161135258647,3.2845561685799596,1,7,0,0
6.625,946.8431139815139,537.1244519186848,3.317438823116617,1,7,0,0
6.633333333333334,946.6086640026473,537.9713147333905,3.2897212020438578,1,7,0,0
6.641666666666667,946.539244337689,538.8218882219657,3.292247013326879,1,7,0,0
6.65,945.2513905306263,538.9825582113399,3.278788723104787,1,7,0,0
6.658333333333333,945.7663189937639,539.3156193898856,3.3015757810724526,1,7,0,0
6.666666666666667,945.5700259148834,539.7822901256648,3.2886783768926993,1,7,0,0
6.675,945.0315351444211,540.0808286400684,3.289753979689689,1,7,0,0
6.683333333333334,944.9025358940877,539.8212751062188,3.2638771377092115,1,7,0,0
6.691666666666666,944.2148208057021,540.3331357341643,3.2979834212992403,1,7,0,0
6.7,944.5541823000585,539.3099690214352,3.2541585924265863,1,7,0,0
6.708333333333333,944.0386614389819,539.3424338583116,3.279836765723015,1,7,0,0
6.716666666666667,944.8969255909478,539.1166627728109,3.3156000346488876,1,7,0,0
6.725,945.0316886747373,539.6203365519107,3.2828174149320986,1,7,0,0
6.733333333333333,945.0513011982976,539.5807339267133,3.301652554054213,1,7,0,0
6.741666666666666,944.9868239161729,538.9327310336118,3.293200421660883,1,7,0,0
6.75,944.6690072544807,539.8427518091305,3.294126662364107,1,7,0,0
6.758333333333334,944.9308632501394,539.9097736106844,3.2502316489633634,1,7,0,0
6.766666666666667,945.1360416097051,539.1636923253282,3.249543422695343,1,7,0,0
6.775,944.6996408927673,539.9311121210986,3.295974567217389,1,7,0,0
6.783333333333333,945.3884663525332,540.1828896061683,3.2651067644719807,1,7,0,0
6.791666666666667,944.6594574733671,541.2922195988518,3.2622249284722695,1,7,0,0
6.8,945.2183474987227,541.7001631371153,3.297895242364076,1,7,0,0
6.808333333333334,944.7390894474711,540.8382273867668,3.2603267283859654,1,7,0,0
6.816666666666666,944.9453952170121,541.3757891826805,3.3050259770207253,1,7,0,0
6.825,944.7842867386814,541.9926524207563,3.293092184393996,1,7,0,0
6.833333333333333,944.8774101188333,542.4706522661983,3.27938139411187,1,7,0,0
6.841666666666667,943.6509405492667,542.572977353757,3.287408737627423,1,7,0,0
6.85,943.3709190298318,542.8915949728903,3.23302372405185,1,7,0,0
6.858333333333333,943.5905787984136,543.0157477898078,3.302033128379825,1,7,0,0
6.866666666666666,943.5621249074651,542.6398292739649,3.299394021488358,1,7,0,0
6.875,943.6340893956714,542.56538828671,3.2704385221333427,1,7,0,0
6.883333333333334,943.4683176195954,542.6448360587017,3.251015354977396,1,7,0,0
6.891666666666667,943.893313422626,541.8645697164494,3.2647537169267538,1,7,0,0
6.9,944.3775082590396,542.6697062370288,3.292727492124307,1,7,0,0
6.908333333333333,943.5767629594317,542.1294882661998,3.223957201250059,1,7,0,0
6.916666666666667,943.3094513585263,542.2416834994012,3.274154115525321,1,7,0,0
6.925,943.0500138237004,542.2729813217434,3.2792600455679124,1,7,0,0
6.933333333333334,943.6499391071056,542.1186470457288,3.266158384955166,1,7,0,0
6.941666666666666,943.011578048139,542.7022563615559,3.233981286119032,1,7,0,0
6.95,943.6683426553628,542.9189942352305,3.2462397111492,1,7,0,0
6.958333333333333,944.2973139493831,542.5898734466781,3.2775309107796087,1,7,0,0
6.966666666666667,944.0853172851532,542.1460033051716,3.2651230267596714,1,7,0,0
6.975,944.8686091770488,542.8424605140247,3.2879501258431483,1,7,0,0
6.983333333333333,944.5347442689197,543.9796052008614,3.2834751529704223,1,7,0,0
6.991666666666666,944.9230080066459,543.6567587028238,3.2408852373725114,1,7,0,0
7.0,945.0716896797995,542.6824471498423,3.2290503845242804,1,7,0,0
7.008333333333334,945.3445937577231,542.6705395103716,3.2325507731117535,1,7,0,0
7.016666666666667,946.0506124728231,541.8173061049607,3.232160820085535,1,7,0,0
7.025,945.786372484956,542.3857797092901,3.2486999592835293,1,7,0,0
7.033333333333333,946.2347350663774,542.4535547526128,3.251656401123005,1,7,0,0
7.041666666666667,946.3347332971267,543.6507562911444,3.2447924652484956,1,7,0,0
7.05,947.0730934350596,543.4791314314771,3.236242678756988,1,7,0,0
7.058333333333334,947.2344425229346,543.4509365930671,3.2704999636936813,1,7,0,0
7.066666666666666,946.6070973941986,544.0506266681842,3.27625489727478,1,7,0,0
7.075,947.6140983490448,543.947437986837,3.2557277497642523,1,7,0,0
7.083333333333333,947.5011130224299,544.437313766721,3.2369691842962705,1,7,0,0
7.091666666666667,947.8872027391996,544.3975855628348,3.2782913603892068,1,7,0,0
7.1,948.1779939843298,544.6287639774542,3.2770480002455527,1,7,0,0
7.108333333333333,948.3925118928722,544.3683775978664,3.2585374286141855,1,7,0,0
7.116666666666666,949.2276857372293,544.4806576235666,3.2373478641985756,1,7,0,0
7.125,949.1516397588334,543.1770664891015,3.237691966903965,1,7,0,0
7.133333333333334,948.9202684683825,542.5571092832084,3.2255613574839272,1,7,0,0
7.141666666666667,949.2062878803494,543.6186785002769,3.281676914123815,1,7,0,0
7.15,1061.404459261431,484.3909342768709,3.235476380257473,1,7,0,0
7.158333333333333,1061.771535377074,484.77640208750086,3.2229708264795716,1,7,0,0
7.166666666666667,949.4648716998463,544.5344169909941,3.239063981505571,1,7,0,0
7.175,948.9254151986376,544.6172906999547,3.2470431274678058,1,7,0,0
7.183333333333334,949.6685747108751,544.3386454083666,3.2663956100240985,1,7,0,0
7.191666666666666,949.3347845390856,544.3434959519095,3.272290562270245,1,7,0,0
7.2,948.7239788885233,543.6577019829505,3.2843847452351564,1,7,0,0
7.208333333333333,948.825345880238,543.0866710018629,3.2295166078841757,1,7,0,0
7.216666666666667,948.9303767368629,542.7813865861026,3.2654181569240137,1,7,0,0
7.225,948.9760893293881,542.7256403283303,3.2209025815015653,1,7,0,0
7.233333333333333,949.7331668556651,543.1456105862468,3.244308664200109,1,7,0,0
7.241666666666666,950.281051901137,542.5680971395896,3.2179296396986796,1,7,0,0
7.25,950.1444712133884,542.1319323518012,3.238991132639085,1,7,0,0
7.258333333333334,950.9123991671426,542.5244637709292,3.2551399147379785,1,7,0,0
7.266666666666667,950.3716293297492,542.6936924845535,3.2475598869121973,1,7,0,0
7.275,950.6952154908312,542.7026466244712,3.2088295547957597,1,7,0,0
7.283333333333333,951.2535300648743,542.8241990083849,3.2379667661313314,1,7,0,0
7.291666666666667,951.2477241919227,542.5385005504962,3.2686555471139043,1,7,0,0
7.3,951.8811200400074,542.2232905237768,3.234067468753066,1,7,0,0
7.308333333333334,952.1807018560022,541.6222349607858,3.203848066262409,1,7,0,0
7.316666666666666,952.0860835769947,542.0243747528381,3.214006308520328,1,7,0,0
7.325,952.263395679234,542.4833168062714,3.234283363039978,1,7,0,0
7.333333333333333,952.3204372927205,541.7114397886444,3.2413579093602616,1,7,0,0
7.341666666666667,952.5733164417576,542.0121674238901,3.229548098396148,1,7,0,0
7.35,953.1875909083267,541.5104553160774,3.1784806393835168,1,7,0,0
7.358333333333333,953.6415839851896,541.394331240945,3.1782457613560076,1,7,0,0
7.366666666666666,953.326077362041,540.2502804900776,3.2266982841702934,1,7,0,0
7.375,954.5637248062537,540.3562215788988,3.2303382013978403,1,7,0,0
7.383333333333334,955.1078420264645,539.9652473676687,3.2207264707729855,1,7,0,0
7.391666666666667,954.7603514140758,540.0855935185297,3.2117228592874785,1,7,0,0
7.4,954.6513224514581,540.009713969111,3.2130942807551057,1,7,0,0
7.408333333333333,954.7657660363993,539.8217658561924,3.233778345842537,1,7,0,0
7.416666666666667,954.7706055683859,539.3933600410528,3.1991119579912253,1,7,0,0
7.425,955.3250583828196,538.8886389962054,3.1992884644982453,1,7,0,0
7.433333333333334,955.0982202001551,538.6004091650032,3.222918472603339,1,7,0,0
7.441666666666666,954.6954166555556,538.4726021352086,3.1991059915100024,1,7,0,0
7.45,954.7542586630129,538.2020157047763,3.2122466818481907,1,7,0,0
7.458333333333333,954.6244954264641,537.8794917536683,3.253381444275075,1,7,0,0
7.466666666666667,954.6753089253807,537.7925253016161,3.1941792190269442,1,7,0,0
7.475,955.0442972201757,537.3325034809337,3.1955654579914774,1,7,0,0
7.483333333333333,954.7551945248208,537.6896763680227,3.2250117358900234,1,7,0,0
7.491666666666666,954.313510568881,537.1609779645446,3.220360357676433,1,7,0,0
7.5,953.1172981495778,536.7408155924916,3.2112912339559236,1,7,0,0
7.508333333333334,953.6356415029509,537.315573728295,3.178573831186909,1,7,0,0
7.516666666666667,953.5838180691923,537.4712781730499,3.1687191930474827,1,7,0,0
7.525,953.9917751287114,536.7900285882112,3.174651738280301,1,7,0,0
7.533333333333333,953.8083581025976,536.2841195193852,3.2232760059740277,1,7,0,0
7.541666666666667,954.2788294426437,536.7755951765678,3.188427303530295,1,7,0,0
7.55,954.1093989692224,536.4537971475011,3.183819013194992,1,7,0,0
7.558333333333334,954.3075451895941,537.0161244103919,3.2138195847815427,1,7,0,0
7.566666666666666,953.7423084424793,536.7472687268267,3.1870706365884134,1,7,0,0
7.575,953.9969409151037,536.5974610597038,3.2096297486223135,1,7,0,0
7.583333333333333,954.3995544876053,536.8165046478864,3.136082792674958,1,7,0,0
7.591666666666667,953.6766238560087,537.2543097215504,3.167666760653568,1,7,0,0
7.6,953.2168076391702,537.0575400037005,3.177664881237755,1,7,0,0
7.608333333333333,952.7281764035524,537.0294038432235,3.1974311582267183,1,7,0,0
7.616666666666666,952.700770497561,537.1204962611025,3.1770052168613176,1,7,0,0
7.625,952.5292329308228,537.5259088541975,3.162043021329495,1,7,0,0
7.633333333333334,952.4327698830737,538.0468464815833,3.1720670749913316,1,7,0,0
7.641666666666667,953.2263942609355,538.6890649370974,3.20331018224905,1,7,0,0
7.65,952.6037437733632,538.9545598303255,3.2204814327340237,1,7,0,0
7.658333333333333,952.9176762970695,539.2916373820321,3.1993515389528837,1,7,0,0
7.666666666666667,952.6202351624788,539.1028128434824,3.2117883588112535,1,7,0,0
7.675,952.4404520162273,539.176343524778,3.162749240204977,1,7,0,0
7.683333333333334,951.984431712846,539.005309020243,3.2012978001620436,1,7,0,0
7.691666666666666,951.3554091214452,538.0539499689498,3.157785573333819,1,7,0,0
7.7,951.4793731913246,538.3717080539394,3.17418604184401,1,7,0,0
7.708333333333333,951.5526428642006,539.0404611686847,3.1608079104649054,1,7,0,0
7.716666666666667,952.5255225132544,539.9765577453423,3.201597301008562,1,7,0,0
7.725,952.5004996933422,539.6663718134001,3.189003436323654,1,7,0,0
7.733333333333333,952.3285360294207,539.4812768880442,3.177542367605391,1,7,0,0
7.741666666666666,952.5106239557664,538.6251127327354,3.165955781048445,1,7,0,0
7.75,952.907786759654,537.49658116486,3.175468513475513,1,7,0,0
7.758333333333334,952.7124977735483,537.5544377084973,3.160286342797421,1,7,0,0
7.766666666666667,952.56094528316,537.1078937853205,3.182454640595503,1,7,0,0
7.775,953.1105473665845,536.3513574089735,3.1575264634540474,1,7,0,0
7.783333333333333,953.3429012648456,536.736009557794,3.153850257547955,1,7,0,0
7.791666666666667,954.452251659838,536.6138259260998,3.161454350337629,1,7,0,0
7.8,954.1537997396201,535.8459249487704,3.1907085936491915,1,7,0,0
7.808333333333334,953.0449709003287,535.6969712313863,3.173653952178153,1,7,0,0
7.816666666666666,952.9818759247866,535.3778002156829,3.1651119239197167,1,7,0,0
7.825,952.5182923834939,535.4049546961631,3.1636826956775534,1,7,0,0
7.833333333333333,953.3291996150182,535.5176138242479,3.1654195759202244,1,7,0,0
7.841666666666667,952.8395807919451,535.2417988182958,3.1656785829835745,1,7,0,0
7.85,953.3314370532868,536.1379945225682,3.146788008769745,1,7,0,0
7.858333333333333,953.1322220508764,536.5865675389211,3.1336159854032086,1,7,0,0
7.866666666666666,953.0141175153226,535.7562173425703,3.113179442218586,1,7,0,0
7.875,952.6623970512964,535.7202208700027,3.173334154611635,1,7,0,0
7.883333333333334,952.6661726455851,535.7337352274976,3.1574001932035256,1,7,0,0
7.891666666666667,952.5294284991944,536.689574645372,3.1867559470423092,1,7,0,0
7.9,951.6371274356892,536.9658776214147,3.1792736150257888,1,7,0,0
7.908333333333333,951.1809328013611,537.1538803633624,3.1547241764582377,1,7,0,0
7.916666666666667,951.5422122539204,537.6252326259014,3.1421498433036565,1,7,0,0
7.925,951.9032268736619,537.3404617232586,3.1539642726173014,1,7,0,0
7.933333333333334,952.9992806184875,536.4257395187653,3.164515529592773,1,7,0,0
7.941666666666666,953.1142494489039,536.3965926125223,3.1273106032840423,1,7,0,0
7.95,953.9103100748664,536.7457968575995,3.1656046306622927,1,7,0,0
7.958333333333333,954.4646390292766,535.8069434788024,3.158523294961634,1,7,0,0
7.966666666666667,656.1169656574416,657.2925245164591,3.096591202364862,1,7,0,0
7.975,656.0351464507469,657.4365177284801,3.133390510045551,1,7,0,0
7.983333333333333,954.472976049301,535.9248776440832,3.161282675454484,1,7,0,0
7.991666666666666,954.7558360735434,535.6456479481212,3.1349654253271146,1,7,0,0
8.0,955.1760369626081,536.1029242089637,3.1465351274794156,1,7,0,0
8.008333333333333,955.7831990830676,536.4103807107872,3.148079392844494,1,7,0,0
8.016666666666667,955.2543801176885,537.2332243307575,3.111614755791796,1,7,0,0
8.025,954.6482339656777,536.8518821246254,3.13514397443211,1,7,0,0
8.033333333333333,954.5827011556936,536.6668102568169,3.136607362611613,1,7,0,0
8.041666666666666,954.6634025346656,537.0235492513865,3.1301744122590374,1,7,0,0
8.05,1295.3478513532723,532.2403231364776,3.1117731076299027,1,7,0,0
8.058333333333334,1295.4887407613699,533.2780390323932,3.174609442587686,1,7,0,0
8.066666666666666,955.4923695901575,538.102482376022,3.1530121569236544,1,7,0,0
8.075,955.1836489522061,538.1493140682283,3.150338622497952,1,7,0,0
8.083333333333334,955.4279314153807,538.1554651875564,3.109406943461912,1,7,0,0
8.091666666666667,955.8253358050968,537.9772008158076,3.147162881417241,1,7,0,0
8.1,956.4510888218467,537.3815099069989,3.14498322530882,1,7,0,0
8.108333333333333,956.6189444538395,537.1984786285915,3.1534459453171206,1,7,0,0
8.116666666666667,957.2340564801701,537.2775889728999,3.123497510989533,1,7,0,0
8.125,957.1095599195312,537.8469608627627,3.133269188219895,1,7,0,0
8.133333333333333,956.640734974782,538.184954332175,3.1385205623124004,1,7,0,0
8.141666666666667,956.8110406310694,537.8237218323779,3.126008097425614,1,7,0,0
8.15,957.1513676763655,537.7203362760067,3.1301665878011913,1,7,0,0
8.158333333333333,956.2638060616298,537.2492593686351,3.126247380877009,1,7,0,0
8.166666666666666,956.6363938622436,536.8526907223587,3.0867301918908323,1,7,0,0
8.175,956.2383932041232,536.9260997823131,3.118671353257271,1,7,0,0
8.183333333333334,955.4995736224179,537.7559980111204,3.104234729472019,1,7,0,0
8.191666666666666,955.3389524015406,537.7218956918067,3.117763968546695,1,7,0,0
8.2,955.5817785632305,537.8872363203567,3.131362457118563,1,7,0,0
8.208333333333334,954.6443004899908,537.1754077449112,3.092109444860351,1,7,0,0
8.216666666666667,954.7423333912739,536.8841255771551,3.1509998196828968,1,7,0,0
8.225,954.9175699761333,537.2979230394006,3.112419550926545,1,7,0,0
8.233333333333333,954.9778393434768,537.0070087545857,3.1433896035423365,1,7,0,0
8.241666666666667,955.5334170083332,537.5039353895831,3.103806203311488,1,7,0,0
8.25,955.5230560777424,537.5466775277134,3.10502786682754,1,7,0,0
8.258333333333333,956.0967641500251,538.1636388138577,3.1288455223603546,1,7,0,0
8.266666666666667,956.9650913148382,537.8821009387876,3.1345722886725906,1,7,0,0
8.275,956.0504923232962,537.999900949601,3.0801830375317696,1,7,0,0
8.283333333333333,956.5456405783005,538.0354500344342,3.108971303054875,1,7,0,0
8.291666666666666,957.5971363243812,538.6494320012802,3.0807396438193786,1,7,0,0
8.3,956.6929305099468,539.2442295236763,3.152357468926499,1,7,0,0
8.308333333333334,956.1348038579097,538.96564084968,3.136322696124145,1,7,0,0
8.316666666666666,956.1325155069637,538.6003155734091,3.088544649791807,1,7,0,0
8.325,955.8740601248885,538.8544342984221,3.1129394140142095,1,7,0,0
8.333333333333334,955.4402928192447,539.2288099438774,3.137617158549713,1,7,0,0
8.341666666666667,954.6715409264598,539.7416641434698,3.0757815035193117,1,7,0,0
8.35,955.3076702204557,539.3349538097931,3.1414338795936043,1,7,0,0
8.358333333333333,955.1810635535886,538.950055918705,3.0961356999984075,1,7,0,0
8.366666666666667,955.2158739518641,539.0534435326348,3.0960001999890374,1,7,0,0
8.375,955.9032778901918,539.1236526389204,3.086187189451773,1,7,0,0
8.383333333333333,955.827191125634,539.1489203163893,3.1246007312195885,1,7,0,0
8.391666666666667,956.757966104216,539.28767287465,3.1428424580839716,1,7,0,0
8.4,956.3104913707413,539.7800528802035,3.049482269465945,1,7,0,0
8.408333333333333,957.0125362813985,538.7023385385933,3.0913600381385438,1,7,0,0
8.416666666666666,956.6281305815705,538.0225709340216,3.1224676672441647,1,7,0,0
8.425,957.2179884212405,537.7642281003173,3.0922292327506775,1,7,0,0
8.433333333333334,956.9775143074105,538.2437055988337,3.1187494679686627,1,7,0,0
8.441666666666666,956.2316874104376,538.3133653257574,3.083157395829902,1,7,0,0
8.45,956.3152840606415,538.4598568405985,3.111435043375532,1,7,0,0
8.458333333333334,956.8592585337929,539.5821318917514,3.128080333450429,1,7,0,0
8.466666666666667,957.5317605026504,539.7585399931389,3.098655260931513,1,7,0,0
8.475,957.0257297305749,539.704441175859,3.1750177076261035,1,7,0,0
8.483333333333333,957.1467167366486,540.5277261752678,3.1062589365010718,1,7,0,0
8.491666666666667,956.9334599643383,539.8871695655574,3.0868837906988924,1,7,0,0
8.5,957.0737769423964,539.985782722037,3.1406209559716443,1,7,0,0
8.508333333333333,957.3222253110149,539.7388908391279,3.109768008447709,1,7,0,0
8.516666666666667,957.5930834466852,541.113161211239,3.101100714366768,1,7,0,0
8.525,958.0949385201693,541.3657181670309,3.0729988244559596,1,7,0,0
8.533333333333333,958.54142477404,541.3334780407382,3.108049539309661,1,7,0,0
8.541666666666666,958.1920120792726,541.2412324686944,3.094510845750167,1,7,0,0
8.55,957.2686890424958,540.1076056929854,3.085071115609231,1,7,0,0
8.558333333333334,956.6132768281425,539.9399134746941,3.0840192940193347,1,7,0,0
8.566666666666666,956.1200530631304,540.778304505502,3.07796539719082,1,7,0,0
8.575,955.8271802862577,540.6581378424764,3.138806864418079,1,7,0,0
8.583333333333334,955.4201889995347,540.4213072475221,3.1672053636767457,1,7,0,0
8.591666666666667,954.9110167645032,541.1138797264496,3.1084512164936973,1,7,0,0
8.6,955.1390788624793,541.3411577913535,3.0902275589240804,1,7,0,0
8.608333333333333,955.2297825241958,541.844515148792,3.103151317035035,1,7,0,0
8.616666666666667,955.5984202280051,541.9305687813351,3.0845584122927026,1,7,0,0
8.625,955.8302294185371,541.6781480092105,3.129895024292355,1,7,0,0
8.633333333333333,955.796994136944,541.4805271574696,3.082212575921185,1,7,0,0
8.641666666666667,956.4706149759671,541.0662303413537,3.0945785956871195,1,7,0,0
8.65,957.1773785223654,541.5308019623949,3.1261258899628817,1,7,0,0
8.658333333333333,957.1678251333796,541.1424084470003,3.0979821981158557,1,7,0,0
8.666666666666666,956.4505274422374,541.494796785271,3.092680196011417,1,7,0,0
8.675,957.0481343187172,540.4811442619249,3.1344398238662885,1,7,0,0
8.683333333333334,956.0726077910263,540.7004069435578,3.1139628300987976,1,7,0,0
8.691666666666666,956.7997774169036,540.8287234217429,3.0658049826422378,1,7,0,0
8.7,956.5178762302132,540.2807967415946,3.112610839090354,1,7,0,0
8.708333333333334,956.3600365205652,540.782958369697,3.0895888408707624,1,7,0,0
8.716666666666667,956.0885272697403,540.5848918681753,3.120199778869888,1,7,0,0
8.725,956.052161992481,540.7637261425137,3.0908328131780505,1,7,0,0
8.733333333333333,956.042517562481,540.9409856298876,3.1171001593661627,1,7,0,0
8.741666666666667,955.5001580400697,540.2347530914057,3.1026011017197956,1,7,0,0
8.75,955.4368300479798,541.2850935916739,3.098772759150625,1,7,0,0
8.758333333333333,956.304032557273,541.2187910330699,3.125183675239312,1,7,0,0
8.766666666666667,957.2205969309287,540.832292707918,3.072676334203348,1,7,0,0
8.775,957.0780270498173,541.5370964855447,3.1050565124761076,1,7,0,0
8.783333333333333,956.7046777484588,540.8254450014857,3.1162503231158194,1,7,0,0
8.791666666666666,956.4558582433797,540.6611301949221,3.0588666920041083,1,7,0,0
8.8,955.8175889315224,539.8617337908792,3.092455527816689,1,7,0,0
8.808333333333334,956.0291320254229,539.5430671288952,3.0770631263081962,1,7,0,0
8.816666666666666,955.5170240854176,539.3960724551428,3.0667893654353735,1,7,0,0
8.825,956.2818336365557,539.3394176476253,3.0973966354004796,1,7,0,0
8.833333333333334,956.0308424946343,540.0237448750248,3.124072117676781,1,7,0,0
8.841666666666667,956.2333304035076,539.9137299786539,3.13263538280531,1,7,0,0
8.85,955.6418949747346,539.4983013982235,3.1045897259073,1,7,0,0
8.858333333333333,955.9205777893372,539.4315723072497,3.105041912013384,1,7,0,0
8.866666666666667,956.029973495461,539.5804670659378,3.118668830228503,1,7,0,0
8.875,956.2306682140553,539.6371939132778,3.069739127196985,1,7,0,0
8.883333333333333,957.7683205756884,538.5788671442178,3.1229997580314945,1,7,0,0
8.891666666666667,957.4450895954525,538.0691194636178,3.120349060924488,1,7,0,0
8.9,956.6970824488162,538.1072703329853,3.1120670481939845,1,7,0,0
8.908333333333333,957.8924797331105,538.1677734235548,3.112118375917714,1,7,0,0
8.916666666666666,958.3207984853899,537.7373966383235,3.098666425942458,1,7,0,0
8.925,958.6192062815278,537.1535404281927,3.080990525908255,1,7,0,0
8.933333333333334,958.1169226201565,537.2153760313488,3.0724873449230636,1,7,0,0
8.941666666666666,958.7161571220347,536.6255872675795,3.0931792143995507,1,7,0,0
8.95,958.320856254958,535.8806791828374,3.1452080352134697,1,7,0,0
8.958333333333334,959.0389127126939,536.2519881803556,3.059475786575241,1,7,0,0
8.966666666666667,958.7269919323584,535.2881590486105,3.1070878518816114,1,7,0,0
8.975,959.5508452165135,535.5068682542285,3.088413838598614,1,7,0,0
8.983333333333333,958.8516273299674,535.4798583857697,3.1009806270779388,1,7,0,0
8.991666666666667,958.7186325901201,535.6180604922827,3.082614718187648,1,7,0,0
9.0,958.3468254106929,535.4287938067774,3.100395565196118,1,7,0,0
9.008333333333333,957.7229375918375,536.4773187926876,3.110179827680156,1,7,0,0
9.016666666666667,957.5549209852467,536.1029274996284,3.0794157308350103,1,7,0,0
9.025,957.6214806393211,534.949935460861,3.11877514775022,1,7,0,0
9.033333333333333,957.5197869972575,534.7688119161115,3.137571039905346,1,7,0,0
9.041666666666666,956.7679995662704,534.4346324096574,3.147693506855471,1,7,0,0
9.05,956.5419411629205,534.8851240646214,3.124727009700012,1,7,0,0
9.058333333333334,956.4743311923413,534.6587244179126,3.110214834012181,1,7,0,0
9.066666666666666,956.5809511548968,534.7419609911285,3.106770670751723,1,7,0,0
9.075,956.245565549849,535.3304607581344,3.0993143453094905,1,7,0,0
9.083333333333334,956.2155676060288,535.548557809074,3.0909961969321187,1,7,0,0
9.091666666666667,956.3246976572241,535.5237743992518,3.116448532573404,1,7,0,0
9.1,955.8182402010702,534.9417164718787,3.097845854690093,1,7,0,0
9.108333333333333,955.1934203911982,535.10037971671,3.0890981724547477,1,7,0,0
9.116666666666667,955.3909000480245,535.1465937615467,3.079589816521315,1,7,0,0
9.125,955.743619048747,535.0780418957661,3.1148588524543666,1,7,0,0
9.133333333333333,954.9621064825482,535.1735544268403,3.1030020014987016,1,7,0,0
9.141666666666667,954.424503547636,534.0351860886733,3.1011591065222133,1,7,0,0
9.15,954.1724948435681,533.4174474884497,3.103823563914658,1,7,0,0
9.158333333333333,955.207124977772,533.8661461476771,3.1242979639675017,1,7,0,0
9.166666666666666,955.3689074787642,534.4408847948695,3.1160752307489594,1,7,0,0
9.175,956.2039509054291,534.2298466765116,3.083608424177098,1,7,0,0
9.183333333333334,955.4283997075651,533.9933900697089,3.1374321404088077,1,7,0,0
9.191666666666666,954.789682469022,534.3132076678911,3.130819180956533,1,7,0,0
9.2,954.6640087479914,534.7118898927318,3.086140890149647,1,7,0,0
9.208333333333334,954.2077891158893,535.2574080418577,3.1147957556302317,1,7,0,0
9.216666666666667,954.0463975536061,535.0670779248787,3.1251854669498766,1,7,0,0
9.225,954.8119828920231,535.4334119863504,3.0987136515949003,1,7,0,0
9.233333333333333,954.6627138584215,535.7892122355181,3.0969632197065984,1,7,0,0
9.241666666666667,954.3536569885238,535.3401314486296,3.086698089101186,1,7,0,0
9.25,955.1118160513768,536.1366770131425,3.1467390199482606,1,7,0,0
9.258333333333333,955.6415089887614,536.3302368130912,3.110620689576299,1,7,0,0
9.266666666666667,954.7202015994066,535.6879654987428,3.135793374043057,1,7,0,0
9.275,954.9607538347386,536.0218663667928,3.147084417298484,1,7,0,0
9.283333333333333,955.229990707524,536.3313164227486,3.145299288284894,1,7,0,0
9.291666666666666,,,,0,7,0,0
9.3,,,,0,7,0,0
9.308333333333334,,,,0,7,0,0
9.316666666666666,,,,0,7,0,0
9.325,,,,0,7,0,0
9.333333333333334,,,,0,7,0,0
9.341666666666667,,,,0,7,0,0
9.35,,,,0,7,0,0
9.358333333333333,,,,0,7,0,0
9.366666666666667,,,,0,7,0,0
9.375,,,,0,7,0,0
9.383333333333333,,,,0,7,0,0
9.391666666666667,,,,0,7,0,0
9.4,,,,0,7,0,0
9.408333333333333,951.3246866365889,535.5660071119848,3.1197341427478436,1,7,0,0
9.416666666666666,951.2037000678845,535.1889226490606,3.1329943099573323,1,7,0,0
9.425,951.5130229439984,535.4968655119552,3.149760951004472,1,7,0,0
9.433333333333334,951.8254032138473,535.5008493160261,3.1397562800245677,1,7,0,0
9.441666666666666,952.2978167607532,535.8271650365203,3.113730876326703,1,7,0,0
9.45,952.5728912561236,535.3481699473245,3.14277545770739,1,7,0,0
9.458333333333334,952.5569194298339,535.2510917869737,3.133737707571987,1,7,0,0
9.466666666666667,952.8109400017114,535.2903713005929,3.15772043264316,1,7,0,0
9.475,951.5422921843847,534.9465690362053,3.1361175222198625,1,7,0,0
9.483333333333333,951.447666055895,535.2081476013531,3.1427567190546677,1,7,0,0
9.491666666666667,951.7234707370446,534.7002071862481,3.1404069449853083,1,7,0,0
9.5,952.0863548406444,533.9957283840542,3.154032294272967,1,7,0,0
9.508333333333333,951.7808683558557,533.6343248799257,3.1745843989490488,1,7,0,0
9.516666666666667,951.1322729233709,533.5747300474178,3.16872435419401,1,7,0,0
9.525,949.9142586171923,533.959917344247,3.1271775622677227,1,7,0,0
9.533333333333333,949.5051737396495,533.8183404664459,3.120487000461805,1,7,0,0
9.541666666666666,949.1925366510186,533.5254536518981,3.1343601081085692,1,7,0,0
9.55,948.9668991797805,533.9051755806258,3.0923723201198605,1,7,0,0
9.558333333333334,949.0821916184335,533.502798138721,3.1536456566930116,1,7,0,0
9.566666666666666,948.3763367033625,533.5118732969923,3.15493898744569,1,7,0,0
9.575,949.3698829307887,533.2078335787826,3.1427644918072986,1,7,0,0
9.583333333333334,949.5385849281006,532.9300083992938,3.1759089569460284,1,7,0,0
9.591666666666667,949.9489801075775,532.7690585954987,3.1483849343795414,1,7,0,0
9.6,950.762342930157,533.6435217344415,3.139898433536529,1,7,0,0
9.608333333333333,950.6588134000268,533.8289768510427,3.136906487764964,1,7,0,0
9.616666666666667,951.1924290403964,532.9655499958858,3.1651679015977834,1,7,0,0
9.625,950.927716540798,533.345677031945,3.160796093123899,1,7,0,0
9.633333333333333,950.5311669605281,533.5698557162315,3.151587233515599,1,7,0,0
9.641666666666667,950.9428717212629,533.7008188299282,3.152893197439721,1,7,0,0
9.65,951.7583798591226,534.3045633887886,3.1604854550628114,1,7,0,0
9.658333333333333,951.3511702883026,534.7446210691561,3.1529065992807417,1,7,0,0
9.666666666666666,951.817159859417,534.902275851494,3.138420030433591,1,7,0,0
9.675,951.0062797328623,533.9886075659352,3.158803587852328,1,7,0,0
9.683333333333334,950.2740420552008,534.0086548977276,3.1341201691929608,1,7,0,0
9.691666666666666,949.6700897297653,534.0577824922955,3.138783431658039,1,7,0,0
9.7,950.0848988650378,533.6881016998476,3.1482345301869867,1,7,0,0
9.708333333333334,951.4182432155869,533.9226567686815,3.151435647893735,1,7,0,0
9.716666666666667,951.210590955696,533.9677337556792,3.1667097233460293,1,7,0,0
9.725,950.6128141012363,534.1695273937091,3.144787363390667,1,7,0,0
9.733333333333333,950.6964398392818,534.7796117390953,3.178857957690857,1,7,0,0
9.741666666666667,950.7908941120518,536.0723635914361,3.167715547345701,1,7,0,0
9.75,951.2980956856616,535.5882127753562,3.2031498736370376,1,7,0,0
9.758333333333333,951.2972921033275,535.6555329912351,3.1896624951299244,1,7,0,0
9.766666666666667,950.3800028509878,535.4508559874619,3.1795333604702245,1,7,0,0
9.775,950.0936315113502,535.6461462600722,3.2046065209066894,1,7,0,0
9.783333333333333,950.1408174424353,536.285076335311,3.1984260076951707,1,7,0,0
9.791666666666666,949.9066417766882,535.8394846111134,3.200840144034137,1,7,0,0
9.8,949.4744981151965,536.0714145622032,3.160404398013461,1,7,0,0
9.808333333333334,949.3501549760825,536.0851016153363,3.163644217214163,1,7,0,0
9.816666666666666,948.208315888908,536.2980421535418,3.1485075626350247,1,7,0,0
9.825,948.9648110240897,536.6358505054883,3.1896416770949942,1,7,0,0
9.833333333333334,949.0421942251684,536.4252691440915,3.1617901753780107,1,7,0,0
9.841666666666667,948.6713621133905,537.5199914052238,3.1816432035199465,1,7,0,0
9.85,948.572765942253,538.9832782216099,3.1966623816291966,1,7,0,0
9.858333333333333,948.270818970468,539.108391006284,3.1983477785632584,1,7,0,0
9.866666666666667,948.4215840891084,539.8217505287769,3.1403833630033016,1,7,0,0
9.875,947.8207980701361,540.64704993857,3.1881158372052076,1,7,0,0
9.883333333333333,947.990864233152,540.7692543492072,3.198138182736067,1,7,0,0
9.891666666666667,947.8047836767624,540.9835055129573,3.1867966911604566,1,7,0,0
9.9,947.9065134924338,540.6842092341603,3.223260939306763,1,7,0,0
9.908333333333333,947.5196366952541,540.409418014419,3.190385240285239,1,7,0,0
9.916666666666666,947.8662602953727,540.7472337558693,3.170892099116367,1,7,0,0
9.925,947.111150064102,539.9136173965588,3.206964842270674,1,7,0,0
9.933333333333334,946.6107610893598,539.5262525390477,3.177500435180941,1,7,0,0
9.941666666666666,946.2801678948442,539.6918264883649,3.226642596584155,1,7,0,0
9.95,945.9740538456371,539.8536766789053,3.1514017960924687,1,7,0,0
9.958333333333334,945.431118551461,539.9696247078892,3.1554639517432914,1,7,0,0
9.966666666666667,945.3199653355687,540.3286798880938,3.1848302195270075,1,7,0,0
9.975,945.1950320101187,539.4514717025783,3.2212827660326857,1,7,0,0
9.983333333333333,944.2190995950281,539.5755847296554,3.2277271011989472,1,7,0,0
9.991666666666667,944.4081942488618,539.6134694090335,3.1950005169363305,1,7,0,0
10.0,944.518719697445,539.0474426836032,3.2218085416684556,1,7,0,0
10.008333333333333,944.6035606474321,539.8287499289609,3.180708640711638,1,7,0,0
10.016666666666667,945.6679825407322,540.6800468632133,3.1581118275691527,1,7,0,0
10.025,946.3833808913461,541.51220370379,3.2027172732390947,1,7,0,0
10.033333333333333,946.3844546041431,540.6607847716457,3.2191584937923015,1,7,0,0
10.041666666666666,946.6557418963534,540.4974294893021,3.202560004237003,1,7,0,0
10.05,946.4491778668441,540.4618431586182,3.2090281773212475,1,7,0,0
10.058333333333334,946.1989369206541,541.0101584964259,3.16832360264096,1,7,0,0
10.066666666666666,944.8742744053741,541.2962202562285,3.204599123793542,1,7,0,0
10.075,944.4237730997838,542.5850087573613,3.205980196242038,1,7,0,0
10.083333333333334,943.9926121617565,542.493578776521,3.197564970369986,1,7,0,0
10.091666666666667,944.3994016517438,541.5684316809178,3.231037941533316,1,7,0,0
10.1,944.0516941339692,541.9535623520476,3.2177131508045957,1,7,0,0
10.108333333333333,944.1423041019358,542.4426667306254,3.2106255278543383,1,7,0,0
10.116666666666667,942.9843474707808,542.9293511101432,3.196260137617406,1,7,0,0
10.125,942.488443506212,543.2688228895845,3.176567402203441,1,7,0,0
10.133333333333333,943.459429813162,543.5196563502985,3.22508485404481,1,7,0,0
10.141666666666667,943.4598998200257,543.8266348907782,3.186842984319788,1,7,0,0
10.15,943.5216880841942,543.7352262900253,3.239843107860035,1,7,0,0
10.158333333333333,942.8922183054558,543.8418224781832,3.2168273194700623,1,7,0,0
10.166666666666666,942.7313488018793,543.4217860741238,3.224625357768541,1,7,0,0
10.175,942.8870020893908,543.3084297299401,3.2283422832721707,1,7,0,0
10.183333333333334,942.432391631222,542.9732864261161,3.2215507166448836,1,7,0,0
10.191666666666666,941.2062519819993,543.1640172394129,3.2321681255843844,1,7,0,0
10.2,940.8546753880466,542.7954662296407,3.2356497168783083,1,7,0,0
10.208333333333334,940.4745148515012,542.9430344146749,3.2686261434353163,1,7,0,0
10.216666666666667,939.6276471135235,542.6932221857007,3.219014724031077,1,7,0,0
10.225,939.1167174914339,542.458501567517,3.1746532217714774,1,7,0,0
10.233333333333333,939.4766288566782,542.0524108362525,3.26387759265677,1,7,0,0
10.241666666666667,939.6789492701988,542.0520997908612,3.1962632297016698,1,7,0,0
10.25,939.6830346069013,542.1423043650586,3.222383352899302,1,7,0,0
10.258333333333333,940.2253283100207,542.4465755003195,3.2000024341450928,1,7,0,0
10.266666666666667,939.9145399753213,542.3266273922436,3.2392484067291596,1,7,0,0
10.275,939.866456096297,542.28584118019,3.2315678108670176,1,7,0,0
10.283333333333333,940.0839541589851,541.804689072722,3.2357606455774373,1,7,0,0
10.291666666666666,940.1011770302448,541.6294504022211,3.195494317409952,1,7,0,0
10.3,939.9992879201556,541.2893156408783,3.2700230321098926,1,7,0,0
10.308333333333334,940.0050258609131,542.2669907814746,3.235338684578523,1,7,0,0
10.316666666666666,940.0756693293882,542.7927028839882,3.2535696726932097,1,7,0,0
10.325,939.8877764759914,542.5586876708013,3.253712442679968,1,7,0,0
10.333333333333334,938.9183222788974,543.2742387515792,3.240563154668149,1,7,0,0
10.341666666666667,939.0656498997608,543.2695708948736,3.2294086965158844,1,7,0,0
10.35,938.5673597279293,543.5191156610778,3.2353739174388982,1,7,0,0
10.358333333333333,938.31857421622,543.854032046897,3.258597443819211,1,7,0,0
10.366666666666667,939.2899379078846,543.5085196717582,3.2638453489226826,1,7,0,0
10.375,939.3522201758068,542.6143850059484,3.243637379803803,1,7,0,0
10.383333333333333,939.3557072084112,542.7167445686223,3.2748144343552323,1,7,0,0
10.391666666666667,939.2192773195092,542.7717969306624,3.2207818789698397,1,7,0,0
10.4,938.5542824972606,543.1277971564288,3.272422845247077,1,7,0,0
10.408333333333333,939.1011163822571,542.8474357034897,3.25223256145567,1,7,0,0
10.416666666666666,990.9081360993621,646.7208014438011,3.223177747194396,1,7,0,0
10.425,989.8397419410385,647.4665381476132,3.2610682232536616,1,7,0,0
10.433333333333334,938.8609969555561,542.3515565949305,3.285002871210037,1,7,0,0
10.441666666666666,937.3637667878612,542.1597638370323,3.251491701327514,1,7,0,0
10.45,937.0884564086211,542.176506887879,3.2707751162082137,1,7,0,0
10.458333333333334,937.031889357339,541.6452531265007,3.2413491848352156,1,7,0,0
10.466666666666667,937.6960134579167,542.41414823097,3.2465160838517253,1,7,0,0
10.475,937.7869440769234,542.6626457545755,3.2816369069734033,1,7,0,0
10.483333333333333,938.335501926622,542.966680696266,3.258163834896491,1,7,0,0
10.491666666666667,938.8513574795884,542.884481286975,3.2772595813377596,1,7,0,0
10.5,939.0566576800801,543.1053200232504,3.2654814408911204,1,7,0,0
10.508333333333333,939.368569554878,543.1652268371732,3.2315236014523636,1,7,0,0
10.516666666666667,938.6663522630228,542.9666163673921,3.265070698451743,1,7,0,0
10.525,938.2509717678334,543.0089630728703,3.2732618869662273,1,7,0,0
10.533333333333333,937.9805267875662,542.6516858703668,3.246005221132063,1,7,0,0
10.541666666666666,938.8446666526564,542.7687786203451,3.3063530961466974,1,7,0,0
10.55,939.397078692105,543.3474832078324,3.230597694320101,1,7,0,0
10.558333333333334,939.2390277161609,544.2886345031098,3.2575071355586127,1,7,0,0
10.566666666666666,939.3288265754026,544.5252879768889,3.240054490143622,1,7,0,0
10.575,939.1791309672362,544.7714387613524,3.302692067662239,1,7,0,0
10.583333333333334,939.7813642244931,544.6347663960156,3.25543769555546,1,7,0,0
10.591666666666667,940.0237054802989,545.1728272865895,3.2330634208053546,1,7,0,0
10.6,940.457702562065,545.3476574227174,3.2815162716909394,1,7,0,0
10.608333333333333,940.1876983458598,546.1460676802801,3.269612887803392,1,7,0,0
10.616666666666667,940.1849093905797,546.8203596756009,3.261753205082036,1,7,0,0
10.625,941.3017707762489,546.3025000915391,3.2671564587052835,1,7,0,0
10.633333333333333,941.2215960061849,546.502308782747,3.279415595283545,1,7,0,0
10.641666666666667,941.2148580124839,545.7124059026467,3.300900239515353,1,7,0,0
10.65,940.7315831902189,545.126147316762,3.321970062475354,1,7,0,0
10.658333333333333,941.5563004011696,546.3850989606486,3.317954190262691,1,7,0,0
10.666666666666666,941.9642967487714,546.2439419531789,3.3014102729854327,1,7,0,0
10.675,941.6242909228142,546.5048806681463,3.278323766363518,1,7,0,0
10.683333333333334,941.3151735403999,546.8780988473756,3.2925035286669995,1,7,0,0
10.691666666666666,940.912533680421,547.1453190517241,3.3187692648274387,1,7,0,0
10.7,941.5863226256574,547.4659210853704,3.272319396841944,1,7,0,0
10.708333333333334,941.6556494486939,547.3756914237686,3.2937305202762093,1,7,0,0
10.716666666666667,941.8278915292407,547.2352295917077,3.255263792589754,1,7,0,0
10.725,942.0575848004406,548.1637701286927,3.2796238444213537,1,7,0,0
10.733333333333333,,,,0,7,0,0
10.741666666666667,,,,0,7,0,0
10.75,,,,0,7,0,0
10.758333333333333,,,,0,7,0,0
10.766666666666667,,,,0,7,0,0
10.775,,,,0,7,0,0
10.783333333333333,,,,0,7,0,0
10.791666666666666,,,,0,7,0,0
10.8,,,,0,7,0,0
10.808333333333334,,,,0,7,0,0
10.816666666666666,,,,0,7,0,0
10.825,943.2250822460337,547.4271078664455,3.295589376752835,1,7,0,0
10.833333333333334,943.8671137298154,547.9124435069241,3.306304121891409,1,7,0,0
10.841666666666667,943.8690671363338,546.8827676012742,3.319627737072222,1,7,0,0
10.85,943.3844948049709,546.5440706480433,3.296825577941176,1,7,0,0
10.858333333333333,943.6248716456581,546.3181352888429,3.259814272862023,1,7,0,0
10.866666666666667,943.8439211110276,546.2753520779884,3.292883783714508,1,7,0,0
10.875,943.9200553293326,546.8618302241202,3.2760534423328873,1,7,0,0
10.883333333333333,943.110186869765,548.0730152786816,3.268708363663261,1,7,0,0
10.891666666666667,944.0921093089404,548.0339107298104,3.3240096418790683,1,7,0,0
10.9,944.1671826100941,547.4742874825251,3.2600736024782786,1,7,0,0
10.908333333333333,,,,0,7,0,0
10.916666666666666,,,,0,7,0,0
10.925,,,,0,7,0,0
10.933333333333334,,,,0,7,0,0
10.941666666666666,,,,0,7,0,0
10.95,,,,0,7,0,0
10.958333333333334,,,,0,7,0,0
10.966666666666667,,,,0,7,0,0
10.975,,,,0,7,0,0
10.983333333333333,,,,0,7,0,0
10.991666666666667,,,,0,7,0,0
11.0,,,,0,7,0,0
11.008333333333333,945.3297101930825,549.6436119111847,3.3347772124437287,1,7,0,0
11.016666666666667,944.6187891151708,549.5028762521274,3.256155632692625,1,7,0,0
11.025,944.188389814705,549.6638163019852,3.333746121361776,1,7,0,0
11.033333333333333,943.5966936204162,549.5659019167736,3.3000535604547103,1,7,0,0
11.041666666666666,943.1863837492687,550.1942635192539,3.255572750131644,1,7,0,0
11.05,942.8051586585011,550.9918110465879,3.3159959035834223,1,7,0,0
11.058333333333334,942.7414275098679,551.1479922854144,3.299374027846019,1,7,0,0
11.066666666666666,942.552185712255,551.5528487111881,3.2460210329691095,1,7,0,0
11.075,942.1797253981418,550.8728854531132,3.300083340871595,1,7,0,0
11.083333333333334,943.3523828988573,550.2712015161454,3.279539385673425,1,7,0,0
11.091666666666667,943.272679810686,551.1949571225985,3.300646490944504,1,7,0,0
11.1,943.326330794324,552.1871774983862,3.307551575292231,1,7,0,0
11.108333333333333,942.6034893079135,552.3197263716504,3.3015800963387876,1,7,0,0
11.116666666666667,942.5868349882777,552.8690459420574,3.313875155869139,1,7,0,0
11.125,942.1727935750977,552.6960500165819,3.313044093292648,1,7,0,0
11.133333333333333,943.2218125387408,552.6623152761243,3.2986776354808764,1,7,0,0
11.141666666666667,943.068563726009,552.8443150595772,3.2688330022684786,1,7,0,0
11.15,943.4822638283514,553.4978402997168,3.3190776612043686,1,7,0,0
11.158333333333333,943.3469827804331,553.2467885586346,3.328493797508108,1,7,0,0
11.166666666666666,943.4184731694615,553.810742210724,3.2872203287714234,1,7,0,0
11.175,943.3828061162234,553.1387181031158,3.3396976794113997,1,7,0,0
11.183333333333334,942.9397771525232,553.3473095085897,3.276303874458983,1,7,0,0
11.191666666666666,943.1466989833351,553.0546399099856,3.300537426438826,1,7,0,0
11.2,943.3365844513125,554.6679437636003,3.3263474994701867,1,7,0,0
11.208333333333334,943.6979469969875,554.9322671676686,3.2581246452940253,1,7,0,0
11.216666666666667,943.7419768801801,555.6108508236051,3.284041231635317,1,7,0,0
11.225,943.1156644536047,556.1714845569923,3.294451178377466,1,7,0,0
11.233333333333333,943.8597294506286,555.510580952856,3.283815276958138,1,7,0,0
11.241666666666667,943.4840036629629,555.7922331253142,3.319282837137451,1,7,0,0
11.25,943.14216350298,555.6999866061578,3.2627632483080427,1,7,0,0
11.258333333333333,943.4370882079027,555.0299050915738,3.2702942511841866,1,7,0,0
11.266666666666667,943.4331080812744,555.1646778535339,3.308436821086041,1,7,0,0
11.275,943.2097679673476,555.4089057233242,3.3018315049690616,1,7,0,0
11.283333333333333,943.2760251650778,554.9745449850175,3.3151087882898715,1,7,0,0
11.291666666666666,942.9812781407471,554.4789025583794,3.2951815639707354,1,7,0,0
11.3,943.0731321513706,555.6458962738645,3.2795748659807744,1,7,0,0
11.308333333333334,942.0094549130306,555.9626248285621,3.283852947999734,1,7,0,0
11.316666666666666,940.7227362269733,555.9618498857456,3.321262520015945,1,7,0,0
11.325,940.4696798992615,556.3350240850848,3.319076947525949,1,7,0,0
11.333333333333334,941.0094046924215,555.6625897126399,3.291911757540589,1,7,0,0
11.341666666666667,940.9871546229047,555.5675122865197,3.3106774247489743,1,7,0,0
11.35,940.9444831300963,556.0544376487671,3.2643153863103294,1,7,0,0
11.358333333333333,940.3377433200815,556.0418161451778,3.3100143909955806,1,7,0,0
11.366666666666667,940.7649813210251,555.1618389605333,3.302887414341913,1,7,0,0
11.375,942.0556491400499,555.4636300611097,3.324233853485231,1,7,0,0
11.383333333333333,941.8527180104303,555.3375916084416,3.2883511277787147,1,7,0,0
11.391666666666667,942.0307350109945,555.4511102184877,3.2840935154186535,1,7,0,0
11.4,942.2283391361455,555.227311707598,3.299430919688554,1,7,0,0
11.408333333333333,942.0451524351615,555.5626325971828,3.327855581248098,1,7,0,0
11.416666666666666,942.2901110124933,555.4940557134754,3.315150572272323,1,7,0,0
11.425,941.5849751623927,555.2087242071809,3.302884475832213,1,7,0,0
11.433333333333334,941.4595553110388,555.7424725505474,3.313684225533866,1,7,0,0
11.441666666666666,942.1815114374813,556.2479142800393,3.31358293169622,1,7,0,0
11.45,942.4243194280269,555.9536012235915,3.3067685478913758,1,7,0,0
11.458333333333334,942.3628717952214,557.0090770109704,3.3192261879462515,1,7,0,0
11.466666666666667,941.6602331722754,557.2287345304841,3.344708883455546,1,7,0,0
11.475,941.2730568246699,557.3680419956493,3.341022060464304,1,7,0,0
11.483333333333333,941.6996456814667,557.8848445102027,3.3598609892921196,1,7,0,0
11.491666666666667,940.9533055263623,557.7669771987054,3.3828538437758833,1,7,0,0
11.5,940.8398074594326,559.2440284591275,3.345521006343081,1,7,0,0
11.508333333333333,941.1424869798726,559.4065088480365,3.338377624121723,1,7,0,0
11.516666666666667,941.4288502698267,559.0494711846306,3.306149737117065,1,7,0,0
11.525,942.5213221433237,558.6030905128762,3.364522201582417,1,7,0,0
11.533333333333333,942.3450787471478,557.9383241003306,3.344278043122802,1,7,0,0
11.541666666666666,942.6683561823237,557.3536429987494,3.3240766493444807,1,7,0,0
11.55,942.3317800471386,557.3813894054357,3.352661480258533,1,7,0,0
11.558333333333334,941.8685772789327,557.4545804410066,3.3516925860397784,1,7,0,0
11.566666666666666,941.590050175409,557.1240610316665,3.313162153026888,1,7,0,0
11.575,941.7800224929181,556.6976346447171,3.3529845513653886,1,7,0,0
11.583333333333334,942.501632220996,557.3601372040679,3.3427029130047536,1,7,0,0
11.591666666666667,942.2889934400664,557.9009018908163,3.348666609072047,1,7,0,0
11.6,942.8832893454223,557.7813555819992,3.3515009221010392,1,7,0,0
11.608333333333333,943.8140575018351,557.8241219124616,3.3635192583769267,1,7,0,0
11.616666666666667,943.607903189678,557.9565914904911,3.323993419544976,1,7,0,0
11.625,942.7501460304801,558.5429070947123,3.340341491161921,1,7,0,0
11.633333333333333,942.8134071364649,558.6909694220595,3.328591461514232,1,7,0,0
11.641666666666667,942.5869792249746,559.033772815399,3.330974621318594,1,7,0,0
11.65,942.8495660707558,558.9793755971751,3.2934769176927428,1,7,0,0
11.658333333333333,942.8740640524998,558.8967374995159,3.30627896253528,1,7,0,0
11.666666666666666,955.2454527947584,521.6282426912272,3.331445435627743,1,7,0,0
11.675,955.0325826020782,521.6963465517771,3.2678170625016665,1,7,0,0
11.683333333333334,942.8139179805298,559.3612589366433,3.326562452619615,1,7,0,0
11.691666666666666,943.275246440233,558.6055523351029,3.334498065265742,1,7,0,0
11.7,943.5820518966716,558.2693665911379,3.3219957196975956,1,7,0,0
11.708333333333334,943.4510266530724,557.6621717708385,3.3697709895223094,1,7,0,0
11.716666666666667,942.9461678251067,557.817720667929,3.321633764516499,1,7,0,0
11.725,943.2686042279522,558.0917525541532,3.3041716930445126,1,7,0,0
11.733333333333333,943.197637714823,557.9518120583555,3.299644545384101,1,7,0,0
11.741666666666667,704.0870943385623,186.2728605817639,3.3168574226892,1,7,0,0
11.75,704.7347094024935,186.25022370640454,3.3253987417438275,1,7,0,0
11.758333333333333,943.302311595201,558.4529949074423,3.2795424141363614,1,7,0,0
11.766666666666667,943.962461888469,558.4226000045321,3.2973402432001753,1,7,0,0
11.775,944.4414863877889,558.4942710567382,3.3065228159487243,1,7,0,0
11.783333333333333,944.1021519244115,558.1391467486941,3.286895729756472,1,7,0,0
11.791666666666666,943.8771683572451,558.4337214019175,3.2877887361285443,1,7,0,0
11.8,943.2314299217368,558.0303832130587,3.3083825820135297,1,7,0,0
11.808333333333334,943.6733866626138,557.7067450915516,3.3098705212141777,1,7,0,0
11.816666666666666,944.0826576168461,557.79674277869,3.2581419700118124,1,7,0,0
11.825,943.9500005254697,556.8787400370527,3.276202585011116,1,7,0,0
11.833333333333334,943.6844750723171,556.2522492817528,3.2979130530989957,1,7,0,0
11.841666666666667,944.2096429895073,556.5981153693414,3.2683830216430843,1,7,0,0
11.85,943.5023204660008,557.6057768107238,3.281613809335521,1,7,0,0
11.858333333333333,943.2846042417609,558.1306539463304,3.242220531850227,1,7,0,0
11.866666666666667,943.6853693912611,557.6438698156918,3.272832698679449,1,7,0,0
11.875,944.3718765440782,557.8444293781505,3.3069278359984486,1,7,0,0
11.883333333333333,944.3356393352148,558.4626266141228,3.2902386575551623,1,7,0,0
11.891666666666667,944.5846207736371,557.9435584657422,3.2950390641337552,1,7,0,0
11.9,944.3959124420888,558.0299344573159,3.288256514479416,1,7,0,0
11.908333333333333,944.2736583728803,557.7759410637057,3.2560694685022824,1,7,0,0
11.916666666666666,945.1199759184672,557.5739126127557,3.291704298184668,1,7,0,0
11.925,199.03233867870972,404.5749895592895,3.2552269147222574,1,7,0,0
11.933333333333334,199.64680608323738,405.1072108552239,3.274765952745023,1,7,0,0
11.941666666666666,945.511881707659,558.1035186550876,3.274498997915618,1,7,0,0
11.95,945.685583254943,558.2347028245615,3.261944165574499,1,7,0,0
11.958333333333334,946.3689197349387,557.3115300440157,3.267366219644118,1,7,0,0
11.966666666666667,946.1994383329645,557.4389159188802,3.2603234714197638,1,7,0,0
11.975,946.8326961282123,556.6571519032774,3.2520435644682446,1,7,0,0
11.983333333333333,946.4682360403513,556.798454892849,3.2686173157347205,1,7,0,0
11.991666666666667,947.7912022253156,556.7781178890241,3.25603868649211,1,7,0,0
12.0,947.8518451373667,558.3061329124662,3.2329137711981635,1,7,0,0
12.008333333333333,947.4647738408802,559.0780123367301,3.266482504179359,1,7,0,0
12.016666666666667,948.647200490063,558.4453066193893,3.2640588170291007,1,7,0,0
12.025,948.3349119332524,558.4606555934139,3.23294639594142,1,7,0,0
12.033333333333333,948.0422227213053,558.4154516434087,3.276763623517416,1,7,0,0
12.041666666666666,948.0147126619385,557.9724840246558,3.256105645809119,1,7,0,0
12.05,948.1382389089055,557.8853669611649,3.2385383487173525,1,7,0,0
12.058333333333334,947.9965634675261,557.9718906845201,3.2274361975617203,1,7,0,0
12.066666666666666,949.062996861789,557.8114244833066,3.236066982666173,1,7,0,0
12.075,949.0331680286624,557.6372897371853,3.2645391310100806,1,7,0,0
12.083333333333334,949.2520525268812,558.6969409780513,3.2378223267017776,1,7,0,0
12.091666666666667,949.0191120428002,558.3771479116417,3.235182119805841,1,7,0,0
12.1,949.4640308768311,558.7494038777505,3.2158343738030295,1,7,0,0
12.108333333333333,949.8040762738476,559.0683332142614,3.226738520375337,1,7,0,0
12.116666666666667,949.7485222958339,558.6788540438097,3.2273643847917826,1,7,0,0
12.125,950.2894074477025,559.3662577663846,3.2215726922285035,1,7,0,0
12.133333333333333,949.9410437719829,559.448071984914,3.2406962206933083,1,7,0,0
12.141666666666667,949.709494296546,559.0578542286027,3.274699514885013,1,7,0,0
12.15,949.775722979193,558.5259072726162,3.220411818552731,1,7,0,0
12.158333333333333,950.0443437622018,559.2111732508112,3.239157708682909,1,7,0,0
12.166666666666666,949.6743918980957,559.250297060455,3.243413592898689,1,7,0,0
12.175,949.2131739137591,558.7001334710326,3.272901637681677,1,7,0,0
12.183333333333334,949.4387596588065,559.2952076711049,3.2439232352928844,1,7,0,0
12.191666666666666,948.8302305736964,560.3538180749039,3.2455224823513915,1,7,0,0
12.2,948.5759689298213,559.8820150032965,3.2453354858144157,1,7,0,0
12.208333333333334,948.4185685502401,559.3557427190761,3.2499950275596414,1,7,0,0
12.216666666666667,947.8706525168695,560.0054115547181,3.229124332450935,1,7,0,0
12.225,947.4988348386207,560.012388135603,3.239811055531685,1,7,0,0
12.233333333333333,946.8847761728815,560.0996804346192,3.2470492486393305,1,7,0,0
12.241666666666667,946.6253776930082,560.4771390593463,3.2301794638356136,1,7,0,0
12.25,946.818330745162,560.6841447950242,3.2372589979029525,1,7,0,0
12.258333333333333,946.8471566638605,561.1702031955643,3.2160705221783767,1,7,0,0
12.266666666666667,945.8727786506786,561.2594453692433,3.246323287044023,1,7,0,0
12.275,945.2641557614648,560.9498940943811,3.1880836690190724,1,7,0,0
12.283333333333333,944.8674673520032,560.9841787154719,3.2189049582202016,1,7,0,0
12.291666666666666,944.9268432847978,561.2431055797433,3.253168611648097,1,7,0,0
12.3,945.4235199074063,560.3531362712985,3.224328389046759,1,7,0,0
12.308333333333334,945.9672063464161,560.3521567876444,3.2143508853662945,1,7,0,0
12.316666666666666,945.687624221259,560.8731618306932,3.2323400391089767,1,7,0,0
12.325,945.5709085015723,561.3604845948153,3.2291645645901026,1,7,0,0
12.333333333333334,944.9985371532152,560.3640590230551,3.1959951230726924,1,7,0,0
12.341666666666667,945.4469870045215,560.5934790592938,3.205517898644922,1,7,0,0
12.35,946.4017036205157,560.6492205465375,3.1792611988774158,1,7,0,0
12.358333333333333,946.8447193691388,560.5917581834083,3.232494399189002,1,7,0,0
12.366666666666667,946.5248858326398,559.8486033218477,3.2479060055497158,1,7,0,0
12.375,947.0040665418421,560.0725874274942,3.166927359758314,1,7,0,0
12.383333333333333,946.6954479225664,559.7674114366577,3.207361192862109,1,7,0,0
12.391666666666667,947.0218725341041,559.7934689837816,3.2239730500528765,1,7,0,0
12.4,946.3228781558075,559.9383304594846,3.2294415997563353,1,7,0,0
12.408333333333333,946.0746464920699,559.8854825511336,3.2209773230540866,1,7,0,0
12.416666666666666,945.9824437396605,559.9512892098224,3.22303048549253,1,7,0,0
12.425,945.3703614544085,560.5135217625345,3.1734548665939024,1,7,0,0
12.433333333333334,945.1143537798432,561.3679088439766,3.2024696272454265,1,7,0,0
12.441666666666666,945.3883112326203,562.1272346994059,3.2156276426332746,1,7,0,0
12.45,945.5003067604532,562.5408912348271,3.2104341237015346,1,7,0,0
12.458333333333334,945.9846547943712,562.6170744245798,3.1811914166514446,1,7,0,0
12.466666666666667,945.2874169075375,562.7726601847575,3.1722196940249066,1,7,0,0
12.475,944.8756187552569,563.212348169936,3.209907819124502,1,7,0,0
12.483333333333333,945.1095646394048,563.8109317936352,3.193190615398329,1,7,0,0
12.491666666666667,946.1435332706055,562.6308009216866,3.1969091324953363,1,7,0,0
12.5,946.0131094344359,563.07313385858,3.2402545335128727,1,7,0,0
12.508333333333333,945.975521293078,563.1075384767439,3.1700215023114016,1,7,0,0
12.516666666666667,945.2822277442922,563.1529272697327,3.182910055794944,1,7,0,0
12.525,946.1203976311767,563.4236549353847,3.210123387657181,1,7,0,0
12.533333333333333,946.0923736623056,563.614913099144,3.1999010922302316,1,7,0,0
12.541666666666666,946.1007680402384,563.3425438213798,3.209044265663035,1,7,0,0
12.55,945.6006963593638,562.9141061686545,3.181941317672375,1,7,0,0
12.558333333333334,945.098497029351,563.0359045575333,3.219003168572588,1,7,0,0
12.566666666666666,945.2473839442434,563.0332211923565,3.1838985633999433,1,7,0,0
12.575,944.7238550392607,562.4156641455052,3.201903831165335,1,7,0,0
12.583333333333334,945.0056617779012,561.5017316986081,3.17512793642233,1,7,0,0
12.591666666666667,945.3043034314638,561.4589579485502,3.1945490146918782,1,7,0,0
12.6,946.6697691732713,561.695603758916,3.1869209252071173,1,7,0,0
12.608333333333333,946.6040417270149,561.7748864201761,3.22634923717619,1,7,0,0
12.616666666666667,946.3843458342604,561.4150871230207,3.1687782149519275,1,7,0,0
12.625,947.4488355789478,561.6812737946876,3.1791649502364714,1,7,0,0
12.633333333333333,946.8601798081213,562.366739626797,3.1770260994128527,1,7,0,0
12.641666666666667,946.2276142003212,562.2607174301063,3.1850560942312622,1,7,0,0
12.65,946.5508780553331,562.5034883964129,3.1669851740594734,1,7,0,0
12.658333333333333,947.2344746821523,563.0550968987723,3.1554514768701445,1,7,0,0
12.666666666666666,946.7982736167111,562.098730828675,3.190493193290775,1,7,0,0
12.675,946.8217121034662,562.3512243059249,3.184158489550176,1,7,0,0
12.683333333333334,948.0002331493788,561.8667124191203,3.175262387863248,1,7,0,0
12.691666666666666,947.8374440157412,562.2634166205864,3.167891224919142,1,7,0,0
12.7,947.098439006291,561.966711644537,3.1793596116890557,1,7,0,0
12.708333333333334,947.4932009715521,561.8704525821873,3.183329148976006,1,7,0,0
12.716666666666667,946.9758250192154,561.9788474326006,3.172767152126411,1,7,0,0
12.725,947.0921541543901,562.2861630632767,3.1614226920545705,1,7,0,0
12.733333333333333,947.2815788420588,561.3537529065279,3.179928307288799,1,7,0,0
12.741666666666667,947.3295531204919,561.3549192987552,3.2155151122256886,1,7,0,0
12.75,947.2738949427974,561.65661084127,3.1927091212397514,1,7,0,0
12.758333333333333,947.3016116422039,561.677852375047,3.1803432782558883,1,7,0,0
12.766666666666667,947.1070671416777,561.8007225946835,3.1703593539567914,1,7,0,0
12.775,947.3374523114759,561.7090825498983,3.1440591059041685,1,7,0,0
12.783333333333333,946.5526316095192,562.0606360062937,3.1397863538979864,1,7,0,0
12.791666666666666,947.6416656758066,562.3616971181336,3.175808305758966,1,7,0,0
12.8,947.8022590633973,562.3482054341899,3.150309682830856,1,7,0,0
12.808333333333334,948.2517889563412,561.9700181209472,3.1613348214465113,1,7,0,0
12.816666666666666,948.8753023930007,562.0556173441677,3.200343143657382,1,7,0,0
12.825,949.0961552045403,561.9668504886972,3.1769144747263316,1,7,0,0
12.833333333333334,949.2806339061378,562.3029346063871,3.153484005149571,1,7,0,0
12.841666666666667,949.0585821614214,561.7143517603585,3.1211226611701934,1,7,0,0
12.85,950.0747343454175,561.3313427558052,3.1988469657059406,1,7,0,0
12.858333333333333,950.2857387554852,560.9390940690134,3.18441245956705,1,7,0,0
12.866666666666667,951.221637758637,560.3875019301167,3.182728128277038,1,7,0,0
12.875,951.2786113988905,560.0557542418948,3.146678971978424,1,7,0,0
12.883333333333333,972.6733211168741,516.8409325491152,3.1825916346923275,1,7,0,0
12.891666666666667,972.639432028726,516.7576648587021,3.1569823332097404,1,7,0,0
12.9,951.8406416244079,560.4442259962447,3.1489308245122327,1,7,0,0
12.908333333333333,952.0381605940579,559.8768695438239,3.1309428164405126,1,7,0,0
12.916666666666666,951.7190390699883,560.3976733062821,3.1367649784426668,1,7,0,0
12.925,951.0375570132114,560.0973376520978,3.1351956616943597,1,7,0,0
12.933333333333334,950.9660315182217,560.3088974463853,3.1565599930224164,1,7,0,0
12.941666666666666,950.4734367495473,560.5977704560198,3.1439669134028025,1,7,0,0
12.95,950.5656762027905,559.2015992130508,3.1440676698257,1,7,0,0
12.958333333333334,950.5675424865957,559.4138934578377,3.144710941583679,1,7,0,0
12.966666666666667,952.2186884593763,479.22739736373245,3.1644509276423083,1,7,0,0
12.975,951.9718240262432,479.9310005311382,3.1364572947293055,1,7,0,0
12.983333333333333,950.0101891261243,560.2744006302142,3.1429487793612267,1,7,0,0
12.991666666666667,948.892154529519,560.3769395118617,3.1250330385110447,1,7,0,0
13.0,950.1197689910092,559.8697612612907,3.140289115952918,1,7,0,0
13.008333333333333,949.8087903109558,560.1702010807205,3.1401664437638144,1,7,0,0
13.016666666666667,950.9672238518643,559.9927361240244,3.1422530480370483,1,7,0,0
13.025,950.7417507892917,560.0445119016106,3.1483878690920455,1,7,0,0
13.033333333333333,949.5579973564569,559.8348794785179,3.1365921120946703,1,7,0,0
13.041666666666666,950.4477551223238,560.553693781432,3.1440337527808033,1,7,0,0
13.05,950.7876627663356,561.1239200273347,3.1310062030129506,1,7,0,0
13.058333333333334,950.4958533070075,561.6349476722593,3.1550560003896173,1,7,0,0
13.066666666666666,949.4556517372592,561.0405987199044,3.1390965440390306,1,7,0,0
13.075,950.1239113858976,560.4989666210093,3.138212194486042,1,7,0,0
13.083333333333334,950.4008612326119,560.6547004707827,3.1369392469533786,1,7,0,0
13.091666666666667,950.4478089578049,561.6471799961926,3.1154086055695496,1,7,0,0
13.1,950.5779978569269,561.797403442687,3.1721770246634393,1,7,0,0
13.108333333333333,950.0381142481937,562.7180717390153,3.123836384306893,1,7,0,0
13.116666666666667,950.7678492166935,563.5221136105243,3.115759239208449,1,7,0,0
13.125,951.6572868026574,563.5427972690775,3.109752449318759,1,7,0,0
13.133333333333333,951.2897368741758,563.2345921457279,3.1394787806853937,1,7,0,0
13.141666666666667,951.7301400561281,563.5737679790178,3.1542281533489644,1,7,0,0
13.15,952.5609146704783,563.872697668374,3.1369500406565654,1,7,0,0
13.158333333333333,953.5533364913869,563.9733956703527,3.120761822475939,1,7,0,0
13.166666666666666,953.5476777448254,564.1764911964092,3.0914611178501836,1,7,0,0
13.175,953.5950660646299,564.8196524242838,3.1173806495724365,1,7,0,0
13.183333333333334,953.9013964025385,564.7671016104453,3.119499652698501,1,7,0,0
13.191666666666666,953.7251362372651,564.3443384559326,3.101520274150226,1,7,0,0
13.2,954.4164043028298,564.2428084659134,3.11731380965167,1,7,0,0
13.208333333333334,954.4492541819412,564.3679610896395,3.116567071429745,1,7,0,0
13.216666666666667,954.9625042276897,564.8380511725928,3.122271076520305,1,7,0,0
13.225,955.4362052543846,564.6486485657067,3.0891389520522545,1,7,0,0
13.233333333333333,955.4715439317765,564.5177464075415,3.1114132982696345,1,7,0,0
13.241666666666667,955.6883685449467,563.9713051862319,3.113973457773341,1,7,0,0
13.25,954.5797882918151,563.6640690440253,3.136903868629271,1,7,0,0
13.258333333333333,955.2034144420659,563.4397816890413,3.1274691986305316,1,7,0,0
13.266666666666667,954.903962919242,562.9836549795348,3.108863684168059,1,7,0,0
13.275,955.1012185064764,562.9206511700971,3.110747769729829,1,7,0,0
13.283333333333333,954.0410246011174,563.104264431457,3.092908362559732,1,7,0,0
13.291666666666666,955.0007771201126,563.1608853254603,3.1397656556996374,1,7,0,0
13.3,955.0038694643416,564.0517066221506,3.1012570265257193,1,7,0,0
13.308333333333334,954.8253837333457,564.5760911376885,3.1190739741997655,1,7,0,0
13.316666666666666,954.1728498734592,563.7829359033251,3.1062936814112727,1,7,0,0
13.325,953.9531235113024,563.5107014486322,3.107334499831419,1,7,0,0
13.333333333333334,953.0173470949339,562.89545810177,3.093769021194923,1,7,0,0
13.341666666666667,953.3987508898252,563.3087536612275,3.106606543700337,1,7,0,0
13.35,953.0526209999229,562.9605578039351,3.1167367992386037,1,7,0,0
13.358333333333333,952.5252875507193,563.0600709269172,3.131190901824796,1,7,0,0
13.366666666666667,952.4098414835177,562.8180400255337,3.0975765980823744,1,7,0,0
13.375,952.3196730725153,562.7246707943323,3.1034327708689573,1,7,0,0
13.383333333333333,952.3746481137875,562.5238284314236,3.0995537712192816,1,7,0,0
13.391666666666667,952.4536934171083,561.9085666518023,3.0971435755214376,1,7,0,0
13.4,951.9793896519274,561.5334920383285,3.1304512568104856,1,7,0,0
13.408333333333333,952.151664316358,562.1579364522843,3.0786686867356194,1,7,0,0
13.416666666666666,951.1284760493572,562.4828826736255,3.1197292290203182,1,7,0,0
13.425,951.2785504410233,562.798803836632,3.0989409329755544,1,7,0,0
13.433333333333334,951.5806673059809,562.9076963767625,3.098126556619512,1,7,0,0
13.441666666666666,952.1761084624553,563.5692914279871,3.0776153966388216,1,7,0,0
13.45,951.3065775742923,564.2238007715305,3.0867437734460785,1,7,0,0
13.458333333333334,951.4310910191402,563.9120058789537,3.112727021161391,1,7,0,0
13.466666666666667,951.815200364585,562.6822500845369,3.10818140292895,1,7,0,0
13.475,952.0339506123091,563.0642696361975,3.1165901168225716,1,7,0,0
13.483333333333333,952.9335801445029,563.0705149507928,3.0940442189250628,1,7,0,0
13.491666666666667,952.0218906554439,562.9388826128569,3.1080352439755994,1,7,0,0
13.5,952.4937447506993,563.0703206912458,3.115367757714248,1,7,0,0
13.508333333333333,951.8547387649046,562.9884606481086,3.1131183372744666,1,7,0,0
13.516666666666667,952.143161656625,562.8104277275406,3.0747144871505667,1,7,0,0
13.525,952.500296502517,563.2290111218812,3.147383892007144,1,7,0,0
13.533333333333333,952.7250955354363,563.5270121105673,3.070263852344216,1,7,0,0
13.541666666666666,952.3865197544507,563.4251313774681,3.101519762743763,1,7,0,0
13.55,952.7349335915287,562.245666267841,3.104061257425073,1,7,0,0
13.558333333333334,953.2696663220046,562.06219315216,3.116839946516039,1,7,0,0
13.566666666666666,953.1627302962063,561.8819009523415,3.1279213289832613,1,7,0,0
13.575,953.388777735327,561.8342413030623,3.1209086766658385,1,7,0,0
13.583333333333334,952.4675140148343,561.7652520622377,3.0922768862783876,1,7,0,0
13.591666666666667,952.5706528746267,562.7336242569938,3.102586513873006,1,7,0,0
13.6,953.2289203314535,563.2908030835755,3.0935954737803524,1,7,0,0
13.608333333333333,953.2650423678442,563.2695807452328,3.1030844275997334,1,7,0,0
13.616666666666667,952.8882054631455,563.5993111959623,3.120028056198407,1,7,0,0
13.625,952.8596410566842,563.9617273436788,3.1185346034252674,1,7,0,0
13.633333333333333,952.3517301494138,563.4826545759058,3.0669286476680355,1,7,0,0
13.641666666666667,952.071902208889,563.6559301115672,3.0707109367301784,1,7,0,0
13.65,952.7800119270073,564.2548618121548,3.089230939352542,1,7,0,0
13.658333333333333,952.221414325866,563.9174432728784,3.0805780025276266,1,7,0,0
13.666666666666666,952.4422516887411,564.2209087249439,3.089068910380834,1,7,0,0
13.675,951.4606427169892,563.697723841428,3.108577795459994,1,7,0,0
13.683333333333334,950.7154618554839,562.7512981771121,3.092478172413331,1,7,0,0
13.691666666666666,950.7203614518097,563.0896082515501,3.0872787446260896,1,7,0,0
13.7,950.1571962296393,563.1520849726134,3.095736566420859,1,7,0,0
13.708333333333334,950.0136338659919,563.7242796052521,3.086704480988697,1,7,0,0
13.716666666666667,950.6692258932039,563.5874329595174,3.112617122771778,1,7,0,0
13.725,951.1653488831843,563.4658241539323,3.0738137817662574,1,7,0,0
13.733333333333333,950.8638199535305,563.3121493834705,3.108536941181516,1,7,0,0
13.741666666666667,950.4205716329163,564.4106726310645,3.0906884300575883,1,7,0,0
13.75,950.4404492136007,565.2650673239153,3.1044152491271655,1,7,0,0
13.758333333333333,951.0712670654588,565.2706724995902,3.123310916130521,1,7,0,0
13.766666666666667,950.7217352880829,564.8547454096779,3.1080584399775883,1,7,0,0
13.775,951.1813103883824,564.4794478980324,3.1176686535913074,1,7,0,0
13.783333333333333,950.4488778450782,564.9711617216506,3.1122555140279604,1,7,0,0
13.791666666666666,950.7038925913117,563.3396385188599,3.0940043750847726,1,7,0,0
13.8,951.2740510863704,563.2406270262785,3.1197484865139558,1,7,0,0
13.808333333333334,951.0752284177956,563.2324221322687,3.1427152357785633,1,7,0,0
13.816666666666666,951.329906015089,563.1411693268677,3.097737981040719,1,7,0,0
13.825,951.6475457616342,563.0232296711716,3.06914242377997,1,7,0,0
13.833333333333334,951.6264470773455,562.223660802219,3.116220786162249,1,7,0,0
13.841666666666667,951.4504174495366,562.2371789596418,3.101175768634411,1,7,0,0
13.85,951.2973782294097,561.8485064691737,3.0960955438087496,1,7,0,0
13.858333333333333,951.593509853871,562.8958899821023,3.0897446944729636,1,7,0,0
13.866666666666667,951.7510372356767,563.3231063854208,3.105825981964903,1,7,0,0
13.875,951.8138668690393,563.4282437695648,3.088671255393667,1,7,0,0
13.883333333333333,952.1481129811046,563.1705999990934,3.074071417802758,1,7,0,0
13.891666666666667,951.9545336242873,562.4591244343723,3.094265815693288,1,7,0,0
13.9,951.7370121107416,562.4205059353421,3.0919146040165706,1,7,0,0
13.908333333333333,951.4682203677593,561.9434296491149,3.134875437807424,1,7,0,0
13.916666666666666,952.1561132105542,561.5088478286382,3.0761234380123583,1,7,0,0
13.925,951.8234427585578,561.8571808170916,3.1505524637520246,1,7,0,0
13.933333333333334,951.6411160001344,562.0079192790794,3.1170729783336513,1,7,0,0
13.941666666666666,951.5362694979704,561.723957067332,3.141060187070288,1,7,0,0
13.95,951.9059520666015,561.7298586476393,3.0869819837034433,1,7,0,0
13.958333333333334,951.9668794651004,562.0287200986082,3.1411027341909405,1,7,0,0
13.966666666666667,951.8127382242518,562.1436514997438,3.0883457307835,1,7,0,0
13.975,951.3992663763134,562.4628065304527,3.093489895160269,1,7,0,0
13.983333333333333,950.9553479191196,561.9586508811818,3.1101361971264194,1,7,0,0
13.991666666666667,951.527837671434,562.0945754323678,3.0956537643082664,1,7,0,0
14.0,951.8851943036076,562.3912766697815,3.107352634302685,1,7,0,0
14.008333333333333,952.2267917859219,562.1144313048591,3.115756663480513,1,7,0,0
14.016666666666667,951.6366253668208,562.9288315799911,3.095906042407797,1,7,0,0
14.025,951.3938979585467,562.6156672000044,3.1188002101460905,1,7,0,0
14.033333333333333,950.5019426149065,562.4219727887668,3.05847253500323,1,7,0,0
14.041666666666666,951.7578940318265,563.0891242369019,3.1203989572130784,1,7,0,0
14.05,951.5563527410746,563.2192454796534,3.1321831710917154,1,7,0,0
14.058333333333334,951.4441984249273,563.0847704463789,3.104667929303067,1,7,0,0
14.066666666666666,951.2883700503509,563.1084555879553,3.104719728134313,1,7,0,0
14.075,951.7142998906237,562.1202969152246,3.094736894108814,1,7,0,0
14.083333333333334,950.9763294754347,561.9317650177718,3.0880281147243194,1,7,0,0
14.091666666666667,951.13780781976,561.6011672768285,3.093676588591923,1,7,0,0
14.1,950.6333418538691,561.4752078480535,3.098638922277875,1,7,0,0
14.108333333333333,951.336992272532,562.2128022983854,3.110772601196566,1,7,0,0
14.116666666666667,952.4178931210835,561.8807731983355,3.1232404147576167,1,7,0,0
14.125,951.2354610845144,562.0622153582186,3.1080452534973064,1,7,0,0
14.133333333333333,951.7172432767271,562.0211275033079,3.11449017652334,1,7,0,0
14.141666666666667,951.4896598601833,561.7219582469785,3.0847178377491975,1,7,0,0
14.15,951.6118222372548,561.3992524410351,3.1066876928805436,1,7,0,0
14.158333333333333,952.1256955647789,561.1956730108311,3.103167743792794,1,7,0,0
14.166666666666666,951.6329634923904,561.0903611629069,3.0861988225739583,1,7,0,0
14.175,950.9911602277317,561.1877262975867,3.1374669804982007,1,7,0,0
14.183333333333334,950.4664292945492,561.1656637764999,3.1062850826137507,1,7,0,0
14.191666666666666,951.0170315280955,561.2643610867343,3.132043443414066,1,7,0,0
14.2,950.6414330762373,561.5011241700731,3.1579554906639875,1,7,0,0
14.208333333333334,950.7665106695508,560.9756271348816,3.1059205247767743,1,7,0,0
14.216666666666667,949.370806583559,560.8588552311787,3.087303714441652,1,7,0,0
14.225,949.7163720062716,560.0338849445276,3.0984533565678944,1,7,0,0
14.233333333333333,950.8479128017802,560.1935399384705,3.091712885693114,1,7,0,0
14.241666666666667,951.2149856521738,559.8714707787435,3.0977457393742034,1,7,0,0
14.25,951.8064832683522,560.7757656116542,3.1270569992166495,1,7,0,0
14.258333333333333,951.6115529799267,560.5655789162756,3.1208322408667457,1,7,0,0
14.266666666666667,952.232766007112,560.9396953610003,3.1340608057059427,1,7,0,0
14.275,951.3947946022637,560.7859843641367,3.124244403455094,1,7,0,0
14.283333333333333,952.0495111321912,560.2667485523145,3.0873922892610794,1,7,0,0
14.291666666666666,952.9447541602673,560.2963418195523,3.1335100679023893,1,7,0,0
14.3,952.9557574630695,560.4824926387389,3.1089062496668634,1,7,0,0
14.308333333333334,952.8111264188634,561.189853931146,3.150182404377484,1,7,0,0
14.316666666666666,953.4371156359274,562.0041106291584,3.1030040873474585,1,7,0,0
14.325,952.8634049822907,562.5497319871373,3.136689764949022,1,7,0,0
14.333333333333334,952.9500813319484,562.2687869953206,3.114261067197832,1,7,0,0
14.341666666666667,953.3125611260946,562.0863982486699,3.1286406893378174,1,7,0,0
14.35,953.1700085423532,562.2135570542252,3.143764294138279,1,7,0,0
14.358333333333333,952.4061616603253,562.5720470565057,3.107398876610946,1,7,0,0
14.366666666666667,952.0746369691559,562.3328024510571,3.113803662893961,1,7,0,0
14.375,951.633505155608,562.9400024179456,3.1221970024930727,1,7,0,0
14.383333333333333,950.9033456613863,563.118794718139,3.0977572878519513,1,7,0,0
14.391666666666667,986.907101098633,697.646247515192,3.09580628007018,1,7,0,0
14.4,987.316269007878,697.9762502498749,3.137820950587631,1,7,0,0
14.408333333333333,950.3104808149646,562.3975473985911,3.153879454064867,1,7,0,0
14.416666666666666,950.9804884151904,561.7713689158408,3.1026596142534686,1,7,0,0
14.425,951.0950197776889,561.2122299298593,3.1228832683736805,1,7,0,0
14.433333333333334,951.4694523102442,561.4841816137972,3.1159376470698614,1,7,0,0
14.441666666666666,937.716272934697,277.04714218329474,3.1804215651612133,1,7,0,0
14.45,937.7472506517169,277.29736166106085,3.165439893180825,1,7,0,0
14.458333333333334,950.7676182303675,561.8316261893874,3.1659841554457353,1,7,0,0
14.466666666666667,951.3822153134249,561.4292651547983,3.1318681972722744,1,7,0,0
14.475,951.9311238154721,560.9884987741158,3.1502331643239665,1,7,0,0
14.483333333333333,951.8577385829225,561.3456313372596,3.174030271965567,1,7,0,0
14.491666666666667,951.9494254531346,561.8993187668547,3.1518554501130627,1,7,0,0
14.5,951.8970139996807,561.47075471375,3.1380626876024427,1,7,0,0
14.508333333333333,950.9044590254664,560.9466408868723,3.1082014418472625,1,7,0,0
14.516666666666667,951.487241835534,561.5260369765655,3.1474098419101635,1,7,0,0
14.525,951.8755951463565,562.1864711923156,3.1259396343580774,1,7,0,0
14.533333333333333,952.0079112665366,561.8357448702985,3.1706476065346147,1,7,0,0
14.541666666666666,952.3470517332349,561.0777639206152,3.1594803976540735,1,7,0,0
14.55,952.1716951479248,561.7676388576277,3.129535221016855,1,7,0,0
14.558333333333334,951.3479368964807,562.447643457619,3.155320726215226,1,7,0,0
14.566666666666666,952.4859249759841,562.807340353529,3.1249171429480556,1,7,0,0
14.575,952.0137821154383,563.8724593758816,3.1317175435984335,1,7,0,0
14.583333333333334,951.5759034099251,564.4621178849599,3.158076931315555,1,7,0,0
14.591666666666667,951.5426795044821,564.8614384691913,3.118690111249173,1,7,0,0
14.6,951.1959906561631,564.4504101956743,3.1357297191657407,1,7,0,0
14.608333333333333,951.1224251248794,564.8227311404679,3.1132122437247913,1,7,0,0
14.616666666666667,951.4757515663101,564.9052174872435,3.1343608335174107,1,7,0,0
14.625,951.3882113084335,564.9263159394172,3.174267454801036,1,7,0,0
14.633333333333333,951.4662356238674,565.6784413670133,3.191482528925795,1,7,0,0
14.641666666666667,951.417182500273,565.2125581621082,3.163606674899475,1,7,0,0
14.65,950.6626732280962,565.5719741764581,3.1541943243562915,1,7,0,0
14.658333333333333,951.9586951539162,566.0767296033595,3.145538220725636,1,7,0,0
14.666666666666666,951.9491364752835,566.361346903793,3.1681597097024796,1,7,0,0
14.675,951.0307741093542,565.7818858764412,3.185546387054336,1,7,0,0
14.683333333333334,951.4311926497717,566.058919903529,3.1727097464568623,1,7,0,0
14.691666666666666,951.7463560129542,566.069064808639,3.168675046252506,1,7,0,0
14.7,951.2652730212861,566.2180007662491,3.182769925421078,1,7,0,0
14.708333333333334,950.4181723700538,566.5366163308809,3.1703884554892916,1,7,0,0
14.716666666666667,950.2207283896995,567.9320656565606,3.191726462548703,1,7,0,0
14.725,949.5404243272582,567.889353746096,3.1373518744199878,1,7,0,0
14.733333333333333,948.7159672534182,566.643998894073,3.1853566402843048,1,7,0,0
14.741666666666667,948.7667743591494,566.0027814796267,3.1648493021207984,1,7,0,0
14.75,948.6738529050843,565.3334478977359,3.2048286376611888,1,7,0,0
14.758333333333333,948.789974169929,565.1589358208661,3.153119634346488,1,7,0,0
14.766666666666667,948.7413355071712,565.3060263600138,3.1615672896971083,1,7,0,0
14.775,949.1651628528386,563.8167910643614,3.163408670149466,1,7,0,0
14.783333333333333,949.2150462039551,563.9384339082069,3.1703588101319555,1,7,0,0
14.791666666666666,949.2731301999889,563.3394895728859,3.179855576118943,1,7,0,0
14.8,949.6081253204724,562.936762644958,3.1673797352084643,1,7,0,0
14.808333333333334,949.5659012573161,562.902755411501,3.172980373887815,1,7,0,0
14.816666666666666,949.2280977984265,563.6067332172705,3.203587330770409,1,7,0,0
14.825,948.3685585664768,563.8961986836797,3.209060575786023,1,7,0,0
14.833333333333334,947.5645709434158,564.213235844925,3.149505427193488,1,7,0,0
14.841666666666667,948.04465395716,563.3035620643918,3.1830499863587645,1,7,0,0
14.85,948.015123470887,563.4400370763909,3.1669053059708574,1,7,0,0
14.858333333333333,948.2449365590268,562.2636927513132,3.1858862840024322,1,7,0,0
14.866666666666667,948.5679144193183,563.0389724896603,3.1931700043564484,1,7,0,0
14.875,948.0155623297674,563.060691764939,3.1731244439273194,1,7,0,0
14.883333333333333,948.4568623652341,562.9241422199292,3.1706483864623047,1,7,0,0
14.891666666666667,948.8711000113416,562.9400153102105,3.172899061354236,1,7,0,0
14.9,948.559574498922,561.7454067099891,3.17888241713866,1,7,0,0
14.908333333333333,948.5459080908786,562.272980680229,3.180392094358895,1,7,0,0
14.916666666666666,949.289457010973,562.3279134423027,3.192818003674965,1,7,0,0
14.925,949.0821323778331,562.2264878383426,3.2010218607246457,1,7,0,0
14.933333333333334,949.5507909040175,562.3496205009275,3.203931648575304,1,7,0,0
14.941666666666666,949.8714931425203,561.9899582145792,3.189016464600942,1,7,0,0
14.95,950.4397340847505,561.8577958811372,3.205882850639282,1,7,0,0
14.958333333333334,949.8513796437304,561.2012893077328,3.1911033316962527,1,7,0,0
14.966666666666667,949.5932090602233,561.4012469957323,3.1623450680201652,1,7,0,0
14.975,948.6800538761858,561.9319208433706,3.2169486891976256,1,7,0,0
14.983333333333333,948.8716646371369,562.6510170129359,3.222820790298583,1,7,0,0
14.991666666666667,949.3779076912566,562.8925945595747,3.2025712041271444,1,7,0,0
15.0,949.9854649113395,563.1063774725865,3.2088406801488474,1,7,0,0
15.008333333333333,950.0611638547683,563.7422982874871,3.178876144415503,1,7,0,0
15.016666666666667,950.5561117913633,562.860316970667,3.1983169066281603,1,7,0,0
15.025,950.8772628027026,563.5734448508277,3.208193302584339,1,7,0,0
15.033333333333333,950.253955907275,563.4940125575964,3.2325691465271142,1,7,0,0
15.041666666666666,951.1022667563174,563.1037450928504,3.242920447847927,1,7,0,0
15.05,950.7175087621366,562.4124851362623,3.196545674918078,1,7,0,0
15.058333333333334,951.5664676095224,563.0601700636586,3.2149801405489944,1,7,0,0
15.066666666666666,951.0421848821974,563.1880021746716,3.231104469245861,1,7,0,0
15.075,951.6046185907218,563.3450430852546,3.202122446647464,1,7,0,0
15.083333333333334,952.1497716038554,563.7463130093226,3.19920298866656,1,7,0,0
15.091666666666667,952.2781222551233,563.1235314828332,3.2058269002010142,1,7,0,0
15.1,952.3533935588963,563.3826276331239,3.2027825456163592,1,7,0,0
15.108333333333333,952.7222605507185,563.5805526500206,3.2105041450505656,1,7,0,0
15.116666666666667,953.2288454331419,563.981634588141,3.2173883798712257,1,7,0,0
15.125,953.141043884252,563.6772509056893,3.199170226800252,1,7,0,0
15.133333333333333,953.0757864145237,563.2985190689874,3.2260988731612326,1,7,0,0
15.141666666666667,952.259134962272,562.6911350111473,3.2501204050296204,1,7,0,0
15.15,953.1257927657979,562.1036728685892,3.216017525036211,1,7,0,0
15.158333333333333,952.7626722091762,562.1342956961798,3.213336514558553,1,7,0,0
15.166666666666666,952.6870120311498,562.3968791217791,3.219880852034956,1,7,0,0
15.175,951.9604751600402,563.0376411030545,3.2280494950495275,1,7,0,0
15.183333333333334,952.3328119242841,563.0396668711711,3.22335745472015,1,7,0,0
15.191666666666666,953.2038380583324,562.38417884485,3.234035669582181,1,7,0,0
15.2,952.9039037711326,563.601456685262,3.2181429255460188,1,7,0,0
15.208333333333334,953.1020201320941,563.3967448392217,3.2323707171713085,1,7,0,0
15.216666666666667,954.2307258197837,562.9568687950768,3.254979014895696,1,7,0,0
15.225,955.0095496427854,562.8032575084013,3.206075629265857,1,7,0,0
15.233333333333333,955.1074038632523,563.156737356622,3.2401455935591055,1,7,0,0
15.241666666666667,956.076065130564,562.7065607256993,3.2348408723434723,1,7,0,0
15.25,956.8555171418383,562.5061103132522,3.2426682559181312,1,7,0,0
15.258333333333333,957.8048563174606,562.072420639695,3.2130477993404507,1,7,0,0
15.266666666666667,957.2251991070439,562.119030694308,3.1812959792974773,1,7,0,0
15.275,956.9799074136115,562.029880287853,3.2446315423624235,1,7,0,0
15.283333333333333,958.2825261733694,561.8944543269048,3.2212471121083213,1,7,0,0
15.291666666666666,957.1909986953079,561.5131424288907,3.2476436546078964,1,7,0,0
15.3,956.4993919463952,560.915059105179,3.2534723983439524,1,7,0,0
15.308333333333334,956.5671006465635,560.5047182847933,3.2335336531365986,1,7,0,0
15.316666666666666,956.6574302854289,559.7485781222343,3.2543216884918666,1,7,0,0
15.325,956.6224907402141,560.3459610742168,3.253609775841001,1,7,0,0
15.333333333333334,955.8254800696401,559.0642007254952,3.230674547831269,1,7,0,0
15.341666666666667,955.3785575466549,559.0301204973706,3.2522232919167355,1,7,0,0
15.35,955.6331553868442,558.889054561327,3.2788449010805425,1,7,0,0
15.358333333333333,956.0540258907678,558.9772405766616,3.238260827227762,1,7,0,0
15.366666666666667,956.3552178007097,559.2511321372695,3.256175332965148,1,7,0,0
15.375,956.0569547487414,559.0939013476229,3.2824979817974627,1,7,0,0
15.383333333333333,955.9853805787075,559.8137527403952,3.2662429078543487,1,7,0,0
15.391666666666667,955.8435207259402,559.872700385488,3.323065787041811,1,7,0,0
15.4,956.8113773465657,560.8948749833658,3.3088889944690165,1,7,0,0
15.408333333333333,956.6187241148072,561.6338075015299,3.292403697733071,1,7,0,0
15.416666666666666,956.6521498649769,561.0908337825321,3.298351749113936,1,7,0,0
15.425,956.2236066212151,561.0597131793755,3.2837479030332806,1,7,0,0
15.433333333333334,956.6958885401822,561.1500621420137,3.2748068968095563,1,7,0,0
15.441666666666666,957.1072761710169,560.8945414356482,3.285505067595774,1,7,0,0
15.45,956.5840727010117,560.629065153992,3.2626608029185293,1,7,0,0
15.458333333333334,956.8776855762318,560.3258587314943,3.3412611850853335,1,7,0,0
15.466666666666667,957.2019766497544,560.5375382912518,3.2932000509345003,1,7,0,0
15.475,957.5614820127682,560.3344457093796,3.287818986769075,1,7,0,0
15.483333333333333,957.3891822399844,560.604094132204,3.298568273160025,1,7,0,0
15.491666666666667,956.9217754469524,560.6883327837878,3.318559623609547,1,7,0,0
15.5,956.9944302312839,559.6530445034982,3.2972502712037217,1,7,0,0
15.508333333333333,956.4273313405566,559.0513956234042,3.3082305214108754,1,7,0,0
15.516666666666667,957.3893119798087,558.1187431816642,3.3189538979881887,1,7,0,0
15.525,956.7649150339017,558.6846575644994,3.2948190769740853,1,7,0,0
15.533333333333333,956.240879237146,558.7147967695905,3.295782076852056,1,7,0,0
15.541666666666666,956.2497675603569,558.9535523332418,3.3284549895873683,1,7,0,0
15.55,955.754210203683,559.4169953743486,3.299926769464963,1,7,0,0
15.558333333333334,956.2039999605016,558.966251448203,3.329585306444276,1,7,0,0
15.566666666666666,956.7355016504932,558.3838282502722,3.3054334745439666,1,7,0,0
15.575,956.804657925188,558.2549498913886,3.3207908936524815,1,7,0,0
15.583333333333334,956.9553539627316,558.1497222828201,3.3137767827526488,1,7,0,0
15.591666666666667,957.36676722272,558.5954968014959,3.2875636066991563,1,7,0,0
15.6,957.6586364366611,558.40290104391,3.2685795066765135,1,7,0,0
15.608333333333333,957.5063664496821,558.7222650162512,3.306247834445837,1,7,0,0
15.616666666666667,957.122241358397,559.4865858246561,3.2967654918058,1,7,0,0
15.625,957.9360944025435,559.0393512315334,3.291078895735611,1,7,0,0
15.633333333333333,958.5493827334328,558.7097440948696,3.264084022028992,1,7,0,0
15.641666666666667,958.7168366236695,558.665001209457,3.314746239170869,1,7,0,0
15.65,957.6642495829351,558.4690652721956,3.3003553823696583,1,7,0,0
15.658333333333333,957.5620269732409,559.0012459282729,3.3016646090629624,1,7,0,0
15.666666666666666,957.0181315980223,559.1123873434908,3.2927757180370327,1,7,0,0
15.675,957.244517873363,558.7674475409307,3.27965209038602,1,7,0,0
15.683333333333334,958.1210793154261,559.069842886129,3.276537809765123,1,7,0,0
15.691666666666666,958.0608213239557,559.005495651621,3.3003853666127023,1,7,0,0
15.7,957.6232335201099,558.5964792734412,3.278912675825784,1,7,0,0
15.708333333333334,957.2746997798472,558.0566836516747,3.2937072088928425,1,7,0,0
15.716666666666667,957.1521691181102,558.1599620303349,3.2853741063791277,1,7,0,0
15.725,957.8115883335096,558.4649913953718,3.3111129890241706,1,7,0,0
15.733333333333333,957.9943497434843,559.2475951445379,3.28593089743734,1,7,0,0
15.741666666666667,956.7220141930177,559.5614733584887,3.2920124146906704,1,7,0,0
15.75,956.5165027933776,559.8099018065757,3.303428742961474,1,7,0,0
15.758333333333333,956.479313400728,559.7551697078088,3.277609391877802,1,7,0,0
15.766666666666667,956.7218434468667,558.9112022663484,3.290449680897251,1,7,0,0
15.775,957.452407224423,559.858922236629,3.2597074682728073,1,7,0,0
15.783333333333333,958.166056706494,559.4061687930453,3.2892514622765963,1,7,0,0
15.791666666666666,958.230930205251,559.1127653270636,3.2639413174538925,1,7,0,0
15.8,957.484479396626,559.4999459392758,3.2709582071305063,1,7,0,0
15.808333333333334,958.4566723717048,559.6730291066498,3.308772639303791,1,7,0,0
15.816666666666666,958.6666483937162,558.9512763341108,3.2638343346917447,1,7,0,0
15.825,959.7589093200064,559.9170174228303,3.288447140772565,1,7,0,0
15.833333333333334,959.5683428013891,560.107382008005,3.2532564104010153,1,7,0,0
15.841666666666667,959.9017742655275,558.47171742604,3.281172356912353,1,7,0,0
15.85,960.3090596656948,558.6969966961615,3.2719765379918067,1,7,0,0
15.858333333333333,960.5669951876743,557.6098849713048,3.3023495476602793,1,7,0,0
15.866666666666667,960.7840867701647,557.7561721571311,3.280200815021377,1,7,0,0
15.875,960.3333126249571,557.4018723326257,3.2762291070656255,1,7,0,0
15.883333333333333,959.6961508001274,557.3302810317284,3.306736949596284,1,7,0,0
15.891666666666667,959.9089077129885,557.3565614112856,3.260680893765205,1,7,0,0
15.9,960.3559792889048,557.1207586518042,3.271477821898641,1,7,0,0
15.908333333333333,960.7337724034701,557.7879130991205,3.3020337436255014,1,7,0,0
15.916666666666666,961.1898483677099,556.829002576721,3.2885289532729347,1,7,0,0
15.925,960.4711731912578,556.3376737920772,3.2834461837887474,1,7,0,0
15.933333333333334,960.3416604276455,556.1085491975277,3.290613608571658,1,7,0,0
15.941666666666666,960.3481221389951,558.0873433834358,3.306047451743771,1,7,0,0
15.95,959.3115049787981,558.3008026035792,3.2536517870110875,1,7,0,0
15.958333333333334,958.9560688325571,557.7526359863176,3.2618789438756393,1,7,0,0
15.966666666666667,958.3414999844344,558.2602579320263,3.28324215093485,1,7,0,0
15.975,958.4587960654752,558.361711298769,3.288066776225547,1,7,0,0
15.983333333333333,958.2516173783088,559.2220864620025,3.317215052167932,1,7,0,0
15.991666666666667,957.6372298713823,558.9889138043984,3.320578227473595,1,7,0,0
16.0,957.212731613042,559.05821207462,3.2667977074030996,1,7,0,0
16.008333333333333,957.4346278046756,557.9182157222193,3.312531913040786,1,7,0,0
16.016666666666666,957.5335669058752,558.0741035093006,3.3315637005589203,1,7,0,0
16.025,957.1635202336568,558.1647949144811,3.312010678647359,1,7,0,0
16.033333333333335,1161.8427255235488,564.4239362567224,3.3167432591123105,1,7,0,0
16.041666666666668,1161.4922287076151,563.8247279192486,3.270864030615513,1,7,0,0
16.05,956.0942438609248,558.3008469693691,3.328847973577493,1,7,0,0
16.058333333333334,955.9836774578246,558.9333842413529,3.3071587489960392,1,7,0,0
16.066666666666666,956.2477008187882,557.7732457026292,3.2714510878412018,1,7,0,0
16.075,956.4750300367799,557.0316984734354,3.2975023625901057,1,7,0,0
16.083333333333332,956.8805610368396,557.1247419030768,3.271768085077862,1,7,0,0
16.091666666666665,956.843969590183,556.9290816232713,3.297168595444476,1,7,0,0
16.1,956.6225594644376,557.1827818761423,3.301357362576403,1,7,0,0
16.108333333333334,939.8336436808819,610.0889937444265,3.304029094089631,1,7,0,0
16.116666666666667,940.2457267058575,610.0451922411926,3.3093200520311847,1,7,0,0
16.125,956.2607929786924,556.1015372591288,3.270490750067529,1,7,0,0
16.133333333333333,954.7925351867601,556.4531011230066,3.2961109555895844,1,7,0,0
16.141666666666666,953.8304890797301,556.9578468663913,3.2889323053049884,1,7,0,0
16.15,953.7806725458743,556.316080492292,3.304529389885345,1,7,0,0
16.158333333333335,953.8308543684884,556.1210640466757,3.3117059347756137,1,7,0,0
16.166666666666668,954.8157557212637,555.6431898962013,3.297386835253014,1,7,0,0
16.175,953.7355976355641,555.2545346892683,3.2869104512315723,1,7,0,0
16.183333333333334,954.6813742453461,555.1301112862446,3.2726523776298064,1,7,0,0
16.191666666666666,954.8017146435934,555.4649208768636,3.2699879169362682,1,7,0,0
16.2,955.4489717235854,555.6458011188902,3.3072984607594496,1,7,0,0
16.208333333333332,954.8994906132068,555.275844503284,3.2925859927478585,1,7,0,0
16.216666666666665,954.245596470455,554.9295327396917,3.2698768347071407,1,7,0,0
16.225,954.7940988199458,554.2248918086196,3.3097702062418626,1,7,0,0
16.233333333333334,955.0268002134004,553.3365534508459,3.272340720859625,1,7,0,0
16.241666666666667,955.4515495735908,553.3625465754885,3.325870359209294,1,7,0,0
16.25,955.9331252516297,553.3759224350885,3.3030620180446735,1,7,0,0
16.258333333333333,956.2327299472416,552.9214336809333,3.300946543095743,1,7,0,0
16.266666666666666,956.4419716674861,553.6175320288316,3.283499946571566,1,7,0,0
16.275,956.3057531569323,552.8543103366028,3.2967257684271796,1,7,0,0
16.283333333333335,957.0404934762597,552.4236769879631,3.3063299224531364,1,7,0,0
16.291666666666668,956.4391503464183,552.9494268658425,3.328320765343226,1,7,0,0
16.3,956.6192015741535,553.0931247197493,3.2807452907898265,1,7,0,0
16.308333333333334,956.5575589579184,553.263493722473,3.328514901691228,1,7,0,0
16.316666666666666,956.8533164109236,553.0248788132855,3.2925399712811014,1,7,0,0
16.325,956.9405193861546,553.1770815382159,3.2972989755198157,1,7,0,0
16.333333333333332,957.3260714500755,552.9212620834899,3.269251040491085,1,7,0,0
16.341666666666665,957.7425783233647,552.8669723157476,3.316865247981789,1,7,0,0
16.35,957.7402621462585,552.4241160172139,3.3245084127280897,1,7,0,0
16.358333333333334,957.8345139305068,552.2778004014323,3.2741000045349904,1,7,0,0
16.366666666666667,957.1291999215039,552.8449778607069,3.320680061706534,1,7,0,0
16.375,957.3863368567453,553.1228050129697,3.2892800248909713,1,7,0,0
16.383333333333333,957.2321544494667,553.0987957046274,3.2992675596540786,1,7,0,0
16.391666666666666,956.870992757793,553.1163033265236,3.2842172976112076,1,7,0,0
16.4,957.1226222436337,553.8883035663532,3.297089857845856,1,7,0,0
16.408333333333335,957.4386028680279,553.6817245568278,3.3262844783328824,1,7,0,0
16.416666666666668,957.6698387650137,553.3698726167124,3.2893598248861196,1,7,0,0
16.425,957.6954496069146,553.7831090085742,3.2654608615152276,1,7,0,0
16.433333333333334,958.6103587917063,554.3625231439536,3.296781988143089,1,7,0,0
16.441666666666666,958.0841171527035,554.5090144478478,3.3027092622292247,1,7,0,0
16.45,958.0244421059506,554.2415775577833,3.323241943753185,1,7,0,0
16.458333333333332,958.8345406378137,554.5266075737367,3.2915381832493704,1,7,0,0
16.466666666666665,958.0971122029165,554.515995777152,3.2829171947582747,1,7,0,0
16.475,957.6394545108249,554.252373170597,3.282266615057575,1,7,0,0
16.483333333333334,958.3775457375546,554.2041797228828,3.3045492446249662,1,7,0,0
16.491666666666667,957.373359496085,553.7850799374334,3.305090425788127,1,7,0,0
16.5,957.8040203396724,554.3549756591211,3.3014671186068223,1,7,0,0
16.508333333333333,957.6261757167226,553.9132200709645,3.3175682390461794,1,7,0,0
16.516666666666666,958.404684795537,553.6043035935973,3.3025213130765345,1,7,0,0
16.525,958.1366012963838,553.4249934671561,3.2943623703058766,1,7,0,0
16.533333333333335,958.3362531214296,553.8651424846263,3.3208399847743526,1,7,0,0
16.541666666666668,958.3286702405513,554.6571690845402,3.2674493539841016,1,7,0,0
16.55,958.1119791488991,554.1125297358047,3.3108754681793386,1,7,0,0
16.558333333333334,957.3637949464916,554.275403691573,3.263452004499363,1,7,0,0
16.566666666666666,957.1638401954931,554.7987105147844,3.282299990159866,1,7,0,0
16.575,957.029846430984,554.9030725563435,3.254993664466528,1,7,0,0
16.583333333333332,956.7740626921561,554.9247179277281,3.2796647256657363,1,7,0,0
16.591666666666665,956.9983996492923,555.1600305434778,3.305800514776685,1,7,0,0
16.6,956.6954589240274,555.151282160853,3.285541586509178,1,7,0,0
16.608333333333334,956.7048898470861,555.7024150425389,3.270846591083532,1,7,0,0
16.616666666666667,957.1461856008568,555.6482358583012,3.292997486482487,1,7,0,0
16.625,957.1644592684022,555.144645703688,3.2815556295093513,1,7,0,0
16.633333333333333,957.2501026300125,554.9650715586838,3.306484555258771,1,7,0,0
16.641666666666666,957.2350514341681,555.0158945270276,3.2595013195699463,1,7,0,0
16.65,956.9774943324105,554.2938599675838,3.288632976545506,1,7,0,0
16.658333333333335,957.0904757426347,554.3918118637748,3.28402117260638,1,7,0,0
16.666666666666668,958.0501725043642,554.4074862838852,3.2870518823764185,1,7,0,0
16.675,958.3857411901873,554.6905409174257,3.3274341273425216,1,7,0,0
16.683333333333334,958.3663256895577,554.4406580384939,3.281628932379963,1,7,0,0
16.691666666666666,957.4533328012486,554.9837110271894,3.2576213626961312,1,7,0,0
16.7,956.877542363598,554.2832704543301,3.3068524775441808,1,7,0,0
16.708333333333332,957.0494794254502,553.1808035127773,3.2657420682951117,1,7,0,0
16.716666666666665,956.7193179319805,552.6819224431705,3.2648015335278138,1,7,0,0
16.725,956.8643768332963,553.1995889352676,3.27182166204596,1,7,0,0
16.733333333333334,810.9295017129507,143.80395537178697,3.250775180229179,1,7,0,0
16.741666666666667,809.630876364716,143.80979159184164,3.3026963557889952,1,7,0,0
16.75,955.512657687315,552.6978990552079,3.242655122709595,1,7,0,0
16.758333333333333,955.2274421997216,552.7992913104896,3.2811777505056385,1,7,0,0
16.766666666666666,955.021210698774,553.1878890741738,3.2746291470040405,1,7,0,0
16.775,954.3789071298424,552.9190166621889,3.273449551755666,1,7,0,0
16.783333333333335,953.9528528920363,552.7160067487155,3.265693533922874,1,7,0,0
16.791666666666668,953.7934067888186,552.6513626966652,3.267207620069142,1,7,0,0
16.8,953.7759166019454,553.10392016683,3.2626493228918663,1,7,0,0
16.808333333333334,954.0512189650655,552.1079871794851,3.3019088227118076,1,7,0,0
16.816666666666666,954.0411298336849,552.1579982480584,3.2617123850641696,1,7,0,0
16.825,953.7382696395755,552.118314615381,3.3180777730060633,1,7,0,0
16.833333333333332,953.9767842586035,550.9897106920788,3.317290251368988,1,7,0,0
16.841666666666665,953.3552019080693,550.7705377767492,3.2694588002591525,1,7,0,0
16.85,953.4513141796735,550.3839988588176,3.303236426877476,1,7,0,0
16.858333333333334,953.4790222722015,550.073891806462,3.3010560691563087,1,7,0,0
16.866666666666667,953.3072891038362,550.2556949880246,3.2896342857431984,1,7,0,0
16.875,952.5629318920405,550.5188123923259,3.284950227943974,1,7,0,0
16.883333333333333,952.6991611865756,550.0360874039059,3.2598380294304845,1,7,0,0
16.891666666666666,845.7832690258042,496.0934106880576,3.255614000588273,1,7,0,0
16.9,846.4023691683544,496.5801400411634,3.301457807230839,1,7,0,0
16.908333333333335,953.3863935207412,549.2520840923913,3.2349812017741093,1,7,0,0
16.916666666666668,953.3423953055584,549.1985566621075,3.274928342643175,1,7,0,0
16.925,953.4849254256274,549.6611802054547,3.2616093338321743,1,7,0,0
16.933333333333334,954.6179999619974,550.1627913842442,3.2785448685326632,1,7,0,0
16.941666666666666,954.4722039866953,549.72826177621,3.2688491838891878,1,7,0,0
16.95,953.3232127672857,550.1853406736171,3.274640692420176,1,7,0,0
16.958333333333332,953.5018737388104,549.9492588189968,3.2756902109787136,1,7,0,0
16.966666666666665,952.850661007418,549.7613168503891,3.232829660303931,1,7,0,0
16.975,952.6834385061302,550.0757353181908,3.2784474120945832,1,7,0,0
16.983333333333334,952.0023282005244,549.80834918712,3.264214334949534,1,7,0,0
16.991666666666667,951.1158361257015,550.1895281667303,3.236500930172422,1,7,0,0
17.0,950.7450820680846,550.059201404194,3.2353595527211314,1,7,0,0
17.008333333333333,950.5045229924664,550.3992822489346,3.285316391278481,1,7,0,0
17.016666666666666,950.9442614238834,551.0088926357213,3.2778176843507265,1,7,0,0
17.025,951.473198650173,551.4820534672583,3.261679716742962,1,7,0,0
17.033333333333335,952.1765650933733,551.5402893523623,3.266601196495256,1,7,0,0
17.041666666666668,952.5233522239635,551.3590111624095,3.2378077067085607,1,7,0,0
17.05,952.7488554753191,550.8245570986522,3.2511011619244226,1,7,0,0
17.058333333333334,951.3908503461369,551.2590705773437,3.2718519196152496,1,7,0,0
17.066666666666666,951.0911072404344,551.3892640309256,3.2696893693035123,1,7,0,0
17.075,951.7403760614468,551.3996545180861,3.2568246424807796,1,7,0,0
17.083333333333332,951.8530708537685,551.6185774983868,3.2555531531202635,1,7,0,0
17.091666666666665,951.6790321693121,550.9511851492354,3.258787798401109,1,7,0,0
17.1,952.1358656969142,550.5726112272647,3.253974687678634,1,7,0,0
17.108333333333334,952.2333357624653,551.2254659709838,3.2410541922469966,1,7,0,0
17.116666666666667,951.7355550919092,551.3578046063989,3.2501487039985237,1,7,0,0
17.125,951.8872533134968,550.8009674792897,3.2204984635118743,1,7,0,0
17.133333333333333,952.5768268903611,550.5871381340312,3.247338663344525,1,7,0,0
17.141666666666666,952.8306637432219,551.1937454298886,3.2506433188675197,1,7,0,0
17.15,952.2184317854128,551.5966750446289,3.2574166634042436,1,7,0,0
17.158333333333335,951.7981274657697,551.4090253072485,3.246812613860009,1,7,0,0
17.166666666666668,951.8545727205329,550.6841833129246,3.2196765599184873,1,7,0,0
17.175,952.465778926913,550.6688206908683,3.2729873450390228,1,7,0,0
17.183333333333334,952.0649509687815,551.2153264660673,3.2507965855765373,1,7,0,0
17.191666666666666,952.0464315567863,552.8657681882211,3.2040940990881386,1,7,0,0
17.2,951.9932675311202,552.7902196914087,3.2719358887106824,1,7,0,0
17.208333333333332,952.07012353038,552.1864344355437,3.249531975417057,1,7,0,0
17.216666666666665,951.413540861771,551.6587764943956,3.248516251164651,1,7,0,0
17.225,951.7075687163492,550.9065242255126,3.2665632344991873,1,7,0,0
17.233333333333334,951.7042925728173,551.9215275072027,3.2162042015429533,1,7,0,0
17.241666666666667,951.7990868147078,552.3257252598927,3.199289352053119,1,7,0,0
17.25,951.8941506486556,552.4678800457792,3.224373599055973,1,7,0,0
17.258333333333333,951.0862031546662,553.1925419860378,3.233394763457597,1,7,0,0
17.266666666666666,950.8159580799166,553.2338274476969,3.2201411530317157,1,7,0,0
17.275,950.642710901353,553.8953239491065,3.2136051272099184,1,7,0,0
17.283333333333335,950.0957669060236,553.5438815967545,3.2498757458600886,1,7,0,0
17.291666666666668,949.87165853649,553.8809887809198,3.2684812432156565,1,7,0,0
17.3,949.4575889512685,553.7869816279275,3.1882170847746245,1,7,0,0
17.308333333333334,950.2015538714064,553.1286880623709,3.2176885743440238,1,7,0,0
17.316666666666666,950.6719442873755,553.4776127936975,3.212110809725632,1,7,0,0
17.325,951.5553888279888,553.1834267423826,3.2029448309255897,1,7,0,0
17.333333333333332,950.9062415264673,553.020714598187,3.2022516442049507,1,7,0,0
17.341666666666665,951.3879956919427,553.3274245062341,3.2413235737835318,1,7,0,0
17.35,951.087638959458,554.0368379342674,3.2201696405779754,1,7,0,0
17.358333333333334,951.2933689498966,553.8495667168935,3.2314989765288407,1,7,0,0
17.366666666666667,951.9259499045354,553.3550371036539,3.1713430852225892,1,7,0,0
17.375,952.116118485929,552.4221921300879,3.2426765770988206,1,7,0,0
17.383333333333333,952.2457139218726,552.3049376472387,3.2149293591080244,1,7,0,0
17.391666666666666,952.0318434490727,552.127633161462,3.212062528669805,1,7,0,0
17.4,952.0016258299335,552.3745798186665,3.1695803787965477,1,7,0,0
17.408333333333335,952.4971983238803,552.1117400689602,3.2246263213404194,1,7,0,0
17.416666666666668,952.5428934813885,551.8274882893314,3.2249598365955876,1,7,0,0
17.425,952.840954002382,551.6142528633783,3.2061974537665896,1,7,0,0
17.433333333333334,952.9791827632185,551.6166820862769,3.211378909187772,1,7,0,0
17.441666666666666,952.9260209873898,552.3514658741833,3.211311972674388,1,7,0,0
17.45,951.6519626292712,552.801415740038,3.195861712497511,1,7,0,0
17.458333333333332,951.9225358089493,552.5877993104268,3.205882696876979,1,7,0,0
17.466666666666665,952.4265174735217,552.5091059832872,3.163376819981528,1,7,0,0
17.475,952.3809086927603,551.8332606242055,3.2054840312765966,1,7,0,0
17.483333333333334,953.3652685348861,551.681466875354,3.1903968385921404,1,7,0,0
17.491666666666667,953.7775055694266,553.3022902529564,3.1836704641869913,1,7,0,0
17.5,953.213638343655,553.4747121109972,3.2095482686080095,1,7,0,0
17.508333333333333,953.5305421383958,552.9284100830604,3.24236189125692,1,7,0,0
17.516666666666666,953.1244835262053,552.5355426443024,3.201982408437611,1,7,0,0
17.525,952.5855083954866,552.7716430519066,3.210720058714251,1,7,0,0
17.533333333333335,952.8642044541812,552.8498377440185,3.1792721250205904,1,7,0,0
17.541666666666668,953.1664438386049,552.2057354096413,3.192919817279442,1,7,0,0
17.55,952.596276761518,552.3634308009401,3.183382400880411,1,7,0,0
17.558333333333334,952.5545288662454,552.6948367158559,3.1922943408544855,1,7,0,0
17.566666666666666,952.305368781086,552.4115686022278,3.210127968031521,1,7,0,0
17.575,952.7031806840612,552.4493543223933,3.215301625705208,1,7,0,0
17.583333333333332,953.0737137372531,552.9985490797111,3.202596407977659,1,7,0,0
17.591666666666665,952.8727881680412,552.1863495397325,3.2082337194563997,1,7,0,0
17.6,952.8249187271174,552.8005531383852,3.1748024629517055,1,7,0,0
17.608333333333334,953.4750916465266,553.1288768836449,3.178144567112834,1,7,0,0
17.616666666666667,953.7278405169333,553.3650052266707,3.180611731436279,1,7,0,0
17.625,953.4095485558079,554.124970907793,3.219374418223108,1,7,0,0
17.633333333333333,953.2201046171701,554.7297582387447,3.1635568043804083,1,7,0,0
17.641666666666666,953.2952106875545,554.0794756667782,3.2043435572177783,1,7,0,0
17.65,952.8444231347694,554.1850440989929,3.187888770090807,1,7,0,0
17.658333333333335,952.9440169918432,554.2162955577373,3.20149249160006,1,7,0,0
17.666666666666668,952.9151178329521,554.0295460321172,3.218290380956666,1,7,0,0
17.675,951.4830710796824,553.8244950596999,3.154699679330688,1,7,0,0
17.683333333333334,950.3707723297639,553.8206929074662,3.2137296557737223,1,7,0,0
17.691666666666666,949.4464385795939,553.5806931312521,3.1440290926985477,1,7,0,0
17.7,949.2529066448917,553.714038485961,3.2047254325481838,1,7,0,0
17.708333333333332,948.7306558714149,553.3109830646039,3.1606588148948997,1,7,0,0
17.716666666666665,949.5807469696889,552.6615834194971,3.1528520237685718,1,7,0,0
17.725,949.7950772858308,552.0499660448696,3.1864978073388612,1,7,0,0
17.733333333333334,1017.972714138172,667.6338355394082,3.1642425420297045,1,7,0,0
17.741666666666667,1017.9109621582182,667.5129973554469,3.1468012855669842,1,7,0,0
17.75,949.0065848263479,552.0579887846854,3.1777778724825527,1,7,0,0
17.758333333333333,949.0390216352146,552.3277464781671,3.1532595169592685,1,7,0,0
17.766666666666666,949.4499376367504,553.1768989954668,3.1420582878261443,1,7,0,0
17.775,949.3287724854916,553.6645028169054,3.1279426072804952,1,7,0,0
17.783333333333335,949.8053321165479,554.7280861680854,3.1606273011411075,1,7,0,0
17.791666666666668,950.1274321486998,554.418727620458,3.1729006394629904,1,7,0,0
17.8,949.8287864005732,554.8808901164392,3.167146259242772,1,7,0,0
17.808333333333334,949.2661377689142,555.4389362157448,3.124256605384283,1,7,0,0
17.816666666666666,949.6945983855704,555.3551638619524,3.1897616903980177,1,7,0,0
17.825,949.822518079372,556.0611397296916,3.173504428881996,1,7,0,0
17.833333333333332,950.6885951108338,555.7642717721624,3.178150547090798,1,7,0,0
17.841666666666665,950.5471043337096,555.8251669591953,3.174725035545912,1,7,0,0
17.85,949.6715358262838,555.7904008052451,3.1805198139023156,1,7,0,0
17.858333333333334,949.5274470487558,555.7143290183569,3.154091587062495,1,7,0,0
17.866666666666667,950.5314823716102,555.8349690685224,3.1499291622386574,1,7,0,0
17.875,950.025008009597,555.7918476669205,3.1542245574297536,1,7,0,0
17.883333333333333,949.5126782668876,555.7993586930247,3.1443664038206784,1,7,0,0
17.891666666666666,949.6833164679166,555.8023354826779,3.134171693005764,1,7,0,0
17.9,950.1670311712737,555.9362977305806,3.1737822146543326,1,7,0,0
17.908333333333335,950.4350825194012,555.3606510932282,3.153580464196662,1,7,0,0
17.916666666666668,950.9836981423406,556.1184906454693,3.1649639711896937,1,7,0,0
17.925,951.1859896890087,556.2382139365372,3.11982322485032,1,7,0,0
17.933333333333334,951.8029919453828,556.6586123581872,3.1664984797397318,1,7,0,0
17.941666666666666,950.8365299148234,555.8155245579045,3.1472219876649024,1,7,0,0
17.95,951.739853992666,556.27951065478,3.153704395957503,1,7,0,0
17.958333333333332,951.9118674612462,556.281279422933,3.1143663419932905,1,7,0,0
17.966666666666665,951.5929921321156,556.4864187972283,3.1358261212364984,1,7,0,0
17.975,952.3726893762743,556.6533629761135,3.1138156492546845,1,7,0,0
17.983333333333334,951.8664902847307,556.3794468221289,3.1365934252531043,1,7,0,0
17.991666666666667,951.2932797792357,557.1032809351501,3.0998354928664753,1,7,0,0
18.0,950.9423866523138,556.4129668996619,3.13045118533109,1,7,0,0
18.008333333333333,951.356023965196,556.8636712038136,3.1804889557636007,1,7,0,0
18.016666666666666,951.0931092396553,557.3107912783533,3.1386419875151574,1,7,0,0
18.025,951.4331379222565,557.0836181616727,3.1092730578852183,1,7,0,0
18.033333333333335,951.5439737506563,556.4491500203333,3.1477136430401487,1,7,0,0
18.041666666666668,952.0601193903657,556.1270778630386,3.1286141993918744,1,7,0,0
18.05,951.9267795134185,556.2270449655803,3.1374671418959443,1,7,0,0
18.058333333333334,952.0993083643282,556.6912436291032,3.142044646473247,1,7,0,0
18.066666666666666,951.8836780494669,557.7297903219921,3.121131940627252,1,7,0,0
18.075,952.0482206569374,557.8522835920966,3.1393147581221976,1,7,0,0
18.083333333333332,950.8810794780348,558.0466189469386,3.149173199714928,1,7,0,0
18.091666666666665,951.0799743225622,558.2209254194512,3.124416345757986,1,7,0,0
18.1,951.2206099069832,558.2020177887016,3.1089717709809688,1,7,0,0
18.108333333333334,952.0260668413631,558.3107169790244,3.14865455081236,1,7,0,0
18.116666666666667,951.951767653086,558.0643574239512,3.1360210957136614,1,7,0,0
18.125,951.3633792252447,557.7309794361547,3.094585823498144,1,7,0,0
18.133333333333333,951.0291693151032,558.2950595602058,3.1293510380584677,1,7,0,0
18.141666666666666,950.8886885583269,558.1667479946811,3.136801454712267,1,7,0,0
18.15,951.3538500622922,558.1470447249674,3.136477987294006,1,7,0,0
18.158333333333335,952.0885870977086,557.9618854341701,3.129695750578195,1,7,0,0
18.166666666666668,951.2540724235744,558.0905487013863,3.139802625870642,1,7,0,0
18.175,950.9391114873739,558.062728341391,3.139845196049688,1,7,0,0
18.183333333333334,950.3302414322213,558.4962891632787,3.1511898437832526,1,7,0,0
18.191666666666666,949.6331294420908,558.1796032903362,3.1214587629134636,1,7,0,0
18.2,949.8617582864748,558.300618707739,3.1460689158995017,1,7,0,0
18.208333333333332,950.4123099376899,559.4981174322833,3.1313801757571436,1,7,0,0
18.216666666666665,949.9997413307315,559.6292196003915,3.1229664288162495,1,7,0,0
18.225,949.949644329735,559.1289208217173,3.1062260172395013,1,7,0,0
18.233333333333334,949.4219164702968,560.1875502817338,3.110642463295905,1,7,0,0
18.241666666666667,949.0310125203508,559.8638075415448,3.092438198869432,1,7,0,0
18.25,949.0913797612387,560.1903180422246,3.1062504373984576,1,7,0,0
18.258333333333333,948.9984661562014,561.3655283801328,3.115072856185471,1,7,0,0
18.266666666666666,948.6268567089763,561.6116089271454,3.133189694958138,1,7,0,0
18.275,948.9084102336958,561.0388096056679,3.1206972275046874,1,7,0,0
18.283333333333335,949.7357519723604,561.553323665303,3.14909177746479,1,7,0,0
18.291666666666668,949.7374765037571,561.230568783398,3.1107270642025577,1,7,0,0
18.3,949.4409555579855,561.122775049005,3.114509066621671,1,7,0,0
18.308333333333334,948.937346652227,560.5176250639522,3.1187379229264334,1,7,0,0
18.316666666666666,948.6818951833168,560.3427780395675,3.1443368292449785,1,7,0,0
18.325,948.3038716543773,560.5290755698612,3.1151866571165217,1,7,0,0
18.333333333333332,948.2474257326877,561.006306993793,3.1480138669232165,1,7,0,0
18.341666666666665,948.510748157468,560.9296329565819,3.0922507845945915,1,7,0,0
18.35,948.0562834098641,560.6079969099211,3.1069591292434113,1,7,0,0
18.358333333333334,947.5621049454102,560.6545624557416,3.1218506627208416,1,7,0,0
18.366666666666667,947.3062028851517,561.5422727570397,3.113985727746229,1,7,0,0
18.375,947.220791388825,561.7964781305625,3.109354638817789,1,7,0,0
18.383333333333333,946.5917478140553,561.7187685549641,3.116287651666111,1,7,0,0
18.391666666666666,946.5208861019258,561.7096901447144,3.1183585887709326,1,7,0,0
18.4,946.7753849348934,562.1587319184293,3.0982663989751886,1,7,0,0
18.408333333333335,946.4248175653929,562.5062482516563,3.08193389998073,1,7,0,0
18.416666666666668,946.6978465165548,561.9690183074784,3.109764983374759,1,7,0,0
18.425,946.227496428282,561.3221490823867,3.0644547831372626,1,7,0,0
18.433333333333334,945.3156176354412,561.4007668594701,3.075743793800067,1,7,0,0
18.441666666666666,944.8252574623024,560.8699989489511,3.1516336532208205,1,7,0,0
18.45,944.5675678460746,561.3982644256438,3.1395614046334472,1,7,0,0
18.458333333333332,944.8313905259464,561.9804432432883,3.1699132515327215,1,7,0,0
18.466666666666665,944.5891251675777,561.8404515509678,3.09629585470759,1,7,0,0
18.475,945.0740751006512,562.4364805927637,3.0705467021200303,1,7,0,0
18.483333333333334,944.8969995844227,562.7195306729467,3.1232954228833347,1,7,0,0
18.491666666666667,944.8554800192074,562.5155143133678,3.087687416845861,1,7,0,0
18.5,945.0210127226563,561.5831023188402,3.112663453511523,1,7,0,0
18.508333333333333,944.3373675843465,560.8624948600603,3.109216454238857,1,7,0,0
18.516666666666666,944.7142567955772,561.2659106036265,3.0983995605462464,1,7,0,0
18.525,944.312367130027,560.6086670092867,3.084680763413533,1,7,0,0
18.533333333333335,943.451866319557,560.321580690478,3.0972600607402736,1,7,0,0
18.541666666666668,943.4106499453173,560.5547509695829,3.1136135118783046,1,7,0,0
18.55,943.4987356794411,560.8561120996853,3.0883889082099447,1,7,0,0
18.558333333333334,943.758572384223,559.7133956054147,3.106670498364151,1,7,0,0
18.566666666666666,943.867371555267,560.0900834325083,3.0787353557381896,1,7,0,0
18.575,943.3885122491052,560.4369310121468,3.0862143700208367,1,7,0,0
18.583333333333332,943.8946770376848,559.3591087861522,3.111063859924397,1,7,0,0
18.591666666666665,943.7982422671444,558.7339158353083,3.098170908591845,1,7,0,0
18.6,943.928265573072,557.8599271380681,3.1255048974683177,1,7,0,0
18.608333333333334,943.3795076210557,557.7466389635182,3.0593078803599307,1,7,0,0
18.616666666666667,943.0286909471753,557.4552840271007,3.094661431073236,1,7,0,0
18.625,943.4885789719498,556.5703382919253,3.09984481514571,1,7,0,0
18.633333333333333,943.0476964480323,556.8772858282301,3.1034873204828304,1,7,0,0
18.641666666666666,942.4409510667467,557.6609221974627,3.0857735188248174,1,7,0,0
18.65,942.499721435927,557.9138210468122,3.131853251976624,1,7,0,0
18.658333333333335,943.1244838790778,557.8576919464876,3.104434191613745,1,7,0,0
18.666666666666668,943.7851685297857,557.5868312680491,3.101212065599942,1,7,0,0
18.675,943.7239247086342,557.4497650285685,3.084023146414162,1,7,0,0
18.683333333333334,943.4463290834083,557.3324857847541,3.103794396653504,1,7,0,0
18.691666666666666,943.1396708962153,557.2654038955742,3.0983513370641513,1,7,0,0
18.7,1094.3313276470367,455.74496958499327,3.1179202443926353,1,7,0,0
18.708333333333332,1094.4952009859321,455.5351198936872,3.128120023479324,1,7,0,0
18.716666666666665,943.4868378564581,557.2436970337345,3.047276997882472,1,7,0,0
18.725,943.1799428529084,557.4303173695575,3.1578581522759768,1,7,0,0
18.733333333333334,944.7216398270691,558.3318942646463,3.147190492655153,1,7,0,0
18.741666666666667,944.1048459189273,558.3361121312514,3.112118627431187,1,7,0,0
18.75,945.2426815575541,557.8377982487625,3.106009642376066,1,7,0,0
18.758333333333333,945.5971613908815,557.3164631865495,3.090346420658809,1,7,0,0
18.766666666666666,944.7858367748357,557.5596538230621,3.1033093019336446,1,7,0,0
18.775,944.8037990441705,557.2939995756229,3.086265327809623,1,7,0,0
18.783333333333335,946.2876532054171,557.4704439723828,3.0905650245237486,1,7,0,0
18.791666666666668,946.8642100166827,558.0898646344148,3.0890050767877506,1,7,0,0
18.8,946.1857779127317,557.8690480765898,3.0887528851126236,1,7,0,0
18.808333333333334,945.8773261258265,557.2856140248447,3.095173282805293,1,7,0,0
18.816666666666666,946.4331963323789,557.0139082427926,3.068622668067447,1,7,0,0
18.825,946.5661449258877,557.0282085842429,3.0869147431384287,1,7,0,0
18.833333333333332,946.5302807336881,555.1919472541733,3.133254908447615,1,7,0,0
18.841666666666665,947.7848570441696,554.3228143186931,3.105958646491699,1,7,0,0
18.85,947.2999306341707,554.3380423550954,3.1127176380701425,1,7,0,0
18.858333333333334,948.4749754643144,553.377425492143,3.130140146732553,1,7,0,0
18.866666666666667,948.4569738478564,553.3585791935441,3.1186553643004,1,7,0,0
18.875,948.2999595785313,553.9362724346696,3.103144950433033,1,7,0,0
18.883333333333333,948.4699045689235,553.7295599752978,3.10801454877031,1,7,0,0
18.891666666666666,948.4381226846341,553.3840213848675,3.0928551020420323,1,7,0,0
18.9,948.5062606159655,553.1441201204653,3.1256642553051406,1,7,0,0
18.908333333333335,947.8980741797997,552.843959584726,3.099779408635521,1,7,0,0
18.916666666666668,947.5653573280123,553.2062518875282,3.0856645456749274,1,7,0,0
18.925,947.5741618102074,552.9519147965214,3.071615551981331,1,7,0,0
18.933333333333334,947.489346935229,553.208336726182,3.088979003021994,1,7,0,0
18.941666666666666,947.2840144505129,552.619763728781,3.1004475397362476,1,7,0,0
18.95,947.7421846295991,552.3126148948655,3.097812874258369,1,7,0,0
18.958333333333332,948.1053284427115,551.8340264532698,3.0794905960346703,1,7,0,0
18.966666666666665,948.2306819192136,551.9098815724088,3.1272102305448666,1,7,0,0
18.975,947.5710409386883,551.5353003381266,3.105239864269226,1,7,0,0
18.983333333333334,947.554383608951,551.1222882254231,3.100306987804376,1,7,0,0
18.991666666666667,948.3664174879415,550.7521907835524,3.1067346576509136,1,7,0,0
19.0,949.3361067714025,550.9396612774827,3.080253342025495,1,7,0,0
19.008333333333333,948.3494293318859,551.2447807797766,3.1376313467824946,1,7,0,0
19.016666666666666,948.6925207205506,551.6415492632339,3.11268554877695,1,7,0,0
19.025,948.1619024547193,552.6147978929133,3.0913326561972485,1,7,0,0
19.033333333333335,948.0646609050948,552.9752225745733,3.087643854408942,1,7,0,0
19.041666666666668,947.8685783594392,552.8427098334561,3.1351172395021516,1,7,0,0
19.05,948.3324396721291,553.5846963266403,3.1246027832248053,1,7,0,0
19.058333333333334,948.2494281406969,553.1228657128337,3.0880451629926484,1,7,0,0
19.066666666666666,948.0107674955252,553.9338850937798,3.132244672146469,1,7,0,0
19.075,947.7137842930722,553.5581142262969,3.0983865122737635,1,7,0,0
19.083333333333332,947.5585389747537,554.119711721983,3.1126116035717493,1,7,0,0
19.091666666666665,947.2702039742785,553.647865156458,3.085519348744537,1,7,0,0
19.1,946.3046980640852,553.8779920003813,3.0795233280146252,1,7,0,0
19.108333333333334,946.4437879089256,554.3128866460437,3.134236680146935,1,7,0,0
19.116666666666667,947.0541499605649,554.081410718037,3.1027902000888927,1,7,0,0
19.125,946.2705724089964,554.1375821909174,3.115799461224433,1,7,0,0
19.133333333333333,946.1669937575997,554.427480303407,3.100211258055911,1,7,0,0
19.141666666666666,946.8136100626638,554.509160462894,3.132107827401985,1,7,0,0
19.15,946.6596477789672,554.8291932410676,3.1227451831964697,1,7,0,0
19.158333333333335,946.4149392368538,554.8662854131119,3.0947519727858013,1,7,0,0
19.166666666666668,946.2698716373975,555.0805923599879,3.142993002359478,1,7,0,0
19.175,946.310742626908,555.2073892475994,3.0972708878096675,1,7,0,0
19.183333333333334,945.692854018062,553.6108143291931,3.12827574655031,1,7,0,0
19.191666666666666,945.6024355843305,553.4411274014441,3.0857828401804577,1,7,0,0
19.2,946.4014761324792,553.902437205365,3.1135754723449867,1,7,0,0
19.208333333333332,947.1112883150946,553.386722170331,3.125972074023083,1,7,0,0
19.216666666666665,948.1090618035109,553.297091191002,3.1399596223332917,1,7,0,0
19.225,947.5821758667371,552.9393706348969,3.1161996277291055,1,7,0,0
19.233333333333334,948.1449093825939,551.9031726883346,3.1097370174195733,1,7,0,0
19.241666666666667,948.1180347922723,552.242029425187,3.1444141457355443,1,7,0,0
19.25,948.312037324516,551.8537899620012,3.1109182014936554,1,7,0,0
19.258333333333333,948.625262341726,552.1846423438451,3.1021475726416816,1,7,0,0
19.266666666666666,949.6660343963355,552.3991393836862,3.0856781164259655,1,7,0,0
19.275,949.7039619368138,552.469693092705,3.1248290846892077,1,7,0,0
19.283333333333335,949.2673717279605,551.8228065749094,3.0742633335029916,1,7,0,0
19.291666666666668,949.4292128286194,551.8715138579227,3.1327796749407426,1,7,0,0
19.3,949.0140644898147,552.6385273624549,3.1283776782300214,1,7,0,0
19.308333333333334,948.6589738146251,553.1523316534103,3.1318210432778097,1,7,0,0
19.316666666666666,948.8357561595168,552.9959252558597,3.1482834019601866,1,7,0,0
19.325,948.2813201507141,553.3638226473182,3.1110793988443026,1,7,0,0
19.333333333333332,948.5370576989969,553.477839904148,3.1166958802689813,1,7,0,0
19.341666666666665,948.3636488574741,553.6224555343981,3.1206243030163185,1,7,0,0
19.35,948.9746021127604,554.4001802316774,3.1169715385533716,1,7,0,0
19.358333333333334,949.0203706356435,554.5107347421575,3.155763997250306,1,7,0,0
19.366666666666667,949.4783768624482,554.9477892903124,3.1036308663010086,1,7,0,0
19.375,949.876033897427,554.6168175680301,3.1304979266390465,1,7,0,0
19.383333333333333,949.9229528976424,553.4747714667969,3.18470961880012,1,7,0,0
19.391666666666666,949.7554346127642,554.4581982976783,3.1359197360132014,1,7,0,0
19.4,949.8753355795955,554.0354259594318,3.122463166399985,1,7,0,0
19.408333333333335,950.2075123975569,553.8508099817582,3.124462388593303,1,7,0,0
19.416666666666668,950.7585952459654,553.3938641157761,3.1538313157795206,1,7,0,0
19.425,950.682161541296,553.0980474776346,3.144495935177144,1,7,0,0
19.433333333333334,950.711051127611,552.3265576967644,3.1261109093676835,1,7,0,0
19.441666666666666,949.8513447025348,551.6175906258737,3.142517715233944,1,7,0,0
19.45,949.6616605726773,552.0362851751094,3.1378698888519074,1,7,0,0
19.458333333333332,948.616959378995,551.7451078891345,3.127915588614327,1,7,0,0
19.466666666666665,948.5668321284913,552.4436269250456,3.1355680807126527,1,7,0,0
19.475,948.0532035283886,552.7093411070936,3.121145369914327,1,7,0,0
19.483333333333334,948.050784840291,552.0459111475917,3.1293403953859698,1,7,0,0
19.491666666666667,948.3762477711592,552.9215880418277,3.1253816427563805,1,7,0,0
19.5,948.9007080146525,553.0312757369702,3.1330690150238927,1,7,0,0
19.508333333333333,948.3767094200343,551.9474439076512,3.1499562544215727,1,7,0,0
19.516666666666666,948.535606112857,552.6302946706174,3.1524097109729823,1,7,0,0
19.525,948.5883534116888,553.018754015833,3.1410910501954734,1,7,0,0
19.533333333333335,948.8493685028961,553.4054294174088,3.1236386785633825,1,7,0,0
19.541666666666668,948.3424644070634,553.8716278506186,3.1392477802944754,1,7,0,0
19.55,948.8355836225577,554.4195661954672,3.1168237098178917,1,7,0,0
19.558333333333334,948.6732757331657,553.8395343288925,3.1713754785644284,1,7,0,0
19.566666666666666,948.2941279967691,552.9093104008819,3.1671620522444015,1,7,0,0
19.575,948.9586797649079,551.9052293752304,3.134391425889709,1,7,0,0
19.583333333333332,949.0278238514785,551.820736812191,3.118066387843994,1,7,0,0
19.591666666666665,948.8258358055734,551.6432944255449,3.1327701289401446,1,7,0,0
19.6,948.4988233193682,550.6926581829996,3.173185546753925,1,7,0,0
19.608333333333334,948.5578522451987,550.9668201324035,3.192657559776682,1,7,0,0
19.616666666666667,948.9063948971075,550.7018595979542,3.160548987406548,1,7,0,0
19.625,948.7532172320413,549.9985573588492,3.1406973506328555,1,7,0,0
19.633333333333333,948.962839139596,549.515899862291,3.183100595334018,1,7,0,0
19.641666666666666,947.5871533612266,549.3603061773689,3.1658309914011595,1,7,0,0
19.65,948.3921904007149,549.5305045079884,3.174515937631252,1,7,0,0
19.658333333333335,948.6669606612492,549.405938138392,3.1636317045335742,1,7,0,0
19.666666666666668,947.9267676246109,550.2212274892883,3.165723989061127,1,7,0,0
19.675,947.9337935316528,550.1580173414386,3.1682242944449817,1,7,0,0
19.683333333333334,948.6868533097062,549.8647868795002,3.1814643077483846,1,7,0,0
19.691666666666666,948.6903379653982,550.7502746164462,3.144243117021942,1,7,0,0
19.7,948.6411149385576,551.0815960544426,3.1780251611177777,1,7,0,0
19.708333333333332,948.6828380058395,550.7713749684306,3.1681934370110625,1,7,0,0
19.716666666666665,948.2275138542034,551.1120363711135,3.1506952159394186,1,7,0,0
19.725,947.8173197130959,551.124615723228,3.147239549548157,1,7,0,0
19.733333333333334,947.4599929076354,551.3147865172765,3.15363482504844,1,7,0,0
19.741666666666667,948.103694468165,552.7586245042677,3.159275566468802,1,7,0,0
19.75,947.8859464480579,553.6069149435242,3.1432780703584555,1,7,0,0
19.758333333333333,947.9904173054957,553.8802012522041,3.185632630710373,1,7,0,0
19.766666666666666,948.3922612398583,553.9990194439699,3.1483914799681916,1,7,0,0
19.775,948.9956147859357,553.5227258699559,3.1909886906255767,1,7,0,0
19.783333333333335,949.3121274972453,553.3706787128996,3.197960533200065,1,7,0,0
19.791666666666668,949.1827282102896,553.5006277694359,3.139144711395972,1,7,0,0
19.8,949.5076763481298,552.9131239406835,3.15814345573132,1,7,0,0
19.808333333333334,949.1282649684603,552.8544845986265,3.210146731727362,1,7,0,0
19.816666666666666,949.36024899843,551.6784916228872,3.2112769561922643,1,7,0,0
19.825,949.7279346599943,551.5282851166792,3.1715042671043707,1,7,0,0
19.833333333333332,949.7696464021911,551.7983497214709,3.1692523037216973,1,7,0,0
19.841666666666665,949.8423145526066,552.9066295805652,3.204327407412692,1,7,0,0
19.85,949.9038117373335,553.2845136694551,3.16014370186033,1,7,0,0
19.858333333333334,950.1996162798457,553.7264493259545,3.176540682706593,1,7,0,0
19.866666666666667,950.4289111968726,553.7766990795672,3.1826772436478343,1,7,0,0
19.875,950.8943645015888,553.6871502526661,3.1351398858825243,1,7,0,0
19.883333333333333,950.836327372898,553.2599872502069,3.203140796776177,1,7,0,0
19.891666666666666,950.8818635327723,553.3393727833469,3.209675376385325,1,7,0,0
19.9,950.0336794871366,553.1395273650953,3.1955291947824747,1,7,0,0
19.908333333333335,949.4475651071704,553.1391999584307,3.1729911162252478,1,7,0,0
19.916666666666668,948.9871048949458,553.564008721071,3.195713751618873,1,7,0,0
19.925,948.9543709289449,553.5855768739667,3.219315134526051,1,7,0,0
19.933333333333334,948.023633582289,553.7062785394382,3.1616609488651006,1,7,0,0
19.941666666666666,948.2866691025714,553.1087681628052,3.165770423280798,1,7,0,0
19.95,948.2641977076007,552.1471373463017,3.2346120365018622,1,7,0,0
19.958333333333332,,,,0,7,0,0
19.966666666666665,,,,0,7,0,0
19.975,,,,0,7,0,0
19.983333333333334,,,,0,7,0,0
19.991666666666667,,,,0,7,0,0
20.0,,,,0,7,0,0
20.008333333333333,,,,0,7,0,0
20.016666666666666,,,,0,7,0,0
20.025,,,,0,7,0,0
20.033333333333335,,,,0,7,0,0
20.041666666666668,,,,0,7,0,0
20.05,,,,0,7,0,0
20.058333333333334,,,,0,7,0,0
20.066666666666666,,,,0,7,0,0
20.075,,,,0,7,0,0
20.083333333333332,,,,0,7,0,0
20.091666666666665,,,,0,7,0,0
20.1,,,,0,7,0,0
20.108333333333334,,,,0,7,0,0
20.116666666666667,949.891039235774,551.8961465827737,3.2159672237884402,1,7,0,0
20.125,949.8860174526806,551.6485002932556,3.196434135806992,1,7,0,0
20.133333333333333,949.9109086216883,551.4726166380701,3.2538487406524284,1,7,0,0
20.141666666666666,949.6513771183921,551.2109541884831,3.222081304261387,1,7,0,0
20.15,949.9767152388101,551.2176672817026,3.227037533791445,1,7,0,0
20.158333333333335,949.3300987866285,551.6057596700709,3.221081428362504,1,7,0,0
20.166666666666668,949.650055283358,551.6510273208883,3.193584596429086,1,7,0,0
20.175,949.7457140696804,551.969947642469,3.1902018979082385,1,7,0,0
20.183333333333334,949.2494228430411,552.4125466479167,3.2072704235125897,1,7,0,0
20.191666666666666,949.4193299005431,552.6048153095467,3.201999081787662,1,7,0,0
20.2,948.3853489930706,552.2130629157717,3.248615051812413,1,7,0,0
20.208333333333332,948.2799667635987,551.5093574834094,3.2161556854401745,1,7,0,0
20.216666666666665,949.581069191774,551.2933310150422,3.2515115962222474,1,7,0,0
20.225,949.5272070655734,550.8811165386253,3.25190790828399,1,7,0,0
20.233333333333334,949.4948151581882,550.7099505067495,3.253582693364137,1,7,0,0
20.241666666666667,949.8616361374316,550.5969409073266,3.232482038103728,1,7,0,0
20.25,949.1243155937588,550.3535964011281,3.260569907910838,1,7,0,0
20.258333333333333,949.5653706766238,550.4176704182349,3.237844258225849,1,7,0,0
20.266666666666666,949.6840932745502,550.4720894087114,3.250440572331831,1,7,0,0
20.275,949.0892685992849,551.3137827610922,3.227345744702164,1,7,0,0
20.283333333333335,948.51772714866,551.0982508567436,3.2500918189655637,1,7,0,0
20.291666666666668,948.532923256458,550.8768592608993,3.261827440706809,1,7,0,0
20.3,947.4053110531618,549.7942514090498,3.2826605697129,1,7,0,0
20.308333333333334,947.0248105034851,549.8806432491032,3.2403160843388332,1,7,0,0
20.316666666666666,947.2722420893537,550.2220067317743,3.263663660417682,1,7,0,0
20.325,947.0016148881513,549.6163348569245,3.263163325504821,1,7,0,0
20.333333333333332,946.0227315222747,548.7092609235216,3.273807813446872,1,7,0,0
20.341666666666665,946.3353657456596,549.2999972218552,3.2882408245626724,1,7,0,0
20.35,945.6663582268202,549.1156185022983,3.2579219115019784,1,7,0,0
20.358333333333334,945.5983601149843,549.061795291173,3.282975378544677,1,7,0,0
20.366666666666667,945.5552497296419,549.6889304619306,3.2750593253880673,1,7,0,0
20.375,945.4612598658367,549.2329770520493,3.2922013262954395,1,7,0,0
20.383333333333333,944.7902450186211,549.2961948588321,3.314277020857798,1,7,0,0
20.391666666666666,944.9765299469622,549.0506450677192,3.2991681587622774,1,7,0,0
20.4,944.1926343554549,548.1526246026663,3.322387956515386,1,7,0,0
20.408333333333335,943.6638309833734,548.3867413798213,3.296438220165724,1,7,0,0
20.416666666666668,943.9994058536338,547.7583273770789,3.3209610286073574,1,7,0,0
20.425,943.9915810712214,548.7630978411845,3.2829787141649724,1,7,0,0
20.433333333333334,944.4315642975279,548.9231840646776,3.3074260957460626,1,7,0,0
20.441666666666666,943.5480015786346,549.767891160811,3.321458831235384,1,7,0,0
20.45,943.3139474539332,549.2526906828496,3.292261875076348,1,7,0,0
20.458333333333332,942.894829981668,549.5850198316624,3.3101959938991428,1,7,0,0
20.466666666666665,943.0251398100108,549.9434238164168,3.3261698133568953,1,7,0,0
20.475,943.7845590012325,549.7708136379702,3.270580290303536,1,7,0,0
20.483333333333334,943.8411516751054,550.030854709201,3.3111022649966433,1,7,0,0
20.491666666666667,943.6669388866354,549.7287001850258,3.2911617972395506,1,7,0,0
20.5,942.9882169023513,549.3519903621069,3.3121245724423223,1,7,0,0
20.508333333333333,943.1233974690655,549.6604970477022,3.304936811373949,1,7,0,0
20.516666666666666,943.4926897401176,548.9458901155533,3.2941785894224105,1,7,0,0
20.525,943.1076368253242,548.613258144673,3.268001339005357,1,7,0,0
20.533333333333335,943.1335992856158,549.3624996440917,3.2773402118156767,1,7,0,0
20.541666666666668,942.9744411040449,549.5915655370487,3.2785956483453296,1,7,0,0
20.55,942.8600001982569,548.4449737889566,3.2930286705125438,1,7,0,0
20.558333333333334,943.6949245844767,548.67408580249,3.2864318208333456,1,7,0,0
20.566666666666666,943.1194043223991,547.9518976543504,3.307355451149245,1,7,0,0
20.575,943.233216713362,548.1077281887361,3.269891712394617,1,7,0,0
20.583333333333332,943.6267539315619,547.9475796333469,3.308304006831781,1,7,0,0
20.591666666666665,943.0741559780174,548.1656960587593,3.318148086348652,1,7,0,0
20.6,942.7824068673496,547.8332765287624,3.2626683640582628,1,7,0,0
20.608333333333334,943.7225625471615,547.9308134083058,3.320548673071765,1,7,0,0
20.616666666666667,944.452940035868,547.9218305637531,3.293750469249228,1,7,0,0
20.625,943.7070090595201,548.1019637966482,3.263993920491984,1,7,0,0
20.633333333333333,943.621632577977,547.4968818090747,3.2676038964013796,1,7,0,0
20.641666666666666,943.2786384423838,547.1864341488802,3.321413657376234,1,7,0,0
20.65,942.5224736539545,547.6210534699576,3.266914499419389,1,7,0,0
20.658333333333335,942.7455107591255,548.0370257075596,3.290931195494841,1,7,0,0
20.666666666666668,942.6517311924151,548.5315644862565,3.2768830998079905,1,7,0,0
20.675,942.8341191075388,548.3834025011541,3.282201966668324,1,7,0,0
20.683333333333334,942.5053066005883,548.6899263438208,3.2389764705300825,1,7,0,0
20.691666666666666,942.2371181229493,548.6759966940175,3.271872948835292,1,7,0,0
20.7,943.2715128013723,548.2198532941193,3.253607034102493,1,7,0,0
20.708333333333332,942.7332311981539,548.6512831046701,3.3163887201134075,1,7,0,0
20.716666666666665,942.4895418396907,548.4424324019578,3.271307956847074,1,7,0,0
20.725,942.0533503229708,548.5370912042797,3.270652550862303,1,7,0,0
20.733333333333334,941.649967157865,548.9378694343147,3.270842207650113,1,7,0,0
20.741666666666667,941.3818732274273,549.296793661549,3.3061620093093906,1,7,0,0
20.75,940.9704507471004,549.2983289042053,3.315446259615081,1,7,0,0
20.758333333333333,940.8189788762908,548.3001113954555,3.2679829367080617,1,7,0,0
20.766666666666666,941.2410374261135,547.9453616304985,3.2828049094997973,1,7,0,0
20.775,941.3875566343504,548.3963138156688,3.2850570550679685,1,7,0,0
20.783333333333335,942.0110960077939,548.3916136321271,3.3307738433201846,1,7,0,0
20.791666666666668,941.8239196317267,548.392619868227,3.3128012786636627,1,7,0,0
20.8,942.0364190312637,549.0253762907896,3.303533494246025,1,7,0,0
20.808333333333334,941.1269665861654,548.6291684531822,3.2918946250702685,1,7,0,0
20.816666666666666,940.109931542901,548.0591619785351,3.2919279050739316,1,7,0,0
20.825,939.319934218006,548.3992166018364,3.2799586628376964,1,7,0,0
20.833333333333332,938.719120921377,548.8747825743367,3.345511780999101,1,7,0,0
20.841666666666665,938.2564125795014,549.5259141750496,3.247802159877679,1,7,0,0
20.85,938.0656435621638,549.5141441800587,3.2789527605379547,1,7,0,0
20.858333333333334,938.3778565177079,549.4617589414709,3.274508079705078,1,7,0,0
20.866666666666667,938.2334054045283,549.7367060443784,3.2832395313004348,1,7,0,0
20.875,938.0796706781462,550.3129348058465,3.2798316136513894,1,7,0,0
20.883333333333333,937.8193789671166,549.9588062217869,3.305406423077769,1,7,0,0
20.891666666666666,938.3980894724909,549.4052051763107,3.265667725627993,1,7,0,0
20.9,938.0358630523134,548.8667804391905,3.304247605033803,1,7,0,0
20.908333333333335,937.5506073814915,548.6930553752892,3.2778700352492707,1,7,0,0
20.916666666666668,937.278763971944,548.7787596426546,3.244718417927367,1,7,0,0
20.925,937.7006056094139,549.1433290077875,3.312061912993801,1,7,0,0
20.933333333333334,938.3681482416422,549.7580779231603,3.2793532140094452,1,7,0,0
20.941666666666666,938.8097194681427,550.7419705035466,3.294735246506819,1,7,0,0
20.95,939.252101057625,550.3588946444585,3.2815104909912,1,7,0,0
20.958333333333332,938.9782521075343,550.2181665379069,3.2830126739557866,1,7,0,0
20.966666666666665,938.9610233905688,549.9359811405459,3.2603818969753795,1,7,0,0
20.975,939.6680277603101,550.525023610924,3.311101188585105,1,7,0,0
20.983333333333334,938.8965205570153,550.2542355055755,3.2921734467438313,1,7,0,0
20.991666666666667,938.7305669168901,549.8609556980618,3.2734107697155355,1,7,0,0
21.0,938.1207928129616,550.7287502861299,3.3175266204911265,1,7,0,0
21.008333333333333,937.7479819059216,551.0340347578631,3.301879332201407,1,7,0,0
21.016666666666666,937.041128809388,551.1429548329174,3.328687870985452,1,7,0,0
21.025,935.6815581214556,550.8792957130336,3.298361699848697,1,7,0,0
21.033333333333335,935.3329612611884,550.4301134973099,3.347599715366853,1,7,0,0
21.041666666666668,935.0162809764792,549.9837339699477,3.2865778996885058,1,7,0,0
21.05,934.2965599000838,549.816279018278,3.2899734415447774,1,7,0,0
21.058333333333334,934.7420354802852,549.644979771363,3.28197986095007,1,7,0,0
21.066666666666666,934.8683155738495,549.2044822457464,3.34031435043276,1,7,0,0
21.075,934.6576139224255,549.8129262719057,3.2871704976927334,1,7,0,0
21.083333333333332,934.5247799276713,549.9927972386953,3.2867772523325427,1,7,0,0
21.091666666666665,934.3752372351433,549.8009568313961,3.300329022676378,1,7,0,0
21.1,934.1653364744943,549.9917584835165,3.3120399611009375,1,7,0,0
21.108333333333334,934.7945601562956,550.5737816013589,3.321438970868872,1,7,0,0
21.116666666666667,934.655463003586,550.741445582431,3.3372123672113596,1,7,0,0
21.125,934.4432740298847,549.9988417132366,3.267892422765258,1,7,0,0
21.133333333333333,933.1918490525176,549.6067726021183,3.2985705448003344,1,7,0,0
21.141666666666666,932.8153451004391,549.1665514528021,3.291255622204307,1,7,0,0
21.15,933.2940614543277,548.461495983086,3.2769010607043216,1,7,0,0
21.158333333333335,933.1752096525163,547.430915819256,3.2717954325846494,1,7,0,0
21.166666666666668,932.3372486507942,547.5155356998271,3.3199134344768777,1,7,0,0
21.175,932.7203155756608,548.0514627145609,3.2971290080705775,1,7,0,0
21.183333333333334,933.010489046589,547.8122486878251,3.279359441626559,1,7,0,0
21.191666666666666,932.7469988392074,547.5883362196544,3.2340456511287337,1,7,0,0
21.2,932.8746800907469,547.6652762949443,3.3165765845506656,1,7,0,0
21.208333333333332,933.0853346401655,548.3231532789191,3.2956492146311174,1,7,0,0
21.216666666666665,932.6070810740193,548.7865511037949,3.2898811885455865,1,7,0,0
21.225,932.4260678835687,548.9446145022985,3.3292210226078796,1,7,0,0
21.233333333333334,932.4281134812485,549.2958227061515,3.2990832999913624,1,7,0,0
21.241666666666667,932.1954645364171,550.291223456679,3.2907716696624876,1,7,0,0
21.25,933.0843073453384,549.6544234038564,3.2992228290957843,1,7,0,0
21.258333333333333,933.0262865051484,549.4868878246587,3.3297221453871844,1,7,0,0
21.266666666666666,932.8524876747845,549.5511704799243,3.2906702477835728,1,7,0,0
21.275,932.625786228603,548.9662020006456,3.3233015939348345,1,7,0,0
21.283333333333335,933.001601910923,549.2185524904293,3.28695918092712,1,7,0,0
21.291666666666668,932.7419878082975,549.0878221158076,3.243585482835624,1,7,0,0
21.3,933.7119721894121,549.259341115937,3.2740332202828832,1,7,0,0
21.308333333333334,933.2134106679936,549.3920223177885,3.3054236456256603,1,7,0,0
21.316666666666666,933.5682357513509,549.6209104190962,3.3126882626722454,1,7,0,0
21.325,933.1685684665157,549.9293966345673,3.2843569140276383,1,7,0,0
21.333333333333332,933.6110912187215,550.1423972600397,3.301530413187643,1,7,0,0
21.341666666666665,933.6291864050479,550.124500910243,3.297377590013913,1,7,0,0
21.35,933.5636138174716,550.5579997548818,3.2906487105845805,1,7,0,0
21.358333333333334,933.4160312153552,550.5548244854209,3.2820438122994453,1,7,0,0
21.366666666666667,933.494664641971,550.4566983375962,3.301177892751794,1,7,0,0
21.375,933.0472241885725,550.7712346718065,3.299065260247588,1,7,0,0
21.383333333333333,932.7231466497183,550.2710313113265,3.295790702749605,1,7,0,0
21.391666666666666,932.9014533256054,550.4221188270458,3.305930660658111,1,7,0,0
21.4,932.6057460380954,550.5394098283673,3.291481767178202,1,7,0,0
21.408333333333335,932.3616898654634,550.3478993211017,3.3077427652293965,1,7,0,0
21.416666666666668,932.9276668975369,551.1621472743832,3.2707292557679666,1,7,0,0
21.425,933.238813720403,551.3793750773597,3.302086914846529,1,7,0,0
21.433333333333334,933.7415415467443,550.8442794119077,3.3015110112325052,1,7,0,0
21.441666666666666,933.5564713557299,551.3015364311432,3.2289725934561977,1,7,0,0
21.45,934.6521134885375,550.8220411683142,3.2619494573222694,1,7,0,0
21.458333333333332,934.4786882197084,550.5395462738626,3.3032804933633404,1,7,0,0
21.466666666666665,934.0484951134068,549.4782844195413,3.2913803725663078,1,7,0,0
21.475,934.1308427213595,549.7101748779072,3.302917290647747,1,7,0,0
21.483333333333334,935.1105078117159,549.6116294176462,3.26442177135865,1,7,0,0
21.491666666666667,935.8709016107572,550.2264435127537,3.3140884601802334,1,7,0,0
21.5,935.415049272851,549.7939054198646,3.313679857483396,1,7,0,0
21.508333333333333,935.475655717083,549.3061769719752,3.2949294137734713,1,7,0,0
21.516666666666666,935.4501576093388,549.8804847816489,3.3128350246546887,1,7,0,0
21.525,935.1291721277438,549.513944732854,3.309104222947041,1,7,0,0
21.533333333333335,935.1519300781869,549.0763746808822,3.301313384805256,1,7,0,0
21.541666666666668,935.8030653734882,549.4896111992142,3.2925415831834943,1,7,0,0
21.55,934.9609524610993,549.4532944223289,3.255708843264415,1,7,0,0
21.558333333333334,935.5540662313481,548.89252034352,3.2617533439644375,1,7,0,0
21.566666666666666,935.1265922495755,548.7987013173181,3.309349500219971,1,7,0,0
21.575,935.0610778868404,548.8516855141391,3.32295706327669,1,7,0,0
21.583333333333332,934.9790947816905,548.756670445513,3.276316777763555,1,7,0,0
21.591666666666665,935.0083567582533,548.0353789182057,3.301517830044978,1,7,0,0
21.6,934.8536174050237,546.7033010533298,3.2710286199895813,1,7,0,0
21.608333333333334,935.1325300223987,546.6163391788933,3.289772557220116,1,7,0,0
21.616666666666667,935.1061918419055,546.5641861718171,3.272754149677226,1,7,0,0
21.625,934.6494777753676,546.558689634341,3.2746397656581805,1,7,0,0
21.633333333333333,934.467771118518,546.4979598819399,3.2930665413474935,1,7,0,0
21.641666666666666,934.9521568101196,546.9815198210326,3.271546463256815,1,7,0,0
21.65,934.8607536193324,546.8077969933537,3.2938341452619517,1,7,0,0
21.658333333333335,935.2831772792541,546.8615159002437,3.281606326998081,1,7,0,0
21.666666666666668,934.856745411465,547.3599313192497,3.2732493107457756,1,7,0,0
21.675,935.6140854473152,546.9768687069765,3.291249565777949,1,7,0,0
21.683333333333334,934.7481295815634,546.9564777464395,3.3231237750070863,1,7,0,0
21.691666666666666,935.3053665806133,546.8849886513244,3.286848987755527,1,7,0,0
21.7,935.4918429888185,547.3346646599236,3.28265079139167,1,7,0,0
21.708333333333332,935.1207666064172,547.1158830172731,3.244503986966457,1,7,0,0
21.716666666666665,934.9891354130413,547.0648485723079,3.2793769347728805,1,7,0,0
21.725,934.9852164319566,546.8158152169829,3.2789018090136373,1,7,0,0
21.733333333333334,934.8382332441001,546.1112181667083,3.2805454069090754,1,7,0,0
21.741666666666667,935.3657191138285,546.092789826027,3.2886158283801565,1,7,0,0
21.75,935.3945724824687,546.2509552693083,3.2414652643181303,1,7,0,0
21.758333333333333,935.3928470575023,545.9917948401735,3.280177359463754,1,7,0,0
21.766666666666666,935.8466291583056,545.925754521659,3.3130588956064226,1,7,0,0
21.775,935.8342947672063,546.3585069549448,3.277621642456677,1,7,0,0
21.783333333333335,936.0754978692854,546.4851395478513,3.2862516937037776,1,7,0,0
21.791666666666668,934.8759115851475,546.3579257024934,3.274726599056648,1,7,0,0
21.8,934.390325620059,545.914258824754,3.2751531871085713,1,7,0,0
21.808333333333334,933.8355357501664,546.4774583159517,3.259589664110794,1,7,0,0
21.816666666666666,933.6667428970065,545.8305371599643,3.2636847506907842,1,7,0,0
21.825,934.1556352443067,545.9961989227518,3.280691092578216,1,7,0,0
21.833333333333332,934.1192164380194,545.747132264521,3.2877045297988543,1,7,0,0
21.841666666666665,933.330540346994,545.3330158383826,3.2836497752713685,1,7,0,0
21.85,933.5309107906936,545.2692276504484,3.2855717481270257,1,7,0,0
21.858333333333334,932.6583507535387,546.0987271573489,3.2545974865188083,1,7,0,0
21.866666666666667,932.6590423818988,545.8771098349112,3.2713794338641766,1,7,0,0
21.875,932.4006878187587,545.5475254647246,3.2815632415382283,1,7,0,0
21.883333333333333,932.2604737016571,544.9321154367883,3.2597884053687127,1,7,0,0
21.891666666666666,932.2448946214357,544.7000700897204,3.2975483695950576,1,7,0,0
21.9,932.8940438752848,545.0778081532147,3.306474218294579,1,7,0,0
21.908333333333335,932.1360957334695,546.4465991739053,3.2503980720327603,1,7,0,0
21.916666666666668,933.071630301452,547.3085502746866,3.2439303890064513,1,7,0,0
21.925,933.6268831723354,547.0509562303453,3.2515426243540815,1,7,0,0
21.933333333333334,932.5488376940339,547.1778977328366,3.26279024165294,1,7,0,0
21.941666666666666,931.4386021158534,547.1138788120452,3.2557038345011735,1,7,0,0
21.95,931.7214504988734,547.2270278246705,3.2400586524538784,1,7,0,0
21.958333333333332,930.5431397175353,547.6098076450044,3.243398296337018,1,7,0,0
21.966666666666665,930.6112539975475,548.3289436743535,3.2567855030232846,1,7,0,0
21.975,930.2823112927514,548.0087862254654,3.261634145850835,1,7,0,0
21.983333333333334,930.508277556872,547.6500336701363,3.2564516751871264,1,7,0,0
21.991666666666667,930.4609529946666,548.195478265026,3.248198039705487,1,7,0,0
22.0,930.5972076312785,548.7512079593854,3.278057683446306,1,7,0,0
22.008333333333333,930.5931827795404,548.9868895498831,3.2838366988206866,1,7,0,0
22.016666666666666,931.4521886391539,549.1046754702643,3.2633293299960546,1,7,0,0
22.025,930.7993852227073,548.3923740244169,3.240885578207625,1,7,0,0
22.033333333333335,930.3823803482195,548.4785195687746,3.284162225512361,1,7,0,0
22.041666666666668,929.8692645741436,547.8106992873377,3.245738001064432,1,7,0,0
22.05,930.2853351047759,547.2846755356887,3.237679525552857,1,7,0,0
22.058333333333334,930.3020825277878,547.2244616264292,3.238722336395402,1,7,0,0
22.066666666666666,931.0577749532835,546.7358140776944,3.2526422094597285,1,7,0,0
22.075,930.2517937620395,547.1142867276877,3.270078098214605,1,7,0,0
22.083333333333332,931.2299231528577,546.950911199462,3.259977201608344,1,7,0,0
22.091666666666665,931.1380532863244,547.2618302515492,3.28159047963396,1,7,0,0
22.1,930.7948341449408,547.6532656692744,3.222364698172151,1,7,0,0
22.108333333333334,931.7307354935456,547.2520920282559,3.251337736754817,1,7,0,0
22.116666666666667,932.2526175915773,547.2992118999565,3.256071680137308,1,7,0,0
22.125,932.1031074016971,547.352156938852,3.2122681022162523,1,7,0,0
22.133333333333333,930.9962367361163,547.5404929560407,3.2678725359854237,1,7,0,0
22.141666666666666,930.7445388707143,548.2314952130865,3.255258291289042,1,7,0,0
22.15,930.2946954427891,547.5280584350162,3.2268842910347697,1,7,0,0
22.158333333333335,930.768011679695,548.0268133152944,3.2321105327420954,1,7,0,0
22.166666666666668,930.4010508841678,548.3044447854422,3.2372636698000123,1,7,0,0
22.175,930.3399369061281,548.340344575434,3.2371676443897255,1,7,0,0
22.183333333333334,930.5875659122474,548.10675703053,3.2232005229898806,1,7,0,0
22.191666666666666,929.970612940647,548.3254296894363,3.233572287801532,1,7,0,0
22.2,929.9869204638704,548.3356134343785,3.216233022008954,1,7,0,0
22.208333333333332,929.3951904220228,548.4026968491468,3.2484266291896495,1,7,0,0
22.216666666666665,928.8987842634219,548.8042362764432,3.2416712093711006,1,7,0,0
22.225,929.5773965505329,548.0383954694885,3.206307817758118,1,7,0,0
22.233333333333334,929.5652971687751,547.5501245091585,3.239000270029682,1,7,0,0
22.241666666666667,929.6160162874595,548.0599350595019,3.2583632766636286,1,7,0,0
22.25,929.7206974980386,548.7071976985827,3.2481182381341704,1,7,0,0
22.258333333333333,929.1945654164173,548.777509882635,3.236744879990857,1,7,0,0
22.266666666666666,929.9639689126133,547.7829212944555,3.2170288338786523,1,7,0,0
22.275,930.2725143642954,548.187664486922,3.212514149811613,1,7,0,0
22.283333333333335,930.4500197159621,547.8072569329352,3.2245237160231137,1,7,0,0
22.291666666666668,930.163085859789,547.7831973426015,3.2017145487021943,1,7,0,0
22.3,929.9067353332047,547.1463678132994,3.227294673751536,1,7,0,0
22.308333333333334,930.4551132153425,547.3523698970955,3.206415863077758,1,7,0,0
22.316666666666666,930.1215596975721,546.6245466561297,3.2289069385110962,1,7,0,0
22.325,930.0384577470487,545.7983974979758,3.2440600196933103,1,7,0,0
22.333333333333332,930.2298682424591,545.9247352783997,3.218159304639542,1,7,0,0
22.341666666666665,930.298701666889,546.3886169957609,3.2239872659475908,1,7,0,0
22.35,930.0313983026083,546.3188081550234,3.1905440922537514,1,7,0,0
22.358333333333334,929.7882426118538,546.4588922376875,3.217238141546927,1,7,0,0
22.366666666666667,929.1241970441404,546.630718703481,3.2464829519616756,1,7,0,0
22.375,929.1000865990688,546.0202658630299,3.2112059810279105,1,7,0,0
22.383333333333333,928.9610658721415,545.9047629821938,3.2126505802898895,1,7,0,0
22.391666666666666,928.9359860885125,546.2449517493112,3.2148709944709175,1,7,0,0
22.4,928.876651556279,544.9848690285219,3.2280118323805365,1,7,0,0
22.408333333333335,928.8722631658692,545.2746924431355,3.1941299459978687,1,7,0,0
22.416666666666668,928.8057383572741,544.6828621742621,3.2213416168712348,1,7,0,0
22.425,928.496293997741,543.9050094304357,3.2280946643960293,1,7,0,0
22.433333333333334,928.2666024239431,544.3048388924051,3.189433823043125,1,7,0,0
22.441666666666666,929.2754433252882,544.4340186043403,3.1777273356381746,1,7,0,0
22.45,929.44661431145,544.4830621087476,3.2355047772897145,1,7,0,0
22.458333333333332,929.5971611730421,544.5129860852893,3.194735389372689,1,7,0,0
22.466666666666665,928.8210582942146,544.4274270014364,3.217014300549589,1,7,0,0
22.475,928.7497837878034,544.0990829334719,3.1869537826806558,1,7,0,0
22.483333333333334,929.2594807368055,544.0295982993702,3.2053537803674113,1,7,0,0
22.491666666666667,929.2688464917163,543.8742605134171,3.205243113582105,1,7,0,0
22.5,928.5938090478401,543.8084570523008,3.1873010422097954,1,7,0,0
22.508333333333333,928.7766265681164,543.5188260274281,3.2187832806557184,1,7,0,0
22.516666666666666,929.1149414172489,543.9629104833667,3.211887604876221,1,7,0,0
22.525,928.751147624916,544.2977746960186,3.213442837834242,1,7,0,0
22.533333333333335,928.5386303547689,545.0261264530831,3.2161320577728705,1,7,0,0
22.541666666666668,929.4787922801003,545.5632942759677,3.1994564175522404,1,7,0,0
22.55,929.0826999728704,545.736377335636,3.2050914896165628,1,7,0,0
22.558333333333334,928.8014195533715,545.350726968855,3.166870616096525,1,7,0,0
22.566666666666666,928.4499566086722,544.9871772002796,3.199498542869437,1,7,0,0
22.575,928.508268670337,544.2769136208525,3.1978021000691093,1,7,0,0
22.583333333333332,928.2584855293175,543.4921387890432,3.203795991917628,1,7,0,0
22.591666666666665,928.099226562307,543.235009585631,3.183353319498044,1,7,0,0
22.6,928.2703120197082,543.5103996092606,3.184247377680655,1,7,0,0
22.608333333333334,928.0491181081509,543.847288496594,3.198033573586014,1,7,0,0
22.616666666666667,928.1494101517031,543.3755094858465,3.18850558895944,1,7,0,0
22.625,927.7580934994756,543.2269525163226,3.1573367528628133,1,7,0,0
22.633333333333333,927.1989236393968,544.2202150825142,3.2096056374443065,1,7,0,0
22.641666666666666,927.2489037467186,543.2936288055469,3.185620475442334,1,7,0,0
22.65,927.4587181458514,543.1352032245487,3.19170653504726,1,7,0,0
22.658333333333335,928.1314375971168,543.045853037878,3.1682473456781732,1,7,0,0
22.666666666666668,928.3928013387432,542.5566895658889,3.186807686084527,1,7,0,0
22.675,928.644324688244,542.1488382769313,3.202288764009049,1,7,0,0
22.683333333333334,927.6763694439227,541.7428259554222,3.2018774756754955,1,7,0,0
22.691666666666666,927.895272393962,542.0010876040338,3.1321203331131193,1,7,0,0
22.7,927.0551935621233,541.1954564076472,3.1931205670948146,1,7,0,0
22.708333333333332,927.4683716752065,541.7579287565951,3.1502862581802633,1,7,0,0
22.716666666666665,927.5489213369998,542.7761340359957,3.1939862969384194,1,7,0,0
22.725,928.9042383976387,542.3236485040904,3.1556968535813255,1,7,0,0
22.733333333333334,928.8529277846935,542.7174784459219,3.1403235538189977,1,7,0,0
22.741666666666667,928.826447815581,542.6797486091209,3.16742490417761,1,7,0,0
22.75,929.0039965263545,542.0210038302741,3.1922910303777945,1,7,0,0
22.758333333333333,929.0257160556793,542.4501164181078,3.1236673552163423,1,7,0,0
22.766666666666666,928.9219630616142,542.9510190975077,3.1710779989225877,1,7,0,0
22.775,928.8249133640255,542.9854368474566,3.1864361029288397,1,7,0,0
22.783333333333335,929.1258903657377,543.5304278985633,3.1514343066406565,1,7,0,0
22.791666666666668,928.6676276745568,543.5899282761418,3.18878206433909,1,7,0,0
22.8,927.6863398061048,543.3623439663719,3.1553080169319307,1,7,0,0
22.808333333333334,927.7033951593347,542.8308335679574,3.136545130243549,1,7,0,0
22.816666666666666,927.5627929386736,542.4170196421933,3.152153503543576,1,7,0,0
22.825,927.2796818277607,541.8233514505248,3.1645202442776292,1,7,0,0
22.833333333333332,927.2354320650916,541.692657100885,3.1606283869122622,1,7,0,0
22.841666666666665,926.5465723067339,541.0264617798265,3.1460798706685105,1,7,0,0
22.85,927.2599897210638,540.5504636375831,3.1359845803366433,1,7,0,0
22.858333333333334,927.7887541002831,540.3045136364913,3.1359179580028607,1,7,0,0
22.866666666666667,926.8873830102568,541.2767977995912,3.157142887667422,1,7,0,0
22.875,926.0140857844677,541.1060691743693,3.1678590031499314,1,7,0,0
22.883333333333333,927.791405308096,541.0373826927112,3.1382310232895505,1,7,0,0
22.891666666666666,927.7424130995535,541.1562011698604,3.1486224761638346,1,7,0,0
22.9,928.5646149967835,542.1903627272296,3.1828461074281456,1,7,0,0
22.908333333333335,929.0212808606735,542.3097962022557,3.20286165883922,1,7,0,0
22.916666666666668,929.3594615840578,542.2557059894098,3.1888583862802857,1,7,0,0
22.925,929.1585219603077,543.2208892970413,3.1655714106278214,1,7,0,0
22.933333333333334,928.7957046594338,542.4624956516628,3.122184325764116,1,7,0,0
22.941666666666666,928.8254630213215,542.345669774196,3.1483336217899627,1,7,0,0
22.95,928.6548228735081,542.5303784210869,3.133950004574264,1,7,0,0
22.958333333333332,929.5681975590661,541.8273970953505,3.150743233649801,1,7,0,0
22.966666666666665,929.5170259925976,542.00190811091,3.118683926046455,1,7,0,0
22.975,929.5450660654353,542.993228511443,3.150530445373153,1,7,0,0
22.983333333333334,928.3217483784307,542.4223594993159,3.128413678199123,1,7,0,0
22.991666666666667,928.4834423104433,542.0464400204078,3.1654292434262126,1,7,0,0
23.0,929.1942945694755,541.9969564109472,3.153043519346095,1,7,0,0
23.008333333333333,928.7127020688602,541.722306155054,3.115785418818517,1,7,0,0
23.016666666666666,929.0046378021617,541.6253141290374,3.183795999192987,1,7,0,0
23.025,929.3253544923139,541.7973710870214,3.1397787680358187,1,7,0,0
23.033333333333335,929.2470945902893,542.1308639429927,3.125421995517525,1,7,0,0
23.041666666666668,929.4549471575393,541.5816533610058,3.139424871975278,1,7,0,0
23.05,930.0631657709084,542.7210029237256,3.1334207049857565,1,7,0,0
23.058333333333334,930.3638722516764,542.9434629198664,3.1563231728693957,1,7,0,0
23.066666666666666,930.6387621942508,543.5981670847212,3.127328748826138,1,7,0,0
23.075,930.5073489154573,543.320220888094,3.1460718857144823,1,7,0,0
23.083333333333332,930.4535438647954,543.0118609865508,3.1295672878198557,1,7,0,0
23.091666666666665,930.6739603046534,544.0781470996135,3.14863551622226,1,7,0,0
23.1,931.0058532156901,543.6599056177304,3.0996758677443665,1,7,0,0
23.108333333333334,930.4186000426263,544.2976777550356,3.1320009042907313,1,7,0,0
23.116666666666667,930.1851538974488,544.1762558090569,3.1108287395107865,1,7,0,0
23.125,929.7162535840773,544.6762275331043,3.1269737910099122,1,7,0,0
23.133333333333333,930.275976271743,544.6097412152426,3.110492675409451,1,7,0,0
23.141666666666666,930.5254424619178,543.7891679399255,3.1063908105968276,1,7,0,0
23.15,930.3973136418265,544.04071429717,3.0863713550118863,1,7,0,0
23.158333333333335,930.7622909181533,544.8660520319767,3.144527753364935,1,7,0,0
23.166666666666668,931.6492611003409,545.2895817770466,3.1294659004316556,1,7,0,0
23.175,932.0979066116959,545.3606003761745,3.0937721906537465,1,7,0,0
23.183333333333334,932.1169398237107,545.4829529691049,3.1057815019128068,1,7,0,0
23.191666666666666,932.9162958224591,545.922958710089,3.1561405155886373,1,7,0,0
23.2,932.8116161394698,546.2822695746107,3.1364501252872987,1,7,0,0
23.208333333333332,933.2284968888662,546.9741030654754,3.1008249864639468,1,7,0,0
23.216666666666665,932.9216700118922,546.4119100310637,3.0827015235289563,1,7,0,0
23.225,933.0632796575262,546.422215251555,3.097553974769267,1,7,0,0
23.233333333333334,932.8641398287514,545.350963541513,3.138576969603435,1,7,0,0
23.241666666666667,932.2324281568096,545.3645087869463,3.0990840879134676,1,7,0,0
23.25,932.249937395057,545.7073000632712,3.119677389972534,1,7,0,0
23.258333333333333,932.6119053768651,545.1201187745388,3.1068084920169525,1,7,0,0
23.266666666666666,932.1782033321946,544.4512161352422,3.134414873869987,1,7,0,0
23.275,931.4710561599386,544.6414312436405,3.120099366592138,1,7,0,0
23.283333333333335,931.234689781279,545.4543551951582,3.1134109414945335,1,7,0,0
23.291666666666668,931.5713873581316,545.2134396287282,3.0717334396385683,1,7,0,0
23.3,930.7297600445577,546.2490486570705,3.129243814809289,1,7,0,0
23.308333333333334,930.7758139062016,546.5253713858935,3.0786373541001093,1,7,0,0
23.316666666666666,930.5149669650341,547.4886409491584,3.1172116066202737,1,7,0,0
23.325,929.7428811591731,547.9444382825883,3.1239048003624914,1,7,0,0
23.333333333333332,929.4774229143075,548.4454130688127,3.1376496368503233,1,7,0,0
23.341666666666665,929.7998156247778,548.3183061631447,3.121593402310499,1,7,0,0
23.35,929.9024238245192,548.2987412195557,3.0980058238217327,1,7,0,0
23.358333333333334,930.4823759855648,548.0840580861966,3.097167604836224,1,7,0,0
23.366666666666667,929.6914825404092,547.7188616472084,3.1168118492559267,1,7,0,0
23.375,928.8847220882632,547.5567026408092,3.0746987088583664,1,7,0,0
23.383333333333333,928.383263915823,547.3171562371899,3.114438018904815,1,7,0,0
23.391666666666666,928.9760928136315,547.9555688585507,3.1522338155739194,1,7,0,0
23.4,928.9119034168699,548.3892803288556,3.1328128748122217,1,7,0,0
23.408333333333335,929.2059563039949,548.0175586528046,3.108260807661881,1,7,0,0
23.416666666666668,928.9632358675909,548.0091383213962,3.089084454435503,1,7,0,0
23.425,929.0926590020307,548.8577360293967,3.1170922001115966,1,7,0,0
23.433333333333334,928.9130757718357,549.5272704574518,3.110350929930141,1,7,0,0
23.441666666666666,928.719314523959,549.3451482151862,3.1125619117155043,1,7,0,0
23.45,928.5550532311655,548.9364549241865,3.0821775967701592,1,7,0,0
23.458333333333332,928.3276974006229,549.2719368651387,3.1060835223694876,1,7,0,0
23.466666666666665,928.4942747181445,549.8847619980141,3.11993704603056,1,7,0,0
23.475,928.3836891715705,549.1648891823338,3.072189620923493,1,7,0,0
23.483333333333334,928.4422638938662,548.4218513145682,3.0924221900348012,1,7,0,0
23.491666666666667,928.2592215033899,548.4735674015142,3.0926416075730145,1,7,0,0
23.5,928.8523013011167,549.0784701311347,3.1206525753443404,1,7,0,0
23.508333333333333,928.8064994789197,549.5517774249992,3.1160307059547696,1,7,0,0
23.516666666666666,928.9351709334915,550.362558216494,3.137163320329613,1,7,0,0
23.525,929.0201815005345,549.3205619796248,3.1017053936049277,1,7,0,0
23.533333333333335,928.4305369614783,548.0693038806523,3.149876694148267,1,7,0,0
23.541666666666668,927.9542239170019,548.1944525822672,3.1333980512183985,1,7,0,0
23.55,926.6188970236375,548.330737657136,3.088054932223143,1,7,0,0
23.558333333333334,926.4145170968299,547.5403158446164,3.127290476336341,1,7,0,0
23.566666666666666,925.4158420456846,546.5888374912221,3.0955036845781767,1,7,0,0
23.575,925.6408148934925,546.5288363853148,3.0828156908820024,1,7,0,0
23.583333333333332,926.1420645440033,546.3175118768658,3.0756661860810217,1,7,0,0
23.591666666666665,926.8759995640911,546.2119000275545,3.1199714155947245,1,7,0,0
23.6,927.5362821338505,546.3147574106395,3.0995855426637795,1,7,0,0
23.608333333333334,927.0918175320645,546.1240390291496,3.1054827157594924,1,7,0,0
23.616666666666667,926.6681383998427,545.362074147299,3.134439979901598,1,7,0,0
23.625,927.6301895400717,544.949236522866,3.0941092267117676,1,7,0,0
23.633333333333333,928.0481123849311,545.4008746375994,3.1313825588194306,1,7,0,0
23.641666666666666,927.881880627226,546.0806988951024,3.1036236769322807,1,7,0,0
23.65,927.4488357881705,546.8858742785799,3.1013897328821134,1,7,0,0
23.658333333333335,926.9586277068383,546.799030294856,3.1261013951716934,1,7,0,0
23.666666666666668,927.4049217173905,547.2050607698181,3.09382343946767,1,7,0,0
23.675,927.9464320738015,547.1791608213605,3.1156189654998063,1,7,0,0
23.683333333333334,928.1406001675323,547.2353806161129,3.0871614160650145,1,7,0,0
23.691666666666666,928.4296593517801,547.7374387884753,3.0652578944114923,1,7,0,0
23.7,927.8200991733106,547.0946940384006,3.126777705935244,1,7,0,0
23.708333333333332,928.0697823635229,547.6666574916375,3.1257194108346913,1,7,0,0
23.716666666666665,928.4812165415802,547.1855399880998,3.1038595528656527,1,7,0,0
23.725,928.2899823645803,547.0783264968738,3.084690829363198,1,7,0,0
23.733333333333334,927.8498085470651,546.9595467117108,3.084502795118986,1,7,0,0
23.741666666666667,927.8468988681653,546.6818425040329,3.0955975842582184,1,7,0,0
23.75,927.4836405595113,547.0722808970557,3.0688085763461013,1,7,0,0
23.758333333333333,927.3715277804583,546.8684731527213,3.127604637231111,1,7,0,0
23.766666666666666,928.6582296563683,546.8601515491237,3.073889253262494,1,7,0,0
23.775,929.0871269602617,547.0951909601591,3.075943378000035,1,7,0,0
23.783333333333335,929.7774057889959,548.3954033455271,3.0834696903904475,1,7,0,0
23.791666666666668,930.0875718745497,547.5479378623535,3.0993787528282746,1,7,0,0
23.8,929.7459753175312,547.5867991408622,3.1053667437252073,1,7,0,0
23.808333333333334,929.1367632557615,547.0341741375911,3.1083593769281324,1,7,0,0
23.816666666666666,929.0775874838516,547.5114092928673,3.13296535817965,1,7,0,0
23.825,928.5966281759728,547.9050938453677,3.122382378955201,1,7,0,0
23.833333333333332,928.2665349611111,548.3963349192788,3.0938349152455373,1,7,0,0
23.841666666666665,928.4241046752306,548.7524250477645,3.0935269164461463,1,7,0,0
23.85,928.5543753734989,548.7018471969268,3.084859529154449,1,7,0,0
23.858333333333334,928.2488868962823,549.1445345869213,3.1313077278062407,1,7,0,0
23.866666666666667,928.1474102023756,548.3453162436392,3.126893233126445,1,7,0,0
23.875,927.8587448770805,547.977611429476,3.1209617338635063,1,7,0,0
23.883333333333333,928.0024542483606,547.1781422544624,3.102879814362151,1,7,0,0
23.891666666666666,928.3539087332529,546.9726435524875,3.1177273635519436,1,7,0,0
23.9,927.9273948254687,546.7203721899149,3.0760281352786625,1,7,0,0
23.908333333333335,927.3024684097037,546.787429188604,3.0983825313917337,1,7,0,0
23.916666666666668,928.2699988447176,546.5715197709243,3.091418606898994,1,7,0,0
23.925,927.9059460817779,546.3497798748687,3.1377125815206393,1,7,0,0
23.933333333333334,927.6548305730258,546.9713695905024,3.115194448191415,1,7,0,0
23.941666666666666,927.6503813321347,547.5499476289051,3.092315461784114,1,7,0,0
23.95,927.540338287278,547.0111966698788,3.084555387309531,1,7,0,0
23.958333333333332,928.7841046136535,547.7047731559436,3.174244184127836,1,7,0,0
23.966666666666665,928.1133477639391,547.391537314206,3.095534284773487,1,7,0,0
23.975,928.6767131352228,546.6563307633701,3.138248765559589,1,7,0,0
23.983333333333334,929.2995578155904,546.2111973433528,3.103149672995051,1,7,0,0
23.991666666666667,928.6736864805481,546.2057452740188,3.1214167351449267,1,7,0,0
24.0,929.3678882046787,547.0009846884991,3.1288361997008813,1,7,0,0
24.008333333333333,929.2453314051307,546.3145430993553,3.1269478199296,1,7,0,0
24.016666666666666,929.5356330385457,546.5091697547122,3.1366940364782994,1,7,0,0
24.025,930.3805258814652,546.7901346197779,3.1050007405258624,1,7,0,0
24.033333333333335,929.8198693784728,548.1563536113002,3.095965912143746,1,7,0,0
24.041666666666668,930.2839603451632,549.5845050318145,3.0864296817019894,1,7,0,0
24.05,929.9316452471517,549.6925135783586,3.0924945742043657,1,7,0,0
24.058333333333334,929.3022629800718,549.6847903270916,3.118369756864619,1,7,0,0
24.066666666666666,928.9418198915873,549.9729838306407,3.063399131922645,1,7,0,0
24.075,928.9726812344857,550.3971352958921,3.0985660670039343,1,7,0,0
24.083333333333332,928.5742829210608,549.8892621850655,3.0991288530430428,1,7,0,0
24.091666666666665,929.4662617048435,549.7647848217952,3.0942800166688347,1,7,0,0
24.1,929.7128458704403,549.5913891011705,3.1019299167274643,1,7,0,0
24.108333333333334,930.7023926054486,549.387653269157,3.1116046106598416,1,7,0,0
24.116666666666667,930.6333078991056,549.9667441209465,3.0846992466215513,1,7,0,0
24.125,930.0630724023335,549.2635464709527,3.080540733607629,1,7,0,0
24.133333333333333,929.4217285991253,548.3550492072862,3.137818347965642,1,7,0,0
24.141666666666666,929.9239758823558,548.7711990754855,3.108796615961774,1,7,0,0
24.15,930.5746913187095,548.7006680929594,3.1129491407149645,1,7,0,0
24.158333333333335,930.4636577315468,548.1239817290345,3.071763949516108,1,7,0,0
24.166666666666668,930.5799391388064,548.3058568638912,3.126359594005929,1,7,0,0
24.175,929.7496202545507,548.9623601696333,3.1051870697983515,1,7,0,0
24.183333333333334,929.9853984337802,548.6037581804482,3.1131154060054134,1,7,0,0
24.191666666666666,930.5125891527008,547.4138888280344,3.129529489312766,1,7,0,0
24.2,930.2757280980281,547.9359275889243,3.168827624034043,1,7,0,0
24.208333333333332,930.5792249232167,548.0906651871427,3.149234552763222,1,7,0,0
24.216666666666665,929.5250852657306,547.2993776492065,3.1173168961788673,1,7,0,0
24.225,929.2019920038592,547.2894089156368,3.1156517066895635,1,7,0,0
24.233333333333334,928.8184242574066,547.142484173148,3.081204877073345,1,7,0,0
24.241666666666667,929.0302365573302,547.0594380409544,3.1387070823275023,1,7,0,0
24.25,928.8041982337996,546.8672794053891,3.0787507308973328,1,7,0,0
24.258333333333333,928.2541869074437,546.8044696527221,3.1055700008989935,1,7,0,0
24.266666666666666,928.4968838175937,546.0122367182415,3.1506036345022146,1,7,0,0
24.275,928.4967663231413,546.4893065823169,3.1539921177348096,1,7,0,0
24.283333333333335,1114.0515579499113,608.6216455285848,3.123572159024038,1,7,0,0
24.291666666666668,1114.3655634504826,608.6988899995707,3.1271730725935702,1,7,0,0
24.3,928.8882359097984,546.8771209469859,3.1124191415425435,1,7,0,0
24.308333333333334,928.8018120117115,547.3092781795576,3.1337070597423557,1,7,0,0
24.316666666666666,929.6162183189037,547.0882308387256,3.1462969886587517,1,7,0,0
24.325,929.3648870633425,547.2171016065206,3.1416107459141105,1,7,0,0
24.333333333333332,929.6662953623169,546.6584152785834,3.1094331125167685,1,7,0,0
24.341666666666665,928.6930971071652,546.1841500426601,3.1269854205226433,1,7,0,0
24.35,928.8347813740079,546.0513414867513,3.105755282077548,1,7,0,0
24.358333333333334,929.3641395861449,545.3379057244664,3.1033829702256135,1,7,0,0
24.366666666666667,929.5721329347932,545.479771914156,3.1131935684728913,1,7,0,0
24.375,930.0594358291282,545.6611771732543,3.128959863597119,1,7,0,0
24.383333333333333,930.3775891171466,545.3337487192226,3.1471594078130853,1,7,0,0
24.391666666666666,930.4325626669134,545.6068110488628,3.1211442336273634,1,7,0,0
24.4,931.1334822030841,545.7280454440044,3.1321571875966034,1,7,0,0
24.408333333333335,930.7252353233558,546.3052584248875,3.13229842223098,1,7,0,0
24.416666666666668,930.5042928662151,545.8078705048305,3.129330749010535,1,7,0,0
24.425,930.3675016556609,545.3874497653883,3.109924121068558,1,7,0,0
24.433333333333334,930.4773681437866,545.8566204050796,3.153840494533789,1,7,0,0
24.441666666666666,929.7600286472224,545.7689014060574,3.1403766699045526,1,7,0,0
24.45,929.927817562539,545.3470825465986,3.1205639295443652,1,7,0,0
24.458333333333332,930.6477153863391,545.4554968785174,3.1348177861829285,1,7,0,0
24.466666666666665,930.7871183109029,545.8077466437293,3.128243473946228,1,7,0,0
24.475,930.9187782189805,545.735919523364,3.118128928018635,1,7,0,0
24.483333333333334,931.4767025833826,546.1245195011496,3.0906932584415983,1,7,0,0
24.491666666666667,931.2288900474275,546.1843323061562,3.1264962660317313,1,7,0,0
24.5,932.2831443445237,545.9898607667137,3.1582122389463256,1,7,0,0
24.508333333333333,932.9384537689897,546.2676416881435,3.1581506785967823,1,7,0,0
24.516666666666666,932.551082855475,546.3175602666234,3.1310619649369715,1,7,0,0
24.525,932.9969304546614,546.3718143656392,3.1416714560829795,1,7,0,0
24.533333333333335,933.2701124151033,546.3168873292328,3.1555489165267425,1,7,0,0
24.541666666666668,933.2357756283673,546.7375036155725,3.158053538281279,1,7,0,0
24.55,933.6710155421648,546.8952241117404,3.1488054892568424,1,7,0,0
24.558333333333334,932.9895917031663,546.3517978293669,3.1299248791939673,1,7,0,0
24.566666666666666,934.0469011500801,545.9086544006575,3.1698040264914384,1,7,0,0
24.575,934.7606324058168,544.6813262086554,3.1526393450301686,1,7,0,0
24.583333333333332,934.0281994751874,545.0752179949747,3.13769226025541,1,7,0,0
24.591666666666665,934.6277761657011,544.8417475597746,3.14843176301555,1,7,0,0
24.6,935.1424597406624,544.2582225893997,3.128076993461211,1,7,0,0
24.608333333333334,935.4897950231441,544.8393999992161,3.1413337688738294,1,7,0,0
24.616666666666667,934.4364532243253,544.5970172713496,3.129273440158365,1,7,0,0
24.625,933.9610175920947,545.5268561819212,3.1572948386492596,1,7,0,0
24.633333333333333,934.0924744803771,545.7632580609965,3.1311142248642665,1,7,0,0
24.641666666666666,934.0240091611365,544.3111813966149,3.1440949900336856,1,7,0,0
24.65,934.6037376703141,544.5474948732536,3.167803066674467,1,7,0,0
24.658333333333335,935.202752802611,544.4260674551307,3.190798551191535,1,7,0,0
24.666666666666668,934.8211285337327,544.6798787154783,3.1520710028787207,1,7,0,0
24.675,934.980623511494,544.9520621535871,3.1618270914156215,1,7,0,0
24.683333333333334,936.0825894386417,544.3831437637642,3.153064613842163,1,7,0,0
24.691666666666666,936.4658672110767,544.4899946480584,3.217643412008898,1,7,0,0
24.7,935.5916082757508,545.1330690494751,3.1910452154044937,1,7,0,0
24.708333333333332,935.6965266700105,544.5317503668805,3.1652565186078006,1,7,0,0
24.716666666666665,935.6893751947822,545.5502969322071,3.150283808189321,1,7,0,0
24.725,935.9773222172566,545.8076216038768,3.1755761577096586,1,7,0,0
24.733333333333334,935.0971685369665,544.760827159731,3.1754659729010544,1,7,0,0
24.741666666666667,933.6170044826638,545.4018829185057,3.1898238308018083,1,7,0,0
24.75,932.7612712574097,545.6589449333333,3.157912241514018,1,7,0,0
24.758333333333333,932.089445721879,546.0921831810579,3.1667491612221044,1,7,0,0
24.766666666666666,932.1279927236185,546.7081863606235,3.152213779818027,1,7,0,0
24.775,931.8931803894633,546.8000134138854,3.1529441317583458,1,7,0,0
24.783333333333335,931.7845894690398,546.8881755642813,3.1645669404364702,1,7,0,0
24.791666666666668,931.1931224770809,546.1018042213343,3.1720682398493167,1,7,0,0
24.8,930.4300422018329,546.6799254071855,3.1498544684675394,1,7,0,0
24.808333333333334,929.59264110338,546.8495674850475,3.1824338388900957,1,7,0,0
24.816666666666666,929.7074137352272,546.3824869654117,3.1948587098773618,1,7,0,0
24.825,929.647530504666,547.2868280043136,3.177672732722483,1,7,0,0
24.833333333333332,929.708154330793,547.3142037903091,3.1703964148279073,1,7,0,0
24.841666666666665,928.6567003161149,547.7126291510872,3.1847958160827523,1,7,0,0
24.85,928.7245199719421,548.350607308165,3.204689912592801,1,7,0,0
24.858333333333334,928.4796199454032,546.8344957937081,3.1838387590489994,1,7,0,0
24.866666666666667,929.1427199320062,546.432219273152,3.157230756459283,1,7,0,0
24.875,929.6473525931588,546.3104583464551,3.146439258931323,1,7,0,0
24.883333333333333,929.5237112858608,546.3563629883697,3.1637753374953794,1,7,0,0
24.891666666666666,929.4429369109274,546.0224880512098,3.194030511087915,1,7,0,0
24.9,929.0113666905361,545.4949593376424,3.1840968553564624,1,7,0,0
24.908333333333335,929.3267431716093,545.1948244762698,3.162711136226152,1,7,0,0
24.916666666666668,929.182831320477,545.8329532422057,3.18855660927544,1,7,0,0
24.925,929.034021182619,545.6503799553838,3.2133177448092445,1,7,0,0
24.933333333333334,928.6845221964882,546.1794354538326,3.1793994838080994,1,7,0,0
24.941666666666666,928.2595289293721,546.2249072928505,3.183908089154977,1,7,0,0
24.95,928.3862131831427,545.911331554684,3.2099752585473866,1,7,0,0
24.958333333333332,928.5255059154,545.5175064600517,3.2175599275656777,1,7,0,0
24.966666666666665,928.2922065474327,545.6923318554192,3.208303431103601,1,7,0,0
24.975,928.25596410604,545.747105821193,3.246550641711222,1,7,0,0
24.983333333333334,927.9118998004042,545.6768233552508,3.1835770572331534,1,7,0,0
24.991666666666667,928.048620813918,545.4068272683959,3.233121887559011,1,7,0,0
25.0,928.5345177743229,545.0692381150527,3.201932298998493,1,7,0,0
25.008333333333333,928.7506516734074,545.716126001872,3.224568472943203,1,7,0,0
25.016666666666666,929.2289634626758,545.3066726793269,3.223286612795864,1,7,0,0
25.025,928.8043365776462,544.358979051291,3.212357219447222,1,7,0,0
25.033333333333335,928.5499819848832,544.7707167091392,3.2379317586469862,1,7,0,0
25.041666666666668,927.8492513033436,544.9483133405075,3.239265294106613,1,7,0,0
25.05,927.2824552216674,543.8111190900015,3.2309389839581817,1,7,0,0
25.058333333333334,926.7654924223095,543.6164023394921,3.2231368479850695,1,7,0,0
25.066666666666666,927.1595215411949,543.1156763608723,3.218605771619277,1,7,0,0
25.075,925.9984656030298,542.2377003664924,3.204957648355995,1,7,0,0
25.083333333333332,926.273621749874,542.4862670403712,3.2544953215629904,1,7,0,0
25.091666666666665,927.3511803170575,542.8865672284151,3.214591740703102,1,7,0,0
25.1,927.9180207821568,542.8270020210839,3.2268740125923516,1,7,0,0
25.108333333333334,928.3638799235139,542.3801310439969,3.2397186976772394,1,7,0,0
25.116666666666667,927.8449034044953,541.5785670182518,3.210029937257005,1,7,0,0
25.125,928.3439860530593,541.6005318175816,3.1912406830717446,1,7,0,0
25.133333333333333,928.4630043189189,541.7740178223941,3.2062693274632297,1,7,0,0
25.141666666666666,928.6603793255371,541.967822618186,3.2308370823831045,1,7,0,0
25.15,928.2675711030337,542.0250292509355,3.23428181030772,1,7,0,0
25.158333333333335,928.1414554689261,542.301900255137,3.186854763369886,1,7,0,0
25.166666666666668,927.2680991212571,541.4619356215088,3.2229030383531114,1,7,0,0
25.175,927.1646660485126,541.1987465216071,3.235502054734967,1,7,0,0
25.183333333333334,926.7206640321907,541.3529666276423,3.2250547010927466,1,7,0,0
25.191666666666666,926.8512020766874,541.4094910076021,3.2223752425925976,1,7,0,0
25.2,927.6120140797408,541.6926955668974,3.2568549722986546,1,7,0,0
25.208333333333332,800.9585283854339,502.2566064024248,3.2379998244749677,1,7,0,0
25.216666666666665,801.5606692066315,502.86079371728755,3.2392502362312134,1,7,0,0
25.225,927.7739454998363,542.844045830615,3.2231035609500993,1,7,0,0
25.233333333333334,927.4099204002637,543.1735822995979,3.224799209935845,1,7,0,0
25.241666666666667,927.0787207670899,542.7840969670401,3.1940310706916333,1,7,0,0
25.25,927.2610195476053,542.2194885794341,3.205367817737321,1,7,0,0
25.258333333333333,928.1913210393603,542.5258901032544,3.2312240732449165,1,7,0,0
25.266666666666666,927.7035773344737,542.3824551609705,3.2636273473852215,1,7,0,0
25.275,927.4962232062649,542.7393882945448,3.2158278057828653,1,7,0,0
25.283333333333335,928.0041879228414,541.5446638454443,3.2622819739780344,1,7,0,0
25.291666666666668,928.1082284292411,542.850241404498,3.248210103050831,1,7,0,0
25.3,928.6827586468517,542.9715493394136,3.2226529243098496,1,7,0,0
25.308333333333334,928.559610530915,542.9886797590368,3.278351466498424,1,7,0,0
25.316666666666666,928.8063666413129,543.3736003951456,3.2658615963764572,1,7,0,0
25.325,928.8397170211524,543.5186584677205,3.253373316640335,1,7,0,0
25.333333333333332,928.0832585202257,543.7207958395096,3.249339262314303,1,7,0,0
25.341666666666665,927.8103453026528,543.9412995131604,3.261398505608931,1,7,0,0
25.35,927.0894563796451,544.2995617222417,3.245953966439908,1,7,0,0
25.358333333333334,927.8375469687446,544.5212290888079,3.2624677062720315,1,7,0,0
25.366666666666667,927.5160410551108,543.9815156482248,3.2578863073249247,1,7,0,0
25.375,927.5310951723701,544.4184128335987,3.2452670599225235,1,7,0,0
25.383333333333333,927.5775834497066,544.6180562314274,3.249932911898421,1,7,0,0
25.391666666666666,927.7791125792061,544.7029999136665,3.2353244043332037,1,7,0,0
25.4,927.8962132913775,544.5890702478606,3.2705524903147496,1,7,0,0
25.408333333333335,929.1238861029152,543.6349078999461,3.255837948906907,1,7,0,0
25.416666666666668,929.252717266305,543.1636691608242,3.2349992945618946,1,7,0,0
25.425,928.4080780349032,542.8999938958524,3.2122453562876716,1,7,0,0
25.433333333333334,928.8331120119375,543.1922323356924,3.2606118824891253,1,7,0,0
25.441666666666666,928.7310317650466,543.3740730814989,3.2594256266095734,1,7,0,0
25.45,928.9036928258922,543.6855777148141,3.2607049799175827,1,7,0,0
25.458333333333332,927.5328866574889,544.1843049845493,3.2274024485297677,1,7,0,0
25.466666666666665,927.8489552167914,544.2728965179435,3.2755875214698236,1,7,0,0
25.475,928.618130260206,544.0252841019299,3.2427431847649064,1,7,0,0
25.483333333333334,929.2261413050204,543.9790631217545,3.256753609618614,1,7,0,0
25.491666666666667,929.7247435149819,544.055586036253,3.266958744873833,1,7,0,0
25.5,929.4507853480642,543.7501714362758,3.2628599218702665,1,7,0,0
25.508333333333333,929.6105926666046,544.175177963912,3.251026668176118,1,7,0,0
25.516666666666666,929.5070801507773,543.8509064995419,3.2480093092960693,1,7,0,0
25.525,929.7326132046388,544.1847424668349,3.2731654554271556,1,7,0,0
25.533333333333335,929.2567843146858,544.1851635597533,3.287805318853165,1,7,0,0
25.541666666666668,929.6826386024966,544.3236613309069,3.2708993780947018,1,7,0,0
25.55,929.4345780466331,544.2808821285768,3.265772275089542,1,7,0,0
25.558333333333334,929.2039463120392,545.0074559929913,3.2624048291209116,1,7,0,0
25.566666666666666,929.2088100217854,545.520086673239,3.257452437069095,1,7,0,0
25.575,929.806416084924,545.6963683744127,3.2295063172328917,1,7,0,0
25.583333333333332,929.4253997362921,546.1093913288618,3.2767099110619,1,7,0,0
25.591666666666665,929.2640929386258,547.154460935915,3.2976380461521995,1,7,0,0
25.6,929.0052602465246,547.1232956357575,3.2144551094996823,1,7,0,0
25.608333333333334,929.4032954821931,547.2641167159907,3.2780314421750276,1,7,0,0
25.616666666666667,929.0716537624346,548.1695620597865,3.2750374363162162,1,7,0,0
25.625,928.9585687413551,547.3709504443713,3.247667069021571,1,7,0,0
25.633333333333333,929.0194547897711,547.0891999225815,3.2569123099130857,1,7,0,0
25.641666666666666,928.647978308911,546.9433831307477,3.2681139940829125,1,7,0,0
25.65,928.5612555141039,547.4502038935794,3.2414615580981216,1,7,0,0
25.658333333333335,929.0673642430304,548.441253374845,3.326957882781837,1,7,0,0
25.666666666666668,929.5512625574676,548.2081354760353,3.2531765964221258,1,7,0,0
25.675,929.0512846493143,548.2656519212094,3.288868858864283,1,7,0,0
25.683333333333334,928.5321250356774,547.4034433591048,3.253320266537376,1,7,0,0
25.691666666666666,928.6296397012551,547.4066635316797,3.2839884902934453,1,7,0,0
25.7,928.4048808010734,546.5415340407255,3.2698245625111353,1,7,0,0
25.708333333333332,928.6673244432318,546.6589368172472,3.293197654168375,1,7,0,0
25.716666666666665,929.4140855840046,546.6069429197092,3.2720255719498863,1,7,0,0
25.725,929.3002744587993,546.0704569273066,3.256036632143599,1,7,0,0
25.733333333333334,928.8836653803553,546.3354441349082,3.2643023043641515,1,7,0,0
25.741666666666667,929.6556196663378,546.6125738243737,3.262130342975154,1,7,0,0
25.75,929.1109539431162,546.3569069803849,3.2792954399637924,1,7,0,0
25.758333333333333,929.6565147816665,546.2306243249144,3.3412865211539904,1,7,0,0
25.766666666666666,930.0824921531391,546.4344629323676,3.2750830555222668,1,7,0,0
25.775,929.6123907134943,546.2144765072333,3.320082617186539,1,7,0,0
25.783333333333335,929.7164705362642,546.4416191151513,3.2563400659596975,1,7,0,0
25.791666666666668,930.1040917396526,547.1158838065999,3.274145914454562,1,7,0,0
25.8,930.3461034088589,546.3666605609988,3.3071857380155527,1,7,0,0
25.808333333333334,929.2121689198303,546.4128629463215,3.263747484498515,1,7,0,0
25.816666666666666,928.9657472513243,545.881203469968,3.278735758301881,1,7,0,0
25.825,928.8778102521524,545.2356228396651,3.2919464489877424,1,7,0,0
25.833333333333332,928.6424541454148,545.4021332052474,3.271554593725525,1,7,0,0
25.841666666666665,928.5574683612041,545.2011677258262,3.2968748884000236,1,7,0,0
25.85,928.4924608362218,545.9070167907443,3.305938289946918,1,7,0,0
25.858333333333334,928.9783015057113,545.4781494198961,3.2946956514928285,1,7,0,0
25.866666666666667,927.4814366376036,545.6668174942832,3.3176523660804773,1,7,0,0
25.875,926.5080508181267,545.4117500031907,3.2672222352337243,1,7,0,0
25.883333333333333,926.3092239079804,545.3040828293516,3.2815742402959702,1,7,0,0
25.891666666666666,925.524815394363,545.3658480899969,3.293906103613715,1,7,0,0
25.9,925.5608009077544,545.1926988477245,3.2783921515945464,1,7,0,0
25.908333333333335,925.5899357488178,544.9402816393879,3.294210941392312,1,7,0,0
25.916666666666668,925.9331633828533,544.534938853759,3.2929864298863123,1,7,0,0
25.925,926.0104526530196,544.7793904191437,3.2861365228108728,1,7,0,0
25.933333333333334,926.2808800670083,544.9305307750138,3.279025742700964,1,7,0,0
25.941666666666666,927.0732348178674,545.091332612859,3.2754506917712285,1,7,0,0
25.95,927.446708862876,546.058706695909,3.2889170575833355,1,7,0,0
25.958333333333332,926.4202387536128,546.8545802481964,3.2615224331547297,1,7,0,0
25.966666666666665,926.6917595143514,547.759271416215,3.2930216865183586,1,7,0,0
25.975,926.5600363391818,547.2679728350823,3.3086515972326636,1,7,0,0
25.983333333333334,926.2283765056925,548.4345420671776,3.2780739572042323,1,7,0,0
25.991666666666667,925.9391486333653,548.1962743240912,3.334198668602216,1,7,0,0
26.0,926.6579338373884,548.1676673874879,3.31435597991487,1,7,0,0
26.008333333333333,926.5724927079164,547.6288810921518,3.280647434776857,1,7,0,0
26.016666666666666,925.839607059085,548.1848602279293,3.3124251048117435,1,7,0,0
26.025,925.6899996122321,547.8041094853028,3.315377304842963,1,7,0,0
26.033333333333335,925.3217904621664,548.5935868093502,3.2664184418498494,1,7,0,0
26.041666666666668,925.7355485387593,548.0356550755816,3.2939721150812074,1,7,0,0
26.05,925.8544666692591,547.4876000244286,3.279568677864191,1,7,0,0
26.058333333333334,925.4438265849577,547.4788350562776,3.2852419217226556,1,7,0,0
26.066666666666666,925.9515818399819,547.8361588820441,3.322621742280017,1,7,0,0
26.075,926.0684885398011,547.9822753122412,3.3081151940487614,1,7,0,0
26.083333333333332,925.5592351515077,547.0565525862718,3.2973783734641957,1,7,0,0
26.091666666666665,926.172787920636,546.7195144542105,3.339633142539614,1,7,0,0
26.1,925.6028212317614,546.3957098654323,3.2878150788334266,1,7,0,0
26.108333333333334,924.804794641562,545.5740281166757,3.3163296628705257,1,7,0,0
26.116666666666667,925.356925205787,545.3559135260158,3.2805430665487822,1,7,0,0
26.125,925.4994869131513,545.2100776684208,3.250805012124062,1,7,0,0
26.133333333333333,925.3973287054548,545.0692949685197,3.302378062708446,1,7,0,0
26.141666666666666,924.7622582947085,545.2197079264868,3.2854886791751614,1,7,0,0
26.15,925.3362845962571,545.3193259357232,3.285436523292582,1,7,0,0
26.158333333333335,925.8766586648323,545.9264097611368,3.321019510447411,1,7,0,0
26.166666666666668,925.489775053977,546.0314406155524,3.3068724518749515,1,7,0,0
26.175,925.0495780466612,545.717759423712,3.286030803152322,1,7,0,0
26.183333333333334,925.3312294587666,545.9517249805407,3.242840329807705,1,7,0,0
26.191666666666666,925.3892329521482,545.8451180801604,3.2782110372359474,1,7,0,0
26.2,925.5014110482708,545.5879645217547,3.307154017852752,1,7,0,0
26.208333333333332,926.1099432967073,545.8492260139279,3.3222974889748884,1,7,0,0
26.216666666666665,926.1746500487693,545.9748632564953,3.331927718475415,1,7,0,0
26.225,926.9438508761397,546.0507844400589,3.293899075077717,1,7,0,0
26.233333333333334,926.4713082555655,546.719434165878,3.311424084748224,1,7,0,0
26.241666666666667,926.479008599294,547.036703154232,3.2937658284947586,1,7,0,0
26.25,925.9340283537302,546.7633874750103,3.3162547003019958,1,7,0,0
26.258333333333333,925.7507045658203,547.5945841525779,3.2998466513149816,1,7,0,0
26.266666666666666,926.1690902157688,546.9819068583665,3.2847530418353816,1,7,0,0
26.275,926.8123071499539,546.944471531803,3.304673439977718,1,7,0,0
26.283333333333335,927.3337669125478,546.7072995505212,3.299077540491235,1,7,0,0
26.291666666666668,927.4386891234616,547.2209709787309,3.2995699508224066,1,7,0,0
26.3,927.6928109957262,547.2847664549329,3.2935819601285408,1,7,0,0
26.308333333333334,927.8698107478307,547.2629611897424,3.326055580075994,1,7,0,0
26.316666666666666,928.0659406464807,547.4215321872515,3.291754844956195,1,7,0,0
26.325,928.8249479282783,548.2076115636468,3.2851805757253683,1,7,0,0
26.333333333333332,928.404717342954,547.66795137253,3.3105682219370673,1,7,0,0
26.341666666666665,929.1702438682062,547.0477704982364,3.300365344162426,1,7,0,0
26.35,928.5197113791735,547.1681608041671,3.284970106111264,1,7,0,0
26.358333333333334,927.6202149883445,548.3509784370117,3.2905491654390464,1,7,0,0
26.366666666666667,928.306099363703,547.9303909644862,3.3125563757794305,1,7,0,0
26.375,928.0218811438298,548.0655239110855,3.3358566902125992,1,7,0,0
26.383333333333333,926.8432621674582,549.1245770554714,3.316989089135939,1,7,0,0
26.391666666666666,927.1042288645484,549.8748600288902,3.2838197340815416,1,7,0,0
26.4,927.6368784398202,549.5661755910843,3.3123393129431635,1,7,0,0
26.408333333333335,926.7584240793768,549.990765027951,3.2632620061863933,1,7,0,0
26.416666666666668,927.4776411927016,550.651063051881,3.298628227987462,1,7,0,0
26.425,927.9525658764599,550.976802196585,3.3271499929534536,1,7,0,0
26.433333333333334,927.7230634400553,550.850723596284,3.3381673230752966,1,7,0,0
26.441666666666666,928.1097005622863,550.8780093493291,3.2957259740581186,1,7,0,0
26.45,928.6050826519032,550.6756073887374,3.314016449708323,1,7,0,0
26.458333333333332,929.2299704014574,551.3845479513107,3.3031806758179085,1,7,0,0
26.466666666666665,928.7244047515579,552.5727267098439,3.261179735218776,1,7,0,0
26.475,928.9618283391032,552.7794843024369,3.2718058825964498,1,7,0,0
26.483333333333334,1253.4081513903752,609.1667843842699,3.336664691798759,1,7,0,0
26.491666666666667,1253.5725088250574,609.246660048733,3.293143401848508,1,7,0,0
26.5,929.6243755067421,553.060052068931,3.2731360804067107,1,7,0,0
26.508333333333333,928.9041688434378,552.5975047083352,3.293014234701877,1,7,0,0
26.516666666666666,928.5421551163125,552.8417902142209,3.309977332179274,1,7,0,0
26.525,928.1522494537085,552.5124201717739,3.3133960519654257,1,7,0,0
26.533333333333335,928.3573302512503,552.9340606881669,3.3070879354823055,1,7,0,0
26.541666666666668,929.4993671633154,552.9903226429946,3.270622592424669,1,7,0,0
26.55,928.4005716043084,552.7803233620683,3.282617634835321,1,7,0,0
26.558333333333334,928.1625507309841,553.1116237258102,3.3004697830148246,1,7,0,0
26.566666666666666,928.4861308490879,553.1217745130668,3.305791644564802,1,7,0,0
26.575,928.9517801116087,552.6742059077197,3.301527925898744,1,7,0,0
26.583333333333332,928.9480100623044,552.8659255938571,3.294081854544803,1,7,0,0
26.591666666666665,929.0210934817312,552.5517005625481,3.3064211336534806,1,7,0,0
26.6,929.1101157160552,553.1127205680133,3.30630130409803,1,7,0,0
26.608333333333334,929.0092787477339,552.7415890972311,3.2893495099079835,1,7,0,0
26.616666666666667,929.1670266325216,553.2942395319552,3.299717216576212,1,7,0,0
26.625,929.2349272552937,553.3510816728639,3.2607936102327715,1,7,0,0
26.633333333333333,929.1738120213544,553.411047254221,3.2899534577146885,1,7,0,0
26.641666666666666,929.6429141884718,553.275287008122,3.275175685752728,1,7,0,0
26.65,929.2503882386038,552.8872723685857,3.254058660676098,1,7,0,0
26.658333333333335,929.1778902517008,552.8307056670442,3.2921585859633926,1,7,0,0
26.666666666666668,927.983781960085,553.0613280169997,3.245265318512624,1,7,0,0
26.675,928.6953777059065,553.8752126480492,3.2886027400177746,1,7,0,0
26.683333333333334,928.6598678669919,553.8985694787542,3.2961101791191534,1,7,0,0
26.691666666666666,928.656764632316,553.4908982490257,3.2638724712391385,1,7,0,0
26.7,929.0843026611467,553.8863581687636,3.278341685789976,1,7,0,0
26.708333333333332,929.421652518065,553.6444766901977,3.2926279344408185,1,7,0,0
26.716666666666665,928.7697548296965,553.2833883147741,3.2919900423415456,1,7,0,0
26.725,928.0428922327968,553.675208245334,3.308045856188865,1,7,0,0
26.733333333333334,928.0924484828133,554.354276210018,3.306512142081458,1,7,0,0
26.741666666666667,928.1004596847157,554.9562545334137,3.3165810264454016,1,7,0,0
26.75,927.458732526989,554.7769959762556,3.278715435159426,1,7,0,0
26.758333333333333,927.4171233522164,555.2747734253267,3.290173172755665,1,7,0,0
26.766666666666666,926.847020573978,555.6767751107096,3.270176544638184,1,7,0,0
26.775,927.2317290879884,555.3952055538178,3.2978072318722598,1,7,0,0
26.783333333333335,927.3842251239183,555.7625607268633,3.2806237512819876,1,7,0,0
26.791666666666668,927.8229411370071,555.736616353126,3.2786653886675254,1,7,0,0
26.8,928.2149568915116,555.9635252184889,3.3091877259243008,1,7,0,0
26.808333333333334,928.0837186815045,555.1991501054069,3.3088610017510565,1,7,0,0
26.816666666666666,927.9408922462965,554.9774039677832,3.297136971394271,1,7,0,0
26.825,927.1730649028879,554.1666929496505,3.321581006759857,1,7,0,0
26.833333333333332,927.4986617008473,553.0981099862536,3.2896061829152745,1,7,0,0
26.841666666666665,927.2390553326034,553.7952038449527,3.29335726387518,1,7,0,0
26.85,927.5999430869211,553.2107372015585,3.300733680880021,1,7,0,0
26.858333333333334,926.8069402874139,553.1880031112834,3.335578079565316,1,7,0,0
26.866666666666667,926.7301408686928,552.8572584098848,3.317747927260147,1,7,0,0
26.875,927.232585697673,553.3321189758667,3.3138319161119747,1,7,0,0
26.883333333333333,927.0581355655337,553.4836079724784,3.3317758641806585,1,7,0,0
26.891666666666666,926.7348641473633,553.592342893969,3.3450959915580922,1,7,0,0
26.9,926.8769082012412,553.5864670362384,3.3136805907400078,1,7,0,0
26.908333333333335,926.5586301845224,553.5223567972952,3.27903487462775,1,7,0,0
26.916666666666668,926.4763189897901,553.6926631937195,3.3474039060352543,1,7,0,0
26.925,926.4343045950702,552.8086211159062,3.3277525838710824,1,7,0,0
26.933333333333334,925.6363704362418,552.8653303028366,3.2908499913028866,1,7,0,0
26.941666666666666,925.8561457720082,552.4071042346517,3.317930573341731,1,7,0,0
26.95,925.6971352868574,551.9586596940596,3.3047378134088907,1,7,0,0
26.958333333333332,925.3288337121919,551.8010202809218,3.3349295924758224,1,7,0,0
26.966666666666665,925.219707836274,551.608927853362,3.3117143305099823,1,7,0,0
26.975,924.8433455727819,552.5775317070365,3.334436692627384,1,7,0,0
26.983333333333334,924.8201270207103,553.7756193429001,3.295447972351898,1,7,0,0
26.991666666666667,923.8976032567756,554.1842394546537,3.255833688770781,1,7,0,0
27.0,924.189553753411,554.3525604669983,3.331394427029248,1,7,0,0
27.008333333333333,925.0074754772656,553.3019130417127,3.3142670680844315,1,7,0,0
27.016666666666666,924.8857824358607,553.5120360718182,3.30598090393739,1,7,0,0
27.025,925.4439759536069,553.3791217305994,3.3088562802802444,1,7,0,0
27.033333333333335,925.631674071651,553.752520989973,3.3078973434692207,1,7,0,0
27.041666666666668,925.3056386776436,553.5507453627883,3.288637424136774,1,7,0,0
27.05,926.0388625995023,553.3252944445195,3.3123346675947603,1,7,0,0
27.058333333333334,926.1424058252559,553.0983408088761,3.288992037165024,1,7,0,0
27.066666666666666,926.4446833058406,553.2626535619229,3.275116280847875,1,7,0,0
27.075,925.9631407498847,553.950619360527,3.2829535175536924,1,7,0,0
27.083333333333332,926.4508832690765,554.4679095705884,3.255872171051893,1,7,0,0
27.091666666666665,926.6271693763179,554.6703010867616,3.2680810180785134,1,7,0,0
27.1,926.5332868360474,554.0485825463915,3.274081193772553,1,7,0,0
27.108333333333334,925.9355339641811,554.3133836317618,3.2503939244485185,1,7,0,0
27.116666666666667,985.8027816021604,491.55409101342696,3.307067849328795,1,7,0,0
27.125,985.5010724263599,491.9030681674358,3.283996814394804,1,7,0,0
27.133333333333333,925.1514599068765,553.9349611656246,3.252367169541441,1,7,0,0
27.141666666666666,925.2465001222063,553.2685339967769,3.251228438121656,1,7,0,0
27.15,924.4384997769964,553.1240250485515,3.2314214033315487,1,7,0,0
27.158333333333335,924.2620998461641,552.2754029268033,3.246862285462298,1,7,0,0
27.166666666666668,924.6916948956908,552.4582271645847,3.254425218219943,1,7,0,0
27.175,925.0033500050406,552.0129149570354,3.2453009773141854,1,7,0,0
27.183333333333334,925.6450907644604,552.5533361569563,3.2462990341240445,1,7,0,0
27.191666666666666,925.4358076769133,552.4760477618856,3.232358668260677,1,7,0,0
27.2,926.2804660394248,553.3777841717855,3.2493043194140654,1,7,0,0
27.208333333333332,925.6444185427926,553.5903734138766,3.208945227880742,1,7,0,0
27.216666666666665,925.8751589636072,553.5219495077539,3.254187713916657,1,7,0,0
27.225,924.8983149853939,553.8856343055112,3.2000606209241593,1,7,0,0
27.233333333333334,924.3155075932598,553.5115673621793,3.2243215669205916,1,7,0,0
27.241666666666667,924.1807910105734,553.4323477855992,3.2484275159814584,1,7,0,0
27.25,924.1965375869987,553.5066102256859,3.2263152354507114,1,7,0,0
27.258333333333333,923.9996800228236,553.7866078249026,3.2038368311424583,1,7,0,0
27.266666666666666,923.7249272650236,554.1234045938107,3.2093566993041005,1,7,0,0
27.275,924.1728893964064,553.9030004741165,3.2410285140682533,1,7,0,0
27.283333333333335,924.3932231987717,553.495450239356,3.233748048976958,1,7,0,0
27.291666666666668,924.2215532156599,553.7468740231589,3.199996703778621,1,7,0,0
27.3,924.2185514813588,553.6838210506445,3.195041628537136,1,7,0,0
27.308333333333334,924.2393290274581,554.5696604506799,3.2005730320482653,1,7,0,0
27.316666666666666,924.6034936639516,553.6353090130456,3.2360133511696776,1,7,0,0
27.325,925.5240795167443,553.407555581556,3.220552195070279,1,7,0,0
27.333333333333332,925.9708991289118,552.5315267508024,3.202427744838653,1,7,0,0
27.341666666666665,926.5200124688018,552.5562563858757,3.2144188252993837,1,7,0,0
27.35,927.0107850097322,552.7387321849475,3.2203821018386534,1,7,0,0
27.358333333333334,926.0067963043341,553.2529115302041,3.2305839360226885,1,7,0,0
27.366666666666667,925.9756932688329,553.5140000865417,3.234375792279716,1,7,0,0
27.375,925.3482937272527,552.8264152315464,3.184274303231166,1,7,0,0
27.383333333333333,926.1758957204712,552.4816249289555,3.2485838263835483,1,7,0,0
27.391666666666666,926.6270130047343,551.8082876072646,3.223781363277305,1,7,0,0
27.4,926.7934746866408,552.5520291651414,3.1787125567077505,1,7,0,0
27.408333333333335,926.7549037535944,552.8373673160224,3.2015078005350994,1,7,0,0
27.416666666666668,926.8585254626739,553.4643647352744,3.2013376354376932,1,7,0,0
27.425,927.0276052112891,553.6652884341379,3.1876215028159716,1,7,0,0
27.433333333333334,927.0879538473894,553.821022950125,3.2200037563310855,1,7,0,0
27.441666666666666,927.8619560211802,553.4905320720267,3.1996788115283477,1,7,0,0
27.45,928.1329563348543,554.3516962429438,3.1854363121133202,1,7,0,0
27.458333333333332,927.1794471274939,554.2337489802064,3.2176694092944995,1,7,0,0
27.466666666666665,927.4897053984117,554.3656745049193,3.2081872381321554,1,7,0,0
27.475,927.4840813840049,554.3196346865273,3.2133585660565576,1,7,0,0
27.483333333333334,927.4253891581459,554.02025756508,3.2159075178530463,1,7,0,0
27.491666666666667,927.7500784528489,554.159751353807,3.202011149060307,1,7,0,0
27.5,927.4591553872883,553.6172173086127,3.2283344886873744,1,7,0,0
27.508333333333333,927.3689829499899,554.1311542030764,3.2142358273158287,1,7,0,0
27.516666666666666,927.530982133732,553.7679652496466,3.2009273151925552,1,7,0,0
27.525,928.222767755066,553.8897663309792,3.167355328164298,1,7,0,0
27.533333333333335,927.4801804906473,553.0964015703278,3.228357564578571,1,7,0,0
27.541666666666668,927.525685754342,552.5794324991373,3.2113395676664784,1,7,0,0
27.55,927.0861700722461,552.4800317843318,3.192695773015147,1,7,0,0
27.558333333333334,926.8305208266005,553.1870511035363,3.19730078197153,1,7,0,0
27.566666666666666,926.3737099987945,553.9561167747466,3.215935370034131,1,7,0,0
27.575,926.520823023795,553.945043350511,3.161018587909045,1,7,0,0
27.583333333333332,926.6977025215417,554.082304520464,3.2057491166190624,1,7,0,0
27.591666666666665,925.9735274674974,554.5677527809298,3.2223469619166774,1,7,0,0
27.6,926.287473131965,554.9196302242358,3.206213826289865,1,7,0,0
27.608333333333334,926.188123527008,554.5167632155128,3.164840377532855,1,7,0,0
27.616666666666667,926.0708914911033,554.1188063203961,3.214516002409445,1,7,0,0
27.625,926.118223824849,554.7106585526875,3.1944566276693886,1,7,0,0
27.633333333333333,926.502942711334,555.2055316825908,3.1785259175864278,1,7,0,0
27.641666666666666,927.2894744114794,555.1810219344184,3.1970259133773937,1,7,0,0
27.65,927.6348364573147,554.4160345200966,3.1457723428116355,1,7,0,0
27.658333333333335,927.1839232312998,554.9457859748192,3.1896006475392635,1,7,0,0
27.666666666666668,926.9226139946608,555.7530422865218,3.182950859817226,1,7,0,0
27.675,927.7556332473899,554.9782179799884,3.1736468324406006,1,7,0,0
27.683333333333334,927.5114083184557,555.2307586469178,3.1880631642919464,1,7,0,0
27.691666666666666,927.2064632370776,554.5339598205031,3.156526311553955,1,7,0,0
27.7,926.8791353552067,555.1142269667047,3.182686747793392,1,7,0,0
27.708333333333332,926.948268597179,555.0975544458198,3.1687185016726285,1,7,0,0
27.716666666666665,927.8185833657343,555.0313063442513,3.2062668072312444,1,7,0,0
27.725,928.8315357879437,554.8940581799151,3.1744079866712553,1,7,0,0
27.733333333333334,928.4191623038935,555.3515127751556,3.137584197515485,1,7,0,0
27.741666666666667,928.319105550066,555.116961196769,3.1478911838406263,1,7,0,0
27.75,928.1132334811248,555.2485664505696,3.160971073962528,1,7,0,0
27.758333333333333,928.3541106860182,554.3565403320686,3.1886565969029252,1,7,0,0
27.766666666666666,928.6330677497768,555.3403886765922,3.1981918017910744,1,7,0,0
27.775,928.8067363493128,555.6516676705818,3.128481359607211,1,7,0,0
27.783333333333335,928.8276703423485,555.8716781764896,3.118093911433836,1,7,0,0
27.791666666666668,928.713626051585,556.5212307435659,3.189310731874454,1,7,0,0
27.8,928.5625505411093,556.0847487018228,3.176606362688217,1,7,0,0
27.808333333333334,928.7540246657487,556.6469431836642,3.1706959991706203,1,7,0,0
27.816666666666666,928.9005691065418,556.9114427220043,3.1976774410573636,1,7,0,0
27.825,929.2710360605148,556.5278537450213,3.186926865959933,1,7,0,0
27.833333333333332,928.6872966329895,557.0731946304361,3.1663900519820034,1,7,0,0
27.841666666666665,928.5314629482507,557.4885560490069,3.1667594044610916,1,7,0,0
27.85,928.5648037287268,557.6610101738152,3.1377465505295383,1,7,0,0
27.858333333333334,928.7297604518276,557.2555791081847,3.200919913257757,1,7,0,0
27.866666666666667,928.9551343007673,557.213343031339,3.1847603880066564,1,7,0,0
27.875,928.5916488169834,556.7781210532332,3.1650556380750134,1,7,0,0
27.883333333333333,929.1312174193644,557.2227637585922,3.159620133595545,1,7,0,0
27.891666666666666,928.670932503279,556.738356603942,3.1902284823466327,1,7,0,0
27.9,929.0634003935064,556.856807438189,3.133442720816184,1,7,0,0
27.908333333333335,928.6244298459944,556.2063819479995,3.151212404347763,1,7,0,0
27.916666666666668,928.4915665405774,555.5420053525097,3.1754318632618395,1,7,0,0
27.925,928.1642126038529,555.4056961202316,3.1114335048037853,1,7,0,0
27.933333333333334,927.5793015305826,555.3390212324558,3.1628802486280407,1,7,0,0
27.941666666666666,927.5234289457868,555.5164095121646,3.1498343088619865,1,7,0,0
27.95,927.6072126027419,555.0656031845126,3.1346535734856364,1,7,0,0
27.958333333333332,927.103752372752,555.2776079349204,3.1481076284973204,1,7,0,0
27.966666666666665,927.8095026447347,555.8179799651708,3.11397072195405,1,7,0,0
27.975,927.9663453954445,556.8156452015764,3.1337452477835552,1,7,0,0
27.983333333333334,927.8164086012467,557.75665823229,3.1520363976343124,1,7,0,0
27.991666666666667,927.8202092524889,558.0042696106284,3.1469612465795205,1,7,0,0
28.0,927.6361235787282,558.4822758967026,3.1317859152190386,1,7,0,0
28.008333333333333,927.752898950457,558.5098824149653,3.1903409210993523,1,7,0,0
28.016666666666666,927.743089933355,558.3172392210122,3.146257346330672,1,7,0,0
28.025,927.8795846952515,558.7325780348457,3.1596164000141638,1,7,0,0
28.033333333333335,927.3678786741679,559.0357629417412,3.1315950878139636,1,7,0,0
28.041666666666668,927.1335344432716,559.3808871318871,3.1236406801753365,1,7,0,0
28.05,927.5968382959801,559.3475114497409,3.1277430648512445,1,7,0,0
28.058333333333334,928.6804927273073,559.2321002425822,3.0887997083961305,1,7,0,0
28.066666666666666,929.164099044979,559.6784344598577,3.146117808594671,1,7,0,0
28.075,929.3909716024189,559.8170383539012,3.1396986810975385,1,7,0,0
28.083333333333332,929.4728692191027,560.2213351141855,3.1312786029953865,1,7,0,0
28.091666666666665,929.4717982536636,560.4549418116394,3.137400617845113,1,7,0,0
28.1,929.0025823733716,560.2518676658716,3.136735663753264,1,7,0,0
28.108333333333334,929.2009643655223,560.7720045564164,3.1290183260672713,1,7,0,0
28.116666666666667,929.5852692713654,560.1866359214731,3.0995951602747276,1,7,0,0
28.125,929.9540410855659,559.5380527077388,3.1126450126971523,1,7,0,0
28.133333333333333,929.4219341407036,558.9268229220155,3.122768784593998,1,7,0,0
28.141666666666666,929.3445012194214,558.2636039228225,3.1287841295902132,1,7,0,0
28.15,929.4855528478923,557.5202009885804,3.0949157357243537,1,7,0,0
28.158333333333335,928.8795290668166,557.2417217164947,3.104681414925364,1,7,0,0
28.166666666666668,929.5121776195402,556.770809339349,3.1146943151071222,1,7,0,0
28.175,928.8371207502682,556.7591695680102,3.131478572061287,1,7,0,0
28.183333333333334,928.6637651757209,558.4138112527888,3.092601091619441,1,7,0,0
28.191666666666666,928.3938577595055,558.3401796367456,3.135259395680525,1,7,0,0
28.2,927.6033563771102,558.588141126409,3.1046615232963055,1,7,0,0
28.208333333333332,928.0931651811986,559.3120482946634,3.1414391554541132,1,7,0,0
28.216666666666665,928.3366617173026,559.2187098385953,3.1273584111346167,1,7,0,0
28.225,928.5989879069409,559.0895548554105,3.114343610989175,1,7,0,0
28.233333333333334,928.2643811317264,558.6985248809501,3.1223231823685045,1,7,0,0
28.241666666666667,929.4299112493634,558.4482106312995,3.110545762265144,1,7,0,0
28.25,929.3931792620368,557.6856657601295,3.1068967324309438,1,7,0,0
28.258333333333333,928.56424103991,558.0611274888468,3.1128999953228185,1,7,0,0
28.266666666666666,928.2477710394894,558.0566497305978,3.1465128544031686,1,7,0,0
28.275,928.0970420613633,558.3320484642944,3.0826218441038074,1,7,0,0
28.283333333333335,928.6786140726297,558.768880540262,3.1135670302420912,1,7,0,0
28.291666666666668,928.6001275520072,558.8160779451166,3.1304417303678638,1,7,0,0
28.3,928.8641132819224,559.2528912767707,3.119557302545391,1,7,0,0
28.308333333333334,928.4111669932092,559.1200996253126,3.113225246550291,1,7,0,0
28.316666666666666,928.9442462971318,559.5883891214081,3.1126122502446627,1,7,0,0
28.325,930.0842225474494,560.5387717175815,3.108782414772355,1,7,0,0
28.333333333333332,930.7681867452113,560.8046953914179,3.1351236269126472,1,7,0,0
28.341666666666665,931.3541001888725,560.3385526487317,3.1331749812189127,1,7,0,0
28.35,931.4957033279115,560.2619773311849,3.110251813373055,1,7,0,0
28.358333333333334,932.5190068336509,559.9246927413132,3.1545623637084836,1,7,0,0
28.366666666666667,932.9458571410847,559.6828817620615,3.0991463686371934,1,7,0,0
28.375,933.4522199138481,560.1604836260991,3.1238215101929745,1,7,0,0
28.383333333333333,933.5957320230011,559.829237119879,3.1227882131555997,1,7,0,0
28.391666666666666,933.018118247593,559.6467610031245,3.1132563036425522,1,7,0,0
28.4,933.3369290684547,559.5914987965588,3.1204928981969347,1,7,0,0
28.408333333333335,933.2655932093908,559.7779037800667,3.122282835863376,1,7,0,0
28.416666666666668,932.6958510752893,559.9688519125315,3.122959279492719,1,7,0,0
28.425,932.8009187214202,559.4190910451084,3.1379467434434014,1,7,0,0
28.433333333333334,932.7776922442567,559.9097455317726,3.09994337764999,1,7,0,0
28.441666666666666,932.4736996836122,558.9909702063442,3.1238407351027835,1,7,0,0
28.45,931.9176082117824,559.0802954422899,3.1168401908153482,1,7,0,0
28.458333333333332,932.8869290467368,559.194523520197,3.144088539309322,1,7,0,0
28.466666666666665,933.2260378133942,558.5902334309338,3.0864142135930135,1,7,0,0
28.475,933.8070860628292,559.5514967445706,3.107491695427637,1,7,0,0
28.483333333333334,933.7539707269203,559.1566420135191,3.088338005256735,1,7,0,0
28.491666666666667,934.4964785513122,559.0401635747504,3.086196613282791,1,7,0,0
28.5,934.9419696385107,558.7957724665234,3.093892864199886,1,7,0,0
28.508333333333333,935.5519224845423,558.7945798001535,3.1333350087574665,1,7,0,0
28.516666666666666,936.3886459283193,559.7094638388718,3.1329251590640825,1,7,0,0
28.525,936.8945204702916,559.4040987452511,3.079699156829095,1,7,0,0
28.533333333333335,937.161730726937,559.545431421237,3.115324590310114,1,7,0,0
28.541666666666668,937.5245496528297,558.9787477156068,3.1065961102167177,1,7,0,0
28.55,937.1950349797561,558.8168410778284,3.0976427077745305,1,7,0,0
28.558333333333334,937.1809711655025,558.7812802049929,3.06751616660678,1,7,0,0
28.566666666666666,937.622896302834,559.0654163364368,3.1009352886478547,1,7,0,0
28.575,936.9695033876282,559.7256881434805,3.0926355671572487,1,7,0,0
28.583333333333332,937.8024463878475,559.0811512494229,3.1113946748537344,1,7,0,0
28.591666666666665,938.0890294169507,558.3457647468791,3.1090097044940976,1,7,0,0
28.6,937.7621853911457,558.2948121573702,3.112707813153343,1,7,0,0
28.608333333333334,937.7545302946436,557.3869179920342,3.103728739803815,1,7,0,0
28.616666666666667,937.0819759530577,558.145042050566,3.084291615400622,1,7,0,0
28.625,937.529014454937,558.4120147603697,3.1232009707686785,1,7,0,0
28.633333333333333,937.8818475262286,558.6130274309309,3.0982123197430402,1,7,0,0
28.641666666666666,937.3873014348798,559.4227163911174,3.0926855598280083,1,7,0,0
28.65,936.8762892132428,559.1568127440013,3.1009319559890574,1,7,0,0
28.658333333333335,937.444916035336,559.3902368923566,3.094919888063489,1,7,0,0
28.666666666666668,937.8157642952694,559.3325200474021,3.063797842763827,1,7,0,0
28.675,938.3960352065696,558.9965129361052,3.130174278236627,1,7,0,0
28.683333333333334,937.4040167095786,559.3161231684871,3.1461543268786905,1,7,0,0
28.691666666666666,937.9522389218209,559.1070230088023,3.0995512397174916,1,7,0,0
28.7,937.6363178375022,558.9082911378957,3.0826364330549785,1,7,0,0
28.708333333333332,937.5867980109876,558.5080181718824,3.1015718598576734,1,7,0,0
28.716666666666665,937.7398109839095,558.5264702691957,3.0592676826615355,1,7,0,0
28.725,938.4356828309175,558.9733884139988,3.0599493607741994,1,7,0,0
28.733333333333334,938.3936667219604,558.6498992067145,3.0997546815274526,1,7,0,0
28.741666666666667,937.9246121882089,558.9285996870686,3.092477341669225,1,7,0,0
28.75,938.7756323786834,559.2640140139772,3.1000587797461057,1,7,0,0
28.758333333333333,939.4441450057373,559.3366762851507,3.0950358865453653,1,7,0,0
28.766666666666666,939.4538182596874,559.7773476998375,3.088151197438133,1,7,0,0
28.775,939.6270611518332,559.9702990271776,3.129961232314074,1,7,0,0
28.783333333333335,940.4692661234325,558.9143210162581,3.092240439020317,1,7,0,0
28.791666666666668,940.1417321624605,559.0564048753494,3.1195130587728355,1,7,0,0
28.8,939.956892306162,558.5839768639245,3.1163058539113258,1,7,0,0
28.808333333333334,940.046884258573,559.1043420920589,3.100730419804978,1,7,0,0
28.816666666666666,939.7983887509953,559.1817782205213,3.1008587445563296,1,7,0,0
28.825,939.6101620886838,558.3537416607139,3.105374706252173,1,7,0,0
28.833333333333332,940.2416844918849,558.9851205903407,3.0732643197715697,1,7,0,0
28.841666666666665,940.5125917159501,558.7658747571487,3.098109654231006,1,7,0,0
28.85,939.7663847550826,559.7740456615538,3.0944964102690995,1,7,0,0
28.858333333333334,939.7661303395478,559.7246312426706,3.1238615697451935,1,7,0,0
28.866666666666667,939.6999498320806,560.4017995378454,3.101967815952354,1,7,0,0
28.875,939.8520359211907,561.8941068666851,3.081134119041423,1,7,0,0
28.883333333333333,939.7134504290782,561.9652057317799,3.1220125197570785,1,7,0,0
28.891666666666666,940.0364411312675,561.4653162236913,3.0692199068923944,1,7,0,0
28.9,940.9337414157885,561.9308369910256,3.0970311479578343,1,7,0,0
28.908333333333335,941.3488678425113,561.8801626469553,3.0943225556316265,1,7,0,0
28.916666666666668,941.4472033192428,561.8700969616411,3.092988494751659,1,7,0,0
28.925,941.1673181854419,562.350055688579,3.130144591242668,1,7,0,0
28.933333333333334,940.8614627442208,562.0854107510468,3.126765853048231,1,7,0,0
28.941666666666666,940.6625246137381,561.2827611978865,3.1140730096910176,1,7,0,0
28.95,941.0267107115932,561.2397102624496,3.1253717608493106,1,7,0,0
28.958333333333332,940.6557209357027,561.1887802052539,3.106845443778166,1,7,0,0
28.966666666666665,941.400373815415,561.4608612182335,3.1274822072848125,1,7,0,0
28.975,942.0928256151325,561.7797727945942,3.130256609957349,1,7,0,0
28.983333333333334,941.6382615213948,561.7987987207005,3.103157718642744,1,7,0,0
28.991666666666667,941.9021331209266,561.8753070830268,3.108202298413752,1,7,0,0
29.0,943.0422476345844,562.5518098187542,3.070066207492662,1,7,0,0
29.008333333333333,943.7637026448775,561.8203165974903,3.114942805870363,1,7,0,0
29.016666666666666,943.5206494582063,561.8426214858675,3.1002828051524496,1,7,0,0
29.025,943.4061081802218,561.747262301251,3.0593445578160767,1,7,0,0
29.033333333333335,943.613686313587,561.844215858189,3.0929056741172865,1,7,0,0
29.041666666666668,944.0578591211636,561.4964893181782,3.0855480481307365,1,7,0,0
29.05,943.8727932234916,561.002765539662,3.1271044434143267,1,7,0,0
29.058333333333334,943.4662922531556,561.1883103112548,3.116875135950453,1,7,0,0
29.066666666666666,943.0043937348423,561.0326180678966,3.078783152874084,1,7,0,0
29.075,942.6172361792809,559.751818722905,3.111240246324195,1,7,0,0
29.083333333333332,942.6032711754602,560.0428871332364,3.1045441425168203,1,7,0,0
29.091666666666665,943.8387545803597,559.3672120337233,3.103290635454745,1,7,0,0
29.1,943.7646456811854,560.261579987623,3.0956233075787547,1,7,0,0
29.108333333333334,944.031360887599,561.12066641822,3.092017874008018,1,7,0,0
29.116666666666667,943.830081756196,561.2397414184265,3.109863008892905,1,7,0,0
29.125,943.805417173793,561.3942411013667,3.1026790354622196,1,7,0,0
29.133333333333333,944.1474580229523,562.6047750150133,3.1056204172591864,1,7,0,0
29.141666666666666,944.0696560377551,562.6629289637503,3.1228047258018816,1,7,0,0
29.15,943.6747851609205,562.7025633361841,3.1340718101673177,1,7,0,0
29.158333333333335,943.8235040935997,562.4142567201328,3.1443350062192366,1,7,0,0
29.166666666666668,943.36785099369,562.1006089999796,3.1165024555166556,1,7,0,0
29.175,943.2293227473035,562.9939843339215,3.0925467329531022,1,7,0,0
29.183333333333334,942.7075273921935,563.1707429385568,3.134270612327223,1,7,0,0
29.191666666666666,942.4001720792222,563.8200956434744,3.099872028922421,1,7,0,0
29.2,942.1052838776923,563.3962888881525,3.133943805046361,1,7,0,0
29.208333333333332,942.0222378258335,563.3483304265708,3.0984351698101467,1,7,0,0
29.216666666666665,941.567889837955,563.5234944902201,3.110610392842796,1,7,0,0
29.225,941.7217071601572,563.9575750329043,3.104406996152156,1,7,0,0
29.233333333333334,940.532216638427,563.7957956164137,3.120584690929027,1,7,0,0
29.241666666666667,940.9599652656404,563.821175566442,3.1385030694346585,1,7,0,0
29.25,941.5594375092268,564.1436841166922,3.1525605858268944,1,7,0,0
29.258333333333333,941.8914068063586,564.143056277561,3.1643265229350535,1,7,0,0
29.266666666666666,942.8448751800865,563.7642214013548,3.1023982019656797,1,7,0,0
29.275,943.186618575665,563.5987337188232,3.1294170912025208,1,7,0,0
29.283333333333335,943.634784945525,564.0680519751074,3.1522153117055676,1,7,0,0
29.291666666666668,944.020294493169,564.4817802100637,3.126434683438703,1,7,0,0
29.3,944.2374918387594,564.458943735036,3.097138579245642,1,7,0,0
29.308333333333334,944.6096802928018,565.1217882065888,3.1344454518006266,1,7,0,0
29.316666666666666,944.9055686387129,565.5744771287002,3.119200986260732,1,7,0,0
29.325,944.5784249932583,565.1893838276524,3.1426804337860386,1,7,0,0
29.333333333333332,944.8313104053598,565.192814873439,3.1312117541904545,1,7,0,0
29.341666666666665,944.7361173355695,564.882384298193,3.086647690023395,1,7,0,0
29.35,944.3006690142809,564.6849641816053,3.1376193909355696,1,7,0,0
29.358333333333334,943.4820395487133,564.8054900881615,3.102973332189849,1,7,0,0
29.366666666666667,943.3262071952914,564.1706465587484,3.1334035045151345,1,7,0,0
29.375,944.0084328489388,564.26263116633,3.1255877678008686,1,7,0,0
29.383333333333333,943.9786731959288,564.5984032178551,3.106308983592655,1,7,0,0
29.391666666666666,944.7083381413775,564.3155403814188,3.1532334826470496,1,7,0,0
29.4,945.1065120778103,563.981561527805,3.141563922888722,1,7,0,0
29.408333333333335,945.2976085709377,563.4875407749776,3.1407625926460763,1,7,0,0
29.416666666666668,945.2593346240409,562.990560686116,3.111113967517389,1,7,0,0
29.425,945.7232550853253,563.3644687943507,3.174305264985602,1,7,0,0
29.433333333333334,945.5681868842088,562.9055089706841,3.136088890634449,1,7,0,0
29.441666666666666,946.0229849953392,562.8477963988053,3.1157532273496384,1,7,0,0
29.45,946.4831149421899,563.3333330150871,3.113692922157223,1,7,0,0
29.458333333333332,946.0327081471759,563.109679280547,3.1189242897371927,1,7,0,0
29.466666666666665,945.536292437722,562.6419711064917,3.113192159126118,1,7,0,0
29.475,945.1994825068333,562.7061723299433,3.09218417190191,1,7,0,0
29.483333333333334,945.6949262842497,562.7608086486556,3.1432898531283207,1,7,0,0
29.491666666666667,945.4472181515333,563.4352702287835,3.1357219268101884,1,7,0,0
29.5,945.5565756059021,563.6345545053616,3.1290102043537136,1,7,0,0
29.508333333333333,945.7021958250003,563.4933149240101,3.1501705713770387,1,7,0,0
29.516666666666666,945.5442418094157,562.8064745309285,3.120889863244,1,7,0,0
29.525,945.3084197765185,563.1478548701735,3.1793646426912043,1,7,0,0
29.533333333333335,945.5174874033155,563.335186840257,3.1496173210125304,1,7,0,0
29.541666666666668,945.1266413775354,563.7114498863671,3.1916061417869908,1,7,0,0
29.55,944.7991408067604,564.1016887240269,3.1740435140621526,1,7,0,0
29.558333333333334,945.0288025934759,564.0164207973861,3.158646145788055,1,7,0,0
29.566666666666666,944.1831359881166,563.6707829757754,3.165296442673579,1,7,0,0
29.575,944.1360331723478,562.9927563576938,3.1570500913639497,1,7,0,0
29.583333333333332,944.0892935656826,563.5918162528116,3.1373781424244003,1,7,0,0
29.591666666666665,944.0075022356515,563.5271919850805,3.1386516093637145,1,7,0,0
29.6,943.9529627117596,563.6911670077253,3.173506353995699,1,7,0,0
29.608333333333334,944.325800469231,562.8436811409009,3.1443216831871057,1,7,0,0
29.616666666666667,944.0075351269636,563.3160443489669,3.1466049195579613,1,7,0,0
29.625,944.2158695567987,563.4056250926311,3.1600663103747872,1,7,0,0
29.633333333333333,944.0409360140086,564.458684852115,3.19585151797623,1,7,0,0
29.641666666666666,944.9065633171339,564.9245216087392,3.176587429759535,1,7,0,0
29.65,944.9723144201043,565.1996839966567,3.170134810921727,1,7,0,0
29.658333333333335,944.9137566664922,565.7706730226462,3.1512672044881964,1,7,0,0
29.666666666666668,944.874338309248,566.2231704740445,3.176208513510393,1,7,0,0
29.675,944.9116900560771,566.489579188842,3.178324400360261,1,7,0,0
29.683333333333334,944.8527175070278,566.5894699144151,3.1625431841160574,1,7,0,0
29.691666666666666,944.9501896142633,566.1444446105,3.1881744479739687,1,7,0,0
29.7,944.8039637872232,566.4851150779169,3.160961642352745,1,7,0,0
29.708333333333332,944.9502004420892,566.9002874254367,3.1650415342150833,1,7,0,0
29.716666666666665,944.8370794643821,567.1872685515798,3.149318220850004,1,7,0,0
29.725,945.2073718053169,566.8246885987636,3.138891989219272,1,7,0,0
29.733333333333334,945.0578147258055,566.8627433618167,3.1892578979203967,1,7,0,0
29.741666666666667,945.4812736369502,567.0883091880764,3.1708332658978127,1,7,0,0
29.75,945.2751517284344,567.0315346601598,3.1925939312061082,1,7,0,0
29.758333333333333,945.3380729277457,566.3265514083558,3.1458110081068975,1,7,0,0
29.766666666666666,945.7865838773823,566.4828903865664,3.1930105686164425,1,7,0,0
29.775,946.3240359122991,566.3959137331484,3.175347069557006,1,7,0,0
29.783333333333335,947.3760901546148,566.6838214397407,3.1626247381381623,1,7,0,0
29.791666666666668,947.0591088840631,567.1119924547727,3.1863557623953596,1,7,0,0
29.8,947.1246521359755,567.9554829358178,3.18446732267522,1,7,0,0
29.808333333333334,946.040359428811,567.6164613435488,3.157759387001938,1,7,0,0
29.816666666666666,944.8627548816013,567.5419824697717,3.1731514332431194,1,7,0,0
29.825,944.0068255723897,567.5840467527189,3.179618712347468,1,7,0,0
29.833333333333332,944.2830526288257,566.8876994089098,3.1909588145154872,1,7,0,0
29.841666666666665,944.5922977372395,567.7254011257592,3.178810745130874,1,7,0,0
29.85,944.9109715608988,567.9650345263055,3.141435819843065,1,7,0,0
29.858333333333334,1389.5438907335874,249.9562409920527,3.15369455501506,1,7,0,0
29.866666666666667,1389.7495299184266,249.69889654406018,3.151734084517229,1,7,0,0
29.875,945.7221524329526,568.6408468626386,3.130850189617228,1,7,0,0
29.883333333333333,945.4235114034917,568.8518778869463,3.179036617194771,1,7,0,0
29.891666666666666,945.6616954821764,568.4777972245857,3.1413516017757708,1,7,0,0
29.9,944.7937829985841,568.2380160189203,3.1827733688127555,1,7,0,0
29.908333333333335,944.8805187361525,567.867610607229,3.1404886805990913,1,7,0,0
29.916666666666668,945.0809882772602,566.8546625094012,3.175855655660695,1,7,0,0
29.925,944.4509533165124,566.8116995234327,3.180593446092013,1,7,0,0
29.933333333333334,943.9429434722009,566.5622363991898,3.2054110541537457,1,7,0,0
29.941666666666666,943.6477142094546,566.717353118748,3.1941214439205536,1,7,0,0
29.95,942.5109634204636,567.1708789515316,3.202499152624701,1,7,0,0
29.958333333333332,942.5085948118704,567.6210777943269,3.202510141753479,1,7,0,0
29.966666666666665,942.2621136287775,567.4367783613222,3.209936720048489,1,7,0,0
29.975,943.3110249771782,568.2167444386972,3.1609663254010245,1,7,0,0
29.983333333333334,943.9880399391608,568.0680476245066,3.2060642334297134,1,7,0,0
29.991666666666667,943.7816424332121,568.7884262639435,3.1881903367896496,1,7,0,0
30.0,943.9793129823346,570.0332941652167,3.197849160254902,1,7,0,0
30.008333333333333,944.0161873586862,569.9489746810758,3.2112907498939385,1,7,0,0
30.016666666666666,944.004903210546,569.4197780882121,3.211010282442019,1,7,0,0
30.025,943.163589286737,569.49143722073,3.240093649598554,1,7,0,0
30.033333333333335,943.3240986564145,569.1655087964648,3.222742696638578,1,7,0,0
30.041666666666668,943.5387725363988,569.505784837717,3.205750412392223,1,7,0,0
30.05,943.7198150183834,568.3984875737625,3.189683986514979,1,7,0,0
30.058333333333334,943.7080378192663,567.439050542642,3.1948631163319368,1,7,0,0
30.066666666666666,944.0512141454293,567.3712144542288,3.1957034307248318,1,7,0,0
30.075,943.6318314336454,567.3781364503062,3.2121757568569183,1,7,0,0
30.083333333333332,943.2652180662409,567.0888647964165,3.2037336922363084,1,7,0,0
30.091666666666665,942.8205187464491,566.7760261088749,3.225557738308835,1,7,0,0
30.1,943.054947949075,566.7005752223657,3.2280012282018387,1,7,0,0
30.108333333333334,942.6649499495139,566.9998516435397,3.171467681026195,1,7,0,0
30.116666666666667,942.7540836165496,566.919616846711,3.2068689662401506,1,7,0,0
30.125,942.3997404665467,567.2201318230714,3.246404371094818,1,7,0,0
30.133333333333333,942.8140937473364,567.5704611619875,3.2241145596275174,1,7,0,0
30.141666666666666,942.8491378469665,566.631455139768,3.217566389736612,1,7,0,0
30.15,943.569044881046,566.7478007483539,3.1944717272652987,1,7,0,0
30.158333333333335,944.0857424663993,567.5277390689995,3.2149128635592046,1,7,0,0
30.166666666666668,944.0442843084327,567.397907265589,3.2489125925610027,1,7,0,0
30.175,943.9737701757568,567.6108584450507,3.2497091673840988,1,7,0,0
30.183333333333334,945.0042645886069,567.6836482720034,3.235706826757623,1,7,0,0
30.191666666666666,945.8245938628446,567.1552723162789,3.2363988759411906,1,7,0,0
30.2,946.5847571625013,566.8441448272442,3.208239794780381,1,7,0,0
30.208333333333332,947.0299449498243,567.0110102518665,3.254243391399111,1,7,0,0
30.216666666666665,947.5110944606674,567.9367972509611,3.2362745005719753,1,7,0,0
30.225,947.7030392320589,567.2957487638112,3.2422991923999436,1,7,0,0
30.233333333333334,947.8759806320143,567.8779275536643,3.2286662833363735,1,7,0,0
30.241666666666667,947.5453196861388,567.5610834314214,3.223945389974576,1,7,0,0
30.25,948.4077966628548,567.3947460728547,3.242761558435113,1,7,0,0
30.258333333333333,947.7479437636632,568.1999112560455,3.2365820705306723,1,7,0,0
30.266666666666666,947.4407613113628,567.9858052559064,3.2155740273175217,1,7,0,0
30.275,947.8773171051971,567.7472621786602,3.2354739964555503,1,7,0,0
30.283333333333335,948.754084784233,566.4814993098145,3.242304859776889,1,7,0,0
30.291666666666668,947.9377501886866,566.163897917942,3.1896653924513654,1,7,0,0
30.3,947.4731042195627,565.7924319199047,3.220961933734758,1,7,0,0
30.308333333333334,946.643094234152,565.932505890464,3.2275221994520775,1,7,0,0
30.316666666666666,945.9865123701028,565.7226741554525,3.257541103582233,1,7,0,0
30.325,946.5238478203962,565.659937475702,3.231969429759464,1,7,0,0
30.333333333333332,946.4868606616126,565.4530790095765,3.2564469491477728,1,7,0,0
30.341666666666665,946.8188951996192,565.9232973741134,3.2810036554897906,1,7,0,0
30.35,947.1657829810389,566.6011137039347,3.2383512344235403,1,7,0,0
30.358333333333334,947.1162141625082,565.5595017704967,3.2437409592092186,1,7,0,0
30.366666666666667,947.4389934209004,564.7234352974832,3.2288774472757527,1,7,0,0
30.375,947.6013183504253,565.2092417142466,3.2504657765192797,1,7,0,0
30.383333333333333,947.6269440369397,565.1209981918915,3.2471334101246803,1,7,0,0
30.391666666666666,948.7970639641916,565.3898545877959,3.237879821776601,1,7,0,0
30.4,948.7514861368614,564.8617489208167,3.249662225888551,1,7,0,0
30.408333333333335,949.0045473899806,564.8553075364573,3.2485663116569157,1,7,0,0
30.416666666666668,948.8255591955199,564.8507540298806,3.258935730093529,1,7,0,0
30.425,949.2343866142285,565.15050236558,3.239347019784255,1,7,0,0
30.433333333333334,949.6460319826525,565.6230764037465,3.2459203736590094,1,7,0,0
30.441666666666666,950.2030032633267,565.8891076087593,3.2524487309602073,1,7,0,0
30.45,950.3657366233366,565.7783969227339,3.255753463375265,1,7,0,0
30.458333333333332,949.3593468125734,565.998995652264,3.2309998515114353,1,7,0,0
30.466666666666665,949.5021695499056,566.4598106880567,3.235672037080416,1,7,0,0
30.475,949.7207713228596,567.1266534789025,3.297348414116239,1,7,0,0
30.483333333333334,950.4523346571452,566.8963062711282,3.274762688663131,1,7,0,0
30.491666666666667,950.0269766000333,566.4794065626311,3.2496077586094847,1,7,0,0
30.5,950.4504936994828,566.245126211301,3.2972940189074977,1,7,0,0
30.508333333333333,949.8635144979409,566.2605152444368,3.2756145493068893,1,7,0,0
30.516666666666666,950.1412606110574,566.6513486316254,3.2483126584289463,1,7,0,0
30.525,950.6178890440485,566.205093963206,3.2475156384494,1,7,0,0
30.533333333333335,950.9902069504766,565.8038387826803,3.2701792491755097,1,7,0,0
30.541666666666668,952.009153427551,565.5429228067976,3.2441514557674562,1,7,0,0
30.55,952.7807322421237,564.8841338102799,3.284433934203005,1,7,0,0
30.558333333333334,952.6286552154596,563.9443881495017,3.2584975514282393,1,7,0,0
30.566666666666666,951.9113027898621,564.4280467557007,3.23151790665761,1,7,0,0
30.575,951.8015409227381,564.5661915605596,3.3077647735982834,1,7,0,0
30.583333333333332,951.8836566082965,564.0248466652324,3.272149801066361,1,7,0,0
30.591666666666665,952.3080298328728,563.944756985426,3.2788132647017707,1,7,0,0
30.6,952.4221356361426,564.9888159857126,3.306104117512489,1,7,0,0
30.608333333333334,952.515929038993,564.6755329587784,3.283435741826728,1,7,0,0
30.616666666666667,952.7044184954782,564.5957179017935,3.3033581755794423,1,7,0,0
30.625,952.4070966001608,565.1911164725137,3.231857624482551,1,7,0,0
30.633333333333333,952.242504831638,564.8178516231977,3.240749416106041,1,7,0,0
30.641666666666666,951.7392373721918,565.41600795263,3.294064931201521,1,7,0,0
30.65,952.0064035182507,565.6742130915304,3.2573537397270433,1,7,0,0
30.658333333333335,952.8973577146969,565.745466641143,3.2664609934203277,1,7,0,0
30.666666666666668,953.4670548148791,564.7637558884691,3.249563325586727,1,7,0,0
30.675,952.3655149626092,564.6946090270628,3.2552998965581197,1,7,0,0
30.683333333333334,952.3018970991371,563.8208789729832,3.3025831286588727,1,7,0,0
30.691666666666666,952.3132488501789,563.7323957677984,3.2534461843636975,1,7,0,0
30.7,952.4994575472703,564.5727617110821,3.267061191765209,1,7,0,0
30.708333333333332,952.1501530500188,564.0059306945828,3.2821449056636065,1,7,0,0
30.716666666666665,951.2777981304283,564.3681169408751,3.28058644242734,1,7,0,0
30.725,951.1030841717484,564.7927839909688,3.2596919581915222,1,7,0,0
30.733333333333334,951.3488949595635,564.901903046616,3.279030137534481,1,7,0,0
30.741666666666667,950.7950200413391,565.081481274077,3.3035926213569784,1,7,0,0
30.75,951.5756911092287,565.4223421474534,3.2611655329957117,1,7,0,0
30.758333333333333,952.100819557454,565.8400742907521,3.293645201489239,1,7,0,0
30.766666666666666,952.6400174931033,565.937445297046,3.281788059510667,1,7,0,0
30.775,953.1721030465814,565.4368257440548,3.2685109924503393,1,7,0,0
30.783333333333335,953.7494010770653,565.6030908953708,3.250277313468288,1,7,0,0
30.791666666666668,953.9664829651726,565.8298252725228,3.2588761518675087,1,7,0,0
30.8,953.6546865758686,565.2475928996579,3.2455090953505836,1,7,0,0
30.808333333333334,953.3402221286788,565.2342959832837,3.314818513120606,1,7,0,0
30.816666666666666,953.0633025889873,564.9886746475692,3.2970179679354104,1,7,0,0
30.825,953.8504950268609,565.4863827212945,3.2924872746064087,1,7,0,0
30.833333333333332,954.2136158402226,565.178718712261,3.323767364434326,1,7,0,0
30.841666666666665,953.9332244920267,565.6912607196214,3.285580904910903,1,7,0,0
30.85,953.668835126975,566.0498108530318,3.232658486621953,1,7,0,0
30.858333333333334,953.3006701354425,566.2857627553835,3.2570610570737473,1,7,0,0
30.866666666666667,953.3686862385719,566.5004671674649,3.2567851757614807,1,7,0,0
30.875,953.016382571801,566.7453845325649,3.301898167081675,1,7,0,0
30.883333333333333,953.4152911475999,567.2720928984257,3.278954923778897,1,7,0,0
30.891666666666666,953.6206012094328,567.3279606337909,3.2948085440993897,1,7,0,0
30.9,954.4031295822912,568.1609679162891,3.2742087640744493,1,7,0,0
30.908333333333335,954.6692126365705,568.2211204766959,3.3237550826565934,1,7,0,0
30.916666666666668,954.6190732103856,567.6341948119235,3.32893384517434,1,7,0,0
30.925,954.7014405446805,566.8766604642872,3.290460811816972,1,7,0,0
30.933333333333334,954.695901658641,566.8560203927677,3.283172270255072,1,7,0,0
30.941666666666666,954.5783500094336,567.4818523864192,3.2959296060637904,1,7,0,0
30.95,955.5878105268503,566.87986223217,3.28268987197389,1,7,0,0
30.958333333333332,956.7888651418116,567.7085010345174,3.3226159679458434,1,7,0,0
30.966666666666665,956.7087138854345,567.9783206942623,3.3066143178499217,1,7,0,0
30.975,956.5781330458146,568.2199419048394,3.2813612490661037,1,7,0,0
30.983333333333334,956.3633619085095,568.4789270476984,3.321730995125839,1,7,0,0
30.991666666666667,955.8116127289288,568.2747858288093,3.299072508271796,1,7,0,0
31.0,955.4348554527774,568.1706023939314,3.315980378465241,1,7,0,0
31.008333333333333,956.4514215714587,568.6438065010149,3.30572739362339,1,7,0,0
31.016666666666666,956.3683983779086,568.3752962865896,3.3158744526776043,1,7,0,0
31.025,956.9310246562401,567.628092394692,3.3058717850245722,1,7,0,0
31.033333333333335,956.8917342284499,567.4925625624398,3.3109141000257787,1,7,0,0
31.041666666666668,956.8016353609802,567.4271813626515,3.310291782449747,1,7,0,0
31.05,956.3916970259453,567.3750730481319,3.3359600138505905,1,7,0,0
31.058333333333334,956.177699735949,567.9040545314685,3.3291997332965257,1,7,0,0
31.066666666666666,955.5547854708333,566.8328991213335,3.353708926428706,1,7,0,0
31.075,955.0225514267484,566.4636529484826,3.355901921572619,1,7,0,0
31.083333333333332,956.0306660524084,566.1359082348373,3.343777494497439,1,7,0,0
31.091666666666665,955.5006974574353,566.2225333318707,3.3464887157897283,1,7,0,0
31.1,956.1594110038637,566.6949298770536,3.3158141877668026,1,7,0,0
31.108333333333334,956.149640196774,567.3107575112306,3.333858592542446,1,7,0,0
31.116666666666667,956.6201920867157,567.6168595729799,3.344896352740853,1,7,0,0
31.125,955.927367454674,567.602936408292,3.347426353971153,1,7,0,0
31.133333333333333,955.9948614066145,568.095377998413,3.3555998981988178,1,7,0,0
31.141666666666666,955.6475826059209,566.7650241047949,3.3319611479057354,1,7,0,0
31.15,954.7998616300802,566.5837076339403,3.3153228453705754,1,7,0,0
31.158333333333335,954.3107466568573,566.7541273092412,3.368048627433735,1,7,0,0
31.166666666666668,953.8547345619255,566.1555335152495,3.33393850164815,1,7,0,0
31.175,953.857009704077,565.9348217993208,3.349948717065397,1,7,0,0
31.183333333333334,954.7798186759592,565.4246430920672,3.3651263890551464,1,7,0,0
31.191666666666666,954.7133996524171,566.2328528573373,3.322147246745692,1,7,0,0
31.2,953.9252411412464,565.9638329702292,3.3056859667800835,1,7,0,0
31.208333333333332,954.3238002495665,566.4757058386969,3.3481473037180107,1,7,0,0
31.216666666666665,955.4204454718345,566.3101659440115,3.3571206200760333,1,7,0,0
31.225,954.8906232988628,567.1903535004963,3.3187154656339444,1,7,0,0
31.233333333333334,954.8022488728293,567.4497242080085,3.3500143008383767,1,7,0,0
31.241666666666667,954.6760927286483,567.5452077648343,3.3493769621003326,1,7,0,0
31.25,954.9624088039926,567.187161394971,3.368428621781132,1,7,0,0
31.258333333333333,955.4920118827222,567.1982561644754,3.2737550661556103,1,7,0,0
31.266666666666666,956.5157616529089,567.282809780174,3.3485852392296116,1,7,0,0
31.275,956.2184733679178,566.6597625241568,3.3663621641433035,1,7,0,0
31.283333333333335,955.7564099325587,567.445563077245,3.338453125263438,1,7,0,0
31.291666666666668,956.3166975354131,568.4454950018711,3.3698962507796715,1,7,0,0
31.3,955.7152749630573,568.2757537676735,3.2976308664015512,1,7,0,0
31.308333333333334,955.8743243416967,568.5602680551614,3.3145291406833124,1,7,0,0
31.316666666666666,955.9200598842978,567.929744873472,3.3218860257670713,1,7,0,0
31.325,955.8364589764878,568.6001249945219,3.337311124389364,1,7,0,0
31.333333333333332,955.8236934995359,568.3405229957276,3.3209614580582385,1,7,0,0
31.341666666666665,956.1218338279928,567.2640421903745,3.2997872136852524,1,7,0,0
31.35,955.4379833049204,566.3629994480559,3.2830465255153167,1,7,0,0
31.358333333333334,955.784181588731,566.9884251227916,3.3041368834012914,1,7,0,0
31.366666666666667,956.1621894111589,567.629742410662,3.3017662288723626,1,7,0,0
31.375,955.1859153840408,567.671224673195,3.311945501473035,1,7,0,0
31.383333333333333,954.4475718314292,567.255939912957,3.2888922770276827,1,7,0,0
31.391666666666666,954.3653875931615,567.2812200492,3.3216219757480046,1,7,0,0
31.4,954.0939082143065,567.3137975162493,3.2836447948555283,1,7,0,0
31.408333333333335,953.2205808630014,567.210306404294,3.306027217773552,1,7,0,0
31.416666666666668,952.6649970605824,568.0805867516656,3.3098476052383665,1,7,0,0
31.425,952.8187709195131,568.4084833755239,3.282179278278347,1,7,0,0
31.433333333333334,953.2763486182677,569.0958129996841,3.2894502106373156,1,7,0,0
31.441666666666666,952.8962479749779,569.9193373572493,3.290895609801575,1,7,0,0
31.45,952.1342714025021,570.9317221762265,3.2928853492368377,1,7,0,0
31.458333333333332,951.6924004429085,570.9325816568744,3.3022600101917154,1,7,0,0
31.466666666666665,950.8867197701567,570.7399847552398,3.2885714483029496,1,7,0,0
31.475,950.7594040711672,570.8499361492336,3.319385427383245,1,7,0,0
31.483333333333334,950.2296394012825,570.3647001315057,3.3081893698272107,1,7,0,0
31.491666666666667,949.9075519656566,570.168654885809,3.302643703740616,1,7,0,0
31.5,950.5106445645123,569.4987607543121,3.31642481018401,1,7,0,0
31.508333333333333,950.5170853362754,569.5178150473771,3.2855436997338954,1,7,0,0
31.516666666666666,951.1912556586059,569.7554847852124,3.336330150298455,1,7,0,0
31.525,951.7618206080715,570.5722923116583,3.301956887281798,1,7,0,0
31.533333333333335,952.0311256254365,571.3523134864563,3.284119270585402,1,7,0,0
31.541666666666668,952.5846357160607,571.1957693325162,3.2584839479790184,1,7,0,0
31.55,952.978872408127,571.141971791983,3.301330844784422,1,7,0,0
31.558333333333334,953.4128348811779,570.5648802698872,3.264059710235528,1,7,0,0
31.566666666666666,952.7423467189965,570.3843713020132,3.327154715006098,1,7,0,0
31.575,952.6948120164158,570.7638792164357,3.2853957412294945,1,7,0,0
31.583333333333332,953.5516666496721,570.9516291848188,3.253269076887512,1,7,0,0
31.591666666666665,953.3526882407856,570.3081377753396,3.2725822437286376,1,7,0,0
31.6,953.6394947658987,570.0123813620527,3.297245893010139,1,7,0,0
31.608333333333334,953.4440346469825,569.9101976459569,3.290888202524883,1,7,0,0
31.616666666666667,952.7430234061989,570.3880723303089,3.283738331868707,1,7,0,0
31.625,953.346889303702,570.8421514905181,3.305246327328186,1,7,0,0
31.633333333333333,953.498425226509,571.0490340806705,3.277113732429544,1,7,0,0
31.641666666666666,953.3403749733093,571.4824241811249,3.305721693454524,1,7,0,0
31.65,953.1479049187255,570.9419464632542,3.3091249977010517,1,7,0,0
31.658333333333335,952.7922404904929,571.2820165988055,3.303569126749411,1,7,0,0
31.666666666666668,953.9181509184716,570.7607818380122,3.2866484932515543,1,7,0,0
31.675,953.7473342974105,570.5721444288705,3.304526321378715,1,7,0,0
31.683333333333334,953.4877662606975,570.0188652782615,3.2944178906299237,1,7,0,0
31.691666666666666,952.9295834759113,570.1514145029821,3.278366527270256,1,7,0,0
31.7,953.2571082627694,570.4006549748516,3.2819617881524126,1,7,0,0
31.708333333333332,952.2112732605935,570.6236426087647,3.2752392363861413,1,7,0,0
31.716666666666665,951.9636195468322,571.1105279020313,3.2712221497972913,1,7,0,0
31.725,952.0503613702542,570.6591835112857,3.2847028017247335,1,7,0,0
31.733333333333334,951.5387794516217,570.5340210136249,3.2905368188898003,1,7,0,0
31.741666666666667,950.9317088010093,570.1518075928095,3.284865754688845,1,7,0,0
31.75,951.3557744111249,569.1532967858086,3.3273123813405814,1,7,0,0
31.758333333333333,950.558933266778,568.8689787167377,3.248545248569984,1,7,0,0
31.766666666666666,950.6169957998736,568.630801191061,3.281268301457169,1,7,0,0
31.775,950.867458385303,568.2635205020056,3.2632516284276614,1,7,0,0
31.783333333333335,951.0635166290795,568.5600287340529,3.279742920929217,1,7,0,0
31.791666666666668,951.1184726884625,568.8084889696934,3.2862957411879266,1,7,0,0
31.8,952.0100807952857,569.3855046973887,3.274781444590177,1,7,0,0
31.808333333333334,952.8501051036933,569.0815616035518,3.294495167908932,1,7,0,0
31.816666666666666,952.8161192171308,568.8686332622436,3.287512962851045,1,7,0,0
31.825,951.9143296428236,569.6280699316944,3.2468137051913977,1,7,0,0
31.833333333333332,952.3088755858585,569.8058057411606,3.2811732731853898,1,7,0,0
31.841666666666665,953.3964350408147,569.2358530723861,3.289913988929312,1,7,0,0
31.85,953.5859275820541,569.6238648301463,3.310637856849451,1,7,0,0
31.858333333333334,953.7197075586413,570.3882235487577,3.282118386303018,1,7,0,0
31.866666666666667,953.3091359576501,570.322700566229,3.2632559025751844,1,7,0,0
31.875,953.3235838380953,570.5078778718622,3.253625488705042,1,7,0,0
31.883333333333333,953.5068567781644,569.4439309746587,3.2849637791886424,1,7,0,0
31.891666666666666,953.5136048505105,569.6165467628371,3.26540268294305,1,7,0,0
31.9,953.5460749304978,569.0389969607437,3.295765786711289,1,7,0,0
31.908333333333335,953.590415265494,569.1148315862953,3.29293529833255,1,7,0,0
31.916666666666668,954.0626161929142,568.925690771427,3.261591338123979,1,7,0,0
31.925,954.2255309981185,568.9368170077302,3.2775570098956335,1,7,0,0
31.933333333333334,953.6686183901897,568.6854684975249,3.2668994586377345,1,7,0,0
31.941666666666666,953.4958726912607,568.7359718164779,3.2574874552815762,1,7,0,0
31.95,953.2142160458974,568.2249724505767,3.273004186721198,1,7,0,0
31.958333333333332,953.6411700715151,567.6771973415042,3.2768791831288837,1,7,0,0
31.966666666666665,954.2962415727525,567.8106206449289,3.263129872573251,1,7,0,0
31.975,954.3002559874459,566.463838056099,3.2580788734036403,1,7,0,0
31.983333333333334,955.6502880544672,566.8032404161744,3.2359364137673348,1,7,0,0
31.991666666666667,955.2506572258224,566.1528139289198,3.2571190046355873,1,7,0,0
32.0,956.1892698253562,565.5357606569393,3.272132724368191,1,7,0,0
32.00833333333333,955.9627062447101,565.4274136351534,3.2497685821004363,1,7,0,0
32.016666666666666,955.6271413321294,564.8675131362513,3.258041113280699,1,7,0,0
32.025,955.7356723670487,564.8335482409501,3.2535343639062035,1,7,0,0
32.03333333333333,955.9877424322437,564.7154451179233,3.23989087579912,1,7,0,0
32.041666666666664,955.6065859559895,564.3744733122901,3.2398144981373265,1,7,0,0
32.05,954.9654613894555,563.8134284042376,3.2556152552743853,1,7,0,0
32.05833333333333,954.7419605024182,563.0847353278527,3.2491562850978553,1,7,0,0
32.06666666666667,955.8815248502591,563.8401746274058,3.2735853974444047,1,7,0,0
32.075,955.3731377935351,564.2325979658109,3.2322863143291247,1,7,0,0
32.083333333333336,955.1888252752079,564.4698348618123,3.2509046070520027,1,7,0,0
32.09166666666667,954.4476781014688,564.817763849583,3.252063862513448,1,7,0,0
32.1,954.6247638532878,565.392598959348,3.269637565232295,1,7,0,0
32.108333333333334,954.2725817511104,565.6190983874907,3.2535651331297752,1,7,0,0
32.11666666666667,953.7758764820729,565.9671032842637,3.2516913105458434,1,7,0,0
32.125,953.9585544844522,565.6202688604659,3.2457610267063646,1,7,0,0
32.13333333333333,953.6893358130877,565.4425104105067,3.2576195440872184,1,7,0,0
32.141666666666666,954.145426595913,566.026558520447,3.27700446968569,1,7,0,0
32.15,954.1743447295119,565.9339417520712,3.27210676081476,1,7,0,0
32.15833333333333,953.8625355027818,566.4421303548402,3.2728169354032826,1,7,0,0
32.166666666666664,954.0617549969323,566.6219459704943,3.2667710456585057,1,7,0,0
32.175,954.1041047871144,566.0210386890448,3.241065456741155,1,7,0,0
32.18333333333333,954.1555706782613,566.5141754526292,3.241010089153716,1,7,0,0
32.19166666666667,953.6976194171859,566.5328169084596,3.2241173615007415,1,7,0,0
32.2,952.8782542741695,565.9853011434623,3.2511759643430933,1,7,0,0
32.208333333333336,953.6808488047714,565.9518306901574,3.2276947672621863,1,7,0,0
32.21666666666667,954.1094706114299,565.6444143130101,3.239109852128581,1,7,0,0
32.225,954.0737344757534,566.1984440765619,3.2180572661020426,1,7,0,0
32.233333333333334,954.6850951417636,566.135255679522,3.2350271955085486,1,7,0,0
32.24166666666667,954.202195513401,566.408984021018,3.246227555017365,1,7,0,0
32.25,954.7225873199789,566.259346215054,3.2643968534308057,1,7,0,0
32.25833333333333,954.8299823964055,566.6271799544012,3.2758886353064574,1,7,0,0
32.266666666666666,954.4911805765291,566.7138619576552,3.243391488978053,1,7,0,0
32.275,955.1383247089015,566.3726803425706,3.220724718305038,1,7,0,0
32.28333333333333,955.2711666401594,565.3689409305122,3.1789787272145453,1,7,0,0
32.291666666666664,954.0714498897979,565.8101250689236,3.245687412215599,1,7,0,0
32.3,954.049697867933,565.0477254467938,3.2148166498485593,1,7,0,0
32.30833333333333,954.7856621111441,565.6553543258963,3.2380111354691885,1,7,0,0
32.31666666666667,955.0168492934649,564.6904312049257,3.2310650810159243,1,7,0,0
32.325,954.578352335,564.0005740553887,3.2142654510331985,1,7,0,0
32.333333333333336,954.894916079029,562.9777522116719,3.221418534884423,1,7,0,0
32.34166666666667,954.6183642504658,563.2939010203033,3.2482591751551877,1,7,0,0
32.35,955.4675853209699,562.8751060805021,3.2173911927148744,1,7,0,0
32.358333333333334,955.7942648480255,563.0489505981218,3.198141015248021,1,7,0,0
32.36666666666667,955.2567737222797,563.300612378198,3.1905616374096573,1,7,0,0
32.375,954.6300909621563,563.1475493022001,3.197108084584437,1,7,0,0
32.38333333333333,955.0278173037215,563.0279806059589,3.238727277853137,1,7,0,0
32.391666666666666,954.6351216787906,562.935789734107,3.2197805579273857,1,7,0,0
32.4,955.0934404946582,563.2904575853579,3.232510852812278,1,7,0,0
32.40833333333333,954.6283493563352,563.5922946206286,3.2165277692195477,1,7,0,0
32.416666666666664,954.2971039215944,563.9048422773741,3.210207116464966,1,7,0,0
32.425,954.5186274158573,563.6320241026075,3.2049404455042434,1,7,0,0
32.43333333333333,954.6321804183916,563.5734802657095,3.219543567458329,1,7,0,0
32.44166666666667,954.2516468006188,563.687486317394,3.1985130002624076,1,7,0,0
32.45,953.8288563240171,564.0145413595802,3.235605534873446,1,7,0,0
32.458333333333336,954.6386285422818,563.8915702849129,3.205208366649497,1,7,0,0
32.46666666666667,954.2321650410859,563.8332393845453,3.2336528667582374,1,7,0,0
32.475,954.785180504633,563.5395405154402,3.1821548345052246,1,7,0,0
32.483333333333334,955.6817310712727,564.8514061848539,3.2120499873250163,1,7,0,0
32.49166666666667,955.2734661599047,565.9746447590951,3.1647131005335307,1,7,0,0
32.5,954.9474709391624,565.7999799059037,3.1950934539254137,1,7,0,0
32.50833333333333,954.5176541468556,566.0455769662329,3.1926454708924976,1,7,0,0
32.516666666666666,954.0506256941194,565.836108734317,3.193754404198916,1,7,0,0
32.525,954.0290765959422,565.1862372197078,3.2311242614930107,1,7,0,0
32.53333333333333,954.4485920053028,564.0115188903314,3.1986818656063147,1,7,0,0
32.541666666666664,955.4067988203057,564.1405231602623,3.1930253526166106,1,7,0,0
32.55,956.0851782558356,564.6456335858627,3.1977987050198777,1,7,0,0
32.55833333333333,956.2092711219371,565.0317452388377,3.205441822544549,1,7,0,0
32.56666666666667,954.6107582492211,564.1787010379592,3.175159871275209,1,7,0,0
32.575,954.5397367663505,564.211456403183,3.1536675684975557,1,7,0,0
32.583333333333336,954.9262450172337,565.570311991565,3.17255403462823,1,7,0,0
32.59166666666667,954.8621908377485,564.9033278992664,3.2347055852956337,1,7,0,0
32.6,956.0664522677215,565.7517299964096,3.167087345547941,1,7,0,0
32.608333333333334,955.913223950717,566.0552934536178,3.1670397105535257,1,7,0,0
32.61666666666667,955.43031829625,566.4051976481354,3.210928220254961,1,7,0,0
32.625,956.330192838732,566.501167415241,3.193448298566979,1,7,0,0
32.63333333333333,956.4911729368989,565.94474853408,3.1799974182285395,1,7,0,0
32.641666666666666,956.3278325750979,565.1399392514783,3.208789065554376,1,7,0,0
32.65,956.7736145353148,564.9390167585842,3.226783854007306,1,7,0,0
32.65833333333333,957.0423709907006,565.0288643594114,3.1923131349222507,1,7,0,0
32.666666666666664,957.2433282226503,565.6496527642263,3.193154474542751,1,7,0,0
32.675,958.722635010355,566.0259101448556,3.2031659113569817,1,7,0,0
32.68333333333333,958.6832147997196,566.0585812350662,3.164950507979382,1,7,0,0
32.69166666666667,957.7886445228097,565.9204219708882,3.1915557768827383,1,7,0,0
32.7,957.6172388884443,566.2551447207778,3.172376269397273,1,7,0,0
32.708333333333336,957.1842783315424,566.3238943525404,3.1688856344744503,1,7,0,0
32.71666666666667,957.7766826706631,565.8147294482505,3.1762675422283304,1,7,0,0
32.725,958.2946428144836,565.5162744363166,3.20441568144027,1,7,0,0
32.733333333333334,958.2464957851433,564.5423201122084,3.1633955392439113,1,7,0,0
32.74166666666667,957.8289555816353,563.9928023867915,3.148191715618039,1,7,0,0
32.75,958.3853178009028,563.8834549564249,3.1538987443119137,1,7,0,0
32.75833333333333,957.591387255502,563.7252235086798,3.208600502871022,1,7,0,0
32.766666666666666,957.2602189523269,564.0009233964835,3.1659790295289825,1,7,0,0
32.775,957.0906368803948,563.5611887428038,3.1625128207388973,1,7,0,0
32.78333333333333,957.5669841747338,564.0896308990082,3.1616740557617105,1,7,0,0
32.791666666666664,957.9983375723249,563.4784473616456,3.1908467847944153,1,7,0,0
32.8,957.9588192398583,562.9368142708977,3.1416868135172664,1,7,0,0
32.80833333333333,957.8018152022978,562.4442052973104,3.168078437596519,1,7,0,0
32.81666666666667,958.2196512636054,562.0153615191088,3.187019213174311,1,7,0,0
32.825,958.0568802380906,562.2947195166884,3.1624764021298506,1,7,0,0
32.833333333333336,958.8908966372967,562.9135227203082,3.161569537978693,1,7,0,0
32.84166666666667,958.6166977004974,563.5821774526651,3.1402084283690717,1,7,0,0
32.85,959.0600139437681,564.4816824959246,3.181439895934027,1,7,0,0
32.858333333333334,959.1534466304862,563.0836981837169,3.1555321147195783,1,7,0,0
32.86666666666667,959.738081507006,562.6476754135302,3.1343637148504655,1,7,0,0
32.875,959.8656310391409,563.0947941085781,3.1553706529475614,1,7,0,0
32.88333333333333,959.8688558738542,562.7539509396238,3.1305648215706094,1,7,0,0
32.891666666666666,961.0879372819937,562.8306218373807,3.137090878666885,1,7,0,0
32.9,961.3595914927367,562.2204154162429,3.1252145552972426,1,7,0,0
32.90833333333333,960.6930787666023,561.8341349787304,3.1553964146282065,1,7,0,0
32.916666666666664,960.9219666400028,562.4225801041863,3.1489756784567624,1,7,0,0
32.925,960.8484453360735,561.9483832637627,3.1360120513536858,1,7,0,0
32.93333333333333,960.2245923375727,562.1931952840629,3.1622202404909396,1,7,0,0
32.94166666666667,960.1877794688604,561.9286500642579,3.145244197522171,1,7,0,0
32.95,959.8164901220694,561.7893949611298,3.1635572083659973,1,7,0,0
32.958333333333336,960.0505105977056,562.2379566194272,3.1369755728987827,1,7,0,0
32.96666666666667,959.0274148733953,561.1206583675577,3.1593914122208644,1,7,0,0
32.975,958.6007629753442,561.3802022048452,3.144928407565669,1,7,0,0
32.983333333333334,958.9752582754332,561.9557245427949,3.1299980186663228,1,7,0,0
32.99166666666667,958.8243653668156,561.7631474736819,3.143761097829707,1,7,0,0
33.0,958.0996789767718,561.4854915499772,3.1406427829764123,1,7,0,0
33.00833333333333,958.2113375856777,562.1722128209269,3.1094850444486637,1,7,0,0
33.016666666666666,958.6678964449453,561.6199787742717,3.1434529241757008,1,7,0,0
33.025,958.7199059462688,561.742539000495,3.118719615266486,1,7,0,0
33.03333333333333,958.7088020507691,562.2624431572456,3.1454750837594343,1,7,0,0
33.041666666666664,958.4345358797525,562.1652335083875,3.1426684906505358,1,7,0,0
33.05,958.9163592792797,561.7793170735149,3.1801733170995767,1,7,0,0
33.05833333333333,958.9657024737023,561.352202745747,3.1250625881563705,1,7,0,0
33.06666666666667,871.727739005624,529.7786941479415,3.1574910196596364,1,7,0,0
33.075,871.9756575442904,529.0634524035295,3.103418159671321,1,7,0,0
33.083333333333336,957.8520230265586,561.9955542422049,3.1275927006784214,1,7,0,0
33.09166666666667,957.8936616230802,562.0068050267806,3.136085845004634,1,7,0,0
33.1,957.138561987395,562.8730340011876,3.147522892005858,1,7,0,0
33.108333333333334,956.6566336266993,562.9522519972827,3.1193687443878026,1,7,0,0
33.11666666666667,956.660100985819,563.1919171660219,3.1468655051426655,1,7,0,0
33.125,957.2540429851672,563.1578192725381,3.1249192699768202,1,7,0,0
33.13333333333333,957.2819904946653,564.2107798493463,3.1222424243935607,1,7,0,0
33.141666666666666,956.8417593490524,563.1408114627947,3.1252920276238285,1,7,0,0
33.15,956.3088018270375,563.0742197861978,3.1017961291832226,1,7,0,0
33.15833333333333,955.4834138305147,563.414251482268,3.1618711091413707,1,7,0,0
33.166666666666664,955.5350651637493,563.7444588336398,3.131215698466504,1,7,0,0
33.175,956.3877819378811,563.5320123191858,3.1157729368652527,1,7,0,0
33.18333333333333,955.7866078685362,563.2208361733043,3.100035462536168,1,7,0,0
33.19166666666667,955.9811646172576,563.1887172569026,3.115198878079081,1,7,0,0
33.2,955.8103195456348,563.3379996900559,3.105318304931686,1,7,0,0
33.208333333333336,955.7931241528767,563.1871175011516,3.1049756674878255,1,7,0,0
33.21666666666667,956.3164233440465,562.674051925356,3.1187579242702372,1,7,0,0
33.225,955.9784664386873,562.4545776997707,3.1378020520359313,1,7,0,0
33.233333333333334,956.0544438612328,562.1139378601107,3.1207623803858713,1,7,0,0
33.24166666666667,955.6505458397371,562.3877280440013,3.1458311966350117,1,7,0,0
33.25,955.163978723988,563.0264141360252,3.1124382171971052,1,7,0,0
33.25833333333333,954.6973472769382,562.870066957988,3.1318418875827656,1,7,0,0
33.266666666666666,954.7561838388236,563.3513565275022,3.12442244732847,1,7,0,0
33.275,954.339426347026,563.5190517646114,3.1409204262798105,1,7,0,0
33.28333333333333,954.1215260002479,564.053181507347,3.1356608481443344,1,7,0,0
33.291666666666664,954.6484475981687,563.7520075731968,3.119562222134502,1,7,0,0
33.3,954.0690632560187,563.0950407532922,3.1058013767735266,1,7,0,0
33.30833333333333,954.0444346417357,562.7142148355207,3.092296730861957,1,7,0,0
33.31666666666667,954.4488224395359,562.8206083399907,3.1241144665403846,1,7,0,0
33.325,954.5770438890362,562.5262176274507,3.074938142309732,1,7,0,0
33.333333333333336,953.764291575278,562.6873335680716,3.1399999896114204,1,7,0,0
33.34166666666667,952.5991457025542,563.4951946042423,3.1380310159846374,1,7,0,0
33.35,952.5537316650579,562.7290928687266,3.098521585264712,1,7,0,0
33.358333333333334,952.4261438068195,563.0567955703705,3.1154619829591734,1,7,0,0
33.36666666666667,953.3899531858896,562.2626559929989,3.142256983973775,1,7,0,0
33.375,953.3388888969316,562.7054907358948,3.091955596134436,1,7,0,0
33.38333333333333,953.390838960626,562.3462485538159,3.1071562787235534,1,7,0,0
33.391666666666666,952.7534529545242,562.2493099085556,3.087551597756928,1,7,0,0
33.4,952.3957528760697,562.3785953277436,3.1335044070703044,1,7,0,0
33.40833333333333,952.3440735989881,563.3494610391299,3.097946459814347,1,7,0,0
33.416666666666664,952.4052041238895,563.6802448924176,3.09972995639363,1,7,0,0
33.425,953.016297030057,563.4371395965309,3.0841153616339403,1,7,0,0
33.43333333333333,952.622770122392,563.2599539843897,3.118432882275693,1,7,0,0
33.44166666666667,952.8286754466648,562.8350704068063,3.0960180713371397,1,7,0,0
33.45,953.7897899331268,562.4540989873792,3.093692175610188,1,7,0,0
33.458333333333336,954.2594170439561,562.924030482776,3.085821794502568,1,7,0,0
33.46666666666667,954.6010111558094,562.3713697817155,3.109851113981405,1,7,0,0
33.475,954.5055136884283,562.4133352022343,3.114026588664947,1,7,0,0
33.483333333333334,955.4653282818513,562.0764865481138,3.090963044700115,1,7,0,0
33.49166666666667,955.4788576414229,562.1362104940107,3.120572211237274,1,7,0,0
33.5,955.5526738076235,561.2674394071222,3.1155997802307507,1,7,0,0
33.50833333333333,955.8425623276439,561.5059992425271,3.0991046826724724,1,7,0,0
33.516666666666666,956.2760781068157,561.2883739417352,3.117335879285748,1,7,0,0
33.525,956.7798300477166,561.3869549005459,3.135984120306753,1,7,0,0
33.53333333333333,957.2211264009562,561.4571922141448,3.1358938138086376,1,7,0,0
33.541666666666664,957.003641994347,561.7773982165171,3.0756390776308504,1,7,0,0
33.55,956.8067934914078,563.0995727656586,3.08187575813088,1,7,0,0
33.55833333333333,957.2216495954923,562.4547333077376,3.089527772811982,1,7,0,0
33.56666666666667,600.7495228671925,624.3191441504292,3.0681147836596185,1,7,0,0
33.575,600.7549547824559,624.7105325026495,3.113791339418961,1,7,0,0
33.583333333333336,957.3316830419406,562.80255065187,3.0956181786411077,1,7,0,0
33.59166666666667,957.0373752888399,563.3901507321398,3.120141697324858,1,7,0,0
33.6,956.7985180958839,562.5009817990513,3.1154860649028775,1,7,0,0
33.608333333333334,957.6021114924976,563.3310644713862,3.0993236900438266,1,7,0,0
33.61666666666667,957.7271455276557,563.6650460311994,3.123670184147658,1,7,0,0
33.625,958.0496922405308,563.8125150157213,3.0935613884045634,1,7,0,0
33.63333333333333,958.2054114050295,564.0441332044019,3.087479590416415,1,7,0,0
33.641666666666666,957.9446335440057,564.1860235867964,3.135510747640199,1,7,0,0
33.65,958.597621870628,563.8439079898501,3.104035628801256,1,7,0,0
33.65833333333333,958.4546626852208,564.1361005647186,3.0983210972144395,1,7,0,0
33.666666666666664,956.9899284394504,563.7973279064483,3.079204957894865,1,7,0,0
33.675,956.8973070702297,563.6388916320948,3.0981904245038683,1,7,0,0
33.68333333333333,957.2740997984406,563.6720499776258,3.089140971675908,1,7,0,0
33.69166666666667,956.6460328680023,563.4648913741963,3.095038279147419,1,7,0,0
33.7,956.1135441176742,563.7868194522023,3.1236194341707355,1,7,0,0
33.708333333333336,956.3285116872149,563.6597759938384,3.110598720872082,1,7,0,0
33.71666666666667,956.6227412030119,564.0207216549129,3.06607301230419,1,7,0,0
33.725,957.0494228315397,564.9197414102081,3.102176164237394,1,7,0,0
33.733333333333334,956.8654400060581,564.5372054793015,3.0895962332471085,1,7,0,0
33.74166666666667,957.1961971586578,564.2456586540858,3.072833866918747,1,7,0,0
33.75,956.6682870931114,563.8302435622146,3.0983781009678655,1,7,0,0
33.75833333333333,956.432385937774,564.1830444508217,3.0981066510045343,1,7,0,0
33.766666666666666,957.2506173396298,564.9703668946985,3.1127826746767537,1,7,0,0
33.775,955.909260678159,565.3193154072567,3.070947376238426,1,7,0,0
33.78333333333333,956.8206171971201,565.4556510904704,3.110400574805932,1,7,0,0
33.791666666666664,957.1848736757765,565.5942281612494,3.082103243121965,1,7,0,0
33.8,957.1060552725867,566.3313743884253,3.134889851318241,1,7,0,0
33.80833333333333,957.7788886807259,566.2944356012827,3.093553666244247,1,7,0,0
33.81666666666667,957.7187628092482,566.1138679551688,3.0937447106036884,1,7,0,0
33.825,957.8212431323299,565.7346735584209,3.1056949404014937,1,7,0,0
33.833333333333336,957.2938263151939,566.4460552607347,3.0844661929238515,1,7,0,0
33.84166666666667,957.3681300053439,566.9162519167694,3.1244808138880287,1,7,0,0
33.85,957.0102891919732,566.5340560630708,3.0872055111982064,1,7,0,0
33.858333333333334,956.8383725133474,567.124002200571,3.1243913901747487,1,7,0,0
33.86666666666667,956.5562755115513,567.8025157756811,3.106911152359827,1,7,0,0
33.875,955.8421097144717,568.1884314609629,3.093472368273023,1,7,0,0
33.88333333333333,956.2667088795898,567.4632146842232,3.1069144768004913,1,7,0,0
33.891666666666666,955.9112948663195,567.3763937932404,3.1111574522631606,1,7,0,0
33.9,956.1106241172167,567.3251965132363,3.1048753280332564,1,7,0,0
33.90833333333333,955.9701716993209,567.4363303429038,3.1053657250924274,1,7,0,0
33.916666666666664,956.0640538571861,567.4671975834978,3.0980455652414562,1,7,0,0
33.925,956.1070151009262,567.4452382189614,3.1142905534011858,1,7,0,0
33.93333333333333,955.733332809119,566.3127491741025,3.06973533932343,1,7,0,0
33.94166666666667,956.143413376629,565.8203287203041,3.0978283692651485,1,7,0,0
33.95,955.6493423803307,565.6897049879319,3.099751718778338,1,7,0,0
33.958333333333336,955.9840669815536,565.5052317101189,3.0889479715690125,1,7,0,0
33.96666666666667,956.2640135672787,565.4317695681586,3.095327550241466,1,7,0,0
33.975,956.6713720653464,565.2690779816022,3.0770075153081935,1,7,0,0
33.983333333333334,957.1968462349283,564.7282626903435,3.117575154500477,1,7,0,0
33.99166666666667,956.8878784132629,564.3580432488783,3.1118117402316687,1,7,0,0
34.0,956.7041387453199,564.4163376494205,3.1200461546575213,1,7,0,0
34.00833333333333,956.511926834623,563.647603046165,3.122789488835947,1,7,0,0
34.016666666666666,955.8141136075861,564.3524708618445,3.144994658441709,1,7,0,0
34.025,955.8527999469909,563.900369110073,3.1130800943028563,1,7,0,0
34.03333333333333,955.3337394939332,564.6050849583237,3.106999694342485,1,7,0,0
34.041666666666664,955.1791873808158,564.282098792677,3.0856937016982,1,7,0,0
34.05,955.0556109079516,564.4045971310285,3.128617281908538,1,7,0,0
34.05833333333333,955.9010278108414,565.0176728879582,3.131343349966575,1,7,0,0
34.06666666666667,955.8272713371811,564.7311024712867,3.1215385876373203,1,7,0,0
34.075,956.6750046833209,564.1916893763363,3.137856808823431,1,7,0,0
34.083333333333336,956.0845358867529,564.9077356625372,3.1182417838962686,1,7,0,0
34.09166666666667,955.6495858720974,565.2889682770489,3.0574218741352377,1,7,0,0
34.1,956.6202858102648,565.4826229374519,3.118513312757942,1,7,0,0
34.108333333333334,956.8223120293144,564.9792615626573,3.097090597138206,1,7,0,0
34.11666666666667,956.2573631451503,565.5579441781766,3.1085294506452197,1,7,0,0
34.125,957.191266519551,565.2476203553184,3.080912424279244,1,7,0,0
34.13333333333333,957.7476127184028,564.5803315304337,3.1239739949005156,1,7,0,0
34.141666666666666,959.1076990324509,564.3007198038241,3.1049553978660036,1,7,0,0
34.15,958.980148787263,564.239921413296,3.118533540548797,1,7,0,0
34.15833333333333,958.5217837267683,564.3556419600441,3.0959468232535188,1,7,0,0
34.166666666666664,958.7009210207344,564.1249486458149,3.118547385529857,1,7,0,0
34.175,957.9383472989501,563.6245944142411,3.102127558597812,1,7,0,0
34.18333333333333,957.7371435604271,564.126942116311,3.1115181904584253,1,7,0,0
34.19166666666667,958.0822440946368,564.2056089768517,3.132674306287316,1,7,0,0
34.2,957.1236208544641,564.0330366256494,3.097151960793496,1,7,0,0
34.208333333333336,957.4305055357,563.4563466566724,3.1195114167577045,1,7,0,0
34.21666666666667,957.1056249051928,563.7803841440535,3.1130305004682723,1,7,0,0
34.225,957.7805734108539,563.557958743829,3.136688534095797,1,7,0,0
34.233333333333334,958.0778131053299,563.4664490607967,3.122267188588084,1,7,0,0
34.24166666666667,957.8901885583643,562.8433207514539,3.0936197223244037,1,7,0,0
34.25,958.1376773471281,562.0774692651368,3.101974002333475,1,7,0,0
34.25833333333333,958.1008837609725,562.6593053601666,3.1343197904994,1,7,0,0
34.266666666666666,957.9253719002157,561.8984095002364,3.1243396136871935,1,7,0,0
34.275,957.1494151057996,560.8414739287732,3.092177424529153,1,7,0,0
34.28333333333333,957.9174155513053,561.7790479387282,3.1321596366202535,1,7,0,0
34.291666666666664,957.6991566656149,561.8266167364197,3.1010684368663064,1,7,0,0
34.3,958.0826999068862,562.1080690145026,3.1081105952623185,1,7,0,0
34.30833333333333,957.5205657227579,562.1066312123271,3.0890019643106115,1,7,0,0
34.31666666666667,957.6109937771822,561.5968001123205,3.141098820343901,1,7,0,0
34.325,958.3478506895979,561.7755132194864,3.1080549969767004,1,7,0,0
34.333333333333336,958.0203810682563,561.9175711746826,3.125979385774304,1,7,0,0
34.34166666666667,957.0321702126748,562.6973455303964,3.144821681459801,1,7,0,0
34.35,956.7904473260018,562.3229117580587,3.1128437996426648,1,7,0,0
34.358333333333334,956.8710221128763,562.3611185834641,3.1437151180234872,1,7,0,0
34.36666666666667,956.0813251065885,562.5990543749784,3.101441827703653,1,7,0,0
34.375,956.4636465561262,562.0734660796642,3.1248040482465176,1,7,0,0
34.38333333333333,956.0708146836105,561.9980981189364,3.1253533778027407,1,7,0,0
34.391666666666666,956.5554608390829,561.8563006865069,3.163871143604426,1,7,0,0
34.4,956.6289344576578,561.5289356053491,3.1616223450533028,1,7,0,0
34.40833333333333,957.2132882597732,561.165199709788,3.0959714464751955,1,7,0,0
34.416666666666664,956.2379368713132,560.120413020245,3.1498646128753993,1,7,0,0
34.425,956.3728895164144,559.5338455474031,3.16981795538921,1,7,0,0
34.43333333333333,956.4236791973624,560.1738629271614,3.1034985439290885,1,7,0,0
34.44166666666667,956.7541624508,559.8978402888209,3.142009840932995,1,7,0,0
34.45,957.0132977145519,560.4854587117219,3.1172791717912416,1,7,0,0
34.458333333333336,957.1131094913867,560.248099142845,3.1299976849087643,1,7,0,0
34.46666666666667,956.8594762543263,560.0315595837585,3.1048120492438085,1,7,0,0
34.475,956.9329414675478,560.0038335663988,3.1364406311879267,1,7,0,0
34.483333333333334,957.5729452711595,560.94662749774,3.1296349176141014,1,7,0,0
34.49166666666667,956.6040006690911,560.8856232816744,3.1403733657192183,1,7,0,0
34.5,956.6186213907868,561.1734511273801,3.108831246825618,1,7,0,0
34.50833333333333,956.5183264991929,560.440427096653,3.1478021237174056,1,7,0,0
34.516666666666666,956.7385130407404,560.2261189688619,3.151439757108445,1,7,0,0
34.525,956.8735522648748,559.709236307872,3.138584422863351,1,7,0,0
34.53333333333333,957.2319182321733,559.4410251932992,3.1446506308777966,1,7,0,0
34.541666666666664,956.4222888380876,560.0004643645818,3.138256969102972,1,7,0,0
34.55,957.3173320732449,560.6160676945756,3.1563569963374123,1,7,0,0
34.55833333333333,957.682524925,560.5903941365299,3.138937042958027,1,7,0,0
34.56666666666667,957.2851123406424,560.866573895503,3.086341344567805,1,7,0,0
34.575,956.9041040647803,560.0620209736194,3.1300312191390347,1,7,0,0
34.583333333333336,956.3027671072758,560.419424973912,3.131564709713027,1,7,0,0
34.59166666666667,956.969332864865,561.4694002281279,3.1825312645039836,1,7,0,0
34.6,956.9421170708213,561.1865252224694,3.154850141914014,1,7,0,0
34.608333333333334,957.819951339581,561.0407838820893,3.1762067657413304,1,7,0,0
34.61666666666667,957.4741554907639,560.011809869807,3.1606645267041222,1,7,0,0
34.625,957.4047144380166,559.1630308252982,3.151297679475488,1,7,0,0
34.63333333333333,957.1691178198291,559.7937591102972,3.1678382190182903,1,7,0,0
34.641666666666666,956.8655150764733,560.2945073045081,3.177248596484971,1,7,0,0
34.65,955.9699004045968,560.5271007757381,3.204632210407268,1,7,0,0
34.65833333333333,955.7102377361538,559.7378777449318,3.150884217345241,1,7,0,0
34.666666666666664,956.1534273467042,560.6398135176757,3.202554915355731,1,7,0,0
34.675,956.2439921493553,560.3426055205969,3.1426911001495226,1,7,0,0
34.68333333333333,955.2590804890166,559.9997678171846,3.1762330621244756,1,7,0,0
34.69166666666667,955.2078619612664,560.1244116577674,3.1714252066238435,1,7,0,0
34.7,955.0841797853511,560.4730872128584,3.1533045804001776,1,7,0,0
34.708333333333336,954.8001652773065,561.0712702424377,3.170915563622172,1,7,0,0
34.71666666666667,954.5027030303697,561.8246072883728,3.1680137869569767,1,7,0,0
34.725,954.6620743638583,562.129921672021,3.157828016936207,1,7,0,0
34.733333333333334,954.8074578153293,561.905292088092,3.123017502824537,1,7,0,0
34.74166666666667,954.9817583487333,562.8360011827795,3.1891626216943747,1,7,0,0
34.75,955.2578625249561,564.0918379196529,3.184471119875195,1,7,0,0
34.75833333333333,954.9079032616072,564.7451826886416,3.1489948726611905,1,7,0,0
34.766666666666666,956.0623663668953,565.8792348138145,3.136166060021132,1,7,0,0
34.775,956.3107729529205,566.1933783023154,3.1762860372504282,1,7,0,0
34.78333333333333,956.1517892520482,565.8066681390189,3.1733677045604685,1,7,0,0
34.791666666666664,956.1022946229403,565.9667025198374,3.174367683403949,1,7,0,0
34.8,957.0040221825154,566.0182627827053,3.2026292679817963,1,7,0,0
34.80833333333333,956.4325803355391,566.1071776258527,3.1594943205002046,1,7,0,0
34.81666666666667,956.4907891251524,566.7574845447377,3.1844518070673336,1,7,0,0
34.825,956.2240052192747,566.9928629921117,3.199296152014368,1,7,0,0
34.833333333333336,955.8417460295578,566.7151912216817,3.2188110376115087,1,7,0,0
34.84166666666667,956.0623936706606,566.9905229416753,3.1748849843395757,1,7,0,0
34.85,955.274158865903,567.7894351008458,3.1839303985394682,1,7,0,0
34.858333333333334,955.4139142224084,567.9606540314229,3.1653286691252887,1,7,0,0
34.86666666666667,955.5666554948194,568.8396990381049,3.185809417685316,1,7,0,0
34.875,955.6607341029832,569.6213132435827,3.2014161898895446,1,7,0,0
34.88333333333333,955.6954363563283,569.3898943597458,3.1818972268336103,1,7,0,0
34.891666666666666,956.2136022488301,569.3443304958889,3.189155021508611,1,7,0,0
34.9,956.953498284007,568.868634896458,3.195050787903529,1,7,0,0
34.90833333333333,956.713940826732,568.8585135202691,3.1605449915040014,1,7,0,0
34.916666666666664,958.0422864463644,568.9274306997362,3.188703736590884,1,7,0,0
34.925,958.250113605989,568.8529690358977,3.1580259148324954,1,7,0,0
34.93333333333333,958.2800794286112,569.4062943395318,3.2030742702187407,1,7,0,0
34.94166666666667,958.4655546179231,569.3989990416334,3.1628383574323973,1,7,0,0
34.95,958.2132987865327,570.8609647490059,3.209835214925534,1,7,0,0
34.958333333333336,958.5814791121509,571.236493274217,3.1885498692730008,1,7,0,0
34.96666666666667,958.6662344566262,571.9630744021129,3.224525223439737,1,7,0,0
34.975,959.0336156444944,571.3839391052356,3.141400580623969,1,7,0,0
34.983333333333334,959.4780746105616,571.9481858333472,3.1814250969377382,1,7,0,0
34.99166666666667,959.3744394661854,571.6679189678858,3.2011160463816366,1,7,0,0
35.0,959.794678551793,571.1324335361751,3.199259991993761,1,7,0,0
35.00833333333333,959.0282685800934,571.3807964050251,3.202872813340552,1,7,0,0
35.016666666666666,959.0737709156439,572.2107260886663,3.1843460201135816,1,7,0,0
35.025,959.3373862591894,572.1236344746128,3.2083378673742624,1,7,0,0
35.03333333333333,958.4367836410007,571.6808065990402,3.1807033572408363,1,7,0,0
35.041666666666664,957.7448189363913,571.3446668950854,3.2305143751296956,1,7,0,0
35.05,957.9875065727341,571.2653314940491,3.1700887062242518,1,7,0,0
35.05833333333333,957.7873673756126,571.6797321612064,3.1979008687828445,1,7,0,0
35.06666666666667,957.7807021765334,570.5343422462417,3.193786153964445,1,7,0,0
35.075,957.7994493571123,569.7314194089415,3.201257105747094,1,7,0,0
35.083333333333336,959.0481478030265,570.1250222071119,3.2035680573250347,1,7,0,0
35.09166666666667,958.4362868353178,570.0983392811845,3.186591138048997,1,7,0,0
35.1,957.6215409465221,570.3987024816126,3.190289638605289,1,7,0,0
35.108333333333334,957.5510059768908,570.1317635075364,3.180558670668969,1,7,0,0
35.11666666666667,957.8450167441677,570.3729908330586,3.2146948154184267,1,7,0,0
35.125,958.1741230689979,569.9354592790157,3.1857921784004986,1,7,0,0
35.13333333333333,957.6479951165692,569.3719309793562,3.19933181165953,1,7,0,0
35.141666666666666,958.4131688066167,569.2867205127081,3.2205855474506166,1,7,0,0
35.15,957.9187343575516,569.3006719136815,3.223601825750247,1,7,0,0
35.15833333333333,957.842310373891,569.0943211818792,3.2159322104992487,1,7,0,0
35.166666666666664,957.9322494081543,569.3678449838217,3.26334686327328,1,7,0,0
35.175,957.8557128946173,568.986932181503,3.2087758160320385,1,7,0,0
35.18333333333333,957.6327492085359,569.0167158028573,3.2395185893039105,1,7,0,0
35.19166666666667,957.734204044318,568.3083016249136,3.2333965565610696,1,7,0,0
35.2,957.2192096378428,568.1090319214948,3.2261492431341967,1,7,0,0
35.208333333333336,957.5052683741861,568.2858846482048,3.2433648078455737,1,7,0,0
35.21666666666667,957.9931745806496,568.8137019788542,3.206781056800267,1,7,0,0
35.225,,,,0,7,0,0
35.233333333333334,,,,0,7,0,0
35.24166666666667,,,,0,7,0,0
35.25,,,,0,7,0,0
35.25833333333333,,,,0,7,0,0
35.266666666666666,,,,0,7,0,0
35.275,,,,0,7,0,0
35.28333333333333,,,,0,7,0,0
35.291666666666664,,,,0,7,0,0
35.3,,,,0,7,0,0
35.30833333333333,,,,0,7,0,0
35.31666666666667,,,,0,7,0,0
35.325,953.7850532272233,571.7482050036383,3.2475471406666694,1,7,0,0
35.333333333333336,954.7333009496452,571.8493091702096,3.269136138477899,1,7,0,0
35.34166666666667,954.4138040977231,571.3037064603517,3.259690661804484,1,7,0,0
35.35,954.7879059060675,571.2397619793065,3.2628630009436432,1,7,0,0
35.358333333333334,954.8015458084326,571.5386573324492,3.253826522238403,1,7,0,0
35.36666666666667,954.785213198289,573.1482982577295,3.256810861732855,1,7,0,0
35.375,954.2295374316088,573.2082265575503,3.239689241497685,1,7,0,0
35.38333333333333,954.1963744230712,573.341021699139,3.2612082942564875,1,7,0,0
35.391666666666666,954.8087348618686,572.3676416208519,3.2401619374433244,1,7,0,0
35.4,954.5069283698142,571.8779859249252,3.2666590662809374,1,7,0,0
35.40833333333333,953.9086824240192,570.9303364415681,3.2798672571606304,1,7,0,0
35.416666666666664,953.8683383452887,570.9514622424458,3.2524013233745586,1,7,0,0
35.425,954.1830627843116,570.9281752419469,3.2420600586126325,1,7,0,0
35.43333333333333,954.1418307311227,570.6399057991753,3.2126729371953777,1,7,0,0
35.44166666666667,953.6797370216324,571.8012451716777,3.2435754374419448,1,7,0,0
35.45,952.8031640004209,571.3007706385816,3.242452403746995,1,7,0,0
35.458333333333336,953.0341638043542,571.0002489100658,3.258714463706497,1,7,0,0
35.46666666666667,953.6702963494678,570.9602972142058,3.2718562332837893,1,7,0,0
35.475,952.8811827503914,571.0927380194682,3.2224122458645343,1,7,0,0
35.483333333333334,952.2150211853354,571.4286844718924,3.287852050226401,1,7,0,0
35.49166666666667,951.7324038338263,569.7831235814049,3.2787381631523966,1,7,0,0
35.5,951.5730531065713,570.1285788532335,3.2797555702689745,1,7,0,0
35.50833333333333,1161.5809018768714,595.7053145292834,3.2271338649053334,1,7,0,0
35.516666666666666,1160.6514455562735,595.8572924480894,3.2756966457876797,1,7,0,0
35.525,950.5653198230852,571.0039052106565,3.257117467322478,1,7,0,0
35.53333333333333,950.3253034818742,570.7346180925842,3.2435997249909763,1,7,0,0
35.541666666666664,950.8163533036112,569.8797192239122,3.2594017414295133,1,7,0,0
35.55,950.7370088104855,570.324170590866,3.2918585777552307,1,7,0,0
35.55833333333333,950.6888425397783,570.0742227640769,3.2765538348046985,1,7,0,0
35.56666666666667,951.0051719783431,569.5577710463815,3.2946108792038897,1,7,0,0
35.575,950.4393307500544,569.9527538829315,3.270172436292192,1,7,0,0
35.583333333333336,949.6241257210485,570.7848866122703,3.2767604771346406,1,7,0,0
35.59166666666667,949.2313342036078,569.8608377550211,3.2846950243153463,1,7,0,0
35.6,949.3543922265976,570.1817686729471,3.293497646469246,1,7,0,0
35.608333333333334,949.4030751029079,569.9974828175262,3.2502623219786275,1,7,0,0
35.61666666666667,950.1562795759403,570.0509112476475,3.2843627282407493,1,7,0,0
35.625,950.269765161647,569.9070986967979,3.266080105785563,1,7,0,0
35.63333333333333,950.0152020306654,570.5390692393681,3.280082302774881,1,7,0,0
35.641666666666666,950.4006535203113,571.0447540931978,3.276352194999743,1,7,0,0
35.65,950.3948184617523,570.7209509298284,3.2826414507685695,1,7,0,0
35.65833333333333,950.5092526030799,571.4284574975187,3.253047422542402,1,7,0,0
35.666666666666664,950.1077599916696,570.7528642212958,3.2723577639754144,1,7,0,0
35.675,949.5681944536283,570.6822627241366,3.287243398624287,1,7,0,0
35.68333333333333,949.9501165767648,571.7550594943622,3.279088392514422,1,7,0,0
35.69166666666667,949.837364037212,571.6714866399459,3.27073099015612,1,7,0,0
35.7,949.1239900845251,571.9622887236242,3.274331114554887,1,7,0,0
35.708333333333336,949.1146661679642,572.1932797113504,3.288095392613048,1,7,0,0
35.71666666666667,949.5021549071363,572.5266808043748,3.275589002467199,1,7,0,0
35.725,950.5360866906938,571.9477241253031,3.2667042524266208,1,7,0,0
35.733333333333334,950.5276729746695,572.4664954794478,3.251398177772358,1,7,0,0
35.74166666666667,950.8663056890119,572.5467317306025,3.2729685199666276,1,7,0,0
35.75,951.288059723604,572.5355635096935,3.2972535748787686,1,7,0,0
35.75833333333333,951.8634723746969,572.6530725108896,3.273094508886235,1,7,0,0
35.766666666666666,952.091177739353,572.9252334906421,3.2805764691731167,1,7,0,0
35.775,952.7895456846946,573.4789449637548,3.2605717581482225,1,7,0,0
35.78333333333333,952.8124978409145,572.929310438588,3.2654684224739223,1,7,0,0
35.791666666666664,952.2246326575375,573.4269801177473,3.2902909760855628,1,7,0,0
35.8,951.8532000769007,573.06494245017,3.2705026959432915,1,7,0,0
35.80833333333333,952.1369911249527,572.9924598284006,3.29059088801376,1,7,0,0
35.81666666666667,951.657287540321,573.215079114112,3.316424981511459,1,7,0,0
35.825,951.6788239670991,572.7111824594347,3.314863676347896,1,7,0,0
35.833333333333336,952.4790738561833,572.4202761774733,3.265282364553469,1,7,0,0
35.84166666666667,952.3485293242387,572.7688094091312,3.2772149527080856,1,7,0,0
35.85,951.5296211118874,571.8634789467388,3.3013800821735417,1,7,0,0
35.858333333333334,951.2949326444489,572.3742489958552,3.3132125682880993,1,7,0,0
35.86666666666667,952.1193653251956,572.671167618353,3.2807124605944904,1,7,0,0
35.875,951.2874998354426,573.2518395895863,3.2705247201937824,1,7,0,0
35.88333333333333,950.7615620722949,573.6886865598584,3.27767470360673,1,7,0,0
35.891666666666666,950.7512989103922,573.4418811814559,3.2851465369874293,1,7,0,0
35.9,950.9986002266879,574.3434744151148,3.254146362998432,1,7,0,0
35.90833333333333,951.2398255851474,573.9593677011337,3.282525177933397,1,7,0,0
35.916666666666664,950.6247319081389,573.5873740128743,3.283675914730802,1,7,0,0
35.925,951.2500268720526,573.1792543976059,3.2728934785010413,1,7,0,0
35.93333333333333,950.9803463184443,572.8857562631335,3.2857197119190005,1,7,0,0
35.94166666666667,950.8579653857585,572.5148694643165,3.299180214960717,1,7,0,0
35.95,951.1345276850072,572.7620426340204,3.2843589664175785,1,7,0,0
35.958333333333336,950.9759578056529,572.2221144886182,3.2921552233401457,1,7,0,0
35.96666666666667,950.7447718992536,572.1938292374638,3.278383210294933,1,7,0,0
35.975,950.8894895562377,572.1316246565025,3.342100012475237,1,7,0,0
35.983333333333334,951.7935820193052,572.0374477915865,3.2970686573065526,1,7,0,0
35.99166666666667,952.2056666363128,571.3676229056739,3.2864833431975033,1,7,0,0
36.0,953.3165053111027,571.5294882087968,3.288534298164652,1,7,0,0
36.00833333333333,952.9076260844876,571.1522891158614,3.239838688487837,1,7,0,0
36.016666666666666,952.6145799960091,572.0683010169723,3.279933924470602,1,7,0,0
36.025,952.306060163931,572.6834536372235,3.2782403938331077,1,7,0,0
36.03333333333333,952.154878009115,572.2854202002562,3.269084490221981,1,7,0,0
36.041666666666664,952.6626776828851,572.0261358298291,3.3133457470963172,1,7,0,0
36.05,953.2970505152002,572.3802892823858,3.287570889941069,1,7,0,0
36.05833333333333,954.011650320926,573.0884695260355,3.305091716533645,1,7,0,0
36.06666666666667,953.3245231368358,572.6750448252828,3.264901439168568,1,7,0,0
36.075,954.4254712549592,573.3639325135337,3.3317645664631277,1,7,0,0
36.083333333333336,955.5756396242222,573.5448844904791,3.320672149561924,1,7,0,0
36.09166666666667,956.7828508134106,573.9721650328645,3.333207717802303,1,7,0,0
36.1,957.2637466675737,575.0427569408986,3.3258451068047408,1,7,0,0
36.108333333333334,957.7167053472108,574.2110913983479,3.2975316271745228,1,7,0,0
36.11666666666667,958.1961408053262,574.868527356951,3.3071260496471395,1,7,0,0
36.125,958.4649703885669,574.4446460962273,3.2702545561280485,1,7,0,0
36.13333333333333,958.6047363071331,574.041552425091,3.277457163167569,1,7,0,0
36.141666666666666,958.9303802502055,573.8525452286169,3.281928102439503,1,7,0,0
36.15,958.6329854503364,573.7236039952692,3.2821133501276787,1,7,0,0
36.15833333333333,958.2975505390244,573.0792013906146,3.2804160324439784,1,7,0,0
36.166666666666664,958.4845615911149,572.4543240164056,3.30021657615853,1,7,0,0
36.175,959.2446672919099,572.5003146145549,3.325533619722936,1,7,0,0
36.18333333333333,960.3328933280446,572.842415372673,3.2794501835307615,1,7,0,0
36.19166666666667,960.4123984416975,572.7716744073886,3.3174561878080975,1,7,0,0
36.2,960.2154415012609,573.6270581787016,3.298477581403261,1,7,0,0
36.208333333333336,960.9739070129609,573.6836417133569,3.311233993893415,1,7,0,0
36.21666666666667,960.9794539853146,573.3809182855837,3.2796096372091403,1,7,0,0
36.225,960.8657571853054,573.7941114201251,3.274089146883681,1,7,0,0
36.233333333333334,961.4075030513017,574.4862887915766,3.3176124855512676,1,7,0,0
36.24166666666667,960.7657600358694,574.7351775193189,3.3474804722821276,1,7,0,0
36.25,960.3688160889199,574.0211144749777,3.253544112680284,1,7,0,0
36.25833333333333,960.1237903846408,573.7662216077272,3.3188339750959366,1,7,0,0
36.266666666666666,960.0537819142971,574.1057888780234,3.3014267937714097,1,7,0,0
36.275,960.9220155506555,574.6679784444586,3.3083272487321573,1,7,0,0
36.28333333333333,961.2672600021402,574.5751437348038,3.308582664364786,1,7,0,0
36.291666666666664,960.9742710294264,573.8970054821433,3.317817329417299,1,7,0,0
36.3,961.8523284691981,573.5267899909303,3.2881881948872014,1,7,0,0
36.30833333333333,961.2572685720469,573.1697203363809,3.2992192256232435,1,7,0,0
36.31666666666667,961.2489489088211,573.451366183965,3.3030301644556337,1,7,0,0
36.325,962.220031206567,573.6704839667858,3.3055442473517,1,7,0,0
36.333333333333336,961.0245443912552,573.5286798376076,3.3017288115873678,1,7,0,0
36.34166666666667,962.2974406152945,573.0652668342269,3.317364208564035,1,7,0,0
36.35,962.5918116049664,573.000513641753,3.302786283959671,1,7,0,0
36.358333333333334,962.7286572222389,572.5380172021986,3.2863794810563864,1,7,0,0
36.36666666666667,962.7394871193497,572.9183297650741,3.260339658166906,1,7,0,0
36.375,963.1095885885418,573.2216778939123,3.3210243387486553,1,7,0,0
36.38333333333333,962.9798592084504,573.9519573008682,3.3196865266716564,1,7,0,0
36.391666666666666,962.5910752208819,574.5249908353225,3.3001178587109496,1,7,0,0
36.4,961.7380341381248,574.9675163727164,3.3302446420602507,1,7,0,0
36.40833333333333,961.4005710764911,574.8760239452407,3.2887420092140602,1,7,0,0
36.416666666666664,960.6021300019706,574.5658468259862,3.302545591868965,1,7,0,0
36.425,960.9988823257678,574.2271511317032,3.2973721164306,1,7,0,0
36.43333333333333,961.5238240919098,573.9108906041607,3.31056163867144,1,7,0,0
36.44166666666667,961.1997205831979,573.2152628051151,3.291668815192575,1,7,0,0
36.45,961.5724966197243,572.5775945399376,3.2860570159419957,1,7,0,0
36.458333333333336,961.6910473637835,572.8717203450169,3.267358030421648,1,7,0,0
36.46666666666667,961.433833148751,572.1306128896096,3.336291448613596,1,7,0,0
36.475,961.6661270793195,571.6125471596168,3.2720962056779324,1,7,0,0
36.483333333333334,961.4560338209591,571.622045274789,3.3043725330899227,1,7,0,0
36.49166666666667,961.85271561782,571.343778273423,3.264494624188007,1,7,0,0
36.5,961.7905530004083,572.3940727594644,3.3193813526714826,1,7,0,0
36.50833333333333,961.1917190375925,573.4241943206257,3.3096380929783407,1,7,0,0
36.516666666666666,960.590137836842,572.8944803400685,3.2840933975647797,1,7,0,0
36.525,960.0115611501668,572.0709136694509,3.2657751178546564,1,7,0,0
36.53333333333333,960.7635874313527,571.2077544853274,3.2660721461580295,1,7,0,0
36.541666666666664,960.6182806682357,571.7146431799083,3.2938076845625153,1,7,0,0
36.55,961.0882937353011,571.858147520093,3.252227040315364,1,7,0,0
36.55833333333333,961.413884538781,572.171274829063,3.3002672563351094,1,7,0,0
36.56666666666667,962.8256812168735,572.5316556269103,3.3099094269610516,1,7,0,0
36.575,962.8236185485594,572.4703312737886,3.274185442170009,1,7,0,0
36.583333333333336,962.9481272232347,572.3657510551623,3.271886599136625,1,7,0,0
36.59166666666667,962.5877007380338,573.2150103358149,3.2960424728624735,1,7,0,0
36.6,962.2552459835573,573.2203101915055,3.2949718814767364,1,7,0,0
36.608333333333334,961.365816635791,574.2749312950328,3.31654451131937,1,7,0,0
36.61666666666667,961.4274456160862,574.1763110689276,3.2938161752386175,1,7,0,0
36.625,961.3077073899407,573.8592710346735,3.268059765016691,1,7,0,0
36.63333333333333,961.4400967584338,574.1378016861136,3.2648758585502025,1,7,0,0
36.641666666666666,961.9536608887183,574.7115783505933,3.2873212661651134,1,7,0,0
36.65,962.9092695161391,575.2621918730797,3.31485015038812,1,7,0,0
36.65833333333333,963.4258046673481,574.3911675930381,3.294547380203498,1,7,0,0
36.666666666666664,963.7528608953263,573.5028444745315,3.3112108440283676,1,7,0,0
36.675,963.5911325696038,573.545658130534,3.2652054479280714,1,7,0,0
36.68333333333333,963.4569912908795,573.8359292587485,3.273008305435454,1,7,0,0
36.69166666666667,964.3980977386713,574.5488795544937,3.295249201956243,1,7,0,0
36.7,964.2693710131832,574.4167322404381,3.270310162702944,1,7,0,0
36.708333333333336,964.3112030550153,574.5634106767247,3.2858723365625884,1,7,0,0
36.71666666666667,963.7866058234891,574.5790938239137,3.2536108737891953,1,7,0,0
36.725,963.4418140264869,574.3402020560236,3.302318786713907,1,7,0,0
36.733333333333334,963.7094484324831,572.9012855352742,3.2677481102389443,1,7,0,0
36.74166666666667,964.2450147261508,572.4988599823238,3.279349945004472,1,7,0,0
36.75,963.9524464776922,572.7333507490094,3.3019189639667568,1,7,0,0
36.75833333333333,963.8523469325781,572.3886018699222,3.3038357213064002,1,7,0,0
36.766666666666666,963.8032009787307,571.9997776627284,3.2769344931644815,1,7,0,0
36.775,964.7187379652306,571.6348337151959,3.2831500138474774,1,7,0,0
36.78333333333333,964.5315072941663,571.2130163917933,3.306329512995492,1,7,0,0
36.791666666666664,964.8924045639881,571.9488376571403,3.274756023492913,1,7,0,0
36.8,964.8745372110592,571.3928999233349,3.260935308792279,1,7,0,0
36.80833333333333,964.4856726884314,570.9951670042572,3.227795701167392,1,7,0,0
36.81666666666667,963.694591774968,570.9790251124363,3.275072251068646,1,7,0,0
36.825,963.7687688986554,571.8349261398924,3.2796150462087903,1,7,0,0
36.833333333333336,963.2422675543041,571.451900667846,3.2657832080103737,1,7,0,0
36.84166666666667,962.7810264805839,572.0404586271701,3.270309268324825,1,7,0,0
36.85,962.9671284796583,571.2654853012544,3.2516374643706043,1,7,0,0
36.858333333333334,963.7654779941774,571.1602510755124,3.3023459504855044,1,7,0,0
36.86666666666667,963.0611545713848,570.4941658613056,3.2778210416477234,1,7,0,0
36.875,962.922969842025,571.13848119064,3.282676972528128,1,7,0,0
36.88333333333333,963.8900306856387,570.5723211850118,3.2893755457546177,1,7,0,0
36.891666666666666,963.6542049006855,570.3644859054378,3.284115234311164,1,7,0,0
36.9,963.3376336598363,570.4252880493424,3.3105429978225738,1,7,0,0
36.90833333333333,772.8552868521714,492.39464751568096,3.259035508331311,1,7,0,0
36.916666666666664,773.0900093811427,492.11717705188096,3.2663675810602038,1,7,0,0
36.925,962.628268086737,569.2015754388176,3.2294841472219042,1,7,0,0
36.93333333333333,963.0692527153932,569.5141375577213,3.2873255818553955,1,7,0,0
36.94166666666667,963.7592250866468,569.1112653281132,3.2730712604909975,1,7,0,0
36.95,963.757607750283,568.9755061600016,3.2450584072617557,1,7,0,0
36.958333333333336,963.4797721051332,569.0215494286174,3.2516243153286144,1,7,0,0
36.96666666666667,962.8183382937802,569.461573268498,3.2789089280661488,1,7,0,0
36.975,963.3370528217965,568.649403521903,3.2410541778330106,1,7,0,0
36.983333333333334,962.2648568716643,568.2526776581531,3.24385267089497,1,7,0,0
36.99166666666667,962.8484286452418,568.7357845858061,3.2674264974057783,1,7,0,0
37.0,962.5384977733986,568.7044070893267,3.2197484858400016,1,7,0,0
37.00833333333333,962.4436418054717,568.8076597895827,3.2676997972924946,1,7,0,0
37.016666666666666,963.247953698126,568.1892664978137,3.2876342080318244,1,7,0,0
37.025,963.7535886560471,567.9372001157467,3.253802768321837,1,7,0,0
37.03333333333333,962.8348528464597,567.4313181268778,3.2520579403481844,1,7,0,0
37.041666666666664,962.8133589512225,567.1635904635583,3.238420955517152,1,7,0,0
37.05,962.197389411944,567.7116704986503,3.2285836015728933,1,7,0,0
37.05833333333333,962.0486535760152,567.5393913559545,3.2208274604388096,1,7,0,0
37.06666666666667,962.365966563532,568.3271638810202,3.207705247465509,1,7,0,0
37.075,962.0839836950255,567.9328059635601,3.2631407082560293,1,7,0,0
37.083333333333336,962.9076800096904,568.8894159952459,3.2468322311438085,1,7,0,0
37.09166666666667,962.9892238779632,568.4099267049355,3.226846294623954,1,7,0,0
37.1,962.6177125050588,568.2358036636683,3.241969978708689,1,7,0,0
37.108333333333334,962.7973193006651,568.8991999911913,3.246674781986215,1,7,0,0
37.11666666666667,963.1858305665012,569.8461714683389,3.2388983188332046,1,7,0,0
37.125,963.1062952913783,569.3196305143827,3.272378212992671,1,7,0,0
37.13333333333333,963.2457006654986,569.4626195399035,3.242479079748017,1,7,0,0
37.141666666666666,962.983131930215,569.2755197967908,3.2572950387696866,1,7,0,0
37.15,962.7536123628848,570.234110125923,3.2182169409849135,1,7,0,0
37.15833333333333,963.2016247690187,570.3511221315869,3.2104135374614504,1,7,0,0
37.166666666666664,963.1198979918855,570.7052055397111,3.2793140926612594,1,7,0,0
37.175,963.4347211895445,570.224459135852,3.25287899670214,1,7,0,0
37.18333333333333,962.9695782119267,570.1468344805476,3.216093115785608,1,7,0,0
37.19166666666667,962.9024367225923,570.553125911802,3.255277947210974,1,7,0,0
37.2,962.8950277726294,569.9686201499245,3.2498790725415208,1,7,0,0
37.208333333333336,963.0851378749575,569.8739057736118,3.22925993758801,1,7,0,0
37.21666666666667,962.1545253198061,569.944984661475,3.223514216660648,1,7,0,0
37.225,963.3510877919953,569.8148041675425,3.2128961037109662,1,7,0,0
37.233333333333334,963.2817256548263,570.685681753769,3.251423595562298,1,7,0,0
37.24166666666667,963.6601232835885,570.4799495149315,3.248752577108402,1,7,0,0
37.25,964.7258636944302,570.7962800103872,3.237818527492241,1,7,0,0
37.25833333333333,963.7816841143915,571.2814923476242,3.2418341269513546,1,7,0,0
37.266666666666666,963.9851244428853,571.7169687263523,3.266369474563364,1,7,0,0
37.275,963.6222913788754,571.6689642621585,3.2172082182746986,1,7,0,0
37.28333333333333,963.3342080248748,571.9453186451267,3.2194892380155813,1,7,0,0
37.291666666666664,963.288832265413,571.1189206074027,3.198757861425217,1,7,0,0
37.3,962.4589016508921,572.337854895937,3.2132460728373355,1,7,0,0
37.30833333333333,962.4805270896043,571.9842832635433,3.2319822693026685,1,7,0,0
37.31666666666667,962.4348969028773,573.0571464096666,3.2065713780224048,1,7,0,0
37.325,962.4939494170665,572.8120138594448,3.2015845998939603,1,7,0,0
37.333333333333336,962.3438477958933,573.260622059854,3.2347858101449263,1,7,0,0
37.34166666666667,962.221514004786,573.7939678633498,3.2238828358993215,1,7,0,0
37.35,962.4285744362506,573.557082321777,3.2024170093452575,1,7,0,0
37.358333333333334,962.0342131350122,573.3771320927643,3.2195181848842065,1,7,0,0
37.36666666666667,962.3685760115955,572.2886001206952,3.2391906772434558,1,7,0,0
37.375,962.2469435167369,572.2657487551464,3.2078304336034376,1,7,0,0
37.38333333333333,961.7886869854124,573.731078619865,3.2671759154392452,1,7,0,0
37.391666666666666,962.1307141685284,573.8865454112746,3.1786585463064267,1,7,0,0
37.4,962.9041893509757,574.3061664602649,3.216343551626635,1,7,0,0
37.40833333333333,962.6938251103402,574.2754295480182,3.20822171228589,1,7,0,0
37.416666666666664,962.8688646815341,575.0495106690155,3.1811926494914498,1,7,0,0
37.425,963.2837341965655,574.2730440465258,3.1800888998882075,1,7,0,0
37.43333333333333,963.6369016582536,574.2724856572861,3.1961167093225575,1,7,0,0
37.44166666666667,963.7467817362297,574.9193334012145,3.2033287444504275,1,7,0,0
37.45,963.0999182763164,574.4607527269151,3.213714800951365,1,7,0,0
37.458333333333336,1454.9052285350585,505.14925589618343,3.191527870426362,1,7,0,0
37.46666666666667,1455.1203823258625,504.75409342624863,3.2039386665659144,1,7,0,0
37.475,964.268711747146,572.7959506766446,3.242027093080889,1,7,0,0
37.483333333333334,963.8338290146141,572.1544572671662,3.206988977585035,1,7,0,0
37.49166666666667,963.6103788928903,572.0986856762427,3.1433269171737517,1,7,0,0
37.5,963.3477538710175,571.5434741590934,3.216529390626852,1,7,0,0
37.50833333333333,963.951577608524,570.501885281405,3.1983962910999306,1,7,0,0
37.516666666666666,963.9461363491912,570.4464365782034,3.1489377836391355,1,7,0,0
37.525,963.9715414701351,570.0343908199559,3.2045870871113817,1,7,0,0
37.53333333333333,964.6145471518464,570.1736075129069,3.205848360324157,1,7,0,0
37.541666666666664,964.8685320014557,570.6708066745707,3.196216582519175,1,7,0,0
37.55,964.6469234832615,571.4456516865185,3.214903027377422,1,7,0,0
37.55833333333333,964.3879101926428,570.9271950534248,3.191748042227224,1,7,0,0
37.56666666666667,964.8278965604818,570.9312668851279,3.1647851923176704,1,7,0,0
37.575,965.8584823102142,570.8439880947966,3.2288491855428703,1,7,0,0
37.583333333333336,965.8338485643586,570.8076602491352,3.186477536279864,1,7,0,0
37.59166666666667,966.3277639956906,570.1737907037805,3.2015211762262346,1,7,0,0
37.6,965.9876347932869,569.6821805979979,3.1852620135442744,1,7,0,0
37.608333333333334,966.4313238144466,568.808654012821,3.1926055332131815,1,7,0,0
37.61666666666667,967.393210615083,568.5903005419594,3.1995268696238894,1,7,0,0
37.625,968.0925276503414,569.4197479415559,3.1814287590026273,1,7,0,0
37.63333333333333,967.712653871075,569.7811876842217,3.1828311226617756,1,7,0,0
37.641666666666666,967.7684782883018,570.719643304867,3.170617447092444,1,7,0,0
37.65,967.9153285446803,571.010373864587,3.1829709969824247,1,7,0,0
37.65833333333333,968.7151246912275,570.9560467650845,3.2154590398678184,1,7,0,0
37.666666666666664,968.5593313863435,571.2736346240657,3.207725762928691,1,7,0,0
37.675,968.6612723186524,570.892615029093,3.170232649376339,1,7,0,0
37.68333333333333,968.4072659824953,570.589128664865,3.1897392070139943,1,7,0,0
37.69166666666667,968.5345583912181,569.9435869254385,3.1905046320817423,1,7,0,0
37.7,968.575457332816,569.1177351671242,3.1704505008594284,1,7,0,0
37.708333333333336,968.9124026747205,568.3062831719892,3.194813883833712,1,7,0,0
37.71666666666667,969.3043560082327,568.389344326912,3.175762347522889,1,7,0,0
37.725,968.4618640001642,567.9067897503224,3.152930755950389,1,7,0,0
37.733333333333334,968.5210373943967,567.3001556411147,3.1894814413494075,1,7,0,0
37.74166666666667,969.647139343054,566.7148233041713,3.1828100926424763,1,7,0,0
37.75,968.6397519634739,566.945424578304,3.1448332487456216,1,7,0,0
37.75833333333333,968.5940069841806,566.337426958929,3.156113971879096,1,7,0,0
37.766666666666666,969.1298406165588,566.7174573272863,3.146247584209573,1,7,0,0
37.775,970.0343934110796,565.9730688785538,3.1717135742230016,1,7,0,0
37.78333333333333,969.759549667916,565.8375156469141,3.17905854668946,1,7,0,0
37.791666666666664,969.7668021729883,566.2302379148153,3.1439147985335336,1,7,0,0
37.8,970.2264069636414,565.9259945531725,3.14119086218285,1,7,0,0
37.80833333333333,970.2954738562245,565.5708475544858,3.1740038122307097,1,7,0,0
37.81666666666667,970.4251869583144,566.3198520122456,3.15640649991235,1,7,0,0
37.825,970.4765806361684,566.0290757342653,3.1690232133219185,1,7,0,0
37.833333333333336,969.9818493504633,565.8336882008921,3.1110556252492096,1,7,0,0
37.84166666666667,970.0057428461382,566.3073140375458,3.1437279058883125,1,7,0,0
37.85,969.7124658620114,566.2700645874452,3.1300207936297646,1,7,0,0
37.858333333333334,970.1452570299953,566.0238644773416,3.1504563101019296,1,7,0,0
37.86666666666667,969.8259191906087,566.581773932824,3.1372652676906,1,7,0,0
37.875,969.4333598166929,567.3592831246674,3.1200225003150996,1,7,0,0
37.88333333333333,969.5150571466497,567.3652313528056,3.1531504396345413,1,7,0,0
37.891666666666666,968.9902360554717,567.2807600358083,3.1348076253183494,1,7,0,0
37.9,969.1343818020028,566.8230862546685,3.1328433152773,1,7,0,0
37.90833333333333,968.5173214317853,566.6502536514976,3.14175162361216,1,7,0,0
37.916666666666664,968.9431910223592,566.5750497149879,3.136075366204573,1,7,0,0
37.925,969.0659297167938,567.4003539770242,3.1204826788409057,1,7,0,0
37.93333333333333,969.7660095979646,566.9859473226843,3.165224496552682,1,7,0,0
37.94166666666667,969.9963954539555,567.1096008788436,3.1492126472336412,1,7,0,0
37.95,970.2246219282988,566.7833321306622,3.1673472434802847,1,7,0,0
37.958333333333336,970.6465161249897,566.9271891593077,3.148328905277349,1,7,0,0
37.96666666666667,971.3850233164674,566.8905502673276,3.157932097260907,1,7,0,0
37.975,971.1654209339828,566.8981779533219,3.1513027171158234,1,7,0,0
37.983333333333334,972.0286758044281,567.0413987594299,3.158986283954832,1,7,0,0
37.99166666666667,971.4312632111537,566.5855810845557,3.1587362377961092,1,7,0,0
38.0,971.5835068996702,566.3090060499148,3.14213074773684,1,7,0,0
38.00833333333333,972.5869854768122,566.6694943584658,3.154697652410939,1,7,0,0
38.016666666666666,972.4549555713324,566.331899113516,3.154034675398694,1,7,0,0
38.025,972.2007631266601,565.9655304832992,3.170979481059677,1,7,0,0
38.03333333333333,972.0243477912962,566.8018740010968,3.155974534028006,1,7,0,0
38.041666666666664,971.6957400435151,567.0263704310422,3.1050338547221177,1,7,0,0
38.05,971.2501674137401,566.9074516993858,3.1528805186025712,1,7,0,0
38.05833333333333,970.7823659915505,567.0914347803777,3.1690782235216526,1,7,0,0
38.06666666666667,971.1032458859263,567.107056152734,3.1655262142740814,1,7,0,0
38.075,971.3232938175383,567.2342357254098,3.115906588407282,1,7,0,0
38.083333333333336,970.6805556324339,566.9857509666415,3.124751783558341,1,7,0,0
38.09166666666667,970.4122798515824,567.4750644135237,3.154233008502375,1,7,0,0
38.1,969.7646326692596,567.8548998460913,3.113890968648808,1,7,0,0
38.108333333333334,969.5674572704928,567.7747886725082,3.116818072172718,1,7,0,0
38.11666666666667,969.8365892127633,567.7658589098032,3.1093615917114055,1,7,0,0
38.125,969.4458591172141,567.7042943440684,3.1324938602714725,1,7,0,0
38.13333333333333,969.745794686609,567.842903318179,3.1233283378608183,1,7,0,0
38.141666666666666,969.7536949353928,567.8215617236557,3.112774153842037,1,7,0,0
38.15,969.0177222618889,568.3462014571255,3.14628688749307,1,7,0,0
38.15833333333333,969.2075728251602,568.3451922319819,3.130256625215532,1,7,0,0
38.166666666666664,970.0301558902479,568.6897744751567,3.1348847494969148,1,7,0,0
38.175,970.1042713833593,569.337169734783,3.140715800909103,1,7,0,0
38.18333333333333,970.8036067242534,568.7608290674876,3.132994448651348,1,7,0,0
38.19166666666667,970.269159408157,569.0919606076645,3.1129476087487826,1,7,0,0
38.2,970.2160880210146,568.8371599311347,3.1177034198280085,1,7,0,0
38.208333333333336,969.769920305446,569.4089790056751,3.0886864405227374,1,7,0,0
38.21666666666667,969.6581489435778,569.5794609422123,3.1012562954459444,1,7,0,0
38.225,969.6618064042578,568.8179322833884,3.1204211875649177,1,7,0,0
38.233333333333334,969.3739817386617,568.9268386810518,3.1152409837997728,1,7,0,0
38.24166666666667,968.6147438518981,569.1314958661153,3.128887552939655,1,7,0,0
38.25,969.4079435931089,568.780117873657,3.132043523844761,1,7,0,0
38.25833333333333,969.2519209768823,569.1071114490072,3.1142998814987486,1,7,0,0
38.266666666666666,968.726309424317,568.4243179012183,3.136712975048605,1,7,0,0
38.275,968.925939030932,568.5619551679139,3.11994211412971,1,7,0,0
38.28333333333333,968.660944907826,569.7110011443992,3.1250289539247125,1,7,0,0
38.291666666666664,969.282115051601,569.3071262460065,3.143644547372836,1,7,0,0
38.3,969.1626760788539,569.0438285845206,3.126142108360566,1,7,0,0
38.30833333333333,969.5742183495779,569.0717503006026,3.0843656380546904,1,7,0,0
38.31666666666667,969.7724091036384,568.9319409189089,3.1328944643629013,1,7,0,0
38.325,969.5466895849783,568.3187143588153,3.097526476231493,1,7,0,0
38.333333333333336,968.6685670078575,567.9368426730758,3.1094302754104275,1,7,0,0
38.34166666666667,968.2975384561163,567.8518924305268,3.099996601664245,1,7,0,0
38.35,968.0198847162764,567.5580204838591,3.1165984720366655,1,7,0,0
38.358333333333334,967.7806388854476,567.2937249723457,3.1284212388140573,1,7,0,0
38.36666666666667,967.4714467318342,567.4447505035786,3.122396030997625,1,7,0,0
38.375,966.8125632040162,568.0689310973647,3.1300238048846882,1,7,0,0
38.38333333333333,966.9922645928266,568.358860093575,3.112924253698157,1,7,0,0
38.391666666666666,967.0739992438502,569.56291326074,3.1293598796484803,1,7,0,0
38.4,967.2938337072079,569.3587084037331,3.1399932461077014,1,7,0,0
38.40833333333333,967.187096036685,569.9346709520702,3.1251359786247517,1,7,0,0
38.416666666666664,967.3254970951647,569.9076933448799,3.1034393258990534,1,7,0,0
38.425,967.6465988939464,570.2193022151653,3.0882107910764547,1,7,0,0
38.43333333333333,967.4463980046922,570.5049829624771,3.1247112467553246,1,7,0,0
38.44166666666667,967.5511236979648,570.5122356584579,3.1307812205468255,1,7,0,0
38.45,967.037962515796,570.1578436462123,3.141469233176723,1,7,0,0
38.458333333333336,966.6655482004252,569.9133855615133,3.134564581527126,1,7,0,0
38.46666666666667,966.6398172604924,569.7402379358286,3.103733697153678,1,7,0,0
38.475,966.7266883121255,569.9847707599489,3.103361967808501,1,7,0,0
38.483333333333334,966.9466687702476,570.3195811412497,3.107592337199135,1,7,0,0
38.49166666666667,966.698601158839,571.5978976328179,3.1164468215214582,1,7,0,0
38.5,965.7916654180192,571.5379947171823,3.136471333140224,1,7,0,0
38.50833333333333,966.0826813370818,571.7891967590647,3.0824360700168154,1,7,0,0
38.516666666666666,965.699913556673,571.5808177396108,3.0741729181934714,1,7,0,0
38.525,964.776260724035,572.0388025949993,3.09936108809182,1,7,0,0
38.53333333333333,964.2953006043119,571.9664497515533,3.0649117294399093,1,7,0,0
38.541666666666664,964.7466749522946,571.3523566072267,3.0945654854955498,1,7,0,0
38.55,964.8806977461157,570.8110411677186,3.0846546094248795,1,7,0,0
38.55833333333333,964.4029968680217,570.9248786411432,3.107256098360581,1,7,0,0
38.56666666666667,964.4907396996299,570.5205858730146,3.077253879018509,1,7,0,0
38.575,964.5851289955035,570.5179576512891,3.1159104327398395,1,7,0,0
38.583333333333336,963.6968536812803,570.26137617181,3.108824293165729,1,7,0,0
38.59166666666667,963.554986541538,570.6176544945765,3.121416104670871,1,7,0,0
38.6,963.3459996490351,570.6243959419096,3.0509873959128293,1,7,0,0
38.608333333333334,964.0389584516724,570.4073143840887,3.09510197723583,1,7,0,0
38.61666666666667,964.2293850981305,570.7222069530345,3.1134303471495675,1,7,0,0
38.625,964.2852503605802,570.7603871877138,3.1095293819155687,1,7,0,0
38.63333333333333,964.2427564101971,570.0736463267971,3.106142021627493,1,7,0,0
38.641666666666666,964.5377067738848,570.0827738273452,3.105542109090214,1,7,0,0
38.65,963.8027194864925,569.6870846208034,3.086697028227452,1,7,0,0
38.65833333333333,963.4055968617249,569.5440951295178,3.1163759719213364,1,7,0,0
38.666666666666664,964.3399803549653,569.206689684796,3.112261205531623,1,7,0,0
38.675,964.6935971436739,568.5370741262532,3.056738407150186,1,7,0,0
38.68333333333333,,,,0,7,0,0
38.69166666666667,,,,0,7,0,0
38.7,,,,0,7,0,0
38.708333333333336,,,,0,7,0,0
38.71666666666667,,,,0,7,0,0
38.725,,,,0,7,0,0
38.733333333333334,,,,0,7,0,0
38.74166666666667,,,,0,7,0,0
38.75,,,,0,7,0,0
38.75833333333333,966.5021080610594,567.9800994985882,3.1026896716903645,1,7,0,0
38.766666666666666,965.6164969267592,567.7483365903485,3.051282496722322,1,7,0,0
38.775,965.8179602568852,568.0522862682436,3.1014673849656917,1,7,0,0
38.78333333333333,965.1603138872136,568.4689550931223,3.10804312061304,1,7,0,0
38.791666666666664,964.861592505274,568.6209179649906,3.111976931457059,1,7,0,0
38.8,965.5780449225135,569.2478831807799,3.089005534102124,1,7,0,0
38.80833333333333,965.4598958395529,569.5052038331644,3.080755029182803,1,7,0,0
38.81666666666667,965.4369102374686,569.8796970018531,3.0941997519217597,1,7,0,0
38.825,964.6163167897197,569.8629243192001,3.090640701456728,1,7,0,0
38.833333333333336,964.3993455911973,569.419596772342,3.0982316675659356,1,7,0,0
38.84166666666667,964.448615378285,568.5645121550789,3.12221223688069,1,7,0,0
38.85,964.8125073436959,568.2350695724856,3.1018096616954103,1,7,0,0
38.858333333333334,966.0936933535048,568.663975893863,3.0836683069068425,1,7,0,0
38.86666666666667,965.9964665441703,568.1117876774659,3.1400383991651477,1,7,0,0
38.875,966.4637904269431,568.5787167309571,3.0630256413737267,1,7,0,0
38.88333333333333,966.8105540353167,568.6362930156489,3.0794228200547176,1,7,0,0
38.891666666666666,966.9244360623215,569.6147812346021,3.0911449395374055,1,7,0,0
38.9,966.7771226688246,569.4202358564779,3.113791510295578,1,7,0,0
38.90833333333333,966.1248224709793,569.4903568865045,3.1084303130284954,1,7,0,0
38.916666666666664,965.1057114702476,569.9431264590756,3.0730798155592014,1,7,0,0
38.925,964.9643771948591,569.9749782149713,3.115130232538565,1,7,0,0
38.93333333333333,965.5935692039887,571.6416210131251,3.0871181558316203,1,7,0,0
38.94166666666667,965.2544363553308,570.6654644704349,3.1102241951491,1,7,0,0
38.95,965.0877744704552,570.8942012848441,3.075194154106263,1,7,0,0
38.958333333333336,965.745609702169,570.5108998960121,3.125773707567689,1,7,0,0
38.96666666666667,966.6532389551477,570.7549588471703,3.129276217635339,1,7,0,0
38.975,966.5382374629064,569.8717807891433,3.1181024951031446,1,7,0,0
38.983333333333334,965.652369126355,569.7686538908337,3.0955628598493483,1,7,0,0
38.99166666666667,965.0320060544178,569.7171703337681,3.0853217535494566,1,7,0,0
