t,gx,gy,pupil,valid,subj,trial,label
0.0,960.2285535361434,540.6067585653951,3.158621811229883,1,1,2,0
0.008333333333333333,959.7784602724298,539.6415780141973,3.233887051006605,1,1,2,0
0.016666666666666666,960.6862833079178,539.2681638260727,3.1813671881995726,1,1,2,0
0.025,960.5060962648374,539.4481791601446,3.1754699521433483,1,1,2,0
0.03333333333333333,961.1931683268576,540.413971921126,3.1715279963643312,1,1,2,0
0.041666666666666664,961.153632401884,540.2205197755293,3.208608889142572,1,1,2,0
0.05,961.1321016972391,540.0957972946774,3.2404483172240126,1,1,2,0
0.058333333333333334,961.3908788091748,539.6135263026351,3.200820360628986,1,1,2,0
0.06666666666666667,960.9021891365815,540.4770343331815,3.2055645857382418,1,1,2,0
0.075,961.064198125216,540.0818060834678,3.2287356414893704,1,1,2,0
0.08333333333333333,960.8144334105955,539.6087635802943,3.2710035465077416,1,1,2,0
0.09166666666666666,960.8925119415342,540.0171346614674,3.185405437638112,1,1,2,0
0.1,960.593462553041,539.6530759081903,3.2361395762822553,1,1,2,0
0.10833333333333334,960.9339960275286,539.8554535369396,3.196949627682929,1,1,2,0
0.11666666666666667,960.7487590687738,540.260790726429,3.1972813277934824,1,1,2,0
0.125,959.702023834798,540.0137594724722,3.2181342216367494,1,1,2,0
0.13333333333333333,959.6869933729243,540.2709110538459,3.220447815567868,1,1,2,0
0.14166666666666666,960.0464172588528,540.0066463552592,3.250649435563444,1,1,2,0
0.15,959.6070791547533,540.0339252863613,3.2197364133746773,1,1,2,0
0.15833333333333333,959.6854696988785,540.5365820191264,3.2416050184570957,1,1,2,0
0.16666666666666666,959.5009885969871,541.4178133669823,3.222240271263033,1,1,2,0
0.175,959.302977738867,541.9169788252912,3.219807390628671,1,1,2,0
0.18333333333333332,959.7753126945925,542.8648922663741,3.2316528124154065,1,1,2,0
0.19166666666666668,960.3689538720917,543.1476649078578,3.2147466974673162,1,1,2,0
0.2,960.2963138901974,543.3207321803444,3.1939851545393174,1,1,2,0
0.20833333333333334,959.7357459432408,543.1290183124362,3.2523830252085633,1,1,2,0
0.21666666666666667,959.5072308468239,543.5566053790382,3.2337184139861908,1,1,2,0
0.225,960.1607214325641,542.9128635733714,3.253384877746539,1,1,2,0
0.23333333333333334,959.9432850145271,543.0044493079508,3.227972887786559,1,1,2,0
0.24166666666666667,960.1346130693091,544.5058066211495,3.244373543867977,1,1,2,0
0.25,959.5838562846822,544.2238049132633,3.214505260824656,1,1,2,0
0.25833333333333336,959.5422117448873,543.0430621649178,3.2534486065286186,1,1,2,0
0.26666666666666666,959.5441602169299,543.0425797945667,3.2392316578471614,1,1,2,0
0.275,959.7471512538501,543.2637016485961,3.230424323444683,1,1,2,0
0.2833333333333333,959.7873220875666,543.5224664791285,3.2406890550100433,1,1,2,0
0.2916666666666667,959.1857954506311,543.185076777288,3.232241182423252,1,1,2,0
0.3,958.8768192829679,543.0763822375171,3.2005485494260424,1,1,2,0
0.30833333333333335,958.5176011876393,542.6107686985588,3.216414222075694,1,1,2,0
0.31666666666666665,958.9451130455818,542.0409807423512,3.236735953162516,1,1,2,0
0.325,958.4810049073434,541.3585637501266,3.2581955347796026,1,1,2,0
0.3333333333333333,958.61758744559,541.6238820835656,3.2734751449979407,1,1,2,0
0.3416666666666667,958.9265542056936,542.694382538653,3.2029314689418604,1,1,2,0
0.35,958.5758592476194,543.4707546192681,3.229587764715732,1,1,2,0
0.35833333333333334,958.6349785898874,544.5936307765165,3.2583356068575826,1,1,2,0
0.36666666666666664,958.731098222279,545.4672506922391,3.222460759478833,1,1,2,0
0.375,958.4587469940036,544.9505054044798,3.2241141047776787,1,1,2,0
0.38333333333333336,958.2975771216597,545.062267402971,3.2329607641608202,1,1,2,0
0.39166666666666666,958.326304510396,545.1497437225601,3.2231707734071313,1,1,2,0
0.4,957.8625189371928,544.8989557135309,3.252240236672366,1,1,2,0
0.4083333333333333,957.3968671249787,544.95480800229,3.255944460369827,1,1,2,0
0.4166666666666667,957.1125771549436,544.9162212314426,3.2643777582475217,1,1,2,0
0.425,957.0245736015222,544.6569463795228,3.2425772109406847,1,1,2,0
0.43333333333333335,957.1538850172976,544.8541353136691,3.230199437759889,1,1,2,0
0.44166666666666665,956.918822542683,544.9387382805536,3.2198206708863264,1,1,2,0
0.45,957.1796245831174,544.98513013506,3.2702859503814654,1,1,2,0
0.4583333333333333,957.7132288060725,544.0629490891905,3.3003764207697706,1,1,2,0
0.4666666666666667,957.8081637585302,544.2678984082413,3.3009533449223905,1,1,2,0
0.475,957.924893551097,543.210637038798,3.241701770890545,1,1,2,0
0.48333333333333334,958.1348909983896,543.5020567619621,3.2422888469620568,1,1,2,0
0.49166666666666664,958.0331434726703,544.332375950799,3.2754665161356016,1,1,2,0
0.5,957.9215249955408,543.5197188728151,3.253041177184917,1,1,2,0
0.5083333333333333,957.4109221621699,543.2047117865231,3.2641615633443504,1,1,2,0
0.5166666666666667,957.8019095936122,543.4465082259111,3.302243234261481,1,1,2,0
0.525,957.669532051135,543.2560054612527,3.2553022935162024,1,1,2,0
0.5333333333333333,957.4187353339536,542.8462569068603,3.2493453102227012,1,1,2,0
0.5416666666666666,957.542877332403,543.045471484111,3.250380298377335,1,1,2,0
0.55,958.301824132302,543.0694997695226,3.221499067585085,1,1,2,0
0.5583333333333333,958.1697173819842,543.2971866098006,3.271598481805989,1,1,2,0
0.5666666666666667,958.434854676233,543.0280523663478,3.2709834248398098,1,1,2,0
0.575,959.2004490851087,543.204575959341,3.2743034308325805,1,1,2,0
0.5833333333333334,958.678959657231,542.5495278674136,3.2532119770073558,1,1,2,0
0.5916666666666667,958.3381871070898,541.941802184922,3.2525848268692683,1,1,2,0
0.6,958.0552913061429,540.9218829426316,3.302139551884083,1,1,2,0
0.6083333333333333,958.1265324759668,540.6395719974313,3.2457796247778785,1,1,2,0
0.6166666666666667,,,,0,1,2,0
0.625,,,,0,1,2,0
0.6333333333333333,,,,0,1,2,0
0.6416666666666667,,,,0,1,2,0
0.65,,,,0,1,2,0
0.6583333333333333,,,,0,1,2,0
0.6666666666666666,,,,0,1,2,0
0.675,,,,0,1,2,0
0.6833333333333333,,,,0,1,2,0
0.6916666666666667,,,,0,1,2,0
0.7,,,,0,1,2,0
0.7083333333333334,,,,0,1,2,0
0.7166666666666667,,,,0,1,2,0
0.725,,,,0,1,2,0
0.7333333333333333,956.7675235298622,541.9741693833734,3.291731976469071,1,1,2,0
0.7416666666666667,957.2075813774422,541.6659109605638,3.2492396957210317,1,1,2,0
0.75,957.7376346360709,541.5984350650452,3.318445331004841,1,1,2,0
0.7583333333333333,957.7850026720944,541.4094635680534,3.2343215517601682,1,1,2,0
0.7666666666666667,957.7370064744831,541.5878005899121,3.296193049180081,1,1,2,0
0.775,958.0854345549001,541.013857640846,3.2767968280600464,1,1,2,0
0.7833333333333333,958.6181321962891,540.5119242241128,3.292479024185834,1,1,2,0
0.7916666666666666,958.9412610027381,540.3723535839081,3.254528281608414,1,1,2,0
0.8,958.8693875183543,540.945133814258,3.302987720874147,1,1,2,0
0.8083333333333333,958.7892917609149,541.4390299704379,3.290103349867171,1,1,2,0
0.8166666666666667,959.1635537467762,541.4352326956732,3.3267980319591977,1,1,2,0
0.825,960.0982975710621,542.3078412542806,3.325378766655422,1,1,2,0
0.8333333333333334,959.8014918745201,542.3002376285691,3.298358729012593,1,1,2,0
0.8416666666666667,959.9543142927084,542.3676313094963,3.319828809940741,1,1,2,0
0.85,959.6557722527203,541.763604685653,3.2930977042291127,1,1,2,0
0.8583333333333333,959.9636877713141,541.5331009164361,3.2807882283584404,1,1,2,0
0.8666666666666667,960.1462273648192,542.1657881198605,3.273989916680391,1,1,2,0
0.875,960.5961434257139,542.6528766290561,3.284404230878783,1,1,2,0
0.8833333333333333,960.0129756560134,542.3572802106975,3.272908795102313,1,1,2,0
0.8916666666666667,959.5793992183542,542.6122802191563,3.2939208716739126,1,1,2,0
0.9,959.4084886802553,542.1817647238338,3.259700362554691,1,1,2,0
0.9083333333333333,959.8357948030477,542.3730083707669,3.3063639948972376,1,1,2,0
0.9166666666666666,959.3021279409475,542.6703664348478,3.27680933250149,1,1,2,0
0.925,959.7970548905406,543.5057809854272,3.2802473767219356,1,1,2,0
0.9333333333333333,959.6012121335708,543.5714684617868,3.303234709589027,1,1,2,0
0.9416666666666667,959.452338083873,543.8652659960312,3.3018511094677017,1,1,2,0
0.95,960.025932457588,544.1114783903434,3.2988410788234686,1,1,2,0
0.9583333333333334,960.3146011924476,543.9308727847076,3.295176253510599,1,1,2,0
0.9666666666666667,960.431958199997,544.287247874858,3.3462415822562734,1,1,2,0
0.975,961.6401329596935,543.5560918152931,3.290083528976578,1,1,2,0
0.9833333333333333,961.9982936760098,542.8265213917334,3.303416291014557,1,1,2,0
0.9916666666666667,962.621122077897,543.1722586407644,3.3300896872132197,1,1,2,0
1.0,963.3691831920704,543.9046207216828,3.3387667336520446,1,1,2,0
1.0083333333333333,963.1453481959907,542.91673732408,3.2947490907940886,1,1,2,0
1.0166666666666666,963.4349671421805,542.7823613783471,3.312003962324821,1,1,2,0
1.025,964.4091444460427,542.741547831986,3.3239705694868804,1,1,2,0
1.0333333333333334,964.2337496759704,542.5690850807421,3.2869907248215684,1,1,2,0
1.0416666666666667,964.3818748361748,542.7026222969871,3.307562662368782,1,1,2,0
1.05,964.2583896448916,542.6325547298723,3.2908833302658014,1,1,2,0
1.0583333333333333,964.4244614483448,543.2785659318653,3.273727070797442,1,1,2,0
1.0666666666666667,964.5766788796923,543.2008102286176,3.2929029267319683,1,1,2,0
1.075,964.6334900056178,542.3870937619945,3.322609719698352,1,1,2,0
1.0833333333333333,965.4546855631936,542.4842948927417,3.2965874222693663,1,1,2,0
1.0916666666666666,965.3806682430836,542.7323281916364,3.3007332250100796,1,1,2,0
1.1,965.685721033247,542.6577565682198,3.293796255804555,1,1,2,0
1.1083333333333334,965.2783250274007,541.4710483645591,3.2983428065978626,1,1,2,0
1.1166666666666667,965.29178578418,541.9775520619385,3.318053884279678,1,1,2,0
1.125,965.2482602325679,542.3459179171673,3.3040735825476393,1,1,2,0
1.1333333333333333,964.9719143181782,542.6477884238847,3.2758894843736193,1,1,2,0
1.1416666666666666,964.1888727076815,542.6530609503544,3.2767235571548956,1,1,2,0
1.15,963.6757010327336,542.34382308299,3.2879376215375506,1,1,2,0
1.1583333333333334,963.4429546863765,541.0027747583757,3.2812154296349116,1,1,2,0
1.1666666666666667,963.357657770061,541.4688796840458,3.287603510133706,1,1,2,0
1.175,963.4017924245439,541.5416307029648,3.3188128640872923,1,1,2,0
1.1833333333333333,963.4036461322559,541.6984599284174,3.3110818641895445,1,1,2,0
1.1916666666666667,962.867780242448,541.482025730734,3.2583206907596356,1,1,2,0
1.2,962.6729417731462,541.4771977283098,3.2660762311237064,1,1,2,0
1.2083333333333333,962.5460894752749,541.5361592871797,3.293384580654458,1,1,2,0
1.2166666666666666,962.2234988116949,541.8914462976926,3.3199868187677124,1,1,2,0
1.225,963.0437986700297,542.2536870156746,3.29296795668553,1,1,2,0
1.2333333333333334,963.1115627345001,541.8572952768902,3.295673128555504,1,1,2,0
1.2416666666666667,962.73359463927,542.2216057612344,3.3125172092479884,1,1,2,0
1.25,962.3093113687125,542.8333184206645,3.280141334553388,1,1,2,0
1.2583333333333333,961.9979723185143,542.4409425564718,3.3064077215773806,1,1,2,0
1.2666666666666666,962.6191881679198,543.4894887016777,3.3176111012422234,1,1,2,0
1.275,963.6265739831243,543.028557581005,3.2821252852310483,1,1,2,0
1.2833333333333334,963.8734949270685,543.184942124624,3.296423321535784,1,1,2,0
1.2916666666666667,963.4209203233767,543.8810744227176,3.324252166273366,1,1,2,0
1.3,963.7931498473423,544.2540675894724,3.2810401976202495,1,1,2,0
1.3083333333333333,963.8102359119841,543.6457833256603,3.2954015968142216,1,1,2,0
1.3166666666666667,964.4093794511184,544.3921601668608,3.338183939451998,1,1,2,0
1.325,963.5197715112007,544.5031454176459,3.2753709180014887,1,1,2,0
1.3333333333333333,962.4994742297534,545.0649508796043,3.302362283704322,1,1,2,0
1.3416666666666666,963.289880679837,546.0002163641321,3.3308808971432233,1,1,2,0
1.35,963.7421834816162,545.6795932859636,3.2948628822654467,1,1,2,0
1.3583333333333334,963.7200106863249,545.2870036034323,3.2929408110909977,1,1,2,0
1.3666666666666667,963.5323633958051,545.2573943458373,3.3094497877953963,1,1,2,0
1.375,963.6585412763849,544.889130456471,3.313557552229181,1,1,2,0
1.3833333333333333,963.178002425319,543.5941557251385,3.322967827893138,1,1,2,0
1.3916666666666666,962.6014224653056,543.0719804069925,3.3013064677970454,1,1,2,0
1.4,963.0510413434762,542.9422491626032,3.334890182616968,1,1,2,0
1.4083333333333334,962.1737661869586,543.4479166119926,3.3042449889911416,1,1,2,0
1.4166666666666667,962.9588121639875,542.5065407439422,3.2772030654949633,1,1,2,0
1.425,963.1574722740561,542.7760521485301,3.3079155009759096,1,1,2,0
1.4333333333333333,963.7075799235297,542.9130062942039,3.288742440187368,1,1,2,0
1.4416666666666667,963.9072040956713,542.0999193789346,3.3244790761636014,1,1,2,0
1.45,963.5994435852654,542.8118475295521,3.30364499800474,1,1,2,0
1.4583333333333333,963.5023114190938,542.9145780297368,3.2987152297578732,1,1,2,0
1.4666666666666666,962.5184941205532,542.5268506180665,3.306329345120913,1,1,2,0
1.475,962.155492820893,542.4007713776685,3.3093750736881233,1,1,2,0
1.4833333333333334,962.4522647916879,542.8453628669913,3.267324318080823,1,1,2,0
1.4916666666666667,962.1011509260705,543.6730863707478,3.2885669468830625,1,1,2,0
1.5,962.2716070886307,543.4352167453927,3.292981875352421,1,1,2,0
1.5083333333333333,962.4954548642953,543.1272391606672,3.2934196861999263,1,1,2,0
1.5166666666666666,962.8169946119103,543.5577094882565,3.298210783917259,1,1,2,0
1.525,963.9212539113057,543.6195208298311,3.308571549174112,1,1,2,0
1.5333333333333334,964.7733576330645,543.6548350454525,3.276428477120244,1,1,2,0
1.5416666666666667,964.5049381955685,543.1818390968006,3.272459190670482,1,1,2,0
1.55,964.6039074299498,543.18862797384,3.332334161024465,1,1,2,0
1.5583333333333333,964.3711741982299,543.2310157437905,3.2625131519810817,1,1,2,0
1.5666666666666667,964.5598265154636,543.5550118007513,3.28662731190993,1,1,2,0
1.575,965.3861291893653,543.6211141690682,3.29519687584709,1,1,2,0
1.5833333333333333,965.1569396707758,543.1786713796815,3.2910199770643427,1,1,2,0
1.5916666666666666,965.232695438732,543.8657890282693,3.305711765413516,1,1,2,0
1.6,965.2496846490644,543.6802535390519,3.2918077172411295,1,1,2,0
1.6083333333333334,964.9033261195058,543.1980606753656,3.279848291090406,1,1,2,0
1.6166666666666667,964.4484815637977,544.0438893516714,3.2367587439196424,1,1,2,0
1.625,964.3164465278358,544.2593734350136,3.2968292483616555,1,1,2,0
1.6333333333333333,963.7105718507233,544.9453944455852,3.3026956236963665,1,1,2,0
1.6416666666666666,963.4002206862821,545.2766255007823,3.3186787455684086,1,1,2,0
1.65,963.3782088825941,545.9862788126836,3.2991877359783963,1,1,2,0
1.6583333333333334,964.0429238510893,546.486522751375,3.2980293739310254,1,1,2,0
1.6666666666666667,964.0295292323366,546.0436374812824,3.2899126962618412,1,1,2,0
1.675,963.8980151602808,546.5323001891217,3.3109934441552578,1,1,2,0
1.6833333333333333,962.2976487275481,545.9382320475931,3.293039125704928,1,1,2,0
1.6916666666666667,962.439680769623,545.6725585640398,3.3371747135424368,1,1,2,0
1.7,962.1857402409571,545.6295149511718,3.322795388256505,1,1,2,0
1.7083333333333333,962.2748406710243,546.055997073559,3.3268299306983127,1,1,2,0
1.7166666666666666,962.4815389905328,545.9959057764182,3.3124406142551943,1,1,2,0
1.725,962.3118336330382,545.4947874982324,3.3117602130440877,1,1,2,0
1.7333333333333334,961.9218626958018,545.0616673791657,3.318865780645525,1,1,2,0
1.7416666666666667,961.5383057696719,545.0777993317423,3.2748820190425727,1,1,2,0
1.75,962.6074618678434,545.6382622491228,3.30684259400711,1,1,2,0
1.7583333333333333,962.4147366553777,545.3115617787639,3.28078620903885,1,1,2,0
1.7666666666666666,961.4321109380489,545.0296702351012,3.301350443670807,1,1,2,0
1.775,961.659977396613,545.5387533703185,3.2974764569084356,1,1,2,0
1.7833333333333334,961.6637157207667,545.5294284127214,3.297399830962588,1,1,2,0
1.7916666666666667,961.9733594212192,544.5920704256727,3.3002880792821303,1,1,2,0
1.8,961.574525223087,545.0844703025514,3.3109321161844756,1,1,2,0
1.8083333333333333,961.7999903358193,544.8745766241726,3.334288466111156,1,1,2,0
1.8166666666666667,961.5018055583282,545.6309571930984,3.318825965254044,1,1,2,0
1.825,962.0931619389237,545.3594251451469,3.3182108427744788,1,1,2,0
1.8333333333333333,961.7507834794504,545.8212234162238,3.3310204627259763,1,1,2,0
1.8416666666666666,962.1058816827796,544.9114163940804,3.3079916318194624,1,1,2,0
1.85,962.5828468137869,544.7936613306713,3.3059051004604147,1,1,2,0
1.8583333333333334,962.8587752247357,544.7619863547231,3.3019862128424364,1,1,2,0
1.8666666666666667,962.010633825823,544.6578650395919,3.337885307818179,1,1,2,0
1.875,961.4302012112383,544.9952816292532,3.3315935887003554,1,1,2,0
1.8833333333333333,961.8163311681301,545.110010110972,3.334561948792006,1,1,2,0
1.8916666666666666,961.5927845290993,544.9591888692026,3.3079673595701573,1,1,2,0
1.9,961.4857184964028,544.26142326518,3.3055805748379785,1,1,2,0
1.9083333333333334,962.3101155152158,543.7159527265067,3.2972343789593617,1,1,2,0
1.9166666666666667,962.673124920989,544.2596973147307,3.3356053074228664,1,1,2,0
1.925,962.9986097737245,545.2819524781278,3.298927031061527,1,1,2,0
1.9333333333333333,963.2230520179585,545.5657225215713,3.2799292492872865,1,1,2,0
1.9416666666666667,962.5588159396019,545.4063546502841,3.295050921327417,1,1,2,0
1.95,962.1210691634319,546.0647601928201,3.3339459750508884,1,1,2,0
1.9583333333333333,960.4503304091941,546.644069824399,3.3145085202059112,1,1,2,0
1.9666666666666666,960.6709565292135,546.4949610332883,3.291121649936814,1,1,2,0
1.975,960.1234478659973,546.2713734794955,3.294556584954129,1,1,2,0
1.9833333333333334,959.9081542837065,546.4814132746873,3.27603442723334,1,1,2,0
1.9916666666666667,959.613971364399,546.5060500042548,3.2840752752897506,1,1,2,0
2.0,959.5483926408264,545.9778681511151,3.3161906067243914,1,1,2,0
2.0083333333333333,960.2052157132244,545.7907356166709,3.291445890806136,1,1,2,0
2.0166666666666666,960.5496121167737,545.6224603744531,3.283054966186953,1,1,2,0
2.025,959.7475860961625,545.4264287722805,3.2399656517749698,1,1,2,0
2.033333333333333,959.1671057014124,546.3640563388749,3.2732938159825267,1,1,2,0
2.0416666666666665,959.1650243493041,546.2572412797067,3.2970499844928076,1,1,2,0
2.05,958.3658588755382,545.6372723289023,3.3037381739749128,1,1,2,0
2.058333333333333,958.7526618482655,545.949108940036,3.2548007099350933,1,1,2,0
2.066666666666667,958.7436754196137,545.3106605107812,3.2477435261171337,1,1,2,0
2.075,958.5074081017765,546.1001765133385,3.2364828108852173,1,1,2,0
2.0833333333333335,957.8722862230785,545.8348227813317,3.263227463190302,1,1,2,0
2.091666666666667,958.5690056497493,545.771290708275,3.2538896106287925,1,1,2,0
2.1,958.6151497399343,545.8091484017967,3.2828557776050546,1,1,2,0
2.1083333333333334,958.0912597381872,545.7951289697222,3.2620261052785273,1,1,2,0
2.1166666666666667,957.7203586692002,545.4987819671938,3.2372642701129086,1,1,2,0
2.125,957.978479390598,544.5804404748853,3.2835703694240066,1,1,2,0
2.1333333333333333,957.6564566287177,545.4904647131264,3.2186473381538416,1,1,2,0
2.1416666666666666,956.9064205901726,546.2486229045509,3.2507898257593895,1,1,2,0
2.15,957.4140277913502,546.6829031545251,3.219141663600254,1,1,2,0
2.158333333333333,957.7257913093863,546.1319033282477,3.24678685762224,1,1,2,0
2.1666666666666665,957.9835302424849,546.9131638654452,3.257954369652437,1,1,2,0
2.175,957.8508202948974,547.4955743557567,3.2223341311736537,1,1,2,0
2.183333333333333,957.5078561265991,547.3682913432333,3.2681799502763784,1,1,2,0
2.191666666666667,956.7175329916174,547.3469119012624,3.222637346800721,1,1,2,0
2.2,956.5428904986636,546.5722463171952,3.268422539915974,1,1,2,0
2.2083333333333335,955.3849588438898,546.430418771698,3.2073601375686187,1,1,2,0
2.216666666666667,954.5184183627813,546.0222139137056,3.234393907022106,1,1,2,0
2.225,953.768161565756,546.9301545630593,3.228461496330333,1,1,2,0
2.2333333333333334,952.1273543940368,546.1063150778341,3.2529639768208347,1,1,2,0
2.2416666666666667,951.9612411381403,546.336702397569,3.2220707598741756,1,1,2,0
2.25,951.6242993305913,547.2819997448286,3.2030483798157827,1,1,2,0
2.2583333333333333,951.4740951593568,546.7101708230789,3.2332360702029046,1,1,2,0
2.2666666666666666,951.7658757737169,546.4900071388182,3.1990058437215736,1,1,2,0
2.275,951.8863100668843,547.4896136466759,3.220271491985057,1,1,2,0
2.283333333333333,952.4103616596718,547.536683143954,3.24040356251389,1,1,2,0
2.2916666666666665,953.9241693187723,548.1829339120283,3.252646943941875,1,1,2,0
2.3,953.7590259602947,547.6119577282551,3.2214322332683842,1,1,2,0
2.308333333333333,953.462485824902,548.1102425494207,3.187060251772943,1,1,2,0
2.316666666666667,953.1651244928279,547.7102669133754,3.2212382222263556,1,1,2,0
2.325,952.7913949228367,547.1574072109016,3.2111537061614053,1,1,2,0
2.3333333333333335,953.6379123326004,547.8015829217713,3.2080303056548436,1,1,2,0
2.341666666666667,954.1019240649485,547.9158221755436,3.224806615686789,1,1,2,0
2.35,955.1994551830188,548.2296300758305,3.187678102239962,1,1,2,0
2.3583333333333334,955.5227540304838,547.3187259691005,3.206334864763227,1,1,2,0
2.3666666666666667,955.5059752510729,546.78431486045,3.2129649133142584,1,1,2,0
2.375,954.998301096996,546.9749770200062,3.219925751687027,1,1,2,0
2.3833333333333333,954.7424493952758,546.9115060675178,3.2865821688048094,1,1,2,0
2.3916666666666666,954.3000759870448,547.1496536341768,3.2166937604331474,1,1,2,0
2.4,954.4902455985281,546.9395127495609,3.203473688288608,1,1,2,0
2.408333333333333,955.1652311126966,546.4898513303808,3.2101955504104147,1,1,2,0
2.4166666666666665,955.4516869656043,546.7406513547381,3.1985512651791126,1,1,2,0
2.425,955.6634300460601,546.7949393765131,3.213712757151314,1,1,2,0
2.433333333333333,955.7369844316354,546.9348992531651,3.208258982915784,1,1,2,0
2.441666666666667,955.6393495506836,547.1274268732724,3.231859525813954,1,1,2,0
2.45,955.3740801281666,546.8862991873258,3.196957651713116,1,1,2,0
2.4583333333333335,955.1865733237787,546.9369989072328,3.1906854145824357,1,1,2,0
2.466666666666667,953.9965307993446,547.2710833214489,3.209490465391528,1,1,2,0
2.475,952.8476947657155,547.9878384766213,3.1960669238465433,1,1,2,0
2.4833333333333334,953.2789280886747,548.362135064848,3.1564748895569523,1,1,2,0
2.4916666666666667,953.1143027798882,547.9826677691109,3.2214019070192674,1,1,2,0
2.5,953.0335538330883,548.5052025119202,3.2192525298297214,1,1,2,0
2.5083333333333333,952.7643635645709,548.8606109954519,3.196298093162137,1,1,2,0
2.5166666666666666,952.4469237925998,548.2069499134439,3.1910730635364457,1,1,2,0
2.525,952.6835006528026,548.4058529518702,3.1667887328301028,1,1,2,0
2.533333333333333,951.86039344353,549.0278391386432,3.2115522113340007,1,1,2,0
2.5416666666666665,951.9287140351902,548.4617964056948,3.187079984765372,1,1,2,0
2.55,951.4058442195263,548.1347215952311,3.243937596859265,1,1,2,0
2.558333333333333,950.6246189805022,548.1758904640906,3.2185556302570997,1,1,2,0
2.566666666666667,950.2389232846017,547.5024336940597,3.1946234506319553,1,1,2,0
2.575,950.3258959347313,547.677349666903,3.1973616637782123,1,1,2,0
2.5833333333333335,950.3780346866326,547.0503348983997,3.172396586989718,1,1,2,0
2.591666666666667,950.0521202564034,546.6275264249889,3.1727203828721957,1,1,2,0
2.6,950.5261591090376,547.2300207852522,3.168042668123667,1,1,2,0
2.6083333333333334,950.9702316314352,547.848138333813,3.1781366835265414,1,1,2,0
2.6166666666666667,950.8714527062792,547.1442150032902,3.175764865075251,1,1,2,0
2.625,951.1978965483876,547.495880832676,3.1782672703492265,1,1,2,0
2.6333333333333333,951.1652067015154,546.9816677382869,3.2068903852044683,1,1,2,0
2.6416666666666666,951.7401435024747,547.1212462886567,3.194912310005033,1,1,2,0
2.65,951.5331665545089,547.7350154702236,3.156965584984728,1,1,2,0
2.658333333333333,950.8952746668633,548.1721744018038,3.162562781347141,1,1,2,0
2.6666666666666665,951.6307657521705,547.6043280890219,3.1811072676168033,1,1,2,0
2.675,951.1781847850662,546.5162152586629,3.2141989483002105,1,1,2,0
2.683333333333333,950.8709054428197,546.922633418224,3.202218205406325,1,1,2,0
2.691666666666667,952.0270747139242,546.5689568485396,3.183304723958482,1,1,2,0
2.7,952.4179493056607,547.1633830757955,3.1955446211552996,1,1,2,0
2.7083333333333335,951.5723654102537,547.3134405770751,3.172598273185624,1,1,2,0
2.716666666666667,951.5877678409935,546.7026584502137,3.1772417810217384,1,1,2,0
2.725,951.7289903539964,547.5804759081478,3.2014293595187207,1,1,2,0
2.7333333333333334,952.0937954450193,546.7328977777161,3.1723303856926792,1,1,2,0
2.7416666666666667,951.6393881854995,546.8398577145315,3.169661439092031,1,1,2,0
2.75,950.5799745500866,546.7643658332679,3.175701606121744,1,1,2,0
2.7583333333333333,950.7313723357107,546.9619015361442,3.1887121663588363,1,1,2,0
2.7666666666666666,804.9563048799398,621.4269105683145,3.1865613806581568,1,1,2,0
2.775,804.8953053614416,621.7572341810001,3.1732691028523083,1,1,2,0
2.783333333333333,950.4154869143723,547.9946470765333,3.1705941649017317,1,1,2,0
2.7916666666666665,951.4011106341794,548.142192972489,3.1784746131618413,1,1,2,0
2.8,950.4531886685978,548.22912706858,3.1652679479855106,1,1,2,0
2.808333333333333,1202.2315526714963,959.5899073848655,3.163553509477226,1,1,2,0
2.816666666666667,1201.6102499208196,959.2335726897119,3.1439676829246457,1,1,2,0
2.825,948.8055211334901,548.0643100898562,3.1470750689153166,1,1,2,0
2.8333333333333335,949.4217405083627,547.4783232934767,3.1912662959176332,1,1,2,0
2.841666666666667,950.0540781395059,547.0305995385945,3.137914707603387,1,1,2,0
2.85,950.0162480742339,546.8262885708983,3.172724833085106,1,1,2,0
2.8583333333333334,949.8514929748949,546.7682572333622,3.170160761971515,1,1,2,0
2.8666666666666667,950.421586998742,546.953548082879,3.1724537773733905,1,1,2,0
2.875,949.8098324813536,546.8759881926377,3.1383747670619138,1,1,2,0
2.8833333333333333,949.5141899847328,546.5839449111515,3.1643893943543797,1,1,2,0
2.8916666666666666,949.5103500526004,545.7578403476435,3.1561023956780394,1,1,2,0
2.9,949.0706746928871,546.1844164697085,3.15468020450287,1,1,2,0
2.908333333333333,949.1092295470553,545.8613428396842,3.1473923432862705,1,1,2,0
2.9166666666666665,948.7708344286735,545.0223234963271,3.1708284138819485,1,1,2,0
2.925,948.8371818199591,545.5672179240906,3.15326031210611,1,1,2,0
2.933333333333333,949.7624241453193,544.7526644329107,3.1670407115159085,1,1,2,0
2.941666666666667,949.5552369901694,544.9139600224009,3.1436059067488165,1,1,2,0
2.95,950.0674543706933,545.1400370730745,3.1101153485419415,1,1,2,0
2.9583333333333335,949.4757227148233,545.2493050038926,3.1673226573589357,1,1,2,0
2.966666666666667,949.2855762395651,544.6331057860051,3.1287433531075433,1,1,2,0
2.975,949.4416181248852,544.7255070649508,3.1636451688429275,1,1,2,0
2.9833333333333334,949.2146122721841,543.9621358330771,3.1214094508223136,1,1,2,0
2.9916666666666667,949.6805460247588,545.2486051064566,3.167982789622886,1,1,2,0
3.0,949.0560164110641,545.9381964566809,3.119620705701269,1,1,2,0
3.0083333333333333,948.9874014342494,545.919380372234,3.1124483548260393,1,1,2,0
3.0166666666666666,949.4106315885773,546.1744642810497,3.1507437162046834,1,1,2,0
3.025,949.4518564775168,546.5154342120655,3.1510104477378307,1,1,2,0
3.033333333333333,949.8263679315545,546.737701118523,3.1710241897377487,1,1,2,0
3.0416666666666665,949.3846153184612,546.9039900683757,3.1201488738267162,1,1,2,0
3.05,948.8296728228022,546.6784016898964,3.11622574861877,1,1,2,0
3.058333333333333,949.5409173458056,547.3461949951737,3.1204512694060615,1,1,2,0
3.066666666666667,949.9581946731172,547.2226987851016,3.16497977763977,1,1,2,0
3.075,950.3448092968598,546.2311301024557,3.1530578626691703,1,1,2,0
3.0833333333333335,950.4551606197679,546.596874630879,3.122235305620949,1,1,2,0
3.091666666666667,950.5154817628004,546.9776429534709,3.1307021887609476,1,1,2,0
3.1,949.9332825119599,546.8936823424966,3.123082875948042,1,1,2,0
3.1083333333333334,949.8497007813306,546.9625219718778,3.083294504075238,1,1,2,0
3.1166666666666667,949.8487889300496,546.406917496499,3.114495340427529,1,1,2,0
3.125,950.4926799075682,546.683500673554,3.1028688566766776,1,1,2,0
3.1333333333333333,949.997489864964,546.6293351710385,3.12984167516348,1,1,2,0
3.1416666666666666,950.0860384941029,547.3834287839874,3.118436055995314,1,1,2,0
3.15,950.2174801872042,548.244692082741,3.1163826853233263,1,1,2,0
3.158333333333333,949.8880136690275,548.8646691862647,3.1144337934786446,1,1,2,0
3.1666666666666665,950.0862025148871,548.7439372345397,3.1354471670137234,1,1,2,0
3.175,950.5323171994047,548.5783808698618,3.12364930221339,1,1,2,0
3.183333333333333,950.8465502212666,548.7178369827745,3.120935758687303,1,1,2,0
3.191666666666667,950.6135202328303,549.1294553006974,3.1051450525808835,1,1,2,0
3.2,949.9304061780222,549.2050451437468,3.1181106484664736,1,1,2,0
3.2083333333333335,950.3123083107338,548.6770461499395,3.0754935088017876,1,1,2,0
3.216666666666667,950.2564873631011,547.8981889657259,3.139613415656543,1,1,2,0
3.225,949.8130196695962,546.6756562686626,3.0910101824103404,1,1,2,0
3.2333333333333334,949.5143289350948,546.4799935621497,3.111619497295817,1,1,2,0
3.2416666666666667,949.430551316883,546.7320701603926,3.1286164301112054,1,1,2,0
3.25,949.3493716801398,547.7212469443912,3.1131341496454605,1,1,2,0
3.2583333333333333,949.7170910870178,548.4856120701724,3.1165225257065505,1,1,2,0
3.2666666666666666,949.9417242088504,548.7577834441441,3.1003606908939894,1,1,2,0
3.275,949.1190407286961,549.3458430665718,3.1290678158065037,1,1,2,0
3.283333333333333,949.2186611048088,550.1908302430547,3.127022466410697,1,1,2,0
3.2916666666666665,948.2378305217263,549.3343270266139,3.108798131731808,1,1,2,0
3.3,948.7033310783745,549.4445872373504,3.1233428396266776,1,1,2,0
3.308333333333333,949.3650672149124,549.0783572960322,3.1229905843104153,1,1,2,0
3.316666666666667,949.5742281042648,548.5188291340143,3.1116176917526324,1,1,2,0
3.325,949.4731518923742,548.6561228104081,3.1144997351127355,1,1,2,0
3.3333333333333335,948.9303862501106,548.8118573795957,3.1438758553057577,1,1,2,0
3.341666666666667,949.3567518639752,548.3410766778443,3.1290101295828827,1,1,2,0
3.35,948.1775127726352,548.1643230061347,3.1208442016081515,1,1,2,0
3.3583333333333334,949.3649690622285,547.8622348025679,3.1350216605431043,1,1,2,0
3.3666666666666667,948.9751911218731,547.578936243332,3.11721827844798,1,1,2,0
3.375,949.2385371326997,547.3957572479105,3.1279683256346997,1,1,2,0
3.3833333333333333,948.1861492394164,546.6487314303693,3.14936054622912,1,1,2,0
3.3916666666666666,947.4471373185081,546.254130288949,3.1517018479974745,1,1,2,0
3.4,948.2384842206793,545.7990092432025,3.1146202752734067,1,1,2,0
3.408333333333333,947.6688688506205,545.2402712466588,3.114713219583546,1,1,2,0
3.4166666666666665,947.5978081143468,544.5309676995892,3.0997269080282726,1,1,2,0
3.425,947.3242012342539,544.5978262527979,3.1096709685198265,1,1,2,0
3.433333333333333,947.8540026051799,545.3989536325269,3.0974125952147284,1,1,2,0
3.441666666666667,947.4717704500066,545.3916813927818,3.143584661886785,1,1,2,0
3.45,947.5694367359824,545.1268206450969,3.1138797112443855,1,1,2,0
3.4583333333333335,948.5295755569567,544.9316608536536,3.1089801970076487,1,1,2,0
3.466666666666667,948.4924957085415,544.695380209153,3.1380265062561365,1,1,2,0
3.475,948.5436805232482,545.959055610033,3.1118701459677176,1,1,2,0
3.4833333333333334,947.8261255079888,546.1885819607727,3.119651538082432,1,1,2,0
3.4916666666666667,947.2288431836038,545.8131864931427,3.059949079779704,1,1,2,0
3.5,947.2535214857339,546.3252105304906,3.125796705348239,1,1,2,0
3.5083333333333333,947.4864572927895,547.3101404915667,3.0944584968036666,1,1,2,0
3.5166666666666666,947.3899418055366,548.1832840929875,3.077078337059442,1,1,2,0
3.525,948.048794502913,548.0062505571099,3.107606722994283,1,1,2,0
3.533333333333333,948.7529967252169,547.514957225776,3.0770036030122583,1,1,2,0
3.5416666666666665,948.4485621328465,547.1854760246765,3.102332983739694,1,1,2,0
3.55,947.4320371031781,546.6560876077161,3.112858164477544,1,1,2,0
3.558333333333333,947.6321740876531,546.240408480481,3.098237353551237,1,1,2,0
3.566666666666667,948.167597720458,546.1240615144493,3.1320780917054494,1,1,2,0
3.575,948.4258607748775,546.7994316156681,3.1008853516406014,1,1,2,0
3.5833333333333335,948.7875697337288,547.114938451443,3.1076444729366353,1,1,2,0
3.591666666666667,949.1938291599517,547.1401971581594,3.1102249887621265,1,1,2,0
3.6,950.063415929758,547.495951345226,3.103498470701807,1,1,2,0
3.6083333333333334,949.4960892373713,547.3892251023432,3.075863141632717,1,1,2,0
3.6166666666666667,,,,0,1,2,0
3.625,,,,0,1,2,0
3.6333333333333333,,,,0,1,2,0
3.6416666666666666,,,,0,1,2,0
3.65,,,,0,1,2,0
3.658333333333333,,,,0,1,2,0
3.6666666666666665,,,,0,1,2,0
3.675,,,,0,1,2,0
3.683333333333333,,,,0,1,2,0
3.691666666666667,949.1442173292209,547.3217731012832,3.085138580263408,1,1,2,0
3.7,948.636474016564,547.4887061295149,3.0828178647979274,1,1,2,0
3.7083333333333335,948.3989764055152,547.3556007604471,3.079693021506119,1,1,2,0
3.716666666666667,948.8728092988806,547.9869326309722,3.090741177574005,1,1,2,0
3.725,948.8390434137406,547.9847316020442,3.1277549906039956,1,1,2,0
3.7333333333333334,948.5994042523595,547.4359287090432,3.080132533284548,1,1,2,0
3.7416666666666667,948.0077647113217,547.3900883272108,3.080061348072525,1,1,2,0
3.75,948.0660695334287,547.5560531748772,3.093683424835215,1,1,2,0
3.7583333333333333,948.6245330616031,547.5435442748671,3.134361211504765,1,1,2,0
3.7666666666666666,948.5027964694807,547.6270233242557,3.056545083795009,1,1,2,0
3.775,948.1263264082437,547.0460926731474,3.119355847508881,1,1,2,0
3.783333333333333,948.0294257093639,547.3213176094308,3.0897177934018756,1,1,2,0
3.7916666666666665,947.7059821227471,547.6851553410687,3.121977629449903,1,1,2,0
3.8,948.136004140002,548.1280599373953,3.090673954356845,1,1,2,0
3.808333333333333,946.9874565269788,548.6943639492563,3.0980636050761143,1,1,2,0
3.816666666666667,947.3252818647991,548.5539878633138,3.1309060877708346,1,1,2,0
3.825,947.5084776783262,547.9709955257649,3.096266275455756,1,1,2,0
3.8333333333333335,947.2255061180322,548.212548071383,3.05882298667624,1,1,2,0
3.841666666666667,946.4252329076854,549.1629464004799,3.091226250375982,1,1,2,0
3.85,946.3375224586189,548.8221890135026,3.109528466999861,1,1,2,0
3.8583333333333334,947.2525422978297,548.4703095479924,3.097154340157877,1,1,2,0
3.8666666666666667,946.2805194895401,548.5654825056218,3.100821204995574,1,1,2,0
3.875,945.7612890671603,548.4433035479365,3.1064697722022707,1,1,2,0
3.8833333333333333,945.9635029489034,548.2214812047376,3.0984432793983228,1,1,2,0
3.8916666666666666,945.9663698575333,548.1222951781855,3.0698916005800565,1,1,2,0
3.9,945.6730052374381,547.9362656851439,3.074147924216308,1,1,2,0
3.908333333333333,946.3842762991189,547.830787084814,3.0759441326412995,1,1,2,0
3.9166666666666665,945.7132159313967,547.8984816467771,3.083343184414985,1,1,2,0
3.925,945.5578299642552,547.1723420231788,3.102418189100741,1,1,2,0
3.933333333333333,945.6066881963839,547.0033643839475,3.071587523638696,1,1,2,0
3.941666666666667,945.8105829120955,546.3273822310698,3.116370063893472,1,1,2,0
3.95,946.3624732944013,545.7974636288212,3.090839729129359,1,1,2,0
3.9583333333333335,946.7874012912376,545.1104841450226,3.0809030010693332,1,1,2,0
3.966666666666667,945.6655536029799,546.0467883600382,3.1151722961804973,1,1,2,0
3.975,945.6772344980301,545.9494801669593,3.071737284267439,1,1,2,0
3.9833333333333334,945.7214788286279,546.2965626703111,3.109347856844449,1,1,2,0
3.9916666666666667,946.0642285851821,546.1271805896528,3.0837411137748054,1,1,2,0
4.0,945.7801168436259,545.8650760070063,3.1076867189823454,1,1,2,0
4.008333333333334,945.5585067500651,546.2771937541562,3.0907016874814306,1,1,2,0
4.016666666666667,946.0209164661076,546.7268261237874,3.1045938493313523,1,1,2,0
4.025,945.7171019956282,546.0546082778195,3.0635205376239476,1,1,2,0
4.033333333333333,946.8871472477309,546.25053692406,3.111688669345598,1,1,2,0
4.041666666666667,946.785918349676,547.1375373207469,3.0688708586760356,1,1,2,0
4.05,946.4335367630074,547.9230463157734,3.081444103825313,1,1,2,0
4.058333333333334,946.4051675363446,547.3242160819323,3.1365919252581054,1,1,2,0
4.066666666666666,945.8388741931244,546.2785567556109,3.075891470045567,1,1,2,0
4.075,945.3800301738393,546.5818228074551,3.109481002642308,1,1,2,0
4.083333333333333,946.0763134849184,546.1598866885097,3.116536659476348,1,1,2,0
4.091666666666667,945.9174919656548,545.7642065177904,3.133198912501791,1,1,2,0
4.1,945.759628999107,546.0083820140952,3.114842830876517,1,1,2,0
4.108333333333333,944.5391645288782,545.7637920275297,3.103403818767998,1,1,2,0
4.116666666666666,944.2568351406934,545.7372120645944,3.090610724555226,1,1,2,0
4.125,943.7496914719175,546.2091367262313,3.1164001337438014,1,1,2,0
4.133333333333334,944.3157950642255,546.7085169115358,3.12303000861557,1,1,2,0
4.141666666666667,942.8551439262117,547.0654352136808,3.1249394139795386,1,1,2,0
4.15,942.7925222655421,547.7622370578275,3.1047965428096416,1,1,2,0
4.158333333333333,943.979497449235,547.9269246722647,3.1191292034671703,1,1,2,0
4.166666666666667,944.2284425326986,547.6642717542385,3.133688689319669,1,1,2,0
4.175,944.1306127377928,546.6437189597893,3.109523245702757,1,1,2,0
4.183333333333334,943.74458443922,546.0520884869401,3.112874916069583,1,1,2,0
4.191666666666666,943.0120434797873,546.5491618420069,3.122407746143532,1,1,2,0
4.2,943.4552873694312,546.9418098367041,3.091927382475446,1,1,2,0
4.208333333333333,943.1162044891552,546.7303641965627,3.1372250321162807,1,1,2,0
4.216666666666667,943.1530587694263,547.6890665452992,3.1213437430664914,1,1,2,0
4.225,943.2509024759413,548.7483728130044,3.0944587624820525,1,1,2,0
4.233333333333333,943.2856362291327,548.338064463228,3.1083941857804387,1,1,2,0
4.241666666666666,942.6984411067513,548.3699743400412,3.1514340995094168,1,1,2,0
4.25,943.252533061058,547.9506003466694,3.1604062589998683,1,1,2,0
4.258333333333334,943.2873213003676,547.3330180020067,3.1060840875555766,1,1,2,0
4.266666666666667,942.5633830269237,547.768841248297,3.140645870419674,1,1,2,0
4.275,941.972140244956,547.7071368077953,3.1567865320923656,1,1,2,0
4.283333333333333,941.4215086372218,547.9903836234051,3.1507221953839686,1,1,2,0
4.291666666666667,940.8675863811939,548.3027170245157,3.12282880438173,1,1,2,0
4.3,940.069809477768,547.8326441062749,3.10759081856317,1,1,2,0
4.308333333333334,939.6876290907452,547.2488192339481,3.15300542892015,1,1,2,0
4.316666666666666,939.0997697380393,546.231005579158,3.0940056183938216,1,1,2,0
4.325,939.1725257621245,545.3210537346939,3.1211829749447584,1,1,2,0
4.333333333333333,939.701520396623,544.8859420515228,3.072858383277565,1,1,2,0
4.341666666666667,939.7202217382033,544.9335272216473,3.1339979010254937,1,1,2,0
4.35,940.3896961549164,544.7935110259502,3.1360254594279486,1,1,2,0
4.358333333333333,941.4359566255068,544.7096672941037,3.1391223516345788,1,1,2,0
4.366666666666666,940.6124071571768,544.8145390878839,3.1163567113829354,1,1,2,0
4.375,939.8799277371759,545.488112908222,3.1454748055242123,1,1,2,0
4.383333333333334,940.3716521557653,545.582167912041,3.160287984325456,1,1,2,0
4.391666666666667,940.6659230101253,545.5241085655695,3.1000909896402944,1,1,2,0
4.4,941.8625749197179,544.9876272991273,3.137166084057708,1,1,2,0
4.408333333333333,941.1887641064976,544.5165986562561,3.129940915426852,1,1,2,0
4.416666666666667,940.8220031372443,544.6162143738903,3.137259794404127,1,1,2,0
4.425,940.7951741669935,544.5617377488563,3.136783874419026,1,1,2,0
4.433333333333334,940.559760239131,543.8114998319696,3.1619998328496153,1,1,2,0
4.441666666666666,940.964924097162,543.5353550089151,3.1353689435055423,1,1,2,0
4.45,941.326279175343,543.6445171183775,3.102954579616957,1,1,2,0
4.458333333333333,941.3120601253893,542.8531395133788,3.1132475236088184,1,1,2,0
4.466666666666667,941.4155037470999,543.133882914558,3.1097761704781686,1,1,2,0
4.475,941.9382307579879,543.6832524213786,3.1118247223184867,1,1,2,0
4.483333333333333,941.8368920069134,543.3205743604092,3.157019545634887,1,1,2,0
4.491666666666666,941.9781065668476,543.2427628008804,3.1991892700070603,1,1,2,0
4.5,942.1726941249764,542.4932148522429,3.159290932842397,1,1,2,0
4.508333333333334,941.7091284456599,542.608988534076,3.1335333067275455,1,1,2,0
4.516666666666667,941.8940674822095,542.3485665479895,3.1296112786446044,1,1,2,0
4.525,942.0141504695529,541.7695518395867,3.1296805782740216,1,1,2,0
4.533333333333333,941.3987830399791,540.7580702768798,3.1266514164565824,1,1,2,0
4.541666666666667,941.9670392774756,540.0852609727754,3.146426027920257,1,1,2,0
4.55,942.3444158534802,539.3065183055861,3.1304058405595985,1,1,2,0
4.558333333333334,942.191367760851,539.5289110880773,3.160437273233762,1,1,2,0
4.566666666666666,942.5892904162107,539.9704224817996,3.123698941193922,1,1,2,0
4.575,942.56362092801,540.2145565511059,3.169590252792111,1,1,2,0
4.583333333333333,942.0578124929511,540.4908592884843,3.175648205585955,1,1,2,0
4.591666666666667,941.2118219295497,540.6236490272042,3.1604355993397495,1,1,2,0
4.6,940.8148431996755,540.954955241469,3.16912023391495,1,1,2,0
4.608333333333333,940.9085528775089,541.2606751050015,3.1262402624921948,1,1,2,0
4.616666666666666,940.9656986195392,541.3638623933878,3.14705792613736,1,1,2,0
4.625,940.8312645750754,541.9364373612166,3.127975511313123,1,1,2,0
4.633333333333334,942.0495459538754,542.2590398616076,3.1479828601024384,1,1,2,0
4.641666666666667,942.0326520716081,541.5553647468413,3.1244099247304384,1,1,2,0
4.65,942.3442089402831,542.1507225538654,3.1640159961021492,1,1,2,0
4.658333333333333,941.9036091040086,542.5258372375305,3.1701622490374084,1,1,2,0
4.666666666666667,941.8599511773414,541.9746837435788,3.182210598933806,1,1,2,0
4.675,940.7361139973018,542.087156679013,3.1932655042882696,1,1,2,0
4.683333333333334,941.1092094313055,542.0620106853418,3.1943424022919973,1,1,2,0
4.691666666666666,941.3112370112118,541.6567319598851,3.165911170646979,1,1,2,0
4.7,941.0128244639722,542.1526464346472,3.165437302962474,1,1,2,0
4.708333333333333,940.164015779334,542.4047236838978,3.178468965514733,1,1,2,0
4.716666666666667,940.3739836640037,542.6252000890536,3.16256884342694,1,1,2,0
4.725,940.3968101518097,542.5435079691573,3.169605635002049,1,1,2,0
4.733333333333333,939.8014774722419,542.107225692539,3.1706086292486426,1,1,2,0
4.741666666666666,939.8440893625058,541.3694049621602,3.1708870222679724,1,1,2,0
4.75,940.2768499660986,541.4335295458196,3.1470096944413024,1,1,2,0
4.758333333333334,940.7254254624405,541.3507785288288,3.1412401726757166,1,1,2,0
4.766666666666667,940.2870839022258,540.6535044892723,3.1943884913403098,1,1,2,0
4.775,940.3351470172532,540.3737993172155,3.14273906598339,1,1,2,0
4.783333333333333,939.4573935098313,540.1004731230181,3.1743909915407613,1,1,2,0
4.791666666666667,938.8294948349096,539.8428004282289,3.1750124014391314,1,1,2,0
4.8,938.4566433943828,540.1269373446133,3.193112950525029,1,1,2,0
4.808333333333334,938.4651814570416,539.9506987842161,3.1983752335600815,1,1,2,0
4.816666666666666,1287.4212812007709,569.4576522172624,3.153502949220101,1,1,2,0
4.825,1287.4888813284047,569.7445588278765,3.1484382595748706,1,1,2,0
4.833333333333333,939.4749583669601,540.9561878364475,3.1791286303227384,1,1,2,0
4.841666666666667,939.9518037529773,541.0714253289232,3.1864987153610542,1,1,2,0
4.85,939.5879369266586,541.04297222546,3.2173085372883383,1,1,2,0
4.858333333333333,939.4097387471837,540.3832176773604,3.140219893770858,1,1,2,0
4.866666666666666,938.4886276094517,540.4181314095604,3.1689462751658026,1,1,2,0
4.875,937.4859859848212,540.4429514213067,3.167138277817309,1,1,2,0
4.883333333333334,938.1954087475455,541.3857628903838,3.142123411983469,1,1,2,0
4.891666666666667,937.4666587401082,541.3360457418709,3.1846559450850895,1,1,2,0
4.9,937.5132584104335,541.0438749926383,3.1932229865695505,1,1,2,0
4.908333333333333,937.6879814011451,540.9359146112926,3.182060469739099,1,1,2,0
4.916666666666667,938.0216518351177,541.1613047388622,3.2108138596753135,1,1,2,0
4.925,938.196092191305,540.8302206185722,3.191280329766624,1,1,2,0
4.933333333333334,938.2624570441867,541.3420002843001,3.195612974957037,1,1,2,0
4.941666666666666,937.7349058294117,542.0176315004577,3.172586082320518,1,1,2,0
4.95,937.6139407948251,541.9991570145575,3.1926520814914614,1,1,2,0
4.958333333333333,937.2293175044975,541.1418968124577,3.225118747310987,1,1,2,0
4.966666666666667,937.8396877005653,542.0048960114489,3.1975715826755615,1,1,2,0
4.975,937.2340902468093,542.4446182399195,3.2105923723308947,1,1,2,0
4.983333333333333,937.5701494507063,542.5395039918799,3.178186046875702,1,1,2,0
4.991666666666666,937.5072834278006,542.5743040490612,3.2214420294899093,1,1,2,0
5.0,938.3170949044736,542.7514937655449,3.172646670352997,1,1,2,0
5.008333333333334,937.974928639867,543.8957272816593,3.193256582998112,1,1,2,0
5.016666666666667,938.4104293559094,544.523726134854,3.206993956555553,1,1,2,0
5.025,939.7776138666765,544.9054201817731,3.2000917972218903,1,1,2,0
5.033333333333333,939.2081551235707,544.7741378521865,3.2217197945426994,1,1,2,0
5.041666666666667,939.4013864969685,544.2767749024229,3.216941123249186,1,1,2,0
5.05,938.855485167103,543.5060218725159,3.2157963808662107,1,1,2,0
5.058333333333334,939.2234599508984,543.6267598890462,3.2119358649458674,1,1,2,0
5.066666666666666,939.7348592788336,543.5074493592922,3.2162651763379615,1,1,2,0
5.075,939.7082275513546,542.9242061303836,3.192235145954437,1,1,2,0
5.083333333333333,939.1904777145712,542.4245450827246,3.2327764841982782,1,1,2,0
5.091666666666667,939.1742392016855,542.3962183170227,3.1760452250787794,1,1,2,0
5.1,938.1373245671189,541.5069782935619,3.2269364290481337,1,1,2,0
5.108333333333333,938.8247761382196,541.9580782069672,3.213741437601224,1,1,2,0
5.116666666666666,939.3967224514907,541.6885414964635,3.2546841245238975,1,1,2,0
5.125,939.2406412586255,542.6698803005244,3.2018533695348603,1,1,2,0
5.133333333333334,939.4578520768647,543.8348922308537,3.2438961514157447,1,1,2,0
5.141666666666667,939.2163345084688,543.9763756589222,3.219014488078172,1,1,2,0
5.15,939.6624750758767,544.414789110213,3.243524389639986,1,1,2,0
5.158333333333333,939.9891499435197,544.5270485837633,3.2516482998322433,1,1,2,0
5.166666666666667,940.2363527963414,543.9824469773813,3.238318612337308,1,1,2,0
5.175,939.9750630260373,544.1249899729207,3.240585347733313,1,1,2,0
5.183333333333334,940.4379095315762,543.2541277443175,3.2202185936809116,1,1,2,0
5.191666666666666,941.0727404879592,543.2006423237016,3.248883617799249,1,1,2,0
5.2,940.7026935325954,542.3300459466835,3.2694114984233433,1,1,2,0
5.208333333333333,940.99526683208,542.4938205514777,3.2409828733607795,1,1,2,0
5.216666666666667,940.7886245548799,542.1202387827684,3.2894288485842673,1,1,2,0
5.225,941.6635795907561,542.5176466528226,3.240789126512438,1,1,2,0
5.233333333333333,941.1098303434288,541.895204090363,3.253665160391003,1,1,2,0
5.241666666666666,941.7452074503533,541.3968586087074,3.2638344495582423,1,1,2,0
5.25,941.6676625439846,541.6025736088983,3.311789409624568,1,1,2,0
5.258333333333334,941.9591530126303,539.9479518160463,3.2647690296005263,1,1,2,0
5.266666666666667,941.3451918090625,540.007784884593,3.268571516866834,1,1,2,0
5.275,941.6795300346544,539.7463747000361,3.303325559874126,1,1,2,0
5.283333333333333,941.9956724270992,539.3514704620678,3.2925433333400234,1,1,2,0
5.291666666666667,941.9135408732375,539.7964289302262,3.309829772117825,1,1,2,0
5.3,941.7806838525349,539.5098511448184,3.2760594685517668,1,1,2,0
5.308333333333334,941.9447599564597,538.7180061557417,3.2695863703133345,1,1,2,0
5.316666666666666,942.2442610634314,538.4679059983636,3.3191828869223046,1,1,2,0
5.325,942.2153844782955,538.5953049908841,3.315446734895848,1,1,2,0
5.333333333333333,941.4180366527894,539.1838830506301,3.295695875776995,1,1,2,0
5.341666666666667,940.7494712408487,539.6017335175683,3.281955834198754,1,1,2,0
5.35,940.625580930662,540.4718742626426,3.31030618565459,1,1,2,0
5.358333333333333,940.2165101105245,540.964163433829,3.269827668439769,1,1,2,0
5.366666666666666,940.9854658300944,541.3119065020318,3.2464013405006638,1,1,2,0
5.375,940.9554271191807,541.1969841641027,3.31743361951284,1,1,2,0
5.383333333333334,941.8602075436083,540.1768233892846,3.2961542439613605,1,1,2,0
5.391666666666667,941.1169804234994,540.1568553253076,3.288277590456531,1,1,2,0
5.4,941.3957275127209,540.3452746722458,3.3033650905965293,1,1,2,0
5.408333333333333,941.325306303165,540.4936093455145,3.3008268612036935,1,1,2,0
5.416666666666667,941.1527171458149,539.6542341466569,3.2840948067018614,1,1,2,0
5.425,940.7311612458041,540.1778256782286,3.3230448036154034,1,1,2,0
5.433333333333334,940.9908208267414,540.1241380223514,3.3024037841204827,1,1,2,0
5.441666666666666,1141.5314742528494,375.8702562235857,3.2796594267397783,1,1,2,0
5.45,1141.7904485749004,376.3782007095372,3.3169892662290543,1,1,2,0
5.458333333333333,941.0682844103883,540.5087171002413,3.303285674116384,1,1,2,0
5.466666666666667,941.6133510658246,539.7824801084337,3.270694945466583,1,1,2,0
5.475,940.987207057776,538.9425801674854,3.2522812932206504,1,1,2,0
5.483333333333333,940.9455981508748,538.0249572541692,3.2650532591174035,1,1,2,0
5.491666666666666,941.3241854733299,537.7379089635403,3.2650595029396787,1,1,2,0
5.5,941.3761307413322,538.5075054572096,3.2974621198992375,1,1,2,0
5.508333333333334,941.5235070727957,538.8460289817048,3.3094920833413592,1,1,2,0
5.516666666666667,941.5409091732627,538.128587488952,3.28327797236464,1,1,2,0
5.525,941.4864670338833,538.0597399575703,3.2632588384538477,1,1,2,0
5.533333333333333,940.7737388932419,536.9016586826851,3.2986957680309335,1,1,2,0
5.541666666666667,941.1615131139918,536.7289809710572,3.2506744045473,1,1,2,0
5.55,941.3725281208667,537.2881531556973,3.285012822980351,1,1,2,0
5.558333333333334,941.021360680462,538.5331561880029,3.3123895723556225,1,1,2,0
5.566666666666666,940.0526159235261,538.1091840849167,3.2844095017997175,1,1,2,0
5.575,940.0842207624142,538.2652754642774,3.268429975801333,1,1,2,0
5.583333333333333,940.1862478709529,538.6802315128494,3.234784599585274,1,1,2,0
5.591666666666667,940.4669924968138,539.3320334140597,3.3053047783634386,1,1,2,0
5.6,941.2510642167678,539.4926670502491,3.2864766041279143,1,1,2,0
5.608333333333333,941.0573338149694,539.824414046423,3.2655762934675447,1,1,2,0
5.616666666666666,941.470932317186,539.807554986284,3.2611205516693236,1,1,2,0
5.625,942.0944568604856,539.0672531025973,3.2720885083278017,1,1,2,0
5.633333333333334,941.6892516665043,539.1176312605046,3.270724844413647,1,1,2,0
5.641666666666667,942.0784165086948,539.1525031880759,3.271523704596443,1,1,2,0
5.65,942.119796473035,539.1028754524837,3.2902828406915163,1,1,2,0
5.658333333333333,941.0563740706775,538.2589015604068,3.2537773740144162,1,1,2,0
5.666666666666667,940.526095855231,538.8124812994113,3.2608341978078417,1,1,2,0
5.675,940.5042342425047,538.7180748299807,3.2366424341049975,1,1,2,0
5.683333333333334,940.5718399881083,539.5061472909207,3.305599037254676,1,1,2,0
5.691666666666666,940.7069009912826,539.1977976944734,3.2526059768021174,1,1,2,0
5.7,940.672974186943,538.8761891328405,3.3148755267988803,1,1,2,0
5.708333333333333,940.6194581055294,538.5815120778602,3.274023291080673,1,1,2,0
5.716666666666667,940.990725398646,538.6613285990185,3.2588045269519386,1,1,2,0
5.725,940.9129647664734,538.9849207702086,3.2581463137231217,1,1,2,0
5.733333333333333,941.0501458284057,538.4997129400714,3.2868876260356257,1,1,2,0
5.741666666666666,941.1641646568685,537.7533257138259,3.25697237424259,1,1,2,0
5.75,941.9830032632727,538.1370907250506,3.2761663778110646,1,1,2,0
5.758333333333334,941.7402151645156,537.0784618971907,3.263953118784616,1,1,2,0
5.766666666666667,941.9425682690601,537.5464169170785,3.2684045258449186,1,1,2,0
5.775,941.7257812097077,536.76567296136,3.254616081939404,1,1,2,0
5.783333333333333,940.9584565252856,538.1490837072444,3.297040984027284,1,1,2,0
5.791666666666667,940.6667957559334,537.834389899502,3.288778091879953,1,1,2,0
5.8,941.0987309065382,537.5270590392141,3.318206124145608,1,1,2,0
5.808333333333334,939.5660102272009,537.8256006432393,3.294655656838862,1,1,2,0
5.816666666666666,939.5259921448635,537.9718206148735,3.2696586657317104,1,1,2,0
5.825,938.4935179421858,537.4691715170432,3.2709195480927793,1,1,2,0
5.833333333333333,937.949400625979,538.0235819746717,3.2880287209398955,1,1,2,0
5.841666666666667,938.2179858137137,538.2614813570174,3.2941925440764077,1,1,2,0
5.85,938.1804750202946,538.4168236794421,3.2877640419213945,1,1,2,0
5.858333333333333,937.9949997082383,537.4893406645197,3.2520831913646737,1,1,2,0
5.866666666666666,939.0821202564753,537.4684851973985,3.278208333981184,1,1,2,0
5.875,939.2470342085401,537.2391900946868,3.2874786247251264,1,1,2,0
5.883333333333334,939.0041980350713,536.5507794796474,3.287433727275308,1,1,2,0
5.891666666666667,939.0708940559794,536.7156087312709,3.309833052474147,1,1,2,0
5.9,939.3852749096164,536.9359636304845,3.298979972142726,1,1,2,0
5.908333333333333,940.2196783863114,536.6278567712659,3.2815043988858585,1,1,2,0
5.916666666666667,939.5471542585957,536.9158891848958,3.3045394532134487,1,1,2,0
5.925,939.1856917765372,537.0123993181913,3.299096352564277,1,1,2,0
5.933333333333334,938.9299695126151,536.8103480209004,3.293806530571475,1,1,2,0
5.941666666666666,938.9764621026653,537.6564210133562,3.260586383617841,1,1,2,0
5.95,939.1372743319174,537.4695862265991,3.3141154428596087,1,1,2,0
5.958333333333333,938.5926551133,538.7506555351894,3.317854840859527,1,1,2,0
5.966666666666667,937.7662064618313,538.0949026012167,3.3017834906594374,1,1,2,0
5.975,938.2197616228422,537.6113304903305,3.2811436934242626,1,1,2,0
5.983333333333333,937.8971439734801,537.3088127521312,3.2902571916685788,1,1,2,0
5.991666666666666,938.3902000227658,537.790091960549,3.2777616797334925,1,1,2,0
6.0,938.4964622770211,538.3831046041921,3.2933260118607723,1,1,2,0
6.008333333333334,1012.5262557736057,655.7674342010932,3.2667203266075493,1,1,2,0
6.016666666666667,1012.5310076165755,655.831742842954,3.303552335279318,1,1,2,0
6.025,938.305291107749,539.010027440444,3.295486190085681,1,1,2,0
6.033333333333333,938.9020128873403,539.3545448310862,3.2926931448157015,1,1,2,0
6.041666666666667,939.4627053385885,539.4253891667728,3.3029517749268864,1,1,2,0
6.05,940.6757267666271,538.8808348382273,3.299277738053394,1,1,2,0
6.058333333333334,941.0675391310797,539.5366540077196,3.3182146307206946,1,1,2,0
6.066666666666666,940.7528658091481,540.6251431276237,3.3233657954751,1,1,2,0
6.075,940.3329340998367,540.6113411534276,3.2926946254997587,1,1,2,0
6.083333333333333,941.4252592571113,540.4755599783532,3.2953879255538583,1,1,2,0
6.091666666666667,941.1794933481204,540.8482168288701,3.28082267724164,1,1,2,0
6.1,940.8680639682972,541.2898520803402,3.2753042807315635,1,1,2,0
6.108333333333333,940.7160423012556,541.7376800721833,3.2732932458029134,1,1,2,0
6.116666666666666,940.5854782224909,541.8905690824761,3.2713940581038017,1,1,2,0
6.125,940.6340482417216,542.4749203803603,3.2927238607442697,1,1,2,0
6.133333333333334,941.3284822987226,542.5157592129051,3.3008546412189195,1,1,2,0
6.141666666666667,940.9765029724666,542.5915991648508,3.3040226758875506,1,1,2,0
6.15,941.0724106933889,542.1663016859003,3.3529183942027387,1,1,2,0
6.158333333333333,942.1960129305769,542.1054802389476,3.2893459145670105,1,1,2,0
6.166666666666667,942.5687205172505,542.2023116526101,3.297785141677238,1,1,2,0
6.175,943.1319800122369,542.7023622803205,3.2672506840537867,1,1,2,0
6.183333333333334,943.8330976790578,542.8517512413282,3.302700917911647,1,1,2,0
6.191666666666666,943.8623439811226,544.0457060690522,3.254624098132247,1,1,2,0
6.2,942.5672546709551,543.612410246046,3.318023099969322,1,1,2,0
6.208333333333333,943.0764360176901,543.4807583416775,3.2560436677678277,1,1,2,0
6.216666666666667,943.8321205228044,542.9043235651791,3.2984683591823174,1,1,2,0
6.225,944.1070575880318,542.9488736328724,3.2917198047184266,1,1,2,0
6.233333333333333,943.7446004262121,542.8512934939187,3.3060214431975736,1,1,2,0
6.241666666666666,944.0885799880919,542.397502531859,3.3069149057435236,1,1,2,0
6.25,944.5718719445098,541.8908358539859,3.2895967726836197,1,1,2,0
6.258333333333334,943.5374175219766,542.1778513819665,3.301534481100584,1,1,2,0
6.266666666666667,943.9784091272398,542.0988570606819,3.27087178368971,1,1,2,0
6.275,943.4384580131002,543.5031361314441,3.2681544139454135,1,1,2,0
6.283333333333333,944.2474678972567,544.795974790984,3.3093324111849745,1,1,2,0
6.291666666666667,944.7148754912766,544.4324866202292,3.3392199885646154,1,1,2,0
6.3,945.6581344175811,545.2090614631954,3.3249573039479543,1,1,2,0
6.308333333333334,945.3580694680667,545.9726534657614,3.3023156697148996,1,1,2,0
6.316666666666666,945.9583196112006,546.861147735651,3.3084923060085805,1,1,2,0
6.325,946.2037304818681,546.9419540296784,3.30190627526249,1,1,2,0
6.333333333333333,946.1436032029254,546.5141569598147,3.3109084106256397,1,1,2,0
6.341666666666667,946.1524526640038,546.8132414230633,3.280625626580421,1,1,2,0
6.35,946.0766168172613,547.2693150764046,3.291837703406662,1,1,2,0
6.358333333333333,945.9164270898497,546.9005251442442,3.3038932048075593,1,1,2,0
6.366666666666666,946.1938647017596,546.2237085806381,3.28639046289636,1,1,2,0
6.375,946.3024112498902,545.5392172793396,3.3022445135942435,1,1,2,0
6.383333333333334,946.3835643968445,545.9785166776622,3.299864078771631,1,1,2,0
6.391666666666667,946.5692909832952,545.9954296275538,3.2623862007991145,1,1,2,0
6.4,945.9362997857129,545.8074484881614,3.3281246541375262,1,1,2,0
6.408333333333333,946.722875344049,546.3393323575131,3.2766350758232408,1,1,2,0
6.416666666666667,947.0811516266765,546.2848020576051,3.3153329962968443,1,1,2,0
6.425,946.7112670392183,546.3919267912901,3.2498716333027797,1,1,2,0
6.433333333333334,946.7316046850085,545.9353345541804,3.317584351195727,1,1,2,0
6.441666666666666,946.7896599855667,546.2895619875944,3.2953238245550946,1,1,2,0
6.45,946.912761707767,545.9100020058348,3.3226628521943393,1,1,2,0
6.458333333333333,947.3108714041674,546.424908668898,3.2625010114880957,1,1,2,0
6.466666666666667,947.3238803506932,546.8509392151773,3.3121385538436514,1,1,2,0
6.475,947.6356149686916,547.2048508555031,3.2894368853483984,1,1,2,0
6.483333333333333,947.8737997988567,546.6980984756672,3.323140040574083,1,1,2,0
6.491666666666666,947.6590212427834,547.2293300754992,3.283417066332316,1,1,2,0
6.5,947.9877732301967,546.8658040355568,3.2911745728500486,1,1,2,0
6.508333333333334,948.8687409713435,546.7193280894319,3.291986549015747,1,1,2,0
6.516666666666667,948.5141898056985,546.4890751136054,3.3169302638039397,1,1,2,0
6.525,948.8515340310548,545.9565755337251,3.2726723545930154,1,1,2,0
6.533333333333333,948.6611150941712,545.8744619298158,3.256352516227066,1,1,2,0
6.541666666666667,948.4091294979155,545.6710957299202,3.313334329551587,1,1,2,0
6.55,947.9983350148497,546.3274387238197,3.279253931022842,1,1,2,0
6.558333333333334,948.4598284671627,546.304418250634,3.309694698983883,1,1,2,0
6.566666666666666,948.3514125195112,545.5065971730429,3.273400346688519,1,1,2,0
6.575,947.5645103747353,545.8109574388003,3.2745842028216243,1,1,2,0
6.583333333333333,947.7965920155405,545.5518803871611,3.2777805218116742,1,1,2,0
6.591666666666667,948.2001585388819,545.2094431853151,3.2858190605758457,1,1,2,0
6.6,948.2868523085363,545.0199323650119,3.290248156311142,1,1,2,0
6.608333333333333,948.2407074841692,544.6714056938072,3.3197778606605057,1,1,2,0
6.616666666666666,947.7014298352162,544.6158672553282,3.2674969734618933,1,1,2,0
6.625,948.3019785953514,545.1211661283814,3.316501214257069,1,1,2,0
6.633333333333334,948.522666324183,545.6163007189059,3.345439151397954,1,1,2,0
6.641666666666667,948.7213489500979,545.8240285960015,3.301115397143773,1,1,2,0
6.65,949.2919579531606,546.3322266872336,3.279850779551211,1,1,2,0
6.658333333333333,948.977284562074,546.1185889141054,3.2769003639841463,1,1,2,0
6.666666666666667,948.875867031239,546.2821449055665,3.25081667297917,1,1,2,0
6.675,949.295591894535,546.4494487309123,3.2808505423331877,1,1,2,0
6.683333333333334,915.841317212389,945.4470996169276,3.2587119282494488,1,1,2,0
6.691666666666666,915.2819270837526,945.3558350485022,3.287786274064514,1,1,2,0
6.7,947.9047850882041,546.5566124465348,3.2607743748460982,1,1,2,0
6.708333333333333,947.1173612925318,546.4226429711941,3.258480634392321,1,1,2,0
6.716666666666667,946.5199412386586,546.5562096909164,3.290837269416988,1,1,2,0
6.725,946.6504852041992,546.6161661278358,3.2704282552968307,1,1,2,0
6.733333333333333,946.416972327572,546.2677196183957,3.311999036833212,1,1,2,0
6.741666666666666,947.4614936892264,546.1738614028458,3.286045477103224,1,1,2,0
6.75,947.2013123515924,546.3355849637838,3.2692790199536232,1,1,2,0
6.758333333333334,946.676083050837,545.9496529234995,3.303228817301472,1,1,2,0
6.766666666666667,946.6703181892611,544.5295319606598,3.2905771061211637,1,1,2,0
6.775,946.5062380009208,544.2840757655414,3.2801968769959386,1,1,2,0
6.783333333333333,946.8119312253394,543.8957793535634,3.234181373873527,1,1,2,0
6.791666666666667,946.4906615005269,542.5796355200729,3.2741363872396834,1,1,2,0
6.8,946.8582189270153,542.7018191491483,3.3002272290117767,1,1,2,0
6.808333333333334,947.3927527256453,543.1264190422695,3.2892530430172173,1,1,2,0
6.816666666666666,947.7520045511993,542.9994250188657,3.284555537615764,1,1,2,0
6.825,948.4309856725639,544.5711223001041,3.2809171494817373,1,1,2,0
6.833333333333333,947.6561479408589,543.8550494990924,3.325164701840857,1,1,2,0
6.841666666666667,947.6274272342233,543.9644633471462,3.276726148537854,1,1,2,0
6.85,948.1640682980353,543.2989598746501,3.285553862838814,1,1,2,0
6.858333333333333,947.9104060562273,543.7117821930698,3.260239204644835,1,1,2,0
6.866666666666666,948.8696454690413,542.5822277573453,3.2798626519088465,1,1,2,0
6.875,947.8941238111064,542.8755193710793,3.2708866039658933,1,1,2,0
6.883333333333334,948.0790763413315,542.8492412987861,3.2471277203764592,1,1,2,0
6.891666666666667,948.0044446474519,542.6918392771066,3.2738890037867696,1,1,2,0
6.9,947.6564484867481,543.1634000828323,3.2580595804563974,1,1,2,0
6.908333333333333,948.2312724915068,542.1125796427258,3.3135981529874026,1,1,2,0
6.916666666666667,948.3468808011864,542.2457345221537,3.312045913836202,1,1,2,0
6.925,946.9359056288764,542.9095870027793,3.246333625391725,1,1,2,0
6.933333333333334,946.9580656284317,542.4245610353111,3.2714733758814574,1,1,2,0
6.941666666666666,947.0903705632363,542.7335440391826,3.2836673917308583,1,1,2,0
6.95,947.9723993423177,542.6584653435864,3.2854233162521433,1,1,2,0
6.958333333333333,947.809830438766,542.6329204026687,3.262863620825921,1,1,2,0
6.966666666666667,947.9002142186168,542.4037736200507,3.2541354046968323,1,1,2,0
6.975,949.0606426124356,542.2541936018316,3.27492784500746,1,1,2,0
6.983333333333333,948.6885702244205,541.808417513522,3.286542261651951,1,1,2,0
6.991666666666666,948.6555974925116,541.7156359671145,3.246481150815883,1,1,2,0
7.0,948.6281087295077,542.4616399376746,3.2235389286788934,1,1,2,0
7.008333333333334,948.5987907716041,542.3193158730124,3.292775821956686,1,1,2,0
7.016666666666667,948.1370057266736,542.0560450389758,3.244820738100223,1,1,2,0
7.025,948.5678907237323,542.9112612321715,3.2819383020310826,1,1,2,0
7.033333333333333,948.0595875531451,542.869371486869,3.2672349444875874,1,1,2,0
7.041666666666667,947.815512118836,543.1846528761379,3.2452973698912078,1,1,2,0
7.05,947.6228595641688,543.2949075717631,3.2600099337259474,1,1,2,0
7.058333333333334,947.3130474402521,544.026274536602,3.255144771947859,1,1,2,0
7.066666666666666,947.1012131765597,543.4660726060611,3.2475126989881367,1,1,2,0
7.075,947.3447515631427,543.2566929009256,3.206680761133262,1,1,2,0
7.083333333333333,947.6092403091832,543.0483055743904,3.236539850396021,1,1,2,0
7.091666666666667,947.6745371707519,542.9066924363685,3.2292329454538637,1,1,2,0
7.1,948.22791278415,542.7867892456177,3.24562486075776,1,1,2,0
7.108333333333333,947.510149777183,543.2330419353545,3.247618609867396,1,1,2,0
7.116666666666666,946.778927332411,542.825343866425,3.2776818025792336,1,1,2,0
7.125,946.580813483096,542.0882836017087,3.22375115543202,1,1,2,0
7.133333333333334,946.0411392809931,541.4821477662298,3.2446514396522033,1,1,2,0
7.141666666666667,945.6146947693727,541.1525126994753,3.2734727965351196,1,1,2,0
7.15,944.9653772620279,541.4262909738503,3.239189960646028,1,1,2,0
7.158333333333333,945.4923776611536,541.2792821873915,3.2382366090086965,1,1,2,0
7.166666666666667,945.9852996323984,541.5795152260607,3.260004083886383,1,1,2,0
7.175,945.7590139612374,541.3876873514056,3.238951182250371,1,1,2,0
7.183333333333334,945.8250182627727,541.35891553348,3.2185289940984863,1,1,2,0
7.191666666666666,945.4380193570088,541.1480643159651,3.214935989804883,1,1,2,0
7.2,944.9368042316537,542.0528874561517,3.2096682890667982,1,1,2,0
7.208333333333333,945.0342233093911,542.8172540670402,3.240815297955416,1,1,2,0
7.216666666666667,944.8833489012575,543.2120512436987,3.2476583292529186,1,1,2,0
7.225,945.0442560567146,543.1043154537165,3.207574994526545,1,1,2,0
7.233333333333333,944.5142903238192,543.1014278169408,3.2265822142572693,1,1,2,0
7.241666666666666,944.5433218374864,543.266709570169,3.210197340750474,1,1,2,0
7.25,945.7081196408739,543.4110856975695,3.249278833643508,1,1,2,0
7.258333333333334,945.4911242577143,543.3743427788993,3.2136093276471014,1,1,2,0
7.266666666666667,945.8715050663723,543.2089969385993,3.242256460941428,1,1,2,0
7.275,947.3700912388204,542.747281370206,3.240830322489583,1,1,2,0
7.283333333333333,947.5290103192939,542.13624606558,3.203896604960114,1,1,2,0
7.291666666666667,948.6789929753918,542.3981089088813,3.2113143048132518,1,1,2,0
7.3,947.5466812730469,543.1277201734844,3.2200208533368793,1,1,2,0
7.308333333333334,947.7341811079683,542.6464769124691,3.238272650233965,1,1,2,0
7.316666666666666,947.8916989616882,541.8414255389172,3.2068010989597187,1,1,2,0
7.325,948.2949270693579,542.0369370726414,3.2204312371189703,1,1,2,0
7.333333333333333,949.2355080058453,541.7025800580333,3.2001986704142213,1,1,2,0
7.341666666666667,949.3805529752834,541.7887840358773,3.234471160636258,1,1,2,0
7.35,949.4694779577508,541.9962032940698,3.205133126626119,1,1,2,0
7.358333333333333,949.366439922079,541.7717310960522,3.2419033342697916,1,1,2,0
7.366666666666666,948.7226656372842,542.1551923144636,3.1855370743376974,1,1,2,0
7.375,948.98042139824,542.2515069719403,3.2215039177840996,1,1,2,0
7.383333333333334,948.8351975911885,542.053599951676,3.2055604916021836,1,1,2,0
7.391666666666667,948.9128941769942,542.1140000432506,3.2389710324985805,1,1,2,0
7.4,948.0684285802778,541.593951475934,3.2194970954738826,1,1,2,0
7.408333333333333,947.663957100263,541.3405651481968,3.1866923617079066,1,1,2,0
7.416666666666667,946.9878738343341,541.488647031731,3.2273299296717166,1,1,2,0
7.425,947.1273525803803,541.6952420076823,3.200616488680633,1,1,2,0
7.433333333333334,947.1956984223665,541.7371227269506,3.2071536304853945,1,1,2,0
7.441666666666666,947.3986634170681,541.4355804583591,3.2292542154671464,1,1,2,0
7.45,947.7398777744525,541.2710607003027,3.2148825024495267,1,1,2,0
7.458333333333333,947.488245033248,540.9356791927661,3.2023861582592446,1,1,2,0
7.466666666666667,947.9795194585472,540.474104692486,3.2257209210492035,1,1,2,0
7.475,947.5489151201198,541.4405014012568,3.211460978784171,1,1,2,0
7.483333333333333,947.5680440957959,541.7867809077582,3.213657475897481,1,1,2,0
7.491666666666666,948.1651401883312,541.8420292578578,3.2027440686560618,1,1,2,0
7.5,948.8973118439087,541.5712786327824,3.223194335013057,1,1,2,0
7.508333333333334,949.2706344589129,540.7092930153633,3.183539745401744,1,1,2,0
7.516666666666667,949.433062195684,540.6286680556832,3.1879443551261906,1,1,2,0
7.525,948.9725496829227,540.6177356109436,3.2087012672825495,1,1,2,0
7.533333333333333,948.2031323891953,541.610221040464,3.182299495538057,1,1,2,0
7.541666666666667,948.2798090536024,541.567930960947,3.1993182901881085,1,1,2,0
7.55,948.2348500657367,541.715069940151,3.208153546349806,1,1,2,0
7.558333333333334,948.5187786377328,541.7496931519214,3.188835861755866,1,1,2,0
7.566666666666666,949.0515223547919,541.4447091833795,3.210326674410642,1,1,2,0
7.575,948.4620475373324,541.1678329739273,3.218804258522745,1,1,2,0
7.583333333333333,948.592888436944,540.8377618228762,3.186370109742828,1,1,2,0
7.591666666666667,948.7949854940923,540.1829251615915,3.1929852166917603,1,1,2,0
7.6,948.7772317608708,538.8453008762604,3.19589138210775,1,1,2,0
7.608333333333333,949.3958652394846,538.0556830618384,3.2076944904072984,1,1,2,0
7.616666666666666,949.7074954170059,537.5584520139605,3.17203826154316,1,1,2,0
7.625,949.5018179824723,537.6938100281329,3.1952040389907843,1,1,2,0
7.633333333333334,949.2685406998982,538.0513362918654,3.1776300391975854,1,1,2,0
7.641666666666667,948.9621797535598,537.2089017601515,3.185320249560366,1,1,2,0
7.65,949.2589767306199,536.7450113242824,3.152418376683319,1,1,2,0
7.658333333333333,950.1315260172067,536.4245868991121,3.19521824924234,1,1,2,0
7.666666666666667,950.1630108110976,536.9829275091898,3.1471492428334136,1,1,2,0
7.675,950.2111170676288,537.4086000600735,3.1401926247041385,1,1,2,0
7.683333333333334,950.2967042146511,537.7196317645725,3.1686007294329968,1,1,2,0
7.691666666666666,950.3488076550054,538.0213084752786,3.1861707482463313,1,1,2,0
7.7,950.5907344978706,537.7344825858896,3.1963999620745738,1,1,2,0
7.708333333333333,950.6320615725543,536.6594140313429,3.16086673784453,1,1,2,0
7.716666666666667,951.1616790606689,537.3009798989353,3.1464793104581665,1,1,2,0
7.725,951.2688931560613,537.811029660419,3.16073873394441,1,1,2,0
7.733333333333333,951.597115624979,538.095981889583,3.1638417249083544,1,1,2,0
7.741666666666666,952.6678871066345,538.4633266193999,3.1808889645367664,1,1,2,0
7.75,952.0519166464294,538.4285717243181,3.1703062448007606,1,1,2,0
7.758333333333334,951.9761791420309,538.5069302647191,3.1488217461642694,1,1,2,0
7.766666666666667,951.7358898298892,538.8311779165077,3.149980208273806,1,1,2,0
7.775,951.9852970306197,538.6228206485713,3.1425967832967485,1,1,2,0
7.783333333333333,952.1547730090906,538.6471065994314,3.149526490191549,1,1,2,0
7.791666666666667,951.8536540686728,538.2087219210675,3.159557103047961,1,1,2,0
7.8,951.4329367826526,537.972154002975,3.166221413059955,1,1,2,0
7.808333333333334,951.9677861176664,537.048084962278,3.166223904861107,1,1,2,0
7.816666666666666,952.2092616268518,536.3590392800834,3.1792636400256447,1,1,2,0
7.825,952.4796347017195,536.1386637420866,3.1679477994371936,1,1,2,0
7.833333333333333,951.9793133196404,535.7515818932226,3.1333027560646705,1,1,2,0
7.841666666666667,951.6986795762795,536.3151375435965,3.168777538146342,1,1,2,0
7.85,952.1044971688342,535.2559739758722,3.132389731135853,1,1,2,0
7.858333333333333,952.2095032121496,535.3204237705723,3.175676430632643,1,1,2,0
7.866666666666666,952.7101417847567,535.6509843035788,3.1553675603640245,1,1,2,0
7.875,952.738051602549,535.8712837737893,3.164763578502453,1,1,2,0
7.883333333333334,953.087383885272,535.8655409898979,3.1394348732715187,1,1,2,0
7.891666666666667,953.6749458125356,536.2177330802206,3.1493425685996135,1,1,2,0
7.9,953.661697542804,536.1036288048699,3.147236202357119,1,1,2,0
7.908333333333333,953.7276397501951,536.0583477287178,3.138517895807652,1,1,2,0
7.916666666666667,953.5872651239297,535.4425129774768,3.132373829980399,1,1,2,0
7.925,954.7608308052339,535.3027901638013,3.1706454637644725,1,1,2,0
7.933333333333334,954.0542826426611,536.0600207186662,3.1597056027444816,1,1,2,0
7.941666666666666,954.1772842486736,535.3277927966926,3.1590917678919346,1,1,2,0
7.95,954.0867323209775,535.609487755942,3.1490459569433358,1,1,2,0
7.958333333333333,953.8803764234887,535.9512041160408,3.1503672060883363,1,1,2,0
7.966666666666667,954.1607071327476,535.0693270987431,3.155857622715947,1,1,2,0
7.975,954.1484202605727,535.2926538816423,3.1415457182901783,1,1,2,0
7.983333333333333,954.1580018303831,536.1275511559054,3.1581246079308563,1,1,2,0
7.991666666666666,953.6481706802357,536.3544693932771,3.1323176711171854,1,1,2,0
8.0,953.8151558637961,536.4609495449794,3.131022319069114,1,1,2,0
8.008333333333333,953.0430454324684,536.3681326086913,3.149298311252012,1,1,2,0
8.016666666666667,953.0248294802826,535.990212031482,3.153732137345408,1,1,2,0
8.025,953.7263971855868,536.0656522145522,3.13320403616787,1,1,2,0
8.033333333333333,953.5795742236987,535.9013666105153,3.1468316741635602,1,1,2,0
8.041666666666666,953.301961051188,536.0135059699545,3.142731855225526,1,1,2,0
8.05,953.8471623031584,535.5996664821588,3.1174254566348996,1,1,2,0
8.058333333333334,953.76380347065,535.6575003312192,3.136961538117503,1,1,2,0
8.066666666666666,954.1122678347238,536.1452657426446,3.131641004465459,1,1,2,0
8.075,954.2145031470454,535.7382690105886,3.1412992248155245,1,1,2,0
8.083333333333334,953.8004835456093,535.0036002143505,3.119819055839311,1,1,2,0
8.091666666666667,953.8863062831192,535.0856762737149,3.1139298188333737,1,1,2,0
8.1,953.1129654044084,534.966224952255,3.1157014579157893,1,1,2,0
8.108333333333333,953.769631891412,534.2986446178762,3.1435697457491583,1,1,2,0
8.116666666666667,953.7547528155942,534.0529964128589,3.1230676356486007,1,1,2,0
8.125,954.1931616383381,533.9787235967042,3.148166614073153,1,1,2,0
8.133333333333333,953.715990468582,533.5413806704664,3.1439898064141754,1,1,2,0
8.141666666666667,953.480674034421,533.0419353270622,3.106382943449431,1,1,2,0
8.15,954.8207740997663,532.9208463685322,3.145077642982884,1,1,2,0
8.158333333333333,955.3109866617718,532.3926441012889,3.1391487442032933,1,1,2,0
8.166666666666666,955.08057875909,532.8239449971065,3.1045233018197638,1,1,2,0
8.175,955.1435788876108,532.2644411220308,3.142808139277967,1,1,2,0
8.183333333333334,955.0424448488693,531.8274525848368,3.119135846357174,1,1,2,0
8.191666666666666,955.0373386862356,531.8198837396304,3.0996218667095206,1,1,2,0
8.2,955.0803715279144,532.1446345710368,3.1394639560673574,1,1,2,0
8.208333333333334,954.8144070276129,532.6451171054107,3.133393525611285,1,1,2,0
8.216666666666667,954.8003752001283,531.2656218106248,3.117977007086185,1,1,2,0
8.225,954.6137356354029,531.0687005803046,3.16210409170369,1,1,2,0
8.233333333333333,954.4040472652998,530.6144113493012,3.1145731993441577,1,1,2,0
8.241666666666667,954.9902359815223,529.8227060159986,3.131824344133496,1,1,2,0
8.25,954.8314363276544,529.5474706296611,3.135797557291009,1,1,2,0
8.258333333333333,954.8894657017933,528.7990353817567,3.1611853533560423,1,1,2,0
8.266666666666667,955.5651620082502,529.4789352699349,3.131111919822034,1,1,2,0
8.275,956.0298903959145,529.2678610729691,3.109803927195711,1,1,2,0
8.283333333333333,956.8324923049444,529.2101027896974,3.092666161305742,1,1,2,0
8.291666666666666,956.6663999872306,529.8541437107739,3.0980438999888023,1,1,2,0
8.3,956.6534926430941,530.2236874842386,3.1185525543951846,1,1,2,0
8.308333333333334,956.4418961535852,529.0799919122029,3.093426453831104,1,1,2,0
8.316666666666666,956.5396772290626,528.5538149198052,3.108651148970033,1,1,2,0
8.325,956.3795683049141,529.495407151417,3.0896089372319655,1,1,2,0
8.333333333333334,956.7041625869075,528.961342636306,3.112030265392992,1,1,2,0
8.341666666666667,956.9855182585865,529.1355724895934,3.1325090375311726,1,1,2,0
8.35,957.4213135769758,528.8098163561805,3.1122112170058083,1,1,2,0
8.358333333333333,957.6812211872475,528.4945044195093,3.0779498244512413,1,1,2,0
8.366666666666667,956.8145281566179,528.2846266124477,3.125147367030664,1,1,2,0
8.375,957.4521474375748,528.6716867963212,3.1441020746300987,1,1,2,0
8.383333333333333,1148.880696964917,671.6198693328939,3.1159008258814294,1,1,2,0
8.391666666666667,1149.2551372839946,672.4858720061413,3.0902320017579,1,1,2,0
8.4,957.934768235803,529.5554096208194,3.1118298849315047,1,1,2,0
8.408333333333333,957.6549376710522,529.9104810443756,3.1263914643500494,1,1,2,0
8.416666666666666,958.0269961700029,529.4040298469772,3.119486555562277,1,1,2,0
8.425,957.1557675300012,530.3317564279912,3.0721327774370546,1,1,2,0
8.433333333333334,957.3991383054637,530.1526736397429,3.1273787288001027,1,1,2,0
8.441666666666666,956.9688269836595,530.0013402906294,3.1009261440205,1,1,2,0
8.45,1043.795221042708,188.69095755412678,3.12313989354031,1,1,2,0
8.458333333333334,1043.2234055805625,189.03850732898132,3.148085681678991,1,1,2,0
8.466666666666667,956.6023743762308,531.0100643040694,3.117089417269078,1,1,2,0
8.475,957.012904971378,530.2126551078533,3.0749883970563574,1,1,2,0
8.483333333333333,957.9211628045583,530.6642061947724,3.1137355268734064,1,1,2,0
8.491666666666667,958.1190229135475,530.8610575039077,3.1465352801070856,1,1,2,0
8.5,958.0525238560823,530.5611435953825,3.1463226230179693,1,1,2,0
8.508333333333333,958.117866410037,529.6052488101786,3.1053062367844455,1,1,2,0
8.516666666666667,957.934828294411,529.9256330782747,3.133180504883883,1,1,2,0
8.525,958.4497304795738,529.8041401468951,3.135636364499318,1,1,2,0
8.533333333333333,957.7353778312776,529.7008009524473,3.1031804962722775,1,1,2,0
8.541666666666666,957.5323693465291,529.9149819676323,3.1314071963941537,1,1,2,0
8.55,956.5064983471103,530.1472922380041,3.088463348579286,1,1,2,0
8.558333333333334,956.2219929277746,529.577957940685,3.082378428462691,1,1,2,0
8.566666666666666,955.3956367547147,529.0528162258232,3.1104809759035676,1,1,2,0
8.575,955.7109388682443,528.9840767279143,3.138470445944911,1,1,2,0
8.583333333333334,955.6432385753444,529.3134015197338,3.12812132599115,1,1,2,0
8.591666666666667,955.9312595621673,529.6724743961173,3.106113778338055,1,1,2,0
8.6,955.9389348675943,529.8002543610658,3.0734595926513117,1,1,2,0
8.608333333333333,956.2584281445523,529.7068735812314,3.110090347210452,1,1,2,0
8.616666666666667,956.3645381523413,529.0751096374116,3.0857038896161195,1,1,2,0
8.625,955.3630829751788,528.9423393003455,3.091190719170001,1,1,2,0
8.633333333333333,955.0007577197973,529.2262789252968,3.0888046199329002,1,1,2,0
8.641666666666667,955.765907349406,529.0800348777733,3.093594980777566,1,1,2,0
8.65,956.1026346986777,527.0658879693987,3.0743335120368145,1,1,2,0
8.658333333333333,956.3104369625416,527.2773945459285,3.084666579946265,1,1,2,0
8.666666666666666,956.0713294318866,527.6918995366323,3.082330682510747,1,1,2,0
8.675,956.9059602669482,527.7387051681377,3.086006379342106,1,1,2,0
8.683333333333334,956.946935901679,527.9530457325623,3.1130889924603773,1,1,2,0
8.691666666666666,957.4658914918562,526.9288088864802,3.0534239019168297,1,1,2,0
8.7,957.1704055826275,527.3921822932434,3.0957979280420127,1,1,2,0
8.708333333333334,956.5529303386545,528.3086444221993,3.071801046324316,1,1,2,0
8.716666666666667,956.8867124712465,529.5658854589346,3.0973198874361425,1,1,2,0
8.725,956.8506578184266,529.9554320782429,3.109997901520878,1,1,2,0
8.733333333333333,957.2850770766601,529.2713134596496,3.1094014978638316,1,1,2,0
8.741666666666667,957.3009628656732,529.1383728120386,3.1220602162827125,1,1,2,0
8.75,957.5141777645322,528.605830457291,3.0776618842571635,1,1,2,0
8.758333333333333,956.9515817769411,528.3261241238938,3.0953877199530733,1,1,2,0
8.766666666666667,956.5493476015301,527.9243080575717,3.1103844445871998,1,1,2,0
8.775,956.7044605755851,527.3908927007229,3.0932665441593117,1,1,2,0
8.783333333333333,956.9998548084093,527.7021246599602,3.0878919723681406,1,1,2,0
8.791666666666666,957.1268390228067,527.1200828989666,3.087221569962546,1,1,2,0
8.8,957.4921052719435,527.4534069958302,3.107067845325468,1,1,2,0
8.808333333333334,957.386567767386,527.5608143827999,3.127527777360743,1,1,2,0
8.816666666666666,957.3460098770806,527.2278513966668,3.100278905747432,1,1,2,0
8.825,957.7440198199753,527.7494710392175,3.115313433452182,1,1,2,0
8.833333333333334,957.7425529797545,527.4610871980445,3.0883470385029694,1,1,2,0
8.841666666666667,957.8705623788035,528.0504216101134,3.131687947311257,1,1,2,0
8.85,957.7573412267172,527.6393970644139,3.0819027038352984,1,1,2,0
8.858333333333333,958.4798798357555,528.5675073738207,3.0907575590744947,1,1,2,0
8.866666666666667,958.9052707439498,528.6695122774634,3.118932172050713,1,1,2,0
8.875,958.8666268515412,528.323287214266,3.081003348148391,1,1,2,0
8.883333333333333,958.1589276507596,527.5830405954599,3.061580640525079,1,1,2,0
8.891666666666667,958.7541925032582,527.3568732164521,3.139241836848399,1,1,2,0
8.9,958.914394344249,526.4030830714966,3.1308720009404643,1,1,2,0
8.908333333333333,958.7132566508212,526.9945513111522,3.08314461387321,1,1,2,0
8.916666666666666,958.3464684181695,526.9953463940994,3.1251565981148515,1,1,2,0
8.925,957.3248723379908,527.5844441588507,3.1045540664871223,1,1,2,0
8.933333333333334,957.5466896002349,527.5221811082215,3.0996290112271114,1,1,2,0
8.941666666666666,957.0460275138779,526.7051877694985,3.0821215546878977,1,1,2,0
8.95,957.1627767567486,526.6222965600456,3.089570250409214,1,1,2,0
8.958333333333334,957.0556293811215,525.9750860992606,3.122947806308197,1,1,2,0
8.966666666666667,957.5434461973921,525.5909221181823,3.1320517198707543,1,1,2,0
8.975,957.7225145420155,525.266924325419,3.0997284096322035,1,1,2,0
8.983333333333333,957.9574993716247,525.793567595442,3.1192131349545176,1,1,2,0
8.991666666666667,957.9318134000918,525.3238316040918,3.0959289983744713,1,1,2,0
9.0,957.6317365188108,524.5900694556327,3.141659585796545,1,1,2,0
9.008333333333333,956.7545488606578,524.7654915608013,3.1102962915334853,1,1,2,0
9.016666666666667,956.6606600022849,524.3358873536866,3.089850259562612,1,1,2,0
9.025,956.8977122248883,524.019370066777,3.090919198382243,1,1,2,0
9.033333333333333,957.3479243555647,523.8472250263603,3.1053591863056864,1,1,2,0
9.041666666666666,957.9239915492724,524.5509794515959,3.1308953832013535,1,1,2,0
9.05,958.1883476692166,524.4233591463482,3.095348363926208,1,1,2,0
9.058333333333334,958.2375520430013,524.2215489555919,3.0936208039562714,1,1,2,0
9.066666666666666,957.8317468837038,524.6806469898496,3.1278775102637186,1,1,2,0
9.075,957.8017773488118,524.3415410087174,3.100419187274735,1,1,2,0
9.083333333333334,957.9542514291338,523.7442100026764,3.101140873866314,1,1,2,0
9.091666666666667,957.5130790221075,524.3084425240833,3.131093552381055,1,1,2,0
9.1,957.6509476831227,523.2876280007765,3.0785902291377707,1,1,2,0
9.108333333333333,957.64848572031,523.2045897302561,3.079260792822624,1,1,2,0
9.116666666666667,958.0757139714115,523.5183787638906,3.1054800942642857,1,1,2,0
9.125,958.868925052407,523.0179542559133,3.1267586695911294,1,1,2,0
9.133333333333333,958.7318835668891,522.9537327966337,3.115770560034205,1,1,2,0
9.141666666666667,958.1088798794945,523.3275325465336,3.1110359008098674,1,1,2,0
9.15,958.9242999235588,522.6173357178142,3.10692791678356,1,1,2,0
9.158333333333333,958.7965963239525,522.749902118229,3.1111833772615087,1,1,2,0
9.166666666666666,958.1948177853349,522.8356630054864,3.09732115816573,1,1,2,0
9.175,957.657784428002,522.7840998776567,3.1223212220647523,1,1,2,0
9.183333333333334,958.9047299342304,522.8964068264232,3.1314403854210244,1,1,2,0
9.191666666666666,959.244726953345,523.0339603693391,3.102682873933657,1,1,2,0
9.2,958.6655595776759,522.8904402004061,3.0950023206537556,1,1,2,0
9.208333333333334,958.2874616318926,522.6141513135635,3.0693137858286534,1,1,2,0
9.216666666666667,958.6660719765082,522.5188093266187,3.1129415547199257,1,1,2,0
9.225,959.369171628908,522.0919388361849,3.144544936738017,1,1,2,0
9.233333333333333,959.2373150340147,521.740587818909,3.1323765835821744,1,1,2,0
9.241666666666667,959.1714262271466,521.4037903825364,3.092532405375942,1,1,2,0
9.25,959.12730572503,521.612077483189,3.1205218922745157,1,1,2,0
9.258333333333333,959.6387033725667,521.9273426152376,3.149443720470827,1,1,2,0
9.266666666666667,960.0391201991687,522.2577069425595,3.1168471602438235,1,1,2,0
9.275,959.6886428856078,522.0872200922001,3.121718672414639,1,1,2,0
9.283333333333333,960.3855378831962,522.3397264892113,3.1018790452307696,1,1,2,0
9.291666666666666,960.2968760289192,522.2438095838953,3.1351816613476764,1,1,2,0
9.3,959.5935002203493,522.0952259664491,3.1693531903167282,1,1,2,0
9.308333333333334,959.0727636622811,521.4176197243036,3.1115210574120993,1,1,2,0
9.316666666666666,958.9774690983015,521.6757413510497,3.11847674987078,1,1,2,0
9.325,958.9152940067464,522.2985964086157,3.1180681899336293,1,1,2,0
9.333333333333334,958.899273308291,522.3183792013824,3.10952813869869,1,1,2,0
9.341666666666667,958.443524768324,522.6025095980907,3.1245001583114234,1,1,2,0
9.35,957.981367013116,523.3033593602463,3.1379762540499043,1,1,2,0
9.358333333333333,957.7823824039855,523.829974991601,3.1298259514980376,1,1,2,0
9.366666666666667,957.8656433872475,523.2528132790746,3.137022648229951,1,1,2,0
9.375,958.7497498759508,523.7493465024191,3.156169859936722,1,1,2,0
9.383333333333333,957.7621508917684,523.4848622457368,3.1375929209377147,1,1,2,0
9.391666666666667,958.8193972729815,523.3791913187987,3.141504745720787,1,1,2,0
9.4,958.4858393656566,523.6913052427168,3.117250669460497,1,1,2,0
9.408333333333333,957.6429527611256,522.9346116570501,3.1582297381181963,1,1,2,0
9.416666666666666,957.2025096438108,522.5258404184841,3.07361971440437,1,1,2,0
9.425,957.2540091388622,522.4469548198239,3.1722437906177756,1,1,2,0
9.433333333333334,957.4837858751828,521.9940976540303,3.113604215798315,1,1,2,0
9.441666666666666,957.7874064563082,522.3731261857002,3.1293937791418505,1,1,2,0
9.45,957.7303330866284,523.1572529462672,3.1394858494819147,1,1,2,0
9.458333333333334,957.5992715710175,523.184348443197,3.1160863159548304,1,1,2,0
9.466666666666667,958.5848758777988,523.9639724360052,3.1075272819602744,1,1,2,0
9.475,958.3242837000709,524.8350549509397,3.1430657120986853,1,1,2,0
9.483333333333333,958.0376347272218,525.0216399828543,3.118102002454497,1,1,2,0
9.491666666666667,957.3714047879847,525.2847899318775,3.1272876894354664,1,1,2,0
9.5,957.3579574721568,525.98167427887,3.152439759265676,1,1,2,0
9.508333333333333,957.1407254858826,525.4295560765456,3.145204917588111,1,1,2,0
9.516666666666667,956.1722209524494,526.0950786692656,3.1509970529542346,1,1,2,0
9.525,955.5167859864545,526.1483900798102,3.1219286500206636,1,1,2,0
9.533333333333333,955.8028913904844,526.8189224024599,3.1279600353747217,1,1,2,0
9.541666666666666,954.722387473275,526.9424559534618,3.1406955775182595,1,1,2,0
9.55,955.5837862003546,527.5399439425506,3.1929601935466465,1,1,2,0
9.558333333333334,956.0584954527785,526.7610295339664,3.1346092459211863,1,1,2,0
9.566666666666666,954.9544331365348,526.9286113111306,3.143835096938647,1,1,2,0
9.575,631.0836787538497,922.1367567232132,3.1568139250619858,1,1,2,0
9.583333333333334,631.3662861674991,921.8924714361673,3.1748092834914647,1,1,2,0
9.591666666666667,955.8451736128794,525.9425838611809,3.153120738926607,1,1,2,0
9.6,955.7054040530909,526.2453090794347,3.1357235423095116,1,1,2,0
9.608333333333333,956.605911029413,525.6310854281279,3.132729349258743,1,1,2,0
9.616666666666667,956.8052764075517,525.0283520951546,3.1805336799121684,1,1,2,0
9.625,956.8629455105867,524.1692221129742,3.1434091540344125,1,1,2,0
9.633333333333333,956.9211073200033,523.3573374239757,3.1222441161583814,1,1,2,0
9.641666666666667,957.5742714352934,523.6004740821984,3.1646847114390146,1,1,2,0
9.65,957.5353508936283,522.4562396793361,3.1833919925200043,1,1,2,0
9.658333333333333,956.7583578775004,522.8667933499921,3.1580848486912823,1,1,2,0
9.666666666666666,957.3140325824078,521.7645286575555,3.1690876419188507,1,1,2,0
9.675,957.5913855360371,522.3627632017798,3.164505449036601,1,1,2,0
9.683333333333334,957.5060963535348,522.0114592563154,3.153978486789225,1,1,2,0
9.691666666666666,957.1093593154077,521.1293611645077,3.1493914185883587,1,1,2,0
9.7,957.1203716963948,521.3101429004969,3.1542336583786166,1,1,2,0
9.708333333333334,957.2651632911164,521.9201419129666,3.1500633082557163,1,1,2,0
9.716666666666667,957.7857907463169,522.697016154608,3.1343628277467297,1,1,2,0
9.725,957.2668966969844,523.132076565637,3.1857204444262655,1,1,2,0
9.733333333333333,957.3098696677786,523.6420360728187,3.1720370967712004,1,1,2,0
9.741666666666667,957.7200500167351,523.0829230069668,3.160326035712494,1,1,2,0
9.75,957.9371318747981,522.9493578582715,3.1670242053754682,1,1,2,0
9.758333333333333,958.998637571323,523.6754395419312,3.186958843907657,1,1,2,0
9.766666666666667,958.5099585482833,522.9378287963455,3.146243564825746,1,1,2,0
9.775,958.7278924514507,523.1654951275561,3.1677019414466514,1,1,2,0
9.783333333333333,959.0798162770708,523.5529955047372,3.175050031160031,1,1,2,0
9.791666666666666,958.1800713442943,523.0800060400094,3.1658951917668876,1,1,2,0
9.8,957.7455182782307,522.9677914868425,3.18533510626552,1,1,2,0
9.808333333333334,957.1955421680713,522.866371251528,3.150185173868596,1,1,2,0
9.816666666666666,957.4900011634883,523.4908490008235,3.181613582314701,1,1,2,0
9.825,957.0527365086028,523.5738819772863,3.154867027486017,1,1,2,0
9.833333333333334,956.6930246195419,524.1091669836652,3.177391950911607,1,1,2,0
9.841666666666667,956.5160350172554,524.2275086934186,3.1776478584799697,1,1,2,0
9.85,956.9155378929154,523.3127178676319,3.162976055640889,1,1,2,0
9.858333333333333,957.1205697376046,522.978510916199,3.1932970073845035,1,1,2,0
9.866666666666667,956.9990001583282,522.2263062938167,3.1988347067954694,1,1,2,0
9.875,957.0858509801951,521.9246356717691,3.1866529778204638,1,1,2,0
9.883333333333333,957.5781866050152,521.4137957165781,3.163695195801185,1,1,2,0
9.891666666666667,957.9297309109919,520.6348174217575,3.168560161613437,1,1,2,0
9.9,958.0637204108324,520.5279104616039,3.2088890097306395,1,1,2,0
9.908333333333333,957.9419232263454,520.4832111912982,3.157834316207486,1,1,2,0
9.916666666666666,958.7822970429663,520.7295691289544,3.17528046351083,1,1,2,0
9.925,958.7969525018393,520.7760784456729,3.1862586374535744,1,1,2,0
9.933333333333334,957.8468191027979,520.3401700070029,3.2225333882501315,1,1,2,0
9.941666666666666,957.6846697758518,519.9867052845482,3.1927235901243094,1,1,2,0
9.95,957.923486193356,519.7296558423492,3.19019111996105,1,1,2,0
9.958333333333334,958.7247293011809,519.6177990638386,3.2058307908549883,1,1,2,0
9.966666666666667,958.3358547981417,519.5802893980849,3.193553357259741,1,1,2,0
9.975,958.1858870219052,519.0605772069385,3.2015398053191997,1,1,2,0
9.983333333333333,959.0586131751311,518.9079987543313,3.220080155141493,1,1,2,0
9.991666666666667,959.0550069742892,519.0459215723257,3.193216465117902,1,1,2,0
10.0,958.9859024640962,518.6272041275512,3.1791144621525476,1,1,2,0
10.008333333333333,959.1722719817715,519.5584072689021,3.2075686444857583,1,1,2,0
10.016666666666667,959.0519193026264,519.6362144790684,3.2237537465322985,1,1,2,0
10.025,958.0499799120063,520.1054768792288,3.2166250062609385,1,1,2,0
10.033333333333333,957.5086117406604,519.7817825266688,3.197995266652622,1,1,2,0
10.041666666666666,958.0654580654957,519.425982804919,3.1900916370477415,1,1,2,0
10.05,958.6178709758602,519.541846632684,3.2116781112553787,1,1,2,0
10.058333333333334,958.8134240791854,519.5427730186292,3.1932523551450083,1,1,2,0
10.066666666666666,959.3742019757492,519.6282579140907,3.2326329436319514,1,1,2,0
10.075,959.9876951720235,519.9437953485035,3.2025192584903186,1,1,2,0
10.083333333333334,960.1973515001675,519.4963508339666,3.215648057650542,1,1,2,0
10.091666666666667,960.6684021948033,519.2469481102901,3.231836407906257,1,1,2,0
10.1,960.1874199844492,520.297354000217,3.195615224310347,1,1,2,0
10.108333333333333,960.7807336268645,519.3278856920534,3.229256534171309,1,1,2,0
10.116666666666667,960.9735848555988,519.3406554961165,3.202159161332697,1,1,2,0
10.125,960.8715584394863,519.3607323722582,3.208133712866856,1,1,2,0
10.133333333333333,960.189451372402,520.118791769466,3.2345287081200316,1,1,2,0
10.141666666666667,959.7321220851607,520.0852624106847,3.2012672655351873,1,1,2,0
10.15,959.5177483031592,520.2470280814039,3.247584150319407,1,1,2,0
10.158333333333333,959.3667304019125,519.5210611676669,3.237608435906661,1,1,2,0
10.166666666666666,959.1426635603899,519.6099656696981,3.2429509884662586,1,1,2,0
10.175,958.6646776025135,519.1609565165934,3.1985996695983694,1,1,2,0
10.183333333333334,958.9851896124636,518.8084379375024,3.225533988985806,1,1,2,0
10.191666666666666,958.4955836984844,518.9074964687875,3.2466593734624167,1,1,2,0
10.2,958.7083990653609,518.8222837538083,3.2183075523327065,1,1,2,0
10.208333333333334,958.4911237473674,519.2020426923978,3.222314515455384,1,1,2,0
10.216666666666667,958.2977991304372,519.2904332756536,3.2447208753266166,1,1,2,0
10.225,958.2621971198093,518.8334350308403,3.234947584117139,1,1,2,0
10.233333333333333,957.9416390948484,518.7268418418762,3.2238649621880198,1,1,2,0
10.241666666666667,958.4029226470154,519.13307692036,3.238650723215507,1,1,2,0
10.25,958.9197296017928,518.8117396322771,3.245582228048727,1,1,2,0
10.258333333333333,959.1623128568019,518.4828719402726,3.250351266098101,1,1,2,0
10.266666666666667,958.7684963700844,518.4110397080373,3.2099515852402627,1,1,2,0
10.275,958.0240981866423,518.5839288011745,3.251553462546868,1,1,2,0
10.283333333333333,957.6323040297209,518.5824663000086,3.2475841298109294,1,1,2,0
10.291666666666666,957.9308348878257,518.4666541312298,3.284961422056411,1,1,2,0
10.3,957.5805674335662,518.3697477705574,3.2379932445680915,1,1,2,0
10.308333333333334,958.067204399105,518.1247690320416,3.2703346846707464,1,1,2,0
10.316666666666666,957.8925874145004,517.8837911040944,3.2676789833120203,1,1,2,0
10.325,957.6783497960688,517.7342070223325,3.270706762305421,1,1,2,0
10.333333333333334,957.3113917633743,517.4775587127998,3.2520830033744366,1,1,2,0
10.341666666666667,958.2415455640607,518.1644565553006,3.2966950310454397,1,1,2,0
10.35,957.6233665367904,517.9242088624685,3.2991550664385163,1,1,2,0
10.358333333333333,957.9680999280056,518.3141634409716,3.2783506734242738,1,1,2,0
10.366666666666667,958.1122088275528,518.5715871207308,3.2788166609768252,1,1,2,0
10.375,957.7946558894207,517.992873309025,3.292853962051104,1,1,2,0
10.383333333333333,957.1150264958901,517.8561156385252,3.295813577156582,1,1,2,0
10.391666666666667,957.7242812064986,517.9248166440702,3.3005627820881775,1,1,2,0
10.4,957.9974454138908,517.7195302425054,3.3114672345181293,1,1,2,0
10.408333333333333,957.7001052677813,517.2308345673033,3.315181141968806,1,1,2,0
10.416666666666666,958.4606916150481,516.1596938872697,3.2610093729985983,1,1,2,0
10.425,957.1965679890834,516.9083335307992,3.305138817194185,1,1,2,0
10.433333333333334,957.0253317093197,516.3285305640909,3.295555950336705,1,1,2,0
10.441666666666666,957.1547079108349,516.3668468524475,3.291285430961811,1,1,2,0
10.45,957.2357287187065,515.6707281992569,3.324401769865438,1,1,2,0
10.458333333333334,956.5053778577425,516.8241233715223,3.298588010379499,1,1,2,0
10.466666666666667,956.5361851876462,516.6436996571338,3.2627076687143366,1,1,2,0
10.475,956.8375388946317,515.795196202183,3.2802939497272336,1,1,2,0
10.483333333333333,956.818708583804,515.2604535379412,3.3122825159543625,1,1,2,0
10.491666666666667,957.1453537309999,515.3201697078147,3.295844477338171,1,1,2,0
10.5,956.7418309485126,514.9363782437262,3.2824178889852162,1,1,2,0
10.508333333333333,956.6569240202389,515.351205982644,3.292043897892739,1,1,2,0
10.516666666666667,956.7648898091502,514.6190873141026,3.3050339662045713,1,1,2,0
10.525,957.8810529749344,514.9377932871545,3.3045789979963884,1,1,2,0
10.533333333333333,958.2938555332781,514.7980255040635,3.3076151757000627,1,1,2,0
10.541666666666666,957.4133222085095,514.7053658939601,3.3161054275703714,1,1,2,0
10.55,956.8480792030985,514.9344011344673,3.2878217775648353,1,1,2,0
10.558333333333334,956.6877031914145,515.2318534060042,3.2825723794110724,1,1,2,0
10.566666666666666,956.7478156656131,515.0878735082259,3.2929769178808685,1,1,2,0
10.575,956.8582560284567,515.0518157684339,3.274359146818617,1,1,2,0
10.583333333333334,956.999051674431,515.2297954201543,3.3282235468967625,1,1,2,0
10.591666666666667,957.0612760854671,515.389700335406,3.2970848247702027,1,1,2,0
10.6,956.8104967806393,515.6474366443961,3.274155144839002,1,1,2,0
10.608333333333333,956.5505394349492,515.8865450593314,3.281133788866122,1,1,2,0
10.616666666666667,956.1054047796134,516.3161305777198,3.2826000635864765,1,1,2,0
10.625,955.3812165618505,517.2209642274146,3.2406014645816046,1,1,2,0
10.633333333333333,954.5939019594923,518.1754856935269,3.293247200176733,1,1,2,0
10.641666666666667,954.2615211607178,518.2125431870483,3.3047684800817834,1,1,2,0
10.65,954.3221666179455,518.115419270956,3.2716952414260345,1,1,2,0
10.658333333333333,954.4556984665905,518.4529426183352,3.2550699807662604,1,1,2,0
10.666666666666666,955.2243548586364,518.200767648253,3.266058167172059,1,1,2,0
10.675,955.1118528688927,518.5610029276164,3.3017853698106925,1,1,2,0
10.683333333333334,954.7934454444462,518.4229167634179,3.2953829730623014,1,1,2,0
10.691666666666666,954.8383621547274,518.5206810375719,3.2735181845751815,1,1,2,0
10.7,955.4247835428532,518.2848749420538,3.2999103446947218,1,1,2,0
10.708333333333334,955.1018577550151,518.9514388626496,3.286821329495551,1,1,2,0
10.716666666666667,955.5887460211504,518.7334910380621,3.3206895731060424,1,1,2,0
10.725,956.2974284191424,518.7808124788206,3.293923384993248,1,1,2,0
10.733333333333333,956.5190490969921,519.7861572901379,3.290666077359039,1,1,2,0
10.741666666666667,956.364703245862,520.1735460043175,3.296845225600818,1,1,2,0
10.75,956.3787630503977,520.2448554197268,3.2635270635377767,1,1,2,0
10.758333333333333,956.3007653319556,520.589737544295,3.2848384734216682,1,1,2,0
10.766666666666667,956.0196987915494,520.6484458586219,3.2674234499438977,1,1,2,0
10.775,956.2523258098981,519.8768321635872,3.287515021993427,1,1,2,0
10.783333333333333,956.7501886937628,519.7102053774888,3.3037065702349326,1,1,2,0
10.791666666666666,956.4301775919569,520.4147966796969,3.3111294285227406,1,1,2,0
10.8,957.2050467308676,520.1575118139641,3.2723429391152656,1,1,2,0
10.808333333333334,957.3887483409641,520.0417485626888,3.237103854227353,1,1,2,0
10.816666666666666,957.4918976195748,520.8135804805102,3.2929991696383647,1,1,2,0
10.825,958.0559207265395,521.326627932863,3.260209943459369,1,1,2,0
10.833333333333334,957.9227803825185,521.4659578700115,3.3211734794702763,1,1,2,0
10.841666666666667,957.1944787784934,521.3451299528334,3.268544300132634,1,1,2,0
10.85,957.5217449411505,521.8829483863365,3.2986875184550564,1,1,2,0
10.858333333333333,957.2597453215976,521.7075218422603,3.30105461659069,1,1,2,0
10.866666666666667,956.9258478252935,521.2161085383184,3.296854146359049,1,1,2,0
10.875,956.864372651089,521.477525414097,3.290932475281758,1,1,2,0
10.883333333333333,957.6519657061792,521.420465950222,3.279906166516343,1,1,2,0
10.891666666666667,956.9197598565588,521.4693843462551,3.279923642237838,1,1,2,0
10.9,957.1161557082564,521.9894184824861,3.316386553331506,1,1,2,0
10.908333333333333,956.5744964816263,521.0097318983657,3.2775011002212957,1,1,2,0
10.916666666666666,956.4954544100326,520.9008001036964,3.303915841244253,1,1,2,0
10.925,955.2872383188837,521.1446417703723,3.3225472793362534,1,1,2,0
10.933333333333334,955.221765902133,521.4105375540488,3.323322140751673,1,1,2,0
10.941666666666666,955.4102541944418,522.2634106747795,3.2780384163575573,1,1,2,0
10.95,954.7441694974941,523.5271541913473,3.319157094453358,1,1,2,0
10.958333333333334,954.1626720962695,523.1988470691265,3.2567248016744736,1,1,2,0
10.966666666666667,954.3658650758375,523.5985955464442,3.2880933501491096,1,1,2,0
10.975,954.0763588000874,523.4937817262858,3.3067117428220496,1,1,2,0
10.983333333333333,954.1376235609471,522.2939070036869,3.3014445611721026,1,1,2,0
10.991666666666667,953.8582314737946,521.8252889543668,3.317924463669175,1,1,2,0
11.0,953.7187375259891,521.8254651556374,3.296065410361317,1,1,2,0
11.008333333333333,953.582500435774,521.9014961757686,3.3252318271885524,1,1,2,0
11.016666666666667,953.1707374147122,521.9359155772448,3.3133120998474865,1,1,2,0
11.025,953.1732674682423,522.0665905894747,3.327864739925543,1,1,2,0
11.033333333333333,953.1466090259493,521.9010796837983,3.3000927613649615,1,1,2,0
11.041666666666666,952.5435677495425,522.1970210625921,3.3255524651937716,1,1,2,0
11.05,951.9692022599379,522.0256974517276,3.287935771379322,1,1,2,0
11.058333333333334,951.8133102113852,521.5146564193669,3.3135900888209715,1,1,2,0
11.066666666666666,951.1568390808719,522.4444895443668,3.3088697526441666,1,1,2,0
11.075,951.2745884677049,523.2269494893926,3.315520339059483,1,1,2,0
11.083333333333334,950.5656053526137,523.2499553096262,3.3224055191492963,1,1,2,0
11.091666666666667,950.7345315063607,522.7940993943496,3.290831296196168,1,1,2,0
11.1,949.4972656023272,522.220606906048,3.28308828275958,1,1,2,0
11.108333333333333,949.0687527143947,521.3891288512538,3.3024845477873397,1,1,2,0
11.116666666666667,949.7791860588701,521.0871862552855,3.2935340385189313,1,1,2,0
11.125,950.9302867431688,521.8964549166243,3.3028797581653446,1,1,2,0
11.133333333333333,950.4756153790127,522.1258504396227,3.3034840933858614,1,1,2,0
11.141666666666667,951.2275501181322,523.145604127083,3.33113863250449,1,1,2,0
11.15,950.5324180063184,523.4922893542207,3.3123624049722507,1,1,2,0
11.158333333333333,950.2201635233457,523.5532412388256,3.3143261426950352,1,1,2,0
11.166666666666666,950.2675397648792,523.1541269730593,3.2769506219109363,1,1,2,0
11.175,949.6175337892297,523.2709617724219,3.29408687015809,1,1,2,0
11.183333333333334,949.4959146749212,523.1328817786875,3.2916793966716815,1,1,2,0
11.191666666666666,949.2534839576833,523.2224341543932,3.2734977056365353,1,1,2,0
11.2,948.280517392513,522.4899981261095,3.2742201395995374,1,1,2,0
11.208333333333334,947.9066420037161,523.7405328088626,3.3003935965916527,1,1,2,0
11.216666666666667,947.3275688444494,522.6873803667683,3.2790338894131423,1,1,2,0
11.225,947.0492309031752,522.5128812657172,3.3317498825671508,1,1,2,0
11.233333333333333,946.8098417331403,522.7302762980163,3.3286025006829973,1,1,2,0
11.241666666666667,947.5850800234308,522.6067938444227,3.3011544200380394,1,1,2,0
11.25,946.7692748135529,522.4588002154073,3.329189546717923,1,1,2,0
11.258333333333333,947.12535786006,522.5089709572417,3.3013090983422373,1,1,2,0
11.266666666666667,946.9334475491786,522.5437929778609,3.2893317486823457,1,1,2,0
11.275,946.4995463154745,522.5417569673239,3.3525443493627853,1,1,2,0
11.283333333333333,946.2351042823086,521.512858773036,3.2547914266430698,1,1,2,0
11.291666666666666,947.3651696561486,521.0908966891844,3.288080572119303,1,1,2,0
11.3,277.4809254813049,512.3887951018548,3.3313680933240777,1,1,2,0
11.308333333333334,277.4096629784741,512.9079775208452,3.2813513770592473,1,1,2,0
11.316666666666666,947.926810777925,520.8277474606068,3.259163418708098,1,1,2,0
11.325,1333.5751627195536,473.8662846084075,3.31471324633642,1,1,2,0
11.333333333333334,1332.6358722263521,473.66870623184155,3.2927909091897596,1,1,2,0
11.341666666666667,946.949648235049,520.0619600015308,3.2939770530365453,1,1,2,0
11.35,946.863329517849,520.2431832844319,3.2710839284269855,1,1,2,0
11.358333333333333,946.9298611412194,519.2580557888048,3.3004669034802445,1,1,2,0
11.366666666666667,946.2470790413779,518.9985062928541,3.2727456236179773,1,1,2,0
11.375,946.0978880062191,518.7290504625164,3.3118588351016016,1,1,2,0
11.383333333333333,945.6169179966384,518.7670130683354,3.2581976697357997,1,1,2,0
11.391666666666667,945.6527405364385,518.4687798502259,3.3100412038273186,1,1,2,0
11.4,945.3429574213319,518.9208166487734,3.3013727815096345,1,1,2,0
11.408333333333333,945.6599999103158,519.0869431979618,3.3019899450622665,1,1,2,0
11.416666666666666,945.4260915451066,520.5370313929931,3.29841632343224,1,1,2,0
11.425,945.6477335960188,519.8767660335266,3.321839763021955,1,1,2,0
11.433333333333334,946.10977577164,519.2422114984765,3.3318193374072584,1,1,2,0
11.441666666666666,946.4222602576392,519.240058591452,3.2858205330779287,1,1,2,0
11.45,947.3441114784689,519.1858107242252,3.2811644941290528,1,1,2,0
11.458333333333334,947.202615890086,518.8817542241072,3.2823337619090123,1,1,2,0
11.466666666666667,946.6902374241054,519.7731604325975,3.2529856311019216,1,1,2,0
11.475,945.6355771450555,519.1990974452353,3.319218851875341,1,1,2,0
11.483333333333333,946.0157280511642,518.793024314211,3.269508616977449,1,1,2,0
11.491666666666667,946.7031737228865,518.6021381323994,3.279981211309766,1,1,2,0
11.5,946.7265686924469,518.6582585724829,3.292842330258938,1,1,2,0
11.508333333333333,947.1649947144462,518.5827226594982,3.300798475957066,1,1,2,0
11.516666666666667,947.1980921480653,518.9714436183293,3.326548119256497,1,1,2,0
11.525,947.5289010798035,519.0175927162703,3.281063104503838,1,1,2,0
11.533333333333333,947.7278662364334,519.1122701625859,3.2853176433293183,1,1,2,0
11.541666666666666,947.8587597302753,519.2680175111152,3.2587019786946,1,1,2,0
11.55,947.7629025112152,518.8958030699347,3.2767517713089456,1,1,2,0
11.558333333333334,947.7827567094048,518.9584254134587,3.316023715700808,1,1,2,0
11.566666666666666,947.3711403517239,518.8298423779974,3.2792295968310867,1,1,2,0
11.575,947.5981426987347,519.0187229192758,3.322923564736138,1,1,2,0
11.583333333333334,947.9829145975717,519.1103644094625,3.2927666211607622,1,1,2,0
11.591666666666667,947.5593742463715,519.650151156916,3.283718667628564,1,1,2,0
11.6,947.745605581572,519.2619613158145,3.277595371939339,1,1,2,0
11.608333333333333,948.7518327303649,519.0364593675254,3.288165901457967,1,1,2,0
11.616666666666667,948.9915011114197,518.9223488746201,3.291788505482631,1,1,2,0
11.625,753.6867972656738,442.9065777782097,3.2934696793333043,1,1,2,0
11.633333333333333,754.4961777877876,444.1735132592769,3.2823795840980017,1,1,2,0
11.641666666666667,950.8481209924985,520.099618728443,3.292164648020181,1,1,2,0
11.65,951.0431837003348,520.2204246993361,3.272780912019394,1,1,2,0
11.658333333333333,951.1968928481962,519.4345653302795,3.285737652982569,1,1,2,0
11.666666666666666,951.2099782109816,518.8979003040117,3.29076760663677,1,1,2,0
11.675,950.561681420912,519.1178197961647,3.292258430455321,1,1,2,0
11.683333333333334,951.5699338764629,518.9410351812096,3.2727319759673845,1,1,2,0
11.691666666666666,951.6043239995349,518.3931260006165,3.269308418830139,1,1,2,0
11.7,952.2343992670151,518.6111717588208,3.268063827945077,1,1,2,0
11.708333333333334,951.909288282114,517.3412189579605,3.2883301299926875,1,1,2,0
11.716666666666667,952.2536704350698,517.5574317422278,3.3362627779261187,1,1,2,0
11.725,952.0410077212969,518.012544073471,3.2227673352222364,1,1,2,0
11.733333333333333,951.7631169967894,518.3536346956043,3.2969641269300323,1,1,2,0
11.741666666666667,951.3111196041416,518.3906044969053,3.2540472349298097,1,1,2,0
11.75,950.9966785598369,518.2151588244565,3.268166021663424,1,1,2,0
11.758333333333333,949.6031092323228,518.2496528456767,3.2892823877255593,1,1,2,0
11.766666666666667,949.9240615811734,518.5662173020922,3.2836605376918233,1,1,2,0
11.775,949.6329803984578,518.6878884928191,3.2734231581350084,1,1,2,0
11.783333333333333,949.3448058694984,518.5140098340794,3.2962647726640752,1,1,2,0
11.791666666666666,948.6452936577824,519.0763757251715,3.2639236941559617,1,1,2,0
11.8,948.6778743509021,519.155153072722,3.3042402380897204,1,1,2,0
11.808333333333334,948.8787907224885,519.2955929225525,3.2604876327533834,1,1,2,0
11.816666666666666,948.9528369661961,520.408182647462,3.2738686926567016,1,1,2,0
11.825,949.7149131336569,520.5884184293301,3.2587213622960034,1,1,2,0
11.833333333333334,949.2084443263685,520.6427669404508,3.282782738206518,1,1,2,0
11.841666666666667,948.7036072900847,521.03299476886,3.2569761799606978,1,1,2,0
11.85,949.1797115327845,520.9754388198126,3.2483416449523057,1,1,2,0
11.858333333333333,948.910682862122,521.0077257209466,3.2478840018530786,1,1,2,0
11.866666666666667,949.3964263719456,520.805880290159,3.262719820950635,1,1,2,0
11.875,948.3548474906041,521.6084473961752,3.2813882942098633,1,1,2,0
11.883333333333333,948.326948727459,521.5715623706989,3.31641502512868,1,1,2,0
11.891666666666667,948.5569766240922,521.7487712504482,3.2401187080185356,1,1,2,0
11.9,949.2902110360352,521.9194865539157,3.2932700205119123,1,1,2,0
11.908333333333333,949.7036456553903,522.6195569913859,3.306606815420367,1,1,2,0
11.916666666666666,950.2520123715257,522.6258522204354,3.284196407295867,1,1,2,0
11.925,949.806761546463,521.9434169130162,3.277228032644991,1,1,2,0
11.933333333333334,949.5716770486873,522.7127082864124,3.269396057015312,1,1,2,0
11.941666666666666,949.1049127144943,522.2945562950547,3.2421155415011826,1,1,2,0
11.95,949.0117637369084,522.2278467243046,3.2972564327674587,1,1,2,0
11.958333333333334,948.4770027284161,522.142138992866,3.2136015943120984,1,1,2,0
11.966666666666667,948.5741075347482,522.1514205693949,3.2629579571339935,1,1,2,0
11.975,947.5203931856206,521.5340486682156,3.2882709182762655,1,1,2,0
11.983333333333333,947.8420348388523,521.1941307896094,3.2670480207569543,1,1,2,0
11.991666666666667,947.852072032826,521.1347249024748,3.238908893207269,1,1,2,0
12.0,948.6669189246825,521.0040715183329,3.2516849299659265,1,1,2,0
12.008333333333333,948.8004874673819,520.6826450782181,3.2614119479006747,1,1,2,0
12.016666666666667,949.1461560421538,519.681197379075,3.295888134380052,1,1,2,0
12.025,949.0254730711905,519.5206375653422,3.218872732458675,1,1,2,0
12.033333333333333,948.6850228779878,519.7354555266455,3.239324625634293,1,1,2,0
12.041666666666666,948.5450950118086,520.4525273130591,3.2684942995998125,1,1,2,0
12.05,949.0937387832197,520.5559338710482,3.250288962129225,1,1,2,0
12.058333333333334,949.7091138812027,520.6453942284122,3.264286639860111,1,1,2,0
12.066666666666666,950.0198306030114,520.7188715943292,3.2339119862430614,1,1,2,0
12.075,950.1959221599469,520.5272786679142,3.2565585894914326,1,1,2,0
12.083333333333334,949.8259476754598,520.3787818295999,3.255497237288652,1,1,2,0
12.091666666666667,948.9479340438005,521.0253014573018,3.2540905533229867,1,1,2,0
12.1,948.7255451436143,521.7453629724483,3.2473558178989723,1,1,2,0
12.108333333333333,947.2098685676887,521.6466628761807,3.2607517875281826,1,1,2,0
12.116666666666667,947.3666305102778,521.9513783622094,3.267174892974855,1,1,2,0
12.125,947.5789246136169,522.4779158620441,3.257131944573064,1,1,2,0
12.133333333333333,947.7821655905242,522.5057654338026,3.2406435760385857,1,1,2,0
12.141666666666667,947.3880872217378,521.6391478482481,3.2519976865617988,1,1,2,0
12.15,947.5671845199148,521.5915562317268,3.2137961183398867,1,1,2,0
12.158333333333333,948.0629568235876,521.3588365614817,3.257000954012156,1,1,2,0
12.166666666666666,947.7445543497495,521.9194421983739,3.238277051732264,1,1,2,0
12.175,947.3237974665308,521.0840189817707,3.2018157856899228,1,1,2,0
12.183333333333334,947.6584142053315,520.2508943031431,3.233258475429237,1,1,2,0
12.191666666666666,947.9387081933372,520.6304801033002,3.235924651021541,1,1,2,0
12.2,947.6397671525937,521.2344328674973,3.1962871813807627,1,1,2,0
12.208333333333334,946.8890066332617,521.149667272403,3.2169597066486304,1,1,2,0
12.216666666666667,946.612996540515,520.920509853673,3.214370536266278,1,1,2,0
12.225,946.5970323059738,520.9388314390338,3.246415840473911,1,1,2,0
12.233333333333333,946.867704577843,520.6126047155738,3.1932357510370353,1,1,2,0
12.241666666666667,946.7226729114994,520.142855596332,3.2285307089740933,1,1,2,0
12.25,946.7090564879337,519.9969853121872,3.2170035333715967,1,1,2,0
12.258333333333333,945.8254859102979,519.9962864564168,3.2383198983385912,1,1,2,0
12.266666666666667,945.8028218449722,519.6059646788377,3.22294501312147,1,1,2,0
12.275,945.8294438662209,519.5199109548679,3.2714010852212203,1,1,2,0
12.283333333333333,945.2473294049407,519.8304412538964,3.223355889730127,1,1,2,0
12.291666666666666,945.3903239061265,519.3113384696791,3.265967539393404,1,1,2,0
12.3,945.469527795902,519.5470567174523,3.216071827515725,1,1,2,0
12.308333333333334,946.7640423796844,519.7377738436486,3.2476791876351263,1,1,2,0
12.316666666666666,946.3409421506415,520.4139587616503,3.1929744661135167,1,1,2,0
12.325,946.363142817879,520.75062367462,3.201867782762939,1,1,2,0
12.333333333333334,946.8707784715422,521.2124093982039,3.2063977705150104,1,1,2,0
12.341666666666667,946.9980686188586,521.3991793411564,3.2163555207085204,1,1,2,0
12.35,947.3901679751225,520.9565257046911,3.2046234869203185,1,1,2,0
12.358333333333333,947.6821553823987,521.3091168231172,3.2204085671006526,1,1,2,0
12.366666666666667,947.7728237458008,521.1828463157664,3.223923890221211,1,1,2,0
12.375,947.3338922543045,520.5074304290399,3.2498833296649536,1,1,2,0
12.383333333333333,947.0482112110496,520.7835425242869,3.2067280805591762,1,1,2,0
12.391666666666667,946.5016923165156,521.5868550702078,3.2325471334507343,1,1,2,0
12.4,945.5400275301795,520.7683325466257,3.2311639735291244,1,1,2,0
12.408333333333333,945.0167014886024,520.5838467272943,3.2363698442227804,1,1,2,0
12.416666666666666,944.7667724270667,519.8086979252377,3.1988623625494936,1,1,2,0
12.425,943.7337786009278,520.0423206086895,3.2098042622948793,1,1,2,0
12.433333333333334,944.3484160953495,518.4920462288338,3.2415676198885044,1,1,2,0
12.441666666666666,944.7455789375957,519.0531397661912,3.2208173585037025,1,1,2,0
12.45,944.7346163829211,519.3505153112994,3.2218079748715964,1,1,2,0
12.458333333333334,944.0132710469913,519.0350480437205,3.185692673518777,1,1,2,0
12.466666666666667,944.2283169664987,519.8820459072907,3.205882490990581,1,1,2,0
12.475,944.7408145988859,520.4336639219096,3.2041718049326673,1,1,2,0
12.483333333333333,945.3285140095235,520.4858707346555,3.1816688083021774,1,1,2,0
12.491666666666667,945.4260201703147,520.8446585777265,3.185528290303003,1,1,2,0
12.5,945.3668597662459,521.2204558385533,3.220376435427308,1,1,2,0
12.508333333333333,944.9738653812403,521.549013982621,3.179367836877718,1,1,2,0
12.516666666666667,944.7240585362055,521.050247532545,3.2097470504553165,1,1,2,0
12.525,945.1224431464858,521.4729027003569,3.1828946301448324,1,1,2,0
12.533333333333333,945.3561342345723,521.5104523455415,3.172909331609687,1,1,2,0
12.541666666666666,944.998210174947,522.2578452459044,3.213249376167967,1,1,2,0
12.55,944.208639773538,522.7659748568525,3.187401043642807,1,1,2,0
12.558333333333334,943.8388512115635,522.6514345867006,3.170286926729456,1,1,2,0
12.566666666666666,944.1089891938186,523.0147368893365,3.182703921559442,1,1,2,0
12.575,944.5730997653351,523.6587367271022,3.186091738906106,1,1,2,0
12.583333333333334,944.1283437908745,523.9440734536628,3.187258868518425,1,1,2,0
12.591666666666667,945.1714866851461,524.1072315893332,3.199941515601629,1,1,2,0
12.6,944.9365414200112,524.4669716792719,3.1765936508599006,1,1,2,0
12.608333333333333,944.8849817601605,525.248125546503,3.178748919091477,1,1,2,0
12.616666666666667,945.2625148924129,524.6308178384944,3.1791063920497264,1,1,2,0
12.625,945.5934544674399,524.3531013446474,3.1911218140189272,1,1,2,0
12.633333333333333,945.7297119120334,524.6243180212666,3.1972087618546308,1,1,2,0
12.641666666666667,946.0884507984214,525.4821193096651,3.1955614789929565,1,1,2,0
12.65,946.3001798436692,524.5073550498968,3.190342808813251,1,1,2,0
12.658333333333333,945.5867483070438,525.3754451830288,3.2019232855241775,1,1,2,0
12.666666666666666,945.064981072188,525.9175040960979,3.2103641854209934,1,1,2,0
12.675,944.7021019225616,525.6706499607337,3.177412223151664,1,1,2,0
12.683333333333334,944.1631186434289,527.1167593562546,3.2315365536251455,1,1,2,0
12.691666666666666,944.2451211377457,527.5892166936344,3.2190922674302933,1,1,2,0
12.7,943.554525752663,527.4363863632922,3.1417070049446307,1,1,2,0
12.708333333333334,944.6036990376501,527.9973709422073,3.1601691856857257,1,1,2,0
12.716666666666667,945.7644414980301,527.792839019021,3.18661834681193,1,1,2,0
12.725,945.8915820152145,528.1795408074989,3.184276889985026,1,1,2,0
12.733333333333333,945.9225787063325,528.0550685100291,3.155927657963849,1,1,2,0
12.741666666666667,945.5130288289955,527.6712804416184,3.108156840986301,1,1,2,0
12.75,945.400025368052,527.1688898328481,3.1649305923800424,1,1,2,0
12.758333333333333,945.3583349143786,527.2476508788368,3.1651860934877716,1,1,2,0
12.766666666666667,945.6854727304941,527.9484015053032,3.1565279300463724,1,1,2,0
12.775,945.7150042190495,527.7441796832508,3.13808036662244,1,1,2,0
12.783333333333333,946.3238372705597,528.0008363812182,3.191488207494966,1,1,2,0
12.791666666666666,946.9673343419647,527.9838925820521,3.176472719641785,1,1,2,0
12.8,947.0815437949319,528.5816666210841,3.1597995321999433,1,1,2,0
12.808333333333334,946.5954251168924,528.3717509826909,3.133401670810273,1,1,2,0
12.816666666666666,946.5420863770603,527.9048411244684,3.1438252330310985,1,1,2,0
12.825,945.966194263503,527.2826954570679,3.146575413775572,1,1,2,0
12.833333333333334,945.0783150780875,528.1419713331106,3.140979610046248,1,1,2,0
12.841666666666667,945.430981086924,528.4344589565092,3.125514661588429,1,1,2,0
12.85,945.0274177169395,528.0506966483614,3.1501697208218804,1,1,2,0
12.858333333333333,944.6090127968591,527.8305969109966,3.1511332632552205,1,1,2,0
12.866666666666667,944.4227338732537,528.7789255572001,3.1613907390859124,1,1,2,0
12.875,944.2379427404811,528.4074759431522,3.1465387516481136,1,1,2,0
12.883333333333333,944.395014462613,527.9073226351506,3.1424067265753495,1,1,2,0
12.891666666666667,944.0787611235535,528.0528890581992,3.1520199519857894,1,1,2,0
12.9,942.095893152648,528.2137918435905,3.1618927679570676,1,1,2,0
12.908333333333333,942.5657987841264,528.8737305668047,3.172915838246021,1,1,2,0
12.916666666666666,942.3245126526964,529.0432095955009,3.1560114023243018,1,1,2,0
12.925,942.6440313194403,530.521224349467,3.1290102579211667,1,1,2,0
12.933333333333334,942.7196647774635,529.8951471670435,3.148279913449093,1,1,2,0
12.941666666666666,942.3611504422772,529.3709911648484,3.1445776775861836,1,1,2,0
12.95,942.1413880449945,529.0014632332817,3.1650898419845768,1,1,2,0
12.958333333333334,942.5872314170466,529.1680521757802,3.1468734782207193,1,1,2,0
12.966666666666667,942.7080378625554,528.6252038544608,3.1258136334180593,1,1,2,0
12.975,942.5281067308573,529.3026302373901,3.16450384556001,1,1,2,0
12.983333333333333,943.0799930469569,529.1338771823405,3.136288038318258,1,1,2,0
12.991666666666667,943.2686980670273,528.9591160771402,3.1657055125874027,1,1,2,0
13.0,943.6618990420691,528.5438607128996,3.1598001901891704,1,1,2,0
13.008333333333333,943.9456039738143,529.1148120828416,3.1389852151151243,1,1,2,0
13.016666666666667,943.1925606818633,529.1075089001267,3.116142801854954,1,1,2,0
13.025,943.7868505360002,528.7147423830484,3.1371851165815503,1,1,2,0
13.033333333333333,942.716871147134,528.9413522924451,3.1358590912510587,1,1,2,0
13.041666666666666,942.4782210362072,528.8689389837901,3.1442122999144617,1,1,2,0
13.05,942.3768739008484,530.0873111215345,3.12235389485458,1,1,2,0
13.058333333333334,941.9512048496865,530.6194790860371,3.129514939193407,1,1,2,0
13.066666666666666,942.327551207746,529.763281735774,3.131790945009572,1,1,2,0
13.075,942.2598556228844,528.9440140492896,3.1650239701910974,1,1,2,0
13.083333333333334,942.2051804050235,528.9073591292655,3.1496724460472767,1,1,2,0
13.091666666666667,941.8719986337127,529.2011684753965,3.113307316344904,1,1,2,0
13.1,941.6805342894972,529.6729855491486,3.1411082948525,1,1,2,0
13.108333333333333,942.3501703353712,529.8722864691654,3.1051600519081823,1,1,2,0
13.116666666666667,943.0324558632408,530.7191857634332,3.1350995497359953,1,1,2,0
13.125,943.3096236668163,530.3208539040852,3.1131773804766865,1,1,2,0
13.133333333333333,942.616949529081,529.9419691430954,3.126470183174545,1,1,2,0
13.141666666666667,942.5909006921399,530.2952399659173,3.105243141216899,1,1,2,0
13.15,942.8941037011028,529.5933589905308,3.127966465704799,1,1,2,0
13.158333333333333,942.9127932488851,529.3565472629981,3.107492029130477,1,1,2,0
13.166666666666666,943.3368999777381,530.2688858915416,3.1134094086883417,1,1,2,0
13.175,943.2359902701428,530.3452231072844,3.121810787070238,1,1,2,0
13.183333333333334,943.8825989713658,530.4331312203933,3.105018903819816,1,1,2,0
13.191666666666666,943.9493295271573,530.2930758128612,3.139330016486319,1,1,2,0
13.2,943.9137185768359,529.4184728052386,3.109653695721713,1,1,2,0
13.208333333333334,944.4921106826046,529.172957949484,3.1416590392995034,1,1,2,0
13.216666666666667,944.4043065267113,528.7178219471531,3.1135781902303767,1,1,2,0
13.225,943.9905324332027,528.7815422862373,3.135587974123523,1,1,2,0
13.233333333333333,943.5198343340217,528.5505139205407,3.110018018421329,1,1,2,0
13.241666666666667,943.9644872406924,528.2953348518096,3.1314479005431237,1,1,2,0
13.25,944.2972675044459,528.7452666557015,3.1257161023311526,1,1,2,0
13.258333333333333,944.0232580912436,528.6632662958768,3.055018854161994,1,1,2,0
13.266666666666667,943.9995575030669,528.5547383412994,3.1309575712168165,1,1,2,0
13.275,944.322636774445,528.238741081979,3.094373470797303,1,1,2,0
13.283333333333333,944.5498524850317,527.9655489816068,3.105340914924623,1,1,2,0
13.291666666666666,945.3793223444479,527.5855863044893,3.119995692712102,1,1,2,0
13.3,946.1808047191594,528.0066656316171,3.115901679096101,1,1,2,0
13.308333333333334,946.0993500292027,527.8232552115819,3.099873494913066,1,1,2,0
13.316666666666666,945.9404959205297,528.0787132067469,3.091017783231744,1,1,2,0
13.325,945.6410896511584,528.4975978872801,3.119259638055204,1,1,2,0
13.333333333333334,945.8918391355376,528.1522634515629,3.075015237091463,1,1,2,0
13.341666666666667,945.6482414040072,528.6382185133565,3.1106312409304575,1,1,2,0
13.35,945.5873317988086,528.193405570423,3.1178413969251135,1,1,2,0
13.358333333333333,945.1314015157926,528.2160201441161,3.1451897661995405,1,1,2,0
13.366666666666667,944.8591232821597,527.1941561706554,3.1443485616742617,1,1,2,0
13.375,945.378712736449,527.267871716254,3.1228046720632707,1,1,2,0
13.383333333333333,946.3152066780518,526.8641796980872,3.117002602613937,1,1,2,0
13.391666666666667,946.5038753174695,527.867281586465,3.1173076190338005,1,1,2,0
13.4,946.3154052699663,527.8649591975474,3.1037775865987323,1,1,2,0
13.408333333333333,944.8076256806424,528.3889013008768,3.1152213312667154,1,1,2,0
13.416666666666666,944.8632020515781,527.6271664040528,3.1059654540502057,1,1,2,0
13.425,944.5061926603277,527.9876080613028,3.1127333528857664,1,1,2,0
13.433333333333334,943.8201257751666,528.6131836122405,3.083271534198042,1,1,2,0
13.441666666666666,944.9504774739062,528.7251339682011,3.122932672725141,1,1,2,0
13.45,944.7094556816965,529.4465530759527,3.0957642089581556,1,1,2,0
13.458333333333334,944.2101567745607,530.0598709655607,3.1051590253319454,1,1,2,0
13.466666666666667,944.5956721852571,529.5742489617452,3.1224111153267873,1,1,2,0
13.475,944.0768928681501,529.499572176194,3.117740350865605,1,1,2,0
13.483333333333333,944.6449089071212,529.9331639549687,3.1337828979430116,1,1,2,0
13.491666666666667,944.6077067403245,529.7519488825313,3.090974348296222,1,1,2,0
13.5,944.9960446041987,529.2763353455082,3.1103562132804026,1,1,2,0
13.508333333333333,944.457834840676,528.8652526687987,3.074794794290885,1,1,2,0
13.516666666666667,944.6142326055639,529.0880970664726,3.0840460097067623,1,1,2,0
13.525,945.0020205982357,529.0587458913823,3.0848500801902614,1,1,2,0
13.533333333333333,944.7449290695579,528.6106607343829,3.066075300189861,1,1,2,0
13.541666666666666,944.6312706971001,528.4606565037933,3.0976269562444463,1,1,2,0
13.55,945.2208718800076,527.6019981736149,3.100527999143249,1,1,2,0
13.558333333333334,945.2868981425355,527.9026117309156,3.0938099133949817,1,1,2,0
13.566666666666666,944.4193076401809,528.5053153859537,3.1146074530417365,1,1,2,0
13.575,945.1930085353197,528.5262637963483,3.0888881541023285,1,1,2,0
13.583333333333334,944.8191809274509,529.0540266266303,3.113428883324043,1,1,2,0
13.591666666666667,944.0539407376916,528.7828058863869,3.089223020425304,1,1,2,0
13.6,944.1490041898992,528.1869913600864,3.0965736070035725,1,1,2,0
13.608333333333333,944.7724916653896,528.1113989569036,3.0850395436597937,1,1,2,0
13.616666666666667,944.348712453885,528.3811727790958,3.103131177829008,1,1,2,0
13.625,944.5781360897901,527.5328370905152,3.105225984449751,1,1,2,0
13.633333333333333,944.2835753156215,527.5276101692607,3.0940833553003952,1,1,2,0
13.641666666666667,944.4684123883947,527.3763387539622,3.095045940254561,1,1,2,0
13.65,944.2633997149411,526.9166322586112,3.095087488587521,1,1,2,0
13.658333333333333,944.4375981429536,526.8406411295066,3.1154262275666795,1,1,2,0
13.666666666666666,944.7946559733249,526.8435462759309,3.093477800860224,1,1,2,0
13.675,944.8641641249824,526.2689881015755,3.1133305042317914,1,1,2,0
13.683333333333334,944.2989854618211,525.7659896126578,3.1357661979729228,1,1,2,0
13.691666666666666,944.1181253282977,525.3560211729642,3.0894538577244086,1,1,2,0
13.7,943.6579009758484,525.6302714703099,3.1031762233923947,1,1,2,0
13.708333333333334,943.1264468612641,526.0201214088813,3.0892329674379093,1,1,2,0
13.716666666666667,943.3972130876194,526.4131832963593,3.082048055506362,1,1,2,0
13.725,944.0214906048549,525.854936728003,3.093884080218669,1,1,2,0
13.733333333333333,943.0223673491473,525.2082090671463,3.059597608074163,1,1,2,0
13.741666666666667,942.4645360228384,525.0380922370263,3.1017566348509664,1,1,2,0
13.75,942.3960533438268,524.4754612533424,3.106169398417399,1,1,2,0
13.758333333333333,943.1193844525261,524.3315480281408,3.0547450378159904,1,1,2,0
13.766666666666667,943.6604801539975,524.9081581770565,3.088617604014517,1,1,2,0
13.775,943.901820406354,524.4845738536189,3.1046106526061217,1,1,2,0
13.783333333333333,943.6434243139687,525.1318737190111,3.0830901054270368,1,1,2,0
13.791666666666666,944.5787000344317,525.4203557944898,3.0963084586837564,1,1,2,0
13.8,944.9748571882562,525.3457964814214,3.114193317166527,1,1,2,0
13.808333333333334,944.67576306315,525.3815517449044,3.1213315150919327,1,1,2,0
13.816666666666666,943.6495686007529,525.1599235102633,3.1582237388435837,1,1,2,0
13.825,943.7483546377446,526.3056415300548,3.107447299410395,1,1,2,0
13.833333333333334,944.1126561917324,526.2716415457725,3.120854859082886,1,1,2,0
13.841666666666667,945.0279111882423,526.0594071031463,3.096228591500225,1,1,2,0
13.85,944.8637570809495,525.6884950139228,3.089885223726761,1,1,2,0
13.858333333333333,945.5329382577919,525.8682235266257,3.100411039509861,1,1,2,0
13.866666666666667,946.301302069059,525.4152658807035,3.0997097427382574,1,1,2,0
13.875,946.9391346602649,525.590869560414,3.1333050523051074,1,1,2,0
13.883333333333333,947.6262140022549,525.475156276259,3.073332792920476,1,1,2,0
13.891666666666667,947.4822670669789,525.0119886489266,3.153263867105073,1,1,2,0
13.9,946.6425393519461,525.0848090522452,3.0472101702525687,1,1,2,0
13.908333333333333,947.5538061459813,524.3286862472353,3.113034433439155,1,1,2,0
13.916666666666666,946.8268500304999,524.260497352126,3.0794963787138214,1,1,2,0
13.925,947.9700841036685,522.7031354442174,3.090085955092768,1,1,2,0
13.933333333333334,947.293088843828,521.8218742791333,3.1142311311144004,1,1,2,0
13.941666666666666,946.6432229680239,521.5216444274856,3.085293069627875,1,1,2,0
13.95,946.873917575564,521.7603965760305,3.0943283232866525,1,1,2,0
13.958333333333334,947.1215689036742,522.2242587841655,3.101037108286109,1,1,2,0
13.966666666666667,946.4598572857956,522.154320763997,3.087784296945255,1,1,2,0
13.975,947.5369640280916,523.0644646174985,3.1227697259251,1,1,2,0
13.983333333333333,947.1669480008813,522.4465358418197,3.0823155821708346,1,1,2,0
13.991666666666667,946.3557191474288,522.578130464219,3.1451949797946943,1,1,2,0
14.0,947.1749642553026,521.3796128314475,3.114573403237791,1,1,2,0
14.008333333333333,947.7380206640527,521.0168391036276,3.0848144757313998,1,1,2,0
14.016666666666667,947.4495344689009,521.2799146167898,3.0916622836405043,1,1,2,0
14.025,946.7481651012871,520.6926871554141,3.0625984562671738,1,1,2,0
14.033333333333333,946.6458373358207,520.6159094806989,3.098854289742662,1,1,2,0
14.041666666666666,946.4209530792166,521.4081823503356,3.104045705672175,1,1,2,0
14.05,947.0805163468269,522.1107003349883,3.098113479714218,1,1,2,0
14.058333333333334,947.6102279242945,521.3913249870586,3.128884484301551,1,1,2,0
14.066666666666666,947.4561540263812,521.5353161982551,3.1119939907988328,1,1,2,0
14.075,946.4983569382539,521.4216041496865,3.099932220619931,1,1,2,0
14.083333333333334,946.0391971503968,521.8778768610252,3.114501545581821,1,1,2,0
14.091666666666667,946.1860451805721,521.5276213681209,3.1163466461838993,1,1,2,0
14.1,945.6966194075823,520.8318010868126,3.104667165613326,1,1,2,0
14.108333333333333,945.4740189374427,520.5121624999839,3.0791355342106197,1,1,2,0
14.116666666666667,945.7573808481303,520.2245243392256,3.1156278971851346,1,1,2,0
14.125,945.5364323997261,520.2144585169289,3.0835785812611736,1,1,2,0
14.133333333333333,945.9920174905625,520.1193933865677,3.091375613511646,1,1,2,0
14.141666666666667,946.1371313275341,519.2264011652859,3.112665973132115,1,1,2,0
14.15,945.7632060069591,518.0008148662147,3.0817339400261266,1,1,2,0
14.158333333333333,946.1016167376105,518.1433135374084,3.1002083485929033,1,1,2,0
14.166666666666666,945.439196921522,518.3706702169578,3.0946397038012425,1,1,2,0
14.175,944.9408950584125,518.1511622153752,3.1487685952342592,1,1,2,0
14.183333333333334,944.5221473373193,518.3819163668408,3.0937559245814854,1,1,2,0
14.191666666666666,944.4925496251803,517.3175038287026,3.106419302439394,1,1,2,0
14.2,944.5793419772714,518.2980734139045,3.10915792892906,1,1,2,0
14.208333333333334,944.6593774561921,518.795381750162,3.1121488122402248,1,1,2,0
14.216666666666667,944.6172103322118,519.1436853578825,3.1277291940713594,1,1,2,0
14.225,944.6520763462053,520.2259780140605,3.1120493103196316,1,1,2,0
14.233333333333333,945.5421894431763,519.9234872398354,3.141068393697813,1,1,2,0
14.241666666666667,946.0281041467649,519.7969821822572,3.111843992555038,1,1,2,0
14.25,945.8232372221079,519.7800404598325,3.1180880702915235,1,1,2,0
14.258333333333333,945.3844469690891,519.8144094991014,3.0986667206473677,1,1,2,0
14.266666666666667,945.4189789178066,519.1157101032306,3.098965071876371,1,1,2,0
14.275,1315.1232888170641,32.579269737030245,3.112439328855013,1,1,2,0
14.283333333333333,1315.811369627609,32.112753788613645,3.1201875707296898,1,1,2,0
14.291666666666666,947.4998948866585,518.0206606756,3.1252510313076978,1,1,2,0
14.3,947.6300029879818,518.1131915986733,3.1319915314955833,1,1,2,0
14.308333333333334,947.7935804053875,517.4045616763981,3.1055062220912,1,1,2,0
14.316666666666666,946.9402538539587,518.1399433731748,3.1461836689662515,1,1,2,0
14.325,946.5202045959535,517.8271886104413,3.1185910454870127,1,1,2,0
14.333333333333334,946.6076298944179,518.1350836690262,3.1053428049515452,1,1,2,0
14.341666666666667,946.8282415294827,518.2864871966561,3.1414052709127165,1,1,2,0
14.35,947.4422444897273,518.7348622654063,3.1427320749712013,1,1,2,0
14.358333333333333,948.6239131066258,518.7248104833487,3.09304093045571,1,1,2,0
14.366666666666667,948.058481990768,518.5046945101254,3.1344745730858605,1,1,2,0
14.375,948.0721514713017,517.5608007328035,3.1274998525691178,1,1,2,0
14.383333333333333,946.5454636259423,518.3462131625638,3.117778837318587,1,1,2,0
14.391666666666667,946.2922068818398,518.5381801071297,3.153687543825309,1,1,2,0
14.4,946.7953154369652,519.2608352167697,3.1636344046740597,1,1,2,0
14.408333333333333,946.7362005174036,519.5760850011984,3.1007070893292243,1,1,2,0
14.416666666666666,946.9060393878493,518.0560663658678,3.147820985732419,1,1,2,0
14.425,946.7158303225403,519.0755883353568,3.1287861981223193,1,1,2,0
14.433333333333334,947.2335936167811,519.6083266671849,3.152722212162345,1,1,2,0
14.441666666666666,946.7263511680603,519.3460090412395,3.1114467155725927,1,1,2,0
14.45,946.2520412448727,518.4107606792493,3.1542951186229558,1,1,2,0
14.458333333333334,946.0150844341119,518.273117695529,3.125585296330947,1,1,2,0
14.466666666666667,945.7468381103428,518.3190444664498,3.1349255266053397,1,1,2,0
14.475,945.1658404015219,517.9587179562826,3.1378844809620636,1,1,2,0
14.483333333333333,944.8252794817311,517.3513697722009,3.144068050946256,1,1,2,0
14.491666666666667,944.2692225159985,517.4277438667048,3.1459838792021815,1,1,2,0
14.5,944.2647319302962,517.5832533588499,3.1561927127630627,1,1,2,0
14.508333333333333,944.9193499029843,517.7409309635285,3.1321005838026554,1,1,2,0
14.516666666666667,945.26904605474,516.9496190088479,3.147614318624579,1,1,2,0
14.525,945.5095547668546,516.8058937163366,3.152546002503452,1,1,2,0
14.533333333333333,945.9680540839656,516.9129740152855,3.169504536208321,1,1,2,0
14.541666666666666,946.4844882121048,516.1214376399827,3.1404487904406166,1,1,2,0
14.55,945.8177689966119,515.352895395947,3.17281686982828,1,1,2,0
14.558333333333334,945.6646628065769,516.2472274534302,3.0960161841829374,1,1,2,0
14.566666666666666,944.4099147596078,515.5730172769057,3.1620778155560427,1,1,2,0
14.575,944.6087677461055,515.3164270196604,3.1591115441089963,1,1,2,0
14.583333333333334,944.710583393775,515.082248998948,3.1428128937252167,1,1,2,0
14.591666666666667,945.1861882723725,514.3464285070544,3.1304572695713353,1,1,2,0
14.6,945.4410557792464,514.8283016125995,3.164721176550487,1,1,2,0
14.608333333333333,945.1476903646335,515.4506438397162,3.1504137279904043,1,1,2,0
14.616666666666667,944.6275657654443,516.0140777226663,3.1310921190082337,1,1,2,0
14.625,944.73900541235,516.4551675033449,3.193310916326979,1,1,2,0
14.633333333333333,944.98618310759,515.6292592853357,3.1646372710350072,1,1,2,0
14.641666666666667,944.8008829099678,515.2528099532866,3.168828372833655,1,1,2,0
14.65,945.3926011707609,515.4448759357289,3.172976534407454,1,1,2,0
14.658333333333333,945.0744073071425,516.3217145350678,3.173193074715136,1,1,2,0
14.666666666666666,945.3964856562317,515.708656157416,3.1752860096439415,1,1,2,0
14.675,945.2043581835111,514.9441729161508,3.1544167176890654,1,1,2,0
14.683333333333334,944.9380135090296,515.164244105985,3.14633341704263,1,1,2,0
14.691666666666666,944.547482656234,516.2094350163475,3.1398311706851283,1,1,2,0
14.7,944.7681911219407,516.2750723172801,3.141217007103351,1,1,2,0
14.708333333333334,945.5792737516472,516.1723404657139,3.1451856266932334,1,1,2,0
14.716666666666667,946.3920272495012,516.1755881252909,3.1882595981522033,1,1,2,0
14.725,946.1744161233305,516.2859465551157,3.1515420827717855,1,1,2,0
14.733333333333333,945.9081835095043,516.4325297302227,3.1689910451581254,1,1,2,0
14.741666666666667,946.4202168830351,516.636596771881,3.1711338290204147,1,1,2,0
14.75,945.6444690289514,516.7210922213384,3.1758449729154217,1,1,2,0
14.758333333333333,945.5303949397096,517.0413128649657,3.1396613324064298,1,1,2,0
14.766666666666667,945.561319305475,517.6119023936778,3.1779928774212607,1,1,2,0
14.775,945.9369846907248,518.1380737186488,3.191184872350918,1,1,2,0
14.783333333333333,946.173797512038,518.2986218452804,3.1913956602274163,1,1,2,0
14.791666666666666,945.9721838020198,517.9056503858573,3.1228243180226114,1,1,2,0
14.8,945.7885838475387,518.5408918452767,3.1709972858707114,1,1,2,0
14.808333333333334,945.3714464919476,518.6768608625862,3.1705618660772084,1,1,2,0
14.816666666666666,944.7171496217775,518.5467135370824,3.1669921222571342,1,1,2,0
14.825,943.9718161851039,518.772240315921,3.1973606027683723,1,1,2,0
14.833333333333334,944.7971055397961,520.2765565858231,3.1723047042260046,1,1,2,0
14.841666666666667,945.1771754529042,520.8264313890012,3.2085278317510513,1,1,2,0
14.85,945.1988659183239,519.7662466843914,3.202572985541877,1,1,2,0
14.858333333333333,944.7338600889764,520.1296668130719,3.203651503698854,1,1,2,0
14.866666666666667,944.5748915076066,520.5829694043139,3.2081337285568545,1,1,2,0
14.875,944.9979397403471,520.8215201454137,3.1823189594526946,1,1,2,0
14.883333333333333,943.9030133351849,520.423126460988,3.1854079182930217,1,1,2,0
14.891666666666667,944.9457674567218,520.0707147710435,3.1935179375575187,1,1,2,0
14.9,944.6097188626601,520.2207905868839,3.191703545378558,1,1,2,0
14.908333333333333,945.1562590835712,520.2282444779196,3.203361833250341,1,1,2,0
14.916666666666666,945.5064039771084,520.0336930244019,3.166653595191046,1,1,2,0
14.925,945.937755856191,519.2136033965078,3.208897409947158,1,1,2,0
14.933333333333334,945.4086664046674,518.4619039422008,3.192949601890377,1,1,2,0
14.941666666666666,945.2963197811857,518.6009364968236,3.184356645549344,1,1,2,0
14.95,946.2108391968064,518.2042884216002,3.1847600908784193,1,1,2,0
14.958333333333334,945.9163470865216,518.0313269793165,3.239286070429048,1,1,2,0
14.966666666666667,946.0391452527685,518.3984575642647,3.1744878718353755,1,1,2,0
14.975,945.8808735120435,518.5393327994715,3.2242987129665823,1,1,2,0
14.983333333333333,946.5140965993432,517.8968849553761,3.208620210479293,1,1,2,0
14.991666666666667,946.7884387320971,517.7926182451076,3.2085943692536896,1,1,2,0
15.0,947.3164992313939,517.0392089397219,3.2157357910878783,1,1,2,0
15.008333333333333,947.0113900448506,517.1049094900247,3.1864442186345485,1,1,2,0
15.016666666666667,947.2758966121493,518.2000520890738,3.221535796303313,1,1,2,0
15.025,947.0593132613766,519.0791183339427,3.2249601928082927,1,1,2,0
15.033333333333333,946.8789760209957,519.0856430348302,3.2571806035544437,1,1,2,0
15.041666666666666,946.6545279701493,518.4468096920095,3.179908586528093,1,1,2,0
15.05,946.6757440458605,517.8313784540959,3.2241928436117453,1,1,2,0
15.058333333333334,946.8511100411807,517.3056054028473,3.1819758105829394,1,1,2,0
15.066666666666666,947.1223535225159,516.3403279992403,3.19122730473771,1,1,2,0
15.075,947.6330845393101,516.3206269220079,3.2122231551028047,1,1,2,0
15.083333333333334,947.7916512772225,516.306638369161,3.226297763652154,1,1,2,0
15.091666666666667,946.7004287712766,516.754096793216,3.206625413940915,1,1,2,0
15.1,946.2379034547197,516.1800251640193,3.2061343953859285,1,1,2,0
15.108333333333333,945.3918436523297,517.6791992300134,3.2055049328115164,1,1,2,0
15.116666666666667,945.0342485174344,516.9162841389343,3.2073836988149966,1,1,2,0
15.125,944.4908937289655,516.4870784781299,3.2174514012657576,1,1,2,0
15.133333333333333,944.1052062333666,517.0763429218608,3.216635850305197,1,1,2,0
15.141666666666667,944.0553557952294,516.7141635237689,3.198975208799396,1,1,2,0
15.15,943.6746567669899,515.9980638504697,3.2446661390802904,1,1,2,0
15.158333333333333,943.5555906743883,515.4503491074995,3.234379100460239,1,1,2,0
15.166666666666666,943.7021229990721,515.4585749749677,3.220900675258485,1,1,2,0
15.175,943.1979370436086,515.1118679044462,3.184974664138879,1,1,2,0
15.183333333333334,943.1165527704843,515.3314641537504,3.261129866590712,1,1,2,0
15.191666666666666,942.9785669420801,515.0285018236248,3.2347321935540947,1,1,2,0
15.2,942.0614605824361,514.3632224384669,3.2221357612321104,1,1,2,0
15.208333333333334,941.878410629122,514.7009774906647,3.197842158227329,1,1,2,0
15.216666666666667,941.6358393291747,514.1089310634517,3.21695894937504,1,1,2,0
15.225,941.3021535472822,514.6796787171886,3.260944621632543,1,1,2,0
15.233333333333333,941.1933240931104,514.8434199332112,3.228812304367491,1,1,2,0
15.241666666666667,940.98851828381,515.496032054993,3.2458924296075575,1,1,2,0
15.25,941.0950600990899,516.4667188267077,3.227563474788903,1,1,2,0
15.258333333333333,941.9026365373173,516.9462131326942,3.257268901124306,1,1,2,0
15.266666666666667,941.7356865805453,516.4948353832223,3.215769006805364,1,1,2,0
15.275,941.7007434996026,516.443911140182,3.2411193534639753,1,1,2,0
15.283333333333333,941.1264139397755,516.473041125419,3.2675173167980587,1,1,2,0
15.291666666666666,940.6743856527906,517.4486055704191,3.250876287737234,1,1,2,0
15.3,941.002793903505,517.636887683037,3.242326870264349,1,1,2,0
15.308333333333334,940.8084409686402,517.6825744147023,3.228545798042391,1,1,2,0
15.316666666666666,940.2273717243577,517.3436052265134,3.2167866534221834,1,1,2,0
15.325,939.5177390756044,517.5937586465143,3.229532254275597,1,1,2,0
15.333333333333334,939.5038269118322,517.1771063026043,3.2367614442937724,1,1,2,0
15.341666666666667,939.2572688876941,517.862001914827,3.2504971775731066,1,1,2,0
15.35,939.0812557950266,517.6646695200869,3.275027999522377,1,1,2,0
15.358333333333333,939.8950472743697,517.6846953691837,3.2650369339723024,1,1,2,0
15.366666666666667,939.9245395201593,517.2778542099679,3.2297876712537894,1,1,2,0
15.375,939.8559756957848,517.7862848140118,3.246646310953583,1,1,2,0
15.383333333333333,940.0777286043382,518.0930697531302,3.2662808564503405,1,1,2,0
15.391666666666667,939.9411617081729,518.179758022227,3.24987436632476,1,1,2,0
15.4,939.8465378672641,518.1859370334691,3.24887690967406,1,1,2,0
15.408333333333333,939.078252950079,517.8219135798462,3.2117286365905064,1,1,2,0
15.416666666666666,939.2772727031851,517.3421035703149,3.2569327388590428,1,1,2,0
15.425,939.0564244000997,517.3954188208717,3.2572542949065078,1,1,2,0
15.433333333333334,938.6761727838945,517.867750252028,3.232029433876692,1,1,2,0
15.441666666666666,939.480943884033,517.8589574613843,3.2396038933678746,1,1,2,0
15.45,939.6996002827585,517.6340347472421,3.2568223425945937,1,1,2,0
15.458333333333334,938.703403936232,517.3974967301149,3.2446011108876975,1,1,2,0
15.466666666666667,939.2471809073816,517.1266346786917,3.3049329545638453,1,1,2,0
15.475,939.2814124258648,516.885312815548,3.227198996522807,1,1,2,0
15.483333333333333,938.9002291847621,516.5874604556526,3.2482873727730106,1,1,2,0
15.491666666666667,938.245594680124,517.3030693368896,3.315736971668326,1,1,2,0
15.5,938.3246921352521,517.2771269674588,3.2960836282477644,1,1,2,0
15.508333333333333,937.9149425589334,516.8668782663283,3.2538561393137946,1,1,2,0
15.516666666666667,938.5759520680649,516.6997069800809,3.234662011819333,1,1,2,0
15.525,937.6779279707831,515.8101853367932,3.238797247799088,1,1,2,0
15.533333333333333,936.9332512434939,516.185560454629,3.3068198004067337,1,1,2,0
15.541666666666666,936.4010718594651,516.1201833355154,3.3245918859066483,1,1,2,0
15.55,936.1190920584747,516.085587081782,3.287058722271501,1,1,2,0
15.558333333333334,936.2905482607782,514.8453524462195,3.254194061892265,1,1,2,0
15.566666666666666,935.8477690435651,515.5595267245857,3.2836798969522527,1,1,2,0
15.575,935.6447628687051,515.5365637580185,3.302154462380483,1,1,2,0
15.583333333333334,935.1971589292754,515.6152114727314,3.3003850311287612,1,1,2,0
15.591666666666667,934.8790479056775,516.0294679894744,3.293360558348142,1,1,2,0
15.6,935.0185103432938,516.1140555081544,3.244374647400632,1,1,2,0
15.608333333333333,934.6112946230556,516.0445459928185,3.2927416770089803,1,1,2,0
15.616666666666667,934.0620706142105,516.047555144045,3.3224429322796967,1,1,2,0
15.625,934.7239106156002,515.2200518228796,3.3278933999123494,1,1,2,0
15.633333333333333,934.120805098211,515.7717356596793,3.3377716544134834,1,1,2,0
15.641666666666667,933.7092994361977,516.1125536828206,3.3199682462042563,1,1,2,0
15.65,935.0673874584877,516.3009252528709,3.3176877367076307,1,1,2,0
15.658333333333333,934.9762556907549,516.5053447259538,3.3088655472925628,1,1,2,0
15.666666666666666,934.4403691974518,517.5024528537773,3.3452634086294903,1,1,2,0
15.675,934.6790772233267,517.332671292415,3.2953566182164606,1,1,2,0
15.683333333333334,934.4070848794717,517.1227556009196,3.294338765681972,1,1,2,0
15.691666666666666,934.7132145601579,516.6273001229173,3.351783434995853,1,1,2,0
15.7,935.1599621035931,516.8530988201512,3.3360535532515607,1,1,2,0
15.708333333333334,935.3537373156337,516.7924968421788,3.339258063108297,1,1,2,0
15.716666666666667,934.9764715254151,517.4758795240754,3.331586995004522,1,1,2,0
15.725,935.2964211051707,517.7984345296148,3.3702148319092236,1,1,2,0
15.733333333333333,934.3510790355464,518.1887025941609,3.3186894683684245,1,1,2,0
15.741666666666667,935.1831577598585,518.1651439562954,3.351438342425547,1,1,2,0
15.75,935.4990174641953,517.7760073132736,3.3320703522119435,1,1,2,0
15.758333333333333,934.3837174988103,518.0422220739601,3.3033166757220473,1,1,2,0
15.766666666666667,934.4194920602683,518.2216641069286,3.3387163705076395,1,1,2,0
15.775,935.2176456957689,518.5831710389227,3.3353461050371505,1,1,2,0
15.783333333333333,935.0962177847736,517.757690208692,3.3234601770486223,1,1,2,0
15.791666666666666,935.0660138878977,518.2361938982779,3.3466055003835598,1,1,2,0
15.8,935.0816101798357,519.0289967280785,3.316712359852287,1,1,2,0
15.808333333333334,934.6343035791737,518.6787150047787,3.3418228166628077,1,1,2,0
15.816666666666666,934.4643574830078,518.7261080527173,3.3176171297398658,1,1,2,0
15.825,934.2055305742717,517.9428765917266,3.33162278487641,1,1,2,0
15.833333333333334,933.3427199760501,517.9356751772957,3.30175944432078,1,1,2,0
15.841666666666667,933.3986410567212,517.9303429292601,3.3202258011946495,1,1,2,0
15.85,933.9088678501483,518.0515288497387,3.2976594590598935,1,1,2,0
15.858333333333333,933.9040298522237,517.7294516706271,3.2986776424564455,1,1,2,0
15.866666666666667,933.4916546556279,518.1385437400888,3.3241624952292668,1,1,2,0
15.875,933.5848598721306,517.3767137494992,3.2800297827005944,1,1,2,0
15.883333333333333,932.7084228998943,518.4471082084749,3.2878813704959056,1,1,2,0
15.891666666666667,932.319733899744,518.6284964811069,3.2953787292663046,1,1,2,0
15.9,931.7247862230178,518.937245389473,3.3293467178468226,1,1,2,0
15.908333333333333,932.528224678419,518.2991234014979,3.2904903621135975,1,1,2,0
15.916666666666666,932.6589513432791,518.2281748758999,3.2885281639148216,1,1,2,0
15.925,932.5130918908387,518.5767792942444,3.287526252049381,1,1,2,0
15.933333333333334,931.4189173578809,518.9800668132399,3.2942524874416677,1,1,2,0
15.941666666666666,930.1977965680193,518.8487355081236,3.2822907940084325,1,1,2,0
15.95,930.8152580671025,518.9576345519909,3.29920239334223,1,1,2,0
15.958333333333334,930.2933786877771,519.1837953778994,3.2869240502688712,1,1,2,0
15.966666666666667,930.0115244012884,519.7993074338004,3.3399809708596573,1,1,2,0
15.975,930.256374041374,519.6190970007221,3.2889562591210226,1,1,2,0
15.983333333333333,930.2296475179196,518.8765805492823,3.345964622714401,1,1,2,0
15.991666666666667,931.1115441973433,519.0026868403146,3.3174274651964835,1,1,2,0
16.0,931.1374680813067,519.8466327378165,3.2422096217043213,1,1,2,0
16.008333333333333,931.3100543462626,520.1825110943558,3.316221880713654,1,1,2,0
16.016666666666666,931.445306341576,522.1897074317045,3.2828415143722807,1,1,2,0
16.025,930.7583632818065,521.2809167649829,3.3186231223793063,1,1,2,0
16.033333333333335,930.8617127234494,521.752480433484,3.279715026432743,1,1,2,0
16.041666666666668,930.9454029483642,521.2794762446529,3.3033938958103266,1,1,2,0
16.05,931.5812743373536,520.8746513993025,3.315903558765765,1,1,2,0
16.058333333333334,931.6208899192109,520.4446994178178,3.3055274630015243,1,1,2,0
16.066666666666666,930.9756511824394,519.9167932545239,3.323263032895662,1,1,2,0
16.075,930.4403030931171,520.209187092607,3.317838037376916,1,1,2,0
16.083333333333332,930.8991916890876,519.6876155169293,3.3017639410985575,1,1,2,0
16.091666666666665,931.9462167498608,520.0783461488661,3.246718936915965,1,1,2,0
16.1,931.9073258928833,520.1157703675149,3.280422265272291,1,1,2,0
16.108333333333334,931.4511015023481,519.3187138024034,3.2966855667163157,1,1,2,0
16.116666666666667,931.406831108379,519.9796388862496,3.304466155142887,1,1,2,0
16.125,931.4122786842833,519.7979110340764,3.286016758194334,1,1,2,0
16.133333333333333,930.8480407496963,520.5993588295947,3.310801834297099,1,1,2,0
16.141666666666666,931.157592841545,520.4844873810227,3.2929744006425423,1,1,2,0
16.15,931.1245873727469,520.1156920515841,3.2918518397110637,1,1,2,0
16.158333333333335,932.3072877779965,520.2444257599516,3.33249596941756,1,1,2,0
16.166666666666668,933.7079445765556,520.8937030799201,3.2979698499661834,1,1,2,0
16.175,934.3188600783678,520.8830285649982,3.2874717634784885,1,1,2,0
16.183333333333334,933.9853393160915,521.5291731418124,3.3067793725182906,1,1,2,0
16.191666666666666,934.0627904465196,521.8847314574815,3.30615518624068,1,1,2,0
16.2,933.9060611900313,521.7679363069235,3.3429427133274623,1,1,2,0
16.208333333333332,934.0326676307835,521.4935000007275,3.3220472626693804,1,1,2,0
16.216666666666665,933.5334902958597,521.5992694447843,3.3372835356997226,1,1,2,0
16.225,933.8163460516472,521.4521131328191,3.2849021114615686,1,1,2,0
16.233333333333334,933.3556461010115,520.85205969603,3.3314913696446427,1,1,2,0
16.241666666666667,933.8784265845951,521.5078158296418,3.3089618852880625,1,1,2,0
16.25,933.7228543069346,522.163513837787,3.3071463860280526,1,1,2,0
16.258333333333333,933.5789933771447,522.2098291759874,3.309050251329209,1,1,2,0
16.266666666666666,933.799442752781,522.7691365607685,3.2900338295713305,1,1,2,0
16.275,933.0175466706628,522.8677909767703,3.3205852441282357,1,1,2,0
16.283333333333335,932.7284572589294,522.9465805023319,3.2679831680440734,1,1,2,0
16.291666666666668,931.5471566802569,522.8351156098951,3.288388866563743,1,1,2,0
16.3,931.5996558135062,523.0024771250118,3.2835699937610694,1,1,2,0
16.308333333333334,932.1008567498261,522.7193231926785,3.2966185035954174,1,1,2,0
16.316666666666666,932.3504840975369,523.0129380335354,3.2694916020282547,1,1,2,0
16.325,931.4774679970699,522.9699836601685,3.312215700799667,1,1,2,0
16.333333333333332,930.7089019894623,521.7594331139198,3.3135694879045388,1,1,2,0
16.341666666666665,930.6706734312477,522.1147646068533,3.3021681141195587,1,1,2,0
16.35,930.1574512528697,521.8026544781939,3.331533366317898,1,1,2,0
16.358333333333334,930.1314556430594,521.6873658100363,3.304965001774312,1,1,2,0
16.366666666666667,929.6556401682053,522.1270272221129,3.2908472400836204,1,1,2,0
16.375,930.1083407257447,521.6779397841382,3.303286288360151,1,1,2,0
16.383333333333333,929.3758119110855,521.9146846716532,3.3106705833313814,1,1,2,0
16.391666666666666,928.8636621237918,522.069086328446,3.2928474120241726,1,1,2,0
16.4,929.4074158785697,522.6707608378123,3.2779093725545763,1,1,2,0
16.408333333333335,929.5755372391113,523.2461551389958,3.2800760800218387,1,1,2,0
16.416666666666668,929.2578306875275,523.0303775994535,3.269566686914879,1,1,2,0
16.425,929.1274736627207,523.1324288499511,3.2935740720529596,1,1,2,0
16.433333333333334,929.4297632442247,523.432815625206,3.319533775200486,1,1,2,0
16.441666666666666,929.6862420522905,523.6849972068786,3.2857068623884333,1,1,2,0
16.45,929.4639374759672,524.09475548491,3.2753968568542833,1,1,2,0
16.458333333333332,929.2423325266565,524.8760385727846,3.302427141133764,1,1,2,0
16.466666666666665,929.7050973207187,525.0220052609442,3.267898859088009,1,1,2,0
16.475,796.0116074489332,404.79168820091616,3.266637257517136,1,1,2,0
16.483333333333334,794.2872043234365,405.73024956526615,3.287740123790347,1,1,2,0
16.491666666666667,928.215360450969,526.6474165922153,3.3276342217095465,1,1,2,0
16.5,928.5043763772671,526.5728791886513,3.2984855435659597,1,1,2,0
16.508333333333333,928.5268046244896,526.0106492029842,3.3231701372527866,1,1,2,0
16.516666666666666,929.7288024361956,525.7878822482376,3.305915410006225,1,1,2,0
16.525,929.2387227921231,525.49041004877,3.3328088161604486,1,1,2,0
16.533333333333335,929.0292407849793,525.8573588007088,3.2648367180266358,1,1,2,0
16.541666666666668,927.4726810092532,525.3200247004636,3.2922409400406725,1,1,2,0
16.55,927.1499419339833,525.8111160292666,3.3834042860610962,1,1,2,0
16.558333333333334,927.910721861002,526.098898556091,3.2976861917392863,1,1,2,0
16.566666666666666,928.1712684276529,526.7829404916896,3.290245912372256,1,1,2,0
16.575,927.3504052809249,526.7911368285362,3.282705224674527,1,1,2,0
16.583333333333332,927.8044834276755,527.3243846799561,3.3194907509674927,1,1,2,0
16.591666666666665,928.242858142644,526.9800413930641,3.321596440548481,1,1,2,0
16.6,928.8299112498262,527.1290165852749,3.3013167809839206,1,1,2,0
16.608333333333334,928.7546913764805,527.5414209407968,3.3045987877479326,1,1,2,0
16.616666666666667,929.6738490965654,528.1044216093865,3.2716914650691,1,1,2,0
16.625,929.7367980123944,528.487119545991,3.2972865712269868,1,1,2,0
16.633333333333333,776.9441278570188,532.3317093454177,3.2926164355746006,1,1,2,0
16.641666666666666,777.2310348545914,532.7607603190506,3.302903673838581,1,1,2,0
16.65,929.6161349644644,529.2026438781138,3.2811638814856052,1,1,2,0
16.658333333333335,929.253001083584,529.570896933281,3.3086858985753875,1,1,2,0
16.666666666666668,929.0708988161887,528.6971862504595,3.280037661898222,1,1,2,0
16.675,929.5218234892598,527.7986752913731,3.27256478606877,1,1,2,0
16.683333333333334,929.3475903043875,527.480223759774,3.2859620550471775,1,1,2,0
16.691666666666666,929.6713084433202,527.4775590670665,3.2960078138064173,1,1,2,0
16.7,929.4363052533871,528.0430623909147,3.293367721794843,1,1,2,0
16.708333333333332,930.0752721412873,527.2983251196356,3.272692175392316,1,1,2,0
16.716666666666665,930.8678799108008,527.2323821741251,3.2990026181466687,1,1,2,0
16.725,931.4835427645368,527.1891721064259,3.256964735961343,1,1,2,0
16.733333333333334,931.327644997209,526.2660023972205,3.2829753958860683,1,1,2,0
16.741666666666667,931.6407379995686,526.370400746098,3.251505029890626,1,1,2,0
16.75,931.4448434810588,527.3285040834919,3.2907673870674805,1,1,2,0
16.758333333333333,931.4381444563373,527.9714228688716,3.2391715818360933,1,1,2,0
16.766666666666666,931.5214316800902,528.2673784421122,3.293383054776731,1,1,2,0
16.775,931.1002243378176,528.4348276490028,3.2657347535899857,1,1,2,0
16.783333333333335,930.7098456812706,528.2744087078197,3.2897481487935925,1,1,2,0
16.791666666666668,930.9570868900025,528.0980123276603,3.249148011471751,1,1,2,0
16.8,931.0829908750414,527.7360158125744,3.256471290899502,1,1,2,0
16.808333333333334,931.9150291277242,527.2809798813764,3.2964577037113605,1,1,2,0
16.816666666666666,932.0718428921608,527.2585526173887,3.299776311628255,1,1,2,0
16.825,931.9686062216908,526.7708009340013,3.314293955118737,1,1,2,0
16.833333333333332,931.5923575286014,527.4902573392867,3.292383701977162,1,1,2,0
16.841666666666665,931.9991154189148,527.1876706490352,3.276082386836673,1,1,2,0
16.85,931.9416954950452,526.5589498148302,3.299034177199451,1,1,2,0
16.858333333333334,931.5965971462488,526.125057954445,3.3057167155607785,1,1,2,0
16.866666666666667,931.9278301345628,526.56679991944,3.273443224734493,1,1,2,0
16.875,933.3930788152452,525.8653337479641,3.2564105836188526,1,1,2,0
16.883333333333333,933.681806387272,525.1263132770357,3.26327593493376,1,1,2,0
16.891666666666666,933.719375430072,525.1011043906292,3.2788650434308155,1,1,2,0
16.9,933.9774688241145,525.9313862361632,3.2163894018212615,1,1,2,0
16.908333333333335,933.4152286827814,525.3842295522458,3.230645473603085,1,1,2,0
16.916666666666668,933.8320898656203,525.6748825034941,3.291376898096024,1,1,2,0
16.925,934.0445512511031,525.3191970180135,3.240853814215949,1,1,2,0
16.933333333333334,934.028466234161,524.871968870697,3.253483178615607,1,1,2,0
16.941666666666666,934.3574033171777,524.2610919471101,3.240753079208137,1,1,2,0
16.95,933.8861701421006,524.8310707644548,3.269238818858077,1,1,2,0
16.958333333333332,933.4952495251068,525.3629007814526,3.2368355967063165,1,1,2,0
16.966666666666665,933.1495794354313,525.2187977301827,3.2447396931092936,1,1,2,0
16.975,933.5947725358484,524.641167678625,3.303532065092549,1,1,2,0
16.983333333333334,933.9779669041353,524.3979005714714,3.261227374325891,1,1,2,0
16.991666666666667,934.060677432383,524.1639813327358,3.2847924431542452,1,1,2,0
17.0,934.2943381485273,525.2820658620003,3.240508988184531,1,1,2,0
17.008333333333333,934.675672744688,525.7447100038014,3.2888335011486083,1,1,2,0
17.016666666666666,935.1953581395264,526.0699407350671,3.254678652429943,1,1,2,0
17.025,934.9562246650185,525.6001832022148,3.2721739356505015,1,1,2,0
17.033333333333335,935.3648784801863,525.7633368594154,3.2683970339584176,1,1,2,0
17.041666666666668,935.2336285385679,526.1371861769793,3.241183221794545,1,1,2,0
17.05,935.9638544015114,525.7710693483597,3.260721420890742,1,1,2,0
17.058333333333334,935.9256836652638,525.9286489429678,3.251348190157284,1,1,2,0
17.066666666666666,936.0128936401729,525.7413948899879,3.267339211938925,1,1,2,0
17.075,935.8618029433843,526.0242571180208,3.2278123576569544,1,1,2,0
17.083333333333332,935.8040311792291,525.4018449351571,3.2595683437129774,1,1,2,0
17.091666666666665,936.2392892830077,525.5913205241346,3.2494767073546353,1,1,2,0
17.1,935.6096168677734,525.116805741426,3.2306847285441362,1,1,2,0
17.108333333333334,934.8665947080186,525.0078586743623,3.2515048375164914,1,1,2,0
17.116666666666667,935.1257807898558,524.8836556018099,3.226009871041551,1,1,2,0
17.125,934.6196571011933,525.8543482313594,3.239995454979526,1,1,2,0
17.133333333333333,934.240939477208,525.5553602228509,3.283272047438003,1,1,2,0
17.141666666666666,933.7172409304301,524.6039470412679,3.2393503581168663,1,1,2,0
17.15,934.3930511946145,523.77695702489,3.244476797677521,1,1,2,0
17.158333333333335,934.7207216127804,522.8386286322133,3.2790156872771083,1,1,2,0
17.166666666666668,934.9435933401878,523.4965242121971,3.229319279599852,1,1,2,0
17.175,933.6965358196487,523.2679133487081,3.1978542549669084,1,1,2,0
17.183333333333334,933.6618969619163,523.1056580923025,3.2304076889882913,1,1,2,0
17.191666666666666,933.424805852753,523.6315098528617,3.1996893746715944,1,1,2,0
17.2,933.319691055638,523.7265488695779,3.2508511856427638,1,1,2,0
17.208333333333332,933.2705600804213,523.8733515045873,3.2325041630849145,1,1,2,0
17.216666666666665,933.9402738207178,523.9736383814048,3.2038683946223387,1,1,2,0
17.225,933.274848741402,524.2084355699286,3.240263304917366,1,1,2,0
17.233333333333334,933.1955364018551,524.3559442312074,3.2465952378720417,1,1,2,0
17.241666666666667,932.3965625974458,524.1991546376788,3.253312210015575,1,1,2,0
17.25,932.1515648800817,524.3358866496753,3.2414276819025596,1,1,2,0
17.258333333333333,931.5574171688692,524.2591043170735,3.2326800719152766,1,1,2,0
17.266666666666666,930.7882986329664,524.7997213471494,3.206619518194247,1,1,2,0
17.275,930.7370114258122,524.1219381788376,3.2302097377788987,1,1,2,0
17.283333333333335,930.6240345861088,523.5443103011949,3.2602635578059416,1,1,2,0
17.291666666666668,930.4392973280217,524.4890746035716,3.1962859449421552,1,1,2,0
17.3,930.9437848909657,524.2144860365004,3.24400626943407,1,1,2,0
17.308333333333334,931.7426203412987,524.7745617471795,3.211492880668802,1,1,2,0
17.316666666666666,931.5053374107041,524.8395065218657,3.2268442317224855,1,1,2,0
17.325,931.7784459648657,525.6401333613957,3.218325498967225,1,1,2,0
17.333333333333332,932.8968449567814,524.9324332005348,3.20180536446799,1,1,2,0
17.341666666666665,933.3573058200352,525.5552048245688,3.2122058418457957,1,1,2,0
17.35,933.0096692167858,525.6876302751209,3.193060611131528,1,1,2,0
17.358333333333334,932.4729985202849,525.5858791354638,3.2423064152177905,1,1,2,0
17.366666666666667,933.1922811999852,526.6077178513535,3.1758677358799354,1,1,2,0
17.375,933.3701572044863,526.304714477512,3.208301575084486,1,1,2,0
17.383333333333333,933.6445261317149,526.8849060457966,3.205657559914674,1,1,2,0
17.391666666666666,933.1702176306153,526.8185221810749,3.2130117387959443,1,1,2,0
17.4,933.7348865328698,526.9108734500841,3.224293522452072,1,1,2,0
17.408333333333335,933.6098555631506,527.704483347805,3.225498543951811,1,1,2,0
17.416666666666668,933.64086778991,528.6425970195656,3.203019206491629,1,1,2,0
17.425,933.8919217066959,529.2372532364411,3.2099715953367336,1,1,2,0
17.433333333333334,934.1122412313763,528.4623592147835,3.224375025212479,1,1,2,0
17.441666666666666,933.948207009419,528.7671535387942,3.200349677720242,1,1,2,0
17.45,934.8519366811804,528.9790969329831,3.190347335397171,1,1,2,0
17.458333333333332,935.453618508524,527.9001763605658,3.1985816415248025,1,1,2,0
17.466666666666665,935.5224051122339,528.2530796908449,3.164550700334055,1,1,2,0
17.475,935.1826557746805,527.8916314138862,3.244767877350992,1,1,2,0
17.483333333333334,934.1646896181852,528.5243743490038,3.2071074098149914,1,1,2,0
17.491666666666667,934.3742607676451,528.5356036676928,3.216144368406558,1,1,2,0
17.5,934.2259894044636,528.9644398680858,3.1967301038005047,1,1,2,0
17.508333333333333,933.4484630150176,528.5854245822779,3.2320182249772302,1,1,2,0
17.516666666666666,933.496951140937,528.5914090351996,3.1744403132656647,1,1,2,0
17.525,933.1951620629017,529.1225918980459,3.200603011523894,1,1,2,0
17.533333333333335,933.2863450140667,529.0511159892189,3.151368801930862,1,1,2,0
17.541666666666668,932.6970314948061,528.6200746025542,3.2045686556794024,1,1,2,0
17.55,932.6202324187309,528.9685441616125,3.1930851915799816,1,1,2,0
17.558333333333334,933.0791254336943,528.2284879034448,3.162882827762353,1,1,2,0
17.566666666666666,933.2099149745618,528.0007086471535,3.1973160252308044,1,1,2,0
17.575,932.8057113050966,527.6911800057293,3.182715834446039,1,1,2,0
17.583333333333332,932.6615734537237,527.8382796115842,3.1628259653111748,1,1,2,0
17.591666666666665,934.1181884566707,527.569489427961,3.175745578957018,1,1,2,0
17.6,933.8016792113284,528.1507008400976,3.1710994859791857,1,1,2,0
17.608333333333334,933.5436036238532,528.0647007889295,3.1703512221958796,1,1,2,0
17.616666666666667,933.6446425943294,527.8163138062848,3.2069392298823147,1,1,2,0
17.625,934.4836288716167,528.2673275364485,3.225292684821422,1,1,2,0
17.633333333333333,935.1156190463633,528.6580112035558,3.189751158067323,1,1,2,0
17.641666666666666,934.9832376732705,527.5941241536943,3.182611397395582,1,1,2,0
17.65,850.7153798778463,854.962683952454,3.193663380378291,1,1,2,0
17.658333333333335,850.6103497586657,855.1118713689764,3.1643097265653397,1,1,2,0
17.666666666666668,934.2895694433241,528.6019986151645,3.199806903980116,1,1,2,0
17.675,934.3337551890355,529.5113986744976,3.1785049280189948,1,1,2,0
17.683333333333334,934.6216620226363,529.5756522657636,3.1876982938987957,1,1,2,0
17.691666666666666,934.8412499764192,529.1572456101783,3.1775092430064524,1,1,2,0
17.7,934.5792937577916,528.3722633320276,3.2105954030824497,1,1,2,0
17.708333333333332,934.3790595995575,527.9131818771083,3.1684561250373666,1,1,2,0
17.716666666666665,933.6270192519091,527.6786651944615,3.1710040427933524,1,1,2,0
17.725,933.7218283633474,527.4369614567502,3.182550291643838,1,1,2,0
17.733333333333334,933.8563548772149,528.2836134969913,3.199364821913764,1,1,2,0
17.741666666666667,933.9249194959117,527.8907445994887,3.1829818279476125,1,1,2,0
17.75,933.16269234387,527.4979596147491,3.148491646327854,1,1,2,0
17.758333333333333,933.6774709830725,527.9396574939298,3.160847715222531,1,1,2,0
17.766666666666666,933.7873048858867,527.7442532545949,3.1411289395140174,1,1,2,0
17.775,933.4125218691116,527.5222310377804,3.1885469072389596,1,1,2,0
17.783333333333335,932.5272807450558,526.7862107354523,3.168169029820103,1,1,2,0
17.791666666666668,932.4193752748545,527.2181403403915,3.166717763009239,1,1,2,0
17.8,933.1837684498915,527.2320982506857,3.134042375583756,1,1,2,0
17.808333333333334,933.0294052804878,526.7295758255616,3.147475261519525,1,1,2,0
17.816666666666666,933.3579317638973,525.535966996536,3.1813236533948297,1,1,2,0
17.825,932.8898368872444,525.0258171494114,3.159688701697226,1,1,2,0
17.833333333333332,933.6536784236482,524.9790040337397,3.15430858309033,1,1,2,0
17.841666666666665,934.8245269885134,523.7080481140416,3.187913494080671,1,1,2,0
17.85,935.2903908875586,523.5275970544369,3.1373448831083017,1,1,2,0
17.858333333333334,935.3908357714037,523.2808865384798,3.1607975803704216,1,1,2,0
17.866666666666667,936.4214458714616,523.1963882354406,3.143083059119996,1,1,2,0
17.875,936.160767581022,523.0554490566642,3.14000575452491,1,1,2,0
17.883333333333333,936.4340455496709,523.6933488330071,3.176845158506696,1,1,2,0
17.891666666666666,936.3827364883251,523.0312647918225,3.125790791740194,1,1,2,0
17.9,936.5121648816574,523.7577438999642,3.1784831108997627,1,1,2,0
17.908333333333335,937.2076799429142,522.9452902202387,3.139568557049902,1,1,2,0
17.916666666666668,937.2836802098303,523.5243854584492,3.1366006248160017,1,1,2,0
17.925,936.883737215635,523.4644060736856,3.1672167522425267,1,1,2,0
17.933333333333334,937.6803200685082,523.5868631246071,3.1461676269834293,1,1,2,0
17.941666666666666,938.1304849599994,523.9031445774447,3.1500953718438063,1,1,2,0
17.95,937.7324512831742,523.5344872790536,3.1501284483535996,1,1,2,0
17.958333333333332,938.669194354912,523.8885366031633,3.134764484955494,1,1,2,0
17.966666666666665,938.4527325082423,523.8377671488466,3.130850252471929,1,1,2,0
17.975,938.0437775608445,525.3049985495561,3.1642928953741305,1,1,2,0
17.983333333333334,936.8499378287992,525.3190701582309,3.182347350262808,1,1,2,0
17.991666666666667,936.7239956454458,525.7185625761849,3.152613307456695,1,1,2,0
18.0,937.0696637455109,525.7425478096976,3.1175518625256964,1,1,2,0
18.008333333333333,936.4911402968278,524.5639039900227,3.1247910790628826,1,1,2,0
18.016666666666666,937.2107397464418,525.0791262140709,3.1381986403318827,1,1,2,0
18.025,936.735337815338,524.5722683438523,3.1352544611391195,1,1,2,0
18.033333333333335,936.0029452942346,524.9497202878613,3.1420450233828796,1,1,2,0
18.041666666666668,936.3694615770331,525.6664763533973,3.1834918813934996,1,1,2,0
18.05,936.6575642435016,526.406849745032,3.1544765855261687,1,1,2,0
18.058333333333334,936.1257725015427,526.6040268951373,3.080690341707447,1,1,2,0
18.066666666666666,936.1020475803414,527.012816465919,3.1555822500337096,1,1,2,0
18.075,935.982983668841,527.2088771366685,3.1297757929557326,1,1,2,0
18.083333333333332,936.0283675225664,527.2448333527204,3.1319013972605774,1,1,2,0
18.091666666666665,936.2548751538086,527.3983785232589,3.16165537332498,1,1,2,0
18.1,937.1380971481208,526.8384231558217,3.1568877637656527,1,1,2,0
18.108333333333334,937.7118425278733,526.8454849965041,3.1012543041195446,1,1,2,0
18.116666666666667,937.3470712099046,527.5621628077996,3.146851006996372,1,1,2,0
18.125,937.8562205113117,527.6316783102917,3.1406816619499205,1,1,2,0
18.133333333333333,938.0374307450063,527.7400441522939,3.1066758315238703,1,1,2,0
18.141666666666666,937.6296151397323,527.3192006892614,3.172360450151974,1,1,2,0
18.15,938.210683890495,527.4225326013546,3.103955235872311,1,1,2,0
18.158333333333335,938.347031642642,527.5363061183525,3.1369356080741206,1,1,2,0
18.166666666666668,938.0276297023379,526.937451695818,3.0870277383685236,1,1,2,0
18.175,938.4189157652179,526.50295752592,3.1477438677468093,1,1,2,0
18.183333333333334,938.4633360969143,525.9625182486257,3.1570437032202525,1,1,2,0
18.191666666666666,938.7346570084405,525.0179998680275,3.1185467495708123,1,1,2,0
18.2,938.0199231603907,525.0028768683246,3.127615953402686,1,1,2,0
18.208333333333332,938.3208551735197,524.9880137725618,3.109256066620326,1,1,2,0
18.216666666666665,938.7671708284205,524.3591647887899,3.1140310336925063,1,1,2,0
18.225,939.0295795847047,524.0739777691598,3.1225773619427626,1,1,2,0
18.233333333333334,938.7424695869923,524.6947896353677,3.130483262971204,1,1,2,0
18.241666666666667,938.5088892843005,525.2728792859948,3.16551697380018,1,1,2,0
18.25,938.7483553214772,525.0906825690553,3.157367635899935,1,1,2,0
18.258333333333333,938.6397731466327,525.5922876430743,3.1516286290241293,1,1,2,0
18.266666666666666,938.4140841636666,525.6198190132516,3.096259966807859,1,1,2,0
18.275,938.831984587878,525.1640262404037,3.109276034797968,1,1,2,0
18.283333333333335,938.2800065033191,524.726876920693,3.13162078335224,1,1,2,0
18.291666666666668,939.0729735316387,524.7520233026977,3.125799105879249,1,1,2,0
18.3,939.2155839274772,524.791063482849,3.107674970868043,1,1,2,0
18.308333333333334,939.6510782785859,525.1202657946455,3.127205318988838,1,1,2,0
18.316666666666666,939.5065577699471,524.5050241946133,3.1194627709876475,1,1,2,0
18.325,939.6236993698324,524.0419282835196,3.0866167376264944,1,1,2,0
18.333333333333332,940.309445829804,524.2684968073702,3.1146812456232458,1,1,2,0
18.341666666666665,940.3076222251922,524.8810710024492,3.099576273576463,1,1,2,0
18.35,940.6320093669256,525.3003524321681,3.1133357402270017,1,1,2,0
18.358333333333334,940.6631421490671,525.2521994402649,3.1057839347794465,1,1,2,0
18.366666666666667,940.5479539963966,525.9185062870832,3.1103477923119724,1,1,2,0
18.375,940.8418089042066,525.7982713968007,3.1103910861581454,1,1,2,0
18.383333333333333,940.9409039651295,525.8779109611385,3.1145134939762413,1,1,2,0
18.391666666666666,941.7935856401787,525.8929743595389,3.0864027630022672,1,1,2,0
18.4,941.7420023563266,527.1103559357894,3.1225842156708055,1,1,2,0
18.408333333333335,941.660341612341,527.0502217290588,3.131418656707134,1,1,2,0
18.416666666666668,941.1436624470002,526.2226491838741,3.1259984129486775,1,1,2,0
18.425,941.2986388219365,525.5450189103595,3.0865867266601312,1,1,2,0
18.433333333333334,941.7347601541195,525.1785430342968,3.1300151554585622,1,1,2,0
18.441666666666666,941.5629814062619,525.1636346762234,3.1151979938311745,1,1,2,0
18.45,941.6427999074551,525.1892380859626,3.1548392565409595,1,1,2,0
18.458333333333332,942.1571271234161,524.6850437470756,3.1321248786736495,1,1,2,0
18.466666666666665,942.2725876814009,524.3928757901615,3.1225118155973006,1,1,2,0
18.475,943.0948257981339,523.8865522932388,3.098133653089177,1,1,2,0
18.483333333333334,942.5491085505731,524.9076635322613,3.1363782088523617,1,1,2,0
18.491666666666667,942.2728803301752,525.3964105172887,3.1032316965685802,1,1,2,0
18.5,941.5580547061887,525.4585440850022,3.068290855750881,1,1,2,0
18.508333333333333,941.675312706752,525.8155723678123,3.0836163617380934,1,1,2,0
18.516666666666666,942.1833250260416,525.6008293351499,3.1123148788835446,1,1,2,0
18.525,942.1254065651934,525.9984858524052,3.091314061961458,1,1,2,0
18.533333333333335,942.3641079302186,526.7447475991448,3.103054912656665,1,1,2,0
18.541666666666668,941.3449127444195,527.3695056907302,3.1041474028603275,1,1,2,0
18.55,941.6050525850876,527.370281220754,3.076089918012743,1,1,2,0
18.558333333333334,941.4350844765393,527.1146427639272,3.124976776357577,1,1,2,0
18.566666666666666,942.4232319265312,527.0147994982409,3.0976925770199943,1,1,2,0
18.575,941.5584411122855,527.7345261764816,3.069233485551007,1,1,2,0
18.583333333333332,942.2337353346398,527.0010337208878,3.1245252620909514,1,1,2,0
18.591666666666665,941.7845253899601,527.7269074782987,3.0788317390990954,1,1,2,0
18.6,941.73299495843,527.9991113377567,3.1082463829142575,1,1,2,0
18.608333333333334,942.2788609465281,528.0167343400268,3.105392829372305,1,1,2,0
18.616666666666667,942.6439686542918,528.0099392440925,3.096174285897776,1,1,2,0
18.625,941.5377023797829,527.1952399776583,3.066949728550977,1,1,2,0
18.633333333333333,941.448894303486,526.185927136872,3.1152890092162364,1,1,2,0
18.641666666666666,941.1501185628608,526.3048338158868,3.1090478206070933,1,1,2,0
18.65,942.185389433728,526.6825303206448,3.0858292226777717,1,1,2,0
18.658333333333335,942.0157649712644,527.3768255982923,3.108677127925118,1,1,2,0
18.666666666666668,941.5653756950745,527.1549636384233,3.1039121021185228,1,1,2,0
18.675,941.8627754590168,527.5618581114763,3.1184928184721485,1,1,2,0
18.683333333333334,942.0757088003978,526.9778658037723,3.1000348837370915,1,1,2,0
18.691666666666666,941.4805212515816,526.3963445322221,3.089166974485893,1,1,2,0
18.7,941.8164819997631,526.8281366786048,3.075135489995646,1,1,2,0
18.708333333333332,942.0025646432597,526.8013123981618,3.0746453083615326,1,1,2,0
18.716666666666665,941.9797730086707,525.670545463534,3.093356970918424,1,1,2,0
18.725,942.2139499804483,525.7602599529116,3.1357898661708092,1,1,2,0
18.733333333333334,941.2535697971111,526.1233651891521,3.1189847901434646,1,1,2,0
18.741666666666667,940.7462741346311,525.653045342389,3.0812391416213796,1,1,2,0
18.75,940.3777648964178,525.4304104650471,3.084117345542649,1,1,2,0
18.758333333333333,940.0342913454244,525.8381866318741,3.117191833830138,1,1,2,0
18.766666666666666,939.4310048144029,526.3428399697008,3.0929172533708202,1,1,2,0
18.775,939.1975180771129,526.5294082428342,3.09349747799195,1,1,2,0
18.783333333333335,938.4072293295613,526.5188893134439,3.0948296333723464,1,1,2,0
18.791666666666668,937.4883739252157,526.3039216272768,3.1042526684903655,1,1,2,0
18.8,938.0769076769473,526.4540278633926,3.1269850565547572,1,1,2,0
18.808333333333334,938.8291840580544,526.5899657844584,3.1003847074431974,1,1,2,0
18.816666666666666,938.6365909686141,527.4423144793202,3.0776577599972477,1,1,2,0
18.825,938.4076146814418,528.1330805535712,3.0824214166209125,1,1,2,0
18.833333333333332,937.5742182545154,528.6667682700655,3.088298498391961,1,1,2,0
18.841666666666665,938.6841359867152,528.6501413822402,3.117615066072575,1,1,2,0
18.85,938.8259293004934,528.0814833281792,3.0876682033136973,1,1,2,0
18.858333333333334,938.4419112300653,528.1601812805322,3.070359405296049,1,1,2,0
18.866666666666667,937.4889213550748,528.9389319546908,3.0917458245856873,1,1,2,0
18.875,937.4881346163581,529.0581654694719,3.1232810910299684,1,1,2,0
18.883333333333333,937.3439846942283,529.722942557279,3.099827564903493,1,1,2,0
18.891666666666666,938.034143790907,529.9814452933346,3.133294974346639,1,1,2,0
18.9,937.4435086582322,530.2695861127327,3.1256861530327384,1,1,2,0
18.908333333333335,937.5746378194486,531.2292736262767,3.1377145156231006,1,1,2,0
18.916666666666668,937.7669260299349,531.3998274793277,3.0783874646594778,1,1,2,0
18.925,937.5383290065523,531.2175513543943,3.086991172991054,1,1,2,0
18.933333333333334,937.8601849535702,530.3646387516462,3.100281402574244,1,1,2,0
18.941666666666666,937.5801770295949,530.3517038165242,3.106028476331989,1,1,2,0
18.95,937.9472072972201,531.1658434600639,3.1177928684068776,1,1,2,0
18.958333333333332,938.4506749562104,532.1284119358593,3.087246732294993,1,1,2,0
18.966666666666665,938.7523225988054,532.2466652938681,3.0972910939793645,1,1,2,0
18.975,938.5574146171147,532.4974037957045,3.1385241689019456,1,1,2,0
18.983333333333334,938.6197054153641,531.3814082706693,3.081125112143645,1,1,2,0
18.991666666666667,938.5220436276186,531.0740753186523,3.1027056207914394,1,1,2,0
19.0,939.2373950058782,531.6334762401368,3.09794867422356,1,1,2,0
19.008333333333333,939.5831851462397,531.8033491674032,3.1119596405836747,1,1,2,0
19.016666666666666,938.5278786901191,531.5402224081897,3.120850961292372,1,1,2,0
19.025,939.3604081985461,531.3210401796258,3.1150688981618737,1,1,2,0
19.033333333333335,939.2626010279037,530.8321368426585,3.1547745113711363,1,1,2,0
19.041666666666668,940.3842598165206,530.8922193595001,3.114849717659318,1,1,2,0
19.05,939.9992878065693,531.2665509310921,3.1261353963998757,1,1,2,0
19.058333333333334,939.7678863420177,531.1035584635321,3.1053338375028146,1,1,2,0
19.066666666666666,940.2848081143632,530.335770668627,3.092533731957752,1,1,2,0
19.075,940.16866010334,530.5414148581431,3.0861924420832803,1,1,2,0
19.083333333333332,940.2726478180639,530.8707847273832,3.108690988130175,1,1,2,0
19.091666666666665,940.6994091432679,530.6587013622066,3.123398453749216,1,1,2,0
19.1,941.0007158053625,530.9716727683073,3.1213633198029678,1,1,2,0
19.108333333333334,941.601020635284,531.4781523157066,3.125406332575897,1,1,2,0
19.116666666666667,940.9186586512473,531.4132039471472,3.0966077228058357,1,1,2,0
19.125,940.4955461916956,531.3227008480399,3.142218390606738,1,1,2,0
19.133333333333333,941.0357304293595,530.9089101218403,3.1422476264274843,1,1,2,0
19.141666666666666,940.8402670338638,530.4972107456613,3.1515538505648824,1,1,2,0
19.15,941.0789227382226,530.5259795005586,3.1093418767139496,1,1,2,0
19.158333333333335,940.4913107726242,530.6449894230103,3.0913596085433706,1,1,2,0
19.166666666666668,939.2380966684091,530.5072754042588,3.080909490872309,1,1,2,0
19.175,938.6479073390074,530.8591843686725,3.1116763863945307,1,1,2,0
19.183333333333334,938.7964801400598,530.5737333898793,3.143881783981329,1,1,2,0
19.191666666666666,939.0741450482558,529.9758550560273,3.0833969675396893,1,1,2,0
19.2,939.62678197245,530.1195413925343,3.120839503972213,1,1,2,0
19.208333333333332,939.7003605819098,529.1140554321036,3.130781897078239,1,1,2,0
19.216666666666665,940.1614866578453,529.1697285891124,3.145312393786761,1,1,2,0
19.225,940.5196357722914,529.1568802297068,3.0972097315120832,1,1,2,0
19.233333333333334,940.9701006273297,529.0997390496227,3.1243814837699926,1,1,2,0
19.241666666666667,940.9537067372916,529.1228873002389,3.083110296666959,1,1,2,0
19.25,940.7881974170222,529.3317827134008,3.107274212919443,1,1,2,0
19.258333333333333,940.4440616934455,530.1553192504493,3.089696559686514,1,1,2,0
19.266666666666666,939.9365161238441,530.5336563973644,3.095835635694928,1,1,2,0
19.275,939.8859792127922,531.4677804327075,3.1195279024611318,1,1,2,0
19.283333333333335,940.2957018574457,531.3866941204703,3.0864086175747087,1,1,2,0
19.291666666666668,940.3992288546802,531.0137342983776,3.1318922224369676,1,1,2,0
19.3,940.1201916798492,531.4755917576049,3.124271172864073,1,1,2,0
19.308333333333334,940.0666474964311,530.6355943231115,3.082373393630106,1,1,2,0
19.316666666666666,940.5757819482471,531.2958284185248,3.1165260461263578,1,1,2,0
19.325,941.254443716382,531.1299030477453,3.195344816808442,1,1,2,0
19.333333333333332,940.3953423782183,531.3226924337079,3.1542584079105582,1,1,2,0
19.341666666666665,,,,0,1,2,0
19.35,,,,0,1,2,0
19.358333333333334,,,,0,1,2,0
19.366666666666667,,,,0,1,2,0
19.375,,,,0,1,2,0
19.383333333333333,,,,0,1,2,0
19.391666666666666,,,,0,1,2,0
19.4,,,,0,1,2,0
19.408333333333335,,,,0,1,2,0
19.416666666666668,,,,0,1,2,0
19.425,,,,0,1,2,0
19.433333333333334,,,,0,1,2,0
19.441666666666666,,,,0,1,2,0
19.45,,,,0,1,2,0
19.458333333333332,,,,0,1,2,0
19.466666666666665,,,,0,1,2,0
19.475,,,,0,1,2,0
19.483333333333334,941.405545171994,533.7984737170073,3.119833857533296,1,1,2,0
19.491666666666667,941.8099811536893,534.6072512243074,3.133607796522619,1,1,2,0
19.5,942.1720377223572,535.0985374912276,3.14945589466571,1,1,2,0
19.508333333333333,940.9470893771073,534.7829337513654,3.1582670923138343,1,1,2,0
19.516666666666666,940.3772336748432,535.2651057691443,3.143414059889963,1,1,2,0
19.525,940.2830638293135,535.204048604147,3.139454379943692,1,1,2,0
19.533333333333335,939.9822466701725,534.5993763823196,3.1435949809729293,1,1,2,0
19.541666666666668,938.5496023698951,534.1787090906083,3.1287867233522113,1,1,2,0
19.55,938.7418204157432,534.6369522077736,3.1565281032998223,1,1,2,0
19.558333333333334,939.1433917379056,535.0863767557926,3.127048595793525,1,1,2,0
19.566666666666666,939.1419216748651,535.1266138684794,3.1727756764172423,1,1,2,0
19.575,939.3775816327739,534.7215432212637,3.155996994990779,1,1,2,0
19.583333333333332,939.3602492505671,534.820471220648,3.117412303828223,1,1,2,0
19.591666666666665,939.445189891211,534.4795398092132,3.197228066145357,1,1,2,0
19.6,939.1557617339313,534.3415659511852,3.1502914184624218,1,1,2,0
19.608333333333334,939.3466602526819,534.287516993938,3.1578039052741165,1,1,2,0
19.616666666666667,939.4153178808479,533.0003832376526,3.1519540202537555,1,1,2,0
19.625,939.221343409285,533.0246621461611,3.123492514214427,1,1,2,0
19.633333333333333,939.601466804584,532.9037251644353,3.151107611930607,1,1,2,0
19.641666666666666,938.8163130000545,532.7056356943694,3.1212045678243823,1,1,2,0
19.65,938.932301303041,532.1987620963273,3.156774539061737,1,1,2,0
19.658333333333335,938.7582715061616,532.6138450969221,3.1462968633564374,1,1,2,0
19.666666666666668,938.337439012578,532.5777348480731,3.1666683734780423,1,1,2,0
19.675,937.7361818161005,532.4366246913108,3.174105991579954,1,1,2,0
19.683333333333334,938.596024121986,532.9218368072885,3.1618953209836405,1,1,2,0
19.691666666666666,938.6448168380913,533.292629655937,3.1394260139276366,1,1,2,0
19.7,939.1430708918246,532.7133022068839,3.15168308387738,1,1,2,0
19.708333333333332,939.9031825505153,532.6753722637229,3.20657694524566,1,1,2,0
19.716666666666665,939.3714706983811,533.0800449300035,3.1689023759768142,1,1,2,0
19.725,939.4115807463035,533.7146768740954,3.160186140365387,1,1,2,0
19.733333333333334,939.1956874994619,533.4292124823872,3.1968797150104833,1,1,2,0
19.741666666666667,939.581368726129,532.9243354646654,3.1938559285216264,1,1,2,0
19.75,939.0496884578565,532.4280624974791,3.170051798576823,1,1,2,0
19.758333333333333,939.1870594465186,531.5303892838205,3.2045883665081885,1,1,2,0
19.766666666666666,939.3054911947845,531.3303037067075,3.157768139981502,1,1,2,0
19.775,939.6680673809923,530.7584151225078,3.1645706666060667,1,1,2,0
19.783333333333335,940.5201022321097,530.8675119113881,3.1650146895676454,1,1,2,0
19.791666666666668,940.4851479229384,529.8367733799321,3.173345376234454,1,1,2,0
19.8,941.4912192983138,529.5458656456148,3.191421749525992,1,1,2,0
19.808333333333334,941.7164170212076,530.0001172258612,3.2117394450893353,1,1,2,0
19.816666666666666,940.7891285231775,530.4284489844163,3.161701796843794,1,1,2,0
19.825,941.3781395524836,530.3552013279755,3.1634507146951325,1,1,2,0
19.833333333333332,941.2821580717099,530.9021606738044,3.187523469267137,1,1,2,0
19.841666666666665,941.9098553235156,530.5807302931818,3.1955878607623727,1,1,2,0
19.85,942.2361549085538,530.2378726412812,3.178411203015596,1,1,2,0
19.858333333333334,942.6458361673754,530.2092986682507,3.1780360525005604,1,1,2,0
19.866666666666667,943.2499316722021,530.1846382671048,3.192301236553752,1,1,2,0
19.875,943.4138762076544,530.1119585760542,3.1996559851909616,1,1,2,0
19.883333333333333,943.053448108507,530.8690577945557,3.186586172332143,1,1,2,0
19.891666666666666,942.7944464857209,530.9635892466564,3.1920505715000886,1,1,2,0
19.9,942.5419006334898,530.4523050854768,3.202094195504417,1,1,2,0
19.908333333333335,942.4133696187255,530.1601968572301,3.1750715379409407,1,1,2,0
19.916666666666668,942.430758906792,530.1400089009354,3.1763624110688258,1,1,2,0
19.925,942.4665648279704,530.1161789355382,3.181488318320048,1,1,2,0
19.933333333333334,943.5646842007792,529.7187226083526,3.1890831486227125,1,1,2,0
19.941666666666666,944.2430869905762,529.8336482105166,3.158495284694373,1,1,2,0
19.95,943.920153690949,529.6741235411436,3.206718483106087,1,1,2,0
19.958333333333332,944.1181955277074,530.3877895491742,3.183448920735045,1,1,2,0
19.966666666666665,943.9226745391786,529.8958346419911,3.173444296215714,1,1,2,0
19.975,943.9200121293491,529.4122722973115,3.2046572891987823,1,1,2,0
19.983333333333334,944.4693362116215,529.4130082188301,3.183492629087763,1,1,2,0
19.991666666666667,944.5779390645833,529.661018505646,3.211168140217382,1,1,2,0
