t,gx,gy,pupil,valid,subj,trial,label
0.0,959.0981582549922,540.3096899873075,4.0759461590274215,1,4,2,1
0.008333333333333333,958.9425754122952,540.7777526604227,4.108235991390417,1,4,2,1
0.016666666666666666,959.8858122620481,542.5580104008901,4.1196915326212125,1,4,2,1
0.025,960.126989658427,542.0277851454631,4.110415656473349,1,4,2,1
0.03333333333333333,960.3457646573358,542.6114877184307,4.093504313199034,1,4,2,1
0.041666666666666664,960.66955175285,542.8054554859277,4.090359774493779,1,4,2,1
0.05,960.2411120077197,542.3241340408731,4.117888237997717,1,4,2,1
0.058333333333333334,959.4631022697891,542.1954674644044,4.0778542062084195,1,4,2,1
0.06666666666666667,959.0036142012357,541.5340801642232,4.139494529258897,1,4,2,1
0.075,958.5797029111828,542.1760174306684,4.10487927319286,1,4,2,1
0.08333333333333333,959.150632117164,542.8815991272563,4.0997287354239615,1,4,2,1
0.09166666666666666,959.2371240080254,543.506005881267,4.072219214713535,1,4,2,1
0.1,960.5274895895291,544.0118466130821,4.123066344081491,1,4,2,1
0.10833333333333334,962.6905178994075,544.3069044339809,4.070159724634263,1,4,2,1
0.11666666666666667,1061.536423708949,-72.70641384728572,4.141136779648441,1,4,2,1
0.125,1063.0802288605557,-73.2597157574088,4.1122635706414306,1,4,2,1
0.13333333333333333,965.8873546433484,544.383277622258,4.108148645185948,1,4,2,1
0.14166666666666666,966.5958737350737,544.4918547284055,4.083166657433964,1,4,2,1
0.15,966.8970066805487,544.1758257004503,4.132079042135074,1,4,2,1
0.15833333333333333,1350.1314344801708,685.4615381437045,4.134650053849184,1,4,2,1
0.16666666666666666,1350.432815224567,685.8414238370373,4.156701536320966,1,4,2,1
0.175,966.4975631635689,544.2184238636004,4.135347238631253,1,4,2,1
0.18333333333333332,966.3154463118914,543.8657423641921,4.095328729332625,1,4,2,1
0.19166666666666668,965.8872495859698,543.5318665350052,4.1827443333735905,1,4,2,1
0.2,966.7305053897824,543.6931242175423,4.150173718502672,1,4,2,1
0.20833333333333334,965.9645433886258,543.8214706082489,4.111431053595641,1,4,2,1
0.21666666666666667,966.454311387382,542.6731844925474,4.189772238964036,1,4,2,1
0.225,966.1931159811575,541.1879808717301,4.13065956573532,1,4,2,1
0.23333333333333334,966.9924122734385,541.9741922866415,4.106535486559966,1,4,2,1
0.24166666666666667,965.3164215323591,540.9259214288477,4.142292267930895,1,4,2,1
0.25,964.3409206689621,540.461555676106,4.194244447459015,1,4,2,1
0.25833333333333336,962.7627952090635,540.3263996465901,4.124138271572415,1,4,2,1
0.26666666666666666,963.0604663177047,540.1816179149125,4.1684529535926504,1,4,2,1
0.275,962.436124222372,541.7886743899055,4.141485929699187,1,4,2,1
0.2833333333333333,960.7417733093883,541.540281908608,4.18095080338487,1,4,2,1
0.2916666666666667,960.3653401311345,539.8532837206307,4.072041228433243,1,4,2,1
0.3,960.3440279494839,538.7402462475997,4.1500809525617885,1,4,2,1
0.30833333333333335,962.0716738167448,537.9463952672091,4.142507779052582,1,4,2,1
0.31666666666666665,1282.5788508107996,374.06555118763004,4.142996627186931,1,4,2,1
0.325,1283.4905029451438,374.8506611169738,4.114038334833144,1,4,2,1
0.3333333333333333,961.9563051315041,539.3718769779836,4.167038562133729,1,4,2,1
0.3416666666666667,961.2498971149175,540.5390720516133,4.129713526863906,1,4,2,1
0.35,960.8839142390148,541.4909102065336,4.1464669070060785,1,4,2,1
0.35833333333333334,960.7436348551485,540.7340125821091,4.15182766992676,1,4,2,1
0.36666666666666664,961.4876250426232,540.4825783029282,4.14338553897504,1,4,2,1
0.375,962.1396013073661,540.5691321709152,4.128990395160315,1,4,2,1
0.38333333333333336,960.1325252548534,541.0024004789385,4.131504002387919,1,4,2,1
0.39166666666666666,960.4546327716046,540.7324542892025,4.166828641955129,1,4,2,1
0.4,960.3020379301576,541.7662441457295,4.165262568999095,1,4,2,1
0.4083333333333333,960.8742343565418,541.1935042730698,4.160315453534172,1,4,2,1
0.4166666666666667,960.9765926584975,540.8032032198856,4.158434956459675,1,4,2,1
0.425,961.3494959425651,540.2856581897396,4.156817543570566,1,4,2,1
0.43333333333333335,961.3818749295563,540.7428859031864,4.150637525666501,1,4,2,1
0.44166666666666665,960.243100007787,540.9286294143246,4.163277897257262,1,4,2,1
0.45,961.1174125897566,540.9036258013778,4.143332787579898,1,4,2,1
0.4583333333333333,960.162395689783,541.020750885945,4.13639493573227,1,4,2,1
0.4666666666666667,960.8213321313384,538.883613874164,4.14781183987355,1,4,2,1
0.475,962.3108750760165,538.8319744982231,4.160627173406994,1,4,2,1
0.48333333333333334,1037.7687358835376,450.2861507190968,4.143994089017831,1,4,2,1
0.49166666666666664,1038.4849301354525,450.370843427831,4.179104342919672,1,4,2,1
0.5,962.986937512902,540.5377742224726,4.148045877929863,1,4,2,1
0.5083333333333333,963.6307393867382,539.437743156204,4.150763349475612,1,4,2,1
0.5166666666666667,437.92313224682664,343.79907729626564,4.105583510575845,1,4,2,1
0.525,438.02541362861245,343.3281219002072,4.175405853288798,1,4,2,1
0.5333333333333333,963.2712552353831,540.3854898230053,4.156195016682857,1,4,2,1
0.5416666666666666,964.0508551618543,540.5002905219839,4.175766695514741,1,4,2,1
0.55,963.3878196084804,539.0678243680461,4.169930350509007,1,4,2,1
0.5583333333333333,962.9556769993478,540.1744935409213,4.219937431278417,1,4,2,1
0.5666666666666667,963.2446731025321,541.3835736564697,4.180149561442425,1,4,2,1
0.575,962.9964969553276,541.8072720204144,4.24675044571663,1,4,2,1
0.5833333333333334,963.1214075973985,541.4505021982288,4.210277308359161,1,4,2,1
0.5916666666666667,961.6602963289129,542.8566550942052,4.269741864104677,1,4,2,1
0.6,963.0051184413657,542.8388349646641,4.1957855357547675,1,4,2,1
0.6083333333333333,962.777398677613,542.7198775344759,4.202358602901728,1,4,2,1
0.6166666666666667,962.6867734134651,543.2420337485544,4.182472801655363,1,4,2,1
0.625,962.7569421750978,542.9458004062257,4.198935056003032,1,4,2,1
0.6333333333333333,962.9870494495867,542.6292476821274,4.217380906179572,1,4,2,1
0.6416666666666667,963.4356628757515,542.776476395293,4.211063088393534,1,4,2,1
0.65,962.167316549599,542.7242564026371,4.274073890188658,1,4,2,1
0.6583333333333333,963.3757462698395,543.1933995628455,4.273926569495779,1,4,2,1
0.6666666666666666,963.7924494631906,542.725715043228,4.278952653462132,1,4,2,1
0.675,963.5217165592842,542.6795841828863,4.249418669648197,1,4,2,1
0.6833333333333333,965.5196015966134,544.8770991375849,4.352536333489461,1,4,2,1
0.6916666666666667,965.5416000338412,545.262694969874,4.254882650169339,1,4,2,1
0.7,965.3104604111533,545.2784170164349,4.279832814324618,1,4,2,1
0.7083333333333334,965.93069071556,543.7486330401555,4.336843261084967,1,4,2,1
0.7166666666666667,965.4621153337185,544.1509679970721,4.3081010131494875,1,4,2,1
0.725,964.7952250594367,544.6744536247097,4.303772745574037,1,4,2,1
0.7333333333333333,965.7421282136921,544.3890695932666,4.357496198395472,1,4,2,1
0.7416666666666667,965.447319092409,543.6604276532503,4.340839134516388,1,4,2,1
0.75,965.1723813778763,544.406827631279,4.308004823044543,1,4,2,1
0.7583333333333333,964.4228739718102,543.9487040088721,4.3554531673020636,1,4,2,1
0.7666666666666667,965.4551824952559,543.5288364038695,4.377364724262407,1,4,2,1
0.775,964.2928356210375,542.9816154828969,4.396653237467847,1,4,2,1
0.7833333333333333,963.1472843273921,543.063291441597,4.3341089438704445,1,4,2,1
0.7916666666666666,963.9855512113576,543.1266341124345,4.393839220436235,1,4,2,1
0.8,963.1124751776413,544.023026949387,4.316952639240136,1,4,2,1
0.8083333333333333,963.173262488653,544.5070096098284,4.326857887067749,1,4,2,1
0.8166666666666667,962.9832535777753,545.4849856448626,4.304562525674038,1,4,2,1
0.825,963.5414264502938,544.3355900170768,4.3109401117593125,1,4,2,1
0.8333333333333334,963.0676796742471,542.1837231142309,4.384058323895637,1,4,2,1
0.8416666666666667,963.009950042248,540.7591902133047,4.3334902240037705,1,4,2,1
0.85,964.4081718669992,541.4805470236249,4.394143851858852,1,4,2,1
0.8583333333333333,963.9196555784322,541.5242535865299,4.301396989227152,1,4,2,1
0.8666666666666667,962.9847422331941,542.296692530521,4.334142504808648,1,4,2,1
0.875,964.5312924480613,542.2282391083929,4.2882067534430695,1,4,2,1
0.8833333333333333,964.6921075777044,542.0917870367733,4.3113662684145115,1,4,2,1
0.8916666666666667,964.2619362915964,542.488870856774,4.310427399307361,1,4,2,1
0.9,964.0976738324664,542.0933902268499,4.305503001086374,1,4,2,1
0.9083333333333333,964.5517352331407,543.5086143306244,4.237368233352178,1,4,2,1
0.9166666666666666,965.2277029938169,542.9604037282019,4.248420084879916,1,4,2,1
0.925,965.4506073591697,543.6212127496643,4.269945593896001,1,4,2,1
0.9333333333333333,965.3887351379105,543.2132020345115,4.242477105757952,1,4,2,1
0.9416666666666667,965.2623520620507,543.4631641512476,4.245202887602047,1,4,2,1
0.95,965.9810291475259,544.1406906802641,4.179523135785885,1,4,2,1
0.9583333333333334,965.9293953639112,544.4968174801579,4.288031466263696,1,4,2,1
0.9666666666666667,965.4551258417735,543.4893039789065,4.227561662551652,1,4,2,1
0.975,966.7431951045832,543.8836581140324,4.260040836833661,1,4,2,1
0.9833333333333333,968.0272987194121,543.3435660513256,4.2433089640620825,1,4,2,1
0.9916666666666667,966.9429280622849,541.7734231088183,4.210377814273335,1,4,2,1
1.0,968.6730244917935,541.1697078480635,4.19358046247127,1,4,2,1
1.0083333333333333,968.6862109972038,543.0259642115735,4.225933563749548,1,4,2,1
1.0166666666666666,969.1947408812739,543.6991667079903,4.258324063025475,1,4,2,1
1.025,969.4418323649876,543.6291049694864,4.203662486236042,1,4,2,1
1.0333333333333334,968.5593796644375,542.7839297437722,4.214920312456468,1,4,2,1
1.0416666666666667,968.3666478005091,543.9819251198068,4.220756744236902,1,4,2,1
1.05,968.3108099281011,543.0977680643442,4.228909009021604,1,4,2,1
1.0583333333333333,967.6157506625915,543.5296980779852,4.182742397610927,1,4,2,1
1.0666666666666667,968.8860133091654,543.9961980746012,4.22391618178791,1,4,2,1
1.075,967.6661402260758,543.590068499688,4.164535908833319,1,4,2,1
1.0833333333333333,968.3034817083849,543.920512642795,4.228842296181699,1,4,2,1
1.0916666666666666,968.94659673723,543.9030737128904,4.212759676504187,1,4,2,1
1.1,968.8213312493901,544.0215324327979,4.226212678807526,1,4,2,1
1.1083333333333334,968.0762187200233,543.4768184140427,4.192177847121776,1,4,2,1
1.1166666666666667,968.9664185594863,543.0561360405594,4.193716215609192,1,4,2,1
1.125,969.0639281229757,543.6373299165092,4.198110185865696,1,4,2,1
1.1333333333333333,970.5838770096075,543.2366675424204,4.2331569465594345,1,4,2,1
1.1416666666666666,970.9652041904396,544.5074341639981,4.227493088891734,1,4,2,1
1.15,970.4516195014153,544.1574682310492,4.229449398584139,1,4,2,1
1.1583333333333334,970.902109614823,543.9628487345757,4.214984365286156,1,4,2,1
1.1666666666666667,969.4448585525546,545.4903339680761,4.193927564484796,1,4,2,1
1.175,970.0202011035233,545.6651688634906,4.193487225280103,1,4,2,1
1.1833333333333333,970.7468473835526,545.4481306486391,4.20308378497847,1,4,2,1
1.1916666666666667,971.126604320812,544.6948534698247,4.232211622132019,1,4,2,1
1.2,969.8496051811526,545.4246035694832,4.241518182675074,1,4,2,1
1.2083333333333333,969.3071528509512,545.7812188489726,4.20213247264603,1,4,2,1
1.2166666666666666,967.8214501779499,545.3974856552629,4.217673316334546,1,4,2,1
1.225,966.1553808880988,546.0095050872094,4.215907013464377,1,4,2,1
1.2333333333333334,966.4256077502619,547.0916803808497,4.155118973234134,1,4,2,1
1.2416666666666667,966.6240432717714,547.0657067316798,4.185791382649757,1,4,2,1
1.25,967.4881080598032,549.2538447414573,4.184114998635852,1,4,2,1
1.2583333333333333,967.4994337218592,548.6478573936163,4.167176951635875,1,4,2,1
1.2666666666666666,967.598831369395,549.0797578209433,4.1622962010477424,1,4,2,1
1.275,966.7862691466173,549.4369398636428,4.222899554686545,1,4,2,1
1.2833333333333334,796.3605382790897,655.8443810226147,4.156812028910934,1,4,2,1
1.2916666666666667,794.9497684916673,656.1992632714727,4.2673591343102295,1,4,2,1
1.3,965.440537677885,548.0030530941368,4.183849937649912,1,4,2,1
1.3083333333333333,966.4844828748799,548.689536540956,4.183915114113849,1,4,2,1
1.3166666666666667,966.4245500756875,548.9683782388776,4.209786505439175,1,4,2,1
1.325,966.2929401306519,548.8950512837844,4.17812255838353,1,4,2,1
1.3333333333333333,965.5228369590315,548.7637770265185,4.26207297156512,1,4,2,1
1.3416666666666666,967.3499211450387,547.8536623045744,4.17773528339847,1,4,2,1
1.35,967.387884632216,548.5572171270594,4.211249291888948,1,4,2,1
1.3583333333333334,966.78666766231,549.5550361198959,4.216213266595001,1,4,2,1
1.3666666666666667,966.3374665886685,549.5896395840634,4.227397660837111,1,4,2,1
1.375,966.5636717633628,549.0252765108243,4.193016569298723,1,4,2,1
1.3833333333333333,966.5491791439295,549.067291364721,4.176778133816912,1,4,2,1
1.3916666666666666,967.7362335905823,548.7382287706015,4.21830595760696,1,4,2,1
1.4,968.807525006692,549.5847470071128,4.160139713141895,1,4,2,1
1.4083333333333334,968.4213793961767,550.1196997868338,4.238501350962244,1,4,2,1
1.4166666666666667,967.0499769083625,550.3158201883093,4.170206389734605,1,4,2,1
1.425,966.8186367465238,550.398892542651,4.205689030889982,1,4,2,1
1.4333333333333333,967.5799289561597,549.8468870256978,4.142758166449304,1,4,2,1
1.4416666666666667,967.7554172948095,550.0722361590051,4.2120931028682,1,4,2,1
1.45,969.1528399237257,549.5135181700483,4.166561453565686,1,4,2,1
1.4583333333333333,968.9170126821033,549.745272135308,4.193292175042459,1,4,2,1
1.4666666666666666,968.5252971389984,548.4718726021184,4.15951064668097,1,4,2,1
1.475,969.2550738498409,547.852111291261,4.241511212985341,1,4,2,1
1.4833333333333334,969.8701943616608,548.7757481960703,4.22244991532162,1,4,2,1
1.4916666666666667,661.2702186650527,613.1745059233488,4.1578447186613126,1,4,2,1
1.5,661.7694366477065,612.7729774728152,4.1996468342964315,1,4,2,1
1.5083333333333333,971.9120412430269,546.9100476158033,4.24721023766624,1,4,2,1
1.5166666666666666,971.3802465245647,548.2997109282165,4.220096208366563,1,4,2,1
1.525,971.5179824279933,549.0819522620454,4.211558085557177,1,4,2,1
1.5333333333333334,972.547571024332,549.0912816963038,4.164635731340594,1,4,2,1
1.5416666666666667,972.5129285262597,548.3551145557237,4.189038236864171,1,4,2,1
1.55,972.6206826581391,548.2537587504878,4.188013424892003,1,4,2,1
1.5583333333333333,973.6212234319585,548.0520299062005,4.1729236244248336,1,4,2,1
1.5666666666666667,974.319751503848,548.7994952339159,4.17086723580608,1,4,2,1
1.575,973.6246348167192,549.2073452072115,4.219789716543008,1,4,2,1
1.5833333333333333,973.5314650671556,548.6369990858278,4.175734309412512,1,4,2,1
1.5916666666666666,973.1771207117743,550.1208667133734,4.172851233531528,1,4,2,1
1.6,972.9166492597388,549.291706888139,4.2194477620038295,1,4,2,1
1.6083333333333334,971.9883643168824,549.1353738408459,4.132993647239453,1,4,2,1
1.6166666666666667,970.9759736529644,548.6663113276996,4.205620268664014,1,4,2,1
1.625,970.3685568905131,547.8051536110336,4.187907153445964,1,4,2,1
1.6333333333333333,971.1828984533563,547.8948434667793,4.179490936439377,1,4,2,1
1.6416666666666666,971.1133894268459,548.1429792175272,4.15227013340482,1,4,2,1
1.65,971.5734976827387,546.9488616846401,4.17587807577888,1,4,2,1
1.6583333333333334,971.7948262054906,547.0563620100415,4.207635470972275,1,4,2,1
1.6666666666666667,972.0365253497932,546.8913881835894,4.162047803403413,1,4,2,1
1.675,972.3428166313017,547.2962336768762,4.20682297483505,1,4,2,1
1.6833333333333333,972.0076101985173,548.1333091294229,4.193658120532096,1,4,2,1
1.6916666666666667,972.9692159610938,549.5526972851608,4.126051818025893,1,4,2,1
1.7,972.351434582328,549.3041901085617,4.202034141934701,1,4,2,1
1.7083333333333333,972.1145856351028,549.6007136053482,4.178926043514965,1,4,2,1
1.7166666666666666,972.1901295476472,550.1777736669446,4.192575316308551,1,4,2,1
1.725,972.7677000902272,550.2565953001989,4.142934425784141,1,4,2,1
1.7333333333333334,972.0377614220212,551.4853141155722,4.165834166722328,1,4,2,1
1.7416666666666667,972.2035291369889,550.8228018007004,4.159966689922301,1,4,2,1
1.75,972.25434075048,550.6414302844122,4.13963250233694,1,4,2,1
1.7583333333333333,972.1475008531835,549.7099279604597,4.148725469006272,1,4,2,1
1.7666666666666666,971.3318457058574,551.5281773670649,4.140528889479947,1,4,2,1
1.775,974.2002083675803,551.1677569997642,4.22373774104893,1,4,2,1
1.7833333333333334,974.2781494909079,551.7159059189366,4.2139954992443815,1,4,2,1
1.7916666666666667,973.3154019976612,552.8000978389808,4.1873658114049706,1,4,2,1
1.8,972.4831612695748,553.294113512782,4.206002117970395,1,4,2,1
1.8083333333333333,973.1801711599281,552.4623975321235,4.098477131839486,1,4,2,1
1.8166666666666667,972.331709441408,552.2506065600097,4.188561605352537,1,4,2,1
1.825,973.522891219319,551.5131976166277,4.187444182791303,1,4,2,1
1.8333333333333333,973.4452719523866,552.6778803472054,4.157325191056545,1,4,2,1
1.8416666666666666,972.7972387041128,551.8166453841643,4.212041453458047,1,4,2,1
1.85,972.3050019388829,551.5743222964126,4.123267949307275,1,4,2,1
1.8583333333333334,973.1871393713344,553.1667544153802,4.182713769313985,1,4,2,1
1.8666666666666667,973.0637864940925,552.7066272098782,4.141364443408286,1,4,2,1
1.875,973.9423972295461,552.0421111772131,4.180402256680485,1,4,2,1
1.8833333333333333,973.326128508951,552.4523811240814,4.166806715990353,1,4,2,1
1.8916666666666666,973.1804001210244,551.7477838098479,4.122173653507316,1,4,2,1
1.9,973.0868315103346,552.2130257866473,4.152905689719344,1,4,2,1
1.9083333333333334,972.4349492826956,551.7744040614587,4.200763847085498,1,4,2,1
1.9166666666666667,972.092482377855,551.949359961452,4.151362818735562,1,4,2,1
1.925,972.1021657908249,551.2334259303897,4.109685526582282,1,4,2,1
1.9333333333333333,971.097743959729,552.2976136245294,4.195169310058486,1,4,2,1
1.9416666666666667,970.457018143918,553.2198793011487,4.160367966550841,1,4,2,1
1.95,970.8293415398757,551.7891314341442,4.114180662551072,1,4,2,1
1.9583333333333333,969.8654799989494,551.5966610048281,4.168344246039975,1,4,2,1
1.9666666666666666,969.6301979163381,550.4140184807941,4.210886958680437,1,4,2,1
1.975,970.0068782683993,550.5930545996989,4.173671722700547,1,4,2,1
1.9833333333333334,969.4576091872971,550.0827443633799,4.177520482681529,1,4,2,1
1.9916666666666667,968.8126824318679,550.3535881915125,4.126521506618952,1,4,2,1
2.0,967.7475907211539,549.7838339494674,4.152935067147232,1,4,2,1
2.0083333333333333,967.340812412683,550.4104522957882,4.154537811509978,1,4,2,1
2.0166666666666666,966.1966914342863,551.2769421904477,4.13382302723916,1,4,2,1
2.025,965.5813811248445,551.5077135901043,4.130275186402099,1,4,2,1
2.033333333333333,1101.9392802120888,896.6240827887918,4.213923167564911,1,4,2,1
2.0416666666666665,1101.5754038719908,896.5576768870525,4.160380098040478,1,4,2,1
2.05,965.1779406292997,552.8040726812596,4.0956411639598596,1,4,2,1
2.058333333333333,965.1336373019127,552.416977876513,4.136352644386845,1,4,2,1
2.066666666666667,965.7811759630398,552.4831330653917,4.142431692084181,1,4,2,1
2.075,966.7514291379299,552.1894937738031,4.145695584959655,1,4,2,1
2.0833333333333335,965.9663364482578,553.2723820968035,4.180028720765802,1,4,2,1
2.091666666666667,965.3236429272646,551.9770675442853,4.105938224724454,1,4,2,1
2.1,1078.6829310796747,258.9095827516139,4.117352259724332,1,4,2,1
2.1083333333333334,1080.233955445142,260.51013033272477,4.177271331417902,1,4,2,1
2.1166666666666667,967.0193020896357,554.0099215347483,4.154340035353215,1,4,2,1
2.125,968.0711773744144,555.0369191817146,4.128868614333501,1,4,2,1
2.1333333333333333,968.9485888281469,555.5312841113827,4.173860977789212,1,4,2,1
2.1416666666666666,968.6452780740815,555.3155303306007,4.1638345995304755,1,4,2,1
2.15,1042.4512217095266,646.4900169318437,4.160784536999257,1,4,2,1
2.158333333333333,1041.195290598445,647.1194795157294,4.152350859428078,1,4,2,1
2.1666666666666665,966.7239652856954,555.7447043659491,4.103905279160042,1,4,2,1
2.175,966.2448507482632,555.7666760942506,4.098767508653628,1,4,2,1
2.183333333333333,966.4732059931764,555.2853790696203,4.149845286774604,1,4,2,1
2.191666666666667,966.9840042557042,555.3251007197714,4.144287168026872,1,4,2,1
2.2,967.5604076643559,554.7799755848921,4.105114320560739,1,4,2,1
2.2083333333333335,966.940574872361,553.6095380717456,4.134354440516927,1,4,2,1
2.216666666666667,967.2681282152258,554.0325637050203,4.116746971932073,1,4,2,1
2.225,967.7314768325369,553.3231153495827,4.144082935940152,1,4,2,1
2.2333333333333334,967.0887827360613,555.7438523963531,4.153564834395602,1,4,2,1
2.2416666666666667,965.4963536273251,555.6959384686746,4.167192822732411,1,4,2,1
2.25,965.2955303780739,555.9887190353676,4.141404971606525,1,4,2,1
2.2583333333333333,965.3088632599411,557.4805335609221,4.110280487965679,1,4,2,1
2.2666666666666666,965.6212011401925,557.0124806604045,4.124988163196019,1,4,2,1
2.275,965.0739607852558,556.1880609242595,4.132278869114078,1,4,2,1
2.283333333333333,964.7306486414052,555.6811994706521,4.07340711787094,1,4,2,1
2.2916666666666665,964.9826294046152,555.3252475079203,4.123479255918006,1,4,2,1
2.3,1090.0571108079203,1067.9598780748947,4.144731877560189,1,4,2,1
2.308333333333333,1090.0181602812943,1068.1171258692434,4.149878400197374,1,4,2,1
2.316666666666667,965.0409627876215,553.3556836556908,4.1634287971016315,1,4,2,1
2.325,965.6788327121146,554.0320561985137,4.121838160563531,1,4,2,1
2.3333333333333335,966.0563299240458,554.2593099183725,4.075711397461851,1,4,2,1
2.341666666666667,966.0595332755736,554.253836500794,4.103608700779149,1,4,2,1
2.35,965.3312335808241,555.6387686125828,4.099849674130089,1,4,2,1
2.3583333333333334,963.6948633093726,554.8978472985793,4.166691872534592,1,4,2,1
2.3666666666666667,963.3504176960664,555.7421485689999,4.065606734656244,1,4,2,1
2.375,962.5212613312191,556.1857680554574,4.2127971699385505,1,4,2,1
2.3833333333333333,961.3362186307505,555.4817948005972,4.129626228493632,1,4,2,1
2.3916666666666666,961.5274865918791,556.7645768575527,4.066570011324852,1,4,2,1
2.4,963.1548686164017,557.1655187146507,4.114585599733549,1,4,2,1
2.408333333333333,963.2800070054785,557.3999728553828,4.134179782033884,1,4,2,1
2.4166666666666665,963.178517707402,556.18057470884,4.093836745205051,1,4,2,1
2.425,963.2238586183179,555.1337841062493,4.121065469663487,1,4,2,1
2.433333333333333,963.1586050856815,555.3008008107904,4.141107055852198,1,4,2,1
2.441666666666667,964.1604945772042,556.1298587572317,4.141917371301206,1,4,2,1
2.45,963.8299777378808,557.0828227645202,4.096589180186806,1,4,2,1
2.4583333333333335,963.9588841108846,556.1813176333403,4.092570919568882,1,4,2,1
2.466666666666667,964.5431740369042,556.1482481713716,4.084605271264301,1,4,2,1
2.475,964.0130048126667,555.5144053160926,4.059535857197434,1,4,2,1
2.4833333333333334,963.3732594138945,555.8176123574898,4.058182587760302,1,4,2,1
2.4916666666666667,963.957241071306,555.5970853051631,4.040593052133283,1,4,2,1
2.5,963.3251792792524,555.046390966135,4.1186894053949565,1,4,2,1
2.5083333333333333,963.6570379293223,552.9045464665271,4.058686656588002,1,4,2,1
2.5166666666666666,963.9009395052741,553.3294519140841,4.114516066100607,1,4,2,1
2.525,963.6030126150162,552.7928416066586,4.121017928475658,1,4,2,1
2.533333333333333,962.9732370107137,552.6276013353196,4.055382090712324,1,4,2,1
2.5416666666666665,963.6335378016527,552.1034711426151,4.049866900309171,1,4,2,1
2.55,962.7399859397497,552.1910708736694,4.091722045081565,1,4,2,1
2.558333333333333,963.1119551223088,551.643455015338,4.155669569608723,1,4,2,1
2.566666666666667,962.8491654393418,551.6503878781592,4.141427511277647,1,4,2,1
2.575,964.5327394316544,550.858112028598,4.08964423314213,1,4,2,1
2.5833333333333335,964.4289168478708,551.4280771084847,4.065245414548162,1,4,2,1
2.591666666666667,964.5173319814276,552.6747981946876,4.116575440947712,1,4,2,1
2.6,963.2589486394357,552.5556415219456,4.0560901148164055,1,4,2,1
2.6083333333333334,963.4062666608207,553.246838703048,4.0670284942998185,1,4,2,1
2.6166666666666667,963.970392000733,553.4675538399212,4.093023425449374,1,4,2,1
2.625,965.1434950725057,554.4860565425171,4.108151706361343,1,4,2,1
2.6333333333333333,963.5702871682804,553.5070145007531,4.0735739895774445,1,4,2,1
2.6416666666666666,964.0514145793136,553.808499688496,4.081105542562853,1,4,2,1
2.65,964.3526199442902,555.168536710532,4.071600785657,1,4,2,1
2.658333333333333,964.555498134708,555.0748815888003,4.060272185207449,1,4,2,1
2.6666666666666665,964.8864517271801,556.9021720310063,4.119870095061411,1,4,2,1
2.675,963.8952161178504,557.0664604316855,4.067753653361364,1,4,2,1
2.683333333333333,964.9448660499518,558.0407779817195,4.051534353821957,1,4,2,1
2.691666666666667,964.2753503172621,557.4438680117134,4.103549407286909,1,4,2,1
2.7,964.6913513288988,558.8381032155504,4.112981879476968,1,4,2,1
2.7083333333333335,964.4920216581203,558.6520667634253,4.079669293879369,1,4,2,1
2.716666666666667,963.6901494550785,559.1749076246965,4.100306223490075,1,4,2,1
2.725,963.1350396187914,558.9471545169591,4.111213309521165,1,4,2,1
2.7333333333333334,963.4597358118399,558.6605515173777,4.003609813433466,1,4,2,1
2.7416666666666667,963.6616413988341,558.6951611211748,4.034372963168522,1,4,2,1
2.75,963.4588078001317,558.4415916884528,4.098257970609836,1,4,2,1
2.7583333333333333,962.1939057308758,558.4739925842924,4.112709106776507,1,4,2,1
2.7666666666666666,962.8853220676052,559.3387558134255,4.085294201394935,1,4,2,1
2.775,963.7008428695625,559.7195175036505,4.091716981203286,1,4,2,1
2.783333333333333,963.9179882035055,559.8326128320234,4.026478650243742,1,4,2,1
2.7916666666666665,964.7828715337911,559.963078310206,4.034668212908281,1,4,2,1
2.8,1364.619904445768,636.664698767045,4.036729828121044,1,4,2,1
2.808333333333333,1363.8408808922168,634.8734322684152,4.064142039682201,1,4,2,1
2.816666666666667,964.7569791631555,556.7677812854203,4.057630563583635,1,4,2,1
2.825,964.1897899374928,556.057097956467,4.013084646816099,1,4,2,1
2.8333333333333335,964.518381464773,556.7393459901886,4.055557731406689,1,4,2,1
2.841666666666667,964.0663524683322,556.5983387629864,4.073690733602065,1,4,2,1
2.85,964.2000290921397,557.8869995471003,4.003662185343647,1,4,2,1
2.8583333333333334,180.0318685091312,-15.939376081245086,4.078904246829251,1,4,2,1
2.8666666666666667,180.5336619803727,-16.646940874985717,4.043727087917605,1,4,2,1
2.875,965.4502569265626,557.0212575395149,4.067642921998212,1,4,2,1
2.8833333333333333,964.5189705961725,557.0057810105992,4.0376459166911705,1,4,2,1
2.8916666666666666,964.3963414073149,556.0398755795102,4.019703579087426,1,4,2,1
2.9,964.5348535386632,557.549288893543,4.0319240279116775,1,4,2,1
2.908333333333333,963.6784667105132,557.3314548441709,4.025384424833312,1,4,2,1
2.9166666666666665,965.4475672523555,556.984888988972,4.03468394973432,1,4,2,1
2.925,965.716489822534,556.9810256717803,4.031965150370466,1,4,2,1
2.933333333333333,965.0601935373767,556.8826434498683,4.025023909211328,1,4,2,1
2.941666666666667,965.154672203232,556.436070459984,4.032448032772283,1,4,2,1
2.95,964.903812134036,556.0680996216771,4.057918455616074,1,4,2,1
2.9583333333333335,965.1510628310676,555.9188342290819,4.0557564274311595,1,4,2,1
2.966666666666667,966.7914047043051,553.9822130463535,4.059955063110198,1,4,2,1
2.975,968.5232723427458,552.9101766595209,4.07788392485285,1,4,2,1
2.9833333333333334,968.0248415182407,553.8246134769372,4.046414175680739,1,4,2,1
2.9916666666666667,968.0995382352421,553.7481895494832,4.0626535027144,1,4,2,1
3.0,967.9470355117188,556.3302146643565,4.091112113403185,1,4,2,1
3.0083333333333333,968.402247318753,556.3759244542373,4.052145754344375,1,4,2,1
3.0166666666666666,967.3956997095963,556.6395289436362,4.0561898747699585,1,4,2,1
3.025,967.512468656059,556.1713121351876,4.060966385932109,1,4,2,1
3.033333333333333,968.9162433227814,555.783188728073,4.012021713345326,1,4,2,1
3.0416666666666665,968.8093955002322,555.5151875616406,4.000696940690606,1,4,2,1
3.05,968.0146626727719,556.3797911907968,4.088049884012705,1,4,2,1
3.058333333333333,966.9865056427737,556.1190242754973,3.958053929268935,1,4,2,1
3.066666666666667,966.4690397097854,557.2719657395977,3.986748336756295,1,4,2,1
3.075,967.1181580021911,556.9255357974473,4.056754945786101,1,4,2,1
3.0833333333333335,966.1299983341281,557.5701292851605,4.115751465686088,1,4,2,1
3.091666666666667,965.4466772051757,558.669772807547,4.050285594644457,1,4,2,1
3.1,964.6664508853586,558.1644203103571,3.988518515882993,1,4,2,1
3.1083333333333334,963.1053707419952,560.0918439908382,4.056029111076424,1,4,2,1
3.1166666666666667,961.6833367842534,560.3061109195837,4.037634506382507,1,4,2,1
3.125,960.7002004136081,559.7330166364253,4.053050619606832,1,4,2,1
3.1333333333333333,961.0356895577027,560.2303677256955,3.989091543044644,1,4,2,1
3.1416666666666666,960.6653745267008,559.7832940422195,4.0487626982285505,1,4,2,1
3.15,961.4167608412598,559.6615859019556,3.974127300785082,1,4,2,1
3.158333333333333,963.2547641386454,559.0410386596967,4.0215893474545785,1,4,2,1
3.1666666666666665,962.5977840663207,558.5518628319634,4.014766949782031,1,4,2,1
3.175,962.360098229485,557.6630499238056,4.033136435765586,1,4,2,1
3.183333333333333,962.3106494505031,560.1634492925913,4.035113139284277,1,4,2,1
3.191666666666667,962.724047917152,560.5406778139862,4.004462552169747,1,4,2,1
3.2,963.2290419707256,561.9825721772517,4.023928108122598,1,4,2,1
3.2083333333333335,963.1732355101977,563.6517043183245,4.0183485145712305,1,4,2,1
3.216666666666667,962.1907677061238,562.3881399452127,4.0316600972223755,1,4,2,1
3.225,963.0346110425286,561.1084468453173,3.998003365153515,1,4,2,1
3.2333333333333334,963.6158308561036,560.7857736359235,4.014014966408328,1,4,2,1
3.2416666666666667,962.7514455426419,560.6217596944825,3.9292769600295863,1,4,2,1
3.25,961.2400336838373,561.8246069776607,4.000153486301706,1,4,2,1
3.2583333333333333,961.6828825686358,562.7233281246762,4.038798155116723,1,4,2,1
3.2666666666666666,961.2226858129801,564.0242185660865,4.060782322316491,1,4,2,1
3.275,960.6227765844187,564.2703952596603,4.062275087335539,1,4,2,1
3.283333333333333,961.6668672555169,565.6913009321312,3.9775793587361643,1,4,2,1
3.2916666666666665,961.4176571144368,567.5869052965069,3.9865200154246314,1,4,2,1
3.3,962.2459617800556,566.1531313723116,4.009661307457996,1,4,2,1
3.308333333333333,962.874697195073,566.7620140168631,3.9872717416160817,1,4,2,1
3.316666666666667,962.1390701421727,566.9926965752568,3.970058348605353,1,4,2,1
3.325,962.6324444624279,565.9513741401156,3.95846269413588,1,4,2,1
3.3333333333333335,962.788447047664,566.4220271619931,3.99181751242653,1,4,2,1
3.341666666666667,962.0170353256409,566.5826318358233,4.007439530801765,1,4,2,1
3.35,961.7395125258738,567.0964480333456,4.029667755006326,1,4,2,1
3.3583333333333334,961.9023944680433,567.3149996297633,3.9788537557425356,1,4,2,1
3.3666666666666667,961.3429539110438,567.0765609665626,4.001137135155961,1,4,2,1
3.375,962.7295471101911,566.1479542441411,3.959531736515153,1,4,2,1
3.3833333333333333,962.8134081279071,565.0261129712213,4.03848490362573,1,4,2,1
3.3916666666666666,963.2149513428046,564.116689253979,3.9665306810443854,1,4,2,1
3.4,963.9527574829409,564.2339103126669,3.9767334153457305,1,4,2,1
3.408333333333333,964.1161058388104,563.910081133908,4.030439693744944,1,4,2,1
3.4166666666666665,964.1930188556903,563.4091177119943,3.9616149235196807,1,4,2,1
3.425,963.8505334267734,563.55927995862,3.9938296373159763,1,4,2,1
3.433333333333333,963.1635822237297,563.167996262989,4.0275844545064166,1,4,2,1
3.441666666666667,962.0560220096291,563.5419225758583,4.0615972321070775,1,4,2,1
3.45,961.1631415420529,562.5807727281733,4.033706663457584,1,4,2,1
3.4583333333333335,960.4976056424402,563.232221124608,4.002341513777097,1,4,2,1
3.466666666666667,960.1247848291389,562.9766728090582,4.076433821784577,1,4,2,1
3.475,960.286115832318,563.4922936858942,4.042341455428495,1,4,2,1
3.4833333333333334,960.078194662268,563.2345556367433,4.013126314631289,1,4,2,1
3.4916666666666667,960.5234717411552,563.9246429266847,3.9997485018820926,1,4,2,1
3.5,959.8704445860122,562.733445790315,3.9926468755756184,1,4,2,1
3.5083333333333333,960.055103918605,563.0543987337614,4.038387656647834,1,4,2,1
3.5166666666666666,960.9666957089551,563.868764493109,4.00694596999672,1,4,2,1
3.525,960.680610942314,564.1635900199983,4.0286550258834835,1,4,2,1
3.533333333333333,961.207881860876,564.115776269924,4.008901274734107,1,4,2,1
3.5416666666666665,277.9385886848487,207.32137015302192,4.000000403375378,1,4,2,1
3.55,278.7671689235989,206.3089148822521,3.9633568655300144,1,4,2,1
3.558333333333333,960.2494782410816,562.3244647325587,4.022083017747784,1,4,2,1
3.566666666666667,960.402128014961,562.0087266280225,4.009526430362994,1,4,2,1
3.575,959.6747751603835,562.1454067093932,3.983398120083861,1,4,2,1
3.5833333333333335,958.538584976857,562.6951886240594,3.99582108877121,1,4,2,1
3.591666666666667,958.0596713538346,564.2915130360929,4.033599718336004,1,4,2,1
3.6,958.2709586124834,564.6316981820523,4.008959540232207,1,4,2,1
3.6083333333333334,957.4811540318212,564.6538341327731,4.038264958978019,1,4,2,1
3.6166666666666667,957.7033175289953,564.87926721773,3.970281030111204,1,4,2,1
3.625,956.8964850160961,565.4009333696706,4.039747217767416,1,4,2,1
3.6333333333333333,957.3609949681706,564.9849337881317,3.9846468401081596,1,4,2,1
3.6416666666666666,956.3811216305647,564.8797170224552,3.999886339944502,1,4,2,1
3.65,955.6693290119476,564.9615045601448,4.0092862849800275,1,4,2,1
3.658333333333333,956.4570072801,563.9916601769735,3.9907026076237853,1,4,2,1
3.6666666666666665,955.5995518370785,564.8802343582178,3.971243529582762,1,4,2,1
3.675,955.6993857564145,564.3878355416615,4.0400157617867904,1,4,2,1
3.683333333333333,954.79392855473,564.2718543689588,4.018277844425275,1,4,2,1
3.691666666666667,954.0682807389124,564.2528535018508,4.024621898749155,1,4,2,1
3.7,953.4023676447456,563.6669269903967,4.071589324517692,1,4,2,1
3.7083333333333335,952.2299078674359,565.2019472387162,4.017562432666853,1,4,2,1
3.716666666666667,953.0495977216656,565.5847093646574,4.01941244195089,1,4,2,1
3.725,951.7745174793351,565.4664547006041,3.9233709127361096,1,4,2,1
3.7333333333333334,951.522749329878,565.399900725681,3.982874753955243,1,4,2,1
3.7416666666666667,951.3622266187881,564.3799656868022,4.0377166046641175,1,4,2,1
3.75,951.1456660177621,564.4818790260368,3.9467107665024455,1,4,2,1
3.7583333333333333,949.9417270449733,565.4069657896655,3.9838433164008693,1,4,2,1
3.7666666666666666,950.1706689338079,566.9155087424432,4.014510876461963,1,4,2,1
3.775,950.5301416941073,565.35649844207,4.01069726424182,1,4,2,1
3.783333333333333,950.56762231757,564.9239544421441,4.001734845539317,1,4,2,1
3.7916666666666665,950.9250524048681,565.7987827142239,4.007715831970307,1,4,2,1
3.8,950.5009721196503,564.584815762083,3.9772118358965516,1,4,2,1
3.808333333333333,951.2465144542728,564.2761227560954,4.0172430523652025,1,4,2,1
3.816666666666667,951.7102817354132,565.1928504537132,4.009536423996721,1,4,2,1
3.825,952.5058245138587,565.6712059588172,4.024534996013239,1,4,2,1
3.8333333333333335,952.5075546968465,564.725307854194,4.013261418767422,1,4,2,1
3.841666666666667,952.2031279411082,563.6423873493006,3.9990483150932725,1,4,2,1
3.85,950.4676807218693,562.8018070082567,4.042859958616531,1,4,2,1
3.8583333333333334,949.1968004442987,563.2009588889742,3.9892077406424833,1,4,2,1
3.8666666666666667,948.6736703415347,563.8495353133836,3.981173404566548,1,4,2,1
3.875,948.7343255136576,563.552826865003,3.9968463322659593,1,4,2,1
3.8833333333333333,948.7152819924322,564.3618543083037,4.009183546329139,1,4,2,1
3.8916666666666666,948.4256752493527,564.6998479028597,3.9999306275244515,1,4,2,1
3.9,948.1229721471076,564.13762683208,4.002410460779461,1,4,2,1
3.908333333333333,948.9992384470007,563.4646544740716,4.021727031329505,1,4,2,1
3.9166666666666665,948.6542725426517,563.4549869611487,3.9394720841177717,1,4,2,1
3.925,948.1817770869816,563.0247412021606,3.9671689817417906,1,4,2,1
3.933333333333333,946.6947995447841,563.4425820330854,4.006402291767555,1,4,2,1
3.941666666666667,946.6711695785007,563.933725456632,4.00080346861234,1,4,2,1
3.95,947.1104717463917,563.1785381657014,4.032523960258255,1,4,2,1
3.9583333333333335,946.5717829754135,563.3667643766137,4.0016412303422895,1,4,2,1
3.966666666666667,947.1461596554099,563.0359932832775,3.9916137205149873,1,4,2,1
3.975,948.0971312217563,563.0640273391944,4.027679180401826,1,4,2,1
3.9833333333333334,949.8325664178554,563.4270889722459,4.069875010465263,1,4,2,1
3.9916666666666667,949.5085093960876,562.7107312741776,4.016359172676317,1,4,2,1
4.0,949.3704855671956,561.9010369079957,3.958639368741947,1,4,2,1
4.008333333333334,949.2679477577612,562.0507381925421,4.0028819280953245,1,4,2,1
4.016666666666667,948.3294765025852,562.3127162171966,4.007619468441966,1,4,2,1
4.025,948.5297448434944,562.1621063883861,4.019046151045412,1,4,2,1
4.033333333333333,948.911414125486,561.6544528996095,3.9804579724935816,1,4,2,1
4.041666666666667,947.994784617306,560.0515743912484,4.01972840079791,1,4,2,1
4.05,947.29325608446,559.7068990864966,4.011733273391883,1,4,2,1
4.058333333333334,947.6329285328387,560.0483206163088,4.031333057236898,1,4,2,1
4.066666666666666,947.8914094282433,560.8453877423847,3.976542675349294,1,4,2,1
4.075,948.4101105391542,560.7635424640861,3.9792785704798335,1,4,2,1
4.083333333333333,947.5493139940248,560.5569032167272,4.022473902508466,1,4,2,1
4.091666666666667,947.9009439172451,560.156040550285,3.9441699582977403,1,4,2,1
4.1,947.3179929825171,561.4639834509549,4.007381982157917,1,4,2,1
4.108333333333333,947.5821554062619,562.2009450469551,4.056513973000996,1,4,2,1
4.116666666666666,947.7043145553852,562.7160864136979,4.015570424846485,1,4,2,1
4.125,947.4917881262138,562.2763929917629,4.001262309056417,1,4,2,1
4.133333333333334,947.1701018230827,560.939328552938,4.019661548073359,1,4,2,1
4.141666666666667,946.9549027059306,560.4789230690078,4.074427296702521,1,4,2,1
4.15,946.4157450927594,561.2241029179861,4.008411390888233,1,4,2,1
4.158333333333333,945.6983735744221,561.7345230250745,3.9852230475995114,1,4,2,1
4.166666666666667,944.9753480802914,561.6729582247089,4.004013419457838,1,4,2,1
4.175,944.9998695102533,560.8689831099637,4.037847322947821,1,4,2,1
4.183333333333334,944.8077366788117,560.6002161916508,3.9882336294045713,1,4,2,1
4.191666666666666,944.1171154126276,561.5204272206206,4.00836495555205,1,4,2,1
4.2,943.4220147732392,561.6822791827773,3.9862745195316602,1,4,2,1
4.208333333333333,943.6053688239588,560.0111482111051,3.941900611841633,1,4,2,1
4.216666666666667,942.5659249096038,560.790565147298,3.96738543090154,1,4,2,1
4.225,942.1463069580344,561.4709401606652,4.0409939777192845,1,4,2,1
4.233333333333333,942.1186056522464,561.3399412133698,3.9678006399491834,1,4,2,1
4.241666666666666,941.9358173815389,562.2146385250037,3.9976658279368973,1,4,2,1
4.25,941.7083556050532,562.6697311586707,4.023311156516894,1,4,2,1
4.258333333333334,941.228067650783,564.1933811979355,3.9634814227795334,1,4,2,1
4.266666666666667,941.0310839395826,563.7600143967546,3.9857258178747417,1,4,2,1
4.275,941.8641349295038,564.0243785778587,4.028522104625396,1,4,2,1
4.283333333333333,941.9901751248286,563.7341150239232,4.080351891014826,1,4,2,1
4.291666666666667,941.3244102747292,562.5358743779178,3.9879796928989895,1,4,2,1
4.3,940.2032758272845,560.8733342797464,4.000785450880739,1,4,2,1
4.308333333333334,940.6700414066925,559.4217936428172,4.032345616897589,1,4,2,1
4.316666666666666,939.8060024242776,560.310954607862,3.967519867124515,1,4,2,1
4.325,939.1166531667214,560.2436712049243,4.016836150902065,1,4,2,1
4.333333333333333,939.9943520874413,560.4252698465227,4.0350155492439255,1,4,2,1
4.341666666666667,940.0612500951775,560.9912317683102,4.075942887711393,1,4,2,1
4.35,940.161328476933,561.5180343423639,3.9977792400098444,1,4,2,1
4.358333333333333,941.2498384046918,562.2277773080864,3.9941199680776185,1,4,2,1
4.366666666666666,942.0390540687613,562.2830409204314,4.017513922468116,1,4,2,1
4.375,942.6206611170415,561.7938135815529,4.0346500446410545,1,4,2,1
4.383333333333334,941.9523396011666,560.7840176056774,4.047629199628571,1,4,2,1
4.391666666666667,813.5734558664003,535.652719673208,4.063719257317489,1,4,2,1
4.4,815.24765549767,535.0346793450257,4.00437498074817,1,4,2,1
4.408333333333333,942.702875806247,559.5338953358993,4.055509073467937,1,4,2,1
4.416666666666667,941.9219554687313,558.99261782561,4.005477477300303,1,4,2,1
4.425,940.823619032419,559.0863796127023,3.981141901714937,1,4,2,1
4.433333333333334,942.3744702521715,559.1488624124694,4.043307389528809,1,4,2,1
4.441666666666666,943.0102043413059,559.8479354912605,4.023649840391352,1,4,2,1
4.45,943.2100356744864,560.3855489356358,4.044085903425643,1,4,2,1
4.458333333333333,942.5530316917298,560.3297452271911,3.9795828158812485,1,4,2,1
4.466666666666667,942.5645767929449,559.1410747727218,4.070709563854751,1,4,2,1
4.475,944.1238382423492,560.5718850609246,4.00960071710862,1,4,2,1
4.483333333333333,943.489120664137,560.5509335014318,4.040167845509446,1,4,2,1
4.491666666666666,943.5119295012888,561.2527202435664,4.077220624670475,1,4,2,1
4.5,943.5988408562822,559.5797274917113,4.071339044513048,1,4,2,1
4.508333333333334,943.0750741960462,559.4296194220079,4.065178200614387,1,4,2,1
4.516666666666667,941.6002819868213,559.4465103849366,4.0216734435845325,1,4,2,1
4.525,941.4342837785006,559.7360278981619,3.9995473285664733,1,4,2,1
4.533333333333333,941.8138457918251,560.7919425534203,4.03600288594124,1,4,2,1
4.541666666666667,941.242993929786,560.7961996843386,4.034083184444472,1,4,2,1
4.55,942.5424534531428,560.434596955261,4.081151793589626,1,4,2,1
4.558333333333334,941.0273802507263,559.7286092620323,4.045119959868793,1,4,2,1
4.566666666666666,941.3795938327149,560.0006625123299,4.069302477346093,1,4,2,1
4.575,941.8627030770834,561.086920779542,4.117283653864385,1,4,2,1
4.583333333333333,941.760653640934,560.7517833825128,4.089885840690722,1,4,2,1
4.591666666666667,941.7415991908292,561.7072100401731,4.04947589556636,1,4,2,1
4.6,940.8027333112085,561.4239229232888,4.0171713851999655,1,4,2,1
4.608333333333333,938.8136538010767,561.226995274269,4.060048250621237,1,4,2,1
4.616666666666666,938.7112364459267,560.7628051459967,4.039851606102938,1,4,2,1
4.625,937.7380218093107,561.3064926808999,4.0163715465111585,1,4,2,1
4.633333333333334,937.6947284159145,560.7652386776608,4.07115546300746,1,4,2,1
4.641666666666667,939.1204377533462,559.2939492051397,4.080886057743306,1,4,2,1
4.65,938.8345206525245,558.9387251630185,4.023356496250542,1,4,2,1
4.658333333333333,940.2029073032613,558.594293932174,4.097018483507285,1,4,2,1
4.666666666666667,939.9895133639317,559.0303834075146,4.061874945617982,1,4,2,1
4.675,940.1808933980153,559.469074249134,4.038757563005839,1,4,2,1
4.683333333333334,939.9390510788259,558.7814859374242,4.094981765336908,1,4,2,1
4.691666666666666,939.2971222530559,557.8740613754394,4.038678648842438,1,4,2,1
4.7,939.7988004585274,558.4030159948309,4.0561890524048385,1,4,2,1
4.708333333333333,938.7420194000451,557.5379407327528,4.079162932467997,1,4,2,1
4.716666666666667,938.5016224224239,557.5114078930118,4.1218627818854445,1,4,2,1
4.725,938.6087062053905,556.8173186874437,4.002664328686512,1,4,2,1
4.733333333333333,938.5749509833013,556.460488151442,4.066000481079774,1,4,2,1
4.741666666666666,940.0659964365392,557.1877938635532,4.105688522642167,1,4,2,1
4.75,939.0141359145073,556.2646057554914,4.048956540714574,1,4,2,1
4.758333333333334,938.1702766839716,556.22189812286,4.098251632004141,1,4,2,1
4.766666666666667,939.3715150517496,555.1110230390035,4.07341603549517,1,4,2,1
4.775,939.3909136953027,554.3071710672225,4.072967695475135,1,4,2,1
4.783333333333333,940.0692569145726,556.0006631688093,4.046603446799128,1,4,2,1
4.791666666666667,939.0641878216618,556.9290307673092,4.083247204398789,1,4,2,1
4.8,939.6394975929114,557.6155004991472,4.093550249865675,1,4,2,1
4.808333333333334,938.1385677161662,558.0316437023062,4.075706895643805,1,4,2,1
4.816666666666666,937.7874633356992,558.1389546214871,4.094630974207227,1,4,2,1
4.825,939.3873157227985,558.0823040548204,4.091613861928214,1,4,2,1
4.833333333333333,938.0652091286411,557.5732949381397,4.0406411106837385,1,4,2,1
4.841666666666667,938.8551174927964,556.5498396431602,4.043941396194242,1,4,2,1
4.85,938.5005760692168,555.4833323750491,4.087366713100677,1,4,2,1
4.858333333333333,936.679963332668,555.1512408303597,4.136745745573784,1,4,2,1
4.866666666666666,936.5507124768793,554.3523075189744,4.087583117937044,1,4,2,1
4.875,936.6249957998797,555.2609610732294,4.130925706051162,1,4,2,1
4.883333333333334,934.25179526299,556.2312154150696,4.140813569790905,1,4,2,1
4.891666666666667,934.773912614427,555.4809999272908,4.1217286147231755,1,4,2,1
4.9,934.7104413565457,556.1232331857108,4.098750394040876,1,4,2,1
4.908333333333333,934.9518462354853,556.3249198349505,4.129870674954385,1,4,2,1
4.916666666666667,934.8049024162194,555.7702384330977,4.047850149498421,1,4,2,1
4.925,934.7668472231495,555.9322718673208,4.118861257249994,1,4,2,1
4.933333333333334,934.2631226831483,556.5139798281042,4.057449915502006,1,4,2,1
4.941666666666666,932.2840958805729,555.7692810397859,4.072246449720778,1,4,2,1
4.95,931.1777940312697,555.3254731590796,4.120066571843165,1,4,2,1
4.958333333333333,931.5657634140516,556.1096504024208,4.128972728178958,1,4,2,1
4.966666666666667,933.0532506045648,556.2226133483766,4.076901466689537,1,4,2,1
4.975,933.3153057026833,555.7566781929133,4.111389228785239,1,4,2,1
4.983333333333333,932.349534572037,555.916433220414,4.122618256505931,1,4,2,1
4.991666666666666,932.437095318367,555.5169207074974,4.086410830312218,1,4,2,1
5.0,932.3610888260592,555.2547739491818,4.10482474417603,1,4,2,1
5.008333333333334,933.1123059588309,555.4572898923515,4.06696563984302,1,4,2,1
5.016666666666667,933.3016530145744,555.5600778263157,4.06560279521968,1,4,2,1
5.025,931.7142289843184,554.6647040186986,4.1489891889459285,1,4,2,1
5.033333333333333,931.7006159744785,555.18462932897,4.109281526614985,1,4,2,1
5.041666666666667,931.1986701084162,555.9661700608442,4.091291311415979,1,4,2,1
5.05,930.0438746318998,555.9629932296134,4.049520843142446,1,4,2,1
5.058333333333334,931.3732134482141,555.1225659082245,4.091276287175073,1,4,2,1
5.066666666666666,930.7061837414676,555.7750306419175,4.1187652402964545,1,4,2,1
5.075,930.1648359470804,557.3523460784511,4.16334028043395,1,4,2,1
5.083333333333333,929.3315835521424,557.0340429717276,4.096225815809145,1,4,2,1
5.091666666666667,928.9131532399769,557.2537346989362,4.106841927491224,1,4,2,1
5.1,929.0541258062688,557.8004786886494,4.0541986428289425,1,4,2,1
5.108333333333333,929.1359201446364,558.61463181835,4.108630099388602,1,4,2,1
5.116666666666666,930.6282387257811,560.4983871457574,4.074601381714586,1,4,2,1
5.125,931.679176417932,561.0532709393925,4.103492136014616,1,4,2,1
5.133333333333334,931.4072421541475,560.5600226511111,4.157564340035084,1,4,2,1
5.141666666666667,932.0378449770193,560.2203833694765,4.11755808507189,1,4,2,1
5.15,933.4953309884625,560.2497917554514,4.087121814507182,1,4,2,1
5.158333333333333,931.9109354146592,558.8999255316718,4.148856004005063,1,4,2,1
5.166666666666667,931.20413502309,558.4376788472207,4.128480994759465,1,4,2,1
5.175,931.6446037061904,558.863793557463,4.131741648517782,1,4,2,1
5.183333333333334,931.1143773245333,558.6624655779553,4.173543704500869,1,4,2,1
5.191666666666666,930.8266269151158,559.0165800221405,4.079567510781039,1,4,2,1
5.2,928.993392994298,558.4325474913444,4.102156451007807,1,4,2,1
5.208333333333333,928.9493816876827,558.3013537442642,4.142685354027358,1,4,2,1
5.216666666666667,929.9123060250213,557.2878226009699,4.140597864918604,1,4,2,1
5.225,930.346298754341,557.8291840046699,4.096925515990987,1,4,2,1
5.233333333333333,862.2866342300663,615.1264477853424,4.0657432362322465,1,4,2,1
5.241666666666666,863.2754423703751,615.0624702650948,4.152043553416485,1,4,2,1
5.25,933.2588737739013,558.0107936991591,4.125213643896451,1,4,2,1
5.258333333333334,932.5681911881039,558.2620224316755,4.070099684603473,1,4,2,1
5.266666666666667,932.5366655899952,558.9850115590887,4.162989152832117,1,4,2,1
5.275,932.784754209576,558.6392046799118,4.16560251101955,1,4,2,1
5.283333333333333,932.5617085009071,558.0410743516455,4.144641122157923,1,4,2,1
5.291666666666667,933.2670409832834,559.2493958800404,4.130139685565278,1,4,2,1
5.3,933.3364700099236,558.5342932898675,4.132313447518713,1,4,2,1
5.308333333333334,932.6746959691134,557.5231239843898,4.151583295304315,1,4,2,1
5.316666666666666,932.2815719440939,557.3126945885087,4.140583435312697,1,4,2,1
5.325,952.1298708247343,386.80258866552526,4.153948782161923,1,4,2,1
5.333333333333333,952.9307347717482,386.54723286581316,4.138634270694678,1,4,2,1
5.341666666666667,932.3634447324843,554.6521828040183,4.18951573098227,1,4,2,1
5.35,931.6967024167373,555.8866590223588,4.111206560158258,1,4,2,1
5.358333333333333,931.7892486532886,554.8972164178126,4.141553290229592,1,4,2,1
5.366666666666666,932.6852794928761,554.8699262073103,4.125877921620338,1,4,2,1
5.375,932.7175982326995,554.3204737691948,4.113452467233834,1,4,2,1
5.383333333333334,932.2517776919246,554.650456637115,4.160109343018246,1,4,2,1
5.391666666666667,933.7779527194975,554.6780648832038,4.163606692282869,1,4,2,1
5.4,934.6844453000411,556.1788377654339,4.142848336694203,1,4,2,1
5.408333333333333,935.738930233339,555.9226512085135,4.131373582379857,1,4,2,1
5.416666666666667,936.6225936015513,556.096663249678,4.139467448891673,1,4,2,1
5.425,936.4919790684451,556.1475626331498,4.133595702371148,1,4,2,1
5.433333333333334,935.5000470353456,556.326691403258,4.123138080111975,1,4,2,1
5.441666666666666,935.8342945991775,557.4636937349153,4.205405520139944,1,4,2,1
5.45,934.3354216568149,558.5126151984372,4.180007420986045,1,4,2,1
5.458333333333333,934.3512589616563,558.0325501257759,4.154070798418983,1,4,2,1
5.466666666666667,934.0777545219673,557.7584076900274,4.14888088268126,1,4,2,1
5.475,936.0336156855799,557.7936600581273,4.195216194208816,1,4,2,1
5.483333333333333,935.1334039171497,558.4997243990422,4.196007018343925,1,4,2,1
5.491666666666666,934.5924988280088,558.5739537803676,4.1664826543431595,1,4,2,1
5.5,934.6929886563024,558.4130943067368,4.218688113102515,1,4,2,1
5.508333333333334,933.2368467193891,559.7241862772319,4.1327515952013565,1,4,2,1
5.516666666666667,933.0714399159041,559.5375811990659,4.179268805069956,1,4,2,1
5.525,933.4118926410534,559.9269966700309,4.186451002801815,1,4,2,1
5.533333333333333,933.4039229578384,561.7873414771578,4.224899153433585,1,4,2,1
5.541666666666667,933.3089457260955,563.1403866078572,4.208130897450861,1,4,2,1
5.55,933.2561198996582,562.0988090369359,4.20885352264835,1,4,2,1
5.558333333333334,932.5802125253008,562.9833842060608,4.206529863598322,1,4,2,1
5.566666666666666,933.109698075789,562.6870744236953,4.252269998568704,1,4,2,1
5.575,932.7069590779885,563.5119018946094,4.2140554442268785,1,4,2,1
5.583333333333333,933.1262159290568,564.2836714189489,4.257277019150371,1,4,2,1
5.591666666666667,932.9245978119933,563.8129446209272,4.275673315205676,1,4,2,1
5.6,933.4800754695507,563.2760223444858,4.25858674408576,1,4,2,1
5.608333333333333,933.0437341473412,562.7456317122118,4.311439992031197,1,4,2,1
5.616666666666666,933.4616990875329,561.577576118914,4.298888085502015,1,4,2,1
5.625,934.0056173783175,560.6583414957494,4.308674060549982,1,4,2,1
5.633333333333334,933.3608167808434,561.3597286831273,4.3285151618076485,1,4,2,1
5.641666666666667,934.4808114641882,561.7106674834106,4.255962608848632,1,4,2,1
5.65,,,,0,4,2,1
5.658333333333333,,,,0,4,2,1
5.666666666666667,,,,0,4,2,1
5.675,,,,0,4,2,1
5.683333333333334,,,,0,4,2,1
5.691666666666666,,,,0,4,2,1
5.7,,,,0,4,2,1
5.708333333333333,,,,0,4,2,1
5.716666666666667,,,,0,4,2,1
5.725,,,,0,4,2,1
5.733333333333333,,,,0,4,2,1
5.741666666666666,,,,0,4,2,1
5.75,,,,0,4,2,1
5.758333333333334,,,,0,4,2,1
5.766666666666667,,,,0,4,2,1
5.775,,,,0,4,2,1
5.783333333333333,,,,0,4,2,1
5.791666666666667,,,,0,4,2,1
5.8,,,,0,4,2,1
5.808333333333334,,,,0,4,2,1
5.816666666666666,933.0578904623962,565.2803631004882,4.302520994828064,1,4,2,1
5.825,933.3103058601545,565.0144315172934,4.280533357398908,1,4,2,1
5.833333333333333,933.5850957046541,565.0043900400434,4.331718896225372,1,4,2,1
5.841666666666667,933.0244850496639,564.3067193761917,4.29610422577345,1,4,2,1
5.85,933.4411423144878,563.1422482587625,4.254330162229056,1,4,2,1
5.858333333333333,933.6010087491618,564.0890448131584,4.2720989766828525,1,4,2,1
5.866666666666666,934.9547563056693,564.2866875191684,4.278463504092762,1,4,2,1
5.875,935.0984254948063,564.3784449776459,4.270786420365752,1,4,2,1
5.883333333333334,934.8769733762587,564.8193983451755,4.22019007351705,1,4,2,1
5.891666666666667,933.6640621412957,564.3629829112843,4.2501574137501255,1,4,2,1
5.9,933.5409708758365,563.1504375048445,4.191494458339974,1,4,2,1
5.908333333333333,931.9933305614854,564.0196463274322,4.249471423472156,1,4,2,1
5.916666666666667,933.1107004457815,563.9144228280163,4.209539503899196,1,4,2,1
5.925,933.8328551481909,564.5949019013151,4.236508911488236,1,4,2,1
5.933333333333334,933.2454189559105,564.0356813926185,4.179564821389257,1,4,2,1
5.941666666666666,932.5980715136985,565.8054438689343,4.22702849140465,1,4,2,1
5.95,931.703892232719,566.1809632369407,4.178714156128248,1,4,2,1
5.958333333333333,931.5678206707138,566.252863158496,4.258861653474002,1,4,2,1
5.966666666666667,932.1150621469336,566.8023082790291,4.215168052579085,1,4,2,1
5.975,932.4684990051982,566.5409113923594,4.187787559578263,1,4,2,1
5.983333333333333,933.1230194481833,567.040709683562,4.132163744360069,1,4,2,1
5.991666666666666,933.7844801170659,567.9301832053684,4.18906217389334,1,4,2,1
6.0,933.0702184830487,567.8944009476297,4.198084162152711,1,4,2,1
6.008333333333334,933.3360321513991,567.2399751247924,4.231890288666512,1,4,2,1
6.016666666666667,933.3417300343584,566.8659943962602,4.205427486990095,1,4,2,1
6.025,932.7323386050605,566.8588881165975,4.173778061214749,1,4,2,1
6.033333333333333,933.7367743822208,566.9397647747072,4.203100426098842,1,4,2,1
6.041666666666667,933.2099929088612,567.4552508832984,4.214024949944844,1,4,2,1
6.05,934.1836575360562,567.222028585732,4.197359783896866,1,4,2,1
6.058333333333334,933.8766946105585,567.880040321996,4.178187494852829,1,4,2,1
6.066666666666666,934.0731654565354,567.3556276555187,4.1452615421662715,1,4,2,1
6.075,933.8577000284566,567.1403347528576,4.154737968532778,1,4,2,1
6.083333333333333,931.8689972516302,566.8747198066718,4.203819047969137,1,4,2,1
6.091666666666667,931.2445030478374,567.1012347733748,4.231956571631789,1,4,2,1
6.1,931.4442084358346,566.3529361573026,4.177459595272943,1,4,2,1
6.108333333333333,932.2670363146957,566.0842416871458,4.145544110306172,1,4,2,1
6.116666666666666,932.501199901679,564.8961862142007,4.140361872038502,1,4,2,1
6.125,932.0970010093058,565.339477882917,4.203957796435728,1,4,2,1
6.133333333333334,933.598198611485,566.2813826672716,4.266502690309735,1,4,2,1
6.141666666666667,933.8503446796918,566.7033031804451,4.219587208684557,1,4,2,1
6.15,933.3685995901191,567.6297896020455,4.207529468368173,1,4,2,1
6.158333333333333,932.7664610755589,568.9162468161654,4.150719941150575,1,4,2,1
6.166666666666667,933.3401864254265,568.844083532162,4.177108287897242,1,4,2,1
6.175,934.7347459827669,568.4609387672888,4.174272540045762,1,4,2,1
6.183333333333334,935.5558269324745,567.2948311852962,4.176946390450681,1,4,2,1
6.191666666666666,935.0737585251243,567.1268894337617,4.1682457875858425,1,4,2,1
6.2,935.8821483524773,568.0684109000038,4.161773728677404,1,4,2,1
6.208333333333333,934.3031373646538,567.7856224549489,4.174965308150811,1,4,2,1
6.216666666666667,933.1901178233591,566.897456077688,4.216512692662913,1,4,2,1
6.225,931.7939845713386,568.0686129824933,4.190307431467907,1,4,2,1
6.233333333333333,932.6837737298007,568.2470705075841,4.197576153455435,1,4,2,1
6.241666666666666,933.7150683616858,568.6425738022531,4.200442316399524,1,4,2,1
6.25,932.8983624799123,568.9597149924912,4.215374723744217,1,4,2,1
6.258333333333334,933.2955481961276,568.2273569407589,4.232245278598091,1,4,2,1
6.266666666666667,932.246740358175,567.1695218845791,4.161095616519791,1,4,2,1
6.275,931.5554338331306,567.5976939828488,4.232374574365842,1,4,2,1
6.283333333333333,931.7130020848657,566.6995596446461,4.162911352366675,1,4,2,1
6.291666666666667,931.2225450547318,566.988230837111,4.181630911709266,1,4,2,1
6.3,931.1248951301096,567.9118466406022,4.1516671899204685,1,4,2,1
6.308333333333334,930.5820208359088,567.7618171905789,4.210719593691033,1,4,2,1
6.316666666666666,930.7663097952757,567.8481963846879,4.1915572360428,1,4,2,1
6.325,930.543037310351,566.9756051933349,4.179009717519278,1,4,2,1
6.333333333333333,930.3996248655434,566.6234840270992,4.1995866131793465,1,4,2,1
6.341666666666667,930.6628818970323,566.5489503240785,4.185844705731424,1,4,2,1
6.35,930.5325258405325,566.8146881828941,4.217824431430198,1,4,2,1
6.358333333333333,929.610719604212,565.9626029933244,4.176267655225939,1,4,2,1
6.366666666666666,930.3315529712572,566.3933326018281,4.200230082062386,1,4,2,1
6.375,930.9892564280376,567.3121469225513,4.170336004519879,1,4,2,1
6.383333333333334,930.9894325081445,566.5459233510205,4.170887153562484,1,4,2,1
6.391666666666667,930.969267064084,565.9671654371474,4.201462963974536,1,4,2,1
6.4,930.943338029274,566.839636115416,4.152471417620736,1,4,2,1
6.408333333333333,930.1634072908331,566.7507267313981,4.190545433214476,1,4,2,1
6.416666666666667,930.1757098337348,566.6562078967568,4.182847619387134,1,4,2,1
6.425,931.3233731962358,566.8459829869159,4.2427129116422435,1,4,2,1
6.433333333333334,930.5596940624198,566.6336202528068,4.236305812452311,1,4,2,1
6.441666666666666,931.2712324063566,565.7129626501588,4.222452651808072,1,4,2,1
6.45,930.5750858722142,565.862572274208,4.220309307241957,1,4,2,1
6.458333333333333,930.2827310413833,566.3062586127944,4.194472851018727,1,4,2,1
6.466666666666667,930.5441350605229,565.9387903101457,4.180984633883341,1,4,2,1
6.475,929.8394512433508,566.3086084967338,4.1723830365903085,1,4,2,1
6.483333333333333,929.9929532655694,566.6039523256543,4.131913160141767,1,4,2,1
6.491666666666666,930.5425634196655,566.6022824117128,4.183713888352907,1,4,2,1
6.5,929.9386502185213,567.1750522887139,4.151315772169696,1,4,2,1
6.508333333333334,929.1867013330667,567.6654535355716,4.161737257700628,1,4,2,1
6.516666666666667,928.8147524625738,567.6655729814025,4.185061997356908,1,4,2,1
6.525,930.0684152639361,568.1461577925803,4.171156155352928,1,4,2,1
6.533333333333333,931.0430287203607,568.9135897262329,4.213579548851707,1,4,2,1
6.541666666666667,931.2415044178591,568.1844428553994,4.187768076214341,1,4,2,1
6.55,931.7056814930143,567.9817280160552,4.210611177141622,1,4,2,1
6.558333333333334,930.9805105092162,568.3399079788429,4.229759886906263,1,4,2,1
6.566666666666666,929.4711008880454,567.7465748193438,4.209813136777955,1,4,2,1
6.575,927.9518637807474,567.1470873587467,4.228087114141846,1,4,2,1
6.583333333333333,927.4106665692174,566.5980041386564,4.202405833383702,1,4,2,1
6.591666666666667,926.1423117245131,567.0670886062812,4.183932267819002,1,4,2,1
6.6,926.6914762695344,567.7906811868395,4.1921710858888215,1,4,2,1
6.608333333333333,925.1979940396438,567.7331022777348,4.2243292065514275,1,4,2,1
6.616666666666666,925.957504691107,567.9498821831519,4.208912158293135,1,4,2,1
6.625,925.5144522616239,567.0880440032593,4.234814123615005,1,4,2,1
6.633333333333334,926.1475147649111,568.4258405598422,4.182187679242626,1,4,2,1
6.641666666666667,923.6357924073804,568.5111065095577,4.159968036650175,1,4,2,1
6.65,923.0011430090567,569.3450467404357,4.158647980530904,1,4,2,1
6.658333333333333,922.5071123086511,569.1658155470066,4.19772903591348,1,4,2,1
6.666666666666667,922.6350419406715,569.5527283342982,4.196156396121904,1,4,2,1
6.675,921.9822045775852,568.9966988595774,4.1382778920580225,1,4,2,1
6.683333333333334,921.636982003948,569.2174950834185,4.173394260215841,1,4,2,1
6.691666666666666,921.4364186060395,570.8153746177964,4.145114664362876,1,4,2,1
6.7,922.4674257531714,570.5752862544035,4.200944161884569,1,4,2,1
6.708333333333333,921.2767216943643,571.153050312324,4.233115624836198,1,4,2,1
6.716666666666667,921.453316915159,570.9903195786329,4.205840159298987,1,4,2,1
6.725,923.3723508776243,572.6506462162597,4.169847296060113,1,4,2,1
6.733333333333333,922.910823960282,572.4503403534185,4.19195857967052,1,4,2,1
6.741666666666666,922.8635914636017,573.5479284926028,4.21008487196749,1,4,2,1
6.75,923.2039892048882,572.485544436963,4.190922398102927,1,4,2,1
6.758333333333334,923.5129193412974,571.9226739885255,4.255738727355409,1,4,2,1
6.766666666666667,923.3232179657459,572.021883943387,4.1607450678590645,1,4,2,1
6.775,922.9067488658858,572.3050989292295,4.200442145611798,1,4,2,1
6.783333333333333,924.2909677836698,572.0276700275235,4.182862833821996,1,4,2,1
6.791666666666667,924.0266246397894,571.5140911383743,4.20825790055053,1,4,2,1
6.8,923.8092642251754,571.1934982786406,4.1975004032861145,1,4,2,1
6.808333333333334,923.044692110077,570.9931955990447,4.194214927447804,1,4,2,1
6.816666666666666,921.5529084778678,571.685879949715,4.1227922985618894,1,4,2,1
6.825,923.7165820819755,572.7689137105871,4.221816360988106,1,4,2,1
6.833333333333333,926.4836867201291,573.4257838196788,4.177289226316923,1,4,2,1
6.841666666666667,1619.2548250030595,454.9177465549839,4.184923858269208,1,4,2,1
6.85,1618.0001854212383,456.20253199027417,4.1643968069315465,1,4,2,1
6.858333333333333,926.6031695963908,575.6989920043143,4.192071006635266,1,4,2,1
6.866666666666666,926.7984085841641,574.059676822416,4.200511753803081,1,4,2,1
6.875,926.2349941526518,573.8011931243889,4.1182336170578795,1,4,2,1
6.883333333333334,925.255584618288,573.9887213113625,4.159511855353524,1,4,2,1
6.891666666666667,924.5788402666818,575.2322825844193,4.194340259281971,1,4,2,1
6.9,924.3837130321401,575.9031135015595,4.191616877911232,1,4,2,1
6.908333333333333,923.8989344679179,575.274712674412,4.17511683280506,1,4,2,1
6.916666666666667,924.3258468536847,575.9166140372591,4.19163108262897,1,4,2,1
6.925,923.3205848291198,576.5656188592131,4.194159375271727,1,4,2,1
6.933333333333334,922.9652309985853,576.7730984563605,4.158668983363274,1,4,2,1
6.941666666666666,923.1347826199183,577.0854879544645,4.182166351209737,1,4,2,1
6.95,924.4226301318876,577.4249643823069,4.168250059836484,1,4,2,1
6.958333333333333,924.8449835129143,578.4022554509133,4.173759863077644,1,4,2,1
6.966666666666667,924.6274959786515,578.1651921990356,4.1182267416130065,1,4,2,1
6.975,924.5946083621595,578.4081178035052,4.198799934897383,1,4,2,1
6.983333333333333,925.1154955452116,580.1916141649692,4.209765412377675,1,4,2,1
6.991666666666666,924.8210774162753,579.3955931418207,4.160660496478517,1,4,2,1
7.0,925.0485427578622,579.0379021943784,4.163942121374168,1,4,2,1
7.008333333333334,924.6722707381545,580.2759625258973,4.090949285218902,1,4,2,1
7.016666666666667,923.8922937619167,580.8419199909108,4.187714142574307,1,4,2,1
7.025,925.5423844276673,580.6630416620108,4.096750572393212,1,4,2,1
7.033333333333333,924.9729941271224,581.49477251761,4.147696996237095,1,4,2,1
7.041666666666667,924.784492453108,580.9682222802155,4.13638615657704,1,4,2,1
7.05,923.5090282744501,580.5483548045423,4.153300305825892,1,4,2,1
7.058333333333334,923.7444862874356,580.341716042654,4.121477190468929,1,4,2,1
7.066666666666666,924.037740296567,578.7451754242535,4.1259443790856825,1,4,2,1
7.075,924.2185860704592,578.750643880328,4.148945303448173,1,4,2,1
7.083333333333333,923.3256385610044,577.357959369612,4.111850879221499,1,4,2,1
7.091666666666667,924.8912390031521,576.9322079802298,4.210964678767649,1,4,2,1
7.1,924.9902913759363,576.1835356426559,4.16630977379752,1,4,2,1
7.108333333333333,924.045377852686,575.991393708001,4.1821906991667515,1,4,2,1
7.116666666666666,923.9276775508919,576.827613998327,4.149346805838228,1,4,2,1
7.125,923.9507926501199,577.4940232076109,4.050601414216848,1,4,2,1
7.133333333333334,923.9805448351874,576.9438421942547,4.16800821310458,1,4,2,1
7.141666666666667,925.3919858160433,576.2291698741712,4.170121709541234,1,4,2,1
7.15,925.5017184747575,576.1910890095577,4.170802782339414,1,4,2,1
7.158333333333333,925.2643654801011,576.615463713091,4.143726320519443,1,4,2,1
7.166666666666667,926.2396756259355,576.3914404791334,4.113653690414148,1,4,2,1
7.175,926.8060632639564,577.307213193005,4.161630606411837,1,4,2,1
7.183333333333334,928.5033430049472,577.0125937015043,4.109711553980521,1,4,2,1
7.191666666666666,926.5158078356618,576.575221483808,4.131037949643836,1,4,2,1
7.2,928.0358510828028,578.1932893071237,4.099762429007641,1,4,2,1
7.208333333333333,928.925507727236,578.2388399553346,4.1535947833052305,1,4,2,1
7.216666666666667,930.6308548924784,578.1508267502497,4.139811988254128,1,4,2,1
7.225,929.324743029053,577.6146242979461,4.183411807781767,1,4,2,1
7.233333333333333,929.6495031354303,577.1460642201808,4.134591908819533,1,4,2,1
7.241666666666666,932.1001556407347,575.7620901354678,4.1239979703335194,1,4,2,1
7.25,932.3043962239329,574.367596704629,4.100526426865544,1,4,2,1
7.258333333333334,933.4300997043558,574.6916565727897,4.115206139914585,1,4,2,1
7.266666666666667,933.1907978750802,575.2396199928277,4.1359446600533705,1,4,2,1
7.275,931.5326377672474,573.8446746509825,4.06602982444844,1,4,2,1
7.283333333333333,933.5024997704089,573.0437463802679,4.120291433012917,1,4,2,1
7.291666666666667,933.847881096735,573.356512118506,4.130553262384832,1,4,2,1
7.3,933.5766874343068,573.4527545712216,4.114491513634477,1,4,2,1
7.308333333333334,934.7119761697071,574.217120020118,4.082247744679455,1,4,2,1
7.316666666666666,934.4005922904931,575.6244959062714,4.058376843006184,1,4,2,1
7.325,933.9744869431448,576.7377819515233,4.1400060596948824,1,4,2,1
7.333333333333333,935.4443033208216,576.9449716364265,4.105045941492753,1,4,2,1
7.341666666666667,1571.4777386775559,625.6152816138801,4.134522657091775,1,4,2,1
7.35,1571.3804283917539,625.0420064173047,4.099013943878501,1,4,2,1
7.358333333333333,936.7398495242487,577.8392377248199,4.105890081402006,1,4,2,1
7.366666666666666,937.5989334617256,576.1104442010202,4.084642698247554,1,4,2,1
7.375,938.3462162739773,574.9743772919746,4.133954908914816,1,4,2,1
7.383333333333334,937.9628799431694,574.9165054331194,4.103740669027344,1,4,2,1
7.391666666666667,937.5999584492827,573.8562088633937,4.115545928114329,1,4,2,1
7.4,937.4870209706498,572.1997428044493,4.147683834556238,1,4,2,1
7.408333333333333,938.3378038616893,571.4438664172148,4.1307609977072355,1,4,2,1
7.416666666666667,937.4991209384985,572.7223115196067,4.1360116012435935,1,4,2,1
7.425,937.5076361648953,572.058466632725,4.0859876609713375,1,4,2,1
7.433333333333334,936.7662198224681,571.1109624331048,4.160414551043126,1,4,2,1
7.441666666666666,935.9064309077578,571.8193242346043,4.080078148078685,1,4,2,1
7.45,936.3747735997451,572.7908849051573,4.129862958270159,1,4,2,1
7.458333333333333,935.9383239918759,574.0976554623884,4.096481594285485,1,4,2,1
7.466666666666667,937.5501240931943,574.9319737813622,4.097227919282748,1,4,2,1
7.475,937.0829966869403,575.8151460895309,4.093649541496351,1,4,2,1
7.483333333333333,936.0386312619935,575.6256557127847,4.098878477965608,1,4,2,1
7.491666666666666,936.9769192810878,575.986714049109,4.063299572431506,1,4,2,1
7.5,937.5253202344957,575.0101887125809,4.0538560842056475,1,4,2,1
7.508333333333334,936.821002653018,575.9417260786234,4.120471765166651,1,4,2,1
7.516666666666667,936.5047708624903,574.7014267941465,4.149100265085648,1,4,2,1
7.525,936.8470959496541,573.9697259753534,4.137280018088401,1,4,2,1
7.533333333333333,936.4061166009112,573.957988598672,4.080730448627397,1,4,2,1
7.541666666666667,936.1798436007165,574.8527417430706,4.100971687573258,1,4,2,1
7.55,936.3572637732988,575.5629871916071,4.06794217217972,1,4,2,1
7.558333333333334,936.8852459895729,577.0746479842804,4.0555984881498865,1,4,2,1
7.566666666666666,937.0380230490106,576.9667800563182,4.076757802924537,1,4,2,1
7.575,936.5203838740867,576.9517660034297,4.07459275203469,1,4,2,1
7.583333333333333,936.80057043999,578.1282530153857,4.115497125930118,1,4,2,1
7.591666666666667,935.8371874853444,577.9307905204428,4.101267222815552,1,4,2,1
7.6,934.5911895851339,577.3285976942167,4.028491287854689,1,4,2,1
7.608333333333333,935.2497921544016,578.3066067074056,4.097846840852782,1,4,2,1
7.616666666666666,936.0882131147904,579.2791843101544,4.0816590539943585,1,4,2,1
7.625,936.3078126775703,579.8643279334442,4.2074062585400185,1,4,2,1
7.633333333333334,935.9200531262962,580.0104959008223,4.061752109179059,1,4,2,1
7.641666666666667,936.0546097159453,578.8526350637995,4.090614728893896,1,4,2,1
7.65,935.3679050648607,579.0977016392497,4.105251209356103,1,4,2,1
7.658333333333333,935.7611487036039,578.9089179342435,4.098356332894289,1,4,2,1
7.666666666666667,934.2461964463123,579.8562483705272,4.09416599919379,1,4,2,1
7.675,934.4962699440622,581.4857732120929,4.045253117753074,1,4,2,1
7.683333333333334,934.2124424257256,580.8411893803657,4.062936773342791,1,4,2,1
7.691666666666666,934.9115576257085,582.4605801738851,4.087602898144171,1,4,2,1
7.7,934.136160662359,581.6842658829327,4.110992457748091,1,4,2,1
7.708333333333333,934.0555888609124,582.7808933025382,4.047815048451112,1,4,2,1
7.716666666666667,934.5478489917518,582.7646627665752,4.091612009765756,1,4,2,1
7.725,935.1410496887937,583.5999740219605,4.087856926028651,1,4,2,1
7.733333333333333,936.1928139463794,582.9110961592634,4.0922230832211905,1,4,2,1
7.741666666666666,936.2743264585037,583.3831362473046,4.062949684355462,1,4,2,1
7.75,936.7409922299952,583.3841402107284,4.061292573400675,1,4,2,1
7.758333333333334,938.0678798733309,582.590233284684,4.083339281799765,1,4,2,1
7.766666666666667,937.1106142346504,581.446488934469,4.108393627146833,1,4,2,1
7.775,937.5311374077118,581.2422483092898,4.043575576167573,1,4,2,1
7.783333333333333,938.0765088157129,581.7401377365004,4.080445575596242,1,4,2,1
7.791666666666667,938.6953243693663,581.3097545352583,4.023212052981333,1,4,2,1
7.8,938.9704695409481,580.3797615030677,4.075348843177034,1,4,2,1
7.808333333333334,939.972989375841,580.8043912874085,4.040170360771491,1,4,2,1
7.816666666666666,938.2860734771324,581.1635009352759,4.053676372630875,1,4,2,1
7.825,938.8466549648356,580.5320750144034,4.025045196072628,1,4,2,1
7.833333333333333,938.5538890919339,581.0922158946814,4.105274150927162,1,4,2,1
7.841666666666667,938.8007923466631,580.8364213351886,4.114855224739862,1,4,2,1
7.85,939.2319936902675,581.2539075547189,4.0975036227476895,1,4,2,1
7.858333333333333,940.920198779118,582.3249853592499,4.043677311895826,1,4,2,1
7.866666666666666,940.5926192504161,581.0945720977392,4.039710706066133,1,4,2,1
7.875,940.0023857772093,581.7223037747493,4.1197272194693415,1,4,2,1
7.883333333333334,941.83966817697,581.2323020638999,4.021552945308168,1,4,2,1
7.891666666666667,940.7979793216942,582.132633995158,4.04591570052608,1,4,2,1
7.9,942.900394254165,581.9720694898514,4.0318594982937555,1,4,2,1
7.908333333333333,943.0030781332486,582.1271728676433,4.064796851031661,1,4,2,1
7.916666666666667,943.8375233650212,582.6663708381261,4.082048146954418,1,4,2,1
7.925,943.0178321872461,580.751997182541,4.028530562727871,1,4,2,1
7.933333333333334,942.6094990035317,579.3340039199902,4.060783603601847,1,4,2,1
7.941666666666666,941.878923603444,579.397288614371,4.079365953110427,1,4,2,1
7.95,941.5612280781733,578.6990252753203,4.096365463799983,1,4,2,1
7.958333333333333,942.2347063556476,578.8180364185863,4.073622594088621,1,4,2,1
7.966666666666667,942.9147262008025,578.9357202682344,4.020787400433877,1,4,2,1
7.975,943.4021054699662,578.4436133074689,4.099517236019233,1,4,2,1
7.983333333333333,942.9034761237521,579.6552600001413,3.9972926643191307,1,4,2,1
7.991666666666666,941.8360161937426,579.1007557062826,4.06679466842172,1,4,2,1
8.0,941.6761016273033,578.711946148838,4.031084449066307,1,4,2,1
8.008333333333333,941.8757781735547,577.0837845124561,4.053822389345467,1,4,2,1
8.016666666666667,941.5918524905518,576.8256058458846,4.058800953115211,1,4,2,1
8.025,941.1372636815713,577.2471557720395,4.022225819285597,1,4,2,1
8.033333333333333,941.7380711449392,577.0363351955208,4.071028510982808,1,4,2,1
8.041666666666666,942.8962766588612,577.3623572566074,4.0337802757321395,1,4,2,1
8.05,941.042221659706,576.5367902830411,4.024544764651188,1,4,2,1
8.058333333333334,941.1528248334732,577.3133389780503,4.047107973391863,1,4,2,1
8.066666666666666,940.0344254880532,576.3024322443911,4.0226281954745415,1,4,2,1
8.075,941.00220209073,576.6491026208785,3.979297466040873,1,4,2,1
8.083333333333334,941.0463379281989,576.3764953201973,4.115721979953672,1,4,2,1
8.091666666666667,940.3900403303139,577.4724777670389,4.051094724502266,1,4,2,1
8.1,940.0393290689784,576.9064416237676,3.979244138255817,1,4,2,1
8.108333333333333,939.6495097521057,577.1077542929804,4.0920225425774985,1,4,2,1
8.116666666666667,939.151377292241,576.688731760006,4.054681894749881,1,4,2,1
8.125,939.3965867503612,577.8517091096209,4.0488092063562275,1,4,2,1
8.133333333333333,937.8309055594032,578.6358163849097,3.975007449986858,1,4,2,1
8.141666666666667,937.7680962119757,578.649590819615,3.99146989226504,1,4,2,1
8.15,938.0036282286071,578.1695832636159,4.061744947792826,1,4,2,1
8.158333333333333,939.1719261854092,577.4628409030471,4.043117718021968,1,4,2,1
8.166666666666666,939.7488269779267,577.5440281163093,3.9742967100847526,1,4,2,1
8.175,939.3492632027551,577.6447146508009,4.058782084700578,1,4,2,1
8.183333333333334,940.3817204348439,577.0027030291964,4.029089096911767,1,4,2,1
8.191666666666666,940.5785139751249,577.2383994842164,3.981967704560665,1,4,2,1
8.2,781.3899922289683,526.2606974815226,4.0498086163714415,1,4,2,1
8.208333333333334,780.3291396780594,526.6525343466549,4.022512524237284,1,4,2,1
8.216666666666667,941.1722896324766,579.268699798101,4.043983258590567,1,4,2,1
8.225,941.6379793831861,581.0343165272753,4.005107993395328,1,4,2,1
8.233333333333333,943.6315048203693,579.4331073757556,4.072663281203812,1,4,2,1
8.241666666666667,944.2094215044565,580.5238623799197,4.012095648094877,1,4,2,1
8.25,943.3960169984636,580.7031714031198,4.029340866902579,1,4,2,1
8.258333333333333,943.0917734018789,581.4589506145174,3.997961827219987,1,4,2,1
8.266666666666667,942.3828985902584,581.4928831965547,4.055990647574321,1,4,2,1
8.275,942.7583522711639,581.5964191632233,4.000685532540871,1,4,2,1
8.283333333333333,942.8122561996865,582.0760248074735,3.9711787998865433,1,4,2,1
8.291666666666666,943.1623304262685,580.4445903489027,3.9845312212573987,1,4,2,1
8.3,943.5579325601257,580.0151592949255,3.9672258043179083,1,4,2,1
8.308333333333334,942.1961791266458,579.4449729151581,3.998945747892829,1,4,2,1
8.316666666666666,943.2584907116965,578.397761586933,4.039280831253767,1,4,2,1
8.325,943.9522263401963,578.5082496839101,4.005111077986811,1,4,2,1
8.333333333333334,942.2860630759974,578.46261839388,3.98242144126359,1,4,2,1
8.341666666666667,942.5192365963445,578.5381987633637,4.038269345155528,1,4,2,1
8.35,942.9650953538102,578.0593515981191,4.046416523767666,1,4,2,1
8.358333333333333,942.641290763983,577.9920468899895,3.9852882513701644,1,4,2,1
8.366666666666667,941.4748575988128,576.678801818098,4.042072096041822,1,4,2,1
8.375,941.0758307189066,578.0182943731663,4.032913092439971,1,4,2,1
8.383333333333333,942.024935521045,576.9677485728306,3.9609243684215016,1,4,2,1
8.391666666666667,942.3442572578863,577.4080635446261,3.998536975469993,1,4,2,1
8.4,941.5848310188422,578.1718967631102,4.010164159972137,1,4,2,1
8.408333333333333,942.3137555914439,579.0511696315516,3.9636362510842233,1,4,2,1
8.416666666666666,941.7851389582722,579.8889227519783,4.015686233630217,1,4,2,1
8.425,941.8565810533005,580.2879414891343,4.034333476089134,1,4,2,1
8.433333333333334,941.060128516766,581.6413677129235,4.060468867932499,1,4,2,1
8.441666666666666,941.028008122307,581.5535278114398,4.00934855098842,1,4,2,1
8.45,940.8989595896128,581.9974744295259,3.98861815876858,1,4,2,1
8.458333333333334,939.7767240874165,581.9611222708655,3.9659182028681412,1,4,2,1
8.466666666666667,940.3062715954783,581.1226237584012,4.000307666842377,1,4,2,1
8.475,939.7936268071638,581.0338134653035,3.980764108958965,1,4,2,1
8.483333333333333,939.0186480422092,581.0148158847661,4.01690655664738,1,4,2,1
8.491666666666667,937.8511290290975,582.0935763158153,3.9929638501369262,1,4,2,1
8.5,938.648674030755,581.7962627100471,4.004554072656936,1,4,2,1
8.508333333333333,937.6515843315785,582.9660944301305,3.9987146683123513,1,4,2,1
8.516666666666667,937.6205677150233,583.4392362545713,4.010162301923299,1,4,2,1
8.525,938.0754054950546,583.9840227989757,4.055109486201394,1,4,2,1
8.533333333333333,937.9602712682467,583.5898830422993,4.0190398396920095,1,4,2,1
8.541666666666666,939.2685005141788,583.019274544105,3.9617866298489375,1,4,2,1
8.55,939.4273507879133,583.6888702297495,4.044824749955409,1,4,2,1
8.558333333333334,938.7507193967105,584.2741710433567,3.9994331313461315,1,4,2,1
8.566666666666666,939.9017854791555,583.3347652566842,3.9810649734660295,1,4,2,1
8.575,940.4461302383643,583.7400746000596,4.041752188132938,1,4,2,1
8.583333333333334,940.1362018673201,583.2924625778164,4.006848863801695,1,4,2,1
8.591666666666667,939.1198583614067,584.3709239681749,3.978909714142403,1,4,2,1
8.6,939.3941846831196,584.4549602424723,4.003698546980633,1,4,2,1
8.608333333333333,939.493560853609,583.6964074252585,3.9976844193392527,1,4,2,1
8.616666666666667,939.5180719671051,583.3126422033725,4.016151819074038,1,4,2,1
8.625,940.4401519792258,582.9108076460193,4.011272497902964,1,4,2,1
8.633333333333333,941.2359573077143,582.0996090339244,3.9960994436176094,1,4,2,1
8.641666666666667,941.3123786301175,582.3616322460938,3.9884841884612072,1,4,2,1
8.65,940.1522617129104,581.3055244587919,4.005850509335802,1,4,2,1
8.658333333333333,940.8506361040114,581.558069611251,4.013164535073344,1,4,2,1
8.666666666666666,940.560697724971,581.3918816104098,4.07895343195534,1,4,2,1
8.675,941.5580757342289,582.5994303317918,4.022701292041972,1,4,2,1
8.683333333333334,942.3052884073816,582.34220335411,4.018231355498899,1,4,2,1
8.691666666666666,942.7388670291859,583.6702315939708,3.9515969087310685,1,4,2,1
8.7,941.3658140290956,583.6223438723356,4.034769451024724,1,4,2,1
8.708333333333334,942.2062765973342,583.4904345062728,4.048757129933771,1,4,2,1
8.716666666666667,941.2616845031953,584.5883205570121,4.008440579832424,1,4,2,1
8.725,939.7402462260399,584.8271732916786,4.039476356107001,1,4,2,1
8.733333333333333,939.1061670714791,585.1760274807217,3.9957299886150985,1,4,2,1
8.741666666666667,939.5556106085412,585.4808877199093,3.972921703172496,1,4,2,1
8.75,940.5859268417627,585.0737121903807,4.027736635476895,1,4,2,1
8.758333333333333,941.0475599637502,584.8041523441728,3.973402473860862,1,4,2,1
8.766666666666667,940.7576264220651,585.1570663565855,4.006031274452051,1,4,2,1
8.775,939.5985695474906,585.2304976495836,4.011899555541431,1,4,2,1
8.783333333333333,938.4173194114921,584.8221709921363,4.003003546961434,1,4,2,1
8.791666666666666,938.5724122994601,585.4379781309437,3.988616085066064,1,4,2,1
8.8,939.684716998092,585.9614351291194,3.9502642074474195,1,4,2,1
8.808333333333334,938.7964732286592,586.155078308958,3.968430968436684,1,4,2,1
8.816666666666666,938.9192966675521,586.5510641683167,3.9866307537022654,1,4,2,1
8.825,938.8441628175586,587.7976899274344,4.0141963359232955,1,4,2,1
8.833333333333334,939.4439271343723,588.6877415944743,4.039444962607439,1,4,2,1
8.841666666666667,940.567793630439,587.4123633484373,4.0249725958147895,1,4,2,1
8.85,941.0748223944314,586.8104249437591,4.027596198520736,1,4,2,1
8.858333333333333,941.1303660448456,586.62722893796,4.0364555853939565,1,4,2,1
8.866666666666667,942.9452214567282,586.8906704131792,4.06382034536867,1,4,2,1
8.875,941.6025985792676,586.1759646135581,4.052288904893561,1,4,2,1
8.883333333333333,942.4015882308281,586.4818482467575,4.002400312447579,1,4,2,1
8.891666666666667,941.1478470916903,586.8917579001701,4.001414295621148,1,4,2,1
8.9,940.0906708047033,586.9214196212303,3.966702006171438,1,4,2,1
8.908333333333333,940.689442311859,585.1856513726198,4.024852675140614,1,4,2,1
8.916666666666666,940.7497961731971,585.1708592141889,4.020506949967972,1,4,2,1
8.925,941.7019488224012,586.8203181119304,4.02194582106883,1,4,2,1
8.933333333333334,941.4662403520684,586.0600938294956,3.9740286865738823,1,4,2,1
8.941666666666666,942.6344929754531,585.9115751056562,4.056667451318215,1,4,2,1
8.95,943.1861400825503,586.4879582250609,3.9938944239810854,1,4,2,1
8.958333333333334,942.692317978361,586.5660164632444,3.9622081576264754,1,4,2,1
8.966666666666667,942.4179001665489,586.1770622075958,4.033963558138098,1,4,2,1
8.975,941.8739426544922,587.8001843948282,3.934143167410849,1,4,2,1
8.983333333333333,942.5966396230758,587.1871666408598,3.9796584654946052,1,4,2,1
8.991666666666667,943.1560187304107,585.6827452592913,4.042531501386148,1,4,2,1
9.0,942.5729716973143,585.6914741218636,3.9622228926127927,1,4,2,1
9.008333333333333,942.6285829105753,585.5191337095906,4.045647551119468,1,4,2,1
9.016666666666667,942.6576783173693,586.2106881152437,4.036632811124815,1,4,2,1
9.025,942.5152170763712,586.4999300474584,3.998998014543481,1,4,2,1
9.033333333333333,941.8983824292103,584.3997474373527,4.01827687908505,1,4,2,1
9.041666666666666,942.3751302558782,585.132000253008,4.014872289763778,1,4,2,1
9.05,943.0977677812359,584.7959097454465,4.022043354881235,1,4,2,1
9.058333333333334,943.868248454566,585.5128632859987,4.020820070332429,1,4,2,1
9.066666666666666,943.7643989136341,585.578308919267,3.9856101318470523,1,4,2,1
9.075,942.6423544757915,585.8640657665306,4.012723870808868,1,4,2,1
9.083333333333334,941.8029209084991,586.0423372643415,3.9537984063279685,1,4,2,1
9.091666666666667,941.4584948940194,588.5575924963892,4.0607435806879515,1,4,2,1
9.1,941.8046449186993,590.2020750061437,4.093045914061966,1,4,2,1
9.108333333333333,942.0468221572908,591.1193881852619,4.01810274659293,1,4,2,1
9.116666666666667,940.9364709273185,590.2067282399948,4.037650347980338,1,4,2,1
9.125,941.0887956089003,590.7302465571156,4.009741647927452,1,4,2,1
9.133333333333333,942.0915609356379,591.2413011929111,4.031732065504307,1,4,2,1
9.141666666666667,942.0489013221961,592.8215216297114,4.040408696503877,1,4,2,1
9.15,941.0913407275038,592.7701686697654,4.020078353056898,1,4,2,1
9.158333333333333,940.1914962260223,593.1300400282635,3.9578009466939896,1,4,2,1
9.166666666666666,939.4572640075764,590.8463855141464,4.132957712052962,1,4,2,1
9.175,938.8482151635823,590.7750095216498,4.054137205148388,1,4,2,1
9.183333333333334,938.0063757953814,590.5400416715709,4.041067269796696,1,4,2,1
9.191666666666666,937.2776503236241,589.4706043142565,4.058799399746366,1,4,2,1
9.2,936.6095972352648,589.5628313795453,4.034187722327515,1,4,2,1
9.208333333333334,936.7331696639111,589.3465567300562,4.030673830270643,1,4,2,1
9.216666666666667,936.8566028763245,589.4949088015962,4.065645658345345,1,4,2,1
9.225,937.8366495070343,589.4968549782052,4.006153876781265,1,4,2,1
9.233333333333333,937.7937256600335,589.6819030134108,4.036566511344004,1,4,2,1
9.241666666666667,938.1545642112674,590.2799854912922,3.973757348492177,1,4,2,1
9.25,938.7138503455965,588.6919084416284,4.023598348302899,1,4,2,1
9.258333333333333,937.3435375397336,589.0157684363625,3.983492347656736,1,4,2,1
9.266666666666667,939.3794445836141,587.9598326387281,3.982779137079963,1,4,2,1
9.275,939.5515578003683,588.4613925804861,4.03078089552115,1,4,2,1
9.283333333333333,938.3618865845169,588.8084129597931,4.053268359988399,1,4,2,1
9.291666666666666,476.9293454467058,450.9315639405472,4.043650450377807,1,4,2,1
9.3,476.18544047018844,450.95994589366273,4.048862063808864,1,4,2,1
9.308333333333334,936.4225654774452,589.1100635923508,4.021475253736122,1,4,2,1
9.316666666666666,935.8850940238252,590.1698810205497,3.9998540259375974,1,4,2,1
9.325,936.1902810823595,589.7692961026587,3.9339977762026095,1,4,2,1
9.333333333333334,935.6143436221156,589.6804876283842,4.009247064522112,1,4,2,1
9.341666666666667,936.1136007406276,590.3528616206336,4.011604498182735,1,4,2,1
9.35,936.7007374191245,591.3627277209283,4.049167877028197,1,4,2,1
9.358333333333333,937.3023707328466,591.5509583750675,4.015324236617432,1,4,2,1
9.366666666666667,938.3281036948524,591.2394276808785,4.019584483412816,1,4,2,1
9.375,938.163335533574,593.161238001384,4.039501071661804,1,4,2,1
9.383333333333333,937.8741023203769,593.6393722789413,4.012991154053191,1,4,2,1
9.391666666666667,938.1737036277937,592.9633069566496,4.0695949489428225,1,4,2,1
9.4,938.5299394964932,593.7534728442296,4.039724300045209,1,4,2,1
9.408333333333333,937.9348480802149,592.9573889294869,4.043442049592939,1,4,2,1
9.416666666666666,938.5249266235545,592.5093460008396,4.044303598789954,1,4,2,1
9.425,938.8844973323465,591.6421870800567,4.014037990715159,1,4,2,1
9.433333333333334,939.0327670209521,590.9064158492044,4.016880071110475,1,4,2,1
9.441666666666666,938.0547720937782,591.3015522289313,4.05925526066627,1,4,2,1
9.45,938.5748467425589,592.1964859700307,4.057304143994691,1,4,2,1
9.458333333333334,939.0744758841312,594.5401912697739,4.064847429411444,1,4,2,1
9.466666666666667,937.5964820120577,596.1490038412304,4.0593741910676675,1,4,2,1
9.475,938.7761020915541,595.3897953013077,4.030217843776129,1,4,2,1
9.483333333333333,939.1030403442728,594.9843336273948,4.047632350965626,1,4,2,1
9.491666666666667,938.6272869617254,594.883648479399,4.018615355714565,1,4,2,1
9.5,937.802692588732,595.1355098429254,4.018905887703736,1,4,2,1
9.508333333333333,937.6393759829789,593.8729968809009,4.0046839103992165,1,4,2,1
9.516666666666667,937.9827194412937,593.1517206429646,4.065654859375109,1,4,2,1
9.525,936.1571822294985,593.7220956517575,3.9968912526506046,1,4,2,1
9.533333333333333,935.5963820384209,594.2152383877672,4.029356794735294,1,4,2,1
9.541666666666666,935.6434191164446,594.0804477220238,4.0562172356623964,1,4,2,1
9.55,936.3531022035829,593.6608304114383,4.06014166940183,1,4,2,1
9.558333333333334,936.2457830064689,592.7991342364305,4.085816843211508,1,4,2,1
9.566666666666666,936.1800797190416,592.7708100292459,3.989121006053212,1,4,2,1
9.575,936.9008833313823,591.99245140525,4.033444549543547,1,4,2,1
9.583333333333334,937.397238329321,593.3006200311062,4.029179602341415,1,4,2,1
9.591666666666667,937.4344291076264,592.0704426317238,4.049888823642025,1,4,2,1
9.6,936.45667444622,592.0029294748239,4.009902371422667,1,4,2,1
9.608333333333333,936.6909688477818,591.4383039878711,4.057453682955567,1,4,2,1
9.616666666666667,936.755496892878,591.6475437767664,3.9860911613131997,1,4,2,1
9.625,937.0017733901266,591.0217157204108,4.027185195719073,1,4,2,1
9.633333333333333,936.839177811618,590.6819560477448,4.023996111514875,1,4,2,1
9.641666666666667,937.2579231499121,590.4859830673417,4.070397204967297,1,4,2,1
9.65,938.1746312946848,590.1596570513357,4.088658477501662,1,4,2,1
9.658333333333333,939.1596545775609,589.7744931316341,4.038791417462085,1,4,2,1
9.666666666666666,939.7183164763024,588.604927522835,4.08404486532454,1,4,2,1
9.675,940.7709466303958,588.0241040638828,4.045249792417611,1,4,2,1
9.683333333333334,940.9656358615428,587.1516732037752,4.1366330008890095,1,4,2,1
9.691666666666666,942.3505847011957,585.625673216013,4.060891198268825,1,4,2,1
9.7,942.8130089218314,586.6773344066658,4.058369171979612,1,4,2,1
9.708333333333334,944.3101084483383,586.7192709894825,4.10578720764685,1,4,2,1
9.716666666666667,944.6394063169975,586.5371969963592,4.060240193384802,1,4,2,1
9.725,944.5058604029849,587.6708134782605,4.1197651723560895,1,4,2,1
9.733333333333333,942.4585642898178,589.7065936268352,4.115106788138489,1,4,2,1
9.741666666666667,942.0832795450827,589.602711738784,4.050594951391466,1,4,2,1
9.75,943.3261331481575,589.7865036110027,4.013027644074374,1,4,2,1
9.758333333333333,942.4045314548443,589.2934352692901,4.1049380441682075,1,4,2,1
9.766666666666667,944.1042177536132,588.1603991724145,4.078261840773577,1,4,2,1
9.775,942.6069144360202,588.0665370370759,4.05449065958728,1,4,2,1
9.783333333333333,1087.1299369832695,129.1521260520778,4.141117936512515,1,4,2,1
9.791666666666666,1088.0760529978243,129.90473826640147,4.008835626392685,1,4,2,1
9.8,944.0500040937168,589.9288956116175,4.069091501209972,1,4,2,1
9.808333333333334,944.2881604070524,589.401970550849,4.114420642586204,1,4,2,1
9.816666666666666,943.0092623915612,589.5785935779614,4.090481440059211,1,4,2,1
9.825,943.5435116613548,589.2013329698948,4.092203920167918,1,4,2,1
9.833333333333334,942.5496133786743,589.0122989387204,4.092811326629391,1,4,2,1
9.841666666666667,942.9616477306047,588.2102555626457,4.087909821447518,1,4,2,1
9.85,943.4147433789872,587.4541433645803,4.122184849967766,1,4,2,1
9.858333333333333,942.2465131337915,588.4089246887677,4.077027077734043,1,4,2,1
9.866666666666667,940.7649524958578,588.2328388101539,4.063636618498339,1,4,2,1
9.875,941.3015104337798,588.4870108981653,4.0707114632730645,1,4,2,1
9.883333333333333,941.9673625674518,589.5265345556695,4.096227481121548,1,4,2,1
9.891666666666667,943.121486084507,590.603919617893,4.091945034431403,1,4,2,1
9.9,942.5236536991757,590.9812100657931,4.047976289830833,1,4,2,1
9.908333333333333,941.9539971581538,591.0569272149636,4.121598955136805,1,4,2,1
9.916666666666666,942.1054913203862,592.023994796642,4.105125731851029,1,4,2,1
9.925,942.0992411992042,591.9579756432444,4.172895907112566,1,4,2,1
9.933333333333334,942.0848307624871,592.0794522551593,4.13973198510215,1,4,2,1
9.941666666666666,941.5653003998675,593.1793659391687,4.056334387973866,1,4,2,1
9.95,941.2891320071182,593.5819507379865,4.133914757013002,1,4,2,1
9.958333333333334,941.811098129512,594.0385874286358,4.053657465870593,1,4,2,1
9.966666666666667,940.192015377951,593.0149475130264,4.070803875605452,1,4,2,1
9.975,939.111770657703,594.8067873805145,4.108326278663812,1,4,2,1
9.983333333333333,938.2716097340102,593.5757839900546,4.118584187742615,1,4,2,1
9.991666666666667,939.3133225166255,593.9622351716126,4.10675355005242,1,4,2,1
10.0,938.6573231540685,594.2762724637768,4.0888101011790585,1,4,2,1
10.008333333333333,940.0194739931608,594.470000832397,4.06107713322399,1,4,2,1
10.016666666666667,939.3009737773244,594.8646940468187,4.098765611271313,1,4,2,1
10.025,940.0836185191837,594.2400228668372,4.088255544594613,1,4,2,1
10.033333333333333,941.039567398462,594.7154610246992,4.113099002333358,1,4,2,1
10.041666666666666,939.7716435937128,596.6175489686866,4.093349550733301,1,4,2,1
10.05,940.0924720550275,596.9889130110932,4.065703568847056,1,4,2,1
10.058333333333334,885.5112891953266,758.0094937069509,4.1591255173027575,1,4,2,1
10.066666666666666,885.4915512859737,758.18051819876,4.069756885701391,1,4,2,1
10.075,939.7390296264991,596.8474042448353,4.157159168728836,1,4,2,1
10.083333333333334,940.6803887708255,597.7824562555402,4.108601231043683,1,4,2,1
10.091666666666667,940.6118894404476,598.1655442766164,4.123124966835563,1,4,2,1
10.1,940.0468187808697,597.4635167327583,4.165889947500071,1,4,2,1
10.108333333333333,940.3284591835061,596.7706216351577,4.081982470156019,1,4,2,1
10.116666666666667,943.0179858761799,595.4747129698671,4.144036410782116,1,4,2,1
10.125,943.4203784644916,595.7088016406832,4.096293503582282,1,4,2,1
10.133333333333333,943.367026294285,595.9398416962053,4.047121449591635,1,4,2,1
10.141666666666667,943.3869273636325,595.7609465723208,4.117608887038461,1,4,2,1
10.15,942.6543449948123,596.8911014500604,4.14505506291866,1,4,2,1
10.158333333333333,1624.0908850777055,350.4577959065982,4.132243135817333,1,4,2,1
10.166666666666666,1699.3573452649948,515.6070321957333,4.107489691918465,1,4,2,1
10.175,1017.0953802842431,762.9244235533948,4.180410198727013,1,4,2,1
10.183333333333334,941.6652931764451,596.2117431341655,4.114380834486015,1,4,2,1
10.191666666666666,941.9411370822894,596.8658679873322,4.117305421921156,1,4,2,1
10.2,941.7759823401649,596.9079461774863,4.143800336838897,1,4,2,1
10.208333333333334,941.5642353409955,597.4507812718264,4.14984933904633,1,4,2,1
10.216666666666667,940.6965029256882,598.0162533423958,4.13429853793313,1,4,2,1
10.225,940.9174230740346,598.0382799424872,4.160086601561037,1,4,2,1
10.233333333333333,941.3662725901537,595.6318193233612,4.083839747907436,1,4,2,1
10.241666666666667,942.5934554602788,596.7858525899298,4.122471177717275,1,4,2,1
10.25,943.4372941861706,597.5663987565177,4.1578259569525615,1,4,2,1
10.258333333333333,943.9237915673268,595.5718415756178,4.130182633593019,1,4,2,1
10.266666666666667,943.0097063643555,595.2483817330482,4.163224842124856,1,4,2,1
10.275,944.4445045539662,595.3025467071079,4.073922521554474,1,4,2,1
10.283333333333333,944.3539948595835,594.5230958032078,4.165869473443124,1,4,2,1
10.291666666666666,944.5273536500143,594.4026748943035,4.107862068217607,1,4,2,1
10.3,944.9916845188161,593.8146040341809,4.172836581512981,1,4,2,1
10.308333333333334,945.0670642469487,593.8630606504793,4.130946904230067,1,4,2,1
10.316666666666666,944.7449310251961,593.5213151490775,4.158435947513366,1,4,2,1
10.325,944.72725218512,593.5134866558781,4.133606110513281,1,4,2,1
10.333333333333334,945.3785786630668,593.2682008817284,4.138975094545041,1,4,2,1
10.341666666666667,945.6479021194846,594.0501199350634,4.13418762967672,1,4,2,1
10.35,945.9662651126116,594.4283857023707,4.194523593570549,1,4,2,1
10.358333333333333,947.025401267902,594.4930236012405,4.150040061340764,1,4,2,1
10.366666666666667,946.112868242007,595.884938187398,4.153492194691941,1,4,2,1
10.375,946.5880984748217,596.8854526133764,4.134742234509302,1,4,2,1
10.383333333333333,945.9911157903077,597.1639567675799,4.118922060044634,1,4,2,1
10.391666666666667,946.2894202099468,595.7985319789689,4.150144702175562,1,4,2,1
10.4,947.0701828980234,595.2160114438643,4.17596221585263,1,4,2,1
10.408333333333333,946.2319377408286,594.5720840344394,4.165294781225475,1,4,2,1
10.416666666666666,945.2120118452091,594.2248577626144,4.176414612654087,1,4,2,1
10.425,945.1626190521946,593.9206406182633,4.19580487065866,1,4,2,1
10.433333333333334,943.9722728112954,593.5352759246884,4.168661324545163,1,4,2,1
10.441666666666666,944.1780477532568,592.6693766444524,4.1108935193076945,1,4,2,1
10.45,944.843570690192,593.0563889319101,4.1638967591023786,1,4,2,1
10.458333333333334,945.1875339954719,591.8794089935042,4.13482623316705,1,4,2,1
10.466666666666667,945.0369280662904,590.601410895354,4.236923773065776,1,4,2,1
10.475,943.5198045310343,589.970738049001,4.152796647959172,1,4,2,1
10.483333333333333,942.580262484858,589.4856631741453,4.171480295269616,1,4,2,1
10.491666666666667,943.66065811533,589.8751385604563,4.181764437103802,1,4,2,1
10.5,942.9104438372977,591.0763130906407,4.147354122570002,1,4,2,1
10.508333333333333,944.2633925851367,591.3901057595127,4.167098255066652,1,4,2,1
10.516666666666667,944.8018478893558,591.1961063610805,4.181903747175158,1,4,2,1
10.525,945.1235241071568,589.1059081687931,4.216288009250964,1,4,2,1
10.533333333333333,944.946669966692,587.9407792437834,4.217158363915096,1,4,2,1
10.541666666666666,944.7171091227402,587.3583067271934,4.24420888702709,1,4,2,1
10.55,942.9901012648903,587.9626286792259,4.267938269994419,1,4,2,1
10.558333333333334,943.9236999871749,587.1536400826323,4.214222797273587,1,4,2,1
10.566666666666666,943.6784935587082,587.419572560237,4.2970772355057285,1,4,2,1
10.575,942.9604189171091,587.1329711620696,4.285530968587078,1,4,2,1
10.583333333333334,943.440208783546,588.2620857821048,4.278498038929087,1,4,2,1
10.591666666666667,943.3104001000265,587.365676002614,4.27933856809196,1,4,2,1
10.6,979.4884991948173,532.3584935896628,4.33003583988881,1,4,2,1
10.608333333333333,980.8491685044571,531.901387800165,4.298894192611953,1,4,2,1
10.616666666666667,945.058627223357,589.3097962712135,4.326563340208069,1,4,2,1
10.625,944.8692324875501,589.6093651342517,4.286847051480615,1,4,2,1
10.633333333333333,944.7407990507996,588.0811906043969,4.33889027281535,1,4,2,1
10.641666666666667,945.1685176855232,586.5618249397031,4.327889032539116,1,4,2,1
10.65,945.3189570201623,586.4728228093479,4.3299350604029545,1,4,2,1
10.658333333333333,944.9914330946542,587.1125367273402,4.324405203662064,1,4,2,1
10.666666666666666,944.6049879118382,586.8169679575276,4.312002958295679,1,4,2,1
10.675,945.110983170421,587.1994617937604,4.334118459377409,1,4,2,1
10.683333333333334,944.3792755652374,585.8954984008369,4.34368836921663,1,4,2,1
10.691666666666666,943.544941828953,584.8091324089722,4.266423180939803,1,4,2,1
10.7,943.1559184056575,585.8969736370608,4.31790517557388,1,4,2,1
10.708333333333334,944.6870284209377,585.8947363186037,4.296325624303236,1,4,2,1
10.716666666666667,945.2258527129824,585.0312665538122,4.302247081526441,1,4,2,1
10.725,945.2416897657414,585.5189185492909,4.364360609095451,1,4,2,1
10.733333333333333,944.901102088689,585.6138887447058,4.271411923747665,1,4,2,1
10.741666666666667,944.0739823545543,585.6693451581137,4.323760390969416,1,4,2,1
10.75,943.8770029152967,585.9034944168473,4.3262755522125795,1,4,2,1
10.758333333333333,943.6951844467568,585.5269222340492,4.312412050113066,1,4,2,1
10.766666666666667,943.5465685825367,585.657199379189,4.30536150229739,1,4,2,1
10.775,944.2681036869608,585.9691668560924,4.311379674442668,1,4,2,1
10.783333333333333,943.2125064614338,587.0029974210202,4.310632768194803,1,4,2,1
10.791666666666666,943.7130155038465,586.9505274178676,4.292857398921473,1,4,2,1
10.8,943.8175646408722,587.2880922531978,4.326968488319545,1,4,2,1
10.808333333333334,944.5654916365161,588.072417487001,4.232965252487001,1,4,2,1
10.816666666666666,944.0305961483003,588.3846748740114,4.3022122405351295,1,4,2,1
10.825,944.7317032409728,588.4599714856142,4.261157077890555,1,4,2,1
10.833333333333334,944.7407997304811,587.785726950984,4.262347916178535,1,4,2,1
10.841666666666667,944.4372218974258,589.4713740432634,4.316817456180382,1,4,2,1
10.85,944.4285504111343,588.4630164061938,4.251651829256885,1,4,2,1
10.858333333333333,943.9717330869115,588.6686230896165,4.25779217736995,1,4,2,1
10.866666666666667,944.9847706733938,588.4799310381375,4.236981697139824,1,4,2,1
10.875,1698.9716520459856,637.7505065526675,4.240265359601124,1,4,2,1
10.883333333333333,1698.307929655089,638.4330187768543,4.246080524573068,1,4,2,1
10.891666666666667,944.1370384586339,589.2879172276208,4.214659494883497,1,4,2,1
10.9,944.9394271813295,589.3011657014318,4.2559814728937635,1,4,2,1
10.908333333333333,945.2370907176854,590.2357189952195,4.209691128134383,1,4,2,1
10.916666666666666,944.4158288404332,590.4618151155673,4.2427999657108515,1,4,2,1
10.925,943.8410926105163,590.5595309561373,4.16123282591995,1,4,2,1
10.933333333333334,944.5393246626595,589.2019881557632,4.231217137902436,1,4,2,1
10.941666666666666,946.0787043439917,589.5874975209921,4.184564196308685,1,4,2,1
10.95,946.7536829195953,588.3151827391454,4.18412403194553,1,4,2,1
10.958333333333334,947.6328671710164,587.8326554708051,4.182621939982885,1,4,2,1
10.966666666666667,946.013951467417,587.8994123460407,4.195728368412565,1,4,2,1
10.975,946.9826180410034,587.528684799634,4.158287534903616,1,4,2,1
10.983333333333333,947.6939926196169,589.4289475818418,4.196097442138192,1,4,2,1
10.991666666666667,948.8368608210847,588.7925149187536,4.1968028747604285,1,4,2,1
11.0,949.0654417854829,590.23836033165,4.242624620823442,1,4,2,1
11.008333333333333,949.6791229982823,589.8433872419523,4.174906996482226,1,4,2,1
11.016666666666667,950.4757780562031,589.4234774003576,4.185043191273906,1,4,2,1
11.025,949.7736981506976,589.3919343489075,4.1930877763428365,1,4,2,1
11.033333333333333,949.8649671590745,589.2228498119342,4.1726830748765025,1,4,2,1
11.041666666666666,948.8697154453263,589.6154571416381,4.187226547645,1,4,2,1
11.05,948.0579173052079,590.6245579909504,4.238204946456176,1,4,2,1
11.058333333333334,948.9411763570591,590.6046085410426,4.160744612031683,1,4,2,1
11.066666666666666,948.7748910505112,590.7270835595333,4.167882437299094,1,4,2,1
11.075,948.3502664860581,591.5997129626666,4.212954765988072,1,4,2,1
11.083333333333334,948.5108411197497,590.5428680541804,4.199325343645754,1,4,2,1
11.091666666666667,948.451136827177,589.2979462878915,4.174058579893049,1,4,2,1
11.1,949.3765358945843,588.7453705738574,4.138162094493361,1,4,2,1
11.108333333333333,950.2836960610297,589.0228209468488,4.216120986973825,1,4,2,1
11.116666666666667,951.0179495872297,588.9385870505768,4.227828676388971,1,4,2,1
11.125,950.0964913615774,589.3466856168284,4.215786542179344,1,4,2,1
11.133333333333333,951.3800152790034,591.603784138766,4.249404032670154,1,4,2,1
11.141666666666667,952.3831174684053,593.1850387212755,4.193639701781903,1,4,2,1
11.15,951.949096787171,593.5953381796248,4.229973867247079,1,4,2,1
11.158333333333333,953.0453172326304,593.0039365469423,4.210475829153505,1,4,2,1
11.166666666666666,954.2333035478467,592.3036915866378,4.164148093240843,1,4,2,1
11.175,953.1101606145294,592.8567798617199,4.2436851559157205,1,4,2,1
11.183333333333334,953.1815723634141,592.9116035128443,4.163724708855116,1,4,2,1
11.191666666666666,953.0845747138136,594.0087385584773,4.23485755541344,1,4,2,1
11.2,951.7958438898628,593.4493452755428,4.192973073642422,1,4,2,1
11.208333333333334,952.358747567037,594.4970732423411,4.206820878267738,1,4,2,1
11.216666666666667,952.1887408396138,593.3460209041411,4.175806484505589,1,4,2,1
11.225,951.0693384317249,593.7829105713089,4.185860830050471,1,4,2,1
11.233333333333333,949.9116031825283,593.9835211123262,4.265458742199889,1,4,2,1
11.241666666666667,949.2698632654183,594.0070365790034,4.194345597949941,1,4,2,1
11.25,950.360536891949,593.6456476829309,4.258240261769299,1,4,2,1
11.258333333333333,950.2416252687512,594.7329448287167,4.205692634160191,1,4,2,1
11.266666666666667,950.2800539697275,595.7114419149891,4.245965235868111,1,4,2,1
11.275,949.6388276843413,597.5982902252013,4.1801976126354905,1,4,2,1
11.283333333333333,950.5160463896984,597.7789724528654,4.171556430948356,1,4,2,1
11.291666666666666,950.5788662657234,597.162079974663,4.202252635702578,1,4,2,1
11.3,949.8751835528542,597.4863472174558,4.195683849986089,1,4,2,1
11.308333333333334,948.8681973010991,597.9113742781835,4.216493443750079,1,4,2,1
11.316666666666666,949.7185953698781,597.1932955254897,4.169178422336048,1,4,2,1
11.325,950.0481591522296,598.6524378566853,4.229820555252573,1,4,2,1
11.333333333333334,950.1131001061154,599.6504900713853,4.121130772821589,1,4,2,1
11.341666666666667,950.6079635073202,600.210204080128,4.245838316774588,1,4,2,1
11.35,949.671297801699,602.1031094776297,4.196026287179645,1,4,2,1
11.358333333333333,949.4378827480795,601.9996419067608,4.278167019200815,1,4,2,1
11.366666666666667,950.0229050579675,602.8022245354429,4.165812459094281,1,4,2,1
11.375,949.7331716545455,603.0724962415551,4.218136466866574,1,4,2,1
11.383333333333333,949.9956884465442,603.8622370559597,4.223929096260944,1,4,2,1
11.391666666666667,950.4396484227383,604.2921820499323,4.232066349730124,1,4,2,1
11.4,951.9957533084034,604.1425923895549,4.237606787102545,1,4,2,1
11.408333333333333,951.7836485097964,604.7955051437284,4.205796205536377,1,4,2,1
11.416666666666666,951.9461920019636,605.8969795265796,4.2198625277567725,1,4,2,1
11.425,952.0702729122615,605.5638516156079,4.1992177810880085,1,4,2,1
11.433333333333334,951.7792784501517,605.4167031246743,4.17029919525265,1,4,2,1
11.441666666666666,952.2134087760516,604.0937827001609,4.176848269492951,1,4,2,1
11.45,951.9958412748749,603.7424148671812,4.191918149109267,1,4,2,1
11.458333333333334,953.2621819065431,602.5876318553635,4.174006463866772,1,4,2,1
11.466666666666667,951.8177225706531,603.1431357145023,4.1723963455178685,1,4,2,1
11.475,952.884551438305,602.8800830231869,4.182447098276556,1,4,2,1
11.483333333333333,953.5047862546751,602.1187308363947,4.176139077622913,1,4,2,1
11.491666666666667,953.8509473881791,602.2074168293062,4.162958232199029,1,4,2,1
11.5,953.9013457517684,602.4491842291527,4.208877180954711,1,4,2,1
11.508333333333333,954.845100526711,603.5563853325307,4.247302626789679,1,4,2,1
11.516666666666667,953.4185965013169,603.0402409960733,4.187661427360444,1,4,2,1
11.525,953.5371746543103,602.6698135017155,4.142967289229321,1,4,2,1
11.533333333333333,953.7273968929479,602.8725365792453,4.1520859830341434,1,4,2,1
11.541666666666666,953.8253343793555,602.2184260587354,4.215070640603607,1,4,2,1
11.55,955.1189397985999,602.091160394195,4.181499726194789,1,4,2,1
11.558333333333334,955.4671227038707,602.4937232293242,4.228518509501248,1,4,2,1
11.566666666666666,956.067865652243,600.7079499647159,4.194411382784243,1,4,2,1
11.575,956.2090460821511,601.9583034615952,4.179920439193578,1,4,2,1
11.583333333333334,956.470533802006,603.6050763119487,4.24228925530152,1,4,2,1
11.591666666666667,955.1982295125559,603.7951989440785,4.143965685647398,1,4,2,1
11.6,955.1296391611202,602.5972235308915,4.160854556508094,1,4,2,1
11.608333333333333,954.879103334054,601.9128618995144,4.1751723242173675,1,4,2,1
11.616666666666667,955.1976463465064,601.6005438950215,4.204986494852928,1,4,2,1
11.625,954.1543527948447,600.281332130613,4.188838293119563,1,4,2,1
11.633333333333333,953.2967271709429,601.1657317429765,4.192129548122701,1,4,2,1
11.641666666666667,953.7716689048341,601.159464578519,4.229569249436209,1,4,2,1
11.65,954.3011445333815,600.9596966244228,4.197734528851559,1,4,2,1
11.658333333333333,954.2112880921767,601.719901947421,4.207632947151571,1,4,2,1
11.666666666666666,955.7492478630957,601.3894583171025,4.23752918628731,1,4,2,1
11.675,954.4524699980362,601.0050754589063,4.160972257366507,1,4,2,1
11.683333333333334,953.4316640199626,601.1397470265152,4.197514854142836,1,4,2,1
11.691666666666666,952.751878810693,601.0902221989919,4.182346817789653,1,4,2,1
11.7,951.4436453137406,602.7043864041748,4.179283698943524,1,4,2,1
11.708333333333334,950.9977871666571,602.5269224306442,4.212169206596341,1,4,2,1
11.716666666666667,952.1339009790107,601.925995241617,4.157909472790424,1,4,2,1
11.725,951.3921824277226,601.8449246478779,4.153686405054572,1,4,2,1
11.733333333333333,951.5176951273996,600.4334881096344,4.205936507451202,1,4,2,1
11.741666666666667,949.8503902150281,600.8855150699187,4.165804273696503,1,4,2,1
11.75,949.9610454484555,600.3912152748644,4.200012456230953,1,4,2,1
11.758333333333333,949.9965807949726,600.742085673364,4.176308944144015,1,4,2,1
11.766666666666667,949.9139927955966,602.0510324003094,4.264968002276686,1,4,2,1
11.775,950.739004839889,602.0917978372373,4.182519305896033,1,4,2,1
11.783333333333333,949.3438673359542,601.2407106232438,4.191860467486507,1,4,2,1
11.791666666666666,950.1891229762368,600.5991014063083,4.1620039294702815,1,4,2,1
11.8,949.9356681365106,599.9707155499186,4.225671382911347,1,4,2,1
11.808333333333334,950.2713249960918,600.0318940803578,4.15554409917996,1,4,2,1
11.816666666666666,950.5418379102855,601.780870018353,4.182895738707511,1,4,2,1
11.825,950.3192271619067,601.5043877457625,4.204369939317644,1,4,2,1
11.833333333333334,951.9555976483758,601.5189065303641,4.126985285482898,1,4,2,1
11.841666666666667,951.5535288752457,600.8635074820241,4.161614806185572,1,4,2,1
11.85,951.4449581705542,602.1066481666112,4.085595821121304,1,4,2,1
11.858333333333333,950.8336567325842,601.2316791946764,4.186092886675625,1,4,2,1
11.866666666666667,951.4234600423135,601.9747383065708,4.153820066103806,1,4,2,1
11.875,950.439985017655,601.1866686271694,4.169886427813649,1,4,2,1
11.883333333333333,951.8401182775295,601.4638307778773,4.178446288619755,1,4,2,1
11.891666666666667,953.2076218246414,602.0723177860363,4.193154031047918,1,4,2,1
11.9,951.6915234366492,600.3810026998977,4.094971435763591,1,4,2,1
11.908333333333333,952.4652013624714,600.1414846507566,4.171902214538034,1,4,2,1
11.916666666666666,952.6989800365142,600.4791857959005,4.185138830487603,1,4,2,1
11.925,953.5477389568832,600.2557298147677,4.162782249206868,1,4,2,1
11.933333333333334,953.7282036380518,600.2251851919426,4.207831650280693,1,4,2,1
11.941666666666666,953.730389634238,599.0761677819752,4.1690760483964295,1,4,2,1
11.95,956.3398473520282,599.3544361934529,4.150982939497416,1,4,2,1
11.958333333333334,955.8394878400046,598.2105875559337,4.174470862435699,1,4,2,1
11.966666666666667,956.5841446507824,598.1860376754569,4.197684945697556,1,4,2,1
11.975,955.7041536853509,596.8239973344695,4.160961103696589,1,4,2,1
11.983333333333333,954.6016785497993,596.6546231572784,4.227652303795746,1,4,2,1
11.991666666666667,955.9846194113419,596.288191337494,4.205985197999182,1,4,2,1
12.0,955.5414782037369,596.5502907569748,4.161805211567693,1,4,2,1
12.008333333333333,955.733552419881,597.2207737641412,4.174413407173609,1,4,2,1
12.016666666666667,956.6564665062796,597.1991781066101,4.091759898861079,1,4,2,1
12.025,957.4041703499927,597.3156847376623,4.2053551133118825,1,4,2,1
12.033333333333333,957.8155922944236,596.6951487904967,4.178220183207135,1,4,2,1
12.041666666666666,957.5938295328561,596.4968154513978,4.168402572977887,1,4,2,1
12.05,957.5739751800523,597.6111387435445,4.184813717046236,1,4,2,1
12.058333333333334,958.1621629285736,597.50626588228,4.217199652756061,1,4,2,1
12.066666666666666,958.0818761944263,597.4822530489648,4.12807964130698,1,4,2,1
12.075,956.8587806125457,598.1889601884841,4.1318606567353875,1,4,2,1
12.083333333333334,956.3829848818101,598.1707513461046,4.132315402829176,1,4,2,1
12.091666666666667,956.8458222796688,596.4888983314459,4.087355267670302,1,4,2,1
12.1,958.1687214833207,594.3011652305609,4.120078414586221,1,4,2,1
12.108333333333333,957.7097618391372,594.4983000703933,4.15603190704795,1,4,2,1
12.116666666666667,958.7392373835253,593.7735069118658,4.129547858716809,1,4,2,1
12.125,959.5550883525196,594.3788532183485,4.172920524657863,1,4,2,1
12.133333333333333,959.4002345313761,593.8508331339461,4.1942773628961385,1,4,2,1
12.141666666666667,957.9234549891117,593.4158678013874,4.165015925549984,1,4,2,1
12.15,957.8556682601197,593.0242577701613,4.137211514976007,1,4,2,1
12.158333333333333,957.7272010036577,593.2718353502738,4.151095445471671,1,4,2,1
12.166666666666666,956.5499923683585,593.8794916009849,4.173567691467067,1,4,2,1
12.175,957.4682475592747,592.7512629716027,4.198059167360571,1,4,2,1
12.183333333333334,956.4871940939493,592.4652559108116,4.08099593967981,1,4,2,1
12.191666666666666,956.8919418958226,593.4585365398978,4.13044371083221,1,4,2,1
12.2,957.1622999863175,593.4960404874304,4.111957949289486,1,4,2,1
12.208333333333334,958.2995565234988,593.7319491394899,4.123824752442805,1,4,2,1
12.216666666666667,958.4478734605802,594.3581099725449,4.116662522767181,1,4,2,1
12.225,959.1403313764932,593.9172110946399,4.099848641081332,1,4,2,1
12.233333333333333,959.2794354625327,593.0040207297669,4.1577743710226125,1,4,2,1
12.241666666666667,959.1662869451404,594.4033348093051,4.172638544416732,1,4,2,1
12.25,958.0111529890515,593.9162232314138,4.14159136760156,1,4,2,1
12.258333333333333,958.5506559992352,593.4109725555545,4.16036226640676,1,4,2,1
12.266666666666667,960.7172210863614,592.6136552778021,4.157716761501784,1,4,2,1
12.275,961.7303766031013,592.2034245498493,4.135948749557153,1,4,2,1
12.283333333333333,962.1539544278949,593.0877780678476,4.170774862402707,1,4,2,1
12.291666666666666,961.937901193938,592.707480987727,4.181317583203975,1,4,2,1
12.3,964.1932935716932,593.0720954748034,4.084904431274322,1,4,2,1
12.308333333333334,964.3189844135784,593.1429850094853,4.083216600124567,1,4,2,1
12.316666666666666,964.5694930071969,593.0501317339658,4.157235840931248,1,4,2,1
12.325,964.8215796012494,593.5362124878312,4.099062697154689,1,4,2,1
12.333333333333334,964.9107732694321,594.0761095965659,4.098953826741547,1,4,2,1
12.341666666666667,966.0821136334129,593.7005295758839,4.145416493528722,1,4,2,1
12.35,966.2706892473616,593.509119397911,4.156904194512034,1,4,2,1
12.358333333333333,965.5634687558069,593.2880694130835,4.145733754663204,1,4,2,1
12.366666666666667,965.2905910125556,592.3547076186431,4.097755506617991,1,4,2,1
12.375,966.5449126702201,591.4434345344637,4.117708014531026,1,4,2,1
12.383333333333333,967.5291543629486,590.614051368497,4.1396152145492335,1,4,2,1
12.391666666666667,968.6975210916594,589.9246519432298,4.033956057372533,1,4,2,1
12.4,969.1301601460328,590.9812591874002,4.082689873337944,1,4,2,1
12.408333333333333,968.8030284111974,589.8664578406504,4.0655052765054664,1,4,2,1
12.416666666666666,968.6573830794439,589.8222220241998,4.13467080760737,1,4,2,1
12.425,968.2925576461129,590.059678464005,4.08393417362112,1,4,2,1
12.433333333333334,968.8664671666297,590.7453121150921,4.067520990161067,1,4,2,1
12.441666666666666,968.7242254102425,590.9440312617133,4.074380729587743,1,4,2,1
12.45,876.506888297037,423.9807126814629,4.094037702424822,1,4,2,1
12.458333333333334,875.8550032815772,424.32826893494274,4.052064913695301,1,4,2,1
12.466666666666667,966.9735042484338,590.4861460649564,4.112086687970974,1,4,2,1
12.475,968.7284265202887,592.0456035258604,4.079750368557541,1,4,2,1
12.483333333333333,968.4565830585523,591.4532778053166,4.080624154943918,1,4,2,1
12.491666666666667,966.7724495004879,591.795246752024,4.059167565954655,1,4,2,1
12.5,967.0750515908629,590.9560682046275,4.076580879212306,1,4,2,1
12.508333333333333,967.9083656605278,591.4698990925236,4.099246183586209,1,4,2,1
12.516666666666667,968.2700364011769,591.7378837813357,4.100330977518178,1,4,2,1
12.525,969.1840740282224,592.8750813312619,4.0650346711963685,1,4,2,1
12.533333333333333,969.0196403997605,592.7963634282867,4.085312113779292,1,4,2,1
12.541666666666666,969.3207753525245,593.4537513277924,4.0959502919743205,1,4,2,1
12.55,968.5939210897883,594.6725046594888,4.0657305727257,1,4,2,1
12.558333333333334,968.1103715267827,593.9657499868621,4.109423385567469,1,4,2,1
12.566666666666666,966.8782752160529,593.8829791054432,4.1053341579094225,1,4,2,1
12.575,966.4485597165979,594.6088886420832,4.066646573197796,1,4,2,1
12.583333333333334,966.104384707313,594.8841335325944,4.061108402909434,1,4,2,1
12.591666666666667,966.240678610293,595.7038593103154,4.130231658296807,1,4,2,1
12.6,966.3212541131936,596.9031157292084,4.050001348832298,1,4,2,1
12.608333333333333,966.9326980462193,596.1375762354735,4.0782618113636735,1,4,2,1
12.616666666666667,967.7909475666983,595.3897902581277,4.064898278108715,1,4,2,1
12.625,968.6284331829663,595.2826333802869,4.187127907654224,1,4,2,1
12.633333333333333,969.5358311134974,593.7497813339419,4.106776759816974,1,4,2,1
12.641666666666667,968.7227087151938,593.9286135045952,4.02732435080459,1,4,2,1
12.65,968.1532917970835,594.1623880522765,4.122842944787765,1,4,2,1
12.658333333333333,968.6601722524574,591.9840627569704,4.055802246088515,1,4,2,1
12.666666666666666,969.2862576206403,592.2530509142422,4.10806393427198,1,4,2,1
12.675,969.8938296702747,591.4262529583877,4.11489151096034,1,4,2,1
12.683333333333334,968.1569316612984,590.7098714047328,4.072821864376455,1,4,2,1
12.691666666666666,968.5737747568298,591.4663229187065,4.082798578277442,1,4,2,1
12.7,967.7751887975978,592.5874976715047,4.109702497316138,1,4,2,1
12.708333333333334,967.6999198488413,593.1928557097273,4.082865295514142,1,4,2,1
12.716666666666667,968.3520886740657,592.6906941359662,4.055494142659165,1,4,2,1
12.725,968.04744916799,593.9436147997743,4.063012871352987,1,4,2,1
12.733333333333333,967.1586055814846,593.641686834218,4.0923937566562145,1,4,2,1
12.741666666666667,967.0721223710133,594.0665912045426,4.022280362506687,1,4,2,1
12.75,965.317704728319,592.3911224845954,4.084069553566718,1,4,2,1
12.758333333333333,965.1683877358287,592.7372623653068,4.054474676479124,1,4,2,1
12.766666666666667,964.8116587635724,593.3074991032684,4.0403052010204386,1,4,2,1
12.775,965.6477171191056,592.5346083769853,4.046015341711726,1,4,2,1
12.783333333333333,964.8514063053301,592.6765983272899,4.034532683120362,1,4,2,1
12.791666666666666,964.4230346278449,593.2258702581594,4.103069024716953,1,4,2,1
12.8,962.8681598036908,592.9709680993627,4.013172790608571,1,4,2,1
12.808333333333334,962.9673370703433,594.0174268488653,4.095366974766779,1,4,2,1
12.816666666666666,960.3601884608629,594.0195761369827,4.061450498092943,1,4,2,1
12.825,960.671837449743,594.0255745757395,4.077288881759778,1,4,2,1
12.833333333333334,961.4831294794775,592.7317316964525,4.118348798224674,1,4,2,1
12.841666666666667,962.1645793565976,592.8267998751255,4.069783497385303,1,4,2,1
12.85,960.7217095644453,594.8177047168926,4.060415151243293,1,4,2,1
12.858333333333333,961.3103244252062,595.4135898537735,4.081488923959239,1,4,2,1
12.866666666666667,962.3161556388325,595.2099349312352,4.052311744366765,1,4,2,1
12.875,960.8937846188119,595.5391738942463,3.990552287183448,1,4,2,1
12.883333333333333,960.583675334045,594.1740716262631,4.068777139762785,1,4,2,1
12.891666666666667,960.1649900982788,595.1297754596412,4.091957985653149,1,4,2,1
12.9,958.880769931401,594.7885710833121,4.0740231904416495,1,4,2,1
12.908333333333333,959.0656063915649,595.5308352669166,4.078209053844977,1,4,2,1
12.916666666666666,958.8729854608295,595.7553906338143,4.097440043304182,1,4,2,1
12.925,958.1667666868135,596.8378740298641,4.048379169377826,1,4,2,1
12.933333333333334,959.018710123267,595.9614806830555,4.05523200044597,1,4,2,1
12.941666666666666,960.1041212681383,595.6786987312428,4.083944369410346,1,4,2,1
12.95,960.5175052301518,596.2937526208568,4.083087608689386,1,4,2,1
12.958333333333334,961.2278906014367,596.0547773697014,4.075349330588276,1,4,2,1
12.966666666666667,961.6266214366939,596.461799142432,4.050878035452091,1,4,2,1
12.975,961.4553348937961,596.7115842512771,4.0136939757640375,1,4,2,1
12.983333333333333,962.0499737097779,596.5236285202881,4.048193390407784,1,4,2,1
12.991666666666667,961.5866438535116,596.7023919658295,4.067500114066064,1,4,2,1
13.0,961.9299035698701,596.084589918309,4.0518619385638495,1,4,2,1
13.008333333333333,962.9683810751937,594.4392044659155,4.055617255138726,1,4,2,1
13.016666666666667,962.0390482022606,593.9694979130304,4.071700763244811,1,4,2,1
13.025,962.4337582008568,593.1434073115247,4.083504840523564,1,4,2,1
13.033333333333333,963.5964990424533,593.9363716658413,3.9818606147452797,1,4,2,1
13.041666666666666,962.6561963394909,593.5113368119142,4.04379448383538,1,4,2,1
13.05,962.4058707244309,592.3605360687608,4.03774225857902,1,4,2,1
13.058333333333334,963.5578692856512,592.0718741203214,4.022062326960729,1,4,2,1
13.066666666666666,962.4877545862223,592.9109717247273,4.075978685947494,1,4,2,1
13.075,960.8618200701295,592.4246346849728,4.035892279408878,1,4,2,1
13.083333333333334,960.1839933264508,592.7825333682314,4.080642879674846,1,4,2,1
13.091666666666667,959.5756930013894,594.0840423471285,4.074465838642911,1,4,2,1
13.1,959.5368433866186,594.2241056415143,4.034167695154495,1,4,2,1
13.108333333333333,960.4008515544496,595.2161696098293,4.037533426383163,1,4,2,1
13.116666666666667,960.2891902301781,596.2186725679569,4.040953128008389,1,4,2,1
13.125,961.6031462024596,597.0438449903062,4.041743751033035,1,4,2,1
13.133333333333333,961.1811567241526,596.5804613807206,4.010119591445296,1,4,2,1
13.141666666666667,959.9789649547395,596.7372537958153,4.016042411778058,1,4,2,1
13.15,958.8026950270901,597.071523871438,3.982447216084951,1,4,2,1
13.158333333333333,958.8853524073996,597.5581038544433,4.03917213421858,1,4,2,1
13.166666666666666,959.3391074955807,597.7210475739099,4.030290695565321,1,4,2,1
13.175,959.4028181762802,597.7896345593199,4.016324656761491,1,4,2,1
13.183333333333334,958.5085773910167,598.5465849984769,4.096553090111581,1,4,2,1
13.191666666666666,957.8242047868266,600.3836882306912,4.00463986141176,1,4,2,1
13.2,959.2870866047538,600.9252406022429,4.069396561506187,1,4,2,1
13.208333333333334,960.0889455499837,601.1370780769778,4.065654213123355,1,4,2,1
13.216666666666667,960.569349333909,601.5981723058557,4.0474936364183245,1,4,2,1
13.225,961.4538000360303,601.4565282731627,4.039182695759237,1,4,2,1
13.233333333333333,962.690080304368,600.1951432378448,4.029493512089627,1,4,2,1
13.241666666666667,963.2369094373148,600.0951416215471,4.016105820944776,1,4,2,1
13.25,962.7177394459344,599.7359878146627,4.028283803526863,1,4,2,1
13.258333333333333,962.9600116891753,599.9418970828893,3.9857535713154504,1,4,2,1
13.266666666666667,962.6836796521872,598.7886453890828,3.9737145305655037,1,4,2,1
13.275,963.6394364306404,599.5692956107869,4.007837219914588,1,4,2,1
13.283333333333333,963.719010470429,599.2535437546228,4.042641765726783,1,4,2,1
13.291666666666666,964.5000999946064,597.9510941169034,3.986656406804291,1,4,2,1
13.3,964.0538480312593,598.4780123457008,4.024498640274783,1,4,2,1
13.308333333333334,964.3156822092864,599.0284419235811,4.01991227395237,1,4,2,1
13.316666666666666,965.2360850443525,598.8108292200428,3.9978420059134474,1,4,2,1
13.325,966.4635917535304,598.7431975742937,4.008873203953711,1,4,2,1
13.333333333333334,966.141805751796,600.0242450447546,4.020393864688094,1,4,2,1
13.341666666666667,966.7003512688146,599.1398509530509,4.042855587172451,1,4,2,1
13.35,966.6326095117371,599.7925844068558,4.029900673567075,1,4,2,1
13.358333333333333,966.4141436129538,599.3532879845789,4.008392641445618,1,4,2,1
13.366666666666667,967.245967224562,599.3829647408204,3.988985333913168,1,4,2,1
13.375,967.4616346954919,598.3912500304452,4.029319182622886,1,4,2,1
13.383333333333333,966.9570487390533,596.8869807333713,3.9979990275950494,1,4,2,1
13.391666666666667,967.423231888942,595.6214239976424,4.000241652194579,1,4,2,1
13.4,967.2160089098115,596.7355250733356,3.989267376539158,1,4,2,1
13.408333333333333,967.3813633754593,597.2001732954145,4.016972642984475,1,4,2,1
13.416666666666666,967.9493770017021,596.8779856758167,3.9861167174526893,1,4,2,1
13.425,967.3941587273312,595.9654949331909,3.9361055440228654,1,4,2,1
13.433333333333334,967.1169168851471,596.2972265906126,3.954589166634218,1,4,2,1
13.441666666666666,967.5496447502048,596.1810502342224,3.948093162716185,1,4,2,1
13.45,967.3199666533205,596.6889580013648,3.9463531447015434,1,4,2,1
13.458333333333334,968.4973302993644,596.8945611014038,3.952397908729515,1,4,2,1
13.466666666666667,968.8831854634859,597.207650892154,4.01010815139657,1,4,2,1
13.475,969.3033702689835,596.8285924763205,4.022662616443544,1,4,2,1
13.483333333333333,969.4270316453362,596.2744461971494,4.021225099243728,1,4,2,1
13.491666666666667,969.3356640813498,595.5339513984228,4.001495219161403,1,4,2,1
13.5,969.4362469088522,594.4253883898139,4.009081387092181,1,4,2,1
13.508333333333333,970.0714940747833,594.291602221322,3.999485890249082,1,4,2,1
13.516666666666667,970.8906617380326,593.0848589876211,4.0104281390192575,1,4,2,1
13.525,971.6247895377957,592.5533003062789,3.9318572642205756,1,4,2,1
13.533333333333333,971.4975220952405,590.9299728969535,4.007299543449772,1,4,2,1
13.541666666666666,971.6400932572142,591.4071131226559,3.9684253513051413,1,4,2,1
13.55,973.4665141905476,591.3748072353571,3.99901715822703,1,4,2,1
13.558333333333334,972.7835324801168,592.2297384580263,4.027575773477399,1,4,2,1
13.566666666666666,973.1981921868976,592.2572181072568,3.9283316041307588,1,4,2,1
13.575,974.5424917849349,591.8230081077177,4.0214508679455365,1,4,2,1
13.583333333333334,974.7537044202294,592.3551350880604,3.995078632343658,1,4,2,1
13.591666666666667,974.2287777632608,592.2620793262024,4.003581210551665,1,4,2,1
13.6,975.134338700721,592.579604407015,3.9851870562421374,1,4,2,1
13.608333333333333,974.8658932671394,592.8901150851227,3.972956843010541,1,4,2,1
13.616666666666667,975.3523817640862,592.8127645579663,4.000764796871869,1,4,2,1
13.625,975.3276227280331,593.2452501055545,3.9913192974024274,1,4,2,1
13.633333333333333,975.6322756422553,593.808915833556,4.0690856330831675,1,4,2,1
13.641666666666667,975.4151896229505,593.6455561612823,4.011705206369291,1,4,2,1
13.65,974.5730196613739,594.1613378691593,3.9768180409810867,1,4,2,1
13.658333333333333,975.2916655597204,593.9576678018598,4.012051613088158,1,4,2,1
13.666666666666666,974.6251183608681,594.8102357688265,4.038020976958899,1,4,2,1
13.675,973.3930086823335,595.4753386218406,3.9605033737438435,1,4,2,1
13.683333333333334,971.7518949432555,595.7441838472198,3.998980022824218,1,4,2,1
13.691666666666666,971.4580302312706,595.8079129393257,3.987547809026065,1,4,2,1
13.7,970.1333536650769,596.3062525325543,3.9971678501370587,1,4,2,1
13.708333333333334,969.934076423922,597.6571567400482,4.022637028782635,1,4,2,1
13.716666666666667,969.4176862408889,598.3833224075489,3.9840307675011077,1,4,2,1
13.725,969.484509974084,598.9327635054484,4.018225377215284,1,4,2,1
13.733333333333333,970.5459056789214,598.505527500386,4.0253610039948535,1,4,2,1
13.741666666666667,970.5476697012216,598.0794984656055,4.027229172666867,1,4,2,1
13.75,968.9286770453899,597.678779345365,4.008869768608642,1,4,2,1
13.758333333333333,968.6876042572306,597.207235397009,3.961335524849123,1,4,2,1
13.766666666666667,967.7658941630729,595.6204668073971,3.942908865055246,1,4,2,1
13.775,966.6901057584682,594.9626759834797,4.057138633186267,1,4,2,1
13.783333333333333,966.4080539615431,596.0588481979403,4.034390430900308,1,4,2,1
13.791666666666666,966.8079249027646,596.4905662261581,3.974357042370673,1,4,2,1
13.8,966.519013640513,596.8466096324322,3.977085862703132,1,4,2,1
13.808333333333334,966.9080812792552,596.7270069813331,4.021489960792195,1,4,2,1
13.816666666666666,965.678608181458,598.1784729787705,3.9904825623832747,1,4,2,1
13.825,964.7507902215509,597.5128954657155,3.9645890442724676,1,4,2,1
13.833333333333334,964.6777820775281,598.2226682930059,3.99053247126789,1,4,2,1
13.841666666666667,964.5790442999688,596.5830965732949,3.958771834227539,1,4,2,1
13.85,963.3435780931209,597.5216594956065,3.9643149114893417,1,4,2,1
13.858333333333333,962.2118704281079,597.972501998163,3.975344039509208,1,4,2,1
13.866666666666667,963.146603453052,597.92845972034,4.009088854998826,1,4,2,1
13.875,963.2302942664166,598.4835917144305,4.012869075329609,1,4,2,1
13.883333333333333,962.7111547528978,597.4163494770478,3.940242589527841,1,4,2,1
13.891666666666667,962.1329382743363,596.8142243680003,4.020395267347954,1,4,2,1
13.9,961.848357784323,597.3794776168982,4.028775253233817,1,4,2,1
13.908333333333333,961.6675700594722,598.8342413210218,4.0297735097015375,1,4,2,1
13.916666666666666,961.1470550399093,598.7214370759124,4.004029682401243,1,4,2,1
13.925,961.880878300388,599.1706084081301,4.036064689907352,1,4,2,1
13.933333333333334,961.4014608441369,598.568690900564,3.920357920563409,1,4,2,1
13.941666666666666,959.6456700898378,598.0794694011182,4.0651056108467,1,4,2,1
13.95,959.8960440899278,597.8587088360213,3.992291071572086,1,4,2,1
13.958333333333334,960.4095797126771,595.968774695531,4.0132367515083285,1,4,2,1
13.966666666666667,961.6287623248162,593.829707160725,4.0097636209245495,1,4,2,1
13.975,960.7600614906695,595.5000805685227,4.017183622315189,1,4,2,1
13.983333333333333,960.6564505405731,593.3888773193513,3.987230728972479,1,4,2,1
13.991666666666667,960.657502515342,593.8758019888351,4.014957860900942,1,4,2,1
14.0,959.6738133466068,593.509962042932,3.9901213626117396,1,4,2,1
14.008333333333333,960.0062027964832,592.6887789448801,3.990421549794213,1,4,2,1
14.016666666666667,959.8378925727923,592.6120220772428,4.070040382725937,1,4,2,1
14.025,960.1585107199594,593.2097972336818,3.995487633376632,1,4,2,1
14.033333333333333,960.7677776928462,593.4260201794128,3.9971336153702737,1,4,2,1
14.041666666666666,962.2122136475965,594.052221373563,4.0030408625938705,1,4,2,1
14.05,961.6848384284009,592.5690717030899,3.9685867834642328,1,4,2,1
14.058333333333334,962.5163513350726,592.6296179948827,4.037141830765912,1,4,2,1
14.066666666666666,962.0296820828363,594.6352929926486,3.99688928868237,1,4,2,1
14.075,962.9158303810646,594.8197895833052,4.001236924300662,1,4,2,1
14.083333333333334,962.2630998360983,594.8048733741531,3.9859122621016234,1,4,2,1
14.091666666666667,962.7316476437686,595.2644131384407,4.020018220784766,1,4,2,1
14.1,963.9386032901109,595.7126520341824,3.9657700111458367,1,4,2,1
14.108333333333333,964.294136613516,595.5820389884367,3.993856360779288,1,4,2,1
14.116666666666667,965.2180945542195,594.7090413971227,4.007334554666088,1,4,2,1
14.125,964.6231318606756,594.8885433392674,4.042639727739273,1,4,2,1
14.133333333333333,964.847142482901,594.80801238621,4.032966880374891,1,4,2,1
14.141666666666667,966.0184285167682,594.6174583652103,4.039657757513493,1,4,2,1
14.15,965.7261345962003,595.0348298684904,3.9654423901713467,1,4,2,1
14.158333333333333,965.3752912896804,594.3236242135405,4.010248091006289,1,4,2,1
14.166666666666666,964.8659883143678,593.7156232229886,3.9666933463925154,1,4,2,1
14.175,964.9969715051253,593.6110513414895,3.991551750910174,1,4,2,1
14.183333333333334,964.1211022489072,594.9514772944265,4.073978870849013,1,4,2,1
14.191666666666666,963.718688656841,594.5486134552277,3.992113363379203,1,4,2,1
14.2,964.265393968019,594.1853155644744,4.0050528131143945,1,4,2,1
14.208333333333334,963.8135612930716,593.4221407208801,3.951222916857668,1,4,2,1
14.216666666666667,962.282303295531,593.2688121136686,4.010631814520563,1,4,2,1
14.225,962.122928931626,593.465134620917,3.99505109725625,1,4,2,1
14.233333333333333,961.1932925623992,592.8621014598898,4.02936732744568,1,4,2,1
14.241666666666667,961.7549372302386,592.3048249101789,4.035704220205542,1,4,2,1
14.25,961.2414240290763,591.736443173928,3.9542001922396572,1,4,2,1
14.258333333333333,961.2596563213095,590.7266322588722,3.9889010700215355,1,4,2,1
14.266666666666667,960.570351118307,590.4132697812497,3.9991494172315134,1,4,2,1
14.275,961.5793213255834,591.060358677176,4.059153832553109,1,4,2,1
14.283333333333333,960.0034453418949,590.80696448017,4.010516562274452,1,4,2,1
14.291666666666666,961.43701987283,589.3731047089377,4.040794836555276,1,4,2,1
14.3,960.5844540625245,589.0239746533069,4.058596774940567,1,4,2,1
14.308333333333334,960.011363618749,589.588243352618,3.9966432374348084,1,4,2,1
14.316666666666666,960.0969423262648,590.5888504457656,4.009381657386709,1,4,2,1
14.325,959.3078224590785,589.9973900464072,4.052087185673086,1,4,2,1
14.333333333333334,959.4974429992216,589.8142770746559,4.007975870865593,1,4,2,1
14.341666666666667,958.5698504469988,590.8773590347766,4.047957061439306,1,4,2,1
14.35,958.9183932416458,590.9013135259114,4.095923438002405,1,4,2,1
14.358333333333333,957.3673607042144,592.0776490353733,4.031367140812626,1,4,2,1
14.366666666666667,957.6606815232133,591.0065266100648,4.011126308643674,1,4,2,1
14.375,957.0804770513524,591.9571065978298,4.00121164952904,1,4,2,1
14.383333333333333,958.6354899703496,594.7694497666407,4.012898435922073,1,4,2,1
14.391666666666667,958.9014635804473,594.5855851329992,3.9768185659278767,1,4,2,1
14.4,957.3081507588662,594.3930554324662,4.038365441742001,1,4,2,1
14.408333333333333,957.3228565122907,593.9360611875143,4.019688727810028,1,4,2,1
14.416666666666666,956.4901634002415,593.793439544381,4.076488027740762,1,4,2,1
14.425,956.1101597480933,592.8404175927101,4.041959514027662,1,4,2,1
14.433333333333334,954.6664255865551,591.826224904657,4.0068261860107475,1,4,2,1
14.441666666666666,956.0431035747295,591.6526322535997,4.05660484448204,1,4,2,1
14.45,955.7190447869875,592.0595530613757,4.013333695672089,1,4,2,1
14.458333333333334,955.5639044696704,591.9962504596878,4.044018834575884,1,4,2,1
14.466666666666667,956.4045771663243,591.2057040722184,4.008064776546116,1,4,2,1
14.475,956.4164945982112,592.0607124138439,4.048975668267875,1,4,2,1
14.483333333333333,956.2227938366053,591.2079855776022,4.049412940176586,1,4,2,1
14.491666666666667,955.5399452251436,592.6298339797542,4.02766754657803,1,4,2,1
14.5,956.8500303865886,592.1624600155534,4.027705949136193,1,4,2,1
14.508333333333333,957.3897596778355,593.1433105240142,4.036031653471595,1,4,2,1
14.516666666666667,956.6695022274846,592.2303459637822,4.0589477456773295,1,4,2,1
14.525,957.6867656053837,591.6535024105942,4.058994129896124,1,4,2,1
14.533333333333333,958.3918687960228,591.4643935320114,4.002585208871162,1,4,2,1
14.541666666666666,958.7705672444202,591.3873137961403,4.081060431404237,1,4,2,1
14.55,958.7765174036817,592.650890147473,4.030809399921739,1,4,2,1
14.558333333333334,434.24193148464644,511.38837313642955,4.0973753464288905,1,4,2,1
14.566666666666666,434.127246064057,511.7707652062451,4.00429631298816,1,4,2,1
14.575,957.429546257454,595.6247534977069,4.000323789864534,1,4,2,1
14.583333333333334,957.7751628318169,595.0906321976894,4.073747683340909,1,4,2,1
14.591666666666667,956.9506596163366,595.2513821156857,4.061499715088805,1,4,2,1
14.6,957.6442800937577,594.3933597384776,4.026341412016829,1,4,2,1
14.608333333333333,957.6842774392402,594.7016916243654,4.063766925989997,1,4,2,1
14.616666666666667,958.4309947285233,594.0913858769859,4.02408504685079,1,4,2,1
14.625,957.9244085115988,593.5560120209586,4.113995265635074,1,4,2,1
14.633333333333333,957.1163555128785,593.9805689737185,4.055029195645681,1,4,2,1
14.641666666666667,957.974654991128,593.4828974238374,4.070918392612927,1,4,2,1
14.65,957.2722320032746,592.8342048896039,3.9805030721291983,1,4,2,1
14.658333333333333,956.9373087132599,592.6264653910096,4.046274964330309,1,4,2,1
14.666666666666666,957.841537843587,591.8429312031434,4.025831740786206,1,4,2,1
14.675,957.997433036909,591.5460771550955,4.070754484984917,1,4,2,1
14.683333333333334,957.867089054624,591.410000216497,4.090808894839299,1,4,2,1
14.691666666666666,959.0988804193835,591.1982292687073,4.0295659952786185,1,4,2,1
14.7,959.3814424524372,591.6417483329719,4.117677687872648,1,4,2,1
14.708333333333334,959.2325521279389,591.1212591114909,4.033875056249025,1,4,2,1
14.716666666666667,959.3019307793971,590.9702191084816,4.130858426970673,1,4,2,1
14.725,960.2620191392332,591.2193896251007,4.0935093933503115,1,4,2,1
14.733333333333333,958.8577423578952,590.2954031265699,4.056554490232596,1,4,2,1
14.741666666666667,957.2237150628017,589.9027063660576,4.115495448475668,1,4,2,1
14.75,956.90538598377,590.2820537454497,4.059326901274022,1,4,2,1
14.758333333333333,957.3632960455119,590.4576910174982,4.0388444644083386,1,4,2,1
14.766666666666667,959.0393872430038,588.1157200032685,4.066509815700319,1,4,2,1
14.775,959.3793369932595,589.6300210211441,4.02405912600826,1,4,2,1
14.783333333333333,959.3937632505571,589.8495240491645,4.116846836871656,1,4,2,1
14.791666666666666,960.0374205688136,589.063175063962,4.039575838424617,1,4,2,1
14.8,959.6901493222914,589.4426139802305,4.056565193377623,1,4,2,1
14.808333333333334,958.278751239398,589.4072512081267,4.055512458512525,1,4,2,1
14.816666666666666,956.0931107459495,590.7338124766362,4.155423463860627,1,4,2,1
14.825,955.2017787105415,590.4094124003658,4.068812090515784,1,4,2,1
14.833333333333334,954.9652330838344,590.5782589440602,4.110065318137293,1,4,2,1
14.841666666666667,955.593877956702,590.0770372722058,4.1022457028255,1,4,2,1
14.85,954.9234433637633,589.97758684284,4.0483833839262715,1,4,2,1
14.858333333333333,956.8099123185099,588.7961273275516,4.070029263074619,1,4,2,1
14.866666666666667,956.3025694269568,588.1003054329758,4.036847338163655,1,4,2,1
14.875,955.0345834788122,587.3802136913041,4.062908462487096,1,4,2,1
14.883333333333333,955.3226516398304,587.2196658410697,4.085777585441867,1,4,2,1
14.891666666666667,955.4268453941585,586.8428269639007,4.117196927588602,1,4,2,1
14.9,956.4263075900225,587.0412143937806,4.089641233466499,1,4,2,1
14.908333333333333,956.8982622141859,587.9000222934948,4.1009232165920855,1,4,2,1
14.916666666666666,955.6478375411156,587.8569890650459,4.106887880836221,1,4,2,1
14.925,956.6640695506593,588.9244146826769,4.102919512618133,1,4,2,1
14.933333333333334,957.0353285925925,589.6595817713733,4.128723718434504,1,4,2,1
14.941666666666666,959.2237214096541,590.2750445448869,4.136079192242158,1,4,2,1
14.95,958.146742208529,592.032624008089,4.092080395107711,1,4,2,1
14.958333333333334,957.9252520782254,590.7054312166205,4.128791685028434,1,4,2,1
14.966666666666667,956.9197628868657,591.0657568886053,4.084040042650032,1,4,2,1
14.975,955.2736952002139,591.33351684898,4.094841369929023,1,4,2,1
14.983333333333333,956.8024605585586,591.4745429054014,4.113414457643085,1,4,2,1
14.991666666666667,956.2616405205949,591.0654478561561,4.127198868684623,1,4,2,1
15.0,956.4992624083951,590.8555281035002,4.110172504491758,1,4,2,1
15.008333333333333,956.5332158852558,590.4621822090003,4.051599484125163,1,4,2,1
15.016666666666667,958.0610339680121,591.2706714889358,4.116123869210389,1,4,2,1
15.025,957.4343363522876,591.7375286979754,4.144164882526533,1,4,2,1
15.033333333333333,957.7585770703928,592.231251185732,4.08853734512487,1,4,2,1
15.041666666666666,956.3102304924914,591.9102690903761,4.095045662991986,1,4,2,1
15.05,956.0509558853806,592.0491580287558,4.082908604639043,1,4,2,1
15.058333333333334,955.6085698768027,592.6330843184443,4.026518032911038,1,4,2,1
15.066666666666666,955.7414132466237,592.8455383528395,4.11529523142423,1,4,2,1
15.075,954.8935232361448,591.929506697237,4.159472859361237,1,4,2,1
15.083333333333334,955.0679359026487,592.239041634666,4.098380954491511,1,4,2,1
15.091666666666667,955.5119681859179,592.1522162174862,4.038499337101238,1,4,2,1
15.1,955.3640282623365,592.9482530367507,4.103636472155104,1,4,2,1
15.108333333333333,955.7337764195101,592.1351747775554,4.08215669202471,1,4,2,1
15.116666666666667,955.7724679581576,592.4976630707063,4.131496684632506,1,4,2,1
15.125,956.0921229215253,591.4851455780691,4.116731373911219,1,4,2,1
15.133333333333333,956.5376288065921,593.3925471792182,4.139944394788843,1,4,2,1
15.141666666666667,956.7043288333847,593.9883539311753,4.13269912541125,1,4,2,1
15.15,955.6149872500998,592.4677115512698,4.13519540301855,1,4,2,1
15.158333333333333,954.7992896378389,591.7284237804608,4.09185940215215,1,4,2,1
15.166666666666666,954.6020550522624,591.1713291263109,4.13096776255294,1,4,2,1
15.175,954.343093070642,589.0059903477373,4.097324622022786,1,4,2,1
15.183333333333334,953.2287503553574,591.4272319794655,4.124347491496591,1,4,2,1
15.191666666666666,952.6240149461456,591.3589141902893,4.060413217119877,1,4,2,1
15.2,953.4030758142478,592.2898834316231,4.0989713298923505,1,4,2,1
15.208333333333334,953.5777005703612,592.4642799709685,4.150721347625899,1,4,2,1
15.216666666666667,953.0039018056437,593.5302119950534,4.1345702403731535,1,4,2,1
15.225,951.815889191965,593.8830632620305,4.142704383334043,1,4,2,1
15.233333333333333,950.1397167034132,595.1021864606021,4.109629014868207,1,4,2,1
15.241666666666667,951.3580297854869,594.3384405769374,4.105222142229282,1,4,2,1
15.25,951.8309926736997,594.0974962900556,4.18834245056708,1,4,2,1
15.258333333333333,951.1696257582479,594.0009818359665,4.177184967000743,1,4,2,1
15.266666666666667,950.3083288792031,593.3385983472403,4.1889242474462645,1,4,2,1
15.275,949.5835897496584,592.89778289016,4.114209198254452,1,4,2,1
15.283333333333333,948.4984798941222,591.6993206141324,4.146251937705379,1,4,2,1
15.291666666666666,948.4899097075196,591.6416970552411,4.194492785829516,1,4,2,1
15.3,948.0096860489488,591.7756444859692,4.202157136005221,1,4,2,1
15.308333333333334,947.2915680555277,592.5598866256717,4.133419852630062,1,4,2,1
15.316666666666666,945.3780923327621,591.9858063572026,4.104975013207729,1,4,2,1
15.325,945.9246950640683,591.7371394125684,4.104479153925004,1,4,2,1
15.333333333333334,945.3344809077875,592.3318468730963,4.105064653789676,1,4,2,1
15.341666666666667,945.991486580588,593.3481462601325,4.246115305130634,1,4,2,1
15.35,945.3002793048543,594.4514213840636,4.101681202208923,1,4,2,1
15.358333333333333,944.5258733314648,594.6993573595547,4.148062654197528,1,4,2,1
15.366666666666667,944.1662666920735,593.9405486225704,4.13555762013314,1,4,2,1
15.375,942.4593474042701,593.6343328527005,4.1145612619389915,1,4,2,1
15.383333333333333,941.495426363991,592.8108804681973,4.221985075464488,1,4,2,1
15.391666666666667,941.9225770972383,592.4376660562068,4.148860534408953,1,4,2,1
15.4,942.2177876340419,591.6856244285856,4.123546177576811,1,4,2,1
15.408333333333333,941.585809994812,592.0324769698234,4.138454506826403,1,4,2,1
15.416666666666666,941.0821920510045,591.3303664101286,4.103802403235463,1,4,2,1
15.425,939.675150191293,591.0313004742083,4.071345624545321,1,4,2,1
15.433333333333334,939.4476088741411,590.7131603652541,4.091635794608521,1,4,2,1
15.441666666666666,939.7554548712168,590.013082330247,4.12062263765599,1,4,2,1
15.45,940.0709391609465,590.2461157051091,4.182134857449137,1,4,2,1
15.458333333333334,939.3825146046725,591.0422439508985,4.12631700040369,1,4,2,1
15.466666666666667,938.9961732891353,590.2567732673864,4.1294897918182505,1,4,2,1
15.475,939.4659071080266,590.7757316134058,4.106479941083525,1,4,2,1
15.483333333333333,939.4180653535029,590.962750368458,4.149254827893997,1,4,2,1
15.491666666666667,940.7595329389832,590.3392384593236,4.219799658188757,1,4,2,1
15.5,940.6549721018266,589.4500579113392,4.16904631853263,1,4,2,1
15.508333333333333,938.9321825968843,589.2710953390746,4.1649067117587775,1,4,2,1
15.516666666666667,940.6447969770774,588.6484430376815,4.139947612173948,1,4,2,1
15.525,941.3132776019598,588.4983117090597,4.185983985619368,1,4,2,1
15.533333333333333,939.6534331054928,588.3930142541726,4.191284259408666,1,4,2,1
15.541666666666666,938.6105958078564,588.0253291247797,4.169057317414077,1,4,2,1
15.55,938.6011834001391,588.8958521251815,4.154908565016678,1,4,2,1
15.558333333333334,939.4003597558,588.7768644393875,4.195249771660106,1,4,2,1
15.566666666666666,938.7539118696235,587.5117530898685,4.204941064600011,1,4,2,1
15.575,939.0001146240028,587.7741784308363,4.185770740865077,1,4,2,1
15.583333333333334,939.2165919874367,588.2746787207333,4.133264537541056,1,4,2,1
15.591666666666667,939.4111013170763,587.4807209467624,4.1965477124817445,1,4,2,1
15.6,939.2381782231358,587.2390062957276,4.153491584615498,1,4,2,1
15.608333333333333,939.4097488939223,586.3846715524897,4.206816446351273,1,4,2,1
15.616666666666667,940.7672794187165,586.7310823373277,4.140683740521603,1,4,2,1
15.625,939.967385225282,585.9402727398931,4.16037333362546,1,4,2,1
15.633333333333333,939.9304327067648,587.2248325413923,4.232246068969637,1,4,2,1
15.641666666666667,940.6213804673772,588.0747384322069,4.141229849797834,1,4,2,1
15.65,940.8522460352696,587.3382868567602,4.2524172727892084,1,4,2,1
15.658333333333333,940.0167547742935,588.8469627344697,4.2077460948657235,1,4,2,1
15.666666666666666,939.8386264187614,589.1879479061967,4.156034660470866,1,4,2,1
15.675,939.5684533874943,589.601587881685,4.20976988466275,1,4,2,1
15.683333333333334,938.9818948457839,588.2122357329359,4.20171614530044,1,4,2,1
15.691666666666666,939.809471837317,588.3601919779895,4.194652708077039,1,4,2,1
15.7,938.3338703959934,588.4901816991631,4.1920751585701925,1,4,2,1
15.708333333333334,938.5413682751072,588.6977293049442,4.214664956636057,1,4,2,1
15.716666666666667,937.8743421276436,588.0141509744724,4.1840940369898165,1,4,2,1
15.725,938.3575789852221,588.133335555736,4.255945316406099,1,4,2,1
15.733333333333333,937.3649146726277,588.0905542148828,4.186464163550233,1,4,2,1
15.741666666666667,937.9952740066215,589.0041153617132,4.184691817389876,1,4,2,1
15.75,937.4731740620159,589.9129841138599,4.185794783328258,1,4,2,1
15.758333333333333,937.6853660215202,591.3285289341513,4.146642099966189,1,4,2,1
15.766666666666667,937.3312432618649,592.0213921272701,4.201900170119877,1,4,2,1
15.775,938.6748644815884,591.2179842242894,4.179622655476763,1,4,2,1
15.783333333333333,938.2796166788039,589.1673832312549,4.241585065781687,1,4,2,1
15.791666666666666,938.8715964546127,589.2078746095143,4.23251993821835,1,4,2,1
15.8,937.9019854643363,589.3808484228847,4.180685851875973,1,4,2,1
15.808333333333334,938.8442690237625,589.0938528587066,4.1570870873764845,1,4,2,1
15.816666666666666,938.6061442644675,589.2499705421127,4.224427981420393,1,4,2,1
15.825,938.5861215082517,589.737117353091,4.15767482515999,1,4,2,1
15.833333333333334,937.5460996660341,589.8472872767444,4.202780480079236,1,4,2,1
15.841666666666667,938.6422174555723,591.0442781427705,4.236538333206715,1,4,2,1
15.85,937.7239587576865,592.0488031801615,4.160393060130433,1,4,2,1
15.858333333333333,937.6502656002594,590.8473293826464,4.179220809933773,1,4,2,1
15.866666666666667,936.4734770864588,590.5839222623626,4.188783718567721,1,4,2,1
15.875,935.0581730904244,591.2469046408977,4.172539939378978,1,4,2,1
15.883333333333333,934.3161702740553,592.4493149978135,4.1296232058023,1,4,2,1
15.891666666666667,933.7312374394794,591.4256120237249,4.158302722678219,1,4,2,1
15.9,933.6457790659425,592.0529332381353,4.167810480729361,1,4,2,1
15.908333333333333,933.6222727552929,592.3352954901575,4.1891663037014135,1,4,2,1
15.916666666666666,932.3301212893884,591.2040880209736,4.188379154670622,1,4,2,1
15.925,933.2503774014252,591.6873193358261,4.184317704139609,1,4,2,1
15.933333333333334,932.5262162325348,591.1228516053864,4.155413656113196,1,4,2,1
15.941666666666666,932.6312049545292,592.1379999714228,4.234302905173963,1,4,2,1
15.95,931.3990249900626,592.3825015627491,4.196754776021373,1,4,2,1
15.958333333333334,930.7783740083566,592.3022592450188,4.210279857430518,1,4,2,1
15.966666666666667,931.6371862015969,593.7184851348335,4.179110051552245,1,4,2,1
15.975,931.9243409656389,593.1048330403056,4.186264946592253,1,4,2,1
15.983333333333333,932.175169481301,593.2277349116088,4.22168952970535,1,4,2,1
15.991666666666667,932.1810727692332,593.1703753890099,4.151029647706213,1,4,2,1
16.0,931.207719620032,593.3276363157472,4.142601294892288,1,4,2,1
16.008333333333333,931.9999933191888,593.2035866119284,4.153865342799492,1,4,2,1
16.016666666666666,933.3941085001475,593.2193433415273,4.193976493439129,1,4,2,1
16.025,932.7319931687279,593.363306374347,4.20947726049335,1,4,2,1
16.033333333333335,932.5806629616604,593.5841378258156,4.177873494044186,1,4,2,1
16.041666666666668,932.6582885426651,593.8091688502495,4.224496270801514,1,4,2,1
16.05,930.888930099018,594.0669880966325,4.235422116174038,1,4,2,1
16.058333333333334,931.1164855676834,592.9633515442534,4.222747299837101,1,4,2,1
16.066666666666666,932.5023620236356,593.2228301008812,4.162184972750719,1,4,2,1
16.075,932.7384394102111,594.4496173123777,4.209707168152206,1,4,2,1
16.083333333333332,931.0589864387346,594.5638245656104,4.2673126980766245,1,4,2,1
16.091666666666665,930.7535452647554,595.1503945956133,4.220077500665907,1,4,2,1
16.1,929.4953214273072,594.6296505334283,4.24070472348819,1,4,2,1
16.108333333333334,928.6261066139248,595.3785265194981,4.196641201266512,1,4,2,1
16.116666666666667,929.0576643990273,595.0511407612275,4.2200943062027365,1,4,2,1
16.125,929.4964214558415,594.7977151617714,4.179790252626607,1,4,2,1
16.133333333333333,929.7180932793908,593.9709683267893,4.172546063375837,1,4,2,1
16.141666666666666,931.7021691620828,595.3133789453146,4.219603487895693,1,4,2,1
16.15,930.5305614222909,596.2720071076141,4.209155728180455,1,4,2,1
16.158333333333335,930.63574686293,595.8014728409183,4.209388953904037,1,4,2,1
16.166666666666668,930.0368768926343,595.5549869466346,4.225674199164065,1,4,2,1
16.175,930.4663423311604,594.9045997479463,4.225970111198888,1,4,2,1
16.183333333333334,931.3989227433597,594.8558554412214,4.152104594730691,1,4,2,1
16.191666666666666,931.2089360902669,593.0859873657151,4.217048756967698,1,4,2,1
16.2,930.9275656266301,594.3147368398456,4.22898423514178,1,4,2,1
16.208333333333332,931.8611983562172,594.7002249770592,4.154107378773738,1,4,2,1
16.216666666666665,931.9874190925315,594.9849655859064,4.192996626916409,1,4,2,1
16.225,933.963377605724,594.4936325689084,4.183288443221034,1,4,2,1
16.233333333333334,932.9533928853201,594.054920023219,4.226244392130627,1,4,2,1
16.241666666666667,932.5404438368349,595.1823063519253,4.23597778179564,1,4,2,1
16.25,932.8743389242779,594.022123389616,4.196188398026485,1,4,2,1
16.258333333333333,932.9656667096987,593.7362303521417,4.218708391090576,1,4,2,1
16.266666666666666,934.0802561899472,594.330942309441,4.147253346640372,1,4,2,1
16.275,934.5136326987632,596.3370905479317,4.170943068949643,1,4,2,1
16.283333333333335,932.6747054483689,597.1629818890358,4.168745871405884,1,4,2,1
16.291666666666668,932.7558299055853,596.8025398701214,4.251706107914555,1,4,2,1
16.3,934.0706957505669,596.8864645084367,4.231130738274996,1,4,2,1
16.308333333333334,932.8170582680517,596.3868617430599,4.17795957308634,1,4,2,1
16.316666666666666,932.9631382984504,596.6248335720034,4.156295799891018,1,4,2,1
16.325,935.2327094675202,597.4074540096684,4.150899285236421,1,4,2,1
16.333333333333332,935.663213936533,596.2163120494045,4.224456598367684,1,4,2,1
16.341666666666665,936.6960042873819,596.1180860392823,4.1575978055079865,1,4,2,1
16.35,936.5956047641736,596.4113973811216,4.208559447475187,1,4,2,1
16.358333333333334,936.6710675384293,595.5755823165142,4.222668381651671,1,4,2,1
16.366666666666667,936.1497504333248,595.5693924301531,4.271512836593888,1,4,2,1
16.375,936.1005435959858,594.9180533290787,4.159204201557509,1,4,2,1
16.383333333333333,936.5640503693576,595.551329856308,4.2059904362736775,1,4,2,1
16.391666666666666,936.750792045927,596.9401197501143,4.245914056437244,1,4,2,1
16.4,935.8273507625524,596.0481005076473,4.195685101447731,1,4,2,1
16.408333333333335,933.2117200578407,595.473960546334,4.213387330128087,1,4,2,1
16.416666666666668,932.5178764420749,595.0027399603249,4.217001029279706,1,4,2,1
16.425,932.7564733941036,595.7975501774404,4.1972227857347395,1,4,2,1
16.433333333333334,933.5245103311522,596.610486381977,4.206323474520251,1,4,2,1
16.441666666666666,934.4352769602318,597.2256565043782,4.230302537467856,1,4,2,1
16.45,934.1180810307733,596.9666117366693,4.250873782441531,1,4,2,1
16.458333333333332,933.5505652437931,596.5070721658416,4.24400617106253,1,4,2,1
16.466666666666665,932.9167106880891,595.3618072984609,4.271066686214041,1,4,2,1
16.475,934.6747641697903,595.1737262144969,4.272130997631956,1,4,2,1
16.483333333333334,935.7678301532095,593.8668721729796,4.236362239730011,1,4,2,1
16.491666666666667,934.8751440545685,593.0656903394973,4.222018546405945,1,4,2,1
16.5,936.2078373373914,595.3700037235633,4.2545052726972985,1,4,2,1
16.508333333333333,935.7326606349791,595.4269086980165,4.264507746916272,1,4,2,1
16.516666666666666,934.6098926950033,596.1947493968541,4.309579304408695,1,4,2,1
16.525,935.7192151951211,595.0812208479189,4.325678169044665,1,4,2,1
16.533333333333335,826.8488068382663,770.7010213466441,4.314349355787934,1,4,2,1
16.541666666666668,826.8365225039529,769.7713192850056,4.311673638963676,1,4,2,1
16.55,934.4973032754455,593.7198058892884,4.251081055278903,1,4,2,1
16.558333333333334,934.7949243886474,592.947287316993,4.2904621394397635,1,4,2,1
16.566666666666666,934.187604199388,591.4028874496124,4.338037623915192,1,4,2,1
16.575,934.4152896092138,591.4791373044671,4.308677055853595,1,4,2,1
16.583333333333332,933.7124261160304,590.8791404988989,4.334473588622897,1,4,2,1
16.591666666666665,933.2795867848733,590.337055311373,4.334882133965363,1,4,2,1
16.6,932.4093779537346,590.1656161098215,4.336270472515972,1,4,2,1
16.608333333333334,931.3362031804917,590.9010807296049,4.350640618248321,1,4,2,1
16.616666666666667,932.152473443286,591.1951527429375,4.266965413086141,1,4,2,1
16.625,932.4130921748952,591.4616363688872,4.3851349037433875,1,4,2,1
16.633333333333333,932.2088639891361,591.5628031266315,4.347980551433659,1,4,2,1
16.641666666666666,932.9093536358622,592.9369836052022,4.366579184544328,1,4,2,1
16.65,931.0077492630926,592.3807412734917,4.324334590338968,1,4,2,1
16.658333333333335,930.3576927589074,591.9277048055651,4.373256802954787,1,4,2,1
16.666666666666668,931.28744468616,591.5364404422046,4.32585327340139,1,4,2,1
16.675,931.2529613338887,591.2120468837921,4.327683490137179,1,4,2,1
16.683333333333334,932.653930800619,591.9007907812721,4.348116146397997,1,4,2,1
16.691666666666666,933.8378451050252,592.5114013576549,4.294351269029924,1,4,2,1
16.7,933.471259851521,592.1242144680249,4.2797713723346495,1,4,2,1
16.708333333333332,934.2608609274919,591.7543775160556,4.396760023499223,1,4,2,1
16.716666666666665,932.5784327520554,591.3559925738768,4.314391802952627,1,4,2,1
16.725,931.9513917611943,590.1553547312191,4.338734901272735,1,4,2,1
16.733333333333334,931.7753736406472,589.9527590057404,4.304406144599679,1,4,2,1
16.741666666666667,932.4279601151187,590.0475128002438,4.297258916352879,1,4,2,1
16.75,932.7592387705902,589.9713695103841,4.316229852474017,1,4,2,1
16.758333333333333,932.747781603234,590.501394210908,4.276551500879454,1,4,2,1
16.766666666666666,934.3634039202185,589.8605156556961,4.288834270489367,1,4,2,1
16.775,934.4567847416263,591.5783244931972,4.247492551627483,1,4,2,1
16.783333333333335,935.3828028138267,591.3488506213654,4.252963910373122,1,4,2,1
16.791666666666668,935.2164803029974,591.5703486761347,4.266385852184263,1,4,2,1
16.8,934.7997397640823,591.31429884065,4.254345814590397,1,4,2,1
16.808333333333334,934.0690068025672,590.6133732567843,4.271692609785988,1,4,2,1
16.816666666666666,932.7990544677818,591.004139531879,4.248925463505044,1,4,2,1
16.825,932.4406039626388,592.4276517308798,4.251708852604782,1,4,2,1
16.833333333333332,932.9726260287257,591.5247618112533,4.16700575497088,1,4,2,1
16.841666666666665,933.2169935888726,592.5770802699006,4.21124065085132,1,4,2,1
16.85,932.1596973405401,592.6918004163924,4.203465063668832,1,4,2,1
16.858333333333334,933.6642267252474,591.9342944026511,4.21606951402574,1,4,2,1
16.866666666666667,935.0536194032683,592.3068261094215,4.187041560186942,1,4,2,1
16.875,936.7778481288019,594.5831282981532,4.188957133758757,1,4,2,1
16.883333333333333,937.6594636407882,595.2475445209083,4.201528019696057,1,4,2,1
16.891666666666666,937.9298009267019,595.1744556590693,4.26940799222924,1,4,2,1
16.9,939.0383580216792,594.977981207182,4.142239969713487,1,4,2,1
16.908333333333335,938.3322942846958,594.969554270566,4.12600857701373,1,4,2,1
16.916666666666668,937.1181248826575,595.2984334140416,4.183061478844682,1,4,2,1
16.925,938.1735796452592,596.4268848106631,4.123624715708058,1,4,2,1
16.933333333333334,937.1172188526014,596.8682924829461,4.157984189457412,1,4,2,1
16.941666666666666,936.7344200021113,596.9375104128586,4.154528997188441,1,4,2,1
16.95,937.3390949543655,596.7863361164189,4.206109229357775,1,4,2,1
16.958333333333332,936.8550191475967,595.0087959710312,4.131988045245423,1,4,2,1
16.966666666666665,936.3971803189268,594.2680694008485,4.17031332948456,1,4,2,1
16.975,937.1891948701848,594.7162567270427,4.091526916552596,1,4,2,1
16.983333333333334,935.9260583626921,594.3930352352008,4.153513254510388,1,4,2,1
16.991666666666667,936.6176460205023,592.6616813268434,4.172165133313505,1,4,2,1
17.0,935.7381623725131,592.1091895601159,4.17489690774249,1,4,2,1
17.008333333333333,936.3633269743905,590.6681813437439,4.169356346807535,1,4,2,1
17.016666666666666,936.5028709673973,589.2682765407378,4.104527590103671,1,4,2,1
17.025,936.1336580746955,588.8331107937994,4.072944966857216,1,4,2,1
17.033333333333335,936.0211453915939,588.7662894611258,4.1630770546644,1,4,2,1
17.041666666666668,935.6715290015143,589.1034094467732,4.14047010215102,1,4,2,1
17.05,934.9121858605507,589.7180525577634,4.121431974558531,1,4,2,1
17.058333333333334,933.7439558440234,588.8877775221215,4.142645856120785,1,4,2,1
17.066666666666666,934.2296933104723,588.3693226231748,4.099927163761315,1,4,2,1
17.075,1139.3677307971075,963.5958475574733,4.16198932929339,1,4,2,1
17.083333333333332,1139.0325587787308,964.3506958149466,4.182472063199714,1,4,2,1
17.091666666666665,933.2509212209583,588.9337376380353,4.140461167905368,1,4,2,1
17.1,931.3551370458786,590.086017252823,4.14326610572779,1,4,2,1
17.108333333333334,931.0498560939234,590.1286749874201,4.177845769505469,1,4,2,1
17.116666666666667,931.8124938821014,590.7260287692236,4.158528497598088,1,4,2,1
17.125,931.214830835606,591.2924457001068,4.150594012130254,1,4,2,1
17.133333333333333,931.7342296206924,591.0288417551463,4.164220107666796,1,4,2,1
17.141666666666666,929.794279364703,591.538115652114,4.0890374025539495,1,4,2,1
17.15,930.276653342424,590.9608735354973,4.155783977507167,1,4,2,1
17.158333333333335,928.4229264009361,591.537959572989,4.139257885464549,1,4,2,1
17.166666666666668,927.5300648264866,593.0644029778823,4.174474508859766,1,4,2,1
17.175,928.538202075203,593.1456173173378,4.105767493652832,1,4,2,1
17.183333333333334,928.6617847176723,593.2213993539436,4.139846360957052,1,4,2,1
17.191666666666666,929.134372861906,592.6382206658194,4.144552306707103,1,4,2,1
17.2,927.7587829257211,592.2310746734105,4.156837022865744,1,4,2,1
17.208333333333332,927.1347734271014,591.8181852966972,4.155976967094469,1,4,2,1
17.216666666666665,927.0877018930897,592.0340346036328,4.150291956166979,1,4,2,1
17.225,926.5233523425907,593.1657161200709,4.132342242897275,1,4,2,1
17.233333333333334,926.1685308389195,593.9436954837291,4.1808902560174275,1,4,2,1
17.241666666666667,926.690026842255,594.4880146333795,4.208232096534698,1,4,2,1
17.25,926.2473839960755,595.4042974111757,4.149643745804553,1,4,2,1
17.258333333333333,926.3267465530997,594.3301902625836,4.118175308983626,1,4,2,1
17.266666666666666,927.9204282045865,595.3204667424623,4.144404461666841,1,4,2,1
17.275,-11.434646999827123,521.189100240425,4.114838741989045,1,4,2,1
17.283333333333335,-11.304266422416163,521.3699492924534,4.126848834952505,1,4,2,1
17.291666666666668,928.6457606465023,597.1254718801176,4.096683048838734,1,4,2,1
17.3,927.382336842638,598.1426278791056,4.129128312481496,1,4,2,1
17.308333333333334,926.8814339428664,597.6137560590156,4.163682859577698,1,4,2,1
17.316666666666666,927.1861823669814,597.0316606216813,4.112631240660186,1,4,2,1
17.325,927.6142141676984,596.632382040836,4.1407618200662,1,4,2,1
17.333333333333332,926.5918839083862,597.0873138464386,4.102128125409748,1,4,2,1
17.341666666666665,926.1711353322149,596.8074337634622,4.1391560118833395,1,4,2,1
17.35,925.9844057951211,596.3431420787057,4.147767991151512,1,4,2,1
17.358333333333334,925.8894721798094,597.5843870930789,4.133548828951244,1,4,2,1
17.366666666666667,925.9643505590325,598.7212324980508,4.122505750624688,1,4,2,1
17.375,924.9150407117369,600.1761113371623,4.1752864021237155,1,4,2,1
17.383333333333333,923.9109977065544,600.1627672013665,4.128491262576766,1,4,2,1
17.391666666666666,924.1371906640776,600.6354560722709,4.180797024265986,1,4,2,1
17.4,924.2602577034345,600.664181833898,4.122244515407568,1,4,2,1
17.408333333333335,923.4835730148035,600.5193614689978,4.137609057614798,1,4,2,1
17.416666666666668,923.038231050276,600.4797798694832,4.113114077499114,1,4,2,1
17.425,923.5514396887261,602.2184626115861,4.10133110861429,1,4,2,1
17.433333333333334,923.5872329962817,603.266450449998,4.118163973189233,1,4,2,1
17.441666666666666,923.2066973539357,604.6970013178801,4.111440724978594,1,4,2,1
17.45,925.33091813839,604.0622092528795,4.104990237966498,1,4,2,1
17.458333333333332,926.5830551371947,603.7272252829592,4.119519074371556,1,4,2,1
17.466666666666665,926.3399240459354,604.4884197186852,4.092645582368906,1,4,2,1
17.475,926.0118852845522,605.1902753012043,4.127968703131279,1,4,2,1
17.483333333333334,926.7401562254262,604.5223867352377,4.112574281083228,1,4,2,1
17.491666666666667,927.1896427924245,604.25783604606,4.101171531153312,1,4,2,1
17.5,926.0122663556328,604.4724661143916,4.116170405055791,1,4,2,1
17.508333333333333,925.7662361059768,606.1305888316241,4.112051586893998,1,4,2,1
17.516666666666666,926.0005853023728,607.2414603792018,4.156254596993348,1,4,2,1
17.525,925.7447725983046,607.8154772625935,4.117652875669056,1,4,2,1
17.533333333333335,926.8988798561656,607.5345331992651,4.17039265812906,1,4,2,1
17.541666666666668,928.5112401216866,607.6129397746014,4.103897740206636,1,4,2,1
17.55,928.9119266319553,608.0246923240506,4.20042381691382,1,4,2,1
17.558333333333334,930.0607537787251,608.0172775468925,4.118279926800957,1,4,2,1
17.566666666666666,930.5575345581602,608.169439749529,4.106855655231456,1,4,2,1
17.575,930.7132880315629,609.3335310303773,4.0575672163974765,1,4,2,1
17.583333333333332,929.7626063197813,610.5677790446929,4.126531915624473,1,4,2,1
17.591666666666665,929.5352445286231,611.2720956252884,4.061486619372084,1,4,2,1
17.6,928.256813913729,610.0274200231999,4.097091414122496,1,4,2,1
17.608333333333334,929.3450175149554,609.8218663191928,4.09822495160515,1,4,2,1
17.616666666666667,928.2565575792796,609.6928512974379,4.082685248222527,1,4,2,1
17.625,927.254983907001,610.4414141075839,4.090117143855319,1,4,2,1
17.633333333333333,926.2626298796932,611.3757408722802,4.0612160667824515,1,4,2,1
17.641666666666666,926.2151992107054,610.380778479573,4.124886480785679,1,4,2,1
17.65,925.4607712900544,610.4828592789443,4.036777305138465,1,4,2,1
17.658333333333335,925.7327559028331,609.8510381940462,4.051428618109795,1,4,2,1
17.666666666666668,924.2393494263887,609.5270837225473,4.04301648553572,1,4,2,1
17.675,923.3651998379316,608.9595311921191,4.0408418875110135,1,4,2,1
17.683333333333334,923.0705569106334,608.270286333752,4.019882731314423,1,4,2,1
17.691666666666666,923.2997547668677,607.8084822216815,4.115885156042433,1,4,2,1
17.7,923.2609078325454,608.0340869585723,4.094608732274783,1,4,2,1
17.708333333333332,922.9186393946604,607.8004638025922,4.10491179776563,1,4,2,1
17.716666666666665,923.5795897829374,609.0925241445071,4.0342196956395275,1,4,2,1
17.725,923.2721699710346,608.9195835198637,4.008703464472618,1,4,2,1
17.733333333333334,923.6087624864323,608.9630193174277,4.031574288001236,1,4,2,1
17.741666666666667,924.3545270695081,608.4308869049092,4.0739166506695845,1,4,2,1
17.75,923.0359279463406,607.6356665511331,4.071144267986236,1,4,2,1
17.758333333333333,923.1582911248188,606.7559813007211,4.042688077835342,1,4,2,1
17.766666666666666,922.0630954501726,605.864913881357,4.132665866271986,1,4,2,1
17.775,922.0622170093034,606.5974444115099,4.068714383431459,1,4,2,1
17.783333333333335,922.2112687033972,606.0120676373224,4.011760937611327,1,4,2,1
17.791666666666668,922.3502046312997,605.3593731463341,4.076309593392052,1,4,2,1
17.8,921.4821025883901,606.8274328419907,4.077700325613424,1,4,2,1
17.808333333333334,921.1892439198507,607.8023288486895,4.01912118531051,1,4,2,1
17.816666666666666,920.2807861778133,607.3442403421179,4.08158173339507,1,4,2,1
17.825,920.5820803624225,607.5955253786537,4.134283807816799,1,4,2,1
17.833333333333332,921.8094798797629,608.181609619944,4.052072079339775,1,4,2,1
17.841666666666665,921.8662407660871,608.2687651584,4.068348275349072,1,4,2,1
17.85,921.0449115766834,608.6152897761938,4.037792559759377,1,4,2,1
17.858333333333334,920.5024802336844,608.5150056681149,4.061002041364697,1,4,2,1
17.866666666666667,920.8994011818858,609.021943575536,4.096011334596714,1,4,2,1
17.875,921.4490228656999,608.9634056624432,4.130311553975048,1,4,2,1
17.883333333333333,921.6480806342065,609.2798216584221,4.06341657956426,1,4,2,1
17.891666666666666,920.9631938680541,609.8892970092095,4.137625007462951,1,4,2,1
17.9,920.4217534177943,609.4474300259203,4.055383851965533,1,4,2,1
17.908333333333335,921.354921348641,610.291829795771,4.0014995548959105,1,4,2,1
17.916666666666668,921.0840644123895,610.5439797811499,4.056441837495627,1,4,2,1
17.925,921.6021941998489,611.8480995327453,4.059410416706622,1,4,2,1
17.933333333333334,921.4782468325516,611.3768689150502,4.051267949114931,1,4,2,1
17.941666666666666,1588.2898263157103,144.82182372119678,4.042569581773253,1,4,2,1
17.95,1589.7901879091387,144.10183261884868,4.054079525882846,1,4,2,1
17.958333333333332,923.0319893491005,610.1734425352528,4.020082586087293,1,4,2,1
17.966666666666665,922.0725781081014,610.8443528911457,3.980043407769366,1,4,2,1
17.975,922.7865469405871,610.709344952306,4.076416485833826,1,4,2,1
17.983333333333334,921.4093737517842,612.51892158841,4.041087346097772,1,4,2,1
17.991666666666667,920.3361173399335,611.8888599257536,3.9997882161565865,1,4,2,1
18.0,920.3961359527245,611.2528432028605,4.069565207355722,1,4,2,1
18.008333333333333,919.0404142767502,610.8755858137391,4.031495934717642,1,4,2,1
18.016666666666666,917.3965416117974,612.237483530991,4.0638740422071775,1,4,2,1
18.025,917.0662628661966,611.9606190944338,4.057913670597059,1,4,2,1
18.033333333333335,916.6064642362047,614.6322001551488,4.0112318643275575,1,4,2,1
18.041666666666668,917.1466757582343,615.9969790476753,4.027221288618778,1,4,2,1
18.05,916.8319628605137,615.4761651195497,3.9669250391747632,1,4,2,1
18.058333333333334,915.8454480028875,615.0021390860474,4.031819546367004,1,4,2,1
18.066666666666666,915.7960632329568,615.3428052335212,4.023394313353404,1,4,2,1
18.075,915.3476149675434,614.8426775667554,3.997540336052468,1,4,2,1
18.083333333333332,913.7542955537734,613.7243800680749,4.051741770758098,1,4,2,1
18.091666666666665,912.5527467066393,614.0068167667554,4.058541687300263,1,4,2,1
18.1,912.5389268838012,613.6149426626348,4.0695906377576785,1,4,2,1
18.108333333333334,913.0834600989135,612.4369205930013,3.9841821796309254,1,4,2,1
18.116666666666667,912.0460610239855,612.9680346658109,4.046829947725557,1,4,2,1
18.125,913.8338842064301,612.1376209753896,4.033857818828365,1,4,2,1
18.133333333333333,914.1709502746884,612.1009907004513,4.0281203841165585,1,4,2,1
18.141666666666666,914.2763427310462,612.5568669294898,4.025752283623236,1,4,2,1
18.15,913.6351036328069,613.162111685682,4.0764121738606285,1,4,2,1
18.158333333333335,913.9591947175599,612.7163697696022,4.045362714001775,1,4,2,1
18.166666666666668,913.936806946448,612.5462751782491,4.0874059632773205,1,4,2,1
18.175,912.7784828954814,612.013625331387,4.0888157739454805,1,4,2,1
18.183333333333334,913.5991320351138,612.9075557512867,4.033124774265824,1,4,2,1
18.191666666666666,913.7812042080873,612.6850232788929,4.011410955906706,1,4,2,1
18.2,912.4342272558596,612.3327031592804,3.9712632085055395,1,4,2,1
18.208333333333332,911.623813473207,612.7029619408277,4.031214352166868,1,4,2,1
18.216666666666665,912.1029911340066,613.3221814493768,4.039366787946074,1,4,2,1
18.225,912.5953958301956,614.0993021823813,4.014680785840937,1,4,2,1
18.233333333333334,912.7858051307179,612.6836481717352,4.042131975414235,1,4,2,1
18.241666666666667,912.2912395867324,612.5832938488289,4.047156885895999,1,4,2,1
18.25,913.8681459228043,612.8730557889008,4.016567169872707,1,4,2,1
18.258333333333333,914.1275419392786,610.7623604598285,3.993870528283713,1,4,2,1
18.266666666666666,913.4455052933406,610.7841151118563,4.027496484137418,1,4,2,1
18.275,913.4561828305265,612.8124423905278,4.022716598132776,1,4,2,1
18.283333333333335,913.4360194425507,612.4798451491931,4.04790829307734,1,4,2,1
18.291666666666668,914.2800153774373,612.0012529353421,4.019893885383757,1,4,2,1
18.3,914.8511035961218,613.1917881926545,4.026305250735476,1,4,2,1
18.308333333333334,914.0441338055243,612.3808623372738,3.988992794300137,1,4,2,1
18.316666666666666,914.8012233936872,612.3028962875204,4.0143586287604505,1,4,2,1
18.325,914.0046653093322,613.6712245664016,4.008128863660754,1,4,2,1
18.333333333333332,913.4161272472487,614.0974137135913,4.005338294868113,1,4,2,1
18.341666666666665,912.4786300216938,614.782064541102,4.019186269609363,1,4,2,1
18.35,912.4333253972255,613.9492435138734,3.973166749860485,1,4,2,1
18.358333333333334,912.7519655992689,614.5483149122995,3.9877281124798403,1,4,2,1
18.366666666666667,912.6657769520614,614.4130390744649,4.028056082706474,1,4,2,1
18.375,912.4699692974219,615.4184393321086,3.988224454741915,1,4,2,1
18.383333333333333,791.2495605541973,607.8169197649472,4.001776046970386,1,4,2,1
18.391666666666666,790.923029239327,607.2291620438701,4.0146973752722594,1,4,2,1
18.4,911.5616342936913,614.8724299327638,4.0127697044425075,1,4,2,1
18.408333333333335,912.5572406454814,615.4495638578052,4.018021786838424,1,4,2,1
18.416666666666668,912.2247916404789,615.454875682964,3.9709265975417036,1,4,2,1
18.425,911.1514029243026,615.2735672642409,3.9651227695060265,1,4,2,1
18.433333333333334,914.266797432019,614.9564667702534,3.9818374869698494,1,4,2,1
18.441666666666666,913.5588864931384,614.8492474399573,4.007506721123027,1,4,2,1
18.45,1840.8164438345266,402.10930408657543,3.9957315344209943,1,4,2,1
18.458333333333332,1842.2739644582134,402.149664390558,4.010626628524672,1,4,2,1
18.466666666666665,914.9780960839988,614.4557095044457,4.034750102165606,1,4,2,1
18.475,914.820619371854,613.0473734990927,3.992605466403796,1,4,2,1
18.483333333333334,914.9153966922516,611.9126605990688,3.990177108585753,1,4,2,1
18.491666666666667,913.524147869466,611.1072727174317,4.053078811606699,1,4,2,1
18.5,913.8565254025598,611.0502470727403,4.027335212590956,1,4,2,1
18.508333333333333,915.0430107856712,611.2031595075047,3.979480606593294,1,4,2,1
18.516666666666666,915.9692935471053,611.6024941656215,3.974856037782896,1,4,2,1
18.525,916.0410515693628,611.6361840839777,4.064926686846132,1,4,2,1
18.533333333333335,916.017707001925,611.4576299195448,3.9932970622631845,1,4,2,1
18.541666666666668,916.77821915471,611.3270575323638,4.017954541321538,1,4,2,1
18.55,915.6223925094018,611.0529805422384,4.007381764190153,1,4,2,1
18.558333333333334,914.9187670441477,611.0156588111693,4.009860186281373,1,4,2,1
18.566666666666666,915.4146992925611,610.4208289305276,3.975799473412192,1,4,2,1
18.575,915.0997686465334,610.836877606806,3.987659901601759,1,4,2,1
18.583333333333332,915.9561076980261,611.588279734406,3.9723077793026516,1,4,2,1
18.591666666666665,914.0395261214732,611.0721990528054,4.0162684249359515,1,4,2,1
18.6,913.2857739971141,611.1858109995445,3.943494324143315,1,4,2,1
18.608333333333334,912.6653502677973,612.5320098768859,4.041151894376096,1,4,2,1
18.616666666666667,913.7116744091543,612.6907146091437,3.9731546535633218,1,4,2,1
18.625,913.1323480431843,612.8941174508102,4.0545955068809425,1,4,2,1
18.633333333333333,913.4674978089638,613.1162640207767,3.982027447167748,1,4,2,1
18.641666666666666,913.246163599479,612.1580858583826,3.949731209510748,1,4,2,1
18.65,913.4975532578217,613.0492271051504,3.98008461721571,1,4,2,1
18.658333333333335,913.7212150299495,612.6644729584442,3.9064075388523283,1,4,2,1
18.666666666666668,913.1089285506522,612.5925739468383,4.035023217352718,1,4,2,1
18.675,912.4921382342411,612.8023021577426,3.9874467877475994,1,4,2,1
18.683333333333334,912.8253609451149,612.9350278303563,4.090135482851277,1,4,2,1
18.691666666666666,912.8361467437505,611.7293669482538,3.9578918336509443,1,4,2,1
18.7,912.3028297637212,611.3574732981892,4.0148774796166125,1,4,2,1
18.708333333333332,912.1519679375932,611.2230503310368,4.010378837901657,1,4,2,1
18.716666666666665,911.6004618739612,611.8422276487274,4.035719508913173,1,4,2,1
18.725,910.2918607899333,610.7877483260149,4.004022889485771,1,4,2,1
18.733333333333334,910.6437443305232,611.0174727731219,3.923354849553372,1,4,2,1
18.741666666666667,910.4656421359978,611.0370352091768,3.988489269227413,1,4,2,1
18.75,910.1024831666616,610.4019906289993,4.031955707325941,1,4,2,1
18.758333333333333,910.154215906831,611.4614133574458,3.9621527992805605,1,4,2,1
18.766666666666666,910.282677542372,613.0025922422427,4.015187006832158,1,4,2,1
18.775,910.8998890983444,613.8462309552722,3.9624757317368715,1,4,2,1
18.783333333333335,910.2160270251991,614.1047268320463,4.042299099832561,1,4,2,1
18.791666666666668,909.812884169399,614.9516170209284,4.0428122726165405,1,4,2,1
18.8,909.6644281933159,615.0953827557836,4.041463136894645,1,4,2,1
18.808333333333334,909.1835026492665,615.1478391636992,4.014919556044772,1,4,2,1
18.816666666666666,908.4311077565517,616.1478774362113,3.9405380658555003,1,4,2,1
18.825,907.967118600061,617.0793536339818,4.000195240792232,1,4,2,1
18.833333333333332,907.2833021438009,617.4184974157286,3.9417047915110177,1,4,2,1
18.841666666666665,906.9099379613388,617.3114563866329,4.034713900788203,1,4,2,1
18.85,905.8062110425342,618.0356254889265,3.996947018848001,1,4,2,1
18.858333333333334,905.3873070215781,617.3837086268937,4.0064635693382185,1,4,2,1
18.866666666666667,904.3009518563551,616.2051111301922,3.96896642321773,1,4,2,1
18.875,904.9887557142594,616.0059546625089,4.008796907324148,1,4,2,1
18.883333333333333,905.2681388671836,615.0939407285997,3.9428382061160394,1,4,2,1
18.891666666666666,905.9945397901619,615.3086964908266,3.9430054112118946,1,4,2,1
18.9,906.0081260075174,615.6339733622419,3.9479234571705324,1,4,2,1
18.908333333333335,907.0299320039869,615.5795814516758,3.9981724318792256,1,4,2,1
18.916666666666668,908.1692666256463,616.2246255041423,4.023382934272039,1,4,2,1
18.925,907.548579040614,616.1026706098784,3.958304472983016,1,4,2,1
18.933333333333334,907.4345648852027,615.9081888487442,4.043959448449724,1,4,2,1
18.941666666666666,908.0846476315517,616.6812179173394,3.966820218478703,1,4,2,1
18.95,907.9124568853928,618.3694409456224,4.0393973168956165,1,4,2,1
18.958333333333332,908.769036163833,617.1553065506972,4.059895521380239,1,4,2,1
18.966666666666665,908.9621536241762,617.5020490443645,4.0392277351716706,1,4,2,1
18.975,909.2537664480636,618.3813942529378,3.981348227538576,1,4,2,1
18.983333333333334,909.5036660084806,617.4147204956732,3.9818737184416757,1,4,2,1
18.991666666666667,910.2333734665467,618.6519396140309,3.9857360994799924,1,4,2,1
19.0,909.4390016663504,618.4933956427017,4.041405455871513,1,4,2,1
19.008333333333333,909.7645064903141,618.1024876461802,4.020469185453994,1,4,2,1
19.016666666666666,909.1562736368172,617.5065591431726,3.983794517856232,1,4,2,1
19.025,908.7729334497369,617.2788764521704,3.957519101724461,1,4,2,1
19.033333333333335,908.454594950718,618.1659905523035,3.935462326842845,1,4,2,1
19.041666666666668,909.6354315452536,617.8480172984462,4.009070150453026,1,4,2,1
19.05,909.5623683713219,620.0849585282207,4.011690104454787,1,4,2,1
19.058333333333334,908.8013982428838,619.991232476378,4.018361767629375,1,4,2,1
19.066666666666666,906.9965412133575,618.8348092801207,4.01423769615813,1,4,2,1
19.075,906.7339621338022,619.2782640980251,4.02176725542735,1,4,2,1
19.083333333333332,907.2562826845601,620.90856523649,3.9996018703052973,1,4,2,1
19.091666666666665,906.3573488089971,619.2536782527071,3.9586124466445116,1,4,2,1
19.1,907.2933026320762,619.3122784617009,4.021442807702323,1,4,2,1
19.108333333333334,907.0166279506685,619.5676507271363,4.013614934694003,1,4,2,1
19.116666666666667,908.4549600515038,619.1632879867641,3.9884681671469147,1,4,2,1
19.125,908.3484569745535,618.9082176556171,4.003458920231502,1,4,2,1
19.133333333333333,907.7817412427287,618.9479991849868,4.046724870121963,1,4,2,1
19.141666666666666,908.802232122236,619.0259036024045,3.9832832308673685,1,4,2,1
19.15,909.2785862489798,619.2784540611981,3.973930592614962,1,4,2,1
19.158333333333335,908.6231304950178,618.2512389901258,3.994784049008714,1,4,2,1
19.166666666666668,908.3283116974699,618.0781678003141,4.001437386667552,1,4,2,1
19.175,907.8251979255813,618.7301171442099,4.0330329787805095,1,4,2,1
19.183333333333334,909.2202906994555,619.3902079548818,4.003464296275469,1,4,2,1
19.191666666666666,908.9659538668491,620.2135402057381,4.025511291635063,1,4,2,1
19.2,909.8793299532997,620.4169113633535,3.981449396354378,1,4,2,1
19.208333333333332,909.6209053604179,619.7112407993625,4.0982994539739614,1,4,2,1
19.216666666666665,909.362512941529,618.7116160805635,4.1256413690982425,1,4,2,1
19.225,910.3542716667182,618.4133192916885,3.9997378394077168,1,4,2,1
19.233333333333334,911.3810729431486,618.1733983347281,4.004328810960082,1,4,2,1
19.241666666666667,910.4954086338947,616.6501489426171,3.9625215835625127,1,4,2,1
19.25,910.7398056757402,616.810874801622,4.018654782146758,1,4,2,1
19.258333333333333,910.5794505501923,616.0446618131045,4.011839629233189,1,4,2,1
19.266666666666666,910.6854053873974,617.2804397636254,4.034371651162495,1,4,2,1
19.275,910.4222029403076,619.0376620276112,4.033766574383602,1,4,2,1
19.283333333333335,910.8800702355712,617.7642395574542,3.981768808484904,1,4,2,1
19.291666666666668,911.3485979608706,619.9268940897956,3.9942555128156516,1,4,2,1
19.3,910.6969652380253,619.0627841974366,4.031671072609131,1,4,2,1
19.308333333333334,911.4095159288169,619.8224940578629,4.072738554475213,1,4,2,1
19.316666666666666,911.8551574722127,618.2635114672286,4.025558456382518,1,4,2,1
19.325,911.2294355019202,618.857924149686,4.094785787934593,1,4,2,1
19.333333333333332,911.3856942991188,618.9763622170117,4.06664271085859,1,4,2,1
19.341666666666665,911.4859236044812,618.7404331369596,4.000391914778155,1,4,2,1
19.35,912.212461278931,617.4353493769953,4.011731076957227,1,4,2,1
19.358333333333334,909.9630646555624,618.3007741716416,4.003943804230586,1,4,2,1
19.366666666666667,910.6760055420834,619.4579610551344,3.981486837568328,1,4,2,1
19.375,910.0848004446225,619.8775799318989,4.065069137773352,1,4,2,1
19.383333333333333,909.3931065777427,619.9032429427562,4.0817355417957,1,4,2,1
19.391666666666666,908.7423680315936,619.9831503639894,4.022035977777736,1,4,2,1
19.4,908.7906137139004,619.4449110560705,4.072869223933879,1,4,2,1
19.408333333333335,908.3811255932724,619.3473801375613,4.000891340271644,1,4,2,1
19.416666666666668,909.0530790628244,619.2751575137795,4.04332898670655,1,4,2,1
19.425,908.2994435671144,619.6315173016912,4.0486197497956065,1,4,2,1
19.433333333333334,908.4743599230719,619.5573713780326,4.030818311224893,1,4,2,1
19.441666666666666,908.32852277949,618.8275545388251,4.044320252030168,1,4,2,1
19.45,544.36103574087,625.3912521116521,4.022044362469151,1,4,2,1
19.458333333333332,544.3469549493595,625.5756155581222,4.078797019238055,1,4,2,1
19.466666666666665,908.0542815321517,620.670875470379,4.04585754009066,1,4,2,1
19.475,907.635584951986,620.8742004022479,3.989524609041681,1,4,2,1
19.483333333333334,907.7755226614269,620.9963768941941,4.046714601979467,1,4,2,1
19.491666666666667,907.7329853165531,620.6538747313955,4.064662143341659,1,4,2,1
19.5,907.2037878345722,620.7810243317729,4.08179941573872,1,4,2,1
19.508333333333333,906.8017268414567,620.5738983743154,4.0263597744108575,1,4,2,1
19.516666666666666,906.9401119353897,620.6854809626429,4.0509801757516835,1,4,2,1
19.525,906.2896839135244,620.6974323380529,4.042976541711557,1,4,2,1
19.533333333333335,907.2344527272319,622.1333136980602,4.046315774944518,1,4,2,1
19.541666666666668,907.6424584103278,621.4679634476462,3.9753583900348866,1,4,2,1
19.55,907.148237839169,619.8950192131417,3.9913515038632292,1,4,2,1
19.558333333333334,906.7212856656,620.7063256872976,4.036889933295638,1,4,2,1
19.566666666666666,906.0384757034939,620.0228431275858,4.095361652657854,1,4,2,1
19.575,905.7473880490958,621.1011914741457,4.0847062612547695,1,4,2,1
19.583333333333332,905.4424877370202,621.2141691818522,4.066448202892641,1,4,2,1
19.591666666666665,904.9380516257975,621.0491227068976,4.009065162575826,1,4,2,1
19.6,904.5545082566135,621.7138170820425,4.035911786395239,1,4,2,1
19.608333333333334,906.0260638495886,621.3561870956341,4.069467922576162,1,4,2,1
19.616666666666667,906.1549157555659,620.3260223460492,4.056587895871212,1,4,2,1
19.625,907.3974327355061,620.970507914837,4.1134522019533035,1,4,2,1
19.633333333333333,907.7939290809593,620.8017502423808,4.009048813877014,1,4,2,1
19.641666666666666,906.0297213847807,620.5787225306804,4.03730917985992,1,4,2,1
19.65,906.6589583953669,620.7324625222309,4.122454322662521,1,4,2,1
19.658333333333335,906.2561195912641,622.5270647449734,4.038002867042645,1,4,2,1
19.666666666666668,906.35838166164,621.921374812084,4.020447059770814,1,4,2,1
19.675,907.6818832995759,621.5969765508921,4.020118799925901,1,4,2,1
19.683333333333334,907.2759918364495,621.5995950518619,4.052890935552689,1,4,2,1
19.691666666666666,908.1565030130348,621.0985630489973,4.096818839387446,1,4,2,1
19.7,907.2468978685056,620.8101862486458,4.071686838474486,1,4,2,1
19.708333333333332,908.2244683548224,622.5426777064797,4.050029491529228,1,4,2,1
19.716666666666665,907.8044409363958,621.5117188834931,4.069868709217991,1,4,2,1
19.725,907.3177195424048,620.662715837616,4.08363373039319,1,4,2,1
19.733333333333334,907.3172235930587,621.2550216871351,4.054206605307265,1,4,2,1
19.741666666666667,906.1748191118733,620.9319982698123,4.103297151394773,1,4,2,1
19.75,905.6681893902077,621.5643589915376,4.035450496647715,1,4,2,1
19.758333333333333,906.4730525156466,622.1270669438998,4.10459557242243,1,4,2,1
19.766666666666666,906.5897984704824,621.4714838859418,4.13389607613803,1,4,2,1
19.775,906.8202234085677,620.9688504106277,4.067358043786496,1,4,2,1
19.783333333333335,905.8862386025781,622.1298216885727,4.0691122648669396,1,4,2,1
19.791666666666668,904.9562328826238,624.0162264701765,4.102253095538574,1,4,2,1
19.8,904.3959400450395,623.4968411610603,4.018313694285223,1,4,2,1
19.808333333333334,905.9458213750665,622.9287145499829,4.090427421410996,1,4,2,1
19.816666666666666,906.5506235223357,622.3046840274873,4.028968573003755,1,4,2,1
19.825,907.5793907010433,622.0130692331054,4.094372265240308,1,4,2,1
19.833333333333332,905.6217642585931,621.6530879045594,4.056181152373428,1,4,2,1
19.841666666666665,906.5706979838372,621.2797903822302,4.1188372352112115,1,4,2,1
19.85,905.2628941982416,620.4686627855832,4.0671898679891925,1,4,2,1
19.858333333333334,905.3245567180562,620.8110417112061,4.016581284708005,1,4,2,1
19.866666666666667,904.6334448009276,620.3614562771173,4.099297628323042,1,4,2,1
19.875,905.6701967998148,621.5564187276552,4.132143470259037,1,4,2,1
19.883333333333333,904.1856962334765,622.2167249420555,4.06386259180166,1,4,2,1
19.891666666666666,903.742580100211,623.6023754328494,4.047816526430074,1,4,2,1
19.9,902.9722985331997,623.3517507976303,4.078770803193237,1,4,2,1
19.908333333333335,903.3806147842072,623.6322144318212,4.135077608715953,1,4,2,1
19.916666666666668,902.4653467399434,623.3496753086471,4.054359354746566,1,4,2,1
19.925,902.9911659884459,622.2344780581998,4.118887475456632,1,4,2,1
19.933333333333334,901.7695111597302,621.6474507121388,4.043259270520356,1,4,2,1
19.941666666666666,903.3152608931921,621.4551102984029,4.090427065331404,1,4,2,1
19.95,903.434830341975,621.3738456159549,4.0624958634490715,1,4,2,1
19.958333333333332,903.258688879555,621.5365698600218,4.123217595701992,1,4,2,1
19.966666666666665,904.0937178066999,621.502059672478,4.056370858469356,1,4,2,1
19.975,904.7555893127318,620.623306259795,4.122749075931279,1,4,2,1
19.983333333333334,905.1064624675798,620.0389011067382,4.079860932401797,1,4,2,1
19.991666666666667,905.0289489575296,619.4343221061307,4.166011486700157,1,4,2,1
20.0,903.5953723151738,619.0988499647272,4.081694310723513,1,4,2,1
20.008333333333333,903.3364143095265,619.3245178176819,4.06387918539521,1,4,2,1
20.016666666666666,901.993784057987,619.8941944550625,4.093143011614521,1,4,2,1
20.025,902.8621220758212,621.410024725186,4.11734706214754,1,4,2,1
20.033333333333335,903.2227005380498,622.1699132836443,4.107557589715853,1,4,2,1
20.041666666666668,904.379276312414,623.0831889424782,4.1044277679153245,1,4,2,1
20.05,904.0877042836695,623.3168589643462,4.102388773200027,1,4,2,1
20.058333333333334,904.674485430559,622.543461495727,4.115353992875124,1,4,2,1
20.066666666666666,904.6590387453981,621.1988080299922,4.12138449727,1,4,2,1
20.075,904.8318504978016,621.9046019194382,4.058608577976812,1,4,2,1
20.083333333333332,904.7856047817255,621.4958887164039,4.106176104126616,1,4,2,1
20.091666666666665,904.0122429210446,622.0366177232081,4.106431909508316,1,4,2,1
20.1,905.2267860255564,620.8231463507041,4.067617143794717,1,4,2,1
20.108333333333334,905.7240178002861,621.4963254216813,4.178342704245857,1,4,2,1
20.116666666666667,907.7833774469086,621.7848219410316,4.151459154899733,1,4,2,1
20.125,907.8470749494561,622.42997995414,4.148191803546873,1,4,2,1
20.133333333333333,906.9266059997123,621.8570208291513,4.081683502954839,1,4,2,1
20.141666666666666,905.9547073946078,622.5273611450627,4.125855849386447,1,4,2,1
20.15,906.9262403877266,621.8258223340679,4.110115891805296,1,4,2,1
20.158333333333335,906.6160189666374,621.5387100718574,4.097255240008863,1,4,2,1
20.166666666666668,907.114726235639,621.9357400096873,4.13998963138608,1,4,2,1
20.175,906.3486996461577,622.9050061973043,4.102470698579487,1,4,2,1
20.183333333333334,905.5626918852162,622.9526501154834,4.098321910829908,1,4,2,1
20.191666666666666,904.9748676710117,623.1517143782714,4.173328672578548,1,4,2,1
20.2,905.8786247733093,623.1730661380234,4.125321908058922,1,4,2,1
20.208333333333332,904.8479851870399,623.3383894142581,4.099407739320743,1,4,2,1
20.216666666666665,903.7952047096466,624.2091301791238,4.086917915906462,1,4,2,1
20.225,903.8450586632811,624.1543288453934,4.151402407313731,1,4,2,1
20.233333333333334,904.5200201916313,623.5763959076507,4.1736124616606896,1,4,2,1
20.241666666666667,904.246655328698,622.7726538829572,4.173874578180556,1,4,2,1
20.25,905.7219165130318,624.3056306777387,4.2121777850473014,1,4,2,1
20.258333333333333,906.8687558560862,624.3212726348434,4.10657914133081,1,4,2,1
20.266666666666666,907.5108171400276,623.8794701364781,4.133757354331788,1,4,2,1
20.275,906.9200928970903,624.0946578663729,4.152799229444544,1,4,2,1
20.283333333333335,906.7521480954111,624.0229505209707,4.1344722962842075,1,4,2,1
20.291666666666668,907.214986913873,622.7292601700915,4.090267206644737,1,4,2,1
20.3,906.4575538558864,623.3843723728493,4.129989136943063,1,4,2,1
20.308333333333334,907.2701076738024,622.303608755474,4.130285044922784,1,4,2,1
20.316666666666666,906.4444931060224,623.2865516482542,4.168230063947234,1,4,2,1
20.325,907.5156023707409,622.2005577457204,4.170336527912912,1,4,2,1
20.333333333333332,907.4553663034965,622.2756636664005,4.1126119430002515,1,4,2,1
20.341666666666665,907.4267455063662,622.894070614766,4.157473709762082,1,4,2,1
20.35,908.1987487893784,622.8857876988404,4.135942493413944,1,4,2,1
20.358333333333334,907.9841653854695,622.0901112925941,4.129651167008111,1,4,2,1
20.366666666666667,907.2245743285521,622.4103264092818,4.133080125023706,1,4,2,1
20.375,906.9498740202012,622.2844018080174,4.1308494346640146,1,4,2,1
20.383333333333333,905.9658758524772,623.0089760569481,4.141548308353611,1,4,2,1
20.391666666666666,905.9036421822076,622.7072641830068,4.140627495710914,1,4,2,1
20.4,906.6520037326824,621.1197980995066,4.161651297273946,1,4,2,1
20.408333333333335,906.7344098953764,620.2565806014011,4.142470224512825,1,4,2,1
20.416666666666668,906.02401523189,618.6081086307086,4.058500942556343,1,4,2,1
20.425,906.0611654962923,618.9402440031289,4.143692148415701,1,4,2,1
20.433333333333334,904.6902814920985,619.0924787412733,4.1594961772277355,1,4,2,1
20.441666666666666,904.2240200440152,618.1132661796121,4.13346171403521,1,4,2,1
20.45,903.9255251255327,619.4947672096397,4.174481048191686,1,4,2,1
20.458333333333332,904.6021122784754,618.8801036093377,4.2000482668643855,1,4,2,1
20.466666666666665,905.1781799244874,619.0502930588501,4.162415662905983,1,4,2,1
20.475,906.1044020527072,620.0408387969494,4.116270021516852,1,4,2,1
20.483333333333334,905.5471737052143,620.7795507514411,4.138707753073819,1,4,2,1
20.491666666666667,905.9670984755904,620.4659177748881,4.158162115085804,1,4,2,1
20.5,905.9730012154665,620.4892601528845,4.201436514194858,1,4,2,1
20.508333333333333,904.9730822216293,622.4545541365711,4.136078936183877,1,4,2,1
20.516666666666666,904.6068687709706,622.0215007663994,4.15290713242517,1,4,2,1
20.525,905.1325579225256,622.3624695922522,4.16466827197134,1,4,2,1
20.533333333333335,905.5639516924191,622.1651325774147,4.1412246551256775,1,4,2,1
20.541666666666668,906.9611323623095,621.5503915408807,4.146792951892981,1,4,2,1
20.55,907.5061222929284,621.2290488273426,4.1934537123703794,1,4,2,1
20.558333333333334,906.4706330413026,621.6364472330732,4.175379506073906,1,4,2,1
20.566666666666666,905.5554512558334,622.6069595614912,4.131779329431522,1,4,2,1
20.575,904.2035813724032,622.6953212178464,4.2257899623917705,1,4,2,1
20.583333333333332,904.3043900502593,622.2006551665337,4.189737636094033,1,4,2,1
20.591666666666665,903.7888796934672,623.4276555471031,4.226961822142208,1,4,2,1
20.6,903.5199744116555,621.7597418317109,4.192132153339993,1,4,2,1
20.608333333333334,904.2152910151846,620.67671174733,4.155409455316363,1,4,2,1
20.616666666666667,903.6682017257181,619.7842591364566,4.227270239852539,1,4,2,1
20.625,902.3745848337387,619.9406177678347,4.078023245069541,1,4,2,1
20.633333333333333,903.7011141972027,620.0151029058611,4.167652073577682,1,4,2,1
20.641666666666666,903.2122360724773,620.2206131641958,4.155439789658008,1,4,2,1
20.65,903.5290323337402,619.2363162749207,4.20638420637012,1,4,2,1
20.658333333333335,902.6764255571037,619.6908387309228,4.202725999723067,1,4,2,1
20.666666666666668,902.3889404357708,618.2373995248379,4.219237953923305,1,4,2,1
20.675,902.2400864604319,618.0945873697862,4.153385266141732,1,4,2,1
20.683333333333334,902.6203358894342,617.9980241429113,4.174786589929518,1,4,2,1
20.691666666666666,903.0859683973042,617.7190411185815,4.138295860457257,1,4,2,1
20.7,903.7881429175004,618.4690028269047,4.186768428339883,1,4,2,1
20.708333333333332,903.9614497426204,618.6366553320768,4.175520641473256,1,4,2,1
20.716666666666665,904.4795183327158,618.2886786178922,4.161048152060106,1,4,2,1
20.725,903.9103196984332,617.7345548003916,4.239196389888588,1,4,2,1
20.733333333333334,904.2857218203502,618.3781033904177,4.158714896908856,1,4,2,1
20.741666666666667,903.836134928644,618.2495161758101,4.173299179818303,1,4,2,1
20.75,902.6431501570369,618.1556976144401,4.138509895068969,1,4,2,1
20.758333333333333,901.8399674761197,618.265709936185,4.213619336322316,1,4,2,1
20.766666666666666,901.9429278823874,616.5602023148538,4.1765459954466415,1,4,2,1
20.775,902.4368418422562,616.255497384698,4.176346771274776,1,4,2,1
20.783333333333335,902.3620451408976,616.1425417205993,4.209507934617511,1,4,2,1
20.791666666666668,902.9485905532362,616.3202088438125,4.162307275548117,1,4,2,1
20.8,903.657635394269,616.824764868583,4.160628381509333,1,4,2,1
20.808333333333334,903.8051147749766,614.8478026263988,4.198860193299797,1,4,2,1
20.816666666666666,904.872274892013,614.8462645342476,4.182008195061872,1,4,2,1
20.825,905.2191064661084,615.0997797245391,4.150528779238284,1,4,2,1
20.833333333333332,905.4549648175317,615.6649558868302,4.191734652954154,1,4,2,1
20.841666666666665,904.9312723135331,615.7339668068757,4.191995284480245,1,4,2,1
20.85,905.9396891180539,614.7907683303852,4.177783914447433,1,4,2,1
20.858333333333334,906.0818745840626,615.6947029056796,4.199842712973939,1,4,2,1
20.866666666666667,905.3689145138894,616.0406168196116,4.204788823352264,1,4,2,1
20.875,905.477257126117,615.4415918177241,4.2347283146576515,1,4,2,1
20.883333333333333,904.4111929149046,615.5411217871472,4.226661805556544,1,4,2,1
20.891666666666666,905.0956199260969,615.8019990967632,4.150562656506697,1,4,2,1
20.9,904.9900684232936,615.1057649527611,4.230318997293612,1,4,2,1
20.908333333333335,905.3224528938835,613.9821361662171,4.213765134691702,1,4,2,1
20.916666666666668,903.6323250992838,613.3271716330614,4.196411221396166,1,4,2,1
20.925,903.8149564979744,612.9754126562586,4.197900322579019,1,4,2,1
20.933333333333334,903.8602411377351,614.8935703638016,4.238139095604689,1,4,2,1
20.941666666666666,904.1675574755537,614.7115725899496,4.172217603024117,1,4,2,1
20.95,904.6645924456338,615.1918148533404,4.217359610970693,1,4,2,1
20.958333333333332,905.123474501194,615.880019616322,4.1985867568237145,1,4,2,1
20.966666666666665,904.1624212654856,615.1992854842206,4.168778752354045,1,4,2,1
20.975,904.1798783122246,615.3185434869913,4.1530066637039145,1,4,2,1
20.983333333333334,904.1147102207747,615.1657111888455,4.228308641380308,1,4,2,1
20.991666666666667,903.76934841204,616.5486355164406,4.175487604614046,1,4,2,1
21.0,903.4489364790782,616.4353160221073,4.240102245987058,1,4,2,1
21.008333333333333,904.1807685941077,616.3873079597447,4.16846145467496,1,4,2,1
21.016666666666666,904.0553429346772,615.410372095712,4.200853405900916,1,4,2,1
21.025,903.6868549230501,616.5464309886621,4.195318324543733,1,4,2,1
21.033333333333335,904.0734193828805,616.0715572049103,4.153317830759509,1,4,2,1
21.041666666666668,903.0059697018361,616.6726535946154,4.181991110587412,1,4,2,1
21.05,902.2866131393577,617.4900123184186,4.265875505657127,1,4,2,1
21.058333333333334,904.4775257348698,618.0841561122422,4.214446096077546,1,4,2,1
21.066666666666666,904.2947548569122,618.3929003822515,4.192925661845485,1,4,2,1
21.075,903.1767099114265,618.3778919444638,4.252386111538281,1,4,2,1
21.083333333333332,902.8151690154733,618.3546180093574,4.202918209558211,1,4,2,1
21.091666666666665,903.2006395572317,618.7774500028171,4.200069610381803,1,4,2,1
21.1,903.3337568815675,618.7669681714069,4.216785266261546,1,4,2,1
21.108333333333334,902.4216336129923,618.7336548544333,4.19587668348257,1,4,2,1
21.116666666666667,904.3722691209961,618.4639164458101,4.248540563302493,1,4,2,1
21.125,903.8308842295477,618.1662237233796,4.218961347785815,1,4,2,1
21.133333333333333,902.7834651106722,618.2099957430107,4.177054199568864,1,4,2,1
21.141666666666666,902.7929234253477,618.0968904741015,4.2865494135951,1,4,2,1
21.15,901.9006412171204,618.2070949496805,4.2073426532856955,1,4,2,1
21.158333333333335,902.9357178667798,618.8081514262158,4.196729044816951,1,4,2,1
21.166666666666668,905.0536584215483,619.8008015537155,4.1883057705233595,1,4,2,1
21.175,904.4961598660283,621.0929875969456,4.163414523197651,1,4,2,1
21.183333333333334,904.0037830871972,619.3715807260161,4.170182063880168,1,4,2,1
21.191666666666666,902.7780203189379,617.25132141181,4.223830672855247,1,4,2,1
21.2,904.041227714119,617.7649389370318,4.1606750382529265,1,4,2,1
21.208333333333332,904.9607853675961,617.8822969395001,4.186919707286503,1,4,2,1
21.216666666666665,905.2713160156912,616.7828644574043,4.198006563440343,1,4,2,1
21.225,905.078427652883,616.9007704188242,4.166542359265819,1,4,2,1
21.233333333333334,904.3718663751733,616.3961731761598,4.229572043100871,1,4,2,1
21.241666666666667,903.8497186981958,616.567326945479,4.130779125389195,1,4,2,1
21.25,902.2434742604906,617.0697762004625,4.185232384971881,1,4,2,1
21.258333333333333,901.1024854213949,615.7033763539423,4.2224361793786445,1,4,2,1
21.266666666666666,901.3031794480307,616.7868752455756,4.155392148267284,1,4,2,1
21.275,899.4641211125165,616.8697678709954,4.178781091479179,1,4,2,1
21.283333333333335,901.2831830054463,616.7731439818203,4.197591869225966,1,4,2,1
21.291666666666668,901.279550775205,615.8193677009872,4.176995902061575,1,4,2,1
21.3,901.9330813902559,616.1968023315399,4.1964815986589254,1,4,2,1
21.308333333333334,901.1118222313925,615.716228682821,4.226050646583489,1,4,2,1
21.316666666666666,900.8405764018348,614.4589944465249,4.140945692039254,1,4,2,1
21.325,901.3287061299628,615.2445389539728,4.200156441830276,1,4,2,1
21.333333333333332,902.2513403745985,616.6610581787984,4.161220587272973,1,4,2,1
21.341666666666665,901.6225210515515,616.8384281140089,4.185187949805736,1,4,2,1
21.35,902.1160243388691,616.3202769199813,4.15019701655607,1,4,2,1
21.358333333333334,901.8302503163103,617.1131451196686,4.156204734105639,1,4,2,1
21.366666666666667,901.0403207762071,617.6885036443998,4.2064606698727225,1,4,2,1
21.375,900.3929967139848,617.348575663651,4.2077252214024625,1,4,2,1
21.383333333333333,902.9194456315751,616.2813111267787,4.192872798848359,1,4,2,1
21.391666666666666,903.4748241943864,615.9398259629153,4.196160151831269,1,4,2,1
21.4,903.6306805546313,615.5122920777809,4.232453340938835,1,4,2,1
21.408333333333335,903.6332172488085,616.1780086746775,4.204733001447409,1,4,2,1
21.416666666666668,903.707733146981,615.3703023600839,4.112275664289686,1,4,2,1
21.425,903.3641797097667,615.1893803390027,4.177496674482425,1,4,2,1
21.433333333333334,903.0533714481752,615.4636920678083,4.176199086415337,1,4,2,1
21.441666666666666,902.8037569404335,615.3224650000785,4.202110562841498,1,4,2,1
21.45,903.2435590406038,615.2382419063051,4.218790121416388,1,4,2,1
21.458333333333332,903.8562002535317,615.695750447423,4.259121364229406,1,4,2,1
21.466666666666665,904.3240836398081,616.50703950218,4.143245400366032,1,4,2,1
21.475,904.515615599797,615.5070592433832,4.188960563957845,1,4,2,1
21.483333333333334,904.7072029736597,614.4153653879905,4.170690974580703,1,4,2,1
21.491666666666667,905.1615066424655,613.6472796715784,4.202234137371158,1,4,2,1
21.5,905.4001244879056,615.1871300770508,4.165924435189145,1,4,2,1
21.508333333333333,905.0699432481881,614.8349295952094,4.221192634079106,1,4,2,1
21.516666666666666,905.8944496232203,614.3594001905581,4.153928419073102,1,4,2,1
21.525,904.4743757981067,613.2027278342039,4.2049384010001605,1,4,2,1
21.533333333333335,904.5135133481464,612.2427237296654,4.1281148623441535,1,4,2,1
21.541666666666668,903.6687164711428,612.6199635162604,4.20123860175489,1,4,2,1
21.55,904.0425234244518,613.7827812922345,4.172753465870607,1,4,2,1
21.558333333333334,903.4829185965434,613.0991131385861,4.258936366696725,1,4,2,1
21.566666666666666,903.2820579826503,612.543990054182,4.174263484069809,1,4,2,1
21.575,902.8611473489086,612.031260735791,4.15566306609805,1,4,2,1
21.583333333333332,902.1596437645254,610.7387699945422,4.204947409122059,1,4,2,1
21.591666666666665,902.7610140946312,611.1529760648141,4.214758223963657,1,4,2,1
21.6,902.3134450372485,611.5289967438006,4.152165931268342,1,4,2,1
21.608333333333334,901.6417901441396,610.2559622364414,4.232677006466811,1,4,2,1
21.616666666666667,901.4103295380703,610.4295731697589,4.234737059138264,1,4,2,1
21.625,900.9137526658197,610.4622103594372,4.1507185223281855,1,4,2,1
21.633333333333333,901.4483004453617,610.7255144125926,4.177508163953373,1,4,2,1
21.641666666666666,901.2139977002473,609.5031393419629,4.180681632074503,1,4,2,1
21.65,901.146432162047,608.8908539601673,4.176696504940175,1,4,2,1
21.658333333333335,900.6104010209704,610.1651903509954,4.180037653402361,1,4,2,1
21.666666666666668,902.0221422719624,611.1646021643392,4.180317603270646,1,4,2,1
21.675,901.4521658718521,611.568420415049,4.131830146728698,1,4,2,1
21.683333333333334,901.5988902281023,612.0091365579149,4.148379365156886,1,4,2,1
21.691666666666666,,,,0,4,2,1
21.7,,,,0,4,2,1
21.708333333333332,,,,0,4,2,1
21.716666666666665,,,,0,4,2,1
21.725,,,,0,4,2,1
21.733333333333334,,,,0,4,2,1
21.741666666666667,,,,0,4,2,1
21.75,,,,0,4,2,1
21.758333333333333,,,,0,4,2,1
21.766666666666666,,,,0,4,2,1
21.775,,,,0,4,2,1
21.783333333333335,902.057279002946,610.6122944387049,4.12952550819316,1,4,2,1
21.791666666666668,902.2447048385375,609.9673488718418,4.15298255785868,1,4,2,1
21.8,903.7137702114762,609.5862310086683,4.2073124901081105,1,4,2,1
21.808333333333334,902.3814092717798,609.7047116954556,4.194016658639447,1,4,2,1
21.816666666666666,902.9672960552531,610.2260015701817,4.122033313846688,1,4,2,1
21.825,903.7530787679442,609.7811545958948,4.138349043567698,1,4,2,1
21.833333333333332,902.9750206266993,610.0620384696664,4.177903604653174,1,4,2,1
21.841666666666665,903.5456302479204,608.8445136802997,4.137442267200779,1,4,2,1
21.85,904.4575077219502,609.0290863304009,4.147982987172238,1,4,2,1
21.858333333333334,905.1415514251389,609.3375004795035,4.172764531184743,1,4,2,1
21.866666666666667,904.7099483517509,609.1704131665415,4.119557047151842,1,4,2,1
21.875,903.6800346312622,610.0791719460818,4.195889787681118,1,4,2,1
21.883333333333333,904.652263304548,610.4215472404311,4.188802488431148,1,4,2,1
21.891666666666666,904.7351204562904,610.6240279231047,4.1491428521262215,1,4,2,1
21.9,904.2254879652087,612.1182349980614,4.210341040955769,1,4,2,1
21.908333333333335,904.3923430711731,612.0462772134656,4.106109202712974,1,4,2,1
21.916666666666668,904.9483020511713,612.416829188077,4.171263567292627,1,4,2,1
21.925,905.0952544253377,613.740773867525,4.1586972303363305,1,4,2,1
21.933333333333334,,,,0,4,2,1
21.941666666666666,,,,0,4,2,1
21.95,,,,0,4,2,1
21.958333333333332,,,,0,4,2,1
21.966666666666665,,,,0,4,2,1
21.975,,,,0,4,2,1
21.983333333333334,,,,0,4,2,1
21.991666666666667,,,,0,4,2,1
22.0,,,,0,4,2,1
22.008333333333333,,,,0,4,2,1
22.016666666666666,,,,0,4,2,1
22.025,,,,0,4,2,1
22.033333333333335,,,,0,4,2,1
22.041666666666668,,,,0,4,2,1
22.05,,,,0,4,2,1
22.058333333333334,,,,0,4,2,1
22.066666666666666,,,,0,4,2,1
22.075,,,,0,4,2,1
22.083333333333332,,,,0,4,2,1
22.091666666666665,,,,0,4,2,1
22.1,,,,0,4,2,1
22.108333333333334,903.760203446545,620.5769856354476,4.272006761429262,1,4,2,1
22.116666666666667,903.4063490910112,621.4509703448819,4.20967507243691,1,4,2,1
22.125,903.8204611916965,621.8294335313428,4.261176521712638,1,4,2,1
22.133333333333333,903.927178945601,621.6941060188844,4.347693262411726,1,4,2,1
22.141666666666666,904.3310716341045,621.4833509941041,4.206368775686156,1,4,2,1
22.15,904.5247554213454,622.362741896268,4.245142296543,1,4,2,1
22.158333333333335,904.3135202236901,623.2704657460815,4.231040364086807,1,4,2,1
22.166666666666668,904.6536492888838,623.8174272301039,4.29327975578003,1,4,2,1
22.175,903.5799795413652,623.6633201743559,4.286232595816321,1,4,2,1
22.183333333333334,903.9880291711432,622.2339526848009,4.273037895415969,1,4,2,1
22.191666666666666,903.3721553822035,621.5697216918669,4.2927846143991975,1,4,2,1
22.2,903.3880741359288,620.8614002566762,4.293320499763977,1,4,2,1
22.208333333333332,902.8053075529674,621.7493646803874,4.255466764149771,1,4,2,1
22.216666666666665,902.8820966846215,622.6217355027517,4.247557801526702,1,4,2,1
22.225,902.7527682470178,622.884162388191,4.251327531748886,1,4,2,1
22.233333333333334,211.25709218971213,513.0050965832136,4.2917654840617,1,4,2,1
22.241666666666667,210.7465005574045,512.6226481339124,4.238610120720194,1,4,2,1
22.25,902.1875934948326,619.2630071733186,4.280140073431381,1,4,2,1
22.258333333333333,902.3277394895349,618.424623546189,4.2244446933080475,1,4,2,1
22.266666666666666,902.8220213107314,618.8577773183642,4.267741170984819,1,4,2,1
22.275,900.5191212132175,619.2975072879134,4.245765298087608,1,4,2,1
22.283333333333335,899.9709817686994,618.5455383398271,4.1931873642825455,1,4,2,1
22.291666666666668,900.1767752114386,619.4544429398659,4.1853975468722435,1,4,2,1
22.3,900.5820426768275,619.111422814875,4.241675750779101,1,4,2,1
22.308333333333334,902.8649002832283,618.9857154166049,4.218440227886354,1,4,2,1
22.316666666666666,902.0462205461579,618.2624385921823,4.136122387898325,1,4,2,1
22.325,902.1968810619012,617.6720085465203,4.24983841595966,1,4,2,1
22.333333333333332,903.9680451691038,616.4008982497029,4.163164479471485,1,4,2,1
22.341666666666665,904.3731337952337,614.3787822678061,4.216373822404385,1,4,2,1
22.35,904.8159878982864,614.784461328418,4.162128034360005,1,4,2,1
22.358333333333334,906.5836146877008,614.6198184587049,4.2212414283479465,1,4,2,1
22.366666666666667,907.1585432809172,613.2648685126851,4.173565873737947,1,4,2,1
22.375,906.5325891327365,614.0798895904354,4.192424311061455,1,4,2,1
22.383333333333333,907.2548871164992,613.6508685861044,4.165185760494167,1,4,2,1
22.391666666666666,906.1087160883325,613.1580393673097,4.12318483726713,1,4,2,1
22.4,905.996137666861,612.8256424347641,4.156074184008364,1,4,2,1
22.408333333333335,906.3597880051909,613.2978858336281,4.179882658358954,1,4,2,1
22.416666666666668,906.6608907894878,614.4843452908652,4.107734537773084,1,4,2,1
22.425,906.2793696817741,615.3946948444132,4.130853736194326,1,4,2,1
22.433333333333334,960.2441447888988,497.3042869889348,4.167015074304476,1,4,2,1
22.441666666666666,961.9144740506937,497.69212360432164,4.11539344907111,1,4,2,1
22.45,907.564932883057,617.8486834820935,4.103688322148903,1,4,2,1
22.458333333333332,907.5069204274922,616.324429012258,4.122846777795372,1,4,2,1
22.466666666666665,907.595117742654,616.7807623487797,4.1380410172525295,1,4,2,1
22.475,907.709137845987,615.5187822638112,4.107595323048932,1,4,2,1
22.483333333333334,907.8034133239465,614.7773243028408,4.140920573743489,1,4,2,1
22.491666666666667,908.0621035622484,616.0812217728629,4.07108115549463,1,4,2,1
22.5,907.2782802937979,616.0002596010224,4.1431282222314705,1,4,2,1
22.508333333333333,906.6224267099099,615.7921058988868,4.07010024798432,1,4,2,1
22.516666666666666,905.8860954788997,617.7189855720584,4.091413263578469,1,4,2,1
22.525,905.5286820272693,618.0678471597056,4.127111427420386,1,4,2,1
22.533333333333335,906.1353459479873,618.1030937764834,4.103073080058114,1,4,2,1
22.541666666666668,908.1508810254483,616.7987535844761,4.121526248843757,1,4,2,1
22.55,907.2087916494269,617.0737170857628,4.068018859489212,1,4,2,1
22.558333333333334,907.4216731595607,615.0549112139156,4.099525462864227,1,4,2,1
22.566666666666666,907.399167403941,615.5968340359173,4.068658663533245,1,4,2,1
22.575,907.2081119332809,615.6569336430132,4.109522496575353,1,4,2,1
22.583333333333332,907.6037440689025,616.1312125129134,4.043916345944392,1,4,2,1
22.591666666666665,907.0938376038657,615.4432137353741,4.106364862844203,1,4,2,1
22.6,906.8481870617641,614.4244205071976,4.056750283025602,1,4,2,1
22.608333333333334,905.709099090486,612.9759117033207,4.059935456207453,1,4,2,1
22.616666666666667,906.3749548777993,612.8092563053641,4.116152816222871,1,4,2,1
22.625,906.8548153892747,611.2589490326093,4.053257049382598,1,4,2,1
22.633333333333333,906.0603180355463,611.2420540251078,4.06090935813667,1,4,2,1
22.641666666666666,906.2205735847597,611.322418627461,4.060483062796845,1,4,2,1
22.65,906.8253356123283,611.170127016949,4.093563628482754,1,4,2,1
22.658333333333335,905.1510675650707,611.1012867634222,4.060107553492409,1,4,2,1
22.666666666666668,905.8606933116579,611.5872535535184,4.081842059790665,1,4,2,1
22.675,905.9055087803408,611.7873679892119,4.072126250856379,1,4,2,1
22.683333333333334,905.3789243589972,612.4224361295385,4.111803288531769,1,4,2,1
22.691666666666666,905.4077483656279,613.3191815431567,4.102402477506014,1,4,2,1
22.7,906.2012616470286,613.0454489642776,4.0429937590025045,1,4,2,1
22.708333333333332,905.3759361774722,613.4020248214176,4.086736356364842,1,4,2,1
22.716666666666665,905.0968696814442,613.850516397528,4.077096292143791,1,4,2,1
22.725,904.9643963187714,613.4102061843771,4.0631334806077115,1,4,2,1
22.733333333333334,903.3759004478145,615.0066759932461,4.069690777250049,1,4,2,1
22.741666666666667,903.3110552944021,614.443709565157,4.06633222734165,1,4,2,1
22.75,903.7306357282885,613.8068294189443,4.069255099855143,1,4,2,1
22.758333333333333,904.6879985241732,613.847515926816,4.064274344022921,1,4,2,1
22.766666666666666,905.0384818148673,613.7214643489449,4.077914912805565,1,4,2,1
22.775,903.9458593241113,614.7586059792243,4.061412046916762,1,4,2,1
22.783333333333335,903.8243012147555,615.7920292800992,4.043378153458967,1,4,2,1
22.791666666666668,903.0064489268419,616.8695536470103,4.041828074557231,1,4,2,1
22.8,902.7856778694538,617.8145204568103,4.0572146633812745,1,4,2,1
22.808333333333334,902.5909169039369,617.945525276101,4.064349244458818,1,4,2,1
22.816666666666666,903.167108617992,617.7736742113796,4.071025237445346,1,4,2,1
22.825,903.991312185132,617.7629131265393,4.049956581198291,1,4,2,1
22.833333333333332,903.9624535599851,616.8768798964484,4.102864800868755,1,4,2,1
22.841666666666665,904.6718006468601,616.518526000212,4.075122085331545,1,4,2,1
22.85,904.1237246346677,616.265638654072,4.07208857594523,1,4,2,1
22.858333333333334,905.2039835812716,615.2289409214537,4.052308798889643,1,4,2,1
22.866666666666667,905.2737253610911,615.2283485371801,4.019325360062953,1,4,2,1
22.875,905.0565379810952,614.5012213714957,4.064740088142849,1,4,2,1
22.883333333333333,903.1940253033426,613.9196266636853,4.046156580793461,1,4,2,1
22.891666666666666,903.4403075191353,614.3192270720938,4.0496973961351195,1,4,2,1
22.9,903.2064810611348,614.0459921477263,4.083391229207265,1,4,2,1
22.908333333333335,904.0542760222711,612.5824746152138,3.9989597635550145,1,4,2,1
22.916666666666668,903.1855022129319,612.4612219138137,4.009624009319191,1,4,2,1
22.925,903.8048297304861,612.66618453483,4.03119610567443,1,4,2,1
22.933333333333334,904.2608444719675,613.0050610378697,3.9955547300078416,1,4,2,1
22.941666666666666,904.1346892351432,614.2363349291336,4.012949506190416,1,4,2,1
22.95,904.283615943235,614.8275209624117,4.066558248579413,1,4,2,1
22.958333333333332,903.6968681096484,614.4619822871098,4.068663674205566,1,4,2,1
22.966666666666665,904.4529988356461,615.388488894035,4.001023205202334,1,4,2,1
22.975,904.4759194090315,614.5046461280215,4.068727626560815,1,4,2,1
22.983333333333334,904.1056596641898,612.5326261828002,3.990812119547983,1,4,2,1
22.991666666666667,903.9292647068779,612.595070274795,4.070196636623006,1,4,2,1
23.0,903.9968476845131,611.6103114143683,4.1205100225938365,1,4,2,1
23.008333333333333,904.6302076123092,612.7449228180369,4.05765691353162,1,4,2,1
23.016666666666666,903.7836425374534,612.5992327841999,3.992652707782337,1,4,2,1
23.025,903.1411963332686,612.5311470131637,4.029672791932645,1,4,2,1
23.033333333333335,902.7731024286217,612.3485505827928,4.065636083228078,1,4,2,1
23.041666666666668,902.0485419699636,612.2767642205747,4.0335334039238715,1,4,2,1
23.05,902.9193777622314,614.0406342596208,4.087987897139445,1,4,2,1
23.058333333333334,902.8731537951292,614.6386839742997,4.074504447405123,1,4,2,1
23.066666666666666,902.751196436506,614.7499100327492,4.023802571389154,1,4,2,1
23.075,903.4905336518532,613.4602263230948,4.010931517641147,1,4,2,1
23.083333333333332,903.3857140770754,613.1752665526151,4.079121139051911,1,4,2,1
23.091666666666665,902.7509190709038,613.5605486676825,4.050628292719978,1,4,2,1
23.1,901.8681290690594,613.1506971658484,4.054108120696812,1,4,2,1
23.108333333333334,902.5176488393405,613.1473577755389,4.017527732906594,1,4,2,1
23.116666666666667,902.2661828686436,611.7130648542675,4.043995983676399,1,4,2,1
23.125,902.857427341593,612.4904889478703,4.01250902801594,1,4,2,1
23.133333333333333,902.9327863773937,612.5377224139514,4.080527335308244,1,4,2,1
23.141666666666666,902.3697331800605,610.7580998722302,4.01019505418404,1,4,2,1
23.15,903.2633438339299,610.4220289615939,4.0330009997802145,1,4,2,1
23.158333333333335,903.314231029138,609.044096000937,4.038255685903802,1,4,2,1
23.166666666666668,903.0079592916451,608.8674800889596,3.997334853633026,1,4,2,1
23.175,902.6592296317455,609.0936805139636,4.007330936372497,1,4,2,1
23.183333333333334,902.2452117688866,608.6506958917296,4.020957635635769,1,4,2,1
23.191666666666666,902.7757276348372,608.4494323736947,4.0516003324181,1,4,2,1
23.2,903.4758723835248,608.8714501310563,4.070359849891529,1,4,2,1
23.208333333333332,902.9505997585112,608.2985432971856,4.085166602462715,1,4,2,1
23.216666666666665,903.7598866588123,609.4687143998793,4.004013403099316,1,4,2,1
23.225,904.3460987433205,609.4433737003515,4.079720881189578,1,4,2,1
23.233333333333334,903.5974252260473,608.8744963783706,4.026035627470875,1,4,2,1
23.241666666666667,905.0572626214173,608.8585302783761,4.056317349376888,1,4,2,1
23.25,904.8310016754572,611.0557319210031,4.078246400609689,1,4,2,1
23.258333333333333,904.9023475097738,610.9413380630925,4.010478919076011,1,4,2,1
23.266666666666666,906.8912863148955,611.2967007996392,4.027417580609154,1,4,2,1
23.275,907.3104225591001,611.7584185471459,4.0194299976183485,1,4,2,1
23.283333333333335,906.542649576658,611.7553395728257,4.012107635121581,1,4,2,1
23.291666666666668,906.7184931153666,611.5905735159963,4.039408465581259,1,4,2,1
23.3,906.169058942399,611.3588698039362,4.006564109018296,1,4,2,1
23.308333333333334,905.4240799456384,611.1128988671503,3.9872394451965847,1,4,2,1
23.316666666666666,905.7595609376817,610.6811891531186,4.055687699079581,1,4,2,1
23.325,905.7435978138789,609.9998157983047,4.04670588612403,1,4,2,1
23.333333333333332,968.694785448283,550.7770288197955,4.047356107676373,1,4,2,1
23.341666666666665,969.9746250734452,553.1398043674792,4.027286717301055,1,4,2,1
23.35,907.0612063460404,610.1504215483582,3.9957146262576986,1,4,2,1
23.358333333333334,907.4673047043432,610.2994511876228,4.0279622794986025,1,4,2,1
23.366666666666667,907.2281838434615,609.3298516396153,4.02058149011148,1,4,2,1
23.375,907.5855571361197,609.4910796022455,4.0255454906572155,1,4,2,1
23.383333333333333,907.2769324278945,608.8376157223138,4.0418826954490985,1,4,2,1
23.391666666666666,906.6592966907991,609.8782277589285,4.08193078744694,1,4,2,1
23.4,907.7523208649695,610.3652214106384,4.001579537804333,1,4,2,1
23.408333333333335,908.1726254882218,610.7702463840508,4.010441913049241,1,4,2,1
23.416666666666668,907.5472870053336,610.0230013630807,4.02884145752938,1,4,2,1
23.425,907.3140459367997,609.9731045900772,4.014698866725942,1,4,2,1
23.433333333333334,906.6002735585357,609.5565585196393,3.9833026771661766,1,4,2,1
23.441666666666666,907.2649710309959,609.2970570265118,3.9815268532634933,1,4,2,1
23.45,907.987408918584,609.6493695563192,4.045219842690605,1,4,2,1
23.458333333333332,908.4303727982169,609.425225511803,3.9864857169939105,1,4,2,1
23.466666666666665,908.8084141223947,608.5826415544271,4.031930390827243,1,4,2,1
23.475,909.2990538178915,608.5386107695043,4.036885633577734,1,4,2,1
23.483333333333334,908.4409626069967,606.5797999116937,4.006480697951671,1,4,2,1
23.491666666666667,909.0273549303491,606.3814914224008,3.9951104977673446,1,4,2,1
23.5,908.2223159601206,607.2620628978614,4.007465673858178,1,4,2,1
23.508333333333333,908.427175403127,607.4853859518967,4.011016982272215,1,4,2,1
23.516666666666666,908.7050932205593,607.9248755751692,4.038634665740555,1,4,2,1
23.525,908.2371528510673,607.5145145201145,3.9690597639724805,1,4,2,1
23.533333333333335,907.252310390342,607.764357513649,4.005886086457067,1,4,2,1
23.541666666666668,908.668372620666,608.3607551647951,4.0522688815937355,1,4,2,1
23.55,908.207431964497,607.3767804330707,4.0024299766825875,1,4,2,1
23.558333333333334,909.1440671100742,607.4506648366659,4.046994981293202,1,4,2,1
23.566666666666666,908.8773299853805,606.9034869802526,3.975509638755723,1,4,2,1
23.575,909.5040282767884,607.4338089139156,3.984610574359359,1,4,2,1
23.583333333333332,909.0109818549145,607.1238394278294,3.982819391880123,1,4,2,1
23.591666666666665,909.5073692586437,606.472876009268,3.9729867947356166,1,4,2,1
23.6,909.1263718367311,606.774806375019,4.005948151003063,1,4,2,1
23.608333333333334,909.5562140874741,607.3388686610964,3.967765416341008,1,4,2,1
23.616666666666667,910.7106615516501,607.8030892398922,4.037414950886409,1,4,2,1
23.625,909.8343291650258,607.0838831225375,4.015471679544741,1,4,2,1
23.633333333333333,908.7808773784138,607.7753843549398,3.9777296517526053,1,4,2,1
23.641666666666666,909.4447067637833,607.3742481686421,4.020208698780461,1,4,2,1
23.65,910.3632705618935,606.497171479246,3.952398444105953,1,4,2,1
23.658333333333335,911.7867922893844,607.7884983903983,3.959397931830154,1,4,2,1
23.666666666666668,911.2649851767882,608.3854725795594,3.9767982046124155,1,4,2,1
23.675,910.1470851405353,607.5877767321803,3.9853256028626154,1,4,2,1
23.683333333333334,910.4247804827884,607.9950650974041,4.0049608044343135,1,4,2,1
23.691666666666666,909.942764070942,608.0392402227968,3.9522908857650094,1,4,2,1
23.7,909.6167737550468,606.8806998048983,3.9601078194156156,1,4,2,1
23.708333333333332,911.4016787988793,606.8398477787422,4.0071853173614,1,4,2,1
23.716666666666665,911.2261984987599,606.7747227617914,4.001730586255635,1,4,2,1
23.725,911.2970127554187,606.7942611256395,3.98548108743559,1,4,2,1
23.733333333333334,912.360276518342,606.2483482939616,4.056717116092857,1,4,2,1
23.741666666666667,912.1223652541217,606.4042961567064,4.012068075528792,1,4,2,1
23.75,913.5927381723211,607.7892564163451,4.029540118956051,1,4,2,1
23.758333333333333,914.0633806582989,607.1326151027346,4.006133315662649,1,4,2,1
23.766666666666666,914.9567198950565,605.798319984095,3.9603632748237017,1,4,2,1
23.775,914.8707481382553,606.7115173762155,3.945845159981262,1,4,2,1
23.783333333333335,675.807238453638,213.4456130442677,3.961489286705789,1,4,2,1
23.791666666666668,676.5066613326441,214.09605278488038,4.0844606984689,1,4,2,1
23.8,914.1717309209195,608.9169090491396,3.951082281360417,1,4,2,1
23.808333333333334,913.9249971243189,608.9610628861836,4.014315148204273,1,4,2,1
23.816666666666666,912.3283955595821,607.7841583980847,4.0034027194639,1,4,2,1
23.825,913.0743143533894,607.0675574514319,4.026393187306369,1,4,2,1
23.833333333333332,915.0254622339373,607.0806210153753,3.9935929895960767,1,4,2,1
23.841666666666665,915.0996167748365,607.5709374087965,4.034588279266973,1,4,2,1
23.85,915.4512243236495,608.1282594981859,3.958034690722189,1,4,2,1
23.858333333333334,915.7891646541221,607.4936384761689,4.001947094825102,1,4,2,1
23.866666666666667,913.7081806369341,607.1225908252839,3.9737248254672655,1,4,2,1
23.875,913.8431240939512,607.0948261094505,4.019712422724694,1,4,2,1
23.883333333333333,914.4174598011047,607.8245159279911,4.028843165784294,1,4,2,1
23.891666666666666,913.3936038539711,607.650657125899,3.9619831976450777,1,4,2,1
23.9,914.5488624200373,608.1089791229432,3.958233025249801,1,4,2,1
23.908333333333335,914.6085879734949,608.1259420176945,3.9833006987845376,1,4,2,1
23.916666666666668,914.1035206080268,608.2659394371746,3.9618241271277563,1,4,2,1
23.925,913.911108298133,607.657461019171,4.026885083772062,1,4,2,1
23.933333333333334,913.1634296035659,607.3807804340331,3.979308636089703,1,4,2,1
23.941666666666666,912.7269489193674,608.7478537209353,4.006013127054312,1,4,2,1
23.95,911.7774497474629,607.4040444476351,4.033005997893052,1,4,2,1
23.958333333333332,911.0991709130014,606.5014439187141,3.980337642068139,1,4,2,1
23.966666666666665,911.2558865624397,606.3685536297302,4.025460417913484,1,4,2,1
23.975,909.6750843114653,605.5870015749872,4.115128743497033,1,4,2,1
23.983333333333334,909.4307330030421,606.1115841517394,3.995633757705888,1,4,2,1
23.991666666666667,908.1122066751116,606.1451814952811,3.96734229552827,1,4,2,1
24.0,906.7804202770737,605.6480847638425,3.972058697759602,1,4,2,1
24.008333333333333,906.4812744971908,605.487956205447,3.9976677067561286,1,4,2,1
24.016666666666666,906.4622747812472,604.4014231974862,4.014668419715897,1,4,2,1
24.025,905.9099493633096,605.1508504282955,3.9922350206079007,1,4,2,1
24.033333333333335,904.7797947289437,604.4418076165407,4.0450696439877225,1,4,2,1
24.041666666666668,905.0436164353031,602.9183280010022,4.051343853582977,1,4,2,1
24.05,906.2937975363277,602.7267582639646,3.959643272774114,1,4,2,1
24.058333333333334,906.5348737411313,602.3460310858252,3.980522955630429,1,4,2,1
24.066666666666666,907.5930301799233,604.54680682295,4.069383630282728,1,4,2,1
24.075,907.3542412352793,603.9924958719491,4.003749927970214,1,4,2,1
24.083333333333332,906.3738170597821,603.3111316388653,4.0308548223121035,1,4,2,1
24.091666666666665,907.08609602993,603.0540459376728,4.055951238467588,1,4,2,1
24.1,908.9045723885692,602.0707061219192,3.939240725643885,1,4,2,1
24.108333333333334,909.14276194613,601.157758525535,4.005811619428007,1,4,2,1
24.116666666666667,910.4797633512981,601.0552578919778,4.0091830773690145,1,4,2,1
24.125,909.3415492464325,601.8595226670723,4.008248688120558,1,4,2,1
24.133333333333333,908.6210804910462,601.3670379453399,3.967794991582973,1,4,2,1
24.141666666666666,908.966146673226,601.7586740767367,3.9976342094405775,1,4,2,1
24.15,909.2159346721446,602.1960767094773,4.031884711648237,1,4,2,1
24.158333333333335,910.8031380282263,602.7006223931244,3.923067700262532,1,4,2,1
24.166666666666668,910.1898321550905,602.1472620066527,4.021456160963086,1,4,2,1
24.175,910.1277223074806,601.1156128616269,4.026276299767382,1,4,2,1
24.183333333333334,910.0877318194947,601.036699091694,4.083526706838078,1,4,2,1
24.191666666666666,909.7814600972063,600.9637911445528,4.041148549400466,1,4,2,1
24.2,910.2123781289456,600.7966575442668,4.003822660178402,1,4,2,1
24.208333333333332,909.8393654045756,601.7859819769784,4.030835201766696,1,4,2,1
24.216666666666665,908.4203500724234,600.4654381669993,3.9936026107665685,1,4,2,1
24.225,908.2139892860437,600.3883188252729,4.031076332980855,1,4,2,1
24.233333333333334,908.5445249537294,601.2047505652234,4.047488818991827,1,4,2,1
24.241666666666667,909.0421719377542,602.2509942242237,4.006823351759888,1,4,2,1
24.25,908.9067245079954,603.6526783951292,3.9436003609022694,1,4,2,1
24.258333333333333,906.7305670997337,604.5609904453771,3.992490741086012,1,4,2,1
24.266666666666666,906.625407569263,604.4876162324283,4.090400784501401,1,4,2,1
24.275,905.6972465331582,603.9519166786908,4.04579998428409,1,4,2,1
24.283333333333335,907.7279875963543,603.8272697509911,4.050908720096016,1,4,2,1
24.291666666666668,908.136030278024,602.8979287865535,4.044545378974825,1,4,2,1
24.3,907.5998822699524,602.8578115864519,4.0400661928542405,1,4,2,1
24.308333333333334,906.1193689196358,603.791834438828,4.049560905654063,1,4,2,1
24.316666666666666,905.7597736642019,605.2049955074051,4.103164344139862,1,4,2,1
24.325,502.90433919579425,920.934773649188,4.017512486653954,1,4,2,1
24.333333333333332,502.8036030111764,920.7608830013021,4.037542703850598,1,4,2,1
24.341666666666665,906.5997034613309,605.4670411302392,3.991882226686728,1,4,2,1
24.35,907.9564913481793,605.9383101061231,3.958930957288467,1,4,2,1
24.358333333333334,906.8942896754039,605.9463835474431,4.0908160923488825,1,4,2,1
24.366666666666667,492.7773934871347,311.8569842959539,4.0269942449964224,1,4,2,1
24.375,493.03999168044487,311.07174859614713,4.038648860248447,1,4,2,1
24.383333333333333,904.1057574516784,602.2955472484376,3.990301174742274,1,4,2,1
24.391666666666666,903.7851078160296,601.6585357171351,4.009353961244296,1,4,2,1
24.4,903.9081968693639,602.3962543587317,4.007278216409332,1,4,2,1
24.408333333333335,904.2933547228006,603.1811742547676,4.039044636615589,1,4,2,1
24.416666666666668,905.4742812676809,603.4975092901394,4.00625404864929,1,4,2,1
24.425,905.4487606020529,603.5353576830695,4.066819772427059,1,4,2,1
24.433333333333334,904.586360243907,604.4686858651932,4.003743288139979,1,4,2,1
24.441666666666666,904.7679962686092,604.5453723013502,4.007404249378922,1,4,2,1
24.45,904.3536922250581,604.3924627538081,4.064391615477151,1,4,2,1
24.458333333333332,902.8945619791102,604.9791087255106,4.06327605447324,1,4,2,1
24.466666666666665,903.048190197195,606.1926418653986,4.048517367614315,1,4,2,1
24.475,903.1858381525436,607.3177056331288,4.055245424041552,1,4,2,1
24.483333333333334,902.1748106417182,608.660462558599,4.074080782397381,1,4,2,1
24.491666666666667,901.9389809780752,609.5911798141058,3.98661580856861,1,4,2,1
24.5,899.447268665187,609.3824634823263,4.057070240089275,1,4,2,1
24.508333333333333,899.6050086474543,609.3803165462691,4.061098655526405,1,4,2,1
24.516666666666666,900.5483317067323,609.8478845547636,4.058682786225438,1,4,2,1
24.525,899.747316229936,610.9304499869518,4.068782512482405,1,4,2,1
24.533333333333335,899.5508443095086,610.3778631487805,4.060091703052453,1,4,2,1
24.541666666666668,900.3912460037284,609.1715096477058,4.02477555763179,1,4,2,1
24.55,898.8055886885938,609.246015703376,4.068434261205338,1,4,2,1
24.558333333333334,899.8323196652203,609.7059226878838,4.099039542861297,1,4,2,1
24.566666666666666,900.6896919456632,610.5620733918128,4.010742071717211,1,4,2,1
24.575,901.7278509863305,611.876220413423,4.05384642374814,1,4,2,1
24.583333333333332,902.7765822315943,612.3098050972936,4.160223184538236,1,4,2,1
24.591666666666665,903.8195491967073,613.2576024120452,4.026820602094879,1,4,2,1
24.6,903.9617884579245,613.472729235964,4.116345850721757,1,4,2,1
24.608333333333334,903.1751959340526,613.5714526356219,4.057960841886449,1,4,2,1
24.616666666666667,903.3119798941942,612.0138954279927,4.048524906995016,1,4,2,1
24.625,903.2471025799641,612.3908344384745,4.023737852309211,1,4,2,1
24.633333333333333,901.712381874037,614.5139732200315,4.065352190012334,1,4,2,1
24.641666666666666,901.113661017238,613.874414218139,4.0548308670581505,1,4,2,1
24.65,901.4688874123566,613.0209638588965,4.088736838345805,1,4,2,1
24.658333333333335,900.4257585588002,613.7824548821566,4.043635966310926,1,4,2,1
24.666666666666668,900.9436591414594,612.5880012620894,4.034691155765136,1,4,2,1
24.675,900.405791062686,611.0087101856624,4.118041249029416,1,4,2,1
24.683333333333334,899.9750907880411,609.8429616936227,4.071646813869159,1,4,2,1
24.691666666666666,899.7422946177826,610.5110754817468,4.020475911593392,1,4,2,1
24.7,899.981655250539,610.5438206100041,3.9925728012857564,1,4,2,1
24.708333333333332,900.196723783923,610.4540790715897,4.120804855978169,1,4,2,1
24.716666666666665,901.6244571049749,609.7513792328106,4.079889886221939,1,4,2,1
24.725,901.718294781793,608.8974433504408,4.0407313606645,1,4,2,1
24.733333333333334,901.9731926848636,608.3372734321365,4.042711844228079,1,4,2,1
24.741666666666667,899.7678139001347,608.9415079203233,4.049399323454565,1,4,2,1
24.75,899.6585430343061,609.1363282535743,4.084182837074132,1,4,2,1
24.758333333333333,900.1878432446093,609.7909632266144,4.084530716710962,1,4,2,1
24.766666666666666,900.8804612546566,610.0489839670596,4.090975214766216,1,4,2,1
24.775,899.6352212317665,611.0632059857305,4.095905632913471,1,4,2,1
24.783333333333335,898.0083722364093,612.6251173909823,4.09179432196249,1,4,2,1
24.791666666666668,898.8934983796222,613.5715651504754,4.016425547061489,1,4,2,1
24.8,898.4518784019042,612.6900851273547,3.9981163269847477,1,4,2,1
24.808333333333334,898.7950400837824,614.3046339268886,4.018168114868395,1,4,2,1
24.816666666666666,899.7095610309401,613.7819848742591,4.118033925931981,1,4,2,1
24.825,899.2913814606479,614.2530228865303,4.058921018547966,1,4,2,1
24.833333333333332,899.8084914613328,613.5034158044493,4.084220842625851,1,4,2,1
24.841666666666665,900.2586225935873,614.9993854571642,4.089686220879008,1,4,2,1
24.85,900.1879729531075,615.3528301758452,4.096607952651538,1,4,2,1
24.858333333333334,900.9239458254203,616.4723158305025,4.083431277289512,1,4,2,1
24.866666666666667,901.2628992951563,616.2064324965528,4.126899409392679,1,4,2,1
24.875,900.9554717087553,615.0916306411973,4.109345667186647,1,4,2,1
24.883333333333333,901.7287189337319,615.4641160479163,4.063921289311748,1,4,2,1
24.891666666666666,901.9712167641875,616.2138083025469,4.104393882618758,1,4,2,1
24.9,902.0824004247579,616.0521825697546,4.094139481302292,1,4,2,1
24.908333333333335,901.6883987818748,616.7424347955805,4.0949373938242255,1,4,2,1
24.916666666666668,901.4424779529336,616.9633680124807,4.0359767877814505,1,4,2,1
24.925,899.9559280998628,617.6020898406714,4.164833481302195,1,4,2,1
24.933333333333334,900.876574398294,618.1700927533078,4.120581029564201,1,4,2,1
24.941666666666666,901.7758597665928,617.68219875747,4.092848312356044,1,4,2,1
24.95,1086.2189247992972,297.28177351062493,4.129198530841893,1,4,2,1
24.958333333333332,1086.3347156630387,297.6155247844707,4.103504201199288,1,4,2,1
24.966666666666665,902.0498189750044,619.2737097044919,4.154648136184469,1,4,2,1
24.975,901.7770439796511,618.024137623366,4.07104030350626,1,4,2,1
24.983333333333334,900.8939079858409,618.5173172287505,4.083498594859223,1,4,2,1
24.991666666666667,901.1055614547437,618.8672373226484,4.129752435057092,1,4,2,1
25.0,901.4370476428816,618.7026393899143,4.14423418139349,1,4,2,1
25.008333333333333,900.9525752809013,618.9934702844648,4.133926135122176,1,4,2,1
25.016666666666666,900.632527728508,619.1251910810242,4.13164200558363,1,4,2,1
25.025,902.2349691929988,618.253916521609,4.103604791627528,1,4,2,1
25.033333333333335,902.7811187675524,618.7662218997449,4.107387041305277,1,4,2,1
25.041666666666668,901.9900842063239,619.5324232557804,4.07866629830746,1,4,2,1
25.05,903.5515291929221,619.7542311032777,4.09746157855968,1,4,2,1
25.058333333333334,903.7650463597247,619.6860271862147,4.1168664592620345,1,4,2,1
25.066666666666666,903.8625224557449,620.4650764347889,4.08755344313182,1,4,2,1
25.075,903.7599674467897,620.275810139902,4.069135342361326,1,4,2,1
25.083333333333332,902.6828135154491,620.3195264679349,4.074514281451126,1,4,2,1
25.091666666666665,902.3131905262572,620.3616216550764,4.138680912606098,1,4,2,1
25.1,903.091684762154,620.4268343474732,4.155944329077161,1,4,2,1
25.108333333333334,903.0587457316958,621.4970313748717,4.082414562597582,1,4,2,1
25.116666666666667,903.1069828632059,620.1206367467256,4.141839134670322,1,4,2,1
25.125,901.6617893806269,620.66471521519,4.148151787488714,1,4,2,1
25.133333333333333,902.455802492892,619.4598654210176,4.103923763657154,1,4,2,1
25.141666666666666,902.3596575176879,619.9992825752959,4.08945962831526,1,4,2,1
25.15,902.5311136439901,619.158967119996,4.110752827484927,1,4,2,1
25.158333333333335,902.6379604139191,618.5239318055966,4.160861715301996,1,4,2,1
25.166666666666668,902.9872471681023,616.8718827053714,4.11914401115239,1,4,2,1
25.175,903.7706384294837,616.2663061817236,4.1134169386341926,1,4,2,1
25.183333333333334,902.844688731694,616.5726043131486,4.108079520433102,1,4,2,1
25.191666666666666,902.8100818303905,616.2970344068256,4.085667187672343,1,4,2,1
25.2,902.6197395173144,615.913516194272,4.0955280438261665,1,4,2,1
25.208333333333332,901.9378074931368,615.8653598255453,4.093996328393582,1,4,2,1
25.216666666666665,901.0717063474436,616.6903976101379,4.137231366950833,1,4,2,1
25.225,901.946437324302,617.0409483261185,4.103843034716248,1,4,2,1
25.233333333333334,900.0432522566225,617.757031446418,4.109710924621581,1,4,2,1
25.241666666666667,901.3952206519581,617.7742928438032,4.081944659007261,1,4,2,1
25.25,900.8431150991397,619.2283997080648,4.133527721876958,1,4,2,1
25.258333333333333,900.2974313924724,619.0651278593465,4.104536206110371,1,4,2,1
25.266666666666666,901.019059073504,618.3958301657021,4.111622759397961,1,4,2,1
25.275,901.7231932445035,618.9359167665796,4.1257551947954685,1,4,2,1
25.283333333333335,901.7190807748833,617.708244940975,4.0924828718009225,1,4,2,1
25.291666666666668,901.4073792254692,616.331535973864,4.072096217173906,1,4,2,1
25.3,901.1134371989298,617.4864553685454,4.1295631806138,1,4,2,1
25.308333333333334,902.3775599017916,618.4226192676289,4.099582919786909,1,4,2,1
25.316666666666666,903.459702772161,617.7041353908763,4.1141430149519795,1,4,2,1
25.325,903.1148609139008,618.0208395227726,4.179696202929931,1,4,2,1
25.333333333333332,903.5639057821375,617.8591525036877,4.127460698785499,1,4,2,1
25.341666666666665,902.8875616938708,618.7531043720401,4.1603520543019465,1,4,2,1
25.35,903.0808201591278,618.5901794257293,4.124358176203877,1,4,2,1
25.358333333333334,902.4199406493165,618.2083023073782,4.182899284998428,1,4,2,1
25.366666666666667,903.2625988144833,617.7298499754608,4.156261627731435,1,4,2,1
25.375,903.7593265319564,616.0288634935357,4.154990259450546,1,4,2,1
25.383333333333333,902.6601385435648,616.073008101979,4.1434002736090765,1,4,2,1
25.391666666666666,902.6514621743158,615.4650012181057,4.14509466663457,1,4,2,1
25.4,902.6446609808116,615.1539006252552,4.173021674427055,1,4,2,1
25.408333333333335,902.7702662637807,614.1435497114046,4.19354250001165,1,4,2,1
25.416666666666668,903.3737355418301,614.0976846199914,4.1710367049896275,1,4,2,1
25.425,903.9528806861683,614.3875342367269,4.092858041985322,1,4,2,1
25.433333333333334,902.0861811111447,615.4314726305118,4.145502114814201,1,4,2,1
25.441666666666666,902.5770011720746,615.0362262309516,4.119809595184056,1,4,2,1
25.45,902.3938342837411,614.1559070782396,4.167356053518947,1,4,2,1
25.458333333333332,903.3735503521966,613.7013850519176,4.161874412161473,1,4,2,1
25.466666666666665,902.9597414500797,612.938761887402,4.171851439845056,1,4,2,1
25.475,904.1292224531226,613.5599946928335,4.160205692796603,1,4,2,1
25.483333333333334,905.2763426901658,613.0826738990503,4.179038195653793,1,4,2,1
25.491666666666667,905.4419382663558,613.6095610527499,4.142794431236662,1,4,2,1
25.5,907.114770957777,613.7618345151102,4.091865623161701,1,4,2,1
25.508333333333333,906.1816261578763,613.0895687365621,4.169741512657891,1,4,2,1
25.516666666666666,907.2409359319213,612.8898381050519,4.1840895345436335,1,4,2,1
25.525,906.5543174499849,613.5778780317594,4.157905159673127,1,4,2,1
25.533333333333335,906.9036900651702,612.7283466467605,4.191934532084508,1,4,2,1
25.541666666666668,906.1838656082433,612.1466402093844,4.154268458859865,1,4,2,1
25.55,907.0726613347347,611.3857150044729,4.204075209780545,1,4,2,1
25.558333333333334,907.7718800254696,610.8759190503495,4.1861150620056256,1,4,2,1
25.566666666666666,909.207006800238,611.2471609683333,4.173998207300105,1,4,2,1
25.575,910.5368829644485,612.0498240068148,4.1394215329367885,1,4,2,1
25.583333333333332,911.6388732987369,611.5898707203484,4.142990533161015,1,4,2,1
25.591666666666665,913.8992103570812,610.4954379306074,4.229078216029518,1,4,2,1
25.6,914.2433514452262,609.0683203854779,4.200304324182093,1,4,2,1
25.608333333333334,915.0558688509298,607.8158695885977,4.201348860874765,1,4,2,1
25.616666666666667,914.0770267405676,606.7012706338854,4.161855430293676,1,4,2,1
25.625,914.2795443977845,606.4535810864552,4.12108677263528,1,4,2,1
25.633333333333333,915.2130765339305,607.8394576957631,4.201427164333844,1,4,2,1
25.641666666666666,915.1497685753766,608.2661871009568,4.173123712791341,1,4,2,1
25.65,915.0750688730392,608.0480285659313,4.185792275549042,1,4,2,1
25.658333333333335,916.4926331726057,608.5371955397555,4.188282330832643,1,4,2,1
25.666666666666668,915.8352939961195,607.1682102207114,4.172551704560146,1,4,2,1
25.675,915.4047771096683,607.4715089714863,4.183518465920811,1,4,2,1
25.683333333333334,914.6481342794775,607.6171856192155,4.219648918872657,1,4,2,1
25.691666666666666,914.0079337648575,606.281209376896,4.195460862780661,1,4,2,1
25.7,914.9158493561404,604.9707336437539,4.20628650702206,1,4,2,1
25.708333333333332,914.4571096550364,606.5717016936911,4.173841467413446,1,4,2,1
25.716666666666665,914.839248806613,606.0104035822922,4.24135968460519,1,4,2,1
25.725,913.7185231287011,607.2246081624287,4.279364816942662,1,4,2,1
25.733333333333334,914.1432002121919,608.5952176349035,4.184238645180872,1,4,2,1
25.741666666666667,913.7076251447108,609.421643280972,4.233291765035302,1,4,2,1
25.75,913.411646611168,609.6855319494838,4.227222140739867,1,4,2,1
25.758333333333333,913.7222071763738,609.6666301503016,4.24751551333987,1,4,2,1
25.766666666666666,912.5018264402539,610.6139319220638,4.221762645625531,1,4,2,1
25.775,914.5161152399206,610.3960563584867,4.264736601937051,1,4,2,1
25.783333333333335,914.4812821037801,612.1272270770262,4.268001777367404,1,4,2,1
25.791666666666668,913.5013862724811,613.3726763502174,4.28940929858095,1,4,2,1
25.8,913.9397572320222,612.8026986165958,4.332616002202043,1,4,2,1
25.808333333333334,914.7155189798232,612.6256381669615,4.272160060669644,1,4,2,1
25.816666666666666,915.8333061698987,612.0531104943924,4.310285179251508,1,4,2,1
25.825,917.7079644877294,612.4448419532181,4.3271095929965755,1,4,2,1
25.833333333333332,916.8549841945281,613.4446788516956,4.3393937895005505,1,4,2,1
25.841666666666665,915.5383348970993,612.8919302370342,4.297162688546302,1,4,2,1
25.85,916.4011119416355,613.6114775169762,4.367830497048109,1,4,2,1
25.858333333333334,916.8425645354162,614.2275561740684,4.346666747159525,1,4,2,1
25.866666666666667,916.7497483282756,613.6052672885655,4.298585314725895,1,4,2,1
25.875,915.9242336979753,614.0448899387266,4.330934783441501,1,4,2,1
25.883333333333333,916.0668286660704,614.3512065532168,4.2913467017576385,1,4,2,1
25.891666666666666,916.0193506571896,615.9078825219619,4.38397231043911,1,4,2,1
25.9,915.5558902806996,614.6476185368771,4.387225265780108,1,4,2,1
25.908333333333335,916.4491281085388,614.7381183878218,4.299583650455247,1,4,2,1
25.916666666666668,918.22974202472,614.0483940715454,4.358202827856745,1,4,2,1
25.925,918.9781287063058,616.0340208458958,4.328485877025724,1,4,2,1
25.933333333333334,918.4687628932387,614.7663555235487,4.373102681910244,1,4,2,1
25.941666666666666,919.4855178982435,614.430088214408,4.309498376081696,1,4,2,1
25.95,919.2441226604071,613.423429891897,4.323039161984144,1,4,2,1
25.958333333333332,919.9037150527753,614.2529211537747,4.337854913805024,1,4,2,1
25.966666666666665,920.7342006083717,613.648854823783,4.309314347049594,1,4,2,1
25.975,920.2035323465506,612.8876492504601,4.35561413498881,1,4,2,1
25.983333333333334,919.1685691518513,612.5763010276293,4.356890280556437,1,4,2,1
25.991666666666667,918.6835367745123,611.7585752663338,4.330116653040267,1,4,2,1
26.0,918.9111289438559,611.5462777959949,4.289083281938618,1,4,2,1
26.008333333333333,918.1738174379648,611.8058601644453,4.336718439458734,1,4,2,1
26.016666666666666,918.0216083437978,611.396824928638,4.287567048285786,1,4,2,1
26.025,918.379143803972,610.9433219165742,4.294127528025487,1,4,2,1
26.033333333333335,919.0773730439253,610.5004601725891,4.281318308962446,1,4,2,1
26.041666666666668,918.8843437664618,611.6598998207828,4.294797038650981,1,4,2,1
26.05,919.1014941187034,610.5833413537789,4.314091806822666,1,4,2,1
26.058333333333334,919.5695108888525,609.6082524644218,4.3320063560136814,1,4,2,1
26.066666666666666,919.5595126533025,610.5743677269651,4.272867460997258,1,4,2,1
26.075,919.42945082709,611.1960182717668,4.3152435040982775,1,4,2,1
26.083333333333332,920.1399339338566,611.8603199927604,4.2111415894346775,1,4,2,1
26.091666666666665,919.5277851606177,612.1406247660956,4.180907293141787,1,4,2,1
26.1,921.142700633047,611.4532656195604,4.255190056124202,1,4,2,1
26.108333333333334,920.3313833441499,611.8046046399128,4.218136616824743,1,4,2,1
26.116666666666667,918.7846634974894,612.2776846886306,4.225063405289681,1,4,2,1
26.125,919.1108277942844,612.8681457361919,4.21760825411939,1,4,2,1
26.133333333333333,919.5538047779377,612.88722879932,4.1839302731177535,1,4,2,1
26.141666666666666,922.7243722834379,613.9853667038203,4.198407624712266,1,4,2,1
26.15,923.6091806538341,613.1199842291915,4.202948055121284,1,4,2,1
26.158333333333335,922.709912054769,610.9872341799861,4.192514722186174,1,4,2,1
26.166666666666668,922.6568888051964,610.3501509065286,4.160938838562214,1,4,2,1
26.175,923.4621518050351,609.8619003625585,4.212606836503556,1,4,2,1
26.183333333333334,923.7436637894973,610.018313709241,4.184983605136392,1,4,2,1
26.191666666666666,923.0908225050715,608.3928092029705,4.163895199335982,1,4,2,1
26.2,921.5455351658321,608.68883032376,4.230251533813446,1,4,2,1
26.208333333333332,919.1896563164725,609.4201643713118,4.229581296273174,1,4,2,1
26.216666666666665,918.932189545445,609.7129630527376,4.195111856606815,1,4,2,1
26.225,919.3223014650715,610.0335939493957,4.182683568768825,1,4,2,1
26.233333333333334,920.442630846633,609.1547077735935,4.184554487255489,1,4,2,1
26.241666666666667,919.8151437178141,608.9701914256306,4.170638778954675,1,4,2,1
26.25,920.7227510159483,609.015901695859,4.19175706253408,1,4,2,1
26.258333333333333,920.6758840504826,609.5869539765746,4.169552915603435,1,4,2,1
26.266666666666666,921.4621808832098,610.2733091919193,4.204864725002987,1,4,2,1
26.275,922.3674201850423,610.2874927733236,4.159295659921365,1,4,2,1
26.283333333333335,923.2394484964663,611.4005265666556,4.24396497491671,1,4,2,1
26.291666666666668,923.5863104354106,610.7463670084502,4.1836173872889635,1,4,2,1
26.3,923.008440137531,610.2760529332204,4.197680786949502,1,4,2,1
26.308333333333334,1434.9974782802676,1111.9876979129435,4.225308796660288,1,4,2,1
26.316666666666666,1435.7412080427466,1111.0497955578435,4.167676954410665,1,4,2,1
26.325,924.1364340209408,610.1673459407568,4.149557620511738,1,4,2,1
26.333333333333332,923.9303059776906,610.5442872262156,4.100739480981881,1,4,2,1
26.341666666666665,923.622522164285,610.885704374815,4.177895485607152,1,4,2,1
26.35,924.0573712016154,610.5790983178729,4.207766511066428,1,4,2,1
26.358333333333334,924.0827718610334,609.704444259451,4.276992665476229,1,4,2,1
26.366666666666667,924.1427701879031,608.7606721868683,4.19717306084359,1,4,2,1
26.375,923.7400377102746,609.4478968107528,4.207477717130451,1,4,2,1
26.383333333333333,923.4982946674701,608.7560808303092,4.112469698178337,1,4,2,1
26.391666666666666,922.9842584578246,606.1612330646257,4.215156852391924,1,4,2,1
26.4,922.8613301113189,606.8771265463944,4.211520658940171,1,4,2,1
26.408333333333335,923.5622015290279,607.5138763113184,4.183099829707835,1,4,2,1
26.416666666666668,921.3922521410149,607.4980206668228,4.196583578376878,1,4,2,1
26.425,920.9575997966789,608.6790346898006,4.215228433327869,1,4,2,1
26.433333333333334,922.3014535120617,608.7563241828932,4.159947044437547,1,4,2,1
26.441666666666666,922.6335271467846,610.1922169484047,4.153641714730499,1,4,2,1
26.45,923.0120402261399,610.1731249731488,4.210633605778615,1,4,2,1
26.458333333333332,922.7623102655398,609.6515452163014,4.1558376280665215,1,4,2,1
26.466666666666665,921.9126485122437,609.8106041794146,4.212334873585659,1,4,2,1
26.475,923.0997336558879,609.0591616233992,4.204299836047185,1,4,2,1
26.483333333333334,921.818051469052,609.9066169565154,4.132540616222224,1,4,2,1
26.491666666666667,922.1507199456505,609.413266421422,4.237839701354008,1,4,2,1
26.5,921.5573059009366,610.9028089026764,4.218658767750502,1,4,2,1
26.508333333333333,922.8260814055016,611.4500601654173,4.208219563884342,1,4,2,1
26.516666666666666,922.2268173552566,611.4398449903525,4.217572473825496,1,4,2,1
26.525,922.7656350380454,612.4824375168487,4.217956222273204,1,4,2,1
26.533333333333335,922.8494189375353,612.2189912062906,4.2093196315442425,1,4,2,1
26.541666666666668,922.3763416294913,611.2682319126029,4.226144283603539,1,4,2,1
26.55,921.1098609835695,612.3722002297795,4.222366836254602,1,4,2,1
26.558333333333334,921.736651755154,611.5435842355696,4.164209039368465,1,4,2,1
26.566666666666666,922.3893387737147,610.4106312220897,4.188059534553006,1,4,2,1
26.575,921.8865220528493,609.6575642424291,4.244140788783341,1,4,2,1
26.583333333333332,921.006497772019,608.9712591644303,4.2175667287569825,1,4,2,1
26.591666666666665,920.8640700894447,607.9896476469144,4.150179764254517,1,4,2,1
26.6,920.7491098325739,607.570998322164,4.189086758732687,1,4,2,1
26.608333333333334,921.1106105561951,607.2907193134465,4.170236948938851,1,4,2,1
26.616666666666667,920.8645590080082,607.9547290090044,4.196370634181074,1,4,2,1
26.625,920.1743936884369,606.6476659233175,4.2079299519264755,1,4,2,1
26.633333333333333,920.6434409388064,606.6019217602832,4.1634646697370385,1,4,2,1
26.641666666666666,920.5295523694172,607.1321113494961,4.14629957677438,1,4,2,1
26.65,917.6872654462876,606.5508115886212,4.198970621832524,1,4,2,1
26.658333333333335,918.0281473681443,608.3026342958341,4.151612004261919,1,4,2,1
26.666666666666668,917.902750539536,607.647952792903,4.229059593675714,1,4,2,1
26.675,917.6848153472473,607.5462945191044,4.206754972042614,1,4,2,1
26.683333333333334,917.1149858324372,607.2633460357232,4.180857320822633,1,4,2,1
26.691666666666666,917.0599981099346,605.3093444196652,4.1983947839733275,1,4,2,1
26.7,917.9495135296614,605.2489862239071,4.157583514148124,1,4,2,1
26.708333333333332,918.5010453113836,604.336672080396,4.173352155768789,1,4,2,1
26.716666666666665,917.4804011437154,605.5187236945189,4.207726992308132,1,4,2,1
26.725,917.9562788926386,605.6276029041196,4.169012068674708,1,4,2,1
26.733333333333334,917.9117020424861,606.2283872969297,4.23118496277941,1,4,2,1
26.741666666666667,917.0596938626071,605.5013308482404,4.2081549857919525,1,4,2,1
26.75,916.4738266457293,603.9530043997602,4.162930788197063,1,4,2,1
26.758333333333333,916.7452593806748,604.8940982039024,4.2275340043817415,1,4,2,1
26.766666666666666,918.5890058252618,604.0841097443916,4.214239088160465,1,4,2,1
26.775,917.9153294295412,602.251351347187,4.178367845254974,1,4,2,1
26.783333333333335,456.9275329134019,561.529147320257,4.1417642951466975,1,4,2,1
26.791666666666668,456.9694268601898,560.7361714596746,4.182299784345977,1,4,2,1
26.8,917.5313349201678,602.2161629245942,4.163499925443011,1,4,2,1
26.808333333333334,917.5849519427865,602.6834634611487,4.1622002961086695,1,4,2,1
26.816666666666666,918.5610736369728,603.7480510962343,4.181606656215994,1,4,2,1
26.825,919.2191317729939,602.8485240476696,4.134880762872821,1,4,2,1
26.833333333333332,919.4613343813861,603.1537722293156,4.253408672451656,1,4,2,1
26.841666666666665,920.0589846642473,602.754998729962,4.122237629257656,1,4,2,1
26.85,920.8354906011821,602.5630119862591,4.239455016432856,1,4,2,1
26.858333333333334,920.8103867501046,601.682935168978,4.166168482427751,1,4,2,1
26.866666666666667,921.069447163513,602.0843871517807,4.184691367542418,1,4,2,1
26.875,921.8609463645633,601.7878323991907,4.157315523499095,1,4,2,1
26.883333333333333,921.5220783210683,600.710416038528,4.14630960519056,1,4,2,1
26.891666666666666,922.0455398806131,600.5889399812476,4.21590068815739,1,4,2,1
26.9,923.0699142330487,600.5068711928403,4.134578430572805,1,4,2,1
26.908333333333335,922.5691189023297,599.0599842849517,4.230184157521365,1,4,2,1
26.916666666666668,922.0715058511353,598.6864901243637,4.186619207792108,1,4,2,1
26.925,922.5874064405691,597.571032105281,4.175752116156241,1,4,2,1
26.933333333333334,923.4196548951393,598.1195853630152,4.148803245197032,1,4,2,1
26.941666666666666,924.5911561832829,598.7193987618912,4.225069061225199,1,4,2,1
26.95,924.9860619864625,598.2281953663961,4.149252450430637,1,4,2,1
26.958333333333332,925.7272223546199,597.5615757710633,4.14168832967884,1,4,2,1
26.966666666666665,924.7158274111562,597.880323410797,4.140378017768455,1,4,2,1
26.975,924.5909725206607,598.7293131295731,4.151757761796814,1,4,2,1
26.983333333333334,924.3580688690676,600.8095556811965,4.150528998445243,1,4,2,1
26.991666666666667,924.3225972764554,600.4347921970486,4.093751133190205,1,4,2,1
27.0,924.5236838502404,600.47611738839,4.1381699815377075,1,4,2,1
27.008333333333333,925.0774003745108,601.0018055076421,4.149773923448134,1,4,2,1
27.016666666666666,925.7575104444921,601.9331050587024,4.17026954213144,1,4,2,1
27.025,925.5305635512809,602.2061254722333,4.150251343500975,1,4,2,1
27.033333333333335,924.6597905540422,603.4486947733789,4.19904776536595,1,4,2,1
27.041666666666668,923.9896798375072,602.3514653839068,4.143036430125906,1,4,2,1
27.05,923.4415963584053,602.9507725898691,4.143587540365322,1,4,2,1
27.058333333333334,921.7671291177109,601.3808302847568,4.099785234439258,1,4,2,1
27.066666666666666,921.9268084415496,600.4081267010458,4.22682014695944,1,4,2,1
27.075,921.0657444969037,600.0121157759646,4.175713259269794,1,4,2,1
27.083333333333332,920.2731049932135,601.1487935694512,4.190693718230709,1,4,2,1
27.091666666666665,919.6114651703664,601.959514554582,4.130192621201587,1,4,2,1
27.1,919.9178614289867,601.3772429096401,4.105780094548601,1,4,2,1
27.108333333333334,584.9024104037192,599.0894807675033,4.183608262008289,1,4,2,1
27.116666666666667,585.1254941956156,598.6111551759002,4.145175887145724,1,4,2,1
27.125,919.472183651274,601.9078151200962,4.136381455118597,1,4,2,1
27.133333333333333,917.0052660627048,601.719252093026,4.0916533077833055,1,4,2,1
27.141666666666666,916.3096457776331,601.1552654874056,4.135805809396117,1,4,2,1
27.15,916.5597472543615,601.1449162358771,4.14898954739225,1,4,2,1
27.158333333333335,915.3095610912187,601.5724450921035,4.1558621019596265,1,4,2,1
27.166666666666668,915.8914620343186,601.5849771540343,4.149026138693475,1,4,2,1
27.175,916.2234292472708,601.0470837272156,4.182856657144719,1,4,2,1
27.183333333333334,1111.6879561103278,551.7233710765419,4.154447990482679,1,4,2,1
27.191666666666666,1111.5686178255114,552.0993164048696,4.184135102742948,1,4,2,1
27.2,916.6678156296032,601.9356476815664,4.100596465034402,1,4,2,1
27.208333333333332,914.6970653231994,602.2359415093385,4.0570536641813595,1,4,2,1
27.216666666666665,914.658930774664,601.3795108202163,4.139085944378136,1,4,2,1
27.225,915.4250479092173,601.6667195414971,4.152444123026085,1,4,2,1
27.233333333333334,915.7947260964893,602.6826797659677,4.126541695750573,1,4,2,1
27.241666666666667,915.1854867417508,603.9550000766195,4.095820385443166,1,4,2,1
27.25,914.591853331305,603.8340231249106,4.1335346215846105,1,4,2,1
27.258333333333333,914.191684368652,602.4065983445871,4.161611121960894,1,4,2,1
27.266666666666666,914.9290171864313,601.9916666688758,4.114877068228415,1,4,2,1
27.275,914.7972099054647,601.8964016257773,4.141988101084066,1,4,2,1
27.283333333333335,914.2487325689307,602.4530321194229,4.088006859045655,1,4,2,1
27.291666666666668,913.4696349243795,602.5798678187671,4.1531544416253885,1,4,2,1
27.3,915.0087334333298,602.5693535551924,4.101490513397264,1,4,2,1
27.308333333333334,915.6124074396163,603.6139390190866,4.117741254203924,1,4,2,1
27.316666666666666,915.3588571804332,603.790066095093,4.130855357171685,1,4,2,1
27.325,914.5041585583083,605.2963660396733,4.084853347856672,1,4,2,1
27.333333333333332,912.7597047221184,606.0111937008508,4.095594304922382,1,4,2,1
27.341666666666665,914.1628042426559,605.0568497287513,4.081676947854073,1,4,2,1
27.35,914.4028887308609,607.0117304859272,4.106842030160254,1,4,2,1
27.358333333333334,914.2296673570177,606.5535927779005,4.082876829543426,1,4,2,1
27.366666666666667,912.457218356743,606.8935196954214,4.20292751090591,1,4,2,1
27.375,912.950730702713,606.7846434794699,4.133305342808836,1,4,2,1
27.383333333333333,912.7282652889876,606.6427190810384,4.139935301901942,1,4,2,1
27.391666666666666,911.4543362659481,607.0545188361021,4.084202605845674,1,4,2,1
27.4,910.4398883240427,606.6916992618928,4.121298610477198,1,4,2,1
27.408333333333335,911.0535047389005,605.2428556910967,4.092649195389811,1,4,2,1
27.416666666666668,911.2660329568795,604.9858694165832,4.0624616773942,1,4,2,1
27.425,910.727817107242,606.1348656573683,4.108739416055297,1,4,2,1
27.433333333333334,910.0659437909594,606.6679459729395,4.105203161850899,1,4,2,1
27.441666666666666,911.2659569841088,608.0142424449732,4.0754964466168735,1,4,2,1
27.45,912.2396607691625,607.1274624685428,4.15175776781974,1,4,2,1
27.458333333333332,911.4258456555992,607.2471609111855,4.1177832811234865,1,4,2,1
27.466666666666665,910.8103561299979,607.0321450007373,4.087702189498238,1,4,2,1
27.475,910.1954718885747,605.7839346580865,4.119063638444429,1,4,2,1
27.483333333333334,910.2023056021045,605.7707836936506,4.054879625446116,1,4,2,1
27.491666666666667,909.5826934776674,605.9710192830704,4.119172492365308,1,4,2,1
27.5,909.3660007626509,607.2240660021453,4.048198402890936,1,4,2,1
27.508333333333333,908.784325553258,607.8198722965258,4.085384268952568,1,4,2,1
27.516666666666666,909.5696767739606,609.8521107795765,4.0606563729098095,1,4,2,1
27.525,909.0741656209535,609.6116394026727,4.113687228614747,1,4,2,1
27.533333333333335,909.831704820605,610.8950700828389,4.078707210180242,1,4,2,1
27.541666666666668,910.0568967569604,611.0599150002146,4.054626340246198,1,4,2,1
27.55,910.3178703813454,611.982529099636,4.115850758117508,1,4,2,1
27.558333333333334,909.1977683058963,611.5510877066263,4.122904029465513,1,4,2,1
27.566666666666666,909.027445473673,611.4139340324044,4.191923167802889,1,4,2,1
27.575,908.9017848347695,610.34320286349,4.136668515245672,1,4,2,1
27.583333333333332,907.9125357059032,609.4157853778181,4.069674381177542,1,4,2,1
27.591666666666665,907.8733535871856,609.9693888897051,4.127161497926737,1,4,2,1
27.6,906.9683064545645,609.7524058737515,4.061627558900523,1,4,2,1
27.608333333333334,906.4261406873196,609.0703842695129,4.128723882437653,1,4,2,1
27.616666666666667,907.189758500211,609.5544233812537,4.074792493186546,1,4,2,1
27.625,905.5269214639413,610.2238273889011,4.092379392210874,1,4,2,1
27.633333333333333,905.7238515304476,610.7567187896635,4.081761110177076,1,4,2,1
27.641666666666666,905.4974747042343,611.6406514883732,4.065802270572986,1,4,2,1
27.65,904.3535714240564,612.1970363135925,4.051594243619997,1,4,2,1
27.658333333333335,903.899737712278,613.4915354536247,4.104584066245447,1,4,2,1
27.666666666666668,903.4501309979388,612.6598366774975,4.069847543679031,1,4,2,1
27.675,902.8294586702507,611.9705713731853,4.102414633118421,1,4,2,1
27.683333333333334,901.8218253462512,613.1791512147859,4.067935094038718,1,4,2,1
27.691666666666666,901.4024804253297,613.4073118555493,4.086610849614387,1,4,2,1
27.7,901.9635660279823,615.4776793539609,4.081107624279985,1,4,2,1
27.708333333333332,900.9111863780937,614.7906262749293,4.073279315802068,1,4,2,1
27.716666666666665,901.2708972534774,615.4361562352444,4.061317862330753,1,4,2,1
27.725,901.507209587451,615.8143265875956,4.054600086886251,1,4,2,1
27.733333333333334,901.3705957389708,615.2067940162517,4.04874377198895,1,4,2,1
27.741666666666667,901.4423873842459,614.4786830529989,4.060390386473126,1,4,2,1
27.75,901.2244350469998,615.079075532054,4.008981075738149,1,4,2,1
27.758333333333333,902.1075778967447,613.336172541669,4.043581425117386,1,4,2,1
27.766666666666666,902.5866740356522,612.8414896883293,4.116892781615329,1,4,2,1
27.775,902.8885981750689,612.7584417684327,4.007897025625539,1,4,2,1
27.783333333333335,903.1496728795483,612.0952583696712,4.104878921749487,1,4,2,1
27.791666666666668,905.1047214128698,613.0549431461945,4.072571095110143,1,4,2,1
27.8,905.8021613015801,614.3695039157906,4.0438272971471365,1,4,2,1
27.808333333333334,905.6970726985861,614.2577806857178,4.0364451279386016,1,4,2,1
27.816666666666666,905.9140232512427,613.9745126902446,4.036175842292153,1,4,2,1
27.825,907.2677139867312,614.9564126870322,4.067926688430864,1,4,2,1
27.833333333333332,908.5219660106322,615.8266212968002,4.01357472758701,1,4,2,1
27.841666666666665,908.0606954388365,615.5756001990434,4.093470823367058,1,4,2,1
27.85,906.7922178041147,617.4981092179426,4.0101419114897485,1,4,2,1
27.858333333333334,906.2900335073732,617.3389012927764,4.0940195786131985,1,4,2,1
27.866666666666667,906.137283015681,617.9563562386168,4.066332334356396,1,4,2,1
27.875,906.5973145339533,617.6764059420183,4.02293263900591,1,4,2,1
27.883333333333333,907.4377507390377,618.5590460743846,4.034818635034214,1,4,2,1
27.891666666666666,907.586895856456,620.5506182112866,4.059487551321747,1,4,2,1
27.9,907.4094414495216,619.3177694932335,4.058861248725373,1,4,2,1
27.908333333333335,906.8129481117935,618.9232501249131,4.072204586553858,1,4,2,1
27.916666666666668,908.2795561689675,617.9981159595479,3.961477295607665,1,4,2,1
27.925,908.0020023213153,618.0446839891864,4.072399327016444,1,4,2,1
27.933333333333334,907.9268143930574,618.0231623941733,4.019686257125513,1,4,2,1
27.941666666666666,909.5575839888861,617.9305567644608,4.087423454642205,1,4,2,1
27.95,909.9009726131685,618.1941133707807,4.071047793293421,1,4,2,1
27.958333333333332,910.2666821309828,618.6147350671283,4.03499326461649,1,4,2,1
27.966666666666665,910.0465920483879,618.1748463362303,4.019148514961724,1,4,2,1
27.975,909.9025892159664,617.5996697040438,4.02269786641353,1,4,2,1
27.983333333333334,909.1878424807727,616.7612139905759,4.0475405523885115,1,4,2,1
27.991666666666667,909.8253781012913,615.5063167888924,4.027314194647824,1,4,2,1
28.0,909.9243070550134,615.9753288602972,4.038041492610526,1,4,2,1
28.008333333333333,911.4026424289748,618.18167200097,4.032999982520087,1,4,2,1
28.016666666666666,911.1759935986191,617.9926734863424,4.03546279073649,1,4,2,1
28.025,910.5200814050692,618.953443300678,4.071003438588144,1,4,2,1
28.033333333333335,910.7452889587051,620.1813739853005,4.04333855856066,1,4,2,1
28.041666666666668,909.6591897444534,620.7149207177521,3.9839495008195804,1,4,2,1
28.05,908.9245116784589,619.5900684993642,4.056193117103977,1,4,2,1
28.058333333333334,909.2795359720417,619.3649987717354,4.0074380627330335,1,4,2,1
28.066666666666666,908.6181161415772,620.5254801914953,4.004093027177132,1,4,2,1
28.075,908.8036156068249,622.0700535468706,3.9934061285967735,1,4,2,1
28.083333333333332,909.7951321994192,623.158057316858,4.013405168809201,1,4,2,1
28.091666666666665,910.0795097620979,623.0545792665721,4.043107610185943,1,4,2,1
28.1,908.6334452755491,622.4646585011808,4.033708933845669,1,4,2,1
28.108333333333334,908.4040920287107,622.492758871462,4.031633591452746,1,4,2,1
28.116666666666667,909.3078144335939,621.5552252525562,4.06399483779897,1,4,2,1
28.125,907.7532337588892,620.9943958760847,4.034894174707035,1,4,2,1
28.133333333333333,906.4384779648032,621.4328558931122,4.030669948525829,1,4,2,1
28.141666666666666,906.8959923970577,621.4719373132036,4.0238720954027976,1,4,2,1
28.15,906.7477758059711,621.3263869170887,4.095933895367743,1,4,2,1
28.158333333333335,905.4950962400761,620.5021233439431,4.001887321608349,1,4,2,1
28.166666666666668,904.9827613807756,618.5369151564257,4.004437039121211,1,4,2,1
28.175,904.9245751907309,617.8806024721886,4.017212249722808,1,4,2,1
28.183333333333334,904.9195398343969,618.2333416209515,4.039805688480533,1,4,2,1
28.191666666666666,904.6662602128054,617.2153064567941,4.001422727761849,1,4,2,1
28.2,905.2648296483676,618.1841625287659,4.0398159935738605,1,4,2,1
28.208333333333332,904.2906324657945,618.6054190553373,3.9509283000748248,1,4,2,1
28.216666666666665,902.7691407364409,617.9878813022408,4.016680218724074,1,4,2,1
28.225,904.5181200997345,619.0735450554761,4.016315937457898,1,4,2,1
28.233333333333334,905.156764641814,619.3285700121445,4.005589417815554,1,4,2,1
28.241666666666667,904.3394917345856,619.2216416336405,4.036486738010017,1,4,2,1
28.25,904.3421647347992,620.0148719996358,4.059420608852725,1,4,2,1
28.258333333333333,904.6634813396938,621.6395794631732,4.045190826804093,1,4,2,1
28.266666666666666,903.8717098358289,621.9113889788064,4.0330390468308925,1,4,2,1
28.275,905.5846091104871,621.755536803046,4.029698021556171,1,4,2,1
28.283333333333335,906.0090880744815,620.0258881522631,4.057116572553651,1,4,2,1
28.291666666666668,905.287253239725,619.928193801198,4.014979346883861,1,4,2,1
28.3,905.346588500113,619.8537463858909,3.969364746688729,1,4,2,1
28.308333333333334,905.8836814302362,619.3825449812721,3.9814624131282703,1,4,2,1
28.316666666666666,905.735534658965,619.1996915844958,4.035553228240779,1,4,2,1
28.325,906.1878074177117,619.1648323842327,4.050783007804966,1,4,2,1
28.333333333333332,906.1123077370495,619.1620174380153,4.003588131460713,1,4,2,1
28.341666666666665,905.3810234813404,617.1593778128217,3.972295183035482,1,4,2,1
28.35,905.4002146407928,617.6747844829376,4.104699920148935,1,4,2,1
28.358333333333334,907.605489705106,617.2751805422062,4.026353697057068,1,4,2,1
28.366666666666667,908.1391651309331,616.7218334823069,4.019940727545945,1,4,2,1
28.375,908.10092665045,615.7866248388855,3.9982120640196124,1,4,2,1
28.383333333333333,906.9018278031548,615.1052968561578,4.019637125036629,1,4,2,1
28.391666666666666,906.4732742543781,614.907258018616,3.9998427330499786,1,4,2,1
28.4,906.3840696240176,614.3467143398032,3.975787756340465,1,4,2,1
28.408333333333335,906.8786380181655,614.2443012971139,3.98606007988735,1,4,2,1
28.416666666666668,907.0407193887143,614.2660460223804,4.0157776958367215,1,4,2,1
28.425,908.4269465458453,613.6826837308962,3.9731314353925673,1,4,2,1
28.433333333333334,908.7669158144367,613.1290153181028,3.9965816440200457,1,4,2,1
28.441666666666666,909.9772545427791,613.0659043292862,4.052974041545033,1,4,2,1
28.45,910.5859873633141,614.0582463271205,4.070206771952695,1,4,2,1
28.458333333333332,910.8038476856386,612.8168916963645,3.9735969039556016,1,4,2,1
28.466666666666665,909.2011071168697,612.7913787467553,4.012241668247698,1,4,2,1
28.475,908.8142094200111,612.390784099933,4.0342281581120645,1,4,2,1
28.483333333333334,909.2078268921914,613.2460383824864,4.006599824503457,1,4,2,1
28.491666666666667,909.6308520242019,611.4936951325037,4.061135334123409,1,4,2,1
28.5,909.3724204516514,612.7879665219286,4.042947655447962,1,4,2,1
28.508333333333333,908.68649227763,615.4281562991498,3.9704029050675307,1,4,2,1
28.516666666666666,909.4710825644663,615.2529990490323,4.022630044645151,1,4,2,1
28.525,907.7539256640126,616.0098842611152,4.045058755336858,1,4,2,1
28.533333333333335,907.9203076760584,618.6055390238387,4.001357513164199,1,4,2,1
28.541666666666668,906.3393655141368,619.225966545964,4.004718066684589,1,4,2,1
28.55,905.8837868789647,618.71953634091,4.055188919901803,1,4,2,1
28.558333333333334,905.9474330117904,617.9681555708294,4.012721192094943,1,4,2,1
28.566666666666666,905.8585147867875,617.418181073191,3.9955983267408888,1,4,2,1
28.575,905.9857020230986,617.2348173503335,4.011026902563494,1,4,2,1
28.583333333333332,906.2590154799441,617.6379029576769,4.018478091032136,1,4,2,1
28.591666666666665,907.0817302624248,615.7615540032369,3.922112273104456,1,4,2,1
28.6,907.4632418130772,615.2027709926712,4.039165474725635,1,4,2,1
28.608333333333334,907.0840483352365,616.5764856982827,4.050834168460267,1,4,2,1
28.616666666666667,907.4748732446358,615.8969169296015,4.017762278659934,1,4,2,1
28.625,906.8438569651664,616.3596011527637,3.974920380520741,1,4,2,1
28.633333333333333,906.9238151759104,615.0658693639916,4.019735269876096,1,4,2,1
28.641666666666666,905.1367814055999,615.3383321713907,3.995810735370735,1,4,2,1
28.65,906.2473361611234,616.1912108498883,4.00759408273639,1,4,2,1
28.658333333333335,906.5637019030651,616.3387439068497,3.9752607498823807,1,4,2,1
28.666666666666668,907.8172718623853,616.1248452348881,4.023611946814971,1,4,2,1
28.675,906.9865861516068,615.9011200465935,4.005821951187833,1,4,2,1
28.683333333333334,906.2620215420887,617.7892056851488,4.051097248684144,1,4,2,1
28.691666666666666,906.7466555725819,617.1258720953914,3.963642775919527,1,4,2,1
28.7,906.808100343269,618.5928454060263,4.0718937761361085,1,4,2,1
28.708333333333332,905.3073471604529,619.5855181703464,3.9704566392089498,1,4,2,1
28.716666666666665,905.3492743130837,619.1231279153362,4.0030774029955225,1,4,2,1
28.725,903.3559615247191,618.7170416816886,4.050641316339268,1,4,2,1
28.733333333333334,901.3510197019618,619.5480563455727,4.00729672598539,1,4,2,1
28.741666666666667,902.1474831527712,619.8088824812551,3.957676469399445,1,4,2,1
28.75,901.6997552442657,620.6812787111862,3.9986341124061533,1,4,2,1
28.758333333333333,900.8335467870074,620.3035193400581,3.9890555495436217,1,4,2,1
28.766666666666666,900.4190202107009,622.2512700901476,3.9990430698724038,1,4,2,1
28.775,899.5425570005492,621.1542956572292,4.008219557825976,1,4,2,1
28.783333333333335,899.9443923134959,621.274424043309,4.010944744770746,1,4,2,1
28.791666666666668,900.5244685108693,621.6992800874154,3.9708360987308797,1,4,2,1
28.8,901.378226692314,620.582611547264,3.994471222846309,1,4,2,1
28.808333333333334,901.8820801848241,619.8834255844889,3.999932886897119,1,4,2,1
28.816666666666666,902.6086228261695,620.5615514390975,4.004566240211346,1,4,2,1
28.825,903.1638927084033,619.9220612706138,3.999562555760704,1,4,2,1
28.833333333333332,903.930106809334,620.232274072676,4.000103822456308,1,4,2,1
28.841666666666665,903.0752921421439,620.2099041070707,3.9864722997432884,1,4,2,1
28.85,902.5028689531014,620.757364915399,4.028949498014114,1,4,2,1
28.858333333333334,902.8215826906456,619.5775597131521,4.022098854155493,1,4,2,1
28.866666666666667,902.6679027642455,619.908671322681,4.023231604077039,1,4,2,1
28.875,903.3377034781786,620.0063506174284,4.0231985007454405,1,4,2,1
28.883333333333333,903.6616477599764,618.6849028898329,3.9567499895741967,1,4,2,1
28.891666666666666,903.5075875153088,618.6593742308692,3.9801294604659163,1,4,2,1
28.9,903.3803015626065,618.5962095462556,4.010928874783084,1,4,2,1
28.908333333333335,903.8920012200612,619.5276373003671,4.016125872917981,1,4,2,1
28.916666666666668,904.5185772370909,620.9248766321299,4.040199675937758,1,4,2,1
28.925,904.6854185704898,620.5383403268509,4.012220010744417,1,4,2,1
28.933333333333334,905.4433334181779,621.344742764539,3.992087060404648,1,4,2,1
28.941666666666666,905.9642388749578,622.5478198595563,3.9622960423799682,1,4,2,1
28.95,904.5560134119532,620.4464162305029,4.043175982100698,1,4,2,1
28.958333333333332,905.4962090218048,620.1245622466901,4.008045564839876,1,4,2,1
28.966666666666665,905.3996312999566,620.9688734771662,4.0022838533441485,1,4,2,1
28.975,906.0667598065623,619.9698856877992,3.9886727391439867,1,4,2,1
28.983333333333334,904.2119664855966,619.1876109769289,3.9904297668262094,1,4,2,1
28.991666666666667,903.2187503861795,618.0937901259647,4.02770589494685,1,4,2,1
29.0,902.7097264684803,618.9120492193892,4.054089141284666,1,4,2,1
29.008333333333333,901.5159196633518,618.6488312076734,4.000333651303258,1,4,2,1
29.016666666666666,899.5294320971253,618.2374748406315,4.025636885063738,1,4,2,1
29.025,898.6591494577325,619.6821047071986,3.9952688047060936,1,4,2,1
29.033333333333335,897.4303703795141,620.5334576695084,4.02271120310252,1,4,2,1
29.041666666666668,895.8653879334436,619.5847371813516,3.9717079089589946,1,4,2,1
29.05,896.4224620478678,618.0624290093485,4.034724729302238,1,4,2,1
29.058333333333334,895.478907029166,617.547076695108,3.9181929861048697,1,4,2,1
29.066666666666666,894.6541427208231,617.8903817917392,3.9657683628787455,1,4,2,1
29.075,895.4369544686418,617.9987697199577,3.9988405480382427,1,4,2,1
29.083333333333332,895.2180317365685,617.2328401463669,4.017611091607996,1,4,2,1
29.091666666666665,894.3847738547022,616.9009648574463,3.9903739069706554,1,4,2,1
29.1,895.2337687197805,615.9672429126277,3.9816567926312443,1,4,2,1
29.108333333333334,893.9974621356927,615.371703667928,3.9601740656838955,1,4,2,1
29.116666666666667,894.0427903626711,616.937610803119,3.957419539325411,1,4,2,1
29.125,894.0994762967637,617.1817137996743,3.978568913960517,1,4,2,1
29.133333333333333,892.7205103858892,618.0127638410227,4.032545527563183,1,4,2,1
29.141666666666666,893.4812374076312,617.9088852096057,4.096334225212687,1,4,2,1
29.15,893.122391383421,617.8814740734266,4.031039960089769,1,4,2,1
29.158333333333335,893.90600965488,618.8148327325357,4.056901096806844,1,4,2,1
29.166666666666668,894.8596921036943,617.9323962433074,4.052288017457766,1,4,2,1
29.175,893.9172845420997,617.5707400605223,4.024617021116148,1,4,2,1
29.183333333333334,892.6386717121097,617.4697711289296,4.024414053172246,1,4,2,1
29.191666666666666,893.2104456447184,617.8774467668978,4.017631491320349,1,4,2,1
29.2,892.359542434143,618.2258731934047,4.015598181821729,1,4,2,1
29.208333333333332,892.5989436465222,619.3729895462127,3.9964179817157564,1,4,2,1
29.216666666666665,891.6135304322128,620.0797970288484,4.040488249226287,1,4,2,1
29.225,892.7097704690162,618.6714903341835,4.0448629401715,1,4,2,1
29.233333333333334,893.504346336171,618.378167146882,4.009882083235992,1,4,2,1
29.241666666666667,893.4061093655603,618.4243982877157,4.054784533033052,1,4,2,1
29.25,893.3499234038742,617.776980573185,4.056994626340578,1,4,2,1
29.258333333333333,893.4307637816097,617.9499717441744,4.037382836306897,1,4,2,1
29.266666666666666,892.4291079164589,616.9123489466388,4.003160465267201,1,4,2,1
29.275,893.165638812414,616.9688872482491,4.019659085038502,1,4,2,1
29.283333333333335,894.0193200247672,617.2991940272041,4.022412981754862,1,4,2,1
29.291666666666668,892.8547654879949,617.8605351950478,3.9993600578718325,1,4,2,1
29.3,892.8112714734568,618.5406004246231,4.08042202038337,1,4,2,1
29.308333333333334,894.0889076863357,617.7902445497182,3.9977330059526466,1,4,2,1
29.316666666666666,893.305075914404,618.2227023521034,3.9877286680291935,1,4,2,1
29.325,892.9112551864737,618.0251476283438,3.9766175374319306,1,4,2,1
29.333333333333332,892.351953382599,618.9320254143953,4.02401378790051,1,4,2,1
29.341666666666665,891.5205426038629,618.0350624242571,4.023068631537763,1,4,2,1
29.35,891.4141388385337,617.7602352195473,4.084913065200357,1,4,2,1
29.358333333333334,890.6269011927926,617.3533634036254,4.002237344218251,1,4,2,1
29.366666666666667,889.531905010393,617.2930587539465,4.039251423607119,1,4,2,1
29.375,888.1977140614317,617.6962457978912,3.9942259970144947,1,4,2,1
29.383333333333333,887.2058665344356,618.1297414625391,4.032052265208916,1,4,2,1
29.391666666666666,886.6767736993017,619.3052999859804,3.9985932067476426,1,4,2,1
29.4,886.0344369260591,617.3578427740616,4.0383226725408985,1,4,2,1
29.408333333333335,886.3984877301633,617.4519736846968,4.037256713695698,1,4,2,1
29.416666666666668,886.6144620643174,617.5643517929349,4.021180299725755,1,4,2,1
29.425,887.3123350057207,617.4060963294071,4.024805371441077,1,4,2,1
29.433333333333334,887.5523536385225,618.1744944039135,4.015884757188608,1,4,2,1
29.441666666666666,887.6989660225497,619.7442926467047,4.1015960064062735,1,4,2,1
29.45,887.648843832637,619.9591132994066,3.9886859748486865,1,4,2,1
29.458333333333332,886.3497253517495,619.5930522911714,4.071552305476282,1,4,2,1
29.466666666666665,885.7448494666356,618.3154930042314,4.057728651342332,1,4,2,1
29.475,885.2090840553759,618.9019861863782,4.072007349500743,1,4,2,1
29.483333333333334,884.9957493804014,619.5010985780763,4.094376152629108,1,4,2,1
29.491666666666667,884.0500489534605,618.8163833805463,4.077402869365708,1,4,2,1
29.5,885.189517020057,619.8502269553165,4.025102561702735,1,4,2,1
29.508333333333333,883.6022059874982,620.0369565122352,4.024315162338067,1,4,2,1
29.516666666666666,883.5469965942555,619.0998777163621,4.084995505756872,1,4,2,1
29.525,884.6330770084253,617.5613354184765,4.031768800499585,1,4,2,1
29.533333333333335,883.8200567686536,618.8281738873657,4.048552268089002,1,4,2,1
29.541666666666668,884.8385385239498,619.0981189498483,4.035955753736403,1,4,2,1
29.55,885.8262416324536,620.0591828165954,4.092989241994418,1,4,2,1
29.558333333333334,884.8346641793373,620.4908593787022,4.005240203995416,1,4,2,1
29.566666666666666,885.1440074462322,619.5453744940141,4.089330758167911,1,4,2,1
29.575,884.7991935258922,620.0663933814101,4.0973932829854025,1,4,2,1
29.583333333333332,884.5669027110281,620.4490501831973,4.027698627500481,1,4,2,1
29.591666666666665,885.1534597237301,621.1263672779831,4.0480114271406915,1,4,2,1
29.6,886.3775453369689,619.5038852973264,4.053831874054054,1,4,2,1
29.608333333333334,887.4518832539075,620.6257066191105,4.042001816281948,1,4,2,1
29.616666666666667,888.0350808905441,619.9442438997584,4.033065851980627,1,4,2,1
29.625,889.5701494674371,620.1563970054696,4.092485949035859,1,4,2,1
29.633333333333333,890.8790320746126,619.2382435529544,4.043711361037987,1,4,2,1
29.641666666666666,892.1873584320418,617.1844823730552,4.058687084219266,1,4,2,1
29.65,892.0347351503169,615.8165772159455,4.045381285867652,1,4,2,1
29.658333333333335,892.585714205366,615.8980944035941,4.087977197283986,1,4,2,1
29.666666666666668,892.2785250416281,616.1357048475359,4.035431453119158,1,4,2,1
29.675,892.2017670902792,615.6731559444776,4.082630072727433,1,4,2,1
29.683333333333334,891.9406799280757,616.3736947495844,4.024185510734833,1,4,2,1
29.691666666666666,891.4072851218084,616.418709631205,4.032586408699788,1,4,2,1
29.7,891.1248358897806,617.4604681741589,4.072162036383722,1,4,2,1
29.708333333333332,890.5034441358085,617.3774369073341,4.089896350354956,1,4,2,1
29.716666666666665,890.0995705589127,616.9465680591641,4.08077922870518,1,4,2,1
29.725,890.0776507973886,616.6598308718677,4.068516405492826,1,4,2,1
29.733333333333334,890.9645646772852,616.4527470537898,4.133080486826392,1,4,2,1
29.741666666666667,892.4752277223945,615.7052399438489,4.080329374369763,1,4,2,1
29.75,892.4507320889667,615.5907988714815,4.078837479770736,1,4,2,1
29.758333333333333,891.2627611517574,615.1642725462639,4.068336222152771,1,4,2,1
29.766666666666666,891.1472347373696,616.0771945388361,4.059702583402194,1,4,2,1
29.775,891.1950820646471,615.9734990195316,4.079247847774011,1,4,2,1
29.783333333333335,890.5961404979762,616.2043387347386,4.058601744546954,1,4,2,1
29.791666666666668,890.8878702268343,615.3595077825609,4.063081592921109,1,4,2,1
29.8,891.5741083242049,615.4568121864187,4.088758298564786,1,4,2,1
29.808333333333334,891.1111701123837,614.6538394250274,4.128606833558604,1,4,2,1
29.816666666666666,891.3352469149236,615.2159515660592,4.070019460843703,1,4,2,1
29.825,889.8607928541544,615.1119915031315,4.024620919521819,1,4,2,1
29.833333333333332,889.5508743956804,614.8010641861924,4.072684214123207,1,4,2,1
29.841666666666665,891.0526208901283,615.0339765557362,4.069929083024475,1,4,2,1
29.85,889.7153499061938,614.5839237023495,4.0939183053554515,1,4,2,1
29.858333333333334,890.211725554998,613.4386471796223,4.103788422802789,1,4,2,1
29.866666666666667,891.0953260102422,614.3240144740192,4.021815758795524,1,4,2,1
29.875,890.7621006140525,613.2382597987956,4.088131956277081,1,4,2,1
29.883333333333333,890.4924557489345,612.8419378324331,4.093503245610459,1,4,2,1
29.891666666666666,890.5846698336295,612.9222062040467,4.060633683448443,1,4,2,1
29.9,891.7420038367477,612.6443573971646,4.084568971826442,1,4,2,1
29.908333333333335,892.6013914199996,612.4831936471126,4.099519698395432,1,4,2,1
29.916666666666668,892.511879205672,612.5969674771588,4.093193680737929,1,4,2,1
29.925,893.183511251982,612.9187457236909,4.040478457523583,1,4,2,1
29.933333333333334,891.2786976985224,612.7877348222902,4.100958740811376,1,4,2,1
29.941666666666666,891.2028684770635,611.4704936885481,4.092332580188287,1,4,2,1
29.95,891.235033235291,612.7998087198924,4.117529935537619,1,4,2,1
29.958333333333332,891.3162002715081,612.7820033742724,4.08543294478331,1,4,2,1
29.966666666666665,891.7656588806382,613.8574269814544,4.109524072513366,1,4,2,1
29.975,892.9765897279491,613.4657513123451,4.094419765507321,1,4,2,1
29.983333333333334,892.7345464213162,614.295516438303,4.081675489627068,1,4,2,1
29.991666666666667,893.4762063419519,613.9627369299509,4.11857514770578,1,4,2,1
