t,gx,gy,pupil,valid,subj,trial,label
0.0,959.5434087948219,539.960769143934,3.160820205107519,1,7,5,0
0.008333333333333333,960.0722813686896,539.4125345557378,3.191498594556783,1,7,5,0
0.016666666666666666,959.8775480025523,539.2861975647767,3.2257645687383594,1,7,5,0
0.025,960.3858833901966,539.3176211708438,3.203773648233921,1,7,5,0
0.03333333333333333,959.7454319149513,538.4959264257533,3.204743289549391,1,7,5,0
0.041666666666666664,959.5436929684126,538.4929458432688,3.256035321034732,1,7,5,0
0.05,959.7720144979646,538.4709516895518,3.2360592304075246,1,7,5,0
0.058333333333333334,959.6454073262248,538.8171700897839,3.2110346362415716,1,7,5,0
0.06666666666666667,959.8585959414606,538.1582241813234,3.214190684932975,1,7,5,0
0.075,959.1443895433787,538.7869772642061,3.20526811451284,1,7,5,0
0.08333333333333333,958.470747240006,538.2760495836776,3.1762463177567546,1,7,5,0
0.09166666666666666,958.6092670928044,538.3440453936234,3.247868737755259,1,7,5,0
0.1,958.3091779833862,537.5110081022096,3.214468923263425,1,7,5,0
0.10833333333333334,957.4912869931273,538.2089481280385,3.2410862232541087,1,7,5,0
0.11666666666666667,957.8327853256231,538.78080786361,3.1926100715500283,1,7,5,0
0.125,958.9962782971003,539.6334174548248,3.2176268757832793,1,7,5,0
0.13333333333333333,958.1966478472257,539.8512920000932,3.221214981571325,1,7,5,0
0.14166666666666666,959.359614013323,539.729163083785,3.2325487153747336,1,7,5,0
0.15,960.2440909665448,540.2747208672978,3.1975347170599338,1,7,5,0
0.15833333333333333,960.0797597742248,540.6857341457039,3.2070769070368708,1,7,5,0
0.16666666666666666,959.8898225941849,539.7660608835247,3.2167132081727363,1,7,5,0
0.175,960.2924558349036,539.7554152934023,3.1971096584274594,1,7,5,0
0.18333333333333332,960.0113127639449,539.737880933846,3.2201615686716196,1,7,5,0
0.19166666666666668,960.6544639172893,539.4705983711841,3.2367796321332762,1,7,5,0
0.2,961.2203084131013,539.4203166260513,3.2148162615081155,1,7,5,0
0.20833333333333334,960.9822947758325,539.875218506673,3.2028103258305887,1,7,5,0
0.21666666666666667,960.4434837699624,540.0777181091787,3.2135569547386478,1,7,5,0
0.225,960.8317816539402,539.5691816243102,3.2355938354243876,1,7,5,0
0.23333333333333334,961.3390394596655,539.0262574884467,3.22374462526677,1,7,5,0
0.24166666666666667,961.2111058931367,539.2967155889204,3.232105740336888,1,7,5,0
0.25,960.6254777290933,539.4462194706256,3.242370146323954,1,7,5,0
0.25833333333333336,960.8246206044647,540.0048304914272,3.2728478927605082,1,7,5,0
0.26666666666666666,960.43341692021,540.2328051656314,3.2573502393190905,1,7,5,0
0.275,960.9710406063846,539.8385535906496,3.249911221011313,1,7,5,0
0.2833333333333333,961.5715595769426,539.5632428550174,3.23576074978637,1,7,5,0
0.2916666666666667,962.9191339392085,539.3117692187426,3.2290889423574582,1,7,5,0
0.3,962.5588934455154,539.9684742587599,3.2314727156612033,1,7,5,0
0.30833333333333335,962.7297004310497,539.0739772533775,3.2423045167008335,1,7,5,0
0.31666666666666665,962.7638226747762,539.3854650082117,3.227488395709339,1,7,5,0
0.325,962.2599196290108,539.3698864170444,3.193460974839905,1,7,5,0
0.3333333333333333,961.7908697525693,538.9598896558541,3.2296697321315575,1,7,5,0
0.3416666666666667,961.5928979092167,539.2674469852839,3.25120653339061,1,7,5,0
0.35,961.4019780115631,539.0802673600077,3.26908998994427,1,7,5,0
0.35833333333333334,961.6088097607019,539.1559977876476,3.2607757109527045,1,7,5,0
0.36666666666666664,961.7276947095075,538.8054626426413,3.2495476241411785,1,7,5,0
0.375,961.2886240327127,538.7829227669308,3.2366390801000553,1,7,5,0
0.38333333333333336,962.0833095773189,539.5361638336661,3.2677734929010946,1,7,5,0
0.39166666666666666,962.6488030924098,539.9593946666376,3.2125672824842817,1,7,5,0
0.4,962.6497551688208,541.2011399209433,3.2521217146183523,1,7,5,0
0.4083333333333333,962.1890423753628,541.1095865024488,3.247377684693204,1,7,5,0
0.4166666666666667,962.8932473566687,540.1962231102412,3.2576335909438776,1,7,5,0
0.425,963.180604404848,540.3307532082582,3.262523205323562,1,7,5,0
0.43333333333333335,963.7537965839816,540.7244421469813,3.257149055051055,1,7,5,0
0.44166666666666665,963.6580595913671,541.1003960146417,3.262505139800211,1,7,5,0
0.45,963.410118126627,541.3596016904331,3.2489530999207092,1,7,5,0
0.4583333333333333,963.1981522332702,541.0341507391822,3.2761876570573776,1,7,5,0
0.4666666666666667,962.8855726532053,540.7995156042555,3.234166107142957,1,7,5,0
0.475,963.8536293687645,540.7864665356833,3.2746669292582538,1,7,5,0
0.48333333333333334,963.6108482397466,540.9700798649292,3.2623048980116294,1,7,5,0
0.49166666666666664,963.4945563787411,541.3057341366077,3.2456181003992346,1,7,5,0
0.5,962.9647701443688,541.6119034260989,3.269946377824765,1,7,5,0
0.5083333333333333,963.2144621041728,542.0073543063702,3.2363845118937045,1,7,5,0
0.5166666666666667,963.3117478879049,542.7813512820987,3.2347801540769887,1,7,5,0
0.525,963.4549617681271,542.4406557690061,3.2530035158807897,1,7,5,0
0.5333333333333333,963.2919041134564,542.9471112332243,3.2694620338488902,1,7,5,0
0.5416666666666666,962.5094853726466,543.5562703899571,3.3039460545083803,1,7,5,0
0.55,962.539874545431,543.9206617610154,3.2592891733356417,1,7,5,0
0.5583333333333333,961.988574083159,543.4830985889823,3.2391402370953926,1,7,5,0
0.5666666666666667,961.5293924439083,543.864644878224,3.293487305475763,1,7,5,0
0.575,961.2886881966691,544.6085695280078,3.258187203775138,1,7,5,0
0.5833333333333334,960.7059691843813,543.6883776247213,3.2608212309706897,1,7,5,0
0.5916666666666667,960.4167418983469,543.4256106446373,3.259173495779264,1,7,5,0
0.6,960.9260788352003,543.3731350262309,3.250919987169702,1,7,5,0
0.6083333333333333,960.182959261877,542.9845610603604,3.2481697662000535,1,7,5,0
0.6166666666666667,959.834051517555,543.2179427082715,3.2519965954201817,1,7,5,0
0.625,959.9194072852655,543.5243225472968,3.2377705520773077,1,7,5,0
0.6333333333333333,958.8951969937578,544.0954911750338,3.2738427207178438,1,7,5,0
0.6416666666666667,958.7390038737119,543.5857420580886,3.238760877423373,1,7,5,0
0.65,958.7082377048646,543.1745033481476,3.283062031484771,1,7,5,0
0.6583333333333333,959.2613466667391,543.6996460489971,3.286145176770666,1,7,5,0
0.6666666666666666,958.936463263293,544.3588023457651,3.3056545095870344,1,7,5,0
0.675,959.1862629647944,543.5173636116432,3.254469305676317,1,7,5,0
0.6833333333333333,958.2248027060425,543.908880540198,3.2819775226835004,1,7,5,0
0.6916666666666667,958.4596946442882,544.4520004746968,3.274268336274753,1,7,5,0
0.7,958.4460231714064,545.322215721364,3.272777326408526,1,7,5,0
0.7083333333333334,957.774664256423,544.7193900524352,3.310673598161991,1,7,5,0
0.7166666666666667,956.252595426887,545.2439615599968,3.2927210430823917,1,7,5,0
0.725,955.7953482483264,545.9739129020272,3.249599752915694,1,7,5,0
0.7333333333333333,955.9212231281156,545.9177578519297,3.294845413218138,1,7,5,0
0.7416666666666667,955.2758783182747,545.9799114245961,3.2642603484082446,1,7,5,0
0.75,954.965843076609,545.973829795985,3.25617681515033,1,7,5,0
0.7583333333333333,954.5196816035956,546.0806263385226,3.297129725181171,1,7,5,0
0.7666666666666667,955.2357704702582,546.0515660000194,3.2924758248299977,1,7,5,0
0.775,955.1887981538414,546.4803373417764,3.2773835461969525,1,7,5,0
0.7833333333333333,954.4662979100563,546.7556798043414,3.3177409482255116,1,7,5,0
0.7916666666666666,954.0337770925078,548.3527815331684,3.310897767095065,1,7,5,0
0.8,954.0264650480968,548.3207745286654,3.3062021261197607,1,7,5,0
0.8083333333333333,953.9982871200186,548.0553457964787,3.335002755103716,1,7,5,0
0.8166666666666667,953.9541739546493,548.2324149260294,3.291785197663698,1,7,5,0
0.825,954.1174582410962,548.2919444732772,3.3233341666875362,1,7,5,0
0.8333333333333334,954.1847519662836,548.0945733011314,3.3073280990845753,1,7,5,0
0.8416666666666667,953.9381714147822,549.2093248782065,3.3305252646358463,1,7,5,0
0.85,954.1435104667115,548.639740617873,3.3226646801272617,1,7,5,0
0.8583333333333333,954.5454421616153,547.7135975284199,3.287645915396894,1,7,5,0
0.8666666666666667,954.4519936928325,547.1513350817833,3.362201137598929,1,7,5,0
0.875,955.1720534486182,546.8716141781829,3.3673310364814166,1,7,5,0
0.8833333333333333,955.1821925379916,547.1826819968685,3.3145317593720516,1,7,5,0
0.8916666666666667,955.1631239769501,546.6104236845515,3.3060345982542287,1,7,5,0
0.9,955.0875514966157,546.3576502928782,3.3415058477349184,1,7,5,0
0.9083333333333333,955.2281235603466,545.9156889109937,3.3308205512779385,1,7,5,0
0.9166666666666666,954.4588991970259,545.2338847330145,3.33353643662288,1,7,5,0
0.925,952.8108681022646,545.6133816645686,3.3176688183106524,1,7,5,0
0.9333333333333333,952.9086447099547,545.5838489232129,3.3529836775438566,1,7,5,0
0.9416666666666667,952.7272483207896,545.8113014335086,3.334489971783162,1,7,5,0
0.95,952.7713161967603,545.9490456276283,3.35560623660726,1,7,5,0
0.9583333333333334,953.103927240664,545.6161957098574,3.34505502137542,1,7,5,0
0.9666666666666667,953.8399164733046,545.6861261727589,3.3715391151928986,1,7,5,0
0.975,954.1291887375118,545.682928521674,3.356408533333935,1,7,5,0
0.9833333333333333,954.8186487181698,545.8075505928662,3.344664935830712,1,7,5,0
0.9916666666666667,955.4290006567836,546.7123745880903,3.3467671980066083,1,7,5,0
1.0,955.9652578950253,547.3919266211667,3.332288091498895,1,7,5,0
1.0083333333333333,955.5703998915973,546.714075968659,3.3461385005749764,1,7,5,0
1.0166666666666666,955.5572008430744,546.4138640339888,3.3331086044113496,1,7,5,0
1.025,954.8930993810657,545.680440276158,3.340945043259811,1,7,5,0
1.0333333333333334,953.6104021446037,545.7004667604499,3.3427047550951077,1,7,5,0
1.0416666666666667,953.6335354351464,545.5480970499157,3.317898208499024,1,7,5,0
1.05,954.3701660267249,545.4095953100643,3.340462567144245,1,7,5,0
1.0583333333333333,954.2041480240272,544.6567859423226,3.3528626215233475,1,7,5,0
1.0666666666666667,954.1209269887738,544.5664787435761,3.316810459286063,1,7,5,0
1.075,954.7021240349659,544.4884789068466,3.356744307958316,1,7,5,0
1.0833333333333333,955.380565107781,545.2307663389471,3.318463212572576,1,7,5,0
1.0916666666666666,954.5644989792996,545.6092649895393,3.3373030174272476,1,7,5,0
1.1,954.9064296700147,546.0411145788723,3.2895244073342274,1,7,5,0
1.1083333333333334,955.1365866704274,546.1367413335781,3.3797505852714194,1,7,5,0
1.1166666666666667,955.588626601735,546.3317316033988,3.3114020527917076,1,7,5,0
1.125,955.9054272606096,545.5766383067584,3.3252210561201427,1,7,5,0
1.1333333333333333,956.0398656947751,544.9992809752257,3.323993754713024,1,7,5,0
1.1416666666666666,956.7565774654088,545.7794072274661,3.3393969495027176,1,7,5,0
1.15,956.6302651554923,545.4515322706244,3.3226563693099758,1,7,5,0
1.1583333333333334,955.6212914708497,545.1911310390661,3.3269173465153896,1,7,5,0
1.1666666666666667,955.6003710703108,544.8387577710972,3.3188242572040596,1,7,5,0
1.175,956.3819992173696,543.8287240279667,3.293710702512129,1,7,5,0
1.1833333333333333,956.1983259555866,544.1743908308383,3.299055377751343,1,7,5,0
1.1916666666666667,956.4720354897228,544.8506317274906,3.3107163325638966,1,7,5,0
1.2,956.026550932063,544.6135328801658,3.2914819971381806,1,7,5,0
1.2083333333333333,956.1760850700109,544.2222808772992,3.3154189581517857,1,7,5,0
1.2166666666666666,956.1151148179134,543.8354646250486,3.314089777332621,1,7,5,0
1.225,955.0385976702551,543.4522915832324,3.336400338955561,1,7,5,0
1.2333333333333334,954.7830555525146,543.1660786233648,3.300940670986778,1,7,5,0
1.2416666666666667,955.9065987955876,543.0446416509769,3.351036808281813,1,7,5,0
1.25,955.7556481134634,542.3459986011287,3.279221056018321,1,7,5,0
1.2583333333333333,956.3985638885856,541.8599659656255,3.2981433176227917,1,7,5,0
1.2666666666666666,956.874302929971,541.6883615412497,3.2861445797328264,1,7,5,0
1.275,955.9570888528128,541.8039336488067,3.3192101182116596,1,7,5,0
1.2833333333333334,955.6453229963797,542.3587271608039,3.2774137464271798,1,7,5,0
1.2916666666666667,956.6272922556092,541.6053682799645,3.2814130446904612,1,7,5,0
1.3,957.2727474198773,542.1086956677781,3.317993638677508,1,7,5,0
1.3083333333333333,957.1617420927146,541.9143424100549,3.3123164025337073,1,7,5,0
1.3166666666666667,957.3719441569496,542.5675105418562,3.278101766131912,1,7,5,0
1.325,957.2191954665815,541.6486646694422,3.3087016691211275,1,7,5,0
1.3333333333333333,957.5855619897999,541.588831716147,3.315279314864957,1,7,5,0
1.3416666666666666,957.9339960152356,541.1613757462183,3.290169450522888,1,7,5,0
1.35,958.823945733289,540.4966943168586,3.3359620243747257,1,7,5,0
1.3583333333333334,959.5278666505118,540.6799004710215,3.3007598190066845,1,7,5,0
1.3666666666666667,960.2463837579089,541.0581780758531,3.3035675508614397,1,7,5,0
1.375,960.3322977656337,541.5506473467833,3.3073207798201643,1,7,5,0
1.3833333333333333,960.221513561955,541.8967381174488,3.2727174538827635,1,7,5,0
1.3916666666666666,960.8579549194802,541.8349190518957,3.331707251937048,1,7,5,0
1.4,961.1459351346042,542.532524598504,3.265671376599834,1,7,5,0
1.4083333333333334,961.6783212727886,542.0672179057548,3.3294923970323507,1,7,5,0
1.4166666666666667,962.0106474520051,541.7275059800844,3.2994871441119518,1,7,5,0
1.425,961.7999887950368,542.6945059949841,3.294466596123017,1,7,5,0
1.4333333333333333,962.2730619428529,542.4046051283229,3.296387835291311,1,7,5,0
1.4416666666666667,962.2385935737623,542.3424720740637,3.2849651617362405,1,7,5,0
1.45,962.4385879858909,542.1209360768421,3.315136418416347,1,7,5,0
1.4583333333333333,961.8119104541317,542.0554333675432,3.303309711549368,1,7,5,0
1.4666666666666666,962.0824109514032,541.3518369075601,3.309768152710217,1,7,5,0
1.475,961.8144705888219,540.926084033232,3.286748198393466,1,7,5,0
1.4833333333333334,962.3118538795359,541.8233378516137,3.309825984266446,1,7,5,0
1.4916666666666667,962.9313485482087,541.9159740588627,3.253753911943847,1,7,5,0
1.5,963.4906950301846,542.4342538699445,3.253525538683162,1,7,5,0
1.5083333333333333,963.897857490256,542.9746024710897,3.3217972865523926,1,7,5,0
1.5166666666666666,963.5431525577778,542.5274383005656,3.311713505332481,1,7,5,0
1.525,964.2506547831405,542.474470542389,3.260232860225052,1,7,5,0
1.5333333333333334,965.3054417555047,542.5504960079631,3.3177856173931075,1,7,5,0
1.5416666666666667,965.1884151555993,543.1517115768626,3.2782369052819766,1,7,5,0
1.55,965.1748934601319,543.2381510835901,3.305628748769104,1,7,5,0
1.5583333333333333,964.6688593106456,543.6247080872075,3.2814122605333624,1,7,5,0
1.5666666666666667,963.6389190025828,543.6089383479151,3.259216251446384,1,7,5,0
1.575,963.7529985626061,543.1794257317318,3.2731306857223363,1,7,5,0
1.5833333333333333,965.1403224792763,542.8062717408305,3.2939927904252504,1,7,5,0
1.5916666666666666,965.4734346446668,543.1720364758754,3.3021590190599373,1,7,5,0
1.6,965.274152369532,543.0806111490167,3.2999713324193642,1,7,5,0
1.6083333333333334,965.6544222621325,543.2400559076948,3.2914889204444924,1,7,5,0
1.6166666666666667,965.6568176228851,544.0978028823441,3.3061383405314646,1,7,5,0
1.625,966.2898248882318,543.7696963751539,3.280924063421175,1,7,5,0
1.6333333333333333,966.6904016284682,543.5926867030214,3.310438071741404,1,7,5,0
1.6416666666666666,967.1104285177552,543.393295881908,3.257533699069237,1,7,5,0
1.65,967.1525082615251,544.2596193098555,3.2941532142920527,1,7,5,0
1.6583333333333334,967.4144050743112,544.1562560491542,3.2564985140954823,1,7,5,0
1.6666666666666667,968.1195651582431,543.8575859938892,3.303186118503744,1,7,5,0
1.675,967.9079511295308,543.1880984041316,3.252638912447805,1,7,5,0
1.6833333333333333,968.8935876312438,542.4669507160216,3.278839832397238,1,7,5,0
1.6916666666666667,969.5385378959461,542.8575044537425,3.2752718222973893,1,7,5,0
1.7,969.9737474177539,542.2004269160401,3.285846858114257,1,7,5,0
1.7083333333333333,969.8029562568888,541.6419350767417,3.2981490781798404,1,7,5,0
1.7166666666666666,969.8948384753107,541.7374933235218,3.300178768239719,1,7,5,0
1.725,969.431289000738,541.7557270694792,3.258953857068129,1,7,5,0
1.7333333333333334,969.7856710995637,541.6403841157726,3.258488858142878,1,7,5,0
1.7416666666666667,969.988504554767,541.9715675756055,3.281735406572178,1,7,5,0
1.75,970.7299256862186,542.239505556937,3.258748689671115,1,7,5,0
1.7583333333333333,971.6339161526207,542.5708622157364,3.280837880081342,1,7,5,0
1.7666666666666666,972.172319223836,541.8989758088869,3.278307360214585,1,7,5,0
1.775,972.2105498434943,541.3878200911887,3.288811078251727,1,7,5,0
1.7833333333333334,972.6165823606752,540.9686856559653,3.284675488793841,1,7,5,0
1.7916666666666667,972.0977537082589,541.4711404227891,3.291345314588743,1,7,5,0
1.8,972.1258908078634,541.6607878743494,3.2940625253584987,1,7,5,0
1.8083333333333333,972.0538749434139,540.8429572055863,3.27362414257781,1,7,5,0
1.8166666666666667,972.1481210906022,541.3549549446614,3.255076137244126,1,7,5,0
1.825,972.2298239756939,540.8576365744912,3.279346361916216,1,7,5,0
1.8333333333333333,972.1551435866232,541.1763432887589,3.2415299085788534,1,7,5,0
1.8416666666666666,972.1138690463279,541.0713372900065,3.2838303244094904,1,7,5,0
1.85,972.7465802413884,541.0700019259262,3.304735364135463,1,7,5,0
1.8583333333333334,972.005565899968,540.0668840382702,3.287081112384845,1,7,5,0
1.8666666666666667,971.5933448726702,539.2568548003255,3.2716154158248627,1,7,5,0
1.875,972.2589506003324,539.8597399276773,3.273600599170225,1,7,5,0
1.8833333333333333,971.81497678722,539.6806123566327,3.259871846716981,1,7,5,0
1.8916666666666666,971.9002538751929,539.2394590234445,3.2239320040700017,1,7,5,0
1.9,972.1449165303796,539.714688918123,3.27519659188482,1,7,5,0
1.9083333333333334,971.9297527625687,539.6342696988203,3.271506051263952,1,7,5,0
1.9166666666666667,972.0745017480052,540.0736289508295,3.2815557359861,1,7,5,0
1.925,971.2157849969009,541.0560831235831,3.2736319061458,1,7,5,0
1.9333333333333333,972.0602847026258,540.8189097135465,3.25949031732129,1,7,5,0
1.9416666666666667,972.9883432784519,539.7469151387268,3.286082454027991,1,7,5,0
1.95,973.4747468324395,539.0727877920114,3.262085144661757,1,7,5,0
1.9583333333333333,973.6258578262281,538.5820939836105,3.294307206416972,1,7,5,0
1.9666666666666666,973.6927636101328,537.8425624541545,3.2709076040140306,1,7,5,0
1.975,972.9968217878344,537.3441044109193,3.2539096484322805,1,7,5,0
1.9833333333333334,972.5498040303734,537.1095970334558,3.2758661240219347,1,7,5,0
1.9916666666666667,972.8133848952714,537.2680573318789,3.2157150490884625,1,7,5,0
2.0,973.9149948458497,537.1673755400298,3.2509341320587994,1,7,5,0
2.0083333333333333,973.6924882655237,536.8246104629685,3.2284704955433052,1,7,5,0
2.0166666666666666,973.7259806512334,537.0078105524361,3.2565324123032013,1,7,5,0
2.025,973.6047951153603,537.0403509192083,3.262090595037003,1,7,5,0
2.033333333333333,973.6573847484174,536.6431662057124,3.232302396624179,1,7,5,0
2.0416666666666665,973.8039479153083,537.2013744573412,3.2496272547565233,1,7,5,0
2.05,974.211774542043,536.7274569140119,3.2838096223632007,1,7,5,0
2.058333333333333,974.3733940115682,537.6420609281022,3.2722193367129817,1,7,5,0
2.066666666666667,975.3017455054751,537.7668723946817,3.2247420693174433,1,7,5,0
2.075,975.4487728945611,537.9866935292158,3.2540128411248594,1,7,5,0
2.0833333333333335,974.8871069380116,538.3832716746825,3.2392837089606075,1,7,5,0
2.091666666666667,975.4723977070968,538.4571575450999,3.2688613319456654,1,7,5,0
2.1,975.2478702583841,538.2066796755381,3.2454893942211993,1,7,5,0
2.1083333333333334,975.2832689200119,538.0443162316839,3.2339871133433165,1,7,5,0
2.1166666666666667,975.2622979515701,537.603941034014,3.2892977058431994,1,7,5,0
2.125,975.1804409203551,537.6488562609455,3.2580059350611252,1,7,5,0
2.1333333333333333,975.8117134508979,538.4542543001876,3.250192103483744,1,7,5,0
2.1416666666666666,975.4269627831166,537.9786106716459,3.2515513761643353,1,7,5,0
2.15,975.324753887272,537.7983646807595,3.18807889473055,1,7,5,0
2.158333333333333,974.6894624616692,537.3185126890254,3.2542772863629104,1,7,5,0
2.1666666666666665,974.2636030633562,537.2777579200156,3.20686860850382,1,7,5,0
2.175,974.2175084874463,537.4891909378827,3.222738856402571,1,7,5,0
2.183333333333333,975.0278085082222,537.6055930779727,3.243175681702236,1,7,5,0
2.191666666666667,975.4763642662864,537.0609082045531,3.253493786898112,1,7,5,0
2.2,974.7455922214001,537.2167387209223,3.2238037817275766,1,7,5,0
2.2083333333333335,975.0913376567099,537.6905637898349,3.2600920359023213,1,7,5,0
2.216666666666667,974.9658000142991,537.5034041678998,3.234902913048952,1,7,5,0
2.225,974.5314466044957,538.3640091569524,3.2160254239374866,1,7,5,0
2.2333333333333334,974.1367735668897,538.6805378286714,3.222152140939045,1,7,5,0
2.2416666666666667,974.7554114633218,538.3189415896354,3.204438307911728,1,7,5,0
2.25,974.4992461498458,538.4899338335632,3.2100056155475034,1,7,5,0
2.2583333333333333,974.6759310101552,538.298359036042,3.2486878980001035,1,7,5,0
2.2666666666666666,975.6745067381707,538.4392493542804,3.218127570375973,1,7,5,0
2.275,976.0105804640965,537.6155355940081,3.2340145456461458,1,7,5,0
2.283333333333333,975.565989165435,536.9219522971612,3.2277797650369005,1,7,5,0
2.2916666666666665,975.4476066796252,536.9859024478615,3.215797107111792,1,7,5,0
2.3,975.1354527740108,536.5349268294152,3.2141772664204615,1,7,5,0
2.308333333333333,974.4846783727337,536.3694145512561,3.2536146702535027,1,7,5,0
2.316666666666667,974.8535911981052,535.9095054351686,3.2016461106633063,1,7,5,0
2.325,974.7370826192822,535.9102708787551,3.1889112704201863,1,7,5,0
2.3333333333333335,974.9816198369002,536.6481964166163,3.2344226803450695,1,7,5,0
2.341666666666667,975.1007703379421,536.2312594366066,3.2393441643425547,1,7,5,0
2.35,974.4313763817296,536.1961964655902,3.192396228368926,1,7,5,0
2.3583333333333334,974.1125296739083,536.4706348706163,3.201469355539239,1,7,5,0
2.3666666666666667,974.4993387110974,535.4896945817125,3.219872955711706,1,7,5,0
2.375,974.641571587287,535.6595884177204,3.235032949102346,1,7,5,0
2.3833333333333333,974.1943822376651,535.5864823588342,3.231075357291307,1,7,5,0
2.3916666666666666,974.6483723278438,536.0446111972745,3.2384712854050464,1,7,5,0
2.4,974.0461887802746,535.4205987056346,3.2336295686367644,1,7,5,0
2.408333333333333,974.2996961337153,535.5705665287766,3.1952038978237884,1,7,5,0
2.4166666666666665,974.6273211304366,535.2967277198335,3.2042952217332417,1,7,5,0
2.425,975.1903834661889,535.104624373225,3.183347620746799,1,7,5,0
2.433333333333333,974.9449173025561,535.4535943559208,3.1953553663785113,1,7,5,0
2.441666666666667,975.4767333711886,535.2122617128746,3.214285526153093,1,7,5,0
2.45,975.3235463242598,536.2487441629735,3.209304237172436,1,7,5,0
2.4583333333333335,975.9887833349252,536.1480485638458,3.2289570293595022,1,7,5,0
2.466666666666667,976.0679938429389,535.7221891056425,3.2184387483591204,1,7,5,0
2.475,976.3994817464268,535.8378122723147,3.221216588813616,1,7,5,0
2.4833333333333334,976.6035458848947,536.2305233381147,3.1887698492730436,1,7,5,0
2.4916666666666667,975.1613414415883,536.4604807313677,3.205391088108963,1,7,5,0
2.5,974.3511673306792,536.6248555709658,3.2034627753366163,1,7,5,0
2.5083333333333333,974.086302839549,536.3225869865358,3.1742248429386297,1,7,5,0
2.5166666666666666,973.4083877600925,536.1472771608819,3.1860469706212697,1,7,5,0
2.525,972.634719736853,535.7617525006028,3.2213501808498033,1,7,5,0
2.533333333333333,972.2133321202326,535.7858646620849,3.1844396545838256,1,7,5,0
2.5416666666666665,972.5749796897655,535.6370680425106,3.2256830651398194,1,7,5,0
2.55,971.9953817692586,535.2909896480365,3.1717411220728686,1,7,5,0
2.558333333333333,971.789007717428,535.4788485598198,3.1816799521139734,1,7,5,0
2.566666666666667,971.5330809560822,535.5579155098616,3.2261017978900512,1,7,5,0
2.575,971.7993090089603,535.5046344852192,3.1973507021457146,1,7,5,0
2.5833333333333335,970.8047600700453,535.804652532074,3.190505148803841,1,7,5,0
2.591666666666667,971.4222619887075,535.1558561989175,3.175112991055505,1,7,5,0
2.6,971.2119059564816,535.5265935943025,3.1751774805442676,1,7,5,0
2.6083333333333334,970.95797041322,536.0914997326547,3.192660077269143,1,7,5,0
2.6166666666666667,970.3022057308807,536.3442260560109,3.195976878945951,1,7,5,0
2.625,970.1186909090986,536.822686700485,3.1691521205965567,1,7,5,0
2.6333333333333333,970.9761620552249,537.5754311790498,3.169885145360272,1,7,5,0
2.6416666666666666,971.2615539294748,537.871135490189,3.1810687462731337,1,7,5,0
2.65,970.8550481748334,538.3048144868468,3.181511869695846,1,7,5,0
2.658333333333333,971.714579476683,538.355061092995,3.1742991897728046,1,7,5,0
2.6666666666666665,971.6366031793394,537.822327994297,3.16673645424916,1,7,5,0
2.675,970.7715964658231,537.962254866768,3.2135329571828746,1,7,5,0
2.683333333333333,971.0180203977128,537.9586050010785,3.1568926494200285,1,7,5,0
2.691666666666667,971.1899392561838,538.0830098781911,3.170738516700955,1,7,5,0
2.7,972.1412607563964,538.1494542542932,3.1940300975177376,1,7,5,0
2.7083333333333335,972.3079452086049,538.1287781175233,3.2004525985568013,1,7,5,0
2.716666666666667,971.9058414619523,538.9756800772526,3.1476632440433714,1,7,5,0
2.725,972.3462654098879,539.0004741248194,3.1584855006095074,1,7,5,0
2.7333333333333334,972.0037079375463,538.9780559351053,3.1423222737596417,1,7,5,0
2.7416666666666667,972.5716860943335,539.7085685641166,3.1805547877207014,1,7,5,0
2.75,972.5083011210417,539.3060292091246,3.13904189966165,1,7,5,0
2.7583333333333333,972.2491079509929,539.4339816085022,3.152015058352774,1,7,5,0
2.7666666666666666,972.4117732123108,538.7283887658488,3.164429862276767,1,7,5,0
2.775,972.0267415524091,539.030908262027,3.1884005275112,1,7,5,0
2.783333333333333,972.1180448267146,539.2990507741157,3.1830732353101348,1,7,5,0
2.7916666666666665,972.7644580601303,538.8637511133428,3.1731859493335,1,7,5,0
2.8,973.0283115618063,539.0030990855863,3.1904134392043684,1,7,5,0
2.808333333333333,973.0718295278268,538.2881464930103,3.140039847592951,1,7,5,0
2.816666666666667,973.1153828630436,538.3477128027639,3.1740481720947002,1,7,5,0
2.825,972.5486435051198,537.7239458901805,3.1995970209145774,1,7,5,0
2.8333333333333335,972.3809925235056,537.8648659405809,3.129723858231723,1,7,5,0
2.841666666666667,972.2114391992401,538.4829828744735,3.1677139623978072,1,7,5,0
2.85,971.4934301627446,537.8914351473696,3.1700410310462472,1,7,5,0
2.8583333333333334,971.3521273802729,538.6647906325436,3.161612262324082,1,7,5,0
2.8666666666666667,971.7702882795317,538.469792319558,3.1290353955374464,1,7,5,0
2.875,972.1850148523478,539.1079006593906,3.1552387392951182,1,7,5,0
2.8833333333333333,972.6819918892345,538.9877321739704,3.1581886762773883,1,7,5,0
2.8916666666666666,972.7164210988777,538.9966536970244,3.151877449573366,1,7,5,0
2.9,973.1222100159279,539.4279403443625,3.1606290289577648,1,7,5,0
2.908333333333333,972.2289684101504,539.7285995651428,3.1417981820761716,1,7,5,0
2.9166666666666665,971.9499038179736,539.7431416542888,3.126341835774869,1,7,5,0
2.925,971.8293252648574,539.3312512935561,3.1164411512865193,1,7,5,0
2.933333333333333,972.3644179183287,539.1277289897168,3.1860698618688748,1,7,5,0
2.941666666666667,972.1993306017874,538.8699505761489,3.1365961950049503,1,7,5,0
2.95,972.2095989975336,537.7128500190495,3.1901741132791392,1,7,5,0
2.9583333333333335,972.5333639021856,537.5097576847894,3.11720578957795,1,7,5,0
2.966666666666667,972.5724383941367,538.1623579112397,3.1595924651580507,1,7,5,0
2.975,972.2997527274648,537.893791031702,3.1723338905791563,1,7,5,0
2.9833333333333334,971.8979623687947,536.7500494717731,3.179327146353093,1,7,5,0
2.9916666666666667,972.5414413015122,537.5059388008892,3.146769242638965,1,7,5,0
3.0,972.8997682796333,538.1605004486828,3.118943885177765,1,7,5,0
3.0083333333333333,973.2008959809747,537.8921765772714,3.160541606038873,1,7,5,0
3.0166666666666666,972.9655516455115,538.9791622092702,3.1579997994171114,1,7,5,0
3.025,972.5989896131241,539.0896569729813,3.159833154086174,1,7,5,0
3.033333333333333,972.2996044625806,539.3688579678845,3.1287712254314752,1,7,5,0
3.0416666666666665,971.8241729271463,539.86598797937,3.1445524759824983,1,7,5,0
3.05,971.8572497643557,538.829964983336,3.127753330050337,1,7,5,0
3.058333333333333,971.9680926095896,538.0449818562097,3.107321784923661,1,7,5,0
3.066666666666667,972.3111581339234,537.6164181051747,3.114372442261953,1,7,5,0
3.075,971.602269229441,537.6695586050816,3.1607632642726857,1,7,5,0
3.0833333333333335,971.0524866743203,538.6132739593742,3.1198899232226243,1,7,5,0
3.091666666666667,970.812761630824,538.1935366355563,3.1047480677967614,1,7,5,0
3.1,970.2761007536143,537.7794669298669,3.1221868174580534,1,7,5,0
3.1083333333333334,970.7033625872264,537.5653838960175,3.097615424656058,1,7,5,0
3.1166666666666667,970.5097595896643,538.0618965467789,3.118834104332116,1,7,5,0
3.125,970.1123456214027,538.1559997018759,3.0701474686836154,1,7,5,0
3.1333333333333333,969.7194012120599,538.0380378228234,3.1181411563493766,1,7,5,0
3.1416666666666666,969.2612894510978,538.7403817985473,3.1477999010854556,1,7,5,0
3.15,969.3748050253532,538.3743154066184,3.109048761572679,1,7,5,0
3.158333333333333,969.8661658654506,538.0768615674534,3.1253147289260053,1,7,5,0
3.1666666666666665,969.8591717595536,537.303623278633,3.089148644447651,1,7,5,0
3.175,969.8529226471558,537.0204278496443,3.098484600837976,1,7,5,0
3.183333333333333,970.3516420850602,537.1721107595539,3.148917470893645,1,7,5,0
3.191666666666667,969.7978122087463,537.5071100324993,3.107279166401377,1,7,5,0
3.2,969.8063255543772,537.6479764710358,3.1325162289689095,1,7,5,0
3.2083333333333335,970.1532476654975,537.8812491845628,3.119627230538736,1,7,5,0
3.216666666666667,970.8402563576288,537.729864985118,3.16100420988552,1,7,5,0
3.225,971.7273550786581,537.5629496258407,3.1025919572885483,1,7,5,0
3.2333333333333334,971.369502889386,538.0993366391843,3.119546569965005,1,7,5,0
3.2416666666666667,972.5436563078978,538.1899831866648,3.097955286403373,1,7,5,0
3.25,972.2712830548573,538.1115346787469,3.1315774236950973,1,7,5,0
3.2583333333333333,971.7060521113447,538.1496308877557,3.1205885303060636,1,7,5,0
3.2666666666666666,971.345599677765,537.3683852220753,3.1623200795292927,1,7,5,0
3.275,971.7015925658864,536.5994442220625,3.135934498264913,1,7,5,0
3.283333333333333,971.3902502833527,537.0704767237424,3.115052423291804,1,7,5,0
3.2916666666666665,972.5142592961289,536.3958721704172,3.147047812246007,1,7,5,0
3.3,972.3701996311875,536.1317570436782,3.1154745531466963,1,7,5,0
3.308333333333333,972.386967108573,536.0246532037498,3.112903443653577,1,7,5,0
3.316666666666667,972.145473094333,535.7164225743113,3.107580335341489,1,7,5,0
3.325,972.4998335077523,535.3400002815937,3.111329750609593,1,7,5,0
3.3333333333333335,972.1067101808919,535.0017999310203,3.0997395457035566,1,7,5,0
3.341666666666667,972.3370870181991,535.4617134311823,3.106998227623043,1,7,5,0
3.35,971.7349084076394,534.7763649315382,3.1408655967894163,1,7,5,0
3.3583333333333334,972.7131045344494,534.8469381908693,3.1051809481426065,1,7,5,0
3.3666666666666667,972.8819401718881,534.8682786351146,3.1268527304648757,1,7,5,0
3.375,972.6504193042828,534.2362137032567,3.095463539239781,1,7,5,0
3.3833333333333333,973.752675611949,533.3294327886806,3.1096441700737185,1,7,5,0
3.3916666666666666,974.4334438973667,532.9125149627146,3.1001219763322774,1,7,5,0
3.4,974.3379973823093,533.3563679481462,3.118999097068761,1,7,5,0
3.408333333333333,973.6772631667998,533.4735212748222,3.090200094155484,1,7,5,0
3.4166666666666665,973.6210779808146,532.8924544606044,3.101275277123625,1,7,5,0
3.425,973.2818438283663,533.6701461316089,3.117220548110497,1,7,5,0
3.433333333333333,973.3823583907656,533.832187198941,3.1434174987908037,1,7,5,0
3.441666666666667,972.5432097170883,533.6543510300883,3.123503171041036,1,7,5,0
3.45,972.534977474356,533.671302208252,3.1212317051030936,1,7,5,0
3.4583333333333335,971.5267639321422,533.1601999118583,3.1217900426840504,1,7,5,0
3.466666666666667,971.2468062102919,533.4636157430039,3.0986967976149002,1,7,5,0
3.475,971.4592883279449,533.9416061033377,3.077233133218967,1,7,5,0
3.4833333333333334,970.5947164957868,533.601292977717,3.1157964834253264,1,7,5,0
3.4916666666666667,970.2880567703627,533.30119207664,3.119355617909494,1,7,5,0
3.5,969.8714902034162,533.7314112735171,3.111666447185704,1,7,5,0
3.5083333333333333,969.8060479059884,533.3899730854271,3.0923176592634567,1,7,5,0
3.5166666666666666,969.4363796733946,534.2927745141383,3.134503720379681,1,7,5,0
3.525,969.132572593661,534.2914686186753,3.095332438323622,1,7,5,0
3.533333333333333,968.2766825477138,534.2473310432027,3.084364408830204,1,7,5,0
3.5416666666666665,968.2918068555449,533.8608326840466,3.1140177675343446,1,7,5,0
3.55,969.3804534169267,534.3636610340463,3.0927543536448754,1,7,5,0
3.558333333333333,969.4560867811812,534.1895490070291,3.096418283050528,1,7,5,0
3.566666666666667,969.6687572106644,534.3406483052863,3.1153867736421175,1,7,5,0
3.575,968.6125445092832,533.7668884408649,3.1346947271875667,1,7,5,0
3.5833333333333335,968.3698036947765,533.4029082548531,3.075300724749108,1,7,5,0
3.591666666666667,967.2445183497168,533.5071947399061,3.0943837720989524,1,7,5,0
3.6,966.4379651862271,533.3591942259027,3.1065100524940137,1,7,5,0
3.6083333333333334,966.7888919814566,532.7787001085036,3.1374151046590746,1,7,5,0
3.6166666666666667,967.0010447042457,532.1802179732941,3.0986889901134025,1,7,5,0
3.625,966.0787255197673,532.3283686004465,3.0787168157345457,1,7,5,0
3.6333333333333333,966.1093987967672,532.2173438089118,3.0808376318332056,1,7,5,0
3.6416666666666666,965.8352341916429,532.0448468443244,3.0948263340553206,1,7,5,0
3.65,965.615943936083,532.1792355805466,3.108861468496709,1,7,5,0
3.658333333333333,965.6366648920898,533.0108454493763,3.0922590540201167,1,7,5,0
3.6666666666666665,965.794924514183,532.9962074176912,3.0982463265587517,1,7,5,0
3.675,966.1911302738324,533.1483281487526,3.1283740506011837,1,7,5,0
3.683333333333333,966.0863861985017,533.6921624714897,3.0780148749042886,1,7,5,0
3.691666666666667,965.8050357368304,533.3504057219814,3.0789142673226997,1,7,5,0
3.7,966.2552378574097,532.9599223695367,3.117631051338978,1,7,5,0
3.7083333333333335,966.6169229130132,534.1854366996397,3.0812227789638413,1,7,5,0
3.716666666666667,966.3379728224987,533.9318469263937,3.1359109132160246,1,7,5,0
3.725,966.938800888506,532.400699902779,3.1135601882213737,1,7,5,0
3.7333333333333334,967.2950444255005,532.4351706019777,3.084753984011298,1,7,5,0
3.7416666666666667,966.7997037177951,531.4918767578232,3.11208364281383,1,7,5,0
3.75,966.9111946841211,531.3742925137165,3.0631632029991582,1,7,5,0
3.7583333333333333,968.17520542307,530.9166332767609,3.0986043681075035,1,7,5,0
3.7666666666666666,968.5771133642604,531.0531159808759,3.084517170628505,1,7,5,0
3.775,968.3827552511656,531.0644555136199,3.1194282521755894,1,7,5,0
3.783333333333333,968.3224572399056,531.1911049305263,3.1102073317399648,1,7,5,0
3.7916666666666665,967.0813483101682,531.4774439838377,3.11323924237678,1,7,5,0
3.8,968.4247130930277,531.3235361086151,3.1258877714890425,1,7,5,0
3.808333333333333,967.6898424721876,531.1330814001957,3.083997146951776,1,7,5,0
3.816666666666667,967.9770199397618,532.7780801342142,3.078250525360889,1,7,5,0
3.825,967.9703688617666,532.3044955656993,3.0996727971014737,1,7,5,0
3.8333333333333335,968.7972967335415,531.5199652775746,3.103123158201303,1,7,5,0
3.841666666666667,968.4162038913108,531.5746680427085,3.1124402556669972,1,7,5,0
3.85,968.2131287153713,530.7525373577934,3.080251991026849,1,7,5,0
3.8583333333333334,966.8449106991415,530.6307749286441,3.119473330281454,1,7,5,0
3.8666666666666667,967.9578072107141,530.5429844705337,3.0943711517135193,1,7,5,0
3.875,968.0650519162593,529.8683614326442,3.0979960914185773,1,7,5,0
3.8833333333333333,968.0737975742214,530.0144353555486,3.083808716245802,1,7,5,0
3.8916666666666666,969.415629587144,529.968423550746,3.0618616156231058,1,7,5,0
3.9,970.0334644576682,529.7649682220966,3.0970603560827215,1,7,5,0
3.908333333333333,970.2365518612972,529.7662509776636,3.104742092110207,1,7,5,0
3.9166666666666665,970.6425293214979,529.707120609215,3.100443913132761,1,7,5,0
3.925,970.3785952505523,529.8551192831618,3.070274406948751,1,7,5,0
3.933333333333333,969.8856435125917,529.9358515706203,3.087042240667121,1,7,5,0
3.941666666666667,969.5085151220708,529.5492182845854,3.103974583632823,1,7,5,0
3.95,969.8526832499123,529.716330940723,3.0839103586982235,1,7,5,0
3.9583333333333335,970.7080314419983,529.5089477526307,3.0722472188799683,1,7,5,0
3.966666666666667,970.7902862750205,529.4012991263147,3.1386701913327815,1,7,5,0
3.975,971.0898109921857,529.4918640272953,3.1051477361189788,1,7,5,0
3.9833333333333334,970.3932248347598,529.1103508558512,3.072785313162769,1,7,5,0
3.9916666666666667,970.4866495817454,528.725937828434,3.153552651906786,1,7,5,0
4.0,971.0033358202793,528.2471893170646,3.0700759500757453,1,7,5,0
4.008333333333334,971.276901588182,528.0146682172707,3.1263636016362084,1,7,5,0
4.016666666666667,970.9100123023619,528.0200809047823,3.116463625944491,1,7,5,0
4.025,971.166798570055,527.9635780410528,3.0983031664883627,1,7,5,0
4.033333333333333,971.2565071621756,527.8254355261442,3.0883474547416245,1,7,5,0
4.041666666666667,971.0628205892399,528.0385918677657,3.100297294677876,1,7,5,0
4.05,971.1130495534907,527.6080398611534,3.104655958351545,1,7,5,0
4.058333333333334,972.2807054683816,526.9943920284752,3.0664535182681427,1,7,5,0
4.066666666666666,973.1265390269853,526.390879699689,3.1115164687740706,1,7,5,0
4.075,974.1503747112347,526.4288240942057,3.1210032958971765,1,7,5,0
4.083333333333333,974.3818017646508,527.06452654969,3.1111263063439463,1,7,5,0
4.091666666666667,974.6338441718095,528.1989812732171,3.109895930768476,1,7,5,0
4.1,973.7189971162755,527.9687391310872,3.1335517548609273,1,7,5,0
4.108333333333333,973.6491818535311,527.9356425378663,3.1373201088175033,1,7,5,0
4.116666666666666,973.7421093919592,528.3304476473942,3.092130918437575,1,7,5,0
4.125,974.0497517063076,528.7911356134281,3.0862558836286023,1,7,5,0
4.133333333333334,974.0527658824849,528.4139014588094,3.092218170985277,1,7,5,0
4.141666666666667,973.9646088202372,527.4161312379634,3.098078788550268,1,7,5,0
4.15,972.668088083882,527.2265405649733,3.126332966530245,1,7,5,0
4.158333333333333,972.3635131880781,527.6548033894941,3.1341140383264756,1,7,5,0
4.166666666666667,972.6555661117554,528.6731420748306,3.140704974292446,1,7,5,0
4.175,972.5920557911775,528.7627163472564,3.1513208784683746,1,7,5,0
4.183333333333334,973.2791711116113,528.6657098946446,3.0970937325817927,1,7,5,0
4.191666666666666,973.4990194808852,528.4601680409721,3.1242670166388535,1,7,5,0
4.2,973.503042532221,528.7590878476385,3.0959437951807103,1,7,5,0
4.208333333333333,973.038547884264,528.9712994607314,3.082653152564247,1,7,5,0
4.216666666666667,974.262556052289,528.6070944792081,3.0929661583151895,1,7,5,0
4.225,975.0360080042706,529.1268699795437,3.121727023502887,1,7,5,0
4.233333333333333,975.3998748210607,529.1438919407096,3.1325826557253014,1,7,5,0
4.241666666666666,974.7906293287235,529.0286338141318,3.1058135114957537,1,7,5,0
4.25,974.4460621141164,529.2161559773604,3.1032619942889843,1,7,5,0
4.258333333333334,975.1848417999474,529.6832683705048,3.1145918618207658,1,7,5,0
4.266666666666667,975.8185407457522,530.3658435512974,3.1216508656169646,1,7,5,0
4.275,975.4770049932442,529.8690736886573,3.146851388809338,1,7,5,0
4.283333333333333,975.6547449294221,530.7185933360089,3.111746348151077,1,7,5,0
4.291666666666667,974.939657060907,530.6607191930876,3.154214992181575,1,7,5,0
4.3,974.6279641651126,529.9901609261871,3.123012657269684,1,7,5,0
4.308333333333334,973.8344911223317,530.4923966895325,3.1136809771198717,1,7,5,0
4.316666666666666,974.1090676439339,530.4630467095881,3.1241262378530026,1,7,5,0
4.325,973.4529586233023,530.3029470919108,3.1140744479442195,1,7,5,0
4.333333333333333,974.1600583925341,530.2976035983534,3.1292253600859548,1,7,5,0
4.341666666666667,973.4914961601925,529.6351190987381,3.1199633309593526,1,7,5,0
4.35,973.9964109606904,529.8238510253268,3.075517122303911,1,7,5,0
4.358333333333333,973.9246740586173,529.5835592630027,3.137528099998069,1,7,5,0
4.366666666666666,973.7393560398702,529.7631227749239,3.109896776182655,1,7,5,0
4.375,973.5193621409215,530.4383032605807,3.1281033006102033,1,7,5,0
4.383333333333334,973.1087833864331,530.4721454663129,3.111260074903658,1,7,5,0
4.391666666666667,973.0761380533191,530.4980767472684,3.137314263400908,1,7,5,0
4.4,973.4047514451977,530.9558413205322,3.130418745078986,1,7,5,0
4.408333333333333,973.7953942414072,531.3481675888489,3.128109595675356,1,7,5,0
4.416666666666667,973.9843945198273,531.6331273837714,3.128873920817106,1,7,5,0
4.425,974.7413311271025,531.4771126596848,3.1287979619490245,1,7,5,0
4.433333333333334,975.0606574422408,531.618276290402,3.146033699573092,1,7,5,0
4.441666666666666,975.7717946334554,531.6776122381789,3.1392668720843773,1,7,5,0
4.45,975.9855187039163,532.2976403105862,3.1044097821461505,1,7,5,0
4.458333333333333,975.5283336519409,533.0029353826109,3.15148454980305,1,7,5,0
4.466666666666667,975.9834467110974,533.5096041871665,3.147711605508011,1,7,5,0
4.475,976.6022178208776,533.0175622464773,3.1009610651046384,1,7,5,0
4.483333333333333,976.8157976469658,532.9428883592938,3.130392768430564,1,7,5,0
4.491666666666666,977.6579549562106,532.8944986517656,3.1500345689621714,1,7,5,0
4.5,977.5662890549376,533.3011229275406,3.1638686758785814,1,7,5,0
4.508333333333334,978.4625673876318,533.2922477294067,3.176502715605881,1,7,5,0
4.516666666666667,978.9587143798317,533.5685696746361,3.160272344626002,1,7,5,0
4.525,978.9116713494876,533.9457101207391,3.159188858463264,1,7,5,0
4.533333333333333,979.229534630236,533.9146940129684,3.17283478562498,1,7,5,0
4.541666666666667,978.3446651169115,534.1824920111853,3.1266332294503294,1,7,5,0
4.55,942.0229311799573,817.9885509546721,3.139510942946651,1,7,5,0
4.558333333333334,942.1797905653735,818.810611874753,3.1328092738967137,1,7,5,0
4.566666666666666,978.121582757142,534.2509950246426,3.1580323662886047,1,7,5,0
4.575,978.3406500654336,534.067400981688,3.124627449613,1,7,5,0
4.583333333333333,978.4144852597755,534.4000276415323,3.186683914299722,1,7,5,0
4.591666666666667,978.7326446043949,534.3785930507117,3.17163849075232,1,7,5,0
4.6,979.1678712893379,534.7546988466589,3.1459686726496017,1,7,5,0
4.608333333333333,979.0031787087842,534.1079198639136,3.1711230211193264,1,7,5,0
4.616666666666666,979.1729036347814,534.262199995988,3.158572986850137,1,7,5,0
4.625,979.2004813564255,535.1297882425896,3.160823060981923,1,7,5,0
4.633333333333334,979.8409812972235,535.1846627382097,3.1811003013673504,1,7,5,0
4.641666666666667,980.7095878667692,534.5332212598499,3.1558015135176456,1,7,5,0
4.65,980.9921143953112,534.8526950576811,3.142473043579527,1,7,5,0
4.658333333333333,979.9075694572537,534.9662885896943,3.1816272412366775,1,7,5,0
4.666666666666667,979.8026865663724,535.06550891557,3.1660410257653435,1,7,5,0
4.675,978.9618105894381,535.2492366464248,3.170982643867867,1,7,5,0
4.683333333333334,978.688899636505,534.7249878334881,3.147348075908726,1,7,5,0
4.691666666666666,979.1478867645947,534.3587793844569,3.1620047333761128,1,7,5,0
4.7,979.6930638843792,534.9852975941386,3.173259379696767,1,7,5,0
4.708333333333333,979.353401135977,535.0115979537566,3.1369565807670368,1,7,5,0
4.716666666666667,979.4576895028616,534.8559879631449,3.176874758521463,1,7,5,0
4.725,979.5229959174875,534.2477022309267,3.1713306254872484,1,7,5,0
4.733333333333333,979.5479289589789,534.3204140512862,3.129127983787519,1,7,5,0
4.741666666666666,979.9407556005199,534.5070739195323,3.1370877356631697,1,7,5,0
4.75,980.0385214108471,533.9430128234848,3.16040502585154,1,7,5,0
4.758333333333334,979.6383888336517,534.0057207776493,3.1521060147860487,1,7,5,0
4.766666666666667,979.828622345388,534.4458516786339,3.16690507470618,1,7,5,0
4.775,979.5141912015415,534.6738125482613,3.1708824556786794,1,7,5,0
4.783333333333333,978.646584285418,535.5771301884655,3.180997969386346,1,7,5,0
4.791666666666667,979.161621596025,536.2629126012695,3.165509306064748,1,7,5,0
4.8,978.7965111890319,536.2172337107771,3.168488583247569,1,7,5,0
4.808333333333334,978.2374678192839,536.5780625627083,3.1701155095933196,1,7,5,0
4.816666666666666,978.5200679622297,536.9707195875823,3.1978314974077504,1,7,5,0
4.825,978.3831245857621,536.9881883239347,3.155903290127683,1,7,5,0
4.833333333333333,978.6784706138518,537.1764156632532,3.1724970762600324,1,7,5,0
4.841666666666667,978.3246267586139,537.4458428869173,3.173267317748023,1,7,5,0
4.85,978.2070009850879,536.899392142456,3.189243626806212,1,7,5,0
4.858333333333333,978.2062376237162,537.7219671242693,3.179578883072199,1,7,5,0
4.866666666666666,977.9302331043659,538.3878740352286,3.2050433665039924,1,7,5,0
4.875,978.5030461213248,538.4095877263878,3.1769156623869206,1,7,5,0
4.883333333333334,977.9259298200996,538.4720937923156,3.1579651480065922,1,7,5,0
4.891666666666667,1067.311119509597,594.9842926839524,3.169656991793631,1,7,5,0
4.9,1067.4443875552854,594.7237511894966,3.2074984566129316,1,7,5,0
4.908333333333333,977.5645912810976,538.2464006176542,3.1778266994909496,1,7,5,0
4.916666666666667,976.7441719514885,538.7145632129373,3.170208283172987,1,7,5,0
4.925,976.7928166670488,538.5135931455666,3.1714440289210395,1,7,5,0
4.933333333333334,976.9481028609185,539.4681679980139,3.207473776538869,1,7,5,0
4.941666666666666,977.1665162059809,539.3001963511424,3.164306892849803,1,7,5,0
4.95,976.9367783810363,538.9095014216407,3.187234060280096,1,7,5,0
4.958333333333333,976.821225114593,539.0461751346033,3.2049432175579864,1,7,5,0
4.966666666666667,977.0310138189541,537.4724803118885,3.162555573445677,1,7,5,0
4.975,977.1491714361159,537.3396430825184,3.1980880538505807,1,7,5,0
4.983333333333333,976.7598116853818,536.5164119116878,3.168812689343465,1,7,5,0
4.991666666666666,977.2728213052335,537.2454878470093,3.1832441706537624,1,7,5,0
5.0,977.8596077995749,536.8458015648612,3.2200105443241434,1,7,5,0
5.008333333333334,1408.7862882942522,429.81264730217634,3.2015934764488683,1,7,5,0
5.016666666666667,1408.8972127587149,429.9702234748815,3.2058232339082453,1,7,5,0
5.025,978.5647724818193,536.2603507113889,3.218630838779841,1,7,5,0
5.033333333333333,979.5342992628067,536.3297805176738,3.2011866595255865,1,7,5,0
5.041666666666667,979.9175726426739,536.7457859092532,3.2074137183817704,1,7,5,0
5.05,979.6440804350676,536.7526004227149,3.196460204247088,1,7,5,0
5.058333333333334,979.3639043794934,536.1277155550338,3.214270800017613,1,7,5,0
5.066666666666666,979.8658129941865,536.6182302140838,3.2450375025270985,1,7,5,0
5.075,979.7019056863493,537.1011227762464,3.2273536640534237,1,7,5,0
5.083333333333333,979.3680335490128,538.0236807573388,3.2472151358406594,1,7,5,0
5.091666666666667,980.2857555764433,537.939362462635,3.2165305020607255,1,7,5,0
5.1,981.2592769464767,537.4486805211184,3.213700822028989,1,7,5,0
5.108333333333333,981.4772992373315,536.7536848572515,3.2309975563728632,1,7,5,0
5.116666666666666,981.8804326045222,536.5280690585578,3.231724654588927,1,7,5,0
5.125,982.2143308085865,536.4762961488375,3.254699785718225,1,7,5,0
5.133333333333334,982.7691294135387,536.1020806495253,3.2471410884289047,1,7,5,0
5.141666666666667,983.0538877462589,535.7909667680423,3.184826352489563,1,7,5,0
5.15,983.8222026293782,535.4939274667628,3.2273999534373843,1,7,5,0
5.158333333333333,983.9848923049202,535.9867666497845,3.2566471867075335,1,7,5,0
5.166666666666667,983.6352404138793,535.978741955821,3.208589446385249,1,7,5,0
5.175,984.0016452670246,536.1865547791588,3.223076492006744,1,7,5,0
5.183333333333334,982.9020004187107,536.3017568214706,3.246808585232208,1,7,5,0
5.191666666666666,982.256812589371,535.5012102831055,3.2278903423716248,1,7,5,0
5.2,981.706848817816,535.4633464009659,3.208838680142817,1,7,5,0
5.208333333333333,981.457869285659,535.7740719821837,3.210029807744544,1,7,5,0
5.216666666666667,981.0596249256002,535.6069674867925,3.1946296135259717,1,7,5,0
5.225,981.6702758888038,535.7638224590802,3.182158658995351,1,7,5,0
5.233333333333333,982.1027451596456,535.975385943944,3.2126385242997118,1,7,5,0
5.241666666666666,982.1047501872238,537.0018920695929,3.224860853396937,1,7,5,0
5.25,981.4565403547649,536.8373757683103,3.2296682474886227,1,7,5,0
5.258333333333334,981.0834410161502,536.1318953270587,3.2086245213220717,1,7,5,0
5.266666666666667,981.107549544245,535.9465909646868,3.2143494600913503,1,7,5,0
5.275,981.4939202534173,535.7328208637996,3.207479636730001,1,7,5,0
5.283333333333333,981.1555765518773,535.0658435931249,3.2420477649196373,1,7,5,0
5.291666666666667,981.5441040888246,535.1570365996537,3.2629104861843814,1,7,5,0
5.3,981.1036611191777,535.852239875731,3.2306234596611265,1,7,5,0
5.308333333333334,980.9826785215303,535.6138750048145,3.233603493659753,1,7,5,0
5.316666666666666,980.9839627189233,535.8139424889254,3.2291110564169943,1,7,5,0
5.325,981.2162933943241,535.7818163460094,3.2645388954548826,1,7,5,0
5.333333333333333,982.9776659455025,535.0866427071367,3.227544138162982,1,7,5,0
5.341666666666667,983.2577026686994,535.5480210301483,3.237833404084907,1,7,5,0
5.35,982.4344027679064,535.3426892077783,3.2404143384116697,1,7,5,0
5.358333333333333,982.6504058221236,535.3930236216569,3.2472909089289477,1,7,5,0
5.366666666666666,982.9925639481922,535.970415094761,3.2679190672554457,1,7,5,0
5.375,982.7268110397833,535.8069601856432,3.2295206210367824,1,7,5,0
5.383333333333334,982.6715417647696,535.9273617817546,3.271275519362467,1,7,5,0
5.391666666666667,982.3220525558661,536.1768215834506,3.283893508910016,1,7,5,0
5.4,982.5963288203149,536.9952370265801,3.221606927602019,1,7,5,0
5.408333333333333,983.0812578002805,537.5627062046996,3.237220345607845,1,7,5,0
5.416666666666667,983.0974349094819,537.6642547514053,3.2519907163416,1,7,5,0
5.425,983.1191870286385,537.9768377526406,3.253307532908894,1,7,5,0
5.433333333333334,983.7214295437645,537.5044349085742,3.2412117730258747,1,7,5,0
5.441666666666666,983.2694163065462,536.750556258907,3.2868961382195594,1,7,5,0
5.45,982.9276710325934,536.6622650250009,3.2475387037749828,1,7,5,0
5.458333333333333,983.0484700326602,536.7342529064026,3.2748995744796514,1,7,5,0
5.466666666666667,982.1452875043814,536.8039469807381,3.270996983504055,1,7,5,0
5.475,982.4071470282302,536.6061936626467,3.271280065195373,1,7,5,0
5.483333333333333,983.0939287100821,536.6689865092085,3.2685979756406747,1,7,5,0
5.491666666666666,983.1395697166608,536.6061681646235,3.2462338704643874,1,7,5,0
5.5,983.8974803790044,536.4020573267842,3.2469004162038506,1,7,5,0
5.508333333333334,984.4366137360491,535.7068664143635,3.2605219151068994,1,7,5,0
5.516666666666667,984.3970210773315,535.5416428197559,3.2674154820698744,1,7,5,0
5.525,984.2986357606497,535.7407148727203,3.2619929992624033,1,7,5,0
5.533333333333333,984.2227278501623,536.0059679801758,3.268635396537514,1,7,5,0
5.541666666666667,984.9702313595081,536.1710520387475,3.2902761776112706,1,7,5,0
5.55,984.0991892770576,537.4672740971544,3.2850712710909074,1,7,5,0
5.558333333333334,983.5949171665369,536.9158134082279,3.258312754316877,1,7,5,0
5.566666666666666,982.9208642984859,536.8555767234399,3.2722069794280313,1,7,5,0
5.575,983.4064461227684,535.2365732791831,3.270219251048061,1,7,5,0
5.583333333333333,983.2818238361012,534.4277581767518,3.250410643763211,1,7,5,0
5.591666666666667,983.2612177328125,533.0870270729488,3.2808458276745975,1,7,5,0
5.6,983.0555718501074,532.9945899312942,3.2795483255302362,1,7,5,0
5.608333333333333,983.6427688653426,532.4299469533102,3.2740570039118526,1,7,5,0
5.616666666666666,985.0477909304338,533.4870861169201,3.255985202718425,1,7,5,0
5.625,985.0563173877641,533.9885603030457,3.290504833403834,1,7,5,0
5.633333333333334,985.0898569065936,533.7744377475511,3.250844287306412,1,7,5,0
5.641666666666667,985.2744200947033,534.3959069163252,3.288379994959503,1,7,5,0
5.65,984.7696728230186,534.5417081680258,3.260132925204409,1,7,5,0
5.658333333333333,983.9937140884851,534.5469237340295,3.303563590622843,1,7,5,0
5.666666666666667,984.2107509254458,535.5012118568944,3.2910129018335708,1,7,5,0
5.675,984.3473043310711,536.1996923650023,3.2922720567079398,1,7,5,0
5.683333333333334,985.1054408594093,535.5604474532284,3.263523597258016,1,7,5,0
5.691666666666666,984.9117243224838,535.3678512824357,3.290013214292597,1,7,5,0
5.7,985.0262604322005,534.8632388628159,3.263223320307428,1,7,5,0
5.708333333333333,984.7431283490387,534.9559843941764,3.2881113847936523,1,7,5,0
5.716666666666667,984.9759424349623,535.3510865045341,3.2660551174928005,1,7,5,0
5.725,985.2814957777439,536.1834763760434,3.2664404467463704,1,7,5,0
5.733333333333333,985.1090543288436,536.271327498189,3.3047980471997844,1,7,5,0
5.741666666666666,985.1481856813351,536.683616565048,3.3054009831078295,1,7,5,0
5.75,984.0073027386973,535.9642575292163,3.3142780037273596,1,7,5,0
5.758333333333334,983.5881970727249,536.4302154283272,3.278520074227839,1,7,5,0
5.766666666666667,982.8458251100604,536.2814013459073,3.2992386110425365,1,7,5,0
5.775,982.8934775664243,536.2108972822746,3.2954041450066787,1,7,5,0
5.783333333333333,982.3047246373986,536.6921100171943,3.2920198265586684,1,7,5,0
5.791666666666667,983.2123224184807,536.3906438439101,3.2652385162935507,1,7,5,0
5.8,983.0746390921894,537.1247117177535,3.287587889350764,1,7,5,0
5.808333333333334,982.5079948403045,536.755089478213,3.2816560308130467,1,7,5,0
5.816666666666666,983.592489068718,536.7120472741119,3.3043326864714153,1,7,5,0
5.825,983.4300232622124,536.5770344420536,3.290447853812693,1,7,5,0
5.833333333333333,982.9137576973067,536.7811193821497,3.3035381248699496,1,7,5,0
5.841666666666667,983.8391074951879,536.298455759658,3.298183189594176,1,7,5,0
5.85,984.3323435468567,535.7193943970514,3.2669906062753675,1,7,5,0
5.858333333333333,984.6595502611001,535.4363198555401,3.2596559599438306,1,7,5,0
5.866666666666666,985.482426700025,535.4776208586717,3.287630667841966,1,7,5,0
5.875,985.648538017588,534.9308639051853,3.2739100101374605,1,7,5,0
5.883333333333334,986.011465566119,534.7890868734685,3.2654233598418942,1,7,5,0
5.891666666666667,986.334843947276,535.6312921036251,3.2952184100313575,1,7,5,0
5.9,986.388788426223,535.2511108177465,3.2790722041716793,1,7,5,0
5.908333333333333,985.2890876886994,535.7045758565919,3.277929900948309,1,7,5,0
5.916666666666667,984.8944334174022,534.8988101765123,3.269960763293777,1,7,5,0
5.925,984.3764032003653,535.1817438256774,3.281372371380087,1,7,5,0
5.933333333333334,984.7268361997116,534.8841238042525,3.3191717697334466,1,7,5,0
5.941666666666666,984.5790379656798,534.9102973966941,3.3131442832056117,1,7,5,0
5.95,1042.1420187331958,426.53188873433646,3.2975864974919653,1,7,5,0
5.958333333333333,1042.266306031926,426.2930213483995,3.30376915306919,1,7,5,0
5.966666666666667,,,,0,7,5,0
5.975,,,,0,7,5,0
5.983333333333333,,,,0,7,5,0
5.991666666666666,,,,0,7,5,0
6.0,,,,0,7,5,0
6.008333333333334,,,,0,7,5,0
6.016666666666667,,,,0,7,5,0
6.025,,,,0,7,5,0
6.033333333333333,,,,0,7,5,0
6.041666666666667,,,,0,7,5,0
6.05,,,,0,7,5,0
6.058333333333334,,,,0,7,5,0
6.066666666666666,,,,0,7,5,0
6.075,,,,0,7,5,0
6.083333333333333,,,,0,7,5,0
6.091666666666667,,,,0,7,5,0
6.1,,,,0,7,5,0
6.108333333333333,,,,0,7,5,0
6.116666666666666,,,,0,7,5,0
6.125,,,,0,7,5,0
6.133333333333334,,,,0,7,5,0
6.141666666666667,983.8064386042539,536.733781858333,3.321000360055734,1,7,5,0
6.15,984.2279243901737,535.8456507912937,3.2837013527187384,1,7,5,0
6.158333333333333,984.1213690168638,536.8696021434147,3.3377565719949027,1,7,5,0
6.166666666666667,983.4750691482652,537.8593417468036,3.3020469557416314,1,7,5,0
6.175,983.6282483996763,537.8998728879674,3.2915752743911035,1,7,5,0
6.183333333333334,983.3726826660853,538.1133489281166,3.2713384425702063,1,7,5,0
6.191666666666666,983.2411063323445,538.1472272149944,3.318801878843462,1,7,5,0
6.2,984.6426601096457,538.7315189109286,3.322981996894437,1,7,5,0
6.208333333333333,985.76443402276,539.0786046313771,3.261754254352327,1,7,5,0
6.216666666666667,985.3532554370069,539.068278274385,3.3050138094654664,1,7,5,0
6.225,985.9573070086019,539.9807305802017,3.3056441888886106,1,7,5,0
6.233333333333333,986.0366295968421,540.1755060511732,3.2910880304632295,1,7,5,0
6.241666666666666,986.6420499616125,540.5903470347952,3.2954656047775646,1,7,5,0
6.25,986.9172059217718,541.9052814790657,3.307390013788881,1,7,5,0
6.258333333333334,987.6331835848216,541.7209309464176,3.3266942391314522,1,7,5,0
6.266666666666667,987.1044249875147,541.9452807989189,3.309632092987632,1,7,5,0
6.275,986.7604490123972,541.5168762223365,3.294896198845966,1,7,5,0
6.283333333333333,986.2067380927729,541.6268498035075,3.374209155171765,1,7,5,0
6.291666666666667,987.0141454112083,541.83094999888,3.321234401344733,1,7,5,0
6.3,987.8610754167446,542.1836361167218,3.3270339928698878,1,7,5,0
6.308333333333334,988.1318075728707,542.8745197714835,3.299432711506086,1,7,5,0
6.316666666666666,988.5124925395068,542.8592638468568,3.2997260742548784,1,7,5,0
6.325,988.9881191887101,543.1119057393372,3.3643446389215366,1,7,5,0
6.333333333333333,988.6746372215028,542.7615640178324,3.320480558174138,1,7,5,0
6.341666666666667,989.292560361953,542.6165529802696,3.3509050212676046,1,7,5,0
6.35,989.1043245253868,542.0874614438752,3.3408633718448333,1,7,5,0
6.358333333333333,989.8408846082133,542.3947268830409,3.352271032581434,1,7,5,0
6.366666666666666,990.3068426468529,542.6813020576268,3.3202682492392723,1,7,5,0
6.375,990.7399459372349,543.2762607236979,3.3200905934317597,1,7,5,0
6.383333333333334,991.3517031391888,542.6455952361824,3.3181192584824037,1,7,5,0
6.391666666666667,991.2393128887065,543.0371660694241,3.3401306069532057,1,7,5,0
6.4,990.8882794293327,542.4643545714542,3.331200757052411,1,7,5,0
6.408333333333333,990.455322236301,542.0303481761589,3.338328694162003,1,7,5,0
6.416666666666667,989.3441094333118,542.8814674904629,3.3693059519253468,1,7,5,0
6.425,989.673464647191,541.0292791488965,3.337027039914878,1,7,5,0
6.433333333333334,988.6132933240503,540.3906722243798,3.3729515731693818,1,7,5,0
6.441666666666666,988.4456013156678,540.6074576296729,3.368244452343604,1,7,5,0
6.45,988.8179923075502,540.6174019640958,3.348190461899772,1,7,5,0
6.458333333333333,988.6904993294017,540.1430123021187,3.324909369138505,1,7,5,0
6.466666666666667,988.9572736695684,540.4392690071619,3.3144811646431784,1,7,5,0
6.475,988.795736866854,541.1766552587285,3.293767398649024,1,7,5,0
6.483333333333333,988.5500982307146,541.1390070260945,3.342289278566346,1,7,5,0
6.491666666666666,988.3491982188,540.928606903077,3.3566075173896563,1,7,5,0
6.5,987.9822326838133,540.5757200036336,3.3635060561591983,1,7,5,0
6.508333333333334,988.292793134701,540.4226193984741,3.354703574763071,1,7,5,0
6.516666666666667,988.2622388619536,539.9254114672386,3.314638397064774,1,7,5,0
6.525,988.7280122357736,539.7177276738098,3.3189900982901785,1,7,5,0
6.533333333333333,988.8199642465463,540.4657233621243,3.3205754876688385,1,7,5,0
6.541666666666667,989.3257338151252,540.80776658695,3.332854136936487,1,7,5,0
6.55,989.3441162479648,540.6181562866016,3.3385290150333953,1,7,5,0
6.558333333333334,989.6984302885703,541.394937982945,3.322659152257516,1,7,5,0
6.566666666666666,989.5669489144959,542.0474580034254,3.335849072304997,1,7,5,0
6.575,989.5502851806353,541.9166187164468,3.3348608340444086,1,7,5,0
6.583333333333333,989.2569314373361,541.7896712422494,3.319957675191811,1,7,5,0
6.591666666666667,989.2407355437675,541.9239496635672,3.32418329331454,1,7,5,0
6.6,989.5628115716906,541.4875967932018,3.3508541324921177,1,7,5,0
6.608333333333333,990.0482992753822,541.5802092623943,3.3044746682504096,1,7,5,0
6.616666666666666,990.3951521003539,541.9653822194313,3.3067713503527245,1,7,5,0
6.625,991.1057745124294,542.220958658536,3.3208406519952987,1,7,5,0
6.633333333333334,991.4709346702945,542.626364696315,3.315811858007992,1,7,5,0
6.641666666666667,991.7921741846636,542.0165910465199,3.3232611830220886,1,7,5,0
6.65,992.2163961529179,542.2973028414752,3.253047360141758,1,7,5,0
6.658333333333333,991.8617876126639,541.7363695271721,3.3029915992461136,1,7,5,0
6.666666666666667,991.1650138717189,540.9824685888589,3.313964613019275,1,7,5,0
6.675,991.2540468431259,540.4119474980539,3.305801945584123,1,7,5,0
6.683333333333334,991.1233769503235,539.9080205642263,3.2977626026922384,1,7,5,0
6.691666666666666,991.59050901447,539.990932439367,3.2726967218846688,1,7,5,0
6.7,991.2874046618156,538.6239644517372,3.2640756143354124,1,7,5,0
6.708333333333333,990.8706926344071,539.1838112108564,3.298414033584908,1,7,5,0
6.716666666666667,990.433867359063,539.2242218673754,3.3052909593488793,1,7,5,0
6.725,990.2806917208151,539.0944183017762,3.3151925531911024,1,7,5,0
6.733333333333333,989.7383255069001,540.0515137201282,3.261063147756766,1,7,5,0
6.741666666666666,989.7890842170767,539.6905759669695,3.270236139659733,1,7,5,0
6.75,990.7359362685739,540.1400649235441,3.2807728545191805,1,7,5,0
6.758333333333334,990.6382242248609,540.61952183502,3.2720589843174857,1,7,5,0
6.766666666666667,990.9996188516245,540.7083794260561,3.287126189690902,1,7,5,0
6.775,990.4208030001897,540.825920145577,3.276972269110807,1,7,5,0
6.783333333333333,990.4694125265221,541.494568765959,3.2994020376813302,1,7,5,0
6.791666666666667,990.3731900381142,541.060713129042,3.2658872305528313,1,7,5,0
6.8,989.134196873246,540.4652007506081,3.2809545633938897,1,7,5,0
6.808333333333334,988.6181991904165,540.2462916005027,3.2907695985250784,1,7,5,0
6.816666666666666,988.0490541153958,540.2392717751561,3.290585987639365,1,7,5,0
6.825,988.9226111850187,540.6851902390754,3.3103017729162314,1,7,5,0
6.833333333333333,989.1946094600917,540.9514857048792,3.2580763054628745,1,7,5,0
6.841666666666667,989.1189236178687,540.8825908359541,3.246463211307919,1,7,5,0
6.85,987.9737432726638,540.9155927962232,3.2997576226975394,1,7,5,0
6.858333333333333,,,,0,7,5,0
6.866666666666666,,,,0,7,5,0
6.875,,,,0,7,5,0
6.883333333333334,,,,0,7,5,0
6.891666666666667,,,,0,7,5,0
6.9,,,,0,7,5,0
6.908333333333333,,,,0,7,5,0
6.916666666666667,987.4501757369516,539.3472051561896,3.2407213070744567,1,7,5,0
6.925,987.6311468397728,539.1782263699918,3.2538099019419313,1,7,5,0
6.933333333333334,988.3846775153673,539.0871042101813,3.254117054089971,1,7,5,0
6.941666666666666,988.580954504928,539.6529428036459,3.290578839481284,1,7,5,0
6.95,988.6982427131944,539.6324644995977,3.2573513486286063,1,7,5,0
6.958333333333333,988.3091820039489,539.053300794368,3.281601021928622,1,7,5,0
6.966666666666667,987.8269756348014,538.716022233464,3.253151755891514,1,7,5,0
6.975,987.0721952419633,538.1055786840053,3.236201845826048,1,7,5,0
6.983333333333333,987.3591910037222,538.5264817211016,3.265714147984588,1,7,5,0
6.991666666666666,988.0243266425721,538.8585437557616,3.2803647906274587,1,7,5,0
7.0,988.1995523035376,538.5444464861332,3.2620988206645034,1,7,5,0
7.008333333333334,987.8107629293796,538.1980599783749,3.2223079048040892,1,7,5,0
7.016666666666667,987.8039373759872,537.7669480895016,3.2530876654044825,1,7,5,0
7.025,987.9529721862993,537.796125808331,3.28222939881763,1,7,5,0
7.033333333333333,988.5099415675012,537.2832368086805,3.2607232398028767,1,7,5,0
7.041666666666667,988.2250641753964,537.9360399415218,3.2586707323094077,1,7,5,0
7.05,988.9273016895482,537.7917261533498,3.2325712392413672,1,7,5,0
7.058333333333334,988.9739398387298,537.9101069714899,3.309694107125286,1,7,5,0
7.066666666666666,989.1074044259482,537.6180554255586,3.255611713283137,1,7,5,0
7.075,989.5184636593044,537.6753891097409,3.237058019861615,1,7,5,0
7.083333333333333,989.4923740080363,537.7451333015621,3.2651411644937904,1,7,5,0
7.091666666666667,989.2730106390417,537.7994189503358,3.250004643935987,1,7,5,0
7.1,989.3154111144374,536.7970972851571,3.2534230124280867,1,7,5,0
7.108333333333333,988.2654469580325,537.1001567438592,3.2305786819272355,1,7,5,0
7.116666666666666,987.4604058797761,536.8672523943932,3.281484785131693,1,7,5,0
7.125,987.6339819349802,537.2707402212692,3.239079273536742,1,7,5,0
7.133333333333334,988.5201360012496,537.6682996124949,3.252541057441373,1,7,5,0
7.141666666666667,989.2709068942472,537.8681703618249,3.2669553984153814,1,7,5,0
7.15,990.0444968217614,538.1123725283593,3.256974951031793,1,7,5,0
7.158333333333333,990.4747710256196,537.5979432558445,3.25316349542019,1,7,5,0
7.166666666666667,990.3540088798134,537.1368780023789,3.2416439063703435,1,7,5,0
7.175,990.5810414657246,537.4078661544594,3.2641027161618736,1,7,5,0
7.183333333333334,990.6859076077657,537.9573673461304,3.2285125614662067,1,7,5,0
7.191666666666666,990.6388093546188,538.8454194792424,3.250971502841424,1,7,5,0
7.2,990.0829864845724,538.7792045105175,3.218480083962805,1,7,5,0
7.208333333333333,990.7411212288175,538.2959080437362,3.251558323738218,1,7,5,0
7.216666666666667,990.8038861236868,538.316739020676,3.2573916273597288,1,7,5,0
7.225,990.9044816954424,538.2414720796633,3.2281210270091205,1,7,5,0
7.233333333333333,991.3296332521427,538.3962013993117,3.2087851951855537,1,7,5,0
7.241666666666666,990.9582042810247,538.1652800123786,3.2555098873671477,1,7,5,0
7.25,990.3229602587437,538.1651132595771,3.234363181684681,1,7,5,0
7.258333333333334,990.3552692626104,538.7203742273266,3.2090122566688057,1,7,5,0
7.266666666666667,989.9125752795375,537.8061269029091,3.201621454096134,1,7,5,0
7.275,989.8678176229246,537.5073587407078,3.196664770785441,1,7,5,0
7.283333333333333,990.2923742301176,537.3937724063919,3.2303305125057546,1,7,5,0
7.291666666666667,990.1614838516498,537.7149683118696,3.197211276579039,1,7,5,0
7.3,990.0879372011752,538.5594577118592,3.207894514064091,1,7,5,0
7.308333333333334,990.3318674990585,538.3662620986682,3.2121653350795087,1,7,5,0
7.316666666666666,989.738739818008,538.1466399416964,3.262110882617744,1,7,5,0
7.325,990.7607067493254,537.8218099537972,3.219510715239904,1,7,5,0
7.333333333333333,991.7348772188121,538.2117241571907,3.220313850550555,1,7,5,0
7.341666666666667,991.5448586994393,538.5503049553406,3.2238350598003267,1,7,5,0
7.35,991.2966740832204,537.74685675818,3.21080964692344,1,7,5,0
7.358333333333333,992.0149521135271,538.4841586190695,3.2079417308059957,1,7,5,0
7.366666666666666,992.7394182159998,538.209159283892,3.2104364099227745,1,7,5,0
7.375,992.7374121804354,537.3886481920434,3.1867608192927217,1,7,5,0
7.383333333333334,993.3014581152217,536.9984217617884,3.2048752386671735,1,7,5,0
7.391666666666667,993.9730509484425,537.0958485856248,3.2303678791347386,1,7,5,0
7.4,994.7333764343772,537.2932285378466,3.1907393530980466,1,7,5,0
7.408333333333333,995.1036470334191,537.2311530340236,3.22483701733867,1,7,5,0
7.416666666666667,995.3872069846029,537.9747519516825,3.216356458537471,1,7,5,0
7.425,995.1464757481801,538.5298226386792,3.2027995465286776,1,7,5,0
7.433333333333334,995.0420070816479,538.5187222825235,3.2147228419084812,1,7,5,0
7.441666666666666,994.6504759391017,538.9472908300885,3.17320847383165,1,7,5,0
7.45,995.0781288840759,538.8457129666954,3.2111010421490342,1,7,5,0
7.458333333333333,994.5043015058204,538.9130260465765,3.2134588088421374,1,7,5,0
7.466666666666667,994.1945854679857,538.4328289947654,3.234805332458875,1,7,5,0
7.475,993.693144786374,539.7576308028762,3.2360299579429936,1,7,5,0
7.483333333333333,992.8691173993828,539.8924058503684,3.173844419754883,1,7,5,0
7.491666666666666,993.204297786597,539.909003470447,3.193772655307202,1,7,5,0
7.5,993.245134993639,540.3543555309733,3.198424593953565,1,7,5,0
7.508333333333334,992.6264622754488,540.534822988891,3.1988464721851257,1,7,5,0
7.516666666666667,991.7095866797857,540.9946002984235,3.228870230183682,1,7,5,0
7.525,992.1158350121917,541.2283282652601,3.2139385511001466,1,7,5,0
7.533333333333333,992.8339723796715,540.7652251923654,3.213597559980243,1,7,5,0
7.541666666666667,992.8050591667438,540.4780702945195,3.2152654167681187,1,7,5,0
7.55,992.3445006350863,540.4872958810689,3.223539363235992,1,7,5,0
7.558333333333334,992.7423879309549,540.9267367494987,3.1863480392024277,1,7,5,0
7.566666666666666,992.6220604197814,541.7633255532952,3.187680910375773,1,7,5,0
7.575,992.7601510777789,542.2580905165987,3.188191636222479,1,7,5,0
7.583333333333333,993.4450854215017,542.2035551799354,3.160004330581325,1,7,5,0
7.591666666666667,992.9464166839037,541.6772218836658,3.2030793494020426,1,7,5,0
7.6,994.2509573647365,542.3436841195996,3.1875796198950166,1,7,5,0
7.608333333333333,994.3594957687659,542.6700707906217,3.1661168291042765,1,7,5,0
7.616666666666666,994.8443039217075,542.4527951779579,3.172980582175334,1,7,5,0
7.625,994.7197140726711,541.6291504161113,3.1897179849967787,1,7,5,0
7.633333333333334,995.1174436877652,541.2696371405342,3.1629915942212805,1,7,5,0
7.641666666666667,995.6510477329233,539.8041187036996,3.1518449289626576,1,7,5,0
7.65,995.8918997742829,538.7286410325775,3.203296949928153,1,7,5,0
7.658333333333333,996.108478349708,539.0808185318255,3.192999704234437,1,7,5,0
7.666666666666667,996.3419664078451,538.9557879783142,3.1539203527911734,1,7,5,0
7.675,996.4497730698813,539.3100947679147,3.2188829797870278,1,7,5,0
7.683333333333334,835.9680105015503,354.98074908271474,3.183830017560189,1,7,5,0
7.691666666666666,836.113241328163,354.48283076073005,3.185075424008252,1,7,5,0
7.7,997.1984955629584,539.1132364021017,3.1632483932695923,1,7,5,0
7.708333333333333,997.1230523312003,539.1064125402331,3.201819383849719,1,7,5,0
7.716666666666667,997.4745054880299,538.1372039364967,3.1411174835234767,1,7,5,0
7.725,997.5834543945107,538.0737766473277,3.1650035013822486,1,7,5,0
7.733333333333333,998.1924591202976,537.8663195450243,3.194137882490513,1,7,5,0
7.741666666666666,998.0386381663918,538.0355526307715,3.1932835867303986,1,7,5,0
7.75,998.2571659198711,537.330932485679,3.1874599387438893,1,7,5,0
7.758333333333334,998.5622330175802,537.0505166122202,3.1710415604011826,1,7,5,0
7.766666666666667,999.2138018534292,537.3198294805209,3.178683690745782,1,7,5,0
7.775,999.3542352029156,537.232582233027,3.1866346524632667,1,7,5,0
7.783333333333333,998.9392311705324,536.8886362772583,3.2033919396723074,1,7,5,0
7.791666666666667,998.757066231118,536.8694801719975,3.2136878682336754,1,7,5,0
7.8,998.109088771677,537.2587843056375,3.1722252615046647,1,7,5,0
7.808333333333334,998.4293720054371,537.0014766229427,3.2000420390775983,1,7,5,0
7.816666666666666,998.9932324674061,536.4286703963119,3.1686868585222383,1,7,5,0
7.825,998.4710570359941,535.6173402630992,3.175624915915749,1,7,5,0
7.833333333333333,998.1181806550034,535.038066848023,3.1614707020884003,1,7,5,0
7.841666666666667,999.3896909749814,535.1618482781447,3.1936735918805286,1,7,5,0
7.85,1000.1353314652898,534.7274350685552,3.1376776696697948,1,7,5,0
7.858333333333333,1001.4251773731339,534.2595894589207,3.159469627521107,1,7,5,0
7.866666666666666,1001.9951413000489,534.1026744734298,3.1073970504088906,1,7,5,0
7.875,1001.236008112818,535.0486974717412,3.1524355774892037,1,7,5,0
7.883333333333334,1001.525839833586,535.8510450373702,3.167067825284417,1,7,5,0
7.891666666666667,1001.7170423292587,535.7298524931413,3.1708781028384934,1,7,5,0
7.9,1001.4506312677967,536.1862441429143,3.1382050242064925,1,7,5,0
7.908333333333333,1001.2997532272137,535.6053080323295,3.1416109614259096,1,7,5,0
7.916666666666667,1000.8952472337842,536.5043090886859,3.1866294256997496,1,7,5,0
7.925,1000.5100481740201,536.3652726111883,3.1528295007992675,1,7,5,0
7.933333333333334,1001.0676922365594,535.4274706825859,3.1246336365065703,1,7,5,0
7.941666666666666,1001.3456404895121,535.5552307203087,3.1526324887555255,1,7,5,0
7.95,1000.5753500508947,536.3131390791568,3.1407222684971283,1,7,5,0
7.958333333333333,1000.382970633319,536.7585140046825,3.1575059832714243,1,7,5,0
7.966666666666667,1000.5805742357293,536.2231230056439,3.1591094296923905,1,7,5,0
7.975,1000.699432410931,536.4011653763819,3.163680862576315,1,7,5,0
7.983333333333333,1000.222135184406,536.3283777422363,3.1748148190490877,1,7,5,0
7.991666666666666,1000.6710763774014,536.0581340640781,3.1429062874522247,1,7,5,0
8.0,1000.9134578712765,535.4834891745737,3.176596149721842,1,7,5,0
8.008333333333333,1000.77308015937,535.696493788221,3.1313473304511326,1,7,5,0
8.016666666666667,1000.240480600703,535.7631288768986,3.1173749308942362,1,7,5,0
8.025,1000.2022599869453,535.9969513647701,3.1324707787888086,1,7,5,0
8.033333333333333,1000.9086989853263,535.9928484175782,3.142818911564417,1,7,5,0
8.041666666666666,1000.8951793165314,535.578981725164,3.143621873992053,1,7,5,0
8.05,1000.10745851731,534.6954603937749,3.1458451514578654,1,7,5,0
8.058333333333334,1000.6279615092981,534.4539662593253,3.0767289034140126,1,7,5,0
8.066666666666666,999.6122964509093,534.7117009740083,3.179387682833957,1,7,5,0
8.075,999.8154051149072,535.3615090018693,3.1274591639668126,1,7,5,0
8.083333333333334,1000.4762916304757,535.5326733798315,3.119838641451016,1,7,5,0
8.091666666666667,999.8722484238842,535.5028016084076,3.1217597416156835,1,7,5,0
8.1,1000.29616425675,535.4031418208546,3.1098505781942363,1,7,5,0
8.108333333333333,999.9024670603173,535.2590941164634,3.1408920261917546,1,7,5,0
8.116666666666667,999.1461341420573,535.656370943821,3.136028216137797,1,7,5,0
8.125,999.273399693199,535.1054314613145,3.1715653394554884,1,7,5,0
8.133333333333333,999.3132133590472,533.8020441835314,3.125151060345156,1,7,5,0
8.141666666666667,998.9787823096268,533.4571031880294,3.121805972601046,1,7,5,0
8.15,998.7144187502921,533.3245048197032,3.1105886879357487,1,7,5,0
8.158333333333333,997.9054638502118,533.5166361642101,3.1108236858735974,1,7,5,0
8.166666666666666,998.6254526323544,533.1874025785039,3.102059335343488,1,7,5,0
8.175,998.9758498937368,533.3546469540861,3.12962174759949,1,7,5,0
8.183333333333334,1087.6853632069804,539.3416237691102,3.122010204997464,1,7,5,0
8.191666666666666,1088.2885121657725,539.6917000439163,3.1151950279982343,1,7,5,0
8.2,1000.7847177640991,533.493326267535,3.0932585527064536,1,7,5,0
8.208333333333334,1000.6706537520687,533.4511439312274,3.118022373676892,1,7,5,0
8.216666666666667,1000.4216250430202,533.2076951862091,3.1428297914498113,1,7,5,0
8.225,1000.6740862398597,534.3028892743653,3.1245900757063025,1,7,5,0
8.233333333333333,1000.5019474972113,534.3285375254156,3.1282898059756756,1,7,5,0
8.241666666666667,1000.7699681712387,534.8221984698948,3.1014422191051554,1,7,5,0
8.25,1001.0980536082682,534.2460239454712,3.1512341837742777,1,7,5,0
8.258333333333333,1001.8457110767251,534.3163139886138,3.1076082105189617,1,7,5,0
8.266666666666667,1001.287206389518,534.6650613827499,3.111493013478102,1,7,5,0
8.275,1000.4260680706255,534.8563909524366,3.0986193271829205,1,7,5,0
8.283333333333333,1000.7462220724683,534.3369125944818,3.109701990993122,1,7,5,0
8.291666666666666,1000.701383783638,534.9368980197031,3.094626716758477,1,7,5,0
8.3,1001.0492738680668,534.4352117219306,3.120073653710318,1,7,5,0
8.308333333333334,1001.3032357742326,535.5189425253075,3.1088217181008098,1,7,5,0
8.316666666666666,1000.1732815121444,534.719286778184,3.0880453831724437,1,7,5,0
8.325,1000.3729795330319,534.5668124135332,3.1002636550031726,1,7,5,0
8.333333333333334,1000.4666688840957,533.7214471780126,3.1386994179235175,1,7,5,0
8.341666666666667,1000.4886911101989,534.3827822050586,3.115916124059495,1,7,5,0
8.35,1000.2515339679092,535.1177537756968,3.137221642177737,1,7,5,0
8.358333333333333,1000.6103026434586,535.7461449818541,3.095330302062174,1,7,5,0
8.366666666666667,1000.8543936351896,536.2981509669689,3.1121469904351104,1,7,5,0
8.375,1001.3438962875982,536.008510614505,3.096266169099718,1,7,5,0
8.383333333333333,1001.3270176271366,536.1467930152037,3.1140362175693803,1,7,5,0
8.391666666666667,1002.0160265210519,536.887142523626,3.1248830835893964,1,7,5,0
8.4,1002.1510535693076,535.9495462901103,3.09232747874841,1,7,5,0
8.408333333333333,1002.2661366723139,536.0094277992864,3.114965743754305,1,7,5,0
8.416666666666666,1002.3607411085834,536.0884095045564,3.1351065928062027,1,7,5,0
8.425,1003.0929045480148,536.2895646509184,3.131608112470842,1,7,5,0
8.433333333333334,1003.0756054825093,536.854541983569,3.0760158169859975,1,7,5,0
8.441666666666666,1003.1405380855756,537.2245251465939,3.0810886350336397,1,7,5,0
8.45,1002.8371762652974,537.7782870880447,3.1263595880311477,1,7,5,0
8.458333333333334,1002.389890732736,537.5755144847544,3.167952174753591,1,7,5,0
8.466666666666667,1002.3682134514786,536.7371085042531,3.1012540168750147,1,7,5,0
8.475,1002.6917235651019,536.4660235316178,3.1314304193174967,1,7,5,0
8.483333333333333,1002.4504480882516,536.7622759033557,3.1526308556781473,1,7,5,0
8.491666666666667,1002.605644436576,536.6442844258355,3.1223368358290533,1,7,5,0
8.5,1001.6500508448622,536.0601777170414,3.1057722350322883,1,7,5,0
8.508333333333333,1002.3982065186025,536.2341343637361,3.0849978271986727,1,7,5,0
8.516666666666667,1002.7770949230236,536.1342763500645,3.1160208294276863,1,7,5,0
8.525,1003.4226758091913,536.10939718436,3.095785231807399,1,7,5,0
8.533333333333333,1003.3722685702988,535.6419806223965,3.0676369659942084,1,7,5,0
8.541666666666666,1002.7411826901883,536.2776691270013,3.1076365457837793,1,7,5,0
8.55,1002.2005738164722,535.439033792113,3.081618378323771,1,7,5,0
8.558333333333334,1001.9543942123679,535.4291678447433,3.1191845820747974,1,7,5,0
8.566666666666666,1002.0143359521027,535.5841656643358,3.0810968839544697,1,7,5,0
8.575,1001.8870251818017,535.4605386051845,3.0866642595064855,1,7,5,0
8.583333333333334,1002.5130850419803,535.529013102707,3.119804883644893,1,7,5,0
8.591666666666667,1002.177901556345,535.5387502505515,3.1072554515124575,1,7,5,0
8.6,1001.5501261540749,535.877848250175,3.110630370639952,1,7,5,0
8.608333333333333,1001.1626978420725,536.7559163693385,3.091325439032656,1,7,5,0
8.616666666666667,1000.8776644249504,537.4612233765589,3.0609752587922516,1,7,5,0
8.625,1000.6786175411091,537.3320818736915,3.0942498735476316,1,7,5,0
8.633333333333333,1000.2922851142343,536.3259929077199,3.081997875639296,1,7,5,0
8.641666666666667,999.4024332227502,536.3854674678694,3.128943506434642,1,7,5,0
8.65,999.4013986654131,535.917279399229,3.0728508898832554,1,7,5,0
8.658333333333333,999.3856531079431,535.7280010762697,3.100699842596385,1,7,5,0
8.666666666666666,999.4787737417348,535.9435740092595,3.1028326689804957,1,7,5,0
8.675,999.9725109025463,535.9528680259573,3.112920464600806,1,7,5,0
8.683333333333334,998.9334604276521,535.6740057863465,3.0914359446107196,1,7,5,0
8.691666666666666,998.2531183600873,535.2998755439904,3.0851201274517153,1,7,5,0
8.7,998.1822359543481,535.8837987394685,3.1017370657718697,1,7,5,0
8.708333333333334,997.8762870667772,535.8738447771947,3.0964791336986464,1,7,5,0
8.716666666666667,997.7912627568141,535.0971911932617,3.097813342597604,1,7,5,0
8.725,998.1721130795468,535.4641013037964,3.063410617361059,1,7,5,0
8.733333333333333,999.2261314131961,536.6615175612035,3.0749753182396256,1,7,5,0
8.741666666666667,999.8806993589232,536.6740594261009,3.109407153606707,1,7,5,0
8.75,1000.6589150920155,536.8902130756084,3.0884853065216933,1,7,5,0
8.758333333333333,999.729475316525,536.3463279772714,3.113783440289982,1,7,5,0
8.766666666666667,1000.1839086263088,535.3084833730207,3.1030362250194954,1,7,5,0
8.775,999.3299351575849,535.4605003574262,3.101993028620506,1,7,5,0
8.783333333333333,999.1899771068332,534.5816955733712,3.1091467556676706,1,7,5,0
8.791666666666666,999.4767856837323,533.6942698099723,3.0964308278564348,1,7,5,0
8.8,999.4578668554428,533.6472265100889,3.1152210857578932,1,7,5,0
8.808333333333334,999.3292449590481,533.7199279982267,3.101544209045712,1,7,5,0
8.816666666666666,999.3882354275208,534.5562430476219,3.059692381694069,1,7,5,0
8.825,999.8189933650092,534.9653602046842,3.1018022220163113,1,7,5,0
8.833333333333334,999.6232146783145,535.1419135776702,3.10083915598469,1,7,5,0
8.841666666666667,999.7897841407222,535.0904249289574,3.1166013097605347,1,7,5,0
8.85,999.9410103828353,535.2175659574328,3.1024306054306052,1,7,5,0
8.858333333333333,999.6919616908659,535.5694612490307,3.1006840355178795,1,7,5,0
8.866666666666667,999.7008307978901,535.3164281986113,3.1468825263194344,1,7,5,0
8.875,999.4486975093066,534.6633089188717,3.0930556214256177,1,7,5,0
8.883333333333333,999.7379811280493,534.9772113048609,3.0935563281095435,1,7,5,0
8.891666666666667,999.9242162635994,534.8709583818886,3.094957163212999,1,7,5,0
8.9,999.1042659825953,534.3057704686306,3.1119998406180556,1,7,5,0
8.908333333333333,998.4216751190828,533.636173099212,3.072451686778057,1,7,5,0
8.916666666666666,998.2039485904224,534.0346952505153,3.132686261959911,1,7,5,0
8.925,997.9966120108969,533.7837082928079,3.080893351822698,1,7,5,0
8.933333333333334,998.7836067230976,533.0050607758451,3.0869922108577,1,7,5,0
8.941666666666666,999.3800843009604,533.2486791865545,3.096198842522198,1,7,5,0
8.95,999.9949601961986,533.2094351335966,3.0782210078860675,1,7,5,0
8.958333333333334,999.2948892558157,533.4132971736817,3.095573143901196,1,7,5,0
8.966666666666667,998.9098289428161,532.9896088830874,3.11762426103785,1,7,5,0
8.975,998.3460088601172,533.4361407394641,3.1049133429624973,1,7,5,0
8.983333333333333,997.9517364589907,533.3392860381114,3.1004526110706903,1,7,5,0
8.991666666666667,998.1895866990824,532.0585173198065,3.1132081926601316,1,7,5,0
9.0,997.735541003738,531.7588657577725,3.1193606518280226,1,7,5,0
9.008333333333333,997.4049124579972,531.6381085105995,3.073657290210602,1,7,5,0
9.016666666666667,997.7870090921682,531.3501646181936,3.1021102948229236,1,7,5,0
9.025,997.1616662236456,531.1794168689663,3.132855404837215,1,7,5,0
9.033333333333333,996.3573803507966,530.5145906605826,3.1294986080731038,1,7,5,0
9.041666666666666,997.1999442241278,529.7386691879161,3.136726762523469,1,7,5,0
9.05,997.4779236187231,530.0513745586062,3.092128767345476,1,7,5,0
9.058333333333334,996.7105216771795,530.1058838911235,3.124350445741608,1,7,5,0
9.066666666666666,996.134712529544,530.4447239241686,3.1345029876954116,1,7,5,0
9.075,996.2425097376982,530.5989394261395,3.1262752778748686,1,7,5,0
9.083333333333334,995.9042797838778,531.1416878184846,3.1193845507810596,1,7,5,0
9.091666666666667,1029.8481396902837,542.6952383322297,3.1057400279728444,1,7,5,0
9.1,1029.439294807406,541.9206339259156,3.097310719583505,1,7,5,0
9.108333333333333,995.9520729809248,529.3139211574403,3.1032327456507645,1,7,5,0
9.116666666666667,996.1243467047786,528.4268288775468,3.108334096433409,1,7,5,0
9.125,995.9813810508373,528.7454056793744,3.1680493414377224,1,7,5,0
9.133333333333333,995.6470413248979,528.2561697251423,3.1473660550288223,1,7,5,0
9.141666666666667,995.839742568667,527.5860908624111,3.1045955122040994,1,7,5,0
9.15,995.3484059351463,528.8545149237345,3.110678698930918,1,7,5,0
9.158333333333333,995.490512117215,528.0977889209711,3.1292906988001934,1,7,5,0
9.166666666666666,996.0337497819093,528.2214258105257,3.1065978743243843,1,7,5,0
9.175,995.6456214498581,528.302497540727,3.125809071283641,1,7,5,0
9.183333333333334,995.2721605166554,528.5910207861497,3.1439195045957478,1,7,5,0
9.191666666666666,995.2384587597774,528.5428547830649,3.120316437468227,1,7,5,0
9.2,995.5191701360719,529.2074301348105,3.1077088463024274,1,7,5,0
9.208333333333334,995.0692213695322,528.8322605098859,3.118613067815925,1,7,5,0
9.216666666666667,995.6820102156242,528.4992625714362,3.088682347840382,1,7,5,0
9.225,995.5027345989985,527.3417511786434,3.0948134527956896,1,7,5,0
9.233333333333333,995.100231610806,527.6575698834073,3.1232890511037894,1,7,5,0
9.241666666666667,995.1250118714213,527.6209890593306,3.0764712419249927,1,7,5,0
9.25,995.986102676315,528.4229380874752,3.101134527154605,1,7,5,0
9.258333333333333,995.8862107738747,528.7964979635166,3.1287216291876674,1,7,5,0
9.266666666666667,996.1515136562218,528.5008956298657,3.121304151594008,1,7,5,0
9.275,996.1675195414505,529.2836008344543,3.118476920467184,1,7,5,0
9.283333333333333,997.6639648604922,529.2003326193599,3.123098601771372,1,7,5,0
9.291666666666666,998.4813792609532,529.9181832062183,3.0955946741342544,1,7,5,0
9.3,998.2419115779195,529.8242294605376,3.106614794438393,1,7,5,0
9.308333333333334,998.4672834895285,530.3012442282829,3.0729285027789826,1,7,5,0
9.316666666666666,998.7626382983517,530.326402778399,3.1253178663005574,1,7,5,0
9.325,998.7767531036333,530.0377482216015,3.14852649897469,1,7,5,0
9.333333333333334,997.8985004710136,530.2269367556296,3.1429432721993664,1,7,5,0
9.341666666666667,998.627076327434,531.0371842484344,3.1121057902276057,1,7,5,0
9.35,999.1771485605011,530.9695927564635,3.1243511216831634,1,7,5,0
9.358333333333333,999.4953611619932,531.3864446903114,3.1211014648566135,1,7,5,0
9.366666666666667,999.3354292070113,531.1584594333237,3.091887056552387,1,7,5,0
9.375,998.1173310463138,531.8148607749775,3.0974273891857074,1,7,5,0
9.383333333333333,998.8368236379914,530.7896023609351,3.1264270517991,1,7,5,0
9.391666666666667,998.0243434139984,530.7626377715958,3.1372424044061678,1,7,5,0
9.4,998.2946154532078,530.6864451507138,3.2017444180524475,1,7,5,0
9.408333333333333,998.9614972752493,531.0547103431618,3.113083747136378,1,7,5,0
9.416666666666666,998.6249324571904,531.3256091652046,3.1283115248747326,1,7,5,0
9.425,998.3077468021106,531.0740173470873,3.1565573373022793,1,7,5,0
9.433333333333334,997.810163238791,532.2322564727547,3.1433736948645365,1,7,5,0
9.441666666666666,997.5342755231685,532.6459285462947,3.1451506979470976,1,7,5,0
9.45,997.7723274379537,532.4416901805602,3.1598773677378986,1,7,5,0
9.458333333333334,998.654874227893,533.1733020897374,3.1462106486571315,1,7,5,0
9.466666666666667,998.8626658462217,533.1908582016652,3.1419733900572764,1,7,5,0
9.475,998.8180866273332,533.682651164615,3.121071093788253,1,7,5,0
9.483333333333333,998.8128253740397,533.1854199664957,3.12188168085508,1,7,5,0
9.491666666666667,998.1337832578132,532.334117421989,3.1535884136761307,1,7,5,0
9.5,998.1089381705588,532.2109708804663,3.1375513047294836,1,7,5,0
9.508333333333333,998.3682530862543,532.3961326530713,3.098914303561317,1,7,5,0
9.516666666666667,998.233460362474,531.7743874906139,3.1413974277206873,1,7,5,0
9.525,998.0104915695266,531.3344814956946,3.135593188658189,1,7,5,0
9.533333333333333,998.221715008317,531.6113151527295,3.1005423372567082,1,7,5,0
9.541666666666666,999.5695223234939,531.7420230755437,3.1374267973855288,1,7,5,0
9.55,999.447191335323,531.959069983686,3.151925291610775,1,7,5,0
9.558333333333334,1000.1620460962446,530.9641628246184,3.19003560489998,1,7,5,0
9.566666666666666,999.7698050918303,530.7432949595843,3.1151654850584922,1,7,5,0
9.575,998.7023074464843,530.6203670442438,3.1299086359299295,1,7,5,0
9.583333333333334,999.9942384618738,530.0422273124673,3.1263572387190797,1,7,5,0
9.591666666666667,999.9824302962016,530.1805553977573,3.1258801061038577,1,7,5,0
9.6,1033.2621621066899,476.54517030109434,3.1065447943024207,1,7,5,0
9.608333333333333,1033.4939484780507,476.1122179621375,3.14412281983273,1,7,5,0
9.616666666666667,1001.5071199126878,528.7742028250017,3.150554338341939,1,7,5,0
9.625,1001.7252993771963,527.5551779131455,3.162336501346785,1,7,5,0
9.633333333333333,1001.9699748781393,527.8189127988427,3.1759014381939075,1,7,5,0
9.641666666666667,1002.2325048549359,527.0182289727348,3.1519211999322243,1,7,5,0
9.65,1002.0370319670758,527.1769390212058,3.1838919595264903,1,7,5,0
9.658333333333333,1001.6517849466433,527.4409349255628,3.1540970661727616,1,7,5,0
9.666666666666666,1000.8296007998109,527.7482063190257,3.145754971206901,1,7,5,0
9.675,1000.8136993165468,527.6846120907211,3.168118174806675,1,7,5,0
9.683333333333334,999.8110515753608,527.2081380583458,3.200194122137212,1,7,5,0
9.691666666666666,1000.6049889188993,527.4673663170431,3.15934733659435,1,7,5,0
9.7,1000.9195584329476,527.3804865778043,3.1450142349920363,1,7,5,0
9.708333333333334,1000.8564717487299,526.7960583557798,3.184333673117007,1,7,5,0
9.716666666666667,1001.349856771308,526.7884607623755,3.1761160536111115,1,7,5,0
9.725,1001.4041557638952,526.2691896497962,3.158533570295825,1,7,5,0
9.733333333333333,1000.7385196151452,527.1389334293391,3.161836860464025,1,7,5,0
9.741666666666667,1001.3592719650725,526.5976702974536,3.1871410344399065,1,7,5,0
9.75,1001.2800932827137,526.8226392780297,3.1438138064968064,1,7,5,0
9.758333333333333,1000.7860288369149,527.2252381767776,3.1517688684791723,1,7,5,0
9.766666666666667,1000.8159021403724,526.8652010643498,3.137987150808201,1,7,5,0
9.775,1000.6083958522844,526.7252605538359,3.166237050079576,1,7,5,0
9.783333333333333,1001.120260807359,526.7991240080864,3.1764854420560904,1,7,5,0
9.791666666666666,1001.1490227553347,526.8978205902245,3.2022752455026,1,7,5,0
9.8,1001.5629159410763,526.7595020603146,3.1931620396482425,1,7,5,0
9.808333333333334,1001.014634121119,526.8260527106648,3.143796770014572,1,7,5,0
9.816666666666666,1001.034470097869,527.0814417332147,3.1932190729654204,1,7,5,0
9.825,1001.2270677448614,527.5612792468855,3.186907761851265,1,7,5,0
9.833333333333334,1002.5321885924844,527.9584697057295,3.1463459915881646,1,7,5,0
9.841666666666667,1002.4471117079498,527.4992088402655,3.1589379630874594,1,7,5,0
9.85,1002.0258159950492,527.5202061458446,3.202754494643301,1,7,5,0
9.858333333333333,1002.196796521702,527.612937259768,3.181216597974529,1,7,5,0
9.866666666666667,1001.5133376389144,527.7586467074631,3.1584157144147316,1,7,5,0
9.875,1002.0363286035092,528.5780446792702,3.1669978830720735,1,7,5,0
9.883333333333333,1002.5311167687462,528.255588270746,3.20862284080992,1,7,5,0
9.891666666666667,1001.9327438975525,528.9343392564978,3.174785932926453,1,7,5,0
9.9,1001.6336867348319,528.6815875639663,3.157496218838421,1,7,5,0
9.908333333333333,1001.394993668063,528.9768134816884,3.183034313947499,1,7,5,0
9.916666666666666,1002.3497875935814,529.0069972490759,3.2131870949986956,1,7,5,0
9.925,1002.5180192351562,529.5308807638664,3.1850898110779178,1,7,5,0
9.933333333333334,1002.1535462796209,528.9572622758733,3.1862380631453693,1,7,5,0
9.941666666666666,1001.8391633909492,528.4557093157579,3.1918563030415616,1,7,5,0
9.95,1001.6229803076833,527.7275863700327,3.212034586120469,1,7,5,0
9.958333333333334,1001.7556682678967,527.2097352706487,3.206577356462648,1,7,5,0
9.966666666666667,1001.286527373868,526.7503042050787,3.2158112826713654,1,7,5,0
9.975,1001.1291386898182,526.8131118394369,3.2411287873353287,1,7,5,0
9.983333333333333,1001.3594827833069,526.7741282296604,3.2213704372612524,1,7,5,0
9.991666666666667,1001.5273375189664,526.685827432914,3.2231583050104087,1,7,5,0
10.0,1001.3071114893945,527.1765118214952,3.170123326196914,1,7,5,0
10.008333333333333,1001.6952040518426,526.8559386393879,3.17237846423708,1,7,5,0
10.016666666666667,1001.3960224027942,526.9282478171223,3.1959008982547745,1,7,5,0
10.025,1000.4774341318431,527.3024800296689,3.1956934128910754,1,7,5,0
10.033333333333333,999.8400226738132,527.1584169075477,3.223180320949232,1,7,5,0
10.041666666666666,999.1458259152377,526.4744046199792,3.1941148614309696,1,7,5,0
10.05,999.6879364882191,525.9906228347984,3.2063538480144027,1,7,5,0
10.058333333333334,999.4161685924108,526.4022229366122,3.200919777093656,1,7,5,0
10.066666666666666,1000.0032625291178,524.9462520293476,3.238045723060469,1,7,5,0
10.075,1000.86049020062,524.8769459807248,3.2006882394466887,1,7,5,0
10.083333333333334,1001.0449540229858,524.7429844631001,3.2027564733509517,1,7,5,0
10.091666666666667,1001.8499041050278,525.3273350742711,3.217619505545846,1,7,5,0
10.1,1002.2293388689964,525.8619340674011,3.198124360946294,1,7,5,0
10.108333333333333,1002.0764490542191,525.8411432933966,3.2128807058080415,1,7,5,0
10.116666666666667,1001.7981699022554,525.3829576177794,3.2076206435628545,1,7,5,0
10.125,1001.9326864958466,525.5831640976029,3.24886047647144,1,7,5,0
10.133333333333333,1001.6876122910951,525.1297670708703,3.182007257286574,1,7,5,0
10.141666666666667,1001.7649409378739,525.4477631773008,3.206479111160451,1,7,5,0
10.15,1001.5529204598747,526.1251578107168,3.2653164707929325,1,7,5,0
10.158333333333333,1000.8936453247193,526.7563625141757,3.212491220554546,1,7,5,0
10.166666666666666,1000.4285368040925,526.5873142745913,3.183243808644249,1,7,5,0
10.175,1000.146000296944,527.077503253796,3.215164441855182,1,7,5,0
10.183333333333334,999.6065542351346,526.8215301505246,3.184059454091221,1,7,5,0
10.191666666666666,1000.4285201696214,526.6647815433467,3.2413257870671384,1,7,5,0
10.2,999.9645180499097,525.863537278321,3.2327642846738422,1,7,5,0
10.208333333333334,999.7713068684703,525.3344357116872,3.2236721578085437,1,7,5,0
10.216666666666667,1000.266918460718,526.0645823590326,3.239571773763675,1,7,5,0
10.225,1000.0214823362995,525.7111922154186,3.2350779751974965,1,7,5,0
10.233333333333333,1000.0529845751885,525.8927679002884,3.2427108429028104,1,7,5,0
10.241666666666667,1000.1767125906133,525.9046301623468,3.2525806459837674,1,7,5,0
10.25,999.7917123358457,526.5869333554958,3.214534678463794,1,7,5,0
10.258333333333333,998.7450927183413,526.6422685594356,3.2608781619753513,1,7,5,0
10.266666666666667,998.971270853191,525.9625317129734,3.2393850178148225,1,7,5,0
10.275,999.3649419351126,526.30708586953,3.215796192333192,1,7,5,0
10.283333333333333,998.8878684167578,526.5872589974978,3.252331728432714,1,7,5,0
10.291666666666666,,,,0,7,5,0
10.3,,,,0,7,5,0
10.308333333333334,,,,0,7,5,0
10.316666666666666,,,,0,7,5,0
10.325,,,,0,7,5,0
10.333333333333334,,,,0,7,5,0
10.341666666666667,,,,0,7,5,0
10.35,,,,0,7,5,0
10.358333333333333,,,,0,7,5,0
10.366666666666667,1001.3168301105483,526.9600042079581,3.2471463487840473,1,7,5,0
10.375,1001.1794630109601,527.380847256496,3.2116686836379302,1,7,5,0
10.383333333333333,1001.1173719879641,527.30092214323,3.2500896627907,1,7,5,0
10.391666666666667,1000.8934688684697,526.2204843290097,3.236329891245833,1,7,5,0
10.4,1000.7046671503077,526.7373873892963,3.2264033296867725,1,7,5,0
10.408333333333333,1001.0166780316357,526.3769553295189,3.2289447078685165,1,7,5,0
10.416666666666666,1000.9471624357856,525.6519795181713,3.2684138566961907,1,7,5,0
10.425,1000.3065014291384,526.0400978904684,3.254376484376238,1,7,5,0
10.433333333333334,1000.8116758878925,525.8182064904008,3.237505827044241,1,7,5,0
10.441666666666666,1001.4712068076881,525.9588694024523,3.2675828081866887,1,7,5,0
10.45,1001.1088406583606,526.0926443709066,3.2938514997999455,1,7,5,0
10.458333333333334,1000.732511192776,525.8254864425023,3.2676351102056076,1,7,5,0
10.466666666666667,1001.2482504273904,524.7731906031158,3.2727463588044583,1,7,5,0
10.475,1001.4484112016498,524.1544361179431,3.288283298569366,1,7,5,0
10.483333333333333,1002.0032328891643,524.4224543624573,3.2711502973325435,1,7,5,0
10.491666666666667,1002.5577751125705,523.9404229666443,3.2685021119556144,1,7,5,0
10.5,1002.0265353639691,524.8242874958485,3.222483632036658,1,7,5,0
10.508333333333333,1002.1313847422881,526.1366788243619,3.235659222034345,1,7,5,0
10.516666666666667,1002.2248810159446,526.7480344901612,3.2613771057665013,1,7,5,0
10.525,1002.2001767346806,527.035446505431,3.252598917761835,1,7,5,0
10.533333333333333,1002.5973836432212,527.0332948603261,3.263871334896809,1,7,5,0
10.541666666666666,1002.7528186896828,527.3011757327162,3.256131672780702,1,7,5,0
10.55,1002.3865467901979,527.4868610113775,3.253805538067536,1,7,5,0
10.558333333333334,1002.731612129652,526.4371199131442,3.265408235915716,1,7,5,0
10.566666666666666,1002.9453294981644,526.0129250449189,3.2369948622677587,1,7,5,0
10.575,1002.2853527985006,526.4155132000448,3.2699304226529295,1,7,5,0
10.583333333333334,1002.4215671437771,526.0557866329585,3.2184768372803236,1,7,5,0
10.591666666666667,1002.8777083669245,526.9001881845245,3.273461816302733,1,7,5,0
10.6,1003.0108718670828,527.5796009048707,3.262314012125521,1,7,5,0
10.608333333333333,1002.871795854896,527.2104670082792,3.2645674960623987,1,7,5,0
10.616666666666667,1002.3686229015786,527.1677945863078,3.2850127092375634,1,7,5,0
10.625,1001.8623741600982,526.5048439136102,3.285866797959079,1,7,5,0
10.633333333333333,1001.7394200965606,526.2239433374327,3.256207274382883,1,7,5,0
10.641666666666667,1002.2644211440531,525.9154155677819,3.2814099806133514,1,7,5,0
10.65,1002.4981496234021,525.7658125417043,3.237391082939658,1,7,5,0
10.658333333333333,1002.4533398974705,525.828912828367,3.254023861933378,1,7,5,0
10.666666666666666,1002.3658562177197,526.2998709948891,3.2712333153104503,1,7,5,0
10.675,1002.535370979441,527.1276659253812,3.2587905770490675,1,7,5,0
10.683333333333334,1002.8059309134561,527.2659843814611,3.27842500330015,1,7,5,0
10.691666666666666,1003.2082588763456,527.5639005067922,3.3148163109643547,1,7,5,0
10.7,1002.6707620135361,526.9238377616134,3.2594760986250537,1,7,5,0
10.708333333333334,1002.8308900664643,526.5103721816017,3.2924517935894047,1,7,5,0
10.716666666666667,1003.7039142283297,526.9810323528945,3.2518438875186897,1,7,5,0
10.725,1003.8608615278513,526.642953733634,3.2744694792218465,1,7,5,0
10.733333333333333,1003.5129701313477,527.2628667819675,3.2711556946557234,1,7,5,0
10.741666666666667,1003.8394053060091,528.1673385511333,3.2902453135562153,1,7,5,0
10.75,1079.464436120463,339.71668639666274,3.2705000489356433,1,7,5,0
10.758333333333333,1080.5166944273399,339.3907139153643,3.31204452968048,1,7,5,0
10.766666666666667,1005.4092893822736,527.8894413203735,3.2925480655911747,1,7,5,0
10.775,1005.032304633513,527.3249171026059,3.2516443931365164,1,7,5,0
10.783333333333333,1004.9515770699456,528.0377908107421,3.2860842416754883,1,7,5,0
10.791666666666666,1004.9918207585545,527.9670188070439,3.268173796736471,1,7,5,0
10.8,1005.1620504314992,528.8747771702473,3.300913580268424,1,7,5,0
10.808333333333334,1004.1201519096977,529.0686635291127,3.277504696373617,1,7,5,0
10.816666666666666,1003.9833261802294,529.5595586160617,3.2932315953658393,1,7,5,0
10.825,1004.2200178676231,530.4005866813651,3.300395100531417,1,7,5,0
10.833333333333334,1004.3130996152065,530.9104421811087,3.238988935297767,1,7,5,0
10.841666666666667,1004.0971528670065,531.3348968616964,3.323773267161906,1,7,5,0
10.85,1003.2393520433415,531.596152436283,3.302478007918525,1,7,5,0
10.858333333333333,1002.9735713091105,531.2172329689503,3.2967435164233385,1,7,5,0
10.866666666666667,1003.0447129389064,531.4409704648778,3.29939434590706,1,7,5,0
10.875,1003.7527587990645,531.4976545670064,3.2742442274604286,1,7,5,0
10.883333333333333,1003.7636275687644,532.0409731828213,3.2855442608180154,1,7,5,0
10.891666666666667,1004.5476973153116,532.6109633946136,3.312328524445137,1,7,5,0
10.9,1004.7014003313378,532.0780841484784,3.282182782433763,1,7,5,0
10.908333333333333,1003.4713856479908,531.1447748449579,3.295955089348663,1,7,5,0
10.916666666666666,1003.235840102351,531.686620065202,3.279885303471372,1,7,5,0
10.925,1003.6783015425515,531.5938507946807,3.2851626410780232,1,7,5,0
10.933333333333334,1003.9014102995513,532.1636294126345,3.2660128247997724,1,7,5,0
10.941666666666666,1003.7994223819155,532.2024875191668,3.295202768620677,1,7,5,0
10.95,1002.5642423882917,531.8756452333496,3.294951533202961,1,7,5,0
10.958333333333334,1002.9375266950301,530.9469730374784,3.2820239840564174,1,7,5,0
10.966666666666667,1003.2350562037288,531.9226639244692,3.327165163359678,1,7,5,0
10.975,1003.6105881051253,531.8931233716991,3.2828958408734397,1,7,5,0
10.983333333333333,1002.750421940967,531.419888607889,3.2933912143854416,1,7,5,0
10.991666666666667,1003.5098227804724,531.209416857322,3.320561576146473,1,7,5,0
11.0,1003.7890589531897,531.0539197820901,3.2988997263028783,1,7,5,0
11.008333333333333,1003.9835695150549,531.0962051004097,3.304283404151151,1,7,5,0
11.016666666666667,1004.3127243569711,530.515367465552,3.317032573443463,1,7,5,0
11.025,1003.6041081902163,529.9705936299484,3.278469324656388,1,7,5,0
11.033333333333333,1003.1492438315912,529.6531124616807,3.2639250829995046,1,7,5,0
11.041666666666666,1003.3844416085275,529.5329332260337,3.306819685449535,1,7,5,0
11.05,1002.5526415815581,529.9972749993606,3.3222518913089325,1,7,5,0
11.058333333333334,1003.0495480253974,529.6441498079259,3.2561538910506616,1,7,5,0
11.066666666666666,1002.6459200957984,530.8795167337006,3.3060052084259235,1,7,5,0
11.075,1002.8000525080811,530.6825427695502,3.2941472822745066,1,7,5,0
11.083333333333334,1003.5390259674414,531.321404074464,3.3254415633931043,1,7,5,0
11.091666666666667,1003.301110278504,531.5779720159742,3.319852836549555,1,7,5,0
11.1,1004.7566578184296,531.3503263390523,3.324206890111346,1,7,5,0
11.108333333333333,1004.8553054824247,530.9119050186949,3.299780523946146,1,7,5,0
11.116666666666667,1004.6750493952587,530.9710756908123,3.3138575864303195,1,7,5,0
11.125,1004.7610829698486,530.9359216120404,3.334693137240525,1,7,5,0
11.133333333333333,1004.2976207778289,531.3825532655231,3.2776943679618027,1,7,5,0
11.141666666666667,1003.5084932567754,530.8080650418781,3.286263366247269,1,7,5,0
11.15,1003.8585316359225,530.3546006665918,3.293147413487373,1,7,5,0
11.158333333333333,1003.7270154713524,529.8428835722125,3.3221439914868,1,7,5,0
11.166666666666666,1003.7618030016307,530.1079808160437,3.312623325090321,1,7,5,0
11.175,1003.9798454195618,529.5922014428161,3.3449210873369313,1,7,5,0
11.183333333333334,1004.4178240090372,530.2797536328437,3.307852344015164,1,7,5,0
11.191666666666666,1004.5716280167179,530.3995312748218,3.3340949593721625,1,7,5,0
11.2,1004.3987260837163,530.7775974669471,3.322199383947925,1,7,5,0
11.208333333333334,1004.4977153962078,531.1004392898683,3.3215550147927924,1,7,5,0
11.216666666666667,1004.078442767623,530.7564307934501,3.318635112505461,1,7,5,0
11.225,1003.7329128511861,530.421042098811,3.3487948050067495,1,7,5,0
11.233333333333333,1002.0292081681062,656.3342417206158,3.3302862029784532,1,7,5,0
11.241666666666667,1002.1663563330986,656.6679600770844,3.3524502844440534,1,7,5,0
11.25,1005.0831441147766,532.0288220848121,3.322800790923117,1,7,5,0
11.258333333333333,1005.4463241444823,532.2523956307754,3.332552979432025,1,7,5,0
11.266666666666667,1004.6838233452719,531.6217045879754,3.3386504996901576,1,7,5,0
11.275,1004.5779080348045,531.910177080399,3.3093489075737343,1,7,5,0
11.283333333333333,1004.7199478757882,532.1391792842592,3.3219273964471996,1,7,5,0
11.291666666666666,1005.1770064686941,532.5328115387169,3.328813530071583,1,7,5,0
11.3,1005.2570229062645,533.082862917086,3.3448450354206956,1,7,5,0
11.308333333333334,1004.8309274800739,532.4513622214329,3.345335506554514,1,7,5,0
11.316666666666666,1004.3703118821144,531.5352540899306,3.327822312474538,1,7,5,0
11.325,1005.2661237858019,530.7745746492036,3.353367999673721,1,7,5,0
11.333333333333334,1004.3757432433324,531.2953502809968,3.346075222892044,1,7,5,0
11.341666666666667,1004.8454714740565,531.2123628571991,3.335762474952513,1,7,5,0
11.35,1004.9895837275718,530.8428573938185,3.3465944424982426,1,7,5,0
11.358333333333333,1005.0995605461671,531.2665703962405,3.36057438347358,1,7,5,0
11.366666666666667,1005.014979951296,531.3547161866663,3.341860912250704,1,7,5,0
11.375,1004.8053867740975,531.1705826367221,3.3400576144452536,1,7,5,0
11.383333333333333,1004.6693957577659,531.8098293091442,3.333734473885846,1,7,5,0
11.391666666666667,1004.3273494070644,531.6654640845227,3.3305447362844824,1,7,5,0
11.4,1003.6977138559557,531.3944737241799,3.334142451368165,1,7,5,0
11.408333333333333,1003.4646235666172,531.5234498515196,3.3558009050203097,1,7,5,0
11.416666666666666,1003.1940764519004,531.5518216156814,3.3624506844795494,1,7,5,0
11.425,1002.2159111321141,531.2668570257348,3.358393127969481,1,7,5,0
11.433333333333334,1002.9590845677194,530.8714491793415,3.3337083811224972,1,7,5,0
11.441666666666666,1002.8630603185342,531.2521935610417,3.361905806709258,1,7,5,0
11.45,1003.415337500882,531.6414752464707,3.336607380139771,1,7,5,0
11.458333333333334,1003.5575844920832,531.055574290244,3.3449539672854387,1,7,5,0
11.466666666666667,1002.9602694922445,531.3797029047258,3.31085786527708,1,7,5,0
11.475,1002.9183216836536,531.3472160941959,3.327882609319229,1,7,5,0
11.483333333333333,1002.2457984850527,530.8684062303756,3.3247899657145426,1,7,5,0
11.491666666666667,1002.565964663052,531.8140108558847,3.2962832182224413,1,7,5,0
11.5,1002.2578813480283,532.1084197761943,3.304742306577312,1,7,5,0
11.508333333333333,1002.6158047328446,532.4038463145793,3.340997015914736,1,7,5,0
11.516666666666667,1002.474000246066,532.2526630274627,3.34910883612526,1,7,5,0
11.525,1002.587639674486,533.4669334062811,3.320071126278761,1,7,5,0
11.533333333333333,1001.8854640577666,533.5661810358919,3.3111510119448497,1,7,5,0
11.541666666666666,1002.1218154792068,533.3866912115731,3.3431843297699992,1,7,5,0
11.55,1002.4330429961162,533.3836067666779,3.317502993234344,1,7,5,0
11.558333333333334,1001.6031958763325,532.9231805143345,3.292937913663984,1,7,5,0
11.566666666666666,1001.3063642427289,533.5519956128638,3.268081015772683,1,7,5,0
11.575,1000.3408250305291,533.2278001891985,3.3270269484736175,1,7,5,0
11.583333333333334,1000.7934803637219,532.6981178951713,3.3091846121018826,1,7,5,0
11.591666666666667,1000.8896096071371,533.3898134911378,3.2855178383820722,1,7,5,0
11.6,1001.0201258709329,533.9549484663189,3.2580238227291716,1,7,5,0
11.608333333333333,1000.4618047061406,534.5929376633936,3.2980398863935094,1,7,5,0
11.616666666666667,1000.4712937466685,534.2438403240798,3.2914298882000663,1,7,5,0
11.625,1000.2961596330347,534.4640151962161,3.3068439640675384,1,7,5,0
11.633333333333333,1000.3144259870675,535.0074595336877,3.273744923631164,1,7,5,0
11.641666666666667,1001.0656502908337,535.173357775531,3.284520547404628,1,7,5,0
11.65,1001.4776369518232,535.4164926403739,3.2801091324157827,1,7,5,0
11.658333333333333,1001.7918277824639,535.5336615738324,3.3104841972726033,1,7,5,0
11.666666666666666,1001.4582275337002,534.1847240325981,3.3194990576160675,1,7,5,0
11.675,1001.5723035391455,534.0819239737428,3.2743839140950977,1,7,5,0
11.683333333333334,1001.3127653715958,534.0779414787122,3.287662760039116,1,7,5,0
11.691666666666666,1001.8326879782372,534.4135190433518,3.267171834473788,1,7,5,0
11.7,1000.3019114883839,534.7364933644693,3.282130054050879,1,7,5,0
11.708333333333334,1000.0035070845878,534.1726028538387,3.2764555091391507,1,7,5,0
11.716666666666667,999.8453104087697,533.6064320942045,3.3010929047332533,1,7,5,0
11.725,1000.1901186857086,534.3092770582034,3.2862940323011522,1,7,5,0
11.733333333333333,1000.1655636459652,534.583228398357,3.2653496237256987,1,7,5,0
11.741666666666667,1000.4150909168372,534.1585834641942,3.257710449604067,1,7,5,0
11.75,1000.835206886545,534.0123141748862,3.2830932801783397,1,7,5,0
11.758333333333333,1000.8043428931385,534.130987677306,3.290771355311634,1,7,5,0
11.766666666666667,1001.4015412888023,534.5509634209875,3.2708327680194773,1,7,5,0
11.775,1001.843017497783,534.4281271067392,3.285113481953029,1,7,5,0
11.783333333333333,1001.1668501427237,533.9849608037165,3.284653889677346,1,7,5,0
11.791666666666666,1001.1677152784877,534.1824076805958,3.2978187827551415,1,7,5,0
11.8,1000.8390277781767,533.7191383348785,3.2720547189015474,1,7,5,0
11.808333333333334,1000.8216853838264,534.354888538889,3.274856937960195,1,7,5,0
11.816666666666666,1000.7798739367927,534.7908866488949,3.2784573202841543,1,7,5,0
11.825,1000.7092620383504,533.8804130777205,3.2750706666660334,1,7,5,0
11.833333333333334,1000.5535628628834,533.8295056356901,3.2763975855774983,1,7,5,0
11.841666666666667,999.7507112952727,533.8884946186997,3.2643956640070853,1,7,5,0
11.85,999.5790458604548,532.8273738642293,3.264973271265685,1,7,5,0
11.858333333333333,1000.5780200130292,532.5122788978113,3.2692234321780123,1,7,5,0
11.866666666666667,1000.5502462192572,531.9696196841124,3.2688513081913957,1,7,5,0
11.875,1000.9605424096925,532.8281233276322,3.261027629460748,1,7,5,0
11.883333333333333,1000.8770275929578,532.692204320029,3.266640613329026,1,7,5,0
11.891666666666667,999.95695340721,533.2967562519983,3.291060272491624,1,7,5,0
11.9,999.838488589173,533.6043231474031,3.2495800531724077,1,7,5,0
11.908333333333333,1000.2621590050576,533.8479781439728,3.2758917477131506,1,7,5,0
11.916666666666666,1000.0883510442076,533.9940650088646,3.2731361605706235,1,7,5,0
11.925,1000.7898740506844,533.637492532354,3.2842251043560355,1,7,5,0
11.933333333333334,1000.6091397675103,533.8146247426731,3.260668508951295,1,7,5,0
11.941666666666666,1000.4002678667842,533.7751738254447,3.2388710626624233,1,7,5,0
11.95,1000.682131504454,533.2865299784628,3.271687764146604,1,7,5,0
11.958333333333334,1000.7402435974625,532.9541944069442,3.272798783278384,1,7,5,0
11.966666666666667,1000.8909885280628,533.4509510421412,3.292421347216824,1,7,5,0
11.975,1001.3442994293807,533.7089045843468,3.2706914656454247,1,7,5,0
11.983333333333333,1001.2986535340584,533.1991968909056,3.2802043129401417,1,7,5,0
11.991666666666667,1001.1636731383169,533.3769922636291,3.2703172431541128,1,7,5,0
12.0,1002.0416405459754,533.2774103781061,3.293031037762726,1,7,5,0
12.008333333333333,1001.8866717933354,533.2776882272676,3.232524236040681,1,7,5,0
12.016666666666667,1002.457564922764,533.5235784242673,3.285990654812476,1,7,5,0
12.025,1002.4414090449696,533.8023944777966,3.292539469131539,1,7,5,0
12.033333333333333,1002.0552860022806,534.074316486115,3.268841224388012,1,7,5,0
12.041666666666666,1002.3940743215012,534.2719297297282,3.249437028545591,1,7,5,0
12.05,1002.1074479381429,534.3051679881833,3.2674845941985358,1,7,5,0
12.058333333333334,1002.0900107824925,533.6644160177673,3.270251275160972,1,7,5,0
12.066666666666666,1001.2248241102466,533.0636712455401,3.2563574402600923,1,7,5,0
12.075,1000.4875616962488,532.4295856831654,3.249102495941909,1,7,5,0
12.083333333333334,1000.0830389383809,532.3592892027184,3.2454386954041974,1,7,5,0
12.091666666666667,999.5641940107886,532.2477635450857,3.272324124957851,1,7,5,0
12.1,1000.198870382283,532.6118211495265,3.235844736322833,1,7,5,0
12.108333333333333,1000.1687503198276,532.8741196793363,3.2994094088431263,1,7,5,0
12.116666666666667,1000.249494140238,532.835742352261,3.2955383712141617,1,7,5,0
12.125,999.390732113391,533.1843340437952,3.273201122692138,1,7,5,0
12.133333333333333,999.4696298987672,532.9563096802864,3.271772172465773,1,7,5,0
12.141666666666667,1000.0285018531222,532.7541165858313,3.2135339559917044,1,7,5,0
12.15,999.8960386572892,532.474922878771,3.2264848944298494,1,7,5,0
12.158333333333333,999.2332217193856,532.2943460937632,3.214280234653776,1,7,5,0
12.166666666666666,999.4960309021524,532.4765862827993,3.2356392465159467,1,7,5,0
12.175,999.1803181060368,532.2218893885068,3.2380559386908185,1,7,5,0
12.183333333333334,999.125868730856,531.7467972372899,3.231602942509273,1,7,5,0
12.191666666666666,998.4034979796157,531.7101158555425,3.238980025498624,1,7,5,0
12.2,998.6361332841517,531.7404359152895,3.197051737540412,1,7,5,0
12.208333333333334,999.0396605673942,531.7463741940801,3.2277021898706644,1,7,5,0
12.216666666666667,999.424207784268,531.6083730374195,3.2297106589880484,1,7,5,0
12.225,999.8096219263514,533.0039862107936,3.224363201735866,1,7,5,0
12.233333333333333,1000.0515264409851,532.9629512444221,3.2596738443909303,1,7,5,0
12.241666666666667,1000.5381509764198,532.8647476338502,3.2459773325623646,1,7,5,0
12.25,1000.2187893632045,532.903671415791,3.225269324782449,1,7,5,0
12.258333333333333,1000.5028853313478,532.9147198660557,3.231321850652004,1,7,5,0
12.266666666666667,1000.1606809371283,532.601076760579,3.2204948758009038,1,7,5,0
12.275,1000.1070761873914,532.5850090841889,3.234638420872653,1,7,5,0
12.283333333333333,1000.3193910725402,531.5960373145714,3.2311819196078924,1,7,5,0
12.291666666666666,1001.128760087043,532.2775865403255,3.2570320525130634,1,7,5,0
12.3,1000.9541043557022,532.810007771256,3.2103109611384713,1,7,5,0
12.308333333333334,1000.3624795837871,532.3876338918731,3.2455299572895564,1,7,5,0
12.316666666666666,1000.561850461762,532.7001931298239,3.200186273693685,1,7,5,0
12.325,1000.5184592561324,532.8157102829786,3.2203464262641575,1,7,5,0
12.333333333333334,999.9982662142446,532.9619331331214,3.2107559078948475,1,7,5,0
12.341666666666667,999.7327741767799,533.1450575063814,3.2426843273794854,1,7,5,0
12.35,999.5168988757282,533.0903608111222,3.2150911554891977,1,7,5,0
12.358333333333333,846.044586329665,433.40050390474266,3.220838860170931,1,7,5,0
12.366666666666667,845.8054784332728,433.65495122561674,3.2381707360720546,1,7,5,0
12.375,998.6947383605376,534.3953742736047,3.2267020805405235,1,7,5,0
12.383333333333333,999.0338887870299,534.8858306438698,3.21835091775665,1,7,5,0
12.391666666666667,999.262923215477,534.8903101315561,3.1935568724958583,1,7,5,0
12.4,997.8559881432118,534.7408492268765,3.2544823065675477,1,7,5,0
12.408333333333333,997.6849030139041,534.4218466771255,3.1918981565145472,1,7,5,0
12.416666666666666,998.1506842771732,535.3137644408905,3.206996024839711,1,7,5,0
12.425,998.243798189687,535.4094389914329,3.2272490798138667,1,7,5,0
12.433333333333334,997.5517275085922,534.8191384301854,3.1577314291290186,1,7,5,0
12.441666666666666,998.1164570992396,535.1449429529171,3.2226979393307955,1,7,5,0
12.45,1481.799300249447,543.7079150995417,3.1605749577001645,1,7,5,0
12.458333333333334,1481.8748943034584,544.0858414119655,3.2009298413727953,1,7,5,0
12.466666666666667,999.4595203490591,535.3094539961439,3.238789007191836,1,7,5,0
12.475,999.9249511068662,534.7663259338617,3.2021471684098994,1,7,5,0
12.483333333333333,999.951963026502,535.1396583627959,3.179866942726368,1,7,5,0
12.491666666666667,1000.809305697541,533.9075683912996,3.2154586554783773,1,7,5,0
12.5,949.995386699623,194.47766869518165,3.1818343305394037,1,7,5,0
12.508333333333333,950.1447181735144,194.67449395451814,3.189087105920389,1,7,5,0
12.516666666666667,1000.5615368094667,533.8274030250915,3.223533429182801,1,7,5,0
12.525,1000.0715283258666,533.8835407340608,3.2038645794178406,1,7,5,0
12.533333333333333,1000.6356524683654,533.8015459180858,3.1818313724340763,1,7,5,0
12.541666666666666,1001.5645831000005,533.951725426136,3.205008878552224,1,7,5,0
12.55,1001.4607513543517,534.2374232697778,3.2181073055358387,1,7,5,0
12.558333333333334,1001.2041339544879,533.5201312544852,3.2013027151510483,1,7,5,0
12.566666666666666,1001.9001714654034,533.7753091827129,3.1795353444514567,1,7,5,0
12.575,1002.2450778522169,534.3651287633795,3.209069470941995,1,7,5,0
12.583333333333334,1002.5152156306505,533.8180634385739,3.172447783189631,1,7,5,0
12.591666666666667,1002.9431560419553,534.0527211973957,3.209903623936143,1,7,5,0
12.6,1003.7485749166542,534.5249390033084,3.1941705122102415,1,7,5,0
12.608333333333333,1004.2044308099461,533.7641428863978,3.188247283869674,1,7,5,0
12.616666666666667,1004.1214938188111,533.5710112046183,3.157862214138518,1,7,5,0
12.625,1004.5849320413154,533.4794358849855,3.1946658379087856,1,7,5,0
12.633333333333333,1003.7929150053498,533.6148281777664,3.1879770104284146,1,7,5,0
12.641666666666667,1004.0944708066937,534.0397718519744,3.210301144688892,1,7,5,0
12.65,1004.3586157039532,533.9120151536852,3.1885136868205533,1,7,5,0
12.658333333333333,1003.9697971694837,534.3856102716912,3.1786333863887988,1,7,5,0
12.666666666666666,1003.762986810495,534.0967491201841,3.1519690079505303,1,7,5,0
12.675,1003.5833804410083,535.1055623800477,3.208693717417069,1,7,5,0
12.683333333333334,1002.5468803050525,535.620241082043,3.200125289383026,1,7,5,0
12.691666666666666,1001.7549101428011,535.3030586076707,3.184367609360346,1,7,5,0
12.7,1001.5872511479009,535.8788533469365,3.1829816046591346,1,7,5,0
12.708333333333334,1001.4797880900447,535.7742878008427,3.163621334242076,1,7,5,0
12.716666666666667,1001.4533711776654,535.504753899797,3.1947707743420155,1,7,5,0
12.725,1000.8378286072963,535.3965052924292,3.1679039720804063,1,7,5,0
12.733333333333333,1000.8859680158216,536.1288365605697,3.161978658556404,1,7,5,0
12.741666666666667,1000.365530763671,536.5793753974818,3.1932173031722035,1,7,5,0
12.75,1000.4457559705468,536.7281340315175,3.143978686860761,1,7,5,0
12.758333333333333,999.5732534994328,537.2620955079235,3.1720529037016885,1,7,5,0
12.766666666666667,999.7395683944015,537.5440979658505,3.1805905150413945,1,7,5,0
12.775,1000.3849162066466,537.2462445458775,3.150928997122284,1,7,5,0
12.783333333333333,1000.7927915598641,536.8487385910266,3.1816103104907203,1,7,5,0
12.791666666666666,1000.6678076924876,536.0482081756785,3.128974457612466,1,7,5,0
12.8,1000.5704747138643,536.5962691869323,3.145327064663406,1,7,5,0
12.808333333333334,1000.7447200492293,536.7122286734915,3.153734613559615,1,7,5,0
12.816666666666666,999.9112384429194,536.4971992162358,3.2022513383395013,1,7,5,0
12.825,999.4236283293742,536.5137907317569,3.174312548708257,1,7,5,0
12.833333333333334,1000.3313620002582,536.9382812174624,3.160610013576415,1,7,5,0
12.841666666666667,1000.1598382603963,536.7188722300999,3.1242240300970536,1,7,5,0
12.85,1000.6341826441926,536.9230451896001,3.185682855539283,1,7,5,0
12.858333333333333,1000.90600073759,536.6535191298819,3.14743214988419,1,7,5,0
12.866666666666667,1000.2882911234659,535.3902474629559,3.1417747849663007,1,7,5,0
12.875,999.9812815983167,535.3172751879612,3.1723479967852914,1,7,5,0
12.883333333333333,999.7720573270728,535.1072795124117,3.1404261841411483,1,7,5,0
12.891666666666667,999.4486754088609,534.9277994735697,3.1869586033347215,1,7,5,0
12.9,999.5976237240604,534.4388099859922,3.1134663258640094,1,7,5,0
12.908333333333333,999.6387532638154,533.488634674565,3.1607237337389096,1,7,5,0
12.916666666666666,999.6530105757292,534.1577046878003,3.1467781240184713,1,7,5,0
12.925,1000.1487533602126,534.6081335812659,3.16516844164092,1,7,5,0
12.933333333333334,999.8040980042047,535.509809885333,3.164725292286975,1,7,5,0
12.941666666666666,999.6009752622966,536.326272323455,3.1711361774999203,1,7,5,0
12.95,999.3887424849938,537.1530454013947,3.15628683164498,1,7,5,0
12.958333333333334,999.8145859269997,537.3404666746632,3.1425903561752593,1,7,5,0
12.966666666666667,1000.0093077017899,536.7694185655855,3.1447618485617537,1,7,5,0
12.975,999.903245839817,537.6247206759502,3.1510490282779324,1,7,5,0
12.983333333333333,1000.5845166321777,537.5077620073542,3.134572877727074,1,7,5,0
12.991666666666667,1000.7013095155133,537.4915496031649,3.1034434665890585,1,7,5,0
13.0,1000.4705014342039,536.793022579039,3.132137690473456,1,7,5,0
13.008333333333333,999.9537951180091,537.3644968906132,3.131486638599167,1,7,5,0
13.016666666666667,999.0995185001096,537.0642566793096,3.147034980312964,1,7,5,0
13.025,999.5550004791053,537.5162518824914,3.150726654813914,1,7,5,0
13.033333333333333,999.6068361288937,538.234494428229,3.133255677002805,1,7,5,0
13.041666666666666,999.7211895529241,538.0461140625508,3.154571725873687,1,7,5,0
13.05,999.6609158324312,538.4730198092299,3.127024004792755,1,7,5,0
13.058333333333334,999.8175457379048,538.7691127558028,3.1210700689700275,1,7,5,0
13.066666666666666,1000.3202456793846,538.8859885570045,3.136645174828507,1,7,5,0
13.075,999.3121155199552,539.0814512612756,3.1404658857279277,1,7,5,0
13.083333333333334,999.9133987478415,538.7107232993712,3.1552795958309305,1,7,5,0
13.091666666666667,999.2631596779412,538.0888737859999,3.1194650920442792,1,7,5,0
13.1,998.629967435521,537.7047617194548,3.131694994424467,1,7,5,0
13.108333333333333,999.1360893700668,538.2301131297696,3.141861966552795,1,7,5,0
13.116666666666667,998.1872495879235,538.3526099989411,3.1386564519000055,1,7,5,0
13.125,998.8128830629308,538.8085771892386,3.0984265476416297,1,7,5,0
13.133333333333333,998.3672717480596,539.2167098608691,3.152851491068413,1,7,5,0
13.141666666666667,997.9717783206962,538.4333270126086,3.1134101082241457,1,7,5,0
13.15,998.2079682666215,537.422096701801,3.1109379325861366,1,7,5,0
13.158333333333333,998.9193759618465,536.984758083032,3.110325703015461,1,7,5,0
13.166666666666666,997.5262490738821,536.7875486231237,3.136672577520308,1,7,5,0
13.175,997.0992130724144,535.5105382955139,3.102001953257113,1,7,5,0
13.183333333333334,996.5050595220039,535.1534394606987,3.1583199850200834,1,7,5,0
13.191666666666666,996.4115585820817,535.0151089012626,3.102397883966735,1,7,5,0
13.2,996.7562479894384,534.8293089102058,3.089986161969314,1,7,5,0
13.208333333333334,996.9196858158901,533.9375227602162,3.128916629216878,1,7,5,0
13.216666666666667,996.5553449456895,533.2658775611421,3.101115406172155,1,7,5,0
13.225,996.621649614632,533.0791582483776,3.1643869727562084,1,7,5,0
13.233333333333333,996.5685111565037,533.4033365613743,3.1135149036797056,1,7,5,0
13.241666666666667,996.1878049076198,532.6758627790962,3.0856322824040605,1,7,5,0
13.25,996.0463907199085,532.4984133730323,3.114134127504692,1,7,5,0
13.258333333333333,996.001851586659,531.7345977985934,3.1457402629710605,1,7,5,0
13.266666666666667,996.9792427975522,531.608189074244,3.133274789081463,1,7,5,0
13.275,996.6798395122522,531.4452607691563,3.108960859273247,1,7,5,0
13.283333333333333,997.273676886939,531.7349468455429,3.100764824154794,1,7,5,0
13.291666666666666,997.5423200413964,531.3589957450823,3.1140470400022826,1,7,5,0
13.3,997.9578159266154,531.3079539613973,3.1199127183886635,1,7,5,0
13.308333333333334,997.984066656297,531.0102210874786,3.1154114458507163,1,7,5,0
13.316666666666666,997.4290419517483,531.0445112081605,3.063318480821202,1,7,5,0
13.325,996.9744237579719,530.7056895819237,3.1125460666879476,1,7,5,0
13.333333333333334,997.4458573891118,531.3179641708585,3.1135415720558646,1,7,5,0
13.341666666666667,997.4835754095074,530.775417997225,3.1267411805972976,1,7,5,0
13.35,997.974277154594,530.6088369166145,3.124992079698636,1,7,5,0
13.358333333333333,997.8394576124851,530.0729831112761,3.1492658460907106,1,7,5,0
13.366666666666667,998.5270241097624,530.52170848804,3.1463333767552517,1,7,5,0
13.375,999.2835768526429,530.034462771602,3.1125456703787524,1,7,5,0
13.383333333333333,998.8770932482204,530.5203859674093,3.0965112564863055,1,7,5,0
13.391666666666667,998.6845222417271,530.8587942975028,3.0932651026573517,1,7,5,0
13.4,998.3978819570092,530.5762966809037,3.140448037365403,1,7,5,0
13.408333333333333,997.9108951223681,530.2733290810289,3.1017797746181346,1,7,5,0
13.416666666666666,997.4948834325915,530.0756814366365,3.0996996784228594,1,7,5,0
13.425,998.1198197887063,529.9322565948178,3.0669054088032355,1,7,5,0
13.433333333333334,997.9923018521142,530.0968653952142,3.1045366930881926,1,7,5,0
13.441666666666666,998.0297426258307,529.4009872008853,3.079974115800452,1,7,5,0
13.45,997.5836663199648,528.6073936147513,3.1113063360136084,1,7,5,0
13.458333333333334,996.834288714386,528.1823790336509,3.0690841695668674,1,7,5,0
13.466666666666667,997.4659004910866,527.6467826150996,3.0867791706026613,1,7,5,0
13.475,997.5063699660178,528.287948346867,3.143261335568227,1,7,5,0
13.483333333333333,997.1817727836121,528.2788721781961,3.136415535290582,1,7,5,0
13.491666666666667,997.1495567845574,527.9283676551697,3.119688970926295,1,7,5,0
13.5,997.8925503425022,528.0030168419643,3.0968042437208965,1,7,5,0
13.508333333333333,997.8222536769418,527.86892174821,3.0816165012023835,1,7,5,0
13.516666666666667,997.3875752501207,527.134021941019,3.0923672634744106,1,7,5,0
13.525,997.4117490972237,526.8254704231459,3.0990123602518507,1,7,5,0
13.533333333333333,996.6019956559645,527.3334222171043,3.0823890434238894,1,7,5,0
13.541666666666666,996.8122935966871,527.4291243914099,3.124749467237367,1,7,5,0
13.55,997.0695379951165,527.2961004217957,3.0910946248737186,1,7,5,0
13.558333333333334,997.2889677226673,526.944140673058,3.0950499659625117,1,7,5,0
13.566666666666666,996.9600580229237,526.614559654903,3.084880050461027,1,7,5,0
13.575,997.6248136678089,525.8023438422933,3.131504745608228,1,7,5,0
13.583333333333334,996.8116343418977,525.1018083417961,3.1329699380424425,1,7,5,0
13.591666666666667,996.5554437628673,525.1275396663442,3.1122103042216773,1,7,5,0
13.6,997.0333616594045,524.2478823741358,3.124531830822816,1,7,5,0
13.608333333333333,997.4971682131404,524.8529197001067,3.13103469765054,1,7,5,0
13.616666666666667,997.2784397174818,524.4022088962937,3.13007247017338,1,7,5,0
13.625,996.6582576911601,524.7473745171296,3.078915890667956,1,7,5,0
13.633333333333333,996.7045661613129,524.4968679552692,3.1058347557669697,1,7,5,0
13.641666666666667,996.0966551382905,524.8991340831652,3.1190978493657298,1,7,5,0
13.65,997.0874292119248,524.9013764911292,3.099466717826917,1,7,5,0
13.658333333333333,996.7442534244975,524.7275827495079,3.075219182242895,1,7,5,0
13.666666666666666,997.1830036987926,525.1888148572084,3.136709814793411,1,7,5,0
13.675,997.123216087748,525.2474909451272,3.102798336510658,1,7,5,0
13.683333333333334,997.7113819819223,525.755801178123,3.09701508700852,1,7,5,0
13.691666666666666,997.0606219909535,525.843890093732,3.0782705256357796,1,7,5,0
13.7,996.677967048013,525.642794610942,3.0880761007306834,1,7,5,0
13.708333333333334,996.5595171828662,525.1386292139126,3.101371190769267,1,7,5,0
13.716666666666667,996.183407459668,525.2796370250154,3.069177288894167,1,7,5,0
13.725,995.3069399801923,525.683434373669,3.0659871131238883,1,7,5,0
13.733333333333333,995.4643495703574,525.0161885611323,3.068681950546082,1,7,5,0
13.741666666666667,995.3728120831719,525.436706889369,3.1303923591531757,1,7,5,0
13.75,995.7204582699791,524.8325075054859,3.128333664988649,1,7,5,0
13.758333333333333,995.3765330228413,524.6265136666694,3.057473547390387,1,7,5,0
13.766666666666667,994.9374955350074,524.840411101499,3.088186482037805,1,7,5,0
13.775,994.9898673564226,524.161498881177,3.0878024447972052,1,7,5,0
13.783333333333333,995.0317788864098,523.6616399879947,3.058736825736121,1,7,5,0
13.791666666666666,994.9199619002682,522.4011434415887,3.1139391391145432,1,7,5,0
13.8,995.2917825318233,522.983438747471,3.090243870558539,1,7,5,0
13.808333333333334,995.8964662604495,523.3512266404877,3.097830252511506,1,7,5,0
13.816666666666666,995.9770570575997,522.8733344228314,3.0506792145665154,1,7,5,0
13.825,997.3078220146674,521.6849986265258,3.1047741886871933,1,7,5,0
13.833333333333334,997.8052598992424,521.5857158173396,3.109393086739911,1,7,5,0
13.841666666666667,997.4690816400109,521.6275478495786,3.0913299245849193,1,7,5,0
13.85,997.547141731806,521.5475909451211,3.078978285419591,1,7,5,0
13.858333333333333,997.7195807099523,521.8531221303276,3.098743095719419,1,7,5,0
13.866666666666667,996.7951189030102,521.7809861072825,3.107695422244216,1,7,5,0
13.875,997.4671789375408,522.3101926431436,3.092065858060928,1,7,5,0
13.883333333333333,996.9767173142739,521.9971313192553,3.0764776413735033,1,7,5,0
13.891666666666667,997.644267281289,522.0545578632016,3.0961884914897535,1,7,5,0
13.9,997.0587025255558,521.6354577430977,3.1250647401608203,1,7,5,0
13.908333333333333,1190.5611591185566,346.1292267412346,3.07005418725706,1,7,5,0
13.916666666666666,1190.9735451039423,346.5949722903517,3.0699986091338682,1,7,5,0
13.925,996.7709780667421,521.2274834005891,3.1177087406414015,1,7,5,0
13.933333333333334,996.0462932982717,521.9871141589538,3.086107212482196,1,7,5,0
13.941666666666666,996.6966777716688,521.2149141310144,3.1464418102178753,1,7,5,0
13.95,996.1114464779257,520.4776016718297,3.0553938319467093,1,7,5,0
13.958333333333334,995.820009378047,519.853602166349,3.1231728126849605,1,7,5,0
13.966666666666667,995.2938854314505,519.5479501243069,3.0936218347472226,1,7,5,0
13.975,995.7299140229708,519.860821290946,3.08273262120946,1,7,5,0
13.983333333333333,995.8491193171126,521.1892920059402,3.110238647328557,1,7,5,0
13.991666666666667,995.7521739705059,521.5833178969426,3.0532154263817755,1,7,5,0
14.0,995.3829942131488,522.1551475580096,3.081706901191467,1,7,5,0
14.008333333333333,995.5202147009054,522.6160948542393,3.1123127248230666,1,7,5,0
14.016666666666667,995.9200760378391,522.0185062399115,3.13486621210996,1,7,5,0
14.025,995.8607351426704,521.3843523098203,3.1099687664737816,1,7,5,0
14.033333333333333,996.1254036825268,521.6245853406799,3.1280899580697725,1,7,5,0
14.041666666666666,996.2707545365977,521.6263602694512,3.1181730221890396,1,7,5,0
14.05,995.6479761866201,521.3411854702574,3.1327478004813165,1,7,5,0
14.058333333333334,995.6058650890243,521.2634859439714,3.082441247720849,1,7,5,0
14.066666666666666,995.1823607910302,520.8134658784876,3.122398234443371,1,7,5,0
14.075,995.9829434961124,520.9472095061201,3.1451313420255422,1,7,5,0
14.083333333333334,995.8153495288418,520.0935058194067,3.1310095646619307,1,7,5,0
14.091666666666667,995.8507053999506,520.2969638516672,3.0908770890675132,1,7,5,0
14.1,996.1633858985806,520.4473673421435,3.1088009300944295,1,7,5,0
14.108333333333333,995.9040593579973,519.7150395943512,3.144772417107138,1,7,5,0
14.116666666666667,995.5666065525074,519.6712067973368,3.0958996893091695,1,7,5,0
14.125,994.709306681741,520.5093379496465,3.08622656825598,1,7,5,0
14.133333333333333,994.6956268029548,520.1964422607181,3.1282831313743356,1,7,5,0
14.141666666666667,994.9943180950886,520.0126226441928,3.1187598174301767,1,7,5,0
14.15,995.0133594002169,519.6330120148357,3.1218592562703273,1,7,5,0
14.158333333333333,994.6353173585917,519.6051220944952,3.136768849585827,1,7,5,0
14.166666666666666,995.2365000209617,519.8538353407665,3.1173299424017746,1,7,5,0
14.175,993.6936934755417,519.4069138019111,3.097046163408214,1,7,5,0
14.183333333333334,993.6104283236805,519.357908173476,3.1027476020071028,1,7,5,0
14.191666666666666,993.9564975945759,519.7096469249148,3.1016898417338212,1,7,5,0
14.2,993.8974575403311,519.152313346275,3.1230864359737724,1,7,5,0
14.208333333333334,993.0590160317195,520.0917377034008,3.110586381129287,1,7,5,0
14.216666666666667,992.8794293285558,519.3099109820073,3.112301824972088,1,7,5,0
14.225,993.3234090810333,519.0674271799903,3.1000853450448718,1,7,5,0
14.233333333333333,992.8507524498173,519.4970764446475,3.0936843796489666,1,7,5,0
14.241666666666667,993.6918967530955,519.1065198172236,3.139266918455987,1,7,5,0
14.25,993.2558004943297,518.7465338144274,3.0911129783684452,1,7,5,0
14.258333333333333,993.8236681436166,519.1153121936478,3.1140666437581603,1,7,5,0
14.266666666666667,993.8473164570585,518.0401083902791,3.1170443936906964,1,7,5,0
14.275,994.6115440529305,519.0592407658376,3.119450400484759,1,7,5,0
14.283333333333333,995.1988361230242,519.0605571785056,3.108593513182534,1,7,5,0
14.291666666666666,994.3924570727937,519.8056341504138,3.1166933987309764,1,7,5,0
14.3,994.9268363105268,519.9731239823915,3.1581671105704503,1,7,5,0
14.308333333333334,993.7520341676968,518.9295496267903,3.1117352145260933,1,7,5,0
14.316666666666666,993.5710808754857,518.9252027778219,3.1098835882540063,1,7,5,0
14.325,992.6271851963933,519.1599920313497,3.1046046590351493,1,7,5,0
14.333333333333334,993.2130823510448,518.560462683231,3.139476616582574,1,7,5,0
14.341666666666667,993.7233428944512,518.761283937467,3.111516400615068,1,7,5,0
14.35,993.5593666865506,519.1646372972484,3.093541578735506,1,7,5,0
14.358333333333333,993.7003154172246,518.6490971750507,3.1603641113586853,1,7,5,0
14.366666666666667,993.8863949258846,518.3117077612452,3.124795405811793,1,7,5,0
14.375,994.3805138572525,518.8453793966656,3.1418578352949935,1,7,5,0
14.383333333333333,994.1221157240938,519.6389429180894,3.152946221834119,1,7,5,0
14.391666666666667,994.0372706242414,519.2776832071269,3.1500816884115266,1,7,5,0
14.4,994.2523813452076,518.7650576434288,3.140309027556026,1,7,5,0
14.408333333333333,994.8424140873027,518.7925128797825,3.1199337745381537,1,7,5,0
14.416666666666666,995.2246451381767,518.4559437099139,3.1342184551756893,1,7,5,0
14.425,994.6221971837244,518.4297921967535,3.161379528469247,1,7,5,0
14.433333333333334,993.3738793475521,517.8239049782569,3.1622700663598837,1,7,5,0
14.441666666666666,993.8405456116518,516.3486646000744,3.155366642172728,1,7,5,0
14.45,992.9408637437855,516.4503632971571,3.097597214627186,1,7,5,0
14.458333333333334,992.9219867447973,516.8254425950141,3.1399128404288508,1,7,5,0
14.466666666666667,993.6184969821459,516.8874115859423,3.1127896894204445,1,7,5,0
14.475,994.1701240763946,517.2731718125145,3.1407537358889948,1,7,5,0
14.483333333333333,993.5075631091183,517.6635611456787,3.168064038353319,1,7,5,0
14.491666666666667,994.1977037071653,517.0258043649917,3.140939330287719,1,7,5,0
14.5,993.4778802164656,516.4132241647656,3.141878027105746,1,7,5,0
14.508333333333333,993.737144707477,516.7768212195498,3.159824109434186,1,7,5,0
14.516666666666667,992.7993119717411,516.4175265246745,3.132874780920728,1,7,5,0
14.525,992.7236096952283,517.5140894594413,3.1506293534122456,1,7,5,0
14.533333333333333,992.5263929905313,516.8353496479172,3.1813549877131218,1,7,5,0
14.541666666666666,992.4946080269349,516.9955780009636,3.1532496848969225,1,7,5,0
14.55,993.1646877505108,517.8940989563247,3.1717757352103173,1,7,5,0
14.558333333333334,992.5016084926064,518.0333779915796,3.1791103592142567,1,7,5,0
14.566666666666666,992.0097173654202,518.5804629143589,3.1368361800385114,1,7,5,0
14.575,992.3582201816158,519.1962052546704,3.1355718558521986,1,7,5,0
14.583333333333334,992.2882274587837,519.5929560232313,3.1492473649446766,1,7,5,0
14.591666666666667,992.5128223754,520.0370599549076,3.124954566391348,1,7,5,0
14.6,992.1840885604561,521.4854651096585,3.1284670887932338,1,7,5,0
14.608333333333333,992.7396432537174,520.2860609187223,3.1437681812455045,1,7,5,0
14.616666666666667,992.0811201571245,519.5527367739729,3.141977802242384,1,7,5,0
14.625,992.4273591952348,519.0405764469343,3.152970799391233,1,7,5,0
14.633333333333333,992.6062282859915,519.826556251592,3.1674810895507584,1,7,5,0
14.641666666666667,992.0165771440236,519.9159386483705,3.125119264306355,1,7,5,0
14.65,992.5014161090286,519.8446748792604,3.1813070515734196,1,7,5,0
14.658333333333333,993.186929034431,519.899087425946,3.140969269153027,1,7,5,0
14.666666666666666,992.5590760728613,519.9301805781436,3.1295195618984293,1,7,5,0
14.675,992.1616841173682,519.4372531997867,3.150535963894589,1,7,5,0
14.683333333333334,991.984782446028,518.8695637021941,3.139668767815501,1,7,5,0
14.691666666666666,992.4545834211427,518.5858008182972,3.1763985255325453,1,7,5,0
14.7,992.8107007310671,519.6553700769242,3.169321425579225,1,7,5,0
14.708333333333334,992.6220151045294,519.7230638545054,3.154292987913057,1,7,5,0
14.716666666666667,992.6603296716889,519.280347410663,3.183810550001755,1,7,5,0
14.725,992.8882374730231,519.1372894240548,3.133915505181015,1,7,5,0
14.733333333333333,993.0140862845273,518.8865367560893,3.171773110307901,1,7,5,0
14.741666666666667,992.5989092394811,518.783019931796,3.1529201141088383,1,7,5,0
14.75,992.1485019147883,518.3728146781986,3.1561095363432763,1,7,5,0
14.758333333333333,992.1637916443417,518.6799209273784,3.196104160221838,1,7,5,0
14.766666666666667,991.7555598326177,518.4688443591394,3.1768023670555734,1,7,5,0
14.775,991.4724756480765,517.984121130834,3.1872820143567604,1,7,5,0
14.783333333333333,991.0543179126917,517.3385963537647,3.1858177300254407,1,7,5,0
14.791666666666666,991.7682767520253,518.027050313905,3.195587018502858,1,7,5,0
14.8,991.1567584226699,518.4921771036867,3.170706856799516,1,7,5,0
14.808333333333334,991.3474526152116,518.6191798802897,3.188375442111309,1,7,5,0
14.816666666666666,992.2930458685217,519.7553717706186,3.1612565324148254,1,7,5,0
14.825,991.6748325856938,518.7193868674733,3.139402849485548,1,7,5,0
14.833333333333334,992.3331262698339,518.6841011696824,3.199559912601667,1,7,5,0
14.841666666666667,992.0782768266617,518.8153955804521,3.169334089086664,1,7,5,0
14.85,992.5286917962367,518.7974369789308,3.1722392515920226,1,7,5,0
14.858333333333333,993.0542565935625,518.2373210543617,3.198397938464914,1,7,5,0
14.866666666666667,993.2777662690248,518.1298244956581,3.1675179047748188,1,7,5,0
14.875,1443.4091721098766,375.4914276787326,3.199001187528394,1,7,5,0
14.883333333333333,1444.1437700177144,375.54502260673445,3.192428401611565,1,7,5,0
14.891666666666667,994.9498499523783,517.4739447933641,3.1706196623178395,1,7,5,0
14.9,995.4424112544706,518.1801335251099,3.1599825039655043,1,7,5,0
14.908333333333333,995.9851128614182,518.6367515529486,3.1847571968246116,1,7,5,0
14.916666666666666,995.2773076050529,519.0995294088012,3.2080574099732737,1,7,5,0
14.925,995.442900084438,519.0291432628969,3.175420810851018,1,7,5,0
14.933333333333334,995.1066137983739,519.1002868818565,3.1899620118881837,1,7,5,0
14.941666666666666,994.9461854382787,518.3488362764383,3.2117857734085264,1,7,5,0
14.95,994.8855310780699,519.0252878553324,3.209782750492632,1,7,5,0
14.958333333333334,995.520594085499,518.3593766661011,3.1571459741745165,1,7,5,0
14.966666666666667,995.2542973122715,517.8250480294713,3.2067082542071157,1,7,5,0
14.975,994.5535054521857,518.0394802294402,3.1833426836763548,1,7,5,0
14.983333333333333,994.5670420177394,517.8266685307321,3.1846839904849444,1,7,5,0
14.991666666666667,994.7703610516381,518.5876304876211,3.177148316242713,1,7,5,0
15.0,994.8520220183814,519.6225289477748,3.2521964667230363,1,7,5,0
15.008333333333333,994.4313531128795,519.5992626411128,3.2279821835201354,1,7,5,0
15.016666666666667,995.097308969528,519.1153282449332,3.1950746696288923,1,7,5,0
15.025,994.669765764714,518.9037999876631,3.2070530654824627,1,7,5,0
15.033333333333333,994.3842327927889,519.3452306906601,3.1742589572208106,1,7,5,0
15.041666666666666,994.6614722819772,519.5687941710854,3.2079710757723197,1,7,5,0
15.05,994.9147768246144,518.8208427878996,3.2002526756300753,1,7,5,0
15.058333333333334,995.4489294787958,517.7853528699276,3.2365562005849933,1,7,5,0
15.066666666666666,995.3608364786414,516.9986294911839,3.177860799052105,1,7,5,0
15.075,994.8523927371834,517.4070463203324,3.220534226333892,1,7,5,0
15.083333333333334,995.6337378044122,516.9164980955384,3.2037830342385227,1,7,5,0
15.091666666666667,995.1592771580459,516.9988504438367,3.2069991837618557,1,7,5,0
15.1,995.3463443029985,517.1113729213238,3.2101247247248943,1,7,5,0
15.108333333333333,995.8354485164261,517.8548564998955,3.216541759422626,1,7,5,0
15.116666666666667,996.8690471646324,518.1663735955703,3.1973997929433877,1,7,5,0
15.125,996.9106268600386,518.5411410873934,3.238171419230036,1,7,5,0
15.133333333333333,,,,0,7,5,0
15.141666666666667,,,,0,7,5,0
15.15,,,,0,7,5,0
15.158333333333333,,,,0,7,5,0
15.166666666666666,,,,0,7,5,0
15.175,,,,0,7,5,0
15.183333333333334,,,,0,7,5,0
15.191666666666666,997.4759494927084,513.8199364262189,3.205283866179608,1,7,5,0
15.2,997.6247380879429,512.8895730528053,3.230953028693779,1,7,5,0
15.208333333333334,996.8725978426951,512.7022176649684,3.2158189084536635,1,7,5,0
15.216666666666667,996.3303963061973,511.7621114885201,3.224476000101422,1,7,5,0
15.225,996.0651890042083,510.6379373919482,3.270571956478839,1,7,5,0
15.233333333333333,996.6053065264191,511.13536360945494,3.240052788429773,1,7,5,0
15.241666666666667,996.1934530959027,510.87950462199296,3.205573339454997,1,7,5,0
15.25,995.6520186993848,511.6473893017945,3.1970974057002723,1,7,5,0
15.258333333333333,995.4889625660799,511.0487692423368,3.2388621545697616,1,7,5,0
15.266666666666667,995.1282606664372,510.37176507206107,3.2194427660319156,1,7,5,0
15.275,995.3814981446626,510.6395423392697,3.2234511359579776,1,7,5,0
15.283333333333333,995.5520184684377,511.1166724527475,3.242912572056951,1,7,5,0
15.291666666666666,995.9789854438305,511.8786205384926,3.222676769622441,1,7,5,0
15.3,996.834920392059,510.88052145215556,3.2291951740283116,1,7,5,0
15.308333333333334,997.3780246936856,511.43984357696235,3.2450879008779876,1,7,5,0
15.316666666666666,996.4686222964349,512.0267928551928,3.229732301639465,1,7,5,0
15.325,997.0820058022961,511.3770689808967,3.2531309519321456,1,7,5,0
15.333333333333334,997.5766356666913,511.8905152060261,3.22333095544034,1,7,5,0
15.341666666666667,997.688178288831,511.33176330349636,3.2081893775352635,1,7,5,0
15.35,997.5077604995364,511.11099076091955,3.2501650962486917,1,7,5,0
15.358333333333333,997.5986269757423,511.1049837685806,3.232212863996735,1,7,5,0
15.366666666666667,998.1041159429344,510.610914642561,3.2317916128136814,1,7,5,0
15.375,997.1248810044297,510.6340959065588,3.2647497857544394,1,7,5,0
15.383333333333333,996.0452916363339,509.3806342431519,3.2583807101129616,1,7,5,0
15.391666666666667,995.818015792732,508.8704313137998,3.265824362072304,1,7,5,0
15.4,995.8854368945878,508.88382854859327,3.2478215469602185,1,7,5,0
15.408333333333333,995.5626777446827,509.11970816941744,3.2622035484570135,1,7,5,0
15.416666666666666,995.7725969102083,509.66774857868023,3.2412702470316264,1,7,5,0
15.425,995.8715704147081,509.4063846791408,3.2539843563210447,1,7,5,0
15.433333333333334,994.9798104359711,508.6713568567175,3.2605953760856554,1,7,5,0
15.441666666666666,995.4909272778937,509.116038121054,3.2424933702111947,1,7,5,0
15.45,994.6901946531707,509.59007405830494,3.228867900491519,1,7,5,0
15.458333333333334,994.0804105304111,508.2396425235084,3.287771790497522,1,7,5,0
15.466666666666667,993.9422737444004,508.7368152997116,3.223965218836939,1,7,5,0
15.475,994.1701104837508,509.7981703482874,3.2644779757587874,1,7,5,0
15.483333333333333,993.1258507566562,509.23432157591935,3.2412828509810345,1,7,5,0
15.491666666666667,992.5889472541795,509.3231450632415,3.260053981492065,1,7,5,0
15.5,992.0101210414264,509.7092522207043,3.2933125700335966,1,7,5,0
15.508333333333333,992.4121706912463,509.5576280793509,3.246735033357968,1,7,5,0
15.516666666666667,993.0463261461786,510.39986721566146,3.2508153040414833,1,7,5,0
15.525,993.1705785089696,510.5577131869542,3.287691886256791,1,7,5,0
15.533333333333333,993.0433928430655,509.4611868532419,3.2584482652768165,1,7,5,0
15.541666666666666,992.8339845081996,510.16524072771495,3.2628528816172278,1,7,5,0
15.55,993.2691703784496,510.7032179205517,3.2793757016314897,1,7,5,0
15.558333333333334,992.8236809324488,510.86343700148115,3.2775545596918865,1,7,5,0
15.566666666666666,992.6203226993538,511.32188191743165,3.286480069927022,1,7,5,0
15.575,993.096627061359,511.48669903314067,3.282747608810603,1,7,5,0
15.583333333333334,993.2345714983624,511.0821656023399,3.2614213174779434,1,7,5,0
15.591666666666667,993.394842955997,511.1899501785088,3.299861961418188,1,7,5,0
15.6,994.3685808484814,511.68131671117834,3.280452727615322,1,7,5,0
15.608333333333333,994.6378769207143,512.7046774448014,3.3052154350550516,1,7,5,0
15.616666666666667,994.0931989626565,513.7202086315252,3.2326625684800034,1,7,5,0
15.625,993.5896608582424,514.4374292460725,3.2574610097210863,1,7,5,0
15.633333333333333,994.0594039667341,515.4012516506142,3.2682451785112687,1,7,5,0
15.641666666666667,992.7320640362558,514.6125267531368,3.294112370048795,1,7,5,0
15.65,991.8327686887332,513.4093007346878,3.251940926250758,1,7,5,0
15.658333333333333,991.6343672931183,513.7606643308559,3.2964274595767007,1,7,5,0
15.666666666666666,992.0834232012384,513.7361911898897,3.271349207884699,1,7,5,0
15.675,991.855328753021,513.4860552435899,3.267266562772734,1,7,5,0
15.683333333333334,991.8683059179854,512.9864240173071,3.263476109172065,1,7,5,0
15.691666666666666,991.7847844432201,513.1605705260154,3.2848322799293115,1,7,5,0
15.7,991.724479553911,513.3573744063036,3.285208521336901,1,7,5,0
15.708333333333334,992.1179443069996,513.2965200908772,3.2611870364840327,1,7,5,0
15.716666666666667,991.6906588959343,513.5281721053665,3.2828173567079153,1,7,5,0
15.725,991.5737432732531,513.3248293573455,3.329681128229189,1,7,5,0
15.733333333333333,991.3587463561696,513.2118751536567,3.280462072052768,1,7,5,0
15.741666666666667,991.9806597663925,512.7405082232516,3.237849359592122,1,7,5,0
15.75,991.3655377169466,513.0822356766242,3.245318467727153,1,7,5,0
15.758333333333333,990.8029867405003,512.9241619429824,3.300299652383544,1,7,5,0
15.766666666666667,990.9657098328967,512.1050938423181,3.288717109808208,1,7,5,0
15.775,990.7361880520288,512.4994177851959,3.2866514474675146,1,7,5,0
15.783333333333333,990.512374768628,512.5905058291096,3.2620653559906416,1,7,5,0
15.791666666666666,990.6578671526819,513.0093775421082,3.240149866503631,1,7,5,0
15.8,990.4151661634861,512.7822293236665,3.2667599480893066,1,7,5,0
15.808333333333334,990.0937636291668,513.1919863489496,3.2836506170390467,1,7,5,0
15.816666666666666,990.5934343203267,513.7012094029983,3.26423299905562,1,7,5,0
15.825,990.9630148054234,513.6189317937202,3.287168380406167,1,7,5,0
15.833333333333334,990.4025111633048,512.7096612658936,3.273868841863008,1,7,5,0
15.841666666666667,990.5312780944515,512.968175235118,3.2893735371882613,1,7,5,0
15.85,989.9957957814113,512.1916483484972,3.2621325739799114,1,7,5,0
15.858333333333333,990.5350009580937,511.8868150293356,3.295371894632281,1,7,5,0
15.866666666666667,989.7584937735431,511.44535421467265,3.322550954928429,1,7,5,0
15.875,989.6756742025772,511.73998819861185,3.291569551902145,1,7,5,0
15.883333333333333,989.8753303221598,511.05585223583097,3.269050194316408,1,7,5,0
15.891666666666667,989.0643169506575,510.87318543932753,3.298007511783879,1,7,5,0
15.9,988.3906542779266,510.40995249610125,3.276110151921011,1,7,5,0
15.908333333333333,988.4886622087857,510.2560186162487,3.3061806540118215,1,7,5,0
15.916666666666666,988.1654593464284,509.7199041954552,3.249171708846154,1,7,5,0
15.925,988.2280498969503,509.9942820911773,3.2662068029416718,1,7,5,0
15.933333333333334,988.5756030795654,509.5584718719801,3.2641269852677883,1,7,5,0
15.941666666666666,988.5108448580376,508.56741509247684,3.272502289133289,1,7,5,0
15.95,988.9247408905554,508.34214677033754,3.29006288634115,1,7,5,0
15.958333333333334,988.8421335217641,508.5330332899408,3.2988550649957165,1,7,5,0
15.966666666666667,988.0196992756602,508.12653752312315,3.3044282889554952,1,7,5,0
15.975,988.4968175703481,508.7949799603505,3.3020936078438297,1,7,5,0
15.983333333333333,988.5251622964216,508.7828620826874,3.2859734306487343,1,7,5,0
15.991666666666667,988.4989127051471,508.66732981375645,3.257909383905211,1,7,5,0
16.0,988.4926958983622,508.6989973425962,3.2691482828066136,1,7,5,0
16.008333333333333,989.5600965085592,508.62086599387834,3.2496542113306517,1,7,5,0
16.016666666666666,990.5627438953792,509.2960790541019,3.267382481269792,1,7,5,0
16.025,990.0737391306851,508.36134142257697,3.2946860338186172,1,7,5,0
16.033333333333335,990.172851768816,507.8839613362777,3.3102418244027625,1,7,5,0
16.041666666666668,990.4253209063135,508.0315788674376,3.314197256589713,1,7,5,0
16.05,990.7135512458472,507.3948144538278,3.302548586853635,1,7,5,0
16.058333333333334,991.2346444413928,507.7601857743288,3.3032128113808765,1,7,5,0
16.066666666666666,991.4771043217022,508.0899224013364,3.2918194229772006,1,7,5,0
16.075,990.6277113035494,507.5502923138107,3.2629666914046442,1,7,5,0
16.083333333333332,989.7977810087966,508.4861250907248,3.3103048168119673,1,7,5,0
16.091666666666665,989.9704436549656,508.50106329140175,3.298506966896745,1,7,5,0
16.1,991.0134193335268,507.61403489136325,3.2862203223903625,1,7,5,0
16.108333333333334,990.972661106176,507.57681555427445,3.266536331725584,1,7,5,0
16.116666666666667,992.2288174215813,507.55771821133345,3.273120300654375,1,7,5,0
16.125,991.3814794500424,507.5111525395502,3.328498723456212,1,7,5,0
16.133333333333333,991.7237080101928,507.62373942867464,3.3084847116956677,1,7,5,0
16.141666666666666,991.6103538332354,508.0168109773594,3.279196509403578,1,7,5,0
16.15,990.8179373515067,508.15115124953275,3.2768458656139576,1,7,5,0
16.158333333333335,990.6898793217871,508.23717124649875,3.2890374995309744,1,7,5,0
16.166666666666668,991.3040261040438,508.1009238686301,3.2874076170838293,1,7,5,0
16.175,992.3842363000313,507.2765404413603,3.289021936696538,1,7,5,0
16.183333333333334,992.288244605241,507.76085298251985,3.3411378959153692,1,7,5,0
16.191666666666666,992.3248375244672,507.68800700294895,3.2744375931474843,1,7,5,0
16.2,992.4538887145806,508.1957507183197,3.295032252332654,1,7,5,0
16.208333333333332,992.6633732152891,508.5401498120706,3.3259156554025204,1,7,5,0
16.216666666666665,991.9253047959402,509.78439920118643,3.2672299310204007,1,7,5,0
16.225,991.90964551791,509.3358638735841,3.312606899391467,1,7,5,0
16.233333333333334,991.5943909251356,508.704307722703,3.3079958242848413,1,7,5,0
16.241666666666667,991.4691057339963,507.4358312504975,3.290554156294816,1,7,5,0
16.25,991.2540447094932,507.4936706626424,3.2904763167976316,1,7,5,0
16.258333333333333,991.3009393347389,506.8589394914668,3.287731295895258,1,7,5,0
16.266666666666666,991.2277998528799,506.92991903390066,3.3056283157834874,1,7,5,0
16.275,991.6650069974237,507.2707571979046,3.288454356973154,1,7,5,0
16.283333333333335,991.4743655112784,507.3163159697417,3.2672949140275227,1,7,5,0
16.291666666666668,991.8659504080077,506.63066770829687,3.276008893265785,1,7,5,0
16.3,991.5111204903194,506.3580497111145,3.3141079921490153,1,7,5,0
16.308333333333334,992.66617903735,506.58082048621554,3.296918394447151,1,7,5,0
16.316666666666666,993.0236186961142,506.5431904646337,3.279405438656666,1,7,5,0
16.325,993.1625828818609,506.2798618296859,3.2963843984134185,1,7,5,0
16.333333333333332,993.3883004221055,506.46509888138127,3.298202294189509,1,7,5,0
16.341666666666665,994.1309198266704,506.4037954251685,3.307474835432528,1,7,5,0
16.35,994.4632932724668,506.13828354590623,3.3061999591427798,1,7,5,0
16.358333333333334,994.021461507594,505.20582904025486,3.2835950051525926,1,7,5,0
16.366666666666667,994.0220820246481,505.2159930327875,3.324688902967897,1,7,5,0
16.375,992.8807329649592,504.50862322759735,3.303339047135754,1,7,5,0
16.383333333333333,992.657225977358,504.5254786732352,3.2686688738476417,1,7,5,0
16.391666666666666,992.9978424823763,504.5032512460773,3.2940201263018696,1,7,5,0
16.4,992.847987970598,503.7158957954953,3.316940310858927,1,7,5,0
16.408333333333335,993.3123446855483,503.63929844674266,3.286664110056292,1,7,5,0
16.416666666666668,992.7851638327753,503.9944765273424,3.2969990268148677,1,7,5,0
16.425,993.1512438804143,504.25252810899394,3.313204924235902,1,7,5,0
16.433333333333334,993.299914305563,504.3916898404476,3.30546238435544,1,7,5,0
16.441666666666666,993.9636034775885,504.52469216258464,3.3195951574444202,1,7,5,0
16.45,994.0157347834488,504.2152872043739,3.3181192630527163,1,7,5,0
16.458333333333332,993.6094804164131,503.81659772791704,3.2758588461421443,1,7,5,0
16.466666666666665,992.9560905116789,503.95419588212417,3.310146402810511,1,7,5,0
16.475,991.9490959349743,503.7393446390607,3.2544000596276224,1,7,5,0
16.483333333333334,991.633967782141,502.96994626344815,3.2803921676532743,1,7,5,0
16.491666666666667,992.5235285603267,503.56926119874487,3.2905604785010234,1,7,5,0
16.5,991.550034034682,503.4727259151322,3.2975949762155086,1,7,5,0
16.508333333333333,991.6124720832655,503.5282822903729,3.2943563340238398,1,7,5,0
16.516666666666666,992.1191695120123,503.3007769131294,3.2823553001311447,1,7,5,0
16.525,992.64826802632,502.8015836193678,3.3311673911717303,1,7,5,0
16.533333333333335,992.519355303828,503.32559930986827,3.269176389494436,1,7,5,0
16.541666666666668,992.4524927050459,503.8812990989075,3.302390928548096,1,7,5,0
16.55,993.3575709233526,504.2233687667998,3.2954316501804533,1,7,5,0
16.558333333333334,993.6190449804812,505.0567498814377,3.267324840205297,1,7,5,0
16.566666666666666,992.9039370081287,504.77269914163344,3.2956138185565185,1,7,5,0
16.575,993.3531867936919,504.85121313112927,3.2748253295932654,1,7,5,0
16.583333333333332,993.2238494118484,504.86180613737884,3.326728698636165,1,7,5,0
16.591666666666665,993.0436846388935,504.8164519550682,3.2620627477681308,1,7,5,0
16.6,993.8436237243067,504.3078580521445,3.2617145806661085,1,7,5,0
16.608333333333334,994.7010260789457,505.01987118931663,3.3025221951916897,1,7,5,0
16.616666666666667,995.2582249522792,504.5765555944257,3.276682899039516,1,7,5,0
16.625,995.6527344853706,504.5081610559693,3.3116685305892384,1,7,5,0
16.633333333333333,995.6113113802392,504.46289732273783,3.310524103235029,1,7,5,0
16.641666666666666,995.6969271858061,503.8956539815653,3.3085543302888603,1,7,5,0
16.65,995.7123418107162,503.3576923084371,3.2890350297194773,1,7,5,0
16.658333333333335,995.8094103535841,503.657336194521,3.287329850673171,1,7,5,0
16.666666666666668,995.9061837311123,503.1101860456483,3.3070803501691275,1,7,5,0
16.675,995.583338684728,502.7800670301847,3.313943214246385,1,7,5,0
16.683333333333334,995.788628983245,502.61030559716806,3.2909691706236646,1,7,5,0
16.691666666666666,996.0478063728417,503.40208575141116,3.2930846223668797,1,7,5,0
16.7,996.0388008810727,503.60105683801015,3.267618093740649,1,7,5,0
16.708333333333332,994.6173082864477,504.2504625709527,3.2947790481278645,1,7,5,0
16.716666666666665,994.1890679586936,504.3722688229819,3.267931623239933,1,7,5,0
16.725,994.1755692930833,504.1138941846948,3.2980656990153365,1,7,5,0
16.733333333333334,993.0807441323389,505.0539477291463,3.300311082461107,1,7,5,0
16.741666666666667,992.489065396742,505.4916022460147,3.2964499212366394,1,7,5,0
16.75,992.9386766696581,505.7119008397086,3.2919132973552236,1,7,5,0
16.758333333333333,992.7138594990605,505.70666930382686,3.267782076192346,1,7,5,0
16.766666666666666,993.5161340770101,506.4369198261819,3.306032967804046,1,7,5,0
16.775,993.4250850901118,506.2628495869285,3.270746902411857,1,7,5,0
16.783333333333335,993.0159103214587,506.54159802043915,3.3038028420968546,1,7,5,0
16.791666666666668,992.8304626116252,506.9296716833333,3.2979567204260314,1,7,5,0
16.8,993.5559818290886,506.2980976363392,3.3064798408460576,1,7,5,0
16.808333333333334,993.619049087968,506.6398013484825,3.3042258683059336,1,7,5,0
16.816666666666666,993.6889303002639,506.6654885508242,3.2743218704211143,1,7,5,0
16.825,993.4790992815234,507.16263140920665,3.299670761616756,1,7,5,0
16.833333333333332,993.251207944905,506.289656374192,3.3090694639497205,1,7,5,0
16.841666666666665,992.8915708323891,506.1580354386515,3.306576626133987,1,7,5,0
16.85,993.859385757341,505.72045045715726,3.323271094620707,1,7,5,0
16.858333333333334,993.1907742433458,505.6992657912355,3.293702651163702,1,7,5,0
16.866666666666667,993.2790833230362,505.8766050385021,3.319502427164747,1,7,5,0
16.875,993.1936832615731,505.9355586461164,3.3198808264939457,1,7,5,0
16.883333333333333,992.8888400304214,505.31705907202524,3.301138710558725,1,7,5,0
16.891666666666666,992.7094476762629,504.58656308657544,3.2780863762141683,1,7,5,0
16.9,992.6353912648358,504.49007489912094,3.2831136234660803,1,7,5,0
16.908333333333335,992.6134433094007,505.0360617888169,3.3103053037677768,1,7,5,0
16.916666666666668,992.353318930196,505.3685309469915,3.318988363915716,1,7,5,0
16.925,992.4601030269772,505.68165379522117,3.3255313137186797,1,7,5,0
16.933333333333334,992.7766897784531,506.0111316371624,3.2998637456985103,1,7,5,0
16.941666666666666,993.1383244162736,506.7120287760575,3.2988171072585386,1,7,5,0
16.95,993.3006263116956,506.59509117343464,3.270713503033042,1,7,5,0
16.958333333333332,993.0788638054538,506.96553841083994,3.2932504824505737,1,7,5,0
16.966666666666665,992.3078823854186,505.74615217650654,3.315891263033518,1,7,5,0
16.975,992.5949940143078,505.77269981856574,3.29938712873689,1,7,5,0
16.983333333333334,992.7966912429692,505.14961368638916,3.3147652875858813,1,7,5,0
16.991666666666667,992.5212202016844,505.2770218136828,3.2880997121046796,1,7,5,0
17.0,993.0508614281009,506.4454218563466,3.3078862973912124,1,7,5,0
17.008333333333333,993.5932414030489,506.13881077998326,3.308604043617109,1,7,5,0
17.016666666666666,993.811963372189,506.43551689616373,3.2964150137261754,1,7,5,0
17.025,993.9450556405593,506.01917395641067,3.3104828066227876,1,7,5,0
17.033333333333335,993.9195898858678,505.32823457444545,3.293232634971017,1,7,5,0
17.041666666666668,994.7551759338077,505.441676056635,3.2660361650788388,1,7,5,0
17.05,994.17458941119,506.0185316314628,3.331659466482682,1,7,5,0
17.058333333333334,994.1393828758776,505.6567192555564,3.306256257514762,1,7,5,0
17.066666666666666,994.0935670675897,505.4043595547174,3.3183049055121026,1,7,5,0
17.075,993.8626829266098,505.43609626152306,3.3065644429798633,1,7,5,0
17.083333333333332,992.6514894360231,504.9484750517251,3.2650097672872613,1,7,5,0
17.091666666666665,992.5840051011055,505.27985489566345,3.302062020365789,1,7,5,0
17.1,992.7349825045895,505.1525937056454,3.292566483974251,1,7,5,0
17.108333333333334,992.7036522635992,505.1845042141774,3.271537043890139,1,7,5,0
17.116666666666667,992.7704665917463,505.19034262946053,3.288328414982127,1,7,5,0
17.125,992.6879360064104,505.2374698071705,3.2439180009178656,1,7,5,0
17.133333333333333,992.7734390588807,505.8587261123387,3.2424199331966084,1,7,5,0
17.141666666666666,992.0652227235414,505.32278730818143,3.257117794479637,1,7,5,0
17.15,992.0852057047596,504.87347223773696,3.301698055481972,1,7,5,0
17.158333333333335,992.4692102563413,503.94361809758595,3.236135991408498,1,7,5,0
17.166666666666668,993.906384774275,503.60267098446786,3.265956436632252,1,7,5,0
17.175,994.2449671240629,503.4803146798471,3.243515325392982,1,7,5,0
17.183333333333334,993.9792268405697,503.47646879985723,3.265470663803713,1,7,5,0
17.191666666666666,994.3059522194025,503.58858954598736,3.234983047046613,1,7,5,0
17.2,994.97983182217,503.8564237037023,3.254431591682884,1,7,5,0
17.208333333333332,994.4573008909166,502.7579626605003,3.2664103818578507,1,7,5,0
17.216666666666665,994.9626955028267,502.38613995072876,3.2149535100534665,1,7,5,0
17.225,994.3122920616862,501.79330871960207,3.2179125385628398,1,7,5,0
17.233333333333334,994.7676157781152,501.7460009734405,3.2409481629431967,1,7,5,0
17.241666666666667,996.0249880851069,501.4465154143238,3.2443856880542503,1,7,5,0
17.25,995.8863373879084,500.6383604438197,3.1911094410169474,1,7,5,0
17.258333333333333,996.0632495360388,501.3520517425423,3.2114767824411836,1,7,5,0
17.266666666666666,995.5096004462355,501.74853865020714,3.2120863391424463,1,7,5,0
17.275,995.7457566826324,501.23430008048865,3.221717496698143,1,7,5,0
17.283333333333335,995.9236461591964,501.107889856561,3.257455097297459,1,7,5,0
17.291666666666668,996.2718401163976,501.69658401875995,3.2160550243180035,1,7,5,0
17.3,996.4588267639334,501.430400935079,3.2339131945295843,1,7,5,0
17.308333333333334,997.1262279320752,502.0794527367371,3.2105112636978808,1,7,5,0
17.316666666666666,996.7559505927835,501.8290849477364,3.2359772097777304,1,7,5,0
17.325,996.6661961443408,502.31083326584735,3.2703936832002793,1,7,5,0
17.333333333333332,997.1829958951789,501.1400631217527,3.2423357859376702,1,7,5,0
17.341666666666665,998.0118522076901,501.74492999614364,3.226878508999043,1,7,5,0
17.35,998.8560592445816,501.16780905415914,3.2060319204991288,1,7,5,0
17.358333333333334,999.2092143421215,501.5361883840254,3.2189467294177696,1,7,5,0
17.366666666666667,999.6700619541766,501.5392984439015,3.196401663808747,1,7,5,0
17.375,999.5742900942013,501.3206805586567,3.220271795746536,1,7,5,0
17.383333333333333,999.2076623139114,500.77544208150437,3.2236066659576803,1,7,5,0
17.391666666666666,998.6391743548302,501.35812865186887,3.229376172873401,1,7,5,0
17.4,998.7086020883146,500.94307604378866,3.1916866487238025,1,7,5,0
17.408333333333335,998.2905705638287,501.25847964024143,3.189701407940755,1,7,5,0
17.416666666666668,997.5425165889077,501.4593039161403,3.2102504574419153,1,7,5,0
17.425,997.7072011196057,500.9717589809633,3.219359751524145,1,7,5,0
17.433333333333334,997.0186658169503,502.35084451633486,3.228259530447648,1,7,5,0
17.441666666666666,996.50519241127,502.708148822374,3.223159928075445,1,7,5,0
17.45,996.374561533438,503.0597444744806,3.2197876011978317,1,7,5,0
17.458333333333332,995.9549794736848,503.64901613443715,3.2263597841318545,1,7,5,0
17.466666666666665,995.8644880030739,503.3253039779732,3.2173216111846807,1,7,5,0
17.475,995.5668261643636,502.66844932096785,3.205838902156591,1,7,5,0
17.483333333333334,995.9366196626331,501.7141986297558,3.1908706457874345,1,7,5,0
17.491666666666667,997.3210676273121,501.86215457990045,3.203065964598097,1,7,5,0
17.5,997.1969390415694,501.8678115710028,3.1979765670015423,1,7,5,0
17.508333333333333,997.4612916232346,502.0327898987902,3.194043851257805,1,7,5,0
17.516666666666666,998.4165324004716,502.304340173127,3.1936394698653974,1,7,5,0
17.525,997.9368460512525,502.36111786396725,3.190856776328245,1,7,5,0
17.533333333333335,998.2595546676049,502.0254126811146,3.1687446089572955,1,7,5,0
17.541666666666668,997.9319579873749,501.3695615193563,3.169075999597505,1,7,5,0
17.55,998.1990793342572,501.2402284852021,3.2045324693273387,1,7,5,0
17.558333333333334,997.9736032601799,501.6951307864639,3.184847981869968,1,7,5,0
17.566666666666666,997.1413304978912,502.1490871741619,3.1708921616991756,1,7,5,0
17.575,996.69174745092,502.96636462809477,3.2011522834203188,1,7,5,0
17.583333333333332,997.2056377867693,502.25897094461936,3.216835208563709,1,7,5,0
17.591666666666665,997.5746284344845,501.4782169100085,3.1287085511373274,1,7,5,0
17.6,997.6993360873363,501.1411200705449,3.2037754355966723,1,7,5,0
17.608333333333334,998.44631126572,500.9727120940346,3.1790941001645106,1,7,5,0
17.616666666666667,998.3745248396522,500.3109550333908,3.1569512645986855,1,7,5,0
17.625,999.0064665818674,501.1026512482046,3.1484961636530584,1,7,5,0
17.633333333333333,998.88527500544,500.49170854008423,3.205101631749322,1,7,5,0
17.641666666666666,997.7845923743595,501.11561782238766,3.1646025848643315,1,7,5,0
17.65,997.8071302259465,500.8033944026748,3.1464954650070687,1,7,5,0
17.658333333333335,997.9676134448355,501.2840147542079,3.1901417343218696,1,7,5,0
17.666666666666668,997.8901864697789,501.6414078086701,3.146518000019228,1,7,5,0
17.675,998.0158348613149,501.4396142608757,3.19757875492234,1,7,5,0
17.683333333333334,999.08925975297,500.7806830357677,3.185311244498244,1,7,5,0
17.691666666666666,998.8489980763464,500.662495840214,3.1751889456391704,1,7,5,0
17.7,997.5447411961793,499.5474874739624,3.181003839016373,1,7,5,0
17.708333333333332,996.8220612712538,499.55299391836303,3.185983820988448,1,7,5,0
17.716666666666665,996.8701681420208,498.82162450364166,3.1964413623223544,1,7,5,0
17.725,997.3934695423875,499.4624029986592,3.174636283364141,1,7,5,0
17.733333333333334,997.1202947460939,498.57507095807534,3.1828496695721817,1,7,5,0
17.741666666666667,996.3253943277294,497.84792721333764,3.186911323895254,1,7,5,0
17.75,996.2868980791411,497.6549422512959,3.198094547375096,1,7,5,0
17.758333333333333,996.1015068732745,497.5677744540768,3.168835803027423,1,7,5,0
17.766666666666666,995.8823374065286,497.3687878358615,3.1455611638064176,1,7,5,0
17.775,996.6423598224209,496.97951107833245,3.176390806555145,1,7,5,0
17.783333333333335,996.4569513347589,497.0316421141413,3.186492904051393,1,7,5,0
17.791666666666668,996.6845372885081,496.59394430068994,3.154468023244501,1,7,5,0
17.8,996.9801396973633,496.98881667862344,3.1260759165627934,1,7,5,0
17.808333333333334,996.6291536321604,496.42787273600675,3.179227019645713,1,7,5,0
17.816666666666666,997.0978136042407,496.5478708370565,3.141594616531128,1,7,5,0
17.825,996.7902360298282,497.9779963623406,3.1706985216762913,1,7,5,0
17.833333333333332,996.6417379679235,498.2550563763459,3.182664652226281,1,7,5,0
17.841666666666665,996.2090957157526,498.77420716533754,3.1385827778759516,1,7,5,0
17.85,996.6024555421752,498.4262543951845,3.1305471931994022,1,7,5,0
17.858333333333334,996.2569922265003,498.3909399662453,3.2032071619021,1,7,5,0
17.866666666666667,996.0218392377972,498.0331295888502,3.1828587470381113,1,7,5,0
17.875,996.6345643750037,497.6179825435178,3.1720564196001697,1,7,5,0
17.883333333333333,996.4309722387004,497.60218087200747,3.146014097711186,1,7,5,0
17.891666666666666,996.0050975681195,498.2909754717944,3.1620248651900535,1,7,5,0
17.9,996.6766909421186,498.224673427636,3.194172019309976,1,7,5,0
17.908333333333335,996.3075671351947,498.9717622056632,3.166089198209592,1,7,5,0
17.916666666666668,996.3182083394191,499.04648343285606,3.134245044538244,1,7,5,0
17.925,996.8418556416566,499.22511318359204,3.137643113307751,1,7,5,0
17.933333333333334,997.0611983841811,498.8461047935385,3.150001260153565,1,7,5,0
17.941666666666666,997.5245183225861,499.5459695965276,3.13479911808581,1,7,5,0
17.95,997.1007062371395,500.28681717461814,3.153267419362401,1,7,5,0
17.958333333333332,996.8949729556224,501.35169763968946,3.1741108447336734,1,7,5,0
17.966666666666665,995.9869150297133,501.0426565907531,3.1633698740197693,1,7,5,0
17.975,995.8585972568691,500.7034276545206,3.128626140682188,1,7,5,0
17.983333333333334,994.8599937136007,500.2417504989641,3.1523895616623516,1,7,5,0
17.991666666666667,994.8760154207164,500.28907593304734,3.162548294129897,1,7,5,0
18.0,995.5958203530515,500.2848593316596,3.132916020836388,1,7,5,0
18.008333333333333,996.1234859306852,500.35848969425206,3.1243821549569644,1,7,5,0
18.016666666666666,995.57456164227,500.06342347475646,3.1447859623980374,1,7,5,0
18.025,995.8363923863772,499.66069602920754,3.1502517854098633,1,7,5,0
18.033333333333335,995.5597594904019,499.19140991454174,3.1004826277206776,1,7,5,0
18.041666666666668,996.2457334845641,498.25261149352707,3.15825925817695,1,7,5,0
18.05,996.0656413198014,497.9532781880894,3.1252350865121348,1,7,5,0
18.058333333333334,995.6263063718446,497.2687113558835,3.146348438304406,1,7,5,0
18.066666666666666,996.1902736384967,497.2331945320684,3.1278667401478484,1,7,5,0
18.075,996.8178531439943,497.10817407536103,3.1467123706539253,1,7,5,0
18.083333333333332,996.0852143627117,497.135742783349,3.1483967944947797,1,7,5,0
18.091666666666665,996.6357827276188,496.8393218135487,3.156100661946689,1,7,5,0
18.1,997.550843294416,496.72837895120836,3.1384432016558943,1,7,5,0
18.108333333333334,996.8585802954768,496.62472884879224,3.102775435203468,1,7,5,0
18.116666666666667,997.9523048843735,496.53991060801184,3.132398280587505,1,7,5,0
18.125,998.5420044967158,496.28958478898096,3.110945751518857,1,7,5,0
18.133333333333333,998.6664375662444,496.64053036352533,3.1219409676258536,1,7,5,0
18.141666666666666,999.032120436418,496.81917077952335,3.1176022117756914,1,7,5,0
18.15,999.5228722476282,496.9009636933622,3.1375435626576174,1,7,5,0
18.158333333333335,999.5146483109177,497.3071530335227,3.152507641990431,1,7,5,0
18.166666666666668,1000.3029985308515,497.24938910385964,3.078109135798193,1,7,5,0
18.175,1000.9250154901775,497.8558290822575,3.1155464185766952,1,7,5,0
18.183333333333334,1001.291592161317,498.36740689074117,3.1416235714684313,1,7,5,0
18.191666666666666,1001.3691606681326,497.9257644120179,3.1474195327003502,1,7,5,0
18.2,1001.2316832093143,497.2049867215254,3.120207096006961,1,7,5,0
18.208333333333332,1001.206834522978,496.65689863752596,3.131689077437007,1,7,5,0
18.216666666666665,1001.3226635187956,496.3537861810519,3.1166645781348263,1,7,5,0
18.225,1001.2091308466532,496.8852551365499,3.1193652217354444,1,7,5,0
18.233333333333334,1001.1681760074376,497.92102786956787,3.113812894836369,1,7,5,0
18.241666666666667,1002.1463517595868,497.6317578188779,3.1240968427223197,1,7,5,0
18.25,1002.598100289688,497.05849485604443,3.1078751245104197,1,7,5,0
18.258333333333333,1002.4494831469323,496.25237981820584,3.1465944313677037,1,7,5,0
18.266666666666666,1002.4832471131288,496.2391760414041,3.1163268973984617,1,7,5,0
18.275,1001.8681042328187,495.1038142905154,3.1350783528136437,1,7,5,0
18.283333333333335,1001.2184559922747,494.84287952607775,3.0747235793055054,1,7,5,0
18.291666666666668,1000.8224049709108,495.02560368021653,3.1162708878382728,1,7,5,0
18.3,1001.2407458300363,495.80931761826736,3.115672407342559,1,7,5,0
18.308333333333334,1000.999466876353,496.9505281596803,3.126146370867071,1,7,5,0
18.316666666666666,1000.3393095057579,496.79054693819023,3.1029305766622963,1,7,5,0
18.325,1070.193843898678,648.7213057145093,3.116648919093686,1,7,5,0
18.333333333333332,1070.1103327365822,648.6597703050325,3.103988419342866,1,7,5,0
18.341666666666665,999.7855694295577,496.1400616309607,3.1104296080067777,1,7,5,0
18.35,999.7127599059858,496.26860858091925,3.102270875639159,1,7,5,0
18.358333333333334,999.2250378685475,495.6846384444343,3.1166279733504707,1,7,5,0
18.366666666666667,999.4031463877112,495.71643664761086,3.114421540042257,1,7,5,0
18.375,999.07556770971,496.1987456566908,3.1289991061795686,1,7,5,0
18.383333333333333,998.7404263923474,495.85052955348937,3.124189414621639,1,7,5,0
18.391666666666666,998.6437104924356,495.69562118754095,3.129157383763262,1,7,5,0
18.4,998.4073057514441,496.198908503515,3.094325176021169,1,7,5,0
18.408333333333335,998.7701978894054,495.9037827197289,3.0954837366580406,1,7,5,0
18.416666666666668,998.9828234047885,496.1732692095119,3.131531278386387,1,7,5,0
18.425,999.3061245768258,496.814336375003,3.1040276304964705,1,7,5,0
18.433333333333334,998.8474663291533,497.24401866248587,3.1297053839246405,1,7,5,0
18.441666666666666,998.9576136409145,496.94608935063076,3.0868673359787118,1,7,5,0
18.45,999.8242328764658,496.70218768100983,3.0992954628309595,1,7,5,0
18.458333333333332,1000.5731353889234,496.20126655452054,3.106240724941636,1,7,5,0
18.466666666666665,999.1746414596798,496.99914003221136,3.1097614780439056,1,7,5,0
18.475,999.0127952777345,496.80723648644687,3.1390919760897367,1,7,5,0
18.483333333333334,999.0721331052456,497.10182974898464,3.1129703438336422,1,7,5,0
18.491666666666667,999.1762285459795,496.90105435115663,3.117369585598326,1,7,5,0
18.5,999.5441696441876,496.33906609360633,3.1098309791572096,1,7,5,0
18.508333333333333,998.8744155992035,496.56065120098646,3.1149114283894845,1,7,5,0
18.516666666666666,999.5177834359276,496.2665515329922,3.1290798009515517,1,7,5,0
18.525,999.2558207951222,497.0852345019915,3.1140711429825174,1,7,5,0
18.533333333333335,999.6434538972302,496.2432498741801,3.1110135849856864,1,7,5,0
18.541666666666668,999.5244916944594,495.9111632532621,3.092380914179511,1,7,5,0
18.55,999.6496315322349,496.2322161930064,3.096168286424842,1,7,5,0
18.558333333333334,998.9330053916867,496.228134230371,3.047353412607811,1,7,5,0
18.566666666666666,999.4264534492926,495.2847239156417,3.129143558687523,1,7,5,0
18.575,999.3910076025594,494.0111295136171,3.0882974221927686,1,7,5,0
18.583333333333332,999.1257685520462,493.7362816447072,3.0831078017880302,1,7,5,0
18.591666666666665,999.0060524076631,493.3711605510373,3.1055606129084703,1,7,5,0
18.6,997.9891032818151,493.4180762155921,3.108062463431358,1,7,5,0
18.608333333333334,998.4186134292224,493.4278447524519,3.09419591737766,1,7,5,0
18.616666666666667,997.9361616891276,493.92556730792916,3.075078728307248,1,7,5,0
18.625,1056.887362636888,609.7745598540026,3.1267547085729173,1,7,5,0
18.633333333333333,1056.3029870869184,609.985595550532,3.1063465094433065,1,7,5,0
18.641666666666666,997.4195268945522,493.3543387372342,3.11323030428678,1,7,5,0
18.65,996.7725700655067,493.2512713349827,3.095457532730526,1,7,5,0
18.658333333333335,997.2897760217468,493.66986652363744,3.0683181919997216,1,7,5,0
18.666666666666668,996.829326468311,494.7351607972735,3.0999479443300935,1,7,5,0
18.675,996.9712922120693,494.4398515232515,3.088362970602185,1,7,5,0
18.683333333333334,997.1493752096108,494.3697195122134,3.147930314056842,1,7,5,0
18.691666666666666,996.7241283103397,494.3246444325561,3.0666391552111207,1,7,5,0
18.7,997.0161278236883,494.9386234680308,3.0791852582176427,1,7,5,0
18.708333333333332,997.9871102666918,494.9267866140023,3.0892849969622995,1,7,5,0
18.716666666666665,997.5894352538996,494.54419565798645,3.0865097697719768,1,7,5,0
18.725,998.3631295924205,495.0770171544925,3.095755204520516,1,7,5,0
18.733333333333334,998.8288427073194,495.54404973128163,3.0662064880352267,1,7,5,0
18.741666666666667,998.3663402211073,494.61002173560337,3.100396613098681,1,7,5,0
18.75,998.1419857897907,495.25510322297964,3.079519358891855,1,7,5,0
18.758333333333333,998.7823244943171,495.9256237669009,3.098244510647815,1,7,5,0
18.766666666666666,998.9059280573886,495.48757856629436,3.0936738803658503,1,7,5,0
18.775,998.3962278211118,495.02214197579394,3.1198360256914697,1,7,5,0
18.783333333333335,997.801674924991,494.478861285898,3.106935088886113,1,7,5,0
18.791666666666668,997.7207915237788,494.75313488947415,3.0772131466314345,1,7,5,0
18.8,998.2341338431269,494.3651229842684,3.083926842222043,1,7,5,0
18.808333333333334,998.4334015286134,494.1969018416933,3.1043127963360053,1,7,5,0
18.816666666666666,998.5406504437002,494.40713362038184,3.114333567386065,1,7,5,0
18.825,998.4920862359683,493.77475596420294,3.0716512575004282,1,7,5,0
18.833333333333332,998.6100621072379,493.787646297343,3.1271467688576777,1,7,5,0
18.841666666666665,998.7391339776113,493.1348006918868,3.110455811183463,1,7,5,0
18.85,998.5671447951032,493.16949526732844,3.0985789087466475,1,7,5,0
18.858333333333334,998.7368459745737,493.1907805046172,3.0734066221478327,1,7,5,0
18.866666666666667,999.0344290954341,493.14209559369147,3.1051124472790805,1,7,5,0
18.875,999.2348039444784,493.6975859026669,3.0691653078614043,1,7,5,0
18.883333333333333,999.0711618691014,494.2306395444472,3.0746374922390087,1,7,5,0
18.891666666666666,998.7522403921113,494.1916904468412,3.1332778047997034,1,7,5,0
18.9,998.4989577188516,494.2865115311373,3.0891935910164166,1,7,5,0
18.908333333333335,998.6681877406719,494.0105705129696,3.11777923464452,1,7,5,0
18.916666666666668,999.2164068683082,494.1857118914649,3.111054896461677,1,7,5,0
18.925,998.8814124801021,494.23641988155396,3.0911020469749375,1,7,5,0
18.933333333333334,999.2314626074735,494.30762977729967,3.0933645129194125,1,7,5,0
18.941666666666666,999.8512971997103,494.2257064059581,3.1295999740684075,1,7,5,0
18.95,999.7667647977992,495.5702256092395,3.0499797378150264,1,7,5,0
18.958333333333332,999.9847002470196,494.7387113047109,3.129083090695442,1,7,5,0
18.966666666666665,1000.0390644265773,495.15371533546056,3.1049834603957693,1,7,5,0
18.975,999.5830930305162,494.83502214267884,3.1444008258477054,1,7,5,0
18.983333333333334,999.4536515499124,494.8260905370803,3.064071270853272,1,7,5,0
18.991666666666667,999.9420801351174,494.6753016951509,3.1081001574630043,1,7,5,0
19.0,999.9208551676901,493.9611956885001,3.0902059997111757,1,7,5,0
19.008333333333333,999.5033471387917,493.86866485161556,3.1367051936678747,1,7,5,0
19.016666666666666,999.6864344609262,494.0683199287119,3.0955941738734185,1,7,5,0
19.025,998.8841801319969,494.6427085557067,3.1401799669148645,1,7,5,0
19.033333333333335,998.3447842691191,494.25667626154285,3.144282164779456,1,7,5,0
19.041666666666668,998.7107740069415,494.18593170092817,3.1266687935145754,1,7,5,0
19.05,998.7337790822148,493.620803542621,3.105152608183633,1,7,5,0
19.058333333333334,998.1637721134873,493.8261394538996,3.137122947269348,1,7,5,0
19.066666666666666,998.3539696019617,493.1401580016567,3.12188076585442,1,7,5,0
19.075,997.9251273627284,493.57879232503683,3.0850583688144044,1,7,5,0
19.083333333333332,997.7523533027988,492.80906814794554,3.1223394908894777,1,7,5,0
19.091666666666665,997.4206712903152,492.25003310449586,3.1407289185621905,1,7,5,0
19.1,996.7550907624609,492.42128271453237,3.080972123702308,1,7,5,0
19.108333333333334,996.7243613814929,492.0415753528074,3.112058767383968,1,7,5,0
19.116666666666667,996.499526170736,491.7650793299785,3.1193729400958854,1,7,5,0
19.125,995.4241212507851,491.7490764368093,3.0931038948714633,1,7,5,0
19.133333333333333,995.9533533045794,491.45518433729495,3.097326068314299,1,7,5,0
19.141666666666666,995.9474952002158,491.837621317398,3.0944148449641036,1,7,5,0
19.15,995.6838736545222,491.82531166509455,3.0961753312302034,1,7,5,0
19.158333333333335,996.5477091956628,492.5980632789496,3.1243006785154916,1,7,5,0
19.166666666666668,996.7258918699782,492.4686609754257,3.103161889771514,1,7,5,0
19.175,996.674201048668,493.0253932051987,3.1214019626061944,1,7,5,0
19.183333333333334,997.7953097611975,493.10298227459396,3.124929439480495,1,7,5,0
19.191666666666666,997.1322712070464,493.05211891276906,3.122314865936558,1,7,5,0
19.2,997.2373664805974,492.08305651762987,3.15388594815405,1,7,5,0
19.208333333333332,997.0674484909259,492.5132653354645,3.1083525486739148,1,7,5,0
19.216666666666665,997.718763582142,493.0041262470375,3.126072595987868,1,7,5,0
19.225,998.5894108978994,492.4052287365265,3.0783468157523726,1,7,5,0
19.233333333333334,999.0030574789068,492.1639920804624,3.0964826955773286,1,7,5,0
19.241666666666667,998.275635387076,491.829814713855,3.1466059675408697,1,7,5,0
19.25,997.9977582245042,491.4382330617255,3.0957296516025865,1,7,5,0
19.258333333333333,997.9909328723636,492.729657830707,3.1017810987010193,1,7,5,0
19.266666666666666,998.3768317987311,492.8586312315565,3.0993288558385066,1,7,5,0
19.275,997.4492162892672,492.2334345205843,3.104804592870952,1,7,5,0
19.283333333333335,998.0122224706629,492.3057347284756,3.166658610834297,1,7,5,0
19.291666666666668,998.7160400906862,492.17242804807614,3.1337034684451766,1,7,5,0
19.3,997.9414637178999,492.6337103741487,3.1062508431021607,1,7,5,0
19.308333333333334,998.2390128279965,492.7212883342214,3.113825313854673,1,7,5,0
19.316666666666666,998.2141993309231,492.25185656546364,3.126614420199308,1,7,5,0
19.325,999.013992086597,492.487115876081,3.1134653550843105,1,7,5,0
19.333333333333332,999.6365885587165,492.2551925395293,3.1192072827217827,1,7,5,0
19.341666666666665,999.8703586373226,492.03644427710367,3.120290905075924,1,7,5,0
19.35,999.9181840153866,491.8295400117964,3.0917065061338525,1,7,5,0
19.358333333333334,1000.3945007075038,492.18548771727865,3.1068811317963347,1,7,5,0
19.366666666666667,1000.5716484346176,492.2614702823822,3.1400980786277755,1,7,5,0
19.375,1000.8534968434313,491.6814876092555,3.127864522929315,1,7,5,0
19.383333333333333,753.8713407001749,536.9478831039319,3.135185142388852,1,7,5,0
19.391666666666666,753.5248524155438,538.0551832708901,3.113063593485007,1,7,5,0
19.4,1000.0320443969865,493.78447949811476,3.125297319246457,1,7,5,0
19.408333333333335,1000.5905967441233,494.22979624915814,3.1583534952435532,1,7,5,0
19.416666666666668,1000.6400052685509,493.8961661276115,3.1064284761924297,1,7,5,0
19.425,1000.2359014841732,493.69319850293454,3.1302860133591013,1,7,5,0
19.433333333333334,1001.0961052547793,493.20296055244506,3.117552678807781,1,7,5,0
19.441666666666666,1000.299138766779,493.04317486862664,3.138468606705399,1,7,5,0
19.45,1000.2422387861609,493.07130740338255,3.1821516762717663,1,7,5,0
19.458333333333332,999.4580299299708,492.6211509546843,3.1013446041313446,1,7,5,0
19.466666666666665,999.7504098965021,493.8609808934125,3.1586012952578115,1,7,5,0
19.475,999.9736324469447,493.3622044726874,3.1383277668648475,1,7,5,0
19.483333333333334,1000.8429321911591,493.2468507550881,3.122393729902446,1,7,5,0
19.491666666666667,1001.3523615672839,493.3766559637821,3.1353843453483834,1,7,5,0
19.5,1001.9515127682986,493.19650767525894,3.1576271432628893,1,7,5,0
19.508333333333333,1002.2183597399849,493.66331120930664,3.1052848109777385,1,7,5,0
19.516666666666666,1002.4094097642204,493.74015686071584,3.1696002525856644,1,7,5,0
19.525,1001.6121065499202,493.9289119546854,3.1391180133097922,1,7,5,0
19.533333333333335,1002.8599836465573,493.5914021667073,3.1295648132182805,1,7,5,0
19.541666666666668,1003.241891529151,494.07468357642114,3.169017043686928,1,7,5,0
19.55,1002.9415365639994,494.7067571852565,3.1547345119863457,1,7,5,0
19.558333333333334,1002.5996020629074,494.92498678716186,3.171140651538888,1,7,5,0
19.566666666666666,1001.8186515204853,495.81685863414384,3.143213618038093,1,7,5,0
19.575,1001.7814562870753,495.1621320140601,3.1948369046496734,1,7,5,0
19.583333333333332,1001.8343133784106,494.13987513524245,3.161833881993433,1,7,5,0
19.591666666666665,1001.5035578539233,493.9748918998821,3.13216897580856,1,7,5,0
19.6,1000.5691003094925,494.48034029948815,3.1376600196967876,1,7,5,0
19.608333333333334,999.4905076399698,494.9866055419511,3.1536103109573506,1,7,5,0
19.616666666666667,999.5476805965857,495.86855120496574,3.137190121411286,1,7,5,0
19.625,999.3919153494537,495.16299002735957,3.179141511439661,1,7,5,0
19.633333333333333,999.710982331154,494.5612619691318,3.1830790556579083,1,7,5,0
19.641666666666666,999.314422249474,494.494900989997,3.1869219375539344,1,7,5,0
19.65,999.0096027405755,494.69704938909297,3.1291182095244663,1,7,5,0
19.658333333333335,998.8084322317591,494.85643112194725,3.1750569796965102,1,7,5,0
19.666666666666668,999.8650198909523,494.7653476774152,3.1370136259769406,1,7,5,0
19.675,1000.8615349893463,493.9780184536423,3.170186858909523,1,7,5,0
19.683333333333334,1001.0873539548667,493.4235178766533,3.133116196087182,1,7,5,0
19.691666666666666,1000.584078824137,492.93797289014765,3.1912142133574664,1,7,5,0
19.7,1000.9219636561903,492.6864249517197,3.17110563114996,1,7,5,0
19.708333333333332,1000.8415852121097,492.35910246814785,3.1531597033425642,1,7,5,0
19.716666666666665,1000.0359398486534,492.6251231580451,3.1644658304241453,1,7,5,0
19.725,999.7840306050246,492.64021369347887,3.1462897021337857,1,7,5,0
19.733333333333334,999.1328443053662,492.60188428960544,3.1863073028308877,1,7,5,0
19.741666666666667,998.7355338936712,493.10492105202115,3.1408127807166357,1,7,5,0
19.75,999.1088665044936,492.4067587393642,3.1694209913168834,1,7,5,0
19.758333333333333,999.4571591496624,492.28240883167734,3.183047225578416,1,7,5,0
19.766666666666666,1000.3034614815247,492.47413501804385,3.1336123609478,1,7,5,0
19.775,999.9519910563642,492.6344226999783,3.149491883527206,1,7,5,0
19.783333333333335,999.6929494483953,492.0383005438984,3.2025753456547217,1,7,5,0
19.791666666666668,1000.9297323055159,491.22868668905414,3.176424136608594,1,7,5,0
19.8,1000.8631281104142,491.5314612902432,3.1807036580157457,1,7,5,0
19.808333333333334,1000.4553936040226,491.94042512453325,3.1653367188243435,1,7,5,0
19.816666666666666,1000.7208429241472,491.44674256805126,3.164660150945885,1,7,5,0
19.825,1001.0281421295188,491.1963553400418,3.1886064654448445,1,7,5,0
19.833333333333332,1001.6514611390342,490.0059355343347,3.1549377315274523,1,7,5,0
19.841666666666665,1001.1251294701113,489.509317854383,3.1798609170696808,1,7,5,0
19.85,1001.8634258233118,489.77557924104883,3.178314224329097,1,7,5,0
19.858333333333334,1002.7556262604436,489.4993662289739,3.1641548243111917,1,7,5,0
19.866666666666667,1001.9183618666773,489.80770291057473,3.191187671901202,1,7,5,0
19.875,1002.3134960261839,489.5060198162344,3.2028490571107393,1,7,5,0
19.883333333333333,1002.3594415055177,488.69454516110653,3.208675853328464,1,7,5,0
19.891666666666666,1002.4830315139078,488.96614589281586,3.1610970126126685,1,7,5,0
19.9,1002.7920241802374,488.3378500514289,3.19604374370803,1,7,5,0
19.908333333333335,1002.6980851392667,488.15748858839436,3.19715534640454,1,7,5,0
19.916666666666668,1002.6497010545987,488.26940767006874,3.220273364218993,1,7,5,0
19.925,1002.8894965292848,487.9958196355728,3.185370996973562,1,7,5,0
19.933333333333334,1003.0634547232545,488.5550350129484,3.193921489750896,1,7,5,0
19.941666666666666,1002.8209483795915,488.3184236753111,3.1983811026552917,1,7,5,0
19.95,1002.3526212264493,488.0808343549691,3.1660053353041713,1,7,5,0
19.958333333333332,1001.981157477763,487.6778149788741,3.1932126194807076,1,7,5,0
19.966666666666665,1001.864881138999,487.26031354955467,3.191917088698945,1,7,5,0
19.975,1002.5799665211634,487.2618219370336,3.1995052071865384,1,7,5,0
19.983333333333334,1003.3481197064982,486.5857517182183,3.172332001346967,1,7,5,0
19.991666666666667,1003.9222999471524,486.2845087863834,3.21124059086722,1,7,5,0
20.0,1003.6792984382784,485.95283943828736,3.195279419302366,1,7,5,0
20.008333333333333,1004.3679341897255,485.7261418056153,3.2018783083307207,1,7,5,0
20.016666666666666,1004.8397117606274,485.3494290966574,3.1824334113799306,1,7,5,0
20.025,1004.3126355189996,485.76473671400527,3.186191881478004,1,7,5,0
20.033333333333335,1003.1138464221551,485.899914100312,3.199220757852864,1,7,5,0
20.041666666666668,1004.072508455823,485.63530312811423,3.1780494084847786,1,7,5,0
20.05,1004.0127882036932,486.352178289628,3.214954415538627,1,7,5,0
20.058333333333334,1004.3825457681967,486.46589347840495,3.25145803634375,1,7,5,0
20.066666666666666,1003.4106606650909,486.19145232448136,3.218685292686109,1,7,5,0
20.075,1003.7183286133312,486.4336888538089,3.206723598780233,1,7,5,0
20.083333333333332,1003.0410508890902,486.8645387297181,3.190477882546777,1,7,5,0
20.091666666666665,1003.138387945817,486.2776650956618,3.2129852394711658,1,7,5,0
20.1,1003.1125137497124,486.565687745844,3.1953772585166744,1,7,5,0
20.108333333333334,1003.4446228458705,486.42991107609555,3.1562086944621455,1,7,5,0
20.116666666666667,1002.6283474428769,486.6790735159916,3.2351848674409056,1,7,5,0
20.125,1003.4019610402145,487.1097784014695,3.2371878536841687,1,7,5,0
20.133333333333333,1003.1327976305694,487.53039280679405,3.241739795540974,1,7,5,0
20.141666666666666,1002.924351819495,487.42100694541256,3.269090243774823,1,7,5,0
20.15,1002.9001236784326,487.3038525511594,3.229067140535711,1,7,5,0
20.158333333333335,1001.596237292932,487.1163035731954,3.2131746880151386,1,7,5,0
20.166666666666668,1001.5815284415918,486.99332138726675,3.220398127339658,1,7,5,0
20.175,1001.9300192929113,487.19018748016606,3.244729613701003,1,7,5,0
20.183333333333334,1001.9657731634347,486.3986029959769,3.2241123337495883,1,7,5,0
20.191666666666666,1002.4314823455851,486.5020376892362,3.2097499755542427,1,7,5,0
20.2,1002.4913173671916,485.9564943185561,3.2114966544732373,1,7,5,0
20.208333333333332,1001.861456798598,485.96635387370856,3.2167305480342416,1,7,5,0
20.216666666666665,1002.5080838427481,486.06324945403736,3.241038402562517,1,7,5,0
20.225,1002.676993254563,485.7715431878712,3.2703672687659187,1,7,5,0
20.233333333333334,1002.1294271399885,485.8741987476322,3.237229509589865,1,7,5,0
20.241666666666667,1002.7700089789813,485.55442228155977,3.260327460529853,1,7,5,0
20.25,1002.4497386122844,485.3081907474506,3.2721834296230496,1,7,5,0
20.258333333333333,1003.9630896284448,485.17776642512996,3.2626996434985753,1,7,5,0
20.266666666666666,1004.2669889748007,485.0446139264524,3.200417574307914,1,7,5,0
20.275,1004.229825096493,484.31572335841696,3.258525626220402,1,7,5,0
20.283333333333335,1004.285551239423,484.3892242946835,3.2858079093058907,1,7,5,0
20.291666666666668,1004.0673432429729,484.82464943372247,3.2570253156297975,1,7,5,0
20.3,1004.3867997961165,484.8227916310494,3.2632039205551475,1,7,5,0
20.308333333333334,1004.29614052358,485.134965436901,3.279946150412904,1,7,5,0
20.316666666666666,1005.2679471837071,484.70732885226244,3.3116043841086804,1,7,5,0
20.325,1005.2992385308941,484.9549253620842,3.2463687384045485,1,7,5,0
20.333333333333332,1005.5678244084444,485.1649335112475,3.3135658287602063,1,7,5,0
20.341666666666665,1005.2135763769983,485.4425717885166,3.2607529058685554,1,7,5,0
20.35,1005.0770207619223,485.7069306010977,3.319793747046815,1,7,5,0
20.358333333333334,1005.0691028122104,485.61343972672796,3.269403034119347,1,7,5,0
20.366666666666667,1005.6501506130917,485.904419194203,3.252376627992883,1,7,5,0
20.375,1005.535921882806,486.25975438383165,3.3099966029174457,1,7,5,0
20.383333333333333,1006.1414798162521,485.9360116478005,3.321880747836557,1,7,5,0
20.391666666666666,1005.8417948322393,485.75292308402356,3.2802559934676094,1,7,5,0
20.4,1005.8870086956539,485.73201382681424,3.2526629850978837,1,7,5,0
20.408333333333335,1005.9856203703182,485.20120792203886,3.2852587606561032,1,7,5,0
20.416666666666668,1005.5155711917215,484.98436706940385,3.335658685728113,1,7,5,0
20.425,1005.6947429053304,485.25452515045083,3.322112865746819,1,7,5,0
20.433333333333334,1005.8782892025796,485.2674959068087,3.3123435914907065,1,7,5,0
20.441666666666666,1006.3962602560529,485.1729106123873,3.314641982557154,1,7,5,0
20.45,1005.8465540164494,484.44682758762434,3.3005629382243806,1,7,5,0
20.458333333333332,1005.5097010279653,484.46930903377745,3.2851972420987576,1,7,5,0
20.466666666666665,1004.8621954837097,484.54354890918336,3.300201115824949,1,7,5,0
20.475,1005.7325885738865,485.0065830808549,3.288639445072739,1,7,5,0
20.483333333333334,1005.9324717168483,484.88024262396897,3.318612900472026,1,7,5,0
20.491666666666667,1006.061023241748,485.3207220132136,3.3181819688095016,1,7,5,0
20.5,1005.6199489954599,486.03779070996166,3.3209913151994934,1,7,5,0
20.508333333333333,1005.2608243635063,485.3038745510805,3.3114523515647236,1,7,5,0
20.516666666666666,1004.4989720593748,485.83114347209784,3.340401103931009,1,7,5,0
20.525,1003.84433513151,485.4415456165673,3.2764099272322587,1,7,5,0
20.533333333333335,1003.580551232892,484.7561455614586,3.2745627836592606,1,7,5,0
20.541666666666668,1003.4659587465252,485.41309950202105,3.2863651160877128,1,7,5,0
20.55,1003.5509492069306,485.7351095022319,3.2566452237617622,1,7,5,0
20.558333333333334,1003.7535665926764,485.96061633417406,3.294728015687718,1,7,5,0
20.566666666666666,1003.0879313355073,486.53580195546857,3.286880425797407,1,7,5,0
20.575,1003.7538308506532,486.88032703698195,3.3026538918737915,1,7,5,0
20.583333333333332,1003.3039906447398,486.4164602017947,3.2773425719235156,1,7,5,0
20.591666666666665,1002.789077535544,486.5572725639955,3.298804812442473,1,7,5,0
20.6,1002.9694804851823,486.9303191974976,3.31190252168856,1,7,5,0
20.608333333333334,1002.8444055977424,487.08071318619045,3.273611868368736,1,7,5,0
20.616666666666667,1002.3342926760977,487.2708612776427,3.298039783937868,1,7,5,0
20.625,1002.8094744601326,487.40932509227343,3.309646800728317,1,7,5,0
20.633333333333333,1002.5976819861778,486.9967063304291,3.2964675228232854,1,7,5,0
20.641666666666666,1002.2438128344096,487.17264101824827,3.272551212254379,1,7,5,0
20.65,1001.1361941541315,487.3437955208179,3.2743011480458595,1,7,5,0
20.658333333333335,1002.8035049331863,487.43820586371487,3.2931426011600564,1,7,5,0
20.666666666666668,1002.91236086059,486.5553779745711,3.258527594729033,1,7,5,0
20.675,1004.3334910528122,485.48824535489837,3.2867847116346436,1,7,5,0
20.683333333333334,1004.3153174523242,485.40149396128186,3.2887933144209875,1,7,5,0
20.691666666666666,1004.8936582704459,485.2515674385575,3.272910100687737,1,7,5,0
20.7,1004.6626505127286,485.42276811918293,3.2200601475663735,1,7,5,0
20.708333333333332,1005.0485911556145,484.5102948960184,3.3108603081778964,1,7,5,0
20.716666666666665,1004.0758054129554,484.58729420725444,3.3014756071797304,1,7,5,0
20.725,1003.5764353463887,483.95248001360153,3.2978441728638517,1,7,5,0
20.733333333333334,1004.0110820171075,483.78898247360974,3.276930751133731,1,7,5,0
20.741666666666667,1004.6945162236452,482.5412689272617,3.258828837409065,1,7,5,0
20.75,1004.5581416320011,482.70305364347126,3.3169517660467984,1,7,5,0
20.758333333333333,1005.2927906579632,482.6703915973371,3.2606200643529317,1,7,5,0
20.766666666666666,1004.7141185445189,482.94268558879253,3.2480690731659076,1,7,5,0
20.775,1005.2911034194118,482.80674637751025,3.3030834452462394,1,7,5,0
20.783333333333335,1004.9629039069229,481.8985192363309,3.291742109541009,1,7,5,0
20.791666666666668,1005.3033273542644,482.01066380622535,3.305653778751121,1,7,5,0
20.8,1005.4603616981549,482.3284299262221,3.308372770773992,1,7,5,0
20.808333333333334,1005.6507608784342,481.2470359784326,3.2486469428559714,1,7,5,0
20.816666666666666,1005.0710082867812,481.4536118345183,3.280151386922981,1,7,5,0
20.825,1004.7923660114737,481.13328903794917,3.2849500118114565,1,7,5,0
20.833333333333332,1004.3394098495933,480.8764997270201,3.310812873762945,1,7,5,0
20.841666666666665,1003.2659356291276,480.3568149152002,3.27193632086181,1,7,5,0
20.85,1002.6153878033734,479.6182913644388,3.3007747042766344,1,7,5,0
20.858333333333334,1003.1696395025924,478.55754974258434,3.2717559896661466,1,7,5,0
20.866666666666667,1003.1988131646117,479.2378119697722,3.2501065008227656,1,7,5,0
20.875,1003.3047564083305,479.9459331737718,3.266358082863662,1,7,5,0
20.883333333333333,1003.0318990875717,480.5164454996028,3.274536173465384,1,7,5,0
20.891666666666666,1003.3037209224761,481.68725927130674,3.2748723945561147,1,7,5,0
20.9,1003.6876137036605,480.97662200346406,3.268703029205982,1,7,5,0
20.908333333333335,1003.4291848901304,481.77895319081733,3.305182621087583,1,7,5,0
20.916666666666668,1003.703514147585,481.4394388621113,3.259845557562652,1,7,5,0
20.925,1003.8340642489842,482.8662322198943,3.330655746602549,1,7,5,0
20.933333333333334,1004.3842969871558,482.1689399961028,3.2743915452804346,1,7,5,0
20.941666666666666,1005.3892449683162,481.1238461346647,3.2751260361696617,1,7,5,0
20.95,1005.213627444242,481.14065728438777,3.3126315694980732,1,7,5,0
20.958333333333332,1005.5565896532728,480.4528499113292,3.28764903800039,1,7,5,0
20.966666666666665,1005.0966123504282,481.2251149603356,3.2940436491832954,1,7,5,0
20.975,1004.5951085122136,481.97281347910734,3.27691012930375,1,7,5,0
20.983333333333334,1004.6649555905585,481.77917398809717,3.2979175155097167,1,7,5,0
20.991666666666667,1005.0953420569286,481.5393360053334,3.3056010125512647,1,7,5,0
21.0,1004.7687809834889,481.97762996676875,3.2714055266008124,1,7,5,0
21.008333333333333,1004.3272748073384,481.8864737921347,3.2791709037130845,1,7,5,0
21.016666666666666,1004.443162380989,481.66098459309336,3.3057103153541543,1,7,5,0
21.025,1004.3043334784428,481.5814287354749,3.272290211619229,1,7,5,0
21.033333333333335,1004.802562568964,480.900932948281,3.284728553293861,1,7,5,0
21.041666666666668,1005.1322949487947,481.14387937399846,3.283069387056371,1,7,5,0
21.05,1005.6465870625113,480.98042524346744,3.306452363786368,1,7,5,0
21.058333333333334,1005.8036296058057,480.8633642658901,3.3222341607088004,1,7,5,0
21.066666666666666,1005.3780440462845,480.2503877324727,3.3071421317927645,1,7,5,0
21.075,1004.9409087870596,479.8544988989087,3.3049451600291433,1,7,5,0
21.083333333333332,1004.8987138864272,479.95253084250817,3.2938017830666255,1,7,5,0
21.091666666666665,1005.6563069318502,480.378467691364,3.3123323908207865,1,7,5,0
21.1,1006.0229687789372,480.22654443895897,3.257311598337867,1,7,5,0
21.108333333333334,1005.9793143103824,481.15815513236885,3.2892864331227987,1,7,5,0
21.116666666666667,1006.2348629509078,481.8283936030229,3.26667599700797,1,7,5,0
21.125,1006.4926238675822,481.0967526156973,3.312082567635587,1,7,5,0
21.133333333333333,1006.408278259108,480.3070121910406,3.2837519304403995,1,7,5,0
21.141666666666666,1006.6313773196083,480.93312633375587,3.2746819518160226,1,7,5,0
21.15,1007.2776290330147,481.3437777521501,3.2982037661609414,1,7,5,0
21.158333333333335,1007.2128797440259,481.1270262695656,3.282624583923581,1,7,5,0
21.166666666666668,1007.7574881436109,480.55056173132704,3.3043969462467766,1,7,5,0
21.175,1007.6483041109909,480.1508351605023,3.301161537037006,1,7,5,0
21.183333333333334,1007.2196966730704,479.96629091016734,3.2835874015742466,1,7,5,0
21.191666666666666,1006.3671827493733,480.3236919056199,3.30957514083946,1,7,5,0
21.2,1006.8351094719666,480.0842407641415,3.2859735613768817,1,7,5,0
21.208333333333332,1006.6850943607185,480.1389372444771,3.323618686270466,1,7,5,0
21.216666666666665,1006.3426553638258,480.08288131740665,3.259553428428388,1,7,5,0
21.225,1006.6458108104463,480.29348539238964,3.3290345423343175,1,7,5,0
21.233333333333334,1007.5706607052589,479.97035919688335,3.3166207206061182,1,7,5,0
21.241666666666667,1008.5583941098009,480.21305935297426,3.2987883552881017,1,7,5,0
21.25,1008.5967794199487,480.11122347269924,3.313444649993453,1,7,5,0
21.258333333333333,1008.3771370804725,480.18834764054264,3.321883402294161,1,7,5,0
21.266666666666666,1008.3931206462619,480.4523872553232,3.2933155169345203,1,7,5,0
21.275,1008.3511215883701,479.97190739984717,3.29922575614661,1,7,5,0
21.283333333333335,1007.8251860195404,480.4400545063393,3.308431727886292,1,7,5,0
21.291666666666668,1006.8065711328828,479.4319552491879,3.298151264187412,1,7,5,0
21.3,1006.7376832982682,479.23047622099284,3.2999972241340747,1,7,5,0
21.308333333333334,1005.9709852730994,479.6089127641116,3.3125437620319085,1,7,5,0
21.316666666666666,1007.2849802000427,479.00452396934327,3.2868528079697636,1,7,5,0
21.325,1006.9816658258884,477.733692811517,3.3099743381080535,1,7,5,0
21.333333333333332,1007.2628595095296,477.7995872791161,3.302854617508782,1,7,5,0
21.341666666666665,1007.1640912444358,477.0459716158149,3.289104726195227,1,7,5,0
21.35,1256.18983437129,391.3503010519398,3.284286156472674,1,7,5,0
21.358333333333334,1255.8525798100009,391.4483246708876,3.3301045691957007,1,7,5,0
21.366666666666667,1006.7845999955482,477.32227401189857,3.3346424304652453,1,7,5,0
21.375,1006.7900706586668,477.367541120618,3.293633752284715,1,7,5,0
21.383333333333333,1007.1050894340837,477.48946812996667,3.3168928482776603,1,7,5,0
21.391666666666666,1007.1236964762761,477.21379619532394,3.3312391927750022,1,7,5,0
21.4,1006.7725973589132,477.0456177227199,3.304743700962613,1,7,5,0
21.408333333333335,1006.6983662208678,477.21179420340366,3.315271883597595,1,7,5,0
21.416666666666668,1007.790167145092,477.04446153242526,3.2897389464436975,1,7,5,0
21.425,1007.1393218499447,477.20952310661744,3.3219633449159423,1,7,5,0
21.433333333333334,1006.7488927545664,476.9156571668396,3.3063607553911054,1,7,5,0
21.441666666666666,1006.9452022173513,477.3094336931088,3.3004621678153243,1,7,5,0
21.45,1006.0198412861229,476.70189130694683,3.2702889196622977,1,7,5,0
21.458333333333332,1005.6898722707363,476.0314501714872,3.276040937938356,1,7,5,0
21.466666666666665,1006.2407998296262,475.98137002631,3.2890791717534884,1,7,5,0
21.475,1006.2589415499026,476.3204385648204,3.303616443333137,1,7,5,0
21.483333333333334,1006.2720298874041,476.9458898015838,3.3080014490490495,1,7,5,0
21.491666666666667,1006.8896299165593,476.60631304367456,3.2989121322548476,1,7,5,0
21.5,1007.3217277426655,475.7158040379987,3.299376483778057,1,7,5,0
21.508333333333333,1007.3976634812875,475.9966443406971,3.2999950901208255,1,7,5,0
21.516666666666666,1007.0716096476447,475.4839436231896,3.315143576602241,1,7,5,0
21.525,1006.3847302499189,475.75204301995564,3.288842503935951,1,7,5,0
21.533333333333335,1007.5764594655592,476.09346842990607,3.293042109053954,1,7,5,0
21.541666666666668,1007.8605763867253,476.10497504024215,3.280302855591079,1,7,5,0
21.55,1008.0850204996472,476.92308453999567,3.2858999645411076,1,7,5,0
21.558333333333334,1008.359351306859,476.1853372030511,3.290725278727242,1,7,5,0
21.566666666666666,1007.6201439128828,476.01737751517464,3.2718791571708206,1,7,5,0
21.575,1007.3292691938672,475.98293273434484,3.2676356406305667,1,7,5,0
21.583333333333332,1007.400985382501,475.57821124489436,3.288948387653178,1,7,5,0
21.591666666666665,1007.4251905574611,475.53606935554086,3.263544132331423,1,7,5,0
21.6,1007.7224562465487,476.00793812682605,3.2872041901626785,1,7,5,0
21.608333333333334,1007.3866203054392,475.72042947231535,3.333341264799772,1,7,5,0
21.616666666666667,1007.6231260466888,475.24832942899076,3.297634843151177,1,7,5,0
21.625,1007.6826245496334,474.9459701435309,3.2671873879447286,1,7,5,0
21.633333333333333,1007.9881228143538,475.0237638119594,3.309606315736221,1,7,5,0
21.641666666666666,1007.3165195711173,474.3742739834968,3.26705341796551,1,7,5,0
21.65,1007.5931961776425,474.36877138057235,3.29196361516436,1,7,5,0
21.658333333333335,1008.3523714616481,474.338100526096,3.2566119249919714,1,7,5,0
21.666666666666668,1008.9082526318791,474.5544880371035,3.283872339038394,1,7,5,0
21.675,1008.6646341927261,473.79409182282234,3.3222745715510205,1,7,5,0
21.683333333333334,1008.7128647092201,473.6375610970093,3.2795370405445015,1,7,5,0
21.691666666666666,1008.3887939653384,473.96140591702107,3.2834895986001693,1,7,5,0
21.7,1008.8826460980251,473.41246085670616,3.2967557321467362,1,7,5,0
21.708333333333332,1008.8786976565839,472.81693842752827,3.3012232775232437,1,7,5,0
21.716666666666665,1008.4120737505339,473.19085944383494,3.2403722400331016,1,7,5,0
21.725,1008.4390499372446,473.2251326113912,3.2654872291716854,1,7,5,0
21.733333333333334,1009.5016518741407,472.6101454538184,3.2899176431952735,1,7,5,0
21.741666666666667,1010.7842187272342,472.77459690243467,3.294577620182054,1,7,5,0
21.75,1011.1156169746207,473.2598587886621,3.267640731874713,1,7,5,0
21.758333333333333,1011.2188387167754,472.8097705072428,3.282814139598919,1,7,5,0
21.766666666666666,1011.2353440018996,473.0714179937385,3.264379713332114,1,7,5,0
21.775,1010.9917024241062,472.735282952079,3.25170945599538,1,7,5,0
21.783333333333335,1010.5714508739504,473.98897627862635,3.29122749109579,1,7,5,0
21.791666666666668,1010.6810583278293,473.75643952291216,3.2406822548668908,1,7,5,0
21.8,1010.8405487633503,473.4407399763657,3.23653937250213,1,7,5,0
21.808333333333334,1011.0494734022145,472.5649965211129,3.261600832555399,1,7,5,0
21.816666666666666,1011.0331954709402,472.20767671539284,3.2611760111271524,1,7,5,0
21.825,1011.4754994183793,471.90865385401906,3.266952555809868,1,7,5,0
21.833333333333332,1011.7527107677081,472.42260454637847,3.2906469236748763,1,7,5,0
21.841666666666665,1010.6592739498567,473.2551431154116,3.263433048789287,1,7,5,0
21.85,1010.7384633306579,473.6843776504629,3.269953972510697,1,7,5,0
21.858333333333334,1010.4304822916022,473.1493174218948,3.2556362370371263,1,7,5,0
21.866666666666667,1010.3165155567965,473.7367870201807,3.239520004694636,1,7,5,0
21.875,1010.5297469843374,473.3487161969996,3.277802956220013,1,7,5,0
21.883333333333333,1010.3509545200451,472.59510556983406,3.246418220980911,1,7,5,0
21.891666666666666,1010.5499754024518,472.3713555220053,3.2449743677402556,1,7,5,0
21.9,1010.3053813005934,472.36336192323733,3.301779745058841,1,7,5,0
21.908333333333335,1011.1360912883412,473.0879468566461,3.242550332188521,1,7,5,0
21.916666666666668,1011.0262682726758,471.5418186743991,3.2627025397552107,1,7,5,0
21.925,1010.4226785676823,471.5690195102372,3.2617313692518533,1,7,5,0
21.933333333333334,1010.5135797191878,471.6112866840983,3.2526697418389428,1,7,5,0
21.941666666666666,1009.6371206544392,472.2456063016681,3.208471065453945,1,7,5,0
21.95,1009.3748801995267,471.3519002955332,3.2865880174934037,1,7,5,0
21.958333333333332,1009.6227553097121,470.8686047187574,3.276904057748002,1,7,5,0
21.966666666666665,1009.2592006797074,470.81708097927725,3.275887716045554,1,7,5,0
21.975,1009.2313397512049,470.0821917014728,3.2732454881485973,1,7,5,0
21.983333333333334,1009.5104736295027,470.7729905037066,3.2677873342629575,1,7,5,0
21.991666666666667,1009.6576463842615,470.55602563295326,3.2619099851524247,1,7,5,0
22.0,1009.3786599001916,470.4126377694927,3.2481339567461873,1,7,5,0
22.008333333333333,1009.2459615551642,470.8931927351984,3.2784783206549277,1,7,5,0
22.016666666666666,1008.7922705765592,471.0847804553292,3.246350012437557,1,7,5,0
22.025,1008.873489521467,469.9957853761257,3.2425962123266716,1,7,5,0
22.033333333333335,1009.3224465272816,469.1625134872808,3.263470409319055,1,7,5,0
22.041666666666668,1008.9191385058589,469.2333791106327,3.233569535547169,1,7,5,0
22.05,1008.9090525268682,469.29636155185517,3.2366000937799595,1,7,5,0
22.058333333333334,1009.5830978661528,469.6101681128305,3.284979568884458,1,7,5,0
22.066666666666666,1009.6612038721452,469.8628341292802,3.223105156770998,1,7,5,0
22.075,1010.2766618456523,469.7082503603767,3.2656975390206835,1,7,5,0
22.083333333333332,1011.1241873412627,469.8290308346693,3.236796907265117,1,7,5,0
22.091666666666665,1011.1757396319973,469.92216305825406,3.239362868448537,1,7,5,0
22.1,1011.2342315898343,470.5057207483526,3.2403905515690115,1,7,5,0
22.108333333333334,1011.2074933315009,471.9461723057185,3.2413444743055777,1,7,5,0
22.116666666666667,1011.3754635917879,471.57788198502266,3.2064794724184114,1,7,5,0
22.125,1010.3359954811956,471.3785179063765,3.209780773124955,1,7,5,0
22.133333333333333,1010.1180028605099,471.50312569485914,3.26548553603314,1,7,5,0
22.141666666666666,1009.4639027321787,471.96591898962754,3.207450037947473,1,7,5,0
22.15,1008.8212072001149,472.85364488161866,3.2247953151855224,1,7,5,0
22.158333333333335,1008.50503984726,472.7088401022925,3.2466478843405353,1,7,5,0
22.166666666666668,1007.7058525770567,472.53229217952577,3.2020400396983684,1,7,5,0
22.175,1008.7122450375678,472.44971705827976,3.2366294743997384,1,7,5,0
22.183333333333334,1008.9352238730331,473.3120904130293,3.232156849647826,1,7,5,0
22.191666666666666,1008.9910173771485,473.2260336221106,3.229037494090003,1,7,5,0
22.2,1008.8672630129905,472.89228473739024,3.24992559938291,1,7,5,0
22.208333333333332,1008.8569928018273,472.0648015576425,3.232156558264218,1,7,5,0
22.216666666666665,1009.2465880127619,471.94302514243265,3.211449246458922,1,7,5,0
22.225,1009.6797220455392,471.94993076730873,3.2452961314900506,1,7,5,0
22.233333333333334,1010.3942138507077,471.8290116101919,3.2078765795957525,1,7,5,0
22.241666666666667,1011.0125714410726,471.36657911322334,3.249949686522501,1,7,5,0
22.25,1011.0667427962128,471.8522552108861,3.2036958514117964,1,7,5,0
22.258333333333333,1011.0303496342431,471.8788711073547,3.229225543683234,1,7,5,0
22.266666666666666,1010.8938154864086,471.94401028699264,3.237044336580016,1,7,5,0
22.275,1010.7986183647067,471.99566136399113,3.2052266792388537,1,7,5,0
22.283333333333335,384.31136667443855,641.3927614792169,3.226568480272133,1,7,5,0
22.291666666666668,383.3477637525216,641.8764262857817,3.253109199757935,1,7,5,0
22.3,1009.5956301949415,472.76045302229795,3.2127094732436956,1,7,5,0
22.308333333333334,1009.5871204431984,473.0124952815946,3.2752670479333545,1,7,5,0
22.316666666666666,1009.2369426396307,473.1912351186904,3.202511813436321,1,7,5,0
22.325,1010.0433416080294,473.95663269774764,3.2592109861230636,1,7,5,0
22.333333333333332,1010.3732770557984,473.52802466552845,3.2386040563563,1,7,5,0
22.341666666666665,1010.0972967687685,473.37268963108244,3.2114967742912075,1,7,5,0
22.35,1009.2962652439426,473.78005038300967,3.1847232517237263,1,7,5,0
22.358333333333334,1010.6794217463429,474.71080028457254,3.226557361236795,1,7,5,0
22.366666666666667,1011.8556750088002,475.881495510975,3.1878778730472597,1,7,5,0
22.375,1012.4113717334773,474.84493163642406,3.2380522223834856,1,7,5,0
22.383333333333333,1012.5568988739883,475.23164553574094,3.212974249882852,1,7,5,0
22.391666666666666,1012.412781164789,474.8347268607908,3.236205939714305,1,7,5,0
22.4,1012.9344671275707,475.59156306950604,3.2077516323461874,1,7,5,0
22.408333333333335,1012.2308619376457,475.81225771229396,3.210769631717753,1,7,5,0
22.416666666666668,1012.0515329916644,475.94897563242785,3.191157457844032,1,7,5,0
22.425,1012.3499990250368,476.03465004903626,3.1882695567575343,1,7,5,0
22.433333333333334,1012.0799031607713,475.88557486172454,3.1673984881030184,1,7,5,0
22.441666666666666,1012.4731802982259,476.02715379780415,3.2199995052228276,1,7,5,0
22.45,1012.9603118426842,475.67305871045744,3.200176773380931,1,7,5,0
22.458333333333332,1012.1993091532046,476.7672160161638,3.20714547946288,1,7,5,0
22.466666666666665,1011.7988529061332,476.830931295921,3.2023821177313256,1,7,5,0
22.475,1012.0716051519769,476.93180064255847,3.1440759034863657,1,7,5,0
22.483333333333334,1011.6212503865887,476.5931418778591,3.201594929628717,1,7,5,0
22.491666666666667,1011.6558814997568,476.6342089667531,3.222721363909829,1,7,5,0
22.5,1011.8841795134389,477.02674647096234,3.214170767321372,1,7,5,0
22.508333333333333,1012.1408928564854,476.7403048157016,3.2054499309876525,1,7,5,0
22.516666666666666,1012.3998748405219,476.25316221197767,3.19752842341329,1,7,5,0
22.525,1011.3833652874226,475.46704028879856,3.209233096986118,1,7,5,0
22.533333333333335,1011.4860980991758,475.64148952325905,3.185700657150165,1,7,5,0
22.541666666666668,1011.6946399546265,474.965131256325,3.1963567856449067,1,7,5,0
22.55,1012.0772924836671,474.69268880324915,3.1999189878265444,1,7,5,0
22.558333333333334,1011.9880710772248,475.30899364408606,3.199853693629981,1,7,5,0
22.566666666666666,1012.4751591239615,475.43646610087313,3.192447249958106,1,7,5,0
22.575,1012.4100853341915,475.3372595436571,3.1938994477224605,1,7,5,0
22.583333333333332,1012.1954547599081,475.7509350066347,3.2267098770851406,1,7,5,0
22.591666666666665,1012.3733297470059,475.5993752108789,3.202393715438167,1,7,5,0
22.6,1012.4512411682779,475.3468604891764,3.170282052521458,1,7,5,0
22.608333333333334,1011.9411809252845,475.47514054720386,3.208348229248831,1,7,5,0
22.616666666666667,1012.6569427864649,474.61005990832507,3.2272997370531398,1,7,5,0
22.625,1012.2640910019759,474.23857348337015,3.1904955408917766,1,7,5,0
22.633333333333333,1011.9418439513087,474.086929691489,3.1453712418679523,1,7,5,0
22.641666666666666,1010.6718992668469,474.39110036499756,3.195820133679196,1,7,5,0
22.65,1010.1779041804158,473.29124519152543,3.1516359509791987,1,7,5,0
22.658333333333335,1009.7097855516702,473.30834640835803,3.1956936485357352,1,7,5,0
22.666666666666668,1009.9946775226725,473.34800173693793,3.1757953058076103,1,7,5,0
22.675,1009.4243673735232,474.05177852565276,3.1758744570426827,1,7,5,0
22.683333333333334,1009.4455286042158,474.29838128381493,3.1876333558343135,1,7,5,0
22.691666666666666,1009.0178259652552,473.92981213953715,3.205256371126387,1,7,5,0
22.7,1008.8939244184395,473.54611997543793,3.202987289699006,1,7,5,0
22.708333333333332,1009.9206477035656,473.28993658776335,3.177646400456945,1,7,5,0
22.716666666666665,1010.3401589187126,474.17358705393104,3.1772488107723964,1,7,5,0
22.725,1010.9230613039763,474.75170274561333,3.1648230702315416,1,7,5,0
22.733333333333334,1011.218933714903,475.21238225833144,3.1679918982289035,1,7,5,0
22.741666666666667,1010.571224284453,475.31653714658916,3.1688328027246597,1,7,5,0
22.75,1011.0832494858805,475.3117847203054,3.1534503446093662,1,7,5,0
22.758333333333333,1012.1472350062165,476.5207368075501,3.162960390086605,1,7,5,0
22.766666666666666,1011.9193181999328,477.11019197762744,3.191446273896961,1,7,5,0
22.775,1011.6430179556513,477.94125072992716,3.146052113894661,1,7,5,0
22.783333333333335,1011.2322332824278,477.9038890076525,3.1406925355817394,1,7,5,0
22.791666666666668,1010.6026030092567,477.4786113093895,3.1358486531222067,1,7,5,0
22.8,1009.6751421269382,478.3611020899892,3.1773105888288047,1,7,5,0
22.808333333333334,1009.9366564017483,478.99670305096214,3.1747587482987547,1,7,5,0
22.816666666666666,1009.7751566318399,478.6385697435918,3.1872093478295134,1,7,5,0
22.825,1009.9434644988017,478.8755737041353,3.159083012364184,1,7,5,0
22.833333333333332,1010.1250453576918,478.7788104492577,3.1876101892850324,1,7,5,0
22.841666666666665,1009.8923553313759,478.4367387082908,3.1595712355575136,1,7,5,0
22.85,1009.9433082416558,478.57528127686294,3.1404838338578203,1,7,5,0
22.858333333333334,1010.9324339929049,478.3651463467772,3.1359267140085656,1,7,5,0
22.866666666666667,1011.107727355857,479.0560375605015,3.1245238963302566,1,7,5,0
22.875,1011.4135392957809,478.36147601542757,3.1444703019117055,1,7,5,0
22.883333333333333,1011.8434043437603,478.60324329083676,3.157305676703127,1,7,5,0
22.891666666666666,1011.1862777547299,478.7154807245416,3.163072900839091,1,7,5,0
22.9,1010.9243612145076,478.91341573051864,3.1736186570822356,1,7,5,0
22.908333333333335,1011.324363842826,480.1906397874296,3.1255530040886406,1,7,5,0
22.916666666666668,1011.4897600465171,480.34972745672536,3.1436302046981033,1,7,5,0
22.925,1011.165150348644,479.6951390543061,3.166564196634732,1,7,5,0
22.933333333333334,1010.7223275337856,479.7926421602765,3.1450907078405286,1,7,5,0
22.941666666666666,1010.0917375183169,480.55721392220744,3.1463865697783304,1,7,5,0
22.95,1009.7740911439854,480.7846324886424,3.1750999422430524,1,7,5,0
22.958333333333332,1010.0280618671102,480.5678813716486,3.1331811837861316,1,7,5,0
22.966666666666665,1009.7034630531965,480.31838609865855,3.1126162121790184,1,7,5,0
22.975,1010.1356317606644,480.78406774923445,3.166525257624516,1,7,5,0
22.983333333333334,1010.2561041918675,481.674021318945,3.153925535058195,1,7,5,0
22.991666666666667,1010.3131615356789,482.4903682801034,3.124724166103792,1,7,5,0
23.0,1010.8991662445072,482.12642600189594,3.1663918311739456,1,7,5,0
23.008333333333333,1010.7229444315919,481.2981285047931,3.1254040057292047,1,7,5,0
23.016666666666666,1011.1326130383013,481.22459717372124,3.1316802929008545,1,7,5,0
23.025,1010.0365385786106,480.81278983243016,3.125376515316852,1,7,5,0
23.033333333333335,1010.2369442002889,480.5545736277568,3.160283191830975,1,7,5,0
23.041666666666668,1009.9898145693542,480.70816778561755,3.142719359159792,1,7,5,0
23.05,1010.1334023884137,480.82528743217097,3.1473099762774015,1,7,5,0
23.058333333333334,1009.4999809091531,481.1067430974906,3.138816298267719,1,7,5,0
23.066666666666666,1008.672650911686,481.478377581413,3.1109902398626463,1,7,5,0
23.075,1008.8074572790757,481.5784535001008,3.169944395447952,1,7,5,0
23.083333333333332,1008.445345595042,481.31485674784096,3.1232110095278354,1,7,5,0
23.091666666666665,1008.4127904325971,481.85561400801635,3.1082092980001623,1,7,5,0
23.1,1008.1868257559299,481.2781170851698,3.1334069040289654,1,7,5,0
23.108333333333334,1008.2367471541729,481.4212480766378,3.1381867307496125,1,7,5,0
23.116666666666667,1007.5574631500521,481.4996951350786,3.1477100901362536,1,7,5,0
23.125,1007.8123422726129,481.3234493252862,3.1448592991653337,1,7,5,0
23.133333333333333,1008.2847101986516,481.73615442400563,3.1376207612452687,1,7,5,0
23.141666666666666,1008.2212632969748,480.82316428184475,3.1398348814847568,1,7,5,0
23.15,1008.3484157908498,481.55036940508234,3.1620899835324017,1,7,5,0
23.158333333333335,1008.882553141484,481.6985341724462,3.104915827873739,1,7,5,0
23.166666666666668,1009.8771183757572,482.00830259749085,3.107465730667651,1,7,5,0
23.175,1010.3808691710077,480.88605637570333,3.110235994720924,1,7,5,0
23.183333333333334,1010.5656058426069,481.3684920863062,3.1430368410152845,1,7,5,0
23.191666666666666,1011.0199033637106,482.07284229231647,3.124629596090138,1,7,5,0
23.2,1011.9544058099602,482.47380255015327,3.101834952742867,1,7,5,0
23.208333333333332,1011.9035641464193,482.9190172262055,3.1321971389304344,1,7,5,0
23.216666666666665,1012.2857494816944,482.60460047116504,3.106865517455751,1,7,5,0
23.225,1012.647155270515,482.6646694934396,3.1198903863204714,1,7,5,0
23.233333333333334,1012.7962897582727,482.4899612114603,3.091795334031154,1,7,5,0
23.241666666666667,1013.2381044808932,482.3954182796588,3.0912343590441176,1,7,5,0
23.25,1013.5639137431782,483.42813084658343,3.142241059503838,1,7,5,0
23.258333333333333,1013.943777554455,483.41258195002524,3.103908064826672,1,7,5,0
23.266666666666666,1013.68712762864,483.42806854574593,3.1485844418441986,1,7,5,0
23.275,1014.3502637981426,482.5258871736429,3.1132441178675516,1,7,5,0
23.283333333333335,1014.8517774777927,482.76306935421485,3.087544427815361,1,7,5,0
23.291666666666668,1015.0783703516483,483.1688699438939,3.133916651674452,1,7,5,0
23.3,1015.8831119844326,484.40413081343814,3.1253455629166256,1,7,5,0
23.308333333333334,1015.0286749841816,484.53287622802395,3.1030845155059072,1,7,5,0
23.316666666666666,1015.0478801527909,484.327820441874,3.0768519258304043,1,7,5,0
23.325,1014.398930129826,484.5663501992943,3.1027385413744972,1,7,5,0
23.333333333333332,1014.5613655228002,484.7267715675243,3.115877874866609,1,7,5,0
23.341666666666665,1015.1267477423899,484.56052439737,3.148626578603053,1,7,5,0
23.35,1015.4182204131872,484.7305858094046,3.1187427355752404,1,7,5,0
23.358333333333334,1014.9504336722366,484.60554440231437,3.130454156240683,1,7,5,0
23.366666666666667,1015.1022585570421,483.5449147032106,3.1132209063473866,1,7,5,0
23.375,1015.8853009110645,483.7255600042174,3.0688332361362853,1,7,5,0
23.383333333333333,1016.9907924248417,483.6818593365041,3.134024086442356,1,7,5,0
23.391666666666666,1017.1112978837668,484.4091304018747,3.12899564149539,1,7,5,0
23.4,1017.4439309944155,484.425999208646,3.1079866533226563,1,7,5,0
23.408333333333335,1017.2712514138243,484.21614621016965,3.099754754626008,1,7,5,0
23.416666666666668,1017.5362696753491,485.0385909725006,3.118216026869391,1,7,5,0
23.425,1017.7611582083808,485.22890976265074,3.11448104919393,1,7,5,0
23.433333333333334,1018.1853788117246,485.52664616774894,3.120238334518645,1,7,5,0
23.441666666666666,1018.5811917021213,486.01490935869714,3.0982741593036667,1,7,5,0
23.45,1019.2456294004833,485.26385262514134,3.1199909056053285,1,7,5,0
23.458333333333332,1019.0146047083252,485.39618790203406,3.1227361697584626,1,7,5,0
23.466666666666665,1019.0862411563993,484.91340202461345,3.0601336224942774,1,7,5,0
23.475,1019.530689009755,485.33556267977883,3.0687158014584073,1,7,5,0
23.483333333333334,1019.7488642496912,484.35079696380024,3.1066632012550497,1,7,5,0
23.491666666666667,1018.9967598112686,484.25687510015626,3.0921537367043457,1,7,5,0
23.5,1018.9695819556075,484.55226991389804,3.1194546823427847,1,7,5,0
23.508333333333333,1018.8808897483783,484.39785609214954,3.118399358423717,1,7,5,0
23.516666666666666,1019.7230380105302,484.6423353458522,3.111145841177726,1,7,5,0
23.525,1019.6052942136265,485.02632613071574,3.087375471682473,1,7,5,0
23.533333333333335,1019.6029862652044,485.964369298675,3.117453528175548,1,7,5,0
23.541666666666668,1019.4455842536577,485.79684322849715,3.1248980236584947,1,7,5,0
23.55,1018.7570631802374,485.7801506558003,3.1099858266887725,1,7,5,0
23.558333333333334,1018.9684596254498,485.8208146688494,3.100203944232311,1,7,5,0
23.566666666666666,1019.2873968251854,485.62220147333846,3.1103869248770057,1,7,5,0
23.575,1019.2995510600285,485.172281818731,3.1360210127798265,1,7,5,0
23.583333333333332,1019.5316175477093,484.3292963790076,3.1215055619132164,1,7,5,0
23.591666666666665,1019.7789242710592,485.46140529127626,3.129528123640663,1,7,5,0
23.6,1019.989604755864,486.00498815575725,3.106437469929538,1,7,5,0
23.608333333333334,1019.7407888764216,485.5748948344988,3.083476476160839,1,7,5,0
23.616666666666667,1019.6487797370213,484.64313432369045,3.1051596965260497,1,7,5,0
23.625,1019.9101076774043,485.32111005088484,3.0949505231841057,1,7,5,0
23.633333333333333,1020.3116323212519,485.36688609720744,3.0667081045727866,1,7,5,0
23.641666666666666,1019.9701089301062,486.2249283855532,3.10660668536142,1,7,5,0
23.65,1021.0706542002711,486.41756792359314,3.081057288864336,1,7,5,0
23.658333333333335,1021.4404949478578,486.51244681409867,3.076104170587974,1,7,5,0
23.666666666666668,1022.430254716584,486.6388349124144,3.114377970897519,1,7,5,0
23.675,1021.8868858480139,486.1623887686946,3.1053752931344105,1,7,5,0
23.683333333333334,1022.5982416686282,486.1569958067716,3.112055388268364,1,7,5,0
23.691666666666666,1024.3252219868336,486.2047869065566,3.0569348719143985,1,7,5,0
23.7,1024.8978810422466,486.004059076933,3.06801641565768,1,7,5,0
23.708333333333332,1024.6964188310906,486.1072832073824,3.086794997613942,1,7,5,0
23.716666666666665,1025.8981505170395,486.39622639672587,3.0882621347411416,1,7,5,0
23.725,1025.0660636796304,486.7737110273756,3.093023956263449,1,7,5,0
23.733333333333334,1024.820702217409,487.6008726305868,3.104644696553827,1,7,5,0
23.741666666666667,1025.0688821419253,487.18727993125043,3.11498496538132,1,7,5,0
23.75,1024.961228513049,486.425255656255,3.1143284272766913,1,7,5,0
23.758333333333333,1024.4201595271056,486.4772787220129,3.0822594147339495,1,7,5,0
23.766666666666666,1025.112271601019,486.9976831998217,3.0707857241768535,1,7,5,0
23.775,1024.3363841382447,487.90175020534537,3.115870181067432,1,7,5,0
23.783333333333335,1024.5935568200052,488.1474373319494,3.0707192798800036,1,7,5,0
23.791666666666668,1024.8281470433376,487.9188382466489,3.0644041539886318,1,7,5,0
23.8,1025.204501936685,487.851508917424,3.1152369383286813,1,7,5,0
23.808333333333334,1025.7547220968686,488.7734732855876,3.1121174025937384,1,7,5,0
23.816666666666666,1026.3484724599473,489.0368517277596,3.1253348302177937,1,7,5,0
23.825,1025.749338588418,489.0558029038509,3.149137161841804,1,7,5,0
23.833333333333332,1025.3984940222863,489.81690027770674,3.0947082255539864,1,7,5,0
23.841666666666665,1026.0343348348092,489.84548695283496,3.1200205436249546,1,7,5,0
23.85,1025.023097723575,489.7705616376991,3.1126320212808505,1,7,5,0
23.858333333333334,1025.4181355812802,490.4403867205953,3.104049011149347,1,7,5,0
23.866666666666667,1025.1829895729245,490.6399108045196,3.101829201229017,1,7,5,0
23.875,1024.9339543750566,491.2182825648313,3.0949996600269247,1,7,5,0
23.883333333333333,1024.4067652563967,490.4639003640472,3.056577722255013,1,7,5,0
23.891666666666666,1024.2953316430478,490.3051154514274,3.1046119610499225,1,7,5,0
23.9,1023.8859700479181,491.0824973680749,3.1138065483533484,1,7,5,0
23.908333333333335,1024.1304698600527,491.01745265482475,3.0700308093941047,1,7,5,0
23.916666666666668,1024.312282536862,490.18999898417616,3.088434220103232,1,7,5,0
23.925,1024.1406665854518,489.9232472065993,3.0887623078710162,1,7,5,0
23.933333333333334,1023.0295153936363,489.7037739219233,3.1063318816147634,1,7,5,0
23.941666666666666,1023.5432549774475,488.8477748969328,3.082452542227866,1,7,5,0
23.95,1022.9140310265568,488.93443729301794,3.0793285408180653,1,7,5,0
23.958333333333332,1023.1546921092593,489.68543449734847,3.1003070752576516,1,7,5,0
23.966666666666665,1022.4981645711847,490.02779903985066,3.1050755338853167,1,7,5,0
23.975,1023.1165322161996,489.737318963254,3.081074086745397,1,7,5,0
23.983333333333334,1023.2807417719041,489.401629597278,3.085431352280373,1,7,5,0
23.991666666666667,1022.5568396312304,488.5564455566061,3.11495397735575,1,7,5,0
24.0,1022.9334547247462,489.09650318209634,3.120777396807995,1,7,5,0
24.008333333333333,1022.9997516398536,489.23505783335463,3.1143973629950445,1,7,5,0
24.016666666666666,1023.562271503789,489.4204338418516,3.1322686952775833,1,7,5,0
24.025,1023.9691628813248,488.7644850002992,3.125148868106014,1,7,5,0
24.033333333333335,1023.5993122873558,488.88811498082595,3.1066789734590383,1,7,5,0
24.041666666666668,1023.6870633666659,489.1833270847584,3.109823915042029,1,7,5,0
24.05,1023.9012828972293,488.31537873199125,3.1050534360047766,1,7,5,0
24.058333333333334,1023.2804877878049,488.17596254232177,3.10345703263436,1,7,5,0
24.066666666666666,1023.3706173492617,487.6952296995317,3.1111423649614998,1,7,5,0
24.075,1022.8224776222203,487.7378655875792,3.107403536212392,1,7,5,0
24.083333333333332,1023.0461958952853,487.38456811022934,3.114659601942418,1,7,5,0
24.091666666666665,1023.1830152695716,487.8976906030305,3.1265924969979464,1,7,5,0
24.1,1023.2612014554506,487.8951448021328,3.0982059239869044,1,7,5,0
24.108333333333334,1024.1627833734412,488.03103592011246,3.059769066258403,1,7,5,0
24.116666666666667,1024.6467631480555,487.6955579027067,3.0979983057021254,1,7,5,0
24.125,1025.1213132106798,488.133666662503,3.090254364064874,1,7,5,0
24.133333333333333,1024.747028467388,487.7267731905943,3.1467933574208327,1,7,5,0
24.141666666666666,1024.5174225535377,488.01778008075763,3.1220101838947487,1,7,5,0
24.15,1023.5746977520442,488.5960024548159,3.1220202887322284,1,7,5,0
24.158333333333335,1023.3631924126164,488.89868620634337,3.155812886972813,1,7,5,0
24.166666666666668,1023.5196552761959,489.50129956747674,3.1003472695006056,1,7,5,0
24.175,1024.0001373130972,489.93377768563914,3.1362238585713866,1,7,5,0
24.183333333333334,1023.4718166469577,489.8469441716519,3.0876482194977224,1,7,5,0
24.191666666666666,1023.8991892257725,489.6662523044759,3.1238119483727527,1,7,5,0
24.2,1023.4966749948262,489.5435347245223,3.1069974258346726,1,7,5,0
24.208333333333332,1023.5183650359301,490.3189808160574,3.1060601500972047,1,7,5,0
24.216666666666665,1023.3473354848401,491.1804850282668,3.103018099748387,1,7,5,0
24.225,1023.3657796559713,491.1645129813255,3.1271566385130902,1,7,5,0
24.233333333333334,1023.9585441779471,491.348430615062,3.112709168328486,1,7,5,0
24.241666666666667,1023.6911569302509,491.215802595602,3.126521068976143,1,7,5,0
24.25,1023.856293083164,491.2692437980155,3.120855686806663,1,7,5,0
24.258333333333333,1023.4238628046122,491.02227580530104,3.11625994488474,1,7,5,0
24.266666666666666,1023.5260220385616,491.12032058965946,3.1093103752727456,1,7,5,0
24.275,1023.4065381673838,491.83673001438,3.1379740188737495,1,7,5,0
24.283333333333335,1022.6744859299989,491.94371415664466,3.1135699113921818,1,7,5,0
24.291666666666668,1023.4877127781212,491.70493744418053,3.113175388422266,1,7,5,0
24.3,1022.8984756799043,491.9977931562519,3.121044595309589,1,7,5,0
24.308333333333334,1022.8475213339964,491.9668468454763,3.1293941060312487,1,7,5,0
24.316666666666666,1023.1432041082843,491.5620514539676,3.114415788753934,1,7,5,0
24.325,1022.3245938838592,491.94113767485726,3.14380172923887,1,7,5,0
24.333333333333332,1021.8028145777926,491.0848814869644,3.1737288546989104,1,7,5,0
24.341666666666665,1022.1684708843,490.210653874431,3.1465988573069206,1,7,5,0
24.35,1022.090471584911,490.61788924835764,3.1186700734100654,1,7,5,0
24.358333333333334,1020.9648282506543,490.07515062794204,3.1326561020918677,1,7,5,0
24.366666666666667,1022.2750874343436,489.7335037856046,3.1108901965572944,1,7,5,0
24.375,1022.1922613854986,489.49051650075774,3.106113200970713,1,7,5,0
24.383333333333333,1022.5363172652895,489.7435699926464,3.1123895354330746,1,7,5,0
24.391666666666666,1022.9099546914711,489.5569610475234,3.109921130973628,1,7,5,0
24.4,1022.1886689005909,489.45103577706215,3.0965046054193,1,7,5,0
24.408333333333335,1022.7536651951142,489.6783505616187,3.1638196189208325,1,7,5,0
24.416666666666668,1022.0692699749058,489.9855321222726,3.1060322350464786,1,7,5,0
24.425,1022.1942465336424,490.73065424658535,3.137927075548723,1,7,5,0
24.433333333333334,1022.0800809053187,490.53520627911234,3.122943683882524,1,7,5,0
24.441666666666666,1022.3032193540271,490.43393931387385,3.1229301010683654,1,7,5,0
24.45,1022.6379122105028,490.99787842591064,3.148555100941839,1,7,5,0
24.458333333333332,1022.3058592200495,490.8901336928411,3.1495153798423714,1,7,5,0
24.466666666666665,1022.433043274579,490.9969811206868,3.092840889883314,1,7,5,0
24.475,1023.694733996632,491.1872018068613,3.1868942539632377,1,7,5,0
24.483333333333334,1022.969869884787,490.7921645872033,3.1612947196560888,1,7,5,0
24.491666666666667,1022.6040678421675,491.35516867932967,3.1384614561284434,1,7,5,0
24.5,1022.0645314850872,490.6382752248055,3.1174243947950404,1,7,5,0
24.508333333333333,1022.2609113475169,490.9141043130325,3.1492990015978872,1,7,5,0
24.516666666666666,1022.1923573953175,490.71784682513106,3.154436199059493,1,7,5,0
24.525,1022.3363884691809,490.21623935665997,3.1320160871600655,1,7,5,0
24.533333333333335,1022.0223820929676,490.1374935030006,3.146256028848443,1,7,5,0
24.541666666666668,1021.6050192949468,490.61481654143785,3.1228216576171097,1,7,5,0
24.55,1022.5361381985205,489.96260524031743,3.1588338397198843,1,7,5,0
24.558333333333334,1022.8582016143321,490.30361955455453,3.1369536073794246,1,7,5,0
24.566666666666666,1022.52527594056,490.41650010916015,3.1564247885058503,1,7,5,0
24.575,1022.6201004729064,489.190628951336,3.1235934389185442,1,7,5,0
24.583333333333332,1022.7567690517802,489.62268753755313,3.1784427346960826,1,7,5,0
24.591666666666665,1022.2064304630937,489.2355201265541,3.173324994718,1,7,5,0
24.6,1021.6257067549271,488.5734461159565,3.1553109580562784,1,7,5,0
24.608333333333334,1021.8624897060992,488.5640025700532,3.135226447783201,1,7,5,0
24.616666666666667,1022.4162979120373,488.4413454453995,3.1219918190266487,1,7,5,0
24.625,1021.6616147925702,488.65906177791624,3.1679172624353558,1,7,5,0
24.633333333333333,1289.969772958934,700.4479862316277,3.135441069169032,1,7,5,0
24.641666666666666,1290.2521529238666,700.6563329723638,3.131977999090751,1,7,5,0
24.65,1022.8539156547181,489.8746148452369,3.174957535362483,1,7,5,0
24.658333333333335,1022.69141457403,489.5298088388925,3.1603760806657455,1,7,5,0
24.666666666666668,1022.9616961243124,488.8728450876447,3.156368792112446,1,7,5,0
24.675,1023.1188059851424,488.8282099416641,3.134411440814027,1,7,5,0
24.683333333333334,1022.769198114753,489.40623760418674,3.114620059146849,1,7,5,0
24.691666666666666,1022.8514894680973,489.43979894051097,3.1561757239181274,1,7,5,0
24.7,1022.9919029380004,489.4732727569246,3.1767120836661427,1,7,5,0
24.708333333333332,1022.5275951596283,490.03287855408115,3.167348361788255,1,7,5,0
24.716666666666665,1022.3180365788634,491.7641620517005,3.1651377606614775,1,7,5,0
24.725,1021.8756439972366,492.1112639114904,3.1846385134702277,1,7,5,0
24.733333333333334,1021.9889586105753,491.9720051570267,3.184939679776473,1,7,5,0
24.741666666666667,1021.7830913128919,492.18839114512946,3.175651737132174,1,7,5,0
24.75,1021.3655806302883,492.66811311055983,3.1636456038982277,1,7,5,0
24.758333333333333,1020.0070896686169,492.6685038268774,3.189118448858153,1,7,5,0
24.766666666666666,1019.6772199599707,491.9786398901685,3.1524692398555665,1,7,5,0
24.775,1018.9654383879612,492.2680369261576,3.1923166204712645,1,7,5,0
24.783333333333335,1019.565821105843,491.63540768113154,3.1748801375249145,1,7,5,0
24.791666666666668,1019.5848326339192,491.156223861579,3.1588011662166213,1,7,5,0
24.8,1020.1578160386059,490.5323839027738,3.1911040246699396,1,7,5,0
24.808333333333334,1020.5386964383046,489.8490705535674,3.1525011116607797,1,7,5,0
24.816666666666666,1020.539142305362,490.09186234380365,3.167682930108246,1,7,5,0
24.825,1019.5372252131767,490.3579874235037,3.156706230230414,1,7,5,0
24.833333333333332,1019.4879383358353,489.88052933395,3.176079714057042,1,7,5,0
24.841666666666665,1019.3047503810631,490.2410230623578,3.164752210684263,1,7,5,0
24.85,1020.6854337732411,490.19941731232893,3.190622266067006,1,7,5,0
24.858333333333334,1021.3561024674335,490.3349330280943,3.1869746303573363,1,7,5,0
24.866666666666667,1021.9018655118338,490.89355332121687,3.201329735879973,1,7,5,0
24.875,1021.4329890535582,491.1311914118529,3.197810281645186,1,7,5,0
24.883333333333333,1022.0541037805473,490.71823265240795,3.2116209555013517,1,7,5,0
24.891666666666666,1022.9106827456322,490.70034461214885,3.1651745659952466,1,7,5,0
24.9,1022.7864718566259,491.183723724929,3.203991152859111,1,7,5,0
24.908333333333335,1022.6651489538767,490.6644844080595,3.1734188855247942,1,7,5,0
24.916666666666668,1022.950537462606,490.04211983603625,3.1660155879690097,1,7,5,0
24.925,1022.774302159868,489.60898975418894,3.131147520627998,1,7,5,0
24.933333333333334,1022.6648511591676,489.2761175398117,3.15530508152803,1,7,5,0
24.941666666666666,1022.0049743195292,489.1816193317488,3.164700208997228,1,7,5,0
24.95,1021.0305482843071,489.2400368503673,3.176444800653993,1,7,5,0
24.958333333333332,1021.4733751053802,489.15452677090417,3.2161006979700786,1,7,5,0
24.966666666666665,1021.7064000911324,489.6118536541192,3.2304395918347693,1,7,5,0
24.975,1021.6589380645604,489.57126205753747,3.1903137978670157,1,7,5,0
24.983333333333334,1021.477052643798,488.2222151856043,3.2037785668987344,1,7,5,0
24.991666666666667,1021.0775622993419,488.83289474036826,3.203932653028752,1,7,5,0
25.0,1021.2189860778107,488.5606931551671,3.202853960119581,1,7,5,0
25.008333333333333,1021.8768780495551,488.3711410819927,3.1846287094822094,1,7,5,0
25.016666666666666,1022.3615468378811,489.0273051375789,3.219521204392688,1,7,5,0
25.025,1022.3565584747965,488.32149171939005,3.1743503157178274,1,7,5,0
25.033333333333335,1022.6646341120506,487.97642759519954,3.2180772617674624,1,7,5,0
25.041666666666668,1022.7384045349326,487.78979127445206,3.211253825476166,1,7,5,0
25.05,1022.393266020809,487.73411381493264,3.2041138477230318,1,7,5,0
25.058333333333334,1021.5543873842922,487.50063291296567,3.1797800570675907,1,7,5,0
25.066666666666666,1021.2196368420256,488.2862552636524,3.1818781972465993,1,7,5,0
25.075,1020.3943479095792,488.5458369486304,3.20281558765121,1,7,5,0
25.083333333333332,1020.3486749954955,488.84060038095225,3.2393439349379505,1,7,5,0
25.091666666666665,1021.0607980759513,488.3517749668255,3.2384351529940543,1,7,5,0
25.1,1020.8650000323468,487.47156722108116,3.2124619407624913,1,7,5,0
25.108333333333334,1020.7434167267896,488.3704106118167,3.2076217156904163,1,7,5,0
25.116666666666667,1021.0680548398702,487.915522966538,3.2386915107896423,1,7,5,0
25.125,1020.7253455341055,487.6867335651467,3.2518263777684018,1,7,5,0
25.133333333333333,1020.3272699248262,487.7699816880706,3.188411482674935,1,7,5,0
25.141666666666666,1020.2695350721284,488.51622433277254,3.21415986984775,1,7,5,0
25.15,1020.9262941224061,488.45964199270935,3.2333431619216277,1,7,5,0
25.158333333333335,1020.8139691395937,488.3224288237256,3.224525214237525,1,7,5,0
25.166666666666668,1020.6713719883581,488.0533086132342,3.198714998632482,1,7,5,0
25.175,1020.6401248713423,488.03633790708125,3.2463910672366025,1,7,5,0
25.183333333333334,1020.3136510370437,487.8264375028406,3.2104896987879354,1,7,5,0
25.191666666666666,1020.8990168808167,487.8661859127964,3.1979667569748353,1,7,5,0
25.2,1020.5164222332808,487.59069439198237,3.212736921557171,1,7,5,0
25.208333333333332,1020.4116132144314,488.30628391369396,3.2353369610655367,1,7,5,0
25.216666666666665,1021.4487026692605,488.50410725248935,3.228230928975237,1,7,5,0
25.225,1021.7034228973057,488.1946018098539,3.192690302766081,1,7,5,0
25.233333333333334,1021.8759789828173,488.47112499184294,3.218397635189156,1,7,5,0
25.241666666666667,1021.4561509418396,488.31066257463743,3.219639553641309,1,7,5,0
25.25,1021.2909205820088,487.9168226962255,3.198286976909288,1,7,5,0
25.258333333333333,1022.6065896864259,488.6693343601106,3.2090812569471447,1,7,5,0
25.266666666666666,1022.7983589702236,488.79348802218686,3.2272155297159797,1,7,5,0
25.275,1022.6433779189407,488.60360060397056,3.2329584449203947,1,7,5,0
25.283333333333335,1022.9577119825994,487.58005193684835,3.2398647318568172,1,7,5,0
25.291666666666668,1022.8844808756437,487.1865035435856,3.2016209232951858,1,7,5,0
25.3,1023.3796974517435,487.0871873748229,3.2295745637929065,1,7,5,0
25.308333333333334,1023.0962440449944,487.54471467949077,3.2583374685627575,1,7,5,0
25.316666666666666,1023.5158391772684,487.66303828455773,3.2457382804693666,1,7,5,0
25.325,1023.9590279692851,487.63860844567887,3.2430732277586407,1,7,5,0
25.333333333333332,1024.8962521541666,488.65218310484926,3.267204370156336,1,7,5,0
25.341666666666665,1024.5549277933126,488.2007966378997,3.24352656852306,1,7,5,0
25.35,1024.948032208309,488.8709411346364,3.2579791553637483,1,7,5,0
25.358333333333334,1024.198041313512,488.61583387913004,3.250055020964849,1,7,5,0
25.366666666666667,1024.8286841593058,489.5643756833456,3.2758983869095353,1,7,5,0
25.375,1024.5894179024701,490.2752415745922,3.2872180325566753,1,7,5,0
25.383333333333333,1024.2304355130614,489.82511144200043,3.2409862746934164,1,7,5,0
25.391666666666666,1023.5370206554164,490.1825445059688,3.247339388361399,1,7,5,0
25.4,1023.1689720394205,489.5564786352558,3.2581175696973634,1,7,5,0
25.408333333333335,1023.0355902186134,490.38408290130667,3.2428870763762068,1,7,5,0
25.416666666666668,1022.4274127772632,489.78630179327627,3.295020814262553,1,7,5,0
25.425,1022.5651193983637,489.12214174892193,3.2765601738602994,1,7,5,0
25.433333333333334,1022.8008652431072,488.8789192476256,3.2585867134135085,1,7,5,0
25.441666666666666,1023.0336242737169,489.0800070353741,3.2645454897028365,1,7,5,0
25.45,1022.8975273543555,489.1272706010815,3.2387323138599173,1,7,5,0
25.458333333333332,1023.5182480591955,488.8209258566707,3.252308484428238,1,7,5,0
25.466666666666665,1023.5115453215096,488.37812038720165,3.242365584824675,1,7,5,0
25.475,1023.345706702613,488.81421095108436,3.236525561928979,1,7,5,0
25.483333333333334,1023.0339342699227,488.77741195426364,3.2515385921093447,1,7,5,0
25.491666666666667,1021.6566014668089,488.58613842181285,3.2513821897142274,1,7,5,0
25.5,1021.73347883095,487.7844105971083,3.287729733348054,1,7,5,0
25.508333333333333,1022.3984093187916,488.74591218281824,3.254983101155295,1,7,5,0
25.516666666666666,1021.8889521825625,488.96450045016496,3.258245060645856,1,7,5,0
25.525,1022.3476283903046,488.7304555498448,3.2712659304997134,1,7,5,0
25.533333333333335,1022.2586352294692,488.2865972048281,3.280349961361682,1,7,5,0
25.541666666666668,1022.6094976597911,487.50748721828734,3.2635690620358324,1,7,5,0
25.55,1022.5132373108165,487.47043326099845,3.2625365282665837,1,7,5,0
25.558333333333334,1022.8145920824488,488.09255909570095,3.304805465827441,1,7,5,0
25.566666666666666,1023.3652899691004,488.41735201015115,3.2413832893275285,1,7,5,0
25.575,1023.1670921109187,488.83657314050987,3.2517616978937194,1,7,5,0
25.583333333333332,1022.6724162590069,488.79115877207914,3.278375542106107,1,7,5,0
25.591666666666665,1022.179207739126,488.7926974906665,3.253673836635449,1,7,5,0
25.6,1022.2456106222155,488.3882359078103,3.270795004828365,1,7,5,0
25.608333333333334,1022.0967598530843,488.9712681782422,3.293106367588211,1,7,5,0
25.616666666666667,1022.4943298732901,489.09635720717523,3.326362144568614,1,7,5,0
25.625,1021.5023101520013,488.6324892654146,3.2535366305492865,1,7,5,0
25.633333333333333,1021.5992006857809,489.23233904517167,3.2730869659069906,1,7,5,0
25.641666666666666,1022.0380964901433,489.16241262525534,3.2382088550024486,1,7,5,0
25.65,1022.5894126172918,489.21716502255197,3.278972191386859,1,7,5,0
25.658333333333335,1021.6361478053254,489.05179727265045,3.2842395341360993,1,7,5,0
25.666666666666668,1021.936585468761,488.3798920521872,3.283481942948682,1,7,5,0
25.675,1021.6764200840082,487.8082674163717,3.27133863837689,1,7,5,0
25.683333333333334,1021.9943807166396,488.150456953525,3.2650193455239016,1,7,5,0
25.691666666666666,1021.7356643642314,487.3703389981222,3.267756817474872,1,7,5,0
25.7,1021.9233779868817,487.2352526121686,3.2782616712748265,1,7,5,0
25.708333333333332,1021.5922160295729,486.9700542785358,3.284578643173829,1,7,5,0
25.716666666666665,1021.7572741137003,487.33168263765054,3.2689887585558113,1,7,5,0
25.725,1022.1565634511181,487.66465433489765,3.2756958500946314,1,7,5,0
25.733333333333334,1021.3041883326995,487.3712028606924,3.2716744359289596,1,7,5,0
25.741666666666667,1021.8784843333044,487.3474701578645,3.293264605844341,1,7,5,0
25.75,1021.6935714711233,486.99396588352994,3.278263992557471,1,7,5,0
25.758333333333333,1021.1032909399461,486.8965756666124,3.2852952098604646,1,7,5,0
25.766666666666666,1020.93536344932,487.2129768470877,3.3371781074707436,1,7,5,0
25.775,1020.395242122996,487.7035066617386,3.307830061253965,1,7,5,0
25.783333333333335,1020.7549503872889,487.8709885202333,3.2586931106828025,1,7,5,0
25.791666666666668,1020.3167094604709,487.69651415998527,3.2967465898158963,1,7,5,0
25.8,1020.4359981587397,487.9259137539451,3.306264549083508,1,7,5,0
25.808333333333334,1020.6174003623801,487.9668888975405,3.257830583832279,1,7,5,0
25.816666666666666,1020.4577506454308,487.50637236846785,3.2632870649334556,1,7,5,0
25.825,1020.2780870739815,487.5963222997298,3.2708198380975366,1,7,5,0
25.833333333333332,1019.8912185355811,488.00745835766327,3.3023277900722543,1,7,5,0
25.841666666666665,1020.3330748015519,488.1731431935537,3.2730387762766178,1,7,5,0
25.85,1019.4896067620645,487.88448209030145,3.292115421495459,1,7,5,0
25.858333333333334,1020.1382923985934,487.7881607428964,3.3019291354611706,1,7,5,0
25.866666666666667,1018.7887440325192,487.7299701023258,3.294014387817775,1,7,5,0
25.875,1018.7272840217174,486.90938374929124,3.3037588032380576,1,7,5,0
25.883333333333333,1018.5223969559181,487.457812420368,3.305212963025347,1,7,5,0
25.891666666666666,1018.6289303670995,488.303220847577,3.3138779376683143,1,7,5,0
25.9,1019.5143759547639,487.8733756501358,3.3318595650304554,1,7,5,0
25.908333333333335,1019.7883321047319,487.7418866284635,3.304432995963539,1,7,5,0
25.916666666666668,1019.7085128698952,488.43183196554696,3.2948763475809666,1,7,5,0
25.925,1019.4322002599824,488.2540429063313,3.267516833137548,1,7,5,0
25.933333333333334,1019.2576251709766,487.1437510109809,3.311928142700391,1,7,5,0
25.941666666666666,1019.0951843619481,487.7711686614165,3.286688378330632,1,7,5,0
25.95,1019.2517413650792,487.5991434585844,3.2861999847248544,1,7,5,0
25.958333333333332,1018.5420834183141,487.2119382378354,3.2847857412403787,1,7,5,0
25.966666666666665,1018.2799472046603,486.9597240895759,3.2542014104590202,1,7,5,0
25.975,1018.1152574528561,487.83465671692807,3.3087978602914334,1,7,5,0
25.983333333333334,1017.5685071833477,488.7595349398826,3.324006546267242,1,7,5,0
25.991666666666667,1018.1630569591018,489.3632564852527,3.2863951941897698,1,7,5,0
26.0,1018.2433547337831,488.35141106424027,3.295211965344966,1,7,5,0
26.008333333333333,1017.9042852295277,488.05098912997175,3.327477770738662,1,7,5,0
26.016666666666666,1018.0001691137182,488.2037089880322,3.282575522807607,1,7,5,0
26.025,1017.8694745273814,488.38293867278134,3.300174544663661,1,7,5,0
26.033333333333335,1017.6057134252993,487.80831253437987,3.273283632857274,1,7,5,0
26.041666666666668,1018.4858761750816,487.80781801210003,3.3063924458414182,1,7,5,0
26.05,1018.3764779113308,488.2477753710806,3.285300671719594,1,7,5,0
26.058333333333334,1017.697343766135,488.31457986071536,3.255202853136055,1,7,5,0
26.066666666666666,1017.2448550245531,488.3597541562906,3.289313605031519,1,7,5,0
26.075,1016.4647317040033,488.11854545234127,3.3398342519768605,1,7,5,0
26.083333333333332,1016.0015275522882,488.3216492625916,3.280336453015979,1,7,5,0
26.091666666666665,1015.7569680427631,488.7442881829902,3.292819474340986,1,7,5,0
26.1,1016.1159757191116,489.7659859221399,3.2466710726681645,1,7,5,0
26.108333333333334,1016.6052707127511,490.44177869801075,3.3034182547963455,1,7,5,0
26.116666666666667,1016.6775106335499,490.1636105149783,3.310751043531233,1,7,5,0
26.125,1016.8031559995102,490.1069783006778,3.3400564752304076,1,7,5,0
26.133333333333333,1016.5031503697229,489.31988703414805,3.3255611831056497,1,7,5,0
26.141666666666666,1017.0327838449062,489.53554248593446,3.3050862638063445,1,7,5,0
26.15,1017.8595085189075,489.3967582028015,3.3088214609571645,1,7,5,0
26.158333333333335,1018.0805510148682,488.7340040929609,3.316907071244785,1,7,5,0
26.166666666666668,1017.435951046192,488.9995936784831,3.3108743195654666,1,7,5,0
26.175,1017.5361579474155,488.8440833000563,3.312751853934111,1,7,5,0
26.183333333333334,1016.3865220265351,489.48169085026234,3.3124460848384887,1,7,5,0
26.191666666666666,1016.0016323740599,489.6583310260959,3.284829896504539,1,7,5,0
26.2,1015.6186675658639,488.8870843507558,3.299731601791567,1,7,5,0
26.208333333333332,1015.38383692762,488.98878811614895,3.3135153047204584,1,7,5,0
26.216666666666665,1015.5626345045262,488.87987473155846,3.326117942137156,1,7,5,0
26.225,1015.4022913474553,489.08847964471875,3.268926575050571,1,7,5,0
26.233333333333334,1015.064884819687,488.49169786070155,3.2732657573167265,1,7,5,0
26.241666666666667,1015.115752830414,487.3043207708653,3.2963781097905644,1,7,5,0
26.25,1050.9188906291733,614.360257844155,3.2881241991954893,1,7,5,0
26.258333333333333,1051.84267277603,614.7017401124825,3.294721116466911,1,7,5,0
26.266666666666666,1016.4315162214651,488.1456386089511,3.304035745909056,1,7,5,0
26.275,1016.9163620591398,488.74592009173716,3.2950936961315036,1,7,5,0
26.283333333333335,1017.1597805666845,489.56799935987203,3.3105668941132036,1,7,5,0
26.291666666666668,1016.8133944939532,489.60613903822514,3.290707639231153,1,7,5,0
26.3,1016.5130405405807,490.0057461410232,3.2986772832068896,1,7,5,0
26.308333333333334,1015.7137966599793,491.00424942370233,3.3082065028384053,1,7,5,0
26.316666666666666,1015.5146800228356,491.4561360968447,3.2863475012816186,1,7,5,0
26.325,1016.3425983968294,491.25046214553714,3.2802557267848433,1,7,5,0
26.333333333333332,1017.208807071372,490.5669903880612,3.308721185403193,1,7,5,0
26.341666666666665,1017.6665376473055,490.64931451245815,3.27519489448825,1,7,5,0
26.35,1017.3552446545341,491.7120899395987,3.3139594543129642,1,7,5,0
26.358333333333334,1017.7422843767595,491.7204113218058,3.3074495856822272,1,7,5,0
26.366666666666667,1017.94885279285,491.8560555355548,3.306017335926674,1,7,5,0
26.375,1017.5674710090263,492.0431770747455,3.2784426937678837,1,7,5,0
26.383333333333333,1017.5619012859158,491.13810736801145,3.321280677929874,1,7,5,0
26.391666666666666,1017.0519673270248,490.82667348689404,3.310262543413363,1,7,5,0
26.4,1017.5713414479654,490.4889987076395,3.2924547597688516,1,7,5,0
26.408333333333335,1017.4758415787529,490.71353035528097,3.2996283329477336,1,7,5,0
26.416666666666668,1017.247634072835,491.2575638256304,3.2623783050236055,1,7,5,0
26.425,1017.232498428277,491.4862934680438,3.3103317761181428,1,7,5,0
26.433333333333334,1017.8571033077421,491.73211473434026,3.3115322036995987,1,7,5,0
26.441666666666666,1018.4022151004897,491.6931420328856,3.336170088538154,1,7,5,0
26.45,1018.5865763791065,491.0904442892173,3.3629782580946466,1,7,5,0
26.458333333333332,1018.5271820329222,491.2197252227313,3.313209844897194,1,7,5,0
26.466666666666665,1018.2117056010665,491.30353410660723,3.3165693488101926,1,7,5,0
26.475,1018.4985493701289,490.54529926333515,3.3482288141163203,1,7,5,0
26.483333333333334,1018.3553291225909,490.5837127013433,3.317653740571345,1,7,5,0
26.491666666666667,1018.880292154762,490.9843507914232,3.3078907421202857,1,7,5,0
26.5,1018.3382390739928,490.78446034851095,3.3774906136786704,1,7,5,0
26.508333333333333,1019.2662295637886,491.0593750603046,3.3333931050175343,1,7,5,0
26.516666666666666,1019.6792101122114,491.09172834477226,3.33764245441155,1,7,5,0
26.525,1019.998760477083,491.00147286414835,3.3060415534534786,1,7,5,0
26.533333333333335,1020.2317167326208,490.8423035374401,3.326065247262897,1,7,5,0
26.541666666666668,1020.7425480282952,491.024348316388,3.309704169612247,1,7,5,0
26.55,1021.1565965081174,490.96372291458084,3.330348974859786,1,7,5,0
26.558333333333334,1021.581553909618,490.53082468695135,3.390345753339492,1,7,5,0
26.566666666666666,1022.0101203721291,490.1023036707357,3.305546693427201,1,7,5,0
26.575,1020.9666759333745,489.9607038377817,3.3351061779375155,1,7,5,0
26.583333333333332,1021.7550750900327,489.9139139688655,3.337836635727591,1,7,5,0
26.591666666666665,1021.5292358123888,490.1123828715018,3.3197372505098977,1,7,5,0
26.6,1021.9157013087487,489.7262531081894,3.3863264834574154,1,7,5,0
26.608333333333334,1021.8083154561658,489.52734286158113,3.367024077553299,1,7,5,0
26.616666666666667,1021.4867414923096,489.75087468889024,3.3310639780663025,1,7,5,0
26.625,1021.1180234092278,489.7434240842635,3.345234303593613,1,7,5,0
26.633333333333333,1021.5742759476999,489.7683121334802,3.3405269825418205,1,7,5,0
26.641666666666666,1021.767895967063,489.98050632636466,3.3142426375588383,1,7,5,0
26.65,1021.5378797056412,489.73753215425756,3.3335044169483576,1,7,5,0
26.658333333333335,1022.1542726582629,489.6957175118,3.3407241030667563,1,7,5,0
26.666666666666668,1022.1116975389912,489.9998777095,3.316820237076114,1,7,5,0
26.675,1021.5289780598296,490.17746596786577,3.3109080497288548,1,7,5,0
26.683333333333334,1021.2876308822306,489.5077192470902,3.327798306728732,1,7,5,0
26.691666666666666,1022.0768933622908,488.9881969395503,3.3344836169783187,1,7,5,0
26.7,1022.98488725495,488.46625705327216,3.355262598879283,1,7,5,0
26.708333333333332,1023.1667857053519,488.94498480700685,3.3371092351818916,1,7,5,0
26.716666666666665,1022.9758723443063,489.07110042237,3.3369882787787146,1,7,5,0
26.725,1023.2265095776926,489.2295373144774,3.3296442264974266,1,7,5,0
26.733333333333334,1023.1615196288059,489.79648260011254,3.338466721713583,1,7,5,0
26.741666666666667,1023.1141731217854,490.3181409575528,3.324787426341807,1,7,5,0
26.75,1023.1713758174262,490.71672132057546,3.2885318744997014,1,7,5,0
26.758333333333333,1023.0547116675464,489.73681742204974,3.3179716613769425,1,7,5,0
26.766666666666666,1022.5979539099143,489.3626991093091,3.3403867819597917,1,7,5,0
26.775,1021.8355308444753,489.47541310940346,3.3017149371887062,1,7,5,0
26.783333333333335,1021.0805514092534,490.31834715860305,3.282489410569896,1,7,5,0
26.791666666666668,1020.4596652781183,489.9879542630738,3.3117557354229183,1,7,5,0
26.8,1020.012418708553,490.10478985823585,3.2957985251806314,1,7,5,0
26.808333333333334,1019.2683044958757,489.5220540308726,3.2983839870951788,1,7,5,0
26.816666666666666,1019.5856951843474,488.69217681257476,3.2808429421251684,1,7,5,0
26.825,1019.072761329212,488.5171265366895,3.278677242206097,1,7,5,0
26.833333333333332,1018.5378267143967,489.1363347273662,3.2689943238190216,1,7,5,0
26.841666666666665,1018.3227769580552,488.95758842763314,3.239263827703509,1,7,5,0
26.85,1018.5156372493084,488.5152630540237,3.27640169952077,1,7,5,0
26.858333333333334,1017.8131722532195,488.3745295239555,3.265128354694185,1,7,5,0
26.866666666666667,1018.6785054078701,488.3082634687234,3.30430148536744,1,7,5,0
26.875,1019.5973754096966,488.06181917389057,3.25006689755716,1,7,5,0
26.883333333333333,1019.9912524033364,488.8649386492678,3.2719744773410535,1,7,5,0
26.891666666666666,1019.9610210922656,489.52084066796186,3.295657991899825,1,7,5,0
26.9,1020.1203419086888,489.78783557602605,3.242576049860821,1,7,5,0
26.908333333333335,1020.0682746258065,489.56615428957093,3.2809520222788153,1,7,5,0
26.916666666666668,1020.2368388567406,489.593816913902,3.2300802160555584,1,7,5,0
26.925,1020.2520015901616,490.2039920296679,3.270779578026415,1,7,5,0
26.933333333333334,1020.5990776787307,491.28593620762183,3.2879961433880642,1,7,5,0
26.941666666666666,1020.5664305499275,491.3462537905349,3.283546913689063,1,7,5,0
26.95,1021.3504333415065,492.13069188223864,3.263195163969971,1,7,5,0
26.958333333333332,1021.3957789853531,492.46193930144534,3.269786698679361,1,7,5,0
26.966666666666665,1021.2518091243312,493.1361977297084,3.276542620472435,1,7,5,0
26.975,1021.2380329711851,492.67725716612387,3.2967387010750886,1,7,5,0
26.983333333333334,1021.2900745566134,493.0325624697915,3.2808876255195996,1,7,5,0
26.991666666666667,1021.191438334283,493.1141958833207,3.268375063531318,1,7,5,0
27.0,1021.5490705246234,493.70048526218653,3.277297390067221,1,7,5,0
27.008333333333333,1022.0281717136,493.51249101969046,3.2967819945156194,1,7,5,0
27.016666666666666,1021.4995367305978,492.67968311180556,3.2856779223120958,1,7,5,0
27.025,1021.2297708348068,493.356913961927,3.270977292435619,1,7,5,0
27.033333333333335,1021.9235998936897,493.436140109678,3.269230236058996,1,7,5,0
27.041666666666668,1022.0399123143808,494.37193629948933,3.203884269200965,1,7,5,0
27.05,1021.6630585340433,494.16826382678835,3.245637636611006,1,7,5,0
27.058333333333334,1021.0832360474575,494.0011448557988,3.2681505693322648,1,7,5,0
27.066666666666666,1020.7601152018162,494.4568543319811,3.230043908219388,1,7,5,0
27.075,1021.6222106082723,494.3924548315325,3.238435481599212,1,7,5,0
27.083333333333332,1021.6085602480987,494.67661534732633,3.252113758710066,1,7,5,0
27.091666666666665,1020.9927088239311,494.4023828512665,3.248895314286259,1,7,5,0
27.1,1021.6547799211944,494.0096261774684,3.224122134108896,1,7,5,0
27.108333333333334,1020.9426767198211,493.25978384532095,3.272374550214953,1,7,5,0
27.116666666666667,1020.3953787595001,493.6949223874568,3.2081179928324524,1,7,5,0
27.125,1020.3785591694052,492.75063529223524,3.25489953500474,1,7,5,0
27.133333333333333,1020.5029944270397,492.51599831397465,3.251272862385866,1,7,5,0
27.141666666666666,1020.0351085631323,492.3053097147799,3.2268806264865626,1,7,5,0
27.15,1019.4327946927177,491.843212648016,3.214413698507286,1,7,5,0
27.158333333333335,1018.8064872621635,492.1798417625028,3.2369308268729258,1,7,5,0
27.166666666666668,1017.8668943262451,491.73350741357234,3.2351401898168595,1,7,5,0
27.175,1017.1708062816383,490.75791751966443,3.2628206062878315,1,7,5,0
27.183333333333334,1017.0510224187545,490.7890367628011,3.2008972303927603,1,7,5,0
27.191666666666666,1016.542461979377,491.3309808012782,3.2427505129561895,1,7,5,0
27.2,1016.6255839149934,490.8991189464081,3.2522457370445887,1,7,5,0
27.208333333333332,1016.8271266779619,490.7648811281102,3.2457355593158437,1,7,5,0
27.216666666666665,1017.1781064653173,490.8658641066712,3.2426514347323585,1,7,5,0
27.225,1017.6788727522345,490.83282514230945,3.236742848837168,1,7,5,0
27.233333333333334,1017.0837327054483,490.8649712429868,3.221408878641765,1,7,5,0
27.241666666666667,1016.6352210465835,491.1088314142949,3.2450659369817796,1,7,5,0
27.25,1016.703241824451,491.4171676781539,3.260057691295016,1,7,5,0
27.258333333333333,1015.8059968690552,491.70845470467896,3.2264268867918764,1,7,5,0
27.266666666666666,1016.2657382112063,491.87264990218364,3.2181956984980835,1,7,5,0
27.275,1016.5564823514345,492.0086577178144,3.2013890061251313,1,7,5,0
27.283333333333335,1015.9172092524939,491.7162223436377,3.2200440793141105,1,7,5,0
27.291666666666668,1015.4636679806464,492.18299691159297,3.21873549962605,1,7,5,0
27.3,1015.2828702659958,492.3171007210791,3.2460396622622825,1,7,5,0
27.308333333333334,1014.5632350751439,492.59128945255964,3.236916734488294,1,7,5,0
27.316666666666666,1014.071023356467,491.7098001911338,3.2124468328695643,1,7,5,0
27.325,1014.1445243057138,491.7135344817933,3.2227838425081745,1,7,5,0
27.333333333333332,1013.5399231060856,491.49749134755365,3.208922500341191,1,7,5,0
27.341666666666665,1013.6289684024928,491.8294848683042,3.2366693701373896,1,7,5,0
27.35,1013.3103203015337,491.0183354064866,3.24750097799725,1,7,5,0
27.358333333333334,1013.100070148699,491.3810449831042,3.222085122294544,1,7,5,0
27.366666666666667,1013.4563637890392,491.9309285362905,3.2002998857480462,1,7,5,0
27.375,1013.631885842163,491.6551921885933,3.182799234228876,1,7,5,0
27.383333333333333,1013.754479757655,491.7971302257918,3.2252452317265567,1,7,5,0
27.391666666666666,1013.1490555546218,492.03774983688413,3.195486857808272,1,7,5,0
27.4,1011.9958501517837,492.27485097412887,3.225259754276895,1,7,5,0
27.408333333333335,1012.1788287046754,492.13217943884246,3.20953056568567,1,7,5,0
27.416666666666668,1012.3697569627594,492.9196720311834,3.2521160549516317,1,7,5,0
27.425,1013.2491604891859,492.16459407620715,3.2112968683424676,1,7,5,0
27.433333333333334,1013.5800063350798,492.29512333043783,3.2070792985549588,1,7,5,0
27.441666666666666,1013.7248005415361,492.4680746971259,3.2129912054536103,1,7,5,0
27.45,1013.4615805664876,492.5472407145071,3.2314268249690055,1,7,5,0
27.458333333333332,1013.8589542283613,493.63044410046336,3.216511791365322,1,7,5,0
27.466666666666665,1013.8083543862748,493.3978314852679,3.2021600592962822,1,7,5,0
27.475,1014.2579268515273,494.0323293340457,3.1995061508329807,1,7,5,0
27.483333333333334,1014.2876354132541,494.431110310006,3.1700141475988857,1,7,5,0
27.491666666666667,1014.522350953523,494.5505343437081,3.2023419212115987,1,7,5,0
27.5,1015.0442047180405,494.2878977320865,3.1996604223894334,1,7,5,0
27.508333333333333,1015.2120078588586,495.2686301917249,3.2371159037596846,1,7,5,0
27.516666666666666,1014.1517236337479,495.64963621400614,3.21240112600644,1,7,5,0
27.525,1013.9882415328892,495.18887886231994,3.1966145155263574,1,7,5,0
27.533333333333335,1014.5196736814893,494.9922662704981,3.2035985273223995,1,7,5,0
27.541666666666668,1013.5084329670874,495.31060298662624,3.18076974002367,1,7,5,0
27.55,1013.5266794932713,495.28736545428865,3.1822995315215015,1,7,5,0
27.558333333333334,1013.3467501673614,495.725858419981,3.2170696696596686,1,7,5,0
27.566666666666666,1013.1610033338393,494.9249363547647,3.190393165082432,1,7,5,0
27.575,1013.6146003781648,495.26385795487806,3.177601983590201,1,7,5,0
27.583333333333332,1013.6190819370293,494.7003286799451,3.1830205670055767,1,7,5,0
27.591666666666665,1013.4804331144352,494.7531973527214,3.1940800843998267,1,7,5,0
27.6,1013.1003772549735,494.47515312592316,3.1837496522234505,1,7,5,0
27.608333333333334,1012.6591950419687,494.205892193466,3.208346315880808,1,7,5,0
27.616666666666667,1012.0254327966112,494.6972595200341,3.161587434484201,1,7,5,0
27.625,1011.7902446578905,494.025972807218,3.1862721730077177,1,7,5,0
27.633333333333333,1011.3461676361912,493.98169621637555,3.21634588050218,1,7,5,0
27.641666666666666,1011.1360622847855,493.19008699736287,3.1777490002146194,1,7,5,0
27.65,1010.9973914499353,494.04677750954244,3.1749688885385168,1,7,5,0
27.658333333333335,,,,0,7,5,0
27.666666666666668,,,,0,7,5,0
27.675,,,,0,7,5,0
27.683333333333334,,,,0,7,5,0
27.691666666666666,,,,0,7,5,0
27.7,,,,0,7,5,0
27.708333333333332,,,,0,7,5,0
27.716666666666665,,,,0,7,5,0
27.725,,,,0,7,5,0
27.733333333333334,,,,0,7,5,0
27.741666666666667,,,,0,7,5,0
27.75,,,,0,7,5,0
27.758333333333333,,,,0,7,5,0
27.766666666666666,,,,0,7,5,0
27.775,,,,0,7,5,0
27.783333333333335,,,,0,7,5,0
27.791666666666668,,,,0,7,5,0
27.8,1009.5384480987527,494.8140628610546,3.1819457920846586,1,7,5,0
27.808333333333334,1009.959141635505,495.2608412227922,3.1697151453973795,1,7,5,0
27.816666666666666,1010.1291254047371,496.18807215522304,3.1476556130820255,1,7,5,0
27.825,1010.3960224871562,495.65263391008557,3.145280902047288,1,7,5,0
27.833333333333332,1010.6408131184734,496.68583486894414,3.1215541813789223,1,7,5,0
27.841666666666665,1010.4618055592294,496.51115631203027,3.177174500450108,1,7,5,0
27.85,1010.3864570396709,496.61422472990057,3.1485933924617413,1,7,5,0
27.858333333333334,1009.9741531778427,496.74300747547113,3.151632692123126,1,7,5,0
27.866666666666667,1009.1616999947329,496.64775166978256,3.170989844618916,1,7,5,0
27.875,1009.5682361956075,496.9490543671602,3.1824282930139858,1,7,5,0
27.883333333333333,1008.927341795466,497.3567376786297,3.1622703170743582,1,7,5,0
27.891666666666666,1009.3126403491864,497.3948774663938,3.13544365719219,1,7,5,0
27.9,1008.7781994281171,497.0165471865937,3.174317529509536,1,7,5,0
27.908333333333335,1008.8131498533363,496.8966024100474,3.122071799635919,1,7,5,0
27.916666666666668,1008.520465073472,497.5772093369972,3.128396614665182,1,7,5,0
27.925,1009.1818499905669,498.204274308152,3.1573851654437886,1,7,5,0
27.933333333333334,1008.2583377044604,498.18339386719964,3.105042017470275,1,7,5,0
27.941666666666666,1007.9517924108405,498.1434525152796,3.1261629502271124,1,7,5,0
27.95,1007.5871528106202,497.8259808947226,3.134999961263855,1,7,5,0
27.958333333333332,1007.756561363953,498.2710951960876,3.1734696856129543,1,7,5,0
27.966666666666665,1008.2392890435976,497.6988375749177,3.1526092721174215,1,7,5,0
27.975,1008.3413365644112,498.15327603552856,3.145899073316066,1,7,5,0
27.983333333333334,1008.9938092388251,497.61892062133427,3.117445493031796,1,7,5,0
27.991666666666667,1008.5602809234834,497.79758228766855,3.1832336547215268,1,7,5,0
28.0,1009.0145136751281,497.7463301162014,3.1287676089215233,1,7,5,0
28.008333333333333,1008.8704593794924,498.22911779076736,3.1206551728883936,1,7,5,0
28.016666666666666,1008.4692171785871,498.9324539925799,3.1505630597441985,1,7,5,0
28.025,1008.1985730416005,499.0993254275622,3.1112137494111516,1,7,5,0
28.033333333333335,1007.863572276117,499.356572238935,3.12714173894765,1,7,5,0
28.041666666666668,1008.2335574333746,499.745537311458,3.134427473477185,1,7,5,0
28.05,1008.0517983399388,500.10757604619715,3.1487549735982174,1,7,5,0
28.058333333333334,1008.1509727414556,499.35701014521896,3.092432158920091,1,7,5,0
28.066666666666666,1008.332420722895,498.91633017947845,3.127747895826201,1,7,5,0
28.075,1008.6960644452595,499.10265776013006,3.142524819162307,1,7,5,0
28.083333333333332,1008.6223762514276,499.45291633776355,3.165598698999362,1,7,5,0
28.091666666666665,1007.9140146126147,499.2931366577121,3.1220271301894713,1,7,5,0
28.1,1008.1902635428424,498.9502245577704,3.1106517473222084,1,7,5,0
28.108333333333334,1007.5272295518503,498.1882286464514,3.1561072545039472,1,7,5,0
28.116666666666667,1006.6200607473552,497.7694075911991,3.1423131271003224,1,7,5,0
28.125,1007.1189510721161,498.4506933298172,3.1119437984996132,1,7,5,0
28.133333333333333,1007.180067020813,498.8320983107941,3.1277225504458714,1,7,5,0
28.141666666666666,1007.5980339437314,498.3247360574316,3.1542269353593686,1,7,5,0
28.15,1007.4485854326133,497.81281907149094,3.1514650769578227,1,7,5,0
28.158333333333335,1007.9123631845432,496.7309902099998,3.1460623342729495,1,7,5,0
28.166666666666668,1008.6088983684837,496.55665151845534,3.1272454730421955,1,7,5,0
28.175,1007.848067864558,495.8385360191108,3.1271011681214773,1,7,5,0
28.183333333333334,1008.1972846010682,495.7061148759077,3.1299084009234774,1,7,5,0
28.191666666666666,1007.5114108103153,495.9062052601055,3.1345042999896537,1,7,5,0
28.2,1007.5015406405093,495.4338049403482,3.1318972966108443,1,7,5,0
28.208333333333332,1007.9169843433127,495.681123797922,3.1534871398013054,1,7,5,0
28.216666666666665,1007.9483800098559,495.5503155087035,3.095842210345453,1,7,5,0
28.225,1007.9923014209112,494.81195353393184,3.104589117092927,1,7,5,0
28.233333333333334,1008.3650500672566,494.9684859516062,3.1127390532827044,1,7,5,0
28.241666666666667,1008.144880520327,494.2210510873549,3.114383399044342,1,7,5,0
28.25,1007.5892908949871,494.59723098324,3.1151212862875517,1,7,5,0
28.258333333333333,1007.8773251047932,493.9155449216148,3.1449510343121814,1,7,5,0
28.266666666666666,1007.2383547692584,493.6265339219826,3.115831153754426,1,7,5,0
28.275,1007.9640206154276,493.6397271442539,3.111069609757746,1,7,5,0
28.283333333333335,1008.9139775727846,493.0910702387549,3.102181220988583,1,7,5,0
28.291666666666668,1008.2513720177731,493.19275315551704,3.082883135896792,1,7,5,0
28.3,1008.06100256976,493.01730127105276,3.1049780928933624,1,7,5,0
28.308333333333334,1008.1633003729188,492.5671682237788,3.130956514007489,1,7,5,0
28.316666666666666,1007.9017252027063,492.58804889214184,3.1256803474893844,1,7,5,0
28.325,1008.0791960755483,492.7461762450811,3.1466555302972523,1,7,5,0
28.333333333333332,1008.520387271203,492.00687571189457,3.121792480568627,1,7,5,0
28.341666666666665,1008.2556936565851,492.53835835023676,3.1056367760992547,1,7,5,0
28.35,1007.5383928320523,492.1797335950273,3.1573655953058823,1,7,5,0
28.358333333333334,1007.2273242909918,492.11171224896736,3.095765775120506,1,7,5,0
28.366666666666667,1008.1859186702341,491.94264752969866,3.1142130473216074,1,7,5,0
28.375,1008.7324382862533,492.0772398182974,3.0902810007252235,1,7,5,0
28.383333333333333,1008.3756453268298,492.3583335343185,3.1135959647557194,1,7,5,0
28.391666666666666,1007.6817513046435,492.2403172376064,3.092860288251855,1,7,5,0
28.4,1006.904093243399,492.2108967027967,3.102485762522333,1,7,5,0
28.408333333333335,1007.7277947288536,492.2131115693738,3.0943235686457755,1,7,5,0
28.416666666666668,1007.5725512569012,490.89656643835355,3.117770652456269,1,7,5,0
28.425,1007.1429705113862,491.42676609265044,3.10535073041141,1,7,5,0
28.433333333333334,1007.8460986218918,491.4441877758845,3.0922173097337704,1,7,5,0
28.441666666666666,1007.3494833923271,491.3769315890909,3.130624896330625,1,7,5,0
28.45,1007.2415025938659,491.48091062246095,3.1156378644728315,1,7,5,0
28.458333333333332,1006.2869896658307,491.31404114968865,3.0907124670232053,1,7,5,0
28.466666666666665,1006.4406590838116,490.8749965412734,3.129956475549833,1,7,5,0
28.475,1006.034494577357,491.81435814836635,3.118763092942159,1,7,5,0
28.483333333333334,1005.5310729385949,491.6781046108108,3.105861865566274,1,7,5,0
28.491666666666667,1005.5777768259026,491.69229543557753,3.0756081437058067,1,7,5,0
28.5,1006.6454137161105,491.85153441379396,3.1243225859792014,1,7,5,0
28.508333333333333,1006.7883285160372,491.2780048797456,3.1047140625249,1,7,5,0
28.516666666666666,1006.8872043230381,490.9447954286154,3.0835688716000824,1,7,5,0
28.525,1006.6739553347021,490.9730444394974,3.0779171533756964,1,7,5,0
28.533333333333335,1005.8102870926199,490.8372542957238,3.1258020831398974,1,7,5,0
28.541666666666668,1005.346834266808,490.7034592023083,3.0858087948379502,1,7,5,0
28.55,1005.6340875362151,490.50188545626435,3.1124188756962194,1,7,5,0
28.558333333333334,1005.1332182427751,491.3223937892553,3.0857284694122624,1,7,5,0
28.566666666666666,1004.5596696769506,491.2876472246038,3.1053244127112354,1,7,5,0
28.575,1004.3032340795896,490.89798212386756,3.135001993627602,1,7,5,0
28.583333333333332,1004.7910971341325,490.4108814384292,3.0866746241029244,1,7,5,0
28.591666666666665,1005.0159976046874,490.54857466190447,3.093785083665888,1,7,5,0
28.6,1005.8584419294863,491.01559114179673,3.1130423828800624,1,7,5,0
28.608333333333334,1005.4194694574563,491.2552418858959,3.0918308000147845,1,7,5,0
28.616666666666667,1005.704367426154,491.2096859841053,3.109114400408117,1,7,5,0
28.625,1005.3339196159412,490.75844929206454,3.0651187762290606,1,7,5,0
28.633333333333333,1004.9479821941039,491.0219874396685,3.1179009645970357,1,7,5,0
28.641666666666666,1003.6452250767942,491.30184954878763,3.097634000839569,1,7,5,0
28.65,1004.6840608726685,491.10844232942105,3.0789205499120333,1,7,5,0
28.658333333333335,1005.0259261179469,490.52706562313045,3.1131069364746495,1,7,5,0
28.666666666666668,1005.2188890996583,489.9848655290301,3.115237289035207,1,7,5,0
28.675,1005.5989628092681,490.0835717290068,3.070086738516557,1,7,5,0
28.683333333333334,1006.0307027050776,489.80447190899184,3.1140714265984486,1,7,5,0
28.691666666666666,1005.5703517432171,490.1999908731333,3.130668593537997,1,7,5,0
28.7,1005.197732619234,490.51269435219405,3.062004967108949,1,7,5,0
28.708333333333332,1004.676761989746,490.8919238542367,3.068602024018828,1,7,5,0
28.716666666666665,1004.4951380205797,491.72754484727477,3.1058836329693302,1,7,5,0
28.725,1003.8496233063463,490.433098580384,3.0570151427403736,1,7,5,0
28.733333333333334,1003.8670679701349,490.1036706722837,3.072612067090806,1,7,5,0
28.741666666666667,1003.6056199749005,489.84866130480543,3.078845761748315,1,7,5,0
28.75,1003.940512838133,490.111869316404,3.094299445960631,1,7,5,0
28.758333333333333,1004.3711492844857,489.6431739266833,3.1046148064646317,1,7,5,0
28.766666666666666,1003.4350146834133,489.4285455800203,3.154272366692919,1,7,5,0
28.775,1003.7937310311477,488.6987456097873,3.0667099505347917,1,7,5,0
28.783333333333335,1003.5799373498988,489.29985940588983,3.1221670053706174,1,7,5,0
28.791666666666668,1002.7061300572855,489.57411062298553,3.1084889488761402,1,7,5,0
28.8,1002.8276703352927,488.9760390050136,3.0951144469990677,1,7,5,0
28.808333333333334,1003.0332066768037,488.95003851776755,3.125147748680133,1,7,5,0
28.816666666666666,1002.0953770258698,490.0070847476182,3.098960182549438,1,7,5,0
28.825,1001.1834707185236,490.44632510139616,3.113334641871111,1,7,5,0
28.833333333333332,1001.2525848778987,490.9011964918836,3.0716154662223243,1,7,5,0
28.841666666666665,1000.9965231885342,491.35999921324196,3.1105446581138905,1,7,5,0
28.85,1000.6267006899113,491.03287952070445,3.085824779394742,1,7,5,0
28.858333333333334,1001.6159772704306,490.9004426957294,3.144630302534131,1,7,5,0
28.866666666666667,1002.0547389281311,491.371324698069,3.080158707171756,1,7,5,0
28.875,1003.6004699523216,491.63122229301763,3.1213074364426956,1,7,5,0
28.883333333333333,1004.2732411154266,490.6594737917174,3.1048568851765346,1,7,5,0
28.891666666666666,1004.6476312724402,489.8327423369199,3.148353570472224,1,7,5,0
28.9,1005.0443791927718,490.0307990079523,3.1133505988194554,1,7,5,0
28.908333333333335,1004.4599334144938,490.8014889850102,3.1167308534526788,1,7,5,0
28.916666666666668,1004.4253912707945,490.69480974360897,3.1260305882423625,1,7,5,0
28.925,1004.5539301645745,490.3719528762483,3.097273883463757,1,7,5,0
28.933333333333334,1004.1425149446238,490.1778527080721,3.055266425419679,1,7,5,0
28.941666666666666,1004.0211509780286,489.9480358583717,3.112386330944191,1,7,5,0
28.95,1003.5425899160984,489.93621695047204,3.067696757431011,1,7,5,0
28.958333333333332,1003.2601750585486,489.23201067091577,3.114224280663119,1,7,5,0
28.966666666666665,1002.8089517720286,489.4911049369987,3.097211926797321,1,7,5,0
28.975,1001.5370177847393,489.49049933679623,3.1024502350125442,1,7,5,0
28.983333333333334,1002.0704942936369,489.2438366629405,3.077943240355401,1,7,5,0
28.991666666666667,1002.2099385779769,489.43632122828814,3.122434715722922,1,7,5,0
29.0,1002.7563856120178,489.56448982150346,3.0971471964760573,1,7,5,0
29.008333333333333,1003.5393513493805,488.6926177121605,3.126096308539845,1,7,5,0
29.016666666666666,1002.6940539763842,488.88074311875874,3.106122480784597,1,7,5,0
29.025,1002.8876615436296,488.38331118162057,3.105382958409909,1,7,5,0
29.033333333333335,1002.715993626545,488.6557075028227,3.0867912583259085,1,7,5,0
29.041666666666668,1003.4652197820972,488.46076205862147,3.1147052835553777,1,7,5,0
29.05,1003.4462753052809,488.5118604506337,3.098962113098949,1,7,5,0
29.058333333333334,1003.0966130699362,489.4325159215789,3.118088715676919,1,7,5,0
29.066666666666666,1002.383471094879,489.490920621985,3.1304090408192007,1,7,5,0
29.075,1002.4527201807236,489.63335686071616,3.081377694155997,1,7,5,0
29.083333333333332,1002.9129678451461,489.72658482032335,3.1383712406716944,1,7,5,0
29.091666666666665,1002.9569992078458,489.2586899222925,3.097169060127057,1,7,5,0
29.1,1002.0959894676818,488.8006783941134,3.093697482455088,1,7,5,0
29.108333333333334,1002.7583000344654,488.144135848133,3.1307528081998712,1,7,5,0
29.116666666666667,1002.4471228179265,488.4178653244019,3.1445310303848277,1,7,5,0
29.125,1002.226032545199,488.5625755572688,3.083325547847603,1,7,5,0
29.133333333333333,1001.5913880509855,487.70798091017815,3.1338695987434875,1,7,5,0
29.141666666666666,1001.7681429569113,487.62642478189923,3.0971591064649746,1,7,5,0
29.15,1001.6600107694192,488.5121757737169,3.070987189549772,1,7,5,0
29.158333333333335,1001.7807680464508,489.4853592181779,3.130908004161339,1,7,5,0
29.166666666666668,1001.4504097564258,489.01333431253545,3.0997619050738505,1,7,5,0
29.175,1000.1833841175916,488.51698174048,3.0809470779081987,1,7,5,0
29.183333333333334,1000.6693932680776,488.34000138559867,3.12080449479682,1,7,5,0
29.191666666666666,999.7805367132084,487.7653132316775,3.129782504450151,1,7,5,0
29.2,999.289890023751,487.4124280683551,3.0994427018425017,1,7,5,0
29.208333333333332,999.1627579535818,487.09051942707214,3.1513276014676648,1,7,5,0
29.216666666666665,999.7817796323159,487.774965849972,3.1350349836110687,1,7,5,0
29.225,999.1346113719002,487.7868918387984,3.0966782659961845,1,7,5,0
29.233333333333334,998.9877788537323,488.0584266238823,3.0748036221204993,1,7,5,0
29.241666666666667,999.0730952953934,488.9589817116299,3.1196691215822177,1,7,5,0
29.25,999.8355291634792,489.26668565998943,3.111341820593757,1,7,5,0
29.258333333333333,1000.5586746860675,489.7530995412064,3.102336881775766,1,7,5,0
29.266666666666666,1000.1543769364217,489.2722146204688,3.123268691952011,1,7,5,0
29.275,1000.3126774097551,490.02740580509806,3.1500816524045554,1,7,5,0
29.283333333333335,1001.1217965167617,490.8698297885616,3.101485453403621,1,7,5,0
29.291666666666668,1001.1835495707178,491.3383505672962,3.1228046024165312,1,7,5,0
29.3,1001.3894487005441,491.7413008712026,3.1252891338609987,1,7,5,0
29.308333333333334,1001.0342247442886,492.58983753373775,3.1644096729261078,1,7,5,0
29.316666666666666,1000.8968011115985,492.7739794549439,3.1162287068492693,1,7,5,0
29.325,1001.3070498042492,492.7659766008277,3.108947419472942,1,7,5,0
29.333333333333332,1000.3951394717865,493.61154278194465,3.1149481767428773,1,7,5,0
29.341666666666665,1000.7322466072504,493.722486385003,3.157865007523563,1,7,5,0
29.35,1001.1828018713081,493.89790180307386,3.1189415668399287,1,7,5,0
29.358333333333334,1001.2725922251465,494.19429982236653,3.177212856904268,1,7,5,0
29.366666666666667,1001.1678362148984,493.5932853049536,3.122944123197388,1,7,5,0
29.375,1000.2852301902342,494.0424097401912,3.1233051378600245,1,7,5,0
29.383333333333333,1000.7971827528573,494.164452135285,3.119147856264102,1,7,5,0
29.391666666666666,1001.1296364201564,494.77957748678097,3.154366423987351,1,7,5,0
29.4,1000.5010714837291,495.3405895406543,3.1529369695875697,1,7,5,0
29.408333333333335,1000.8560003743247,496.3453477109447,3.1135322128692042,1,7,5,0
29.416666666666668,999.8478932653713,495.99626521685576,3.1040033183706064,1,7,5,0
29.425,1000.307809339143,496.3091714152689,3.1539911790512014,1,7,5,0
29.433333333333334,999.1790110053241,496.602422800667,3.144142855017938,1,7,5,0
29.441666666666666,999.1126872143213,496.2050089000641,3.1540259716416306,1,7,5,0
29.45,999.7391662010516,496.08714724686945,3.13424396711693,1,7,5,0
29.458333333333332,999.7636853621882,495.4422945912286,3.164111389982201,1,7,5,0
29.466666666666665,999.2718332576674,494.76105052704276,3.136112683690756,1,7,5,0
29.475,999.8670210311758,494.28020537282924,3.170140417913037,1,7,5,0
29.483333333333334,999.2985166793927,493.8615505840809,3.149863871032315,1,7,5,0
29.491666666666667,999.8569722408531,494.1542734990918,3.1450175757079704,1,7,5,0
29.5,999.4544815917598,494.89542460223254,3.1441914091573255,1,7,5,0
29.508333333333333,1000.020482199255,495.05663865427255,3.2022287590741465,1,7,5,0
29.516666666666666,1000.2697092945441,494.55589677746445,3.1597096765408934,1,7,5,0
29.525,1000.7383275749743,494.74181486580403,3.112881498977658,1,7,5,0
29.533333333333335,1000.0228875923297,495.62202782259806,3.1644294318556008,1,7,5,0
29.541666666666668,1000.0425630239508,495.74790191314696,3.1641956054260194,1,7,5,0
29.55,1000.291416718464,495.87225686016546,3.0943175770600586,1,7,5,0
29.558333333333334,1000.295088051917,495.69625784561293,3.11837878473441,1,7,5,0
29.566666666666666,1000.7513151983622,495.5550118037423,3.1010156954920505,1,7,5,0
29.575,1000.0989160679951,495.31582371786055,3.1646003110662937,1,7,5,0
29.583333333333332,1000.3399758328435,494.89022680314946,3.1751113971566554,1,7,5,0
29.591666666666665,1000.4093847180145,495.00543695694023,3.1641200852600355,1,7,5,0
29.6,1000.8973484292919,494.90466161048096,3.183374472202407,1,7,5,0
29.608333333333334,1001.2300615548174,495.31416499300695,3.172458776089259,1,7,5,0
29.616666666666667,1000.8677978297494,495.68751801260515,3.135336046296132,1,7,5,0
29.625,1001.7135184937059,495.1237150859446,3.152694192620112,1,7,5,0
29.633333333333333,1001.8898160825677,495.73115556913586,3.1797682221331036,1,7,5,0
29.641666666666666,1002.9220115084976,495.5044811967154,3.188748503155973,1,7,5,0
29.65,1003.2311464456909,494.805059978084,3.200497154584898,1,7,5,0
29.658333333333335,1003.8493708318654,494.44887883784247,3.179122535745696,1,7,5,0
29.666666666666668,1003.5348130403256,494.42792443363726,3.181049337397781,1,7,5,0
29.675,1003.4675933677772,493.38987159395936,3.1522653383678234,1,7,5,0
29.683333333333334,1003.5797843492826,493.2001469801379,3.152059871703276,1,7,5,0
29.691666666666666,1003.9024268887562,493.27600974144417,3.150570245997642,1,7,5,0
29.7,1002.6940326121108,493.3606876855669,3.163038711603124,1,7,5,0
29.708333333333332,1002.8788499414491,493.33472662205975,3.178801161617492,1,7,5,0
29.716666666666665,1003.2038309137836,493.7301337341927,3.1439904277298534,1,7,5,0
29.725,1002.8032136471872,493.0987475552493,3.1293800830746616,1,7,5,0
29.733333333333334,1002.9155949868539,492.6016529913392,3.1801282047405195,1,7,5,0
29.741666666666667,1002.4779697461465,492.0916375898314,3.1670369858420577,1,7,5,0
29.75,1002.6471268033713,491.91590389305804,3.167541858683276,1,7,5,0
29.758333333333333,1002.9739011411174,491.9421851730714,3.176152173251605,1,7,5,0
29.766666666666666,1002.838042317101,490.71370153712394,3.168053397575351,1,7,5,0
29.775,1003.5251393589386,490.71597703782015,3.155260554509538,1,7,5,0
29.783333333333335,1003.7756596870811,490.2351289415003,3.1865847454855247,1,7,5,0
29.791666666666668,1003.9694474487574,490.46358946708835,3.2178984103641204,1,7,5,0
29.8,1003.7577949511916,490.16724479076896,3.1841628453286592,1,7,5,0
29.808333333333334,1003.3554572211882,490.48329945930186,3.177023716794215,1,7,5,0
29.816666666666666,1002.3928686225127,489.9930912955224,3.1932521752380327,1,7,5,0
29.825,1001.6708304797373,490.16886737127226,3.16069392955315,1,7,5,0
29.833333333333332,1001.2447424862659,490.8548136392971,3.1710330829573663,1,7,5,0
29.841666666666665,1002.2228199349959,491.6678502042995,3.2059662761842427,1,7,5,0
29.85,1002.1913186509081,491.75876236389763,3.1271115698498515,1,7,5,0
29.858333333333334,1041.2693308322268,241.73580089691075,3.1606891976714704,1,7,5,0
29.866666666666667,1041.6796389692165,242.4701531957599,3.2137118949796397,1,7,5,0
29.875,1003.4307541260713,491.69690804038834,3.1935924866576433,1,7,5,0
29.883333333333333,1003.6532311287788,492.13398421143944,3.2138284598260634,1,7,5,0
29.891666666666666,1002.8261642538866,490.5579249021976,3.144870969579657,1,7,5,0
29.9,1003.2190906528147,490.8310072834115,3.157291377838794,1,7,5,0
29.908333333333335,1003.140937624299,490.3337074811624,3.1426499076578223,1,7,5,0
29.916666666666668,1002.7542542310715,489.977649642507,3.1896446017148747,1,7,5,0
29.925,1002.6691645485267,489.4462256748852,3.2208800524501924,1,7,5,0
29.933333333333334,1003.2692507488899,488.73959933271504,3.1959333712623863,1,7,5,0
29.941666666666666,1003.1856837229955,489.0252119734457,3.213433333281583,1,7,5,0
29.95,1003.4612836713987,489.0132781557027,3.2003594227168786,1,7,5,0
29.958333333333332,1003.7471555002762,489.49850189531617,3.206487830604718,1,7,5,0
29.966666666666665,1003.545615841767,489.00819853783656,3.2062543067299356,1,7,5,0
29.975,1003.5141907427475,489.28061605484487,3.186290712919715,1,7,5,0
29.983333333333334,1003.6785438542424,489.7627958477485,3.184052251597614,1,7,5,0
29.991666666666667,1004.6425681387759,490.2830170372912,3.1957199161411403,1,7,5,0
30.0,1004.3311930673967,490.79056505048624,3.2313643620751864,1,7,5,0
30.008333333333333,1004.5036517562968,491.1992796662681,3.1804956632624077,1,7,5,0
30.016666666666666,1004.7546809748436,491.36280133812164,3.1639629378766565,1,7,5,0
30.025,1003.8113427023096,490.82154902128735,3.1983003576095603,1,7,5,0
30.033333333333335,1002.8394930435348,490.77829617073337,3.182500789559029,1,7,5,0
30.041666666666668,1003.0529794161788,491.46425273558873,3.2204075762838484,1,7,5,0
30.05,1003.9310717381302,491.63531232164013,3.2458422412212733,1,7,5,0
30.058333333333334,1003.5016650485404,491.1676556271445,3.1857311930697274,1,7,5,0
30.066666666666666,1003.7359570237738,491.1511110612855,3.222768455218361,1,7,5,0
30.075,1003.6608370134372,491.3916931188569,3.2053484328423405,1,7,5,0
30.083333333333332,1003.9169344452794,491.7295749111712,3.2042546944858086,1,7,5,0
30.091666666666665,1003.9833850579746,491.0032057427178,3.227090775554968,1,7,5,0
30.1,1004.1676295796664,491.7496102009343,3.226206256228803,1,7,5,0
30.108333333333334,1005.075374169409,492.0790563201855,3.209015383838363,1,7,5,0
30.116666666666667,1004.9266102805731,492.1652821009676,3.234498199147604,1,7,5,0
30.125,1004.2921762044612,492.2988250569015,3.207107724352074,1,7,5,0
30.133333333333333,1003.9017061845327,492.486090800325,3.1876632109200465,1,7,5,0
30.141666666666666,1004.1636877075396,492.97226791348976,3.2308164029651234,1,7,5,0
30.15,1003.8581527530874,493.12476334678865,3.20709255317138,1,7,5,0
30.158333333333335,1003.7910064297901,493.46742176128043,3.181814114122051,1,7,5,0
30.166666666666668,1003.9151896010721,493.45616263787343,3.200622921041224,1,7,5,0
30.175,1003.9506324675436,493.7407373250607,3.247438520303825,1,7,5,0
30.183333333333334,1003.8692105505128,492.75641824790364,3.2207749846016314,1,7,5,0
30.191666666666666,1003.6293805639411,492.32663763429366,3.2219738848744366,1,7,5,0
30.2,1003.7676547127273,492.5930253500874,3.19622352047973,1,7,5,0
30.208333333333332,1004.1147314800164,492.2605012959855,3.242436479090076,1,7,5,0
30.216666666666665,1003.5794855055822,492.84098034827696,3.230053051276454,1,7,5,0
30.225,1003.0618250012994,492.8182395455608,3.2368309322264457,1,7,5,0
30.233333333333334,1003.8872077693607,492.6862855725361,3.2171679363754975,1,7,5,0
30.241666666666667,1004.2409479768422,492.27497777867177,3.2488391094893694,1,7,5,0
30.25,1003.6920962740016,491.7986096611598,3.2515355720928367,1,7,5,0
30.258333333333333,1004.5182225355996,492.3592251794894,3.2345107036166465,1,7,5,0
30.266666666666666,1005.3258114495868,492.2348672975991,3.222123472313768,1,7,5,0
30.275,1005.8768046138988,491.9257703408101,3.2686207851648676,1,7,5,0
30.283333333333335,1005.9669911612117,491.4160141131012,3.2864851400625716,1,7,5,0
30.291666666666668,1005.5643985171833,491.34073110523445,3.2251488823129666,1,7,5,0
30.3,1005.4226799445937,491.6897025060605,3.219667758762264,1,7,5,0
30.308333333333334,1005.4833133097909,491.1208738833098,3.181574283233108,1,7,5,0
30.316666666666666,1006.171783209537,492.04706146549916,3.217441287138466,1,7,5,0
30.325,1005.8492522500566,491.5605505727882,3.2294693357598865,1,7,5,0
30.333333333333332,1005.9160273080238,492.18463631199813,3.2666451432536125,1,7,5,0
30.341666666666665,1006.5539652329733,492.22019979128436,3.2510573360651125,1,7,5,0
30.35,1006.9780014125082,492.2189305065839,3.2701534370925565,1,7,5,0
30.358333333333334,1006.4778320039363,492.62722600641234,3.222974584260283,1,7,5,0
30.366666666666667,1007.0645039807274,493.56594887007043,3.2869297195940366,1,7,5,0
30.375,1007.3683599198707,493.5121987611983,3.2649519455222396,1,7,5,0
30.383333333333333,1008.1073334569517,493.44270757110854,3.2186350934566423,1,7,5,0
30.391666666666666,1009.2912202634654,493.5711008200521,3.244105371755451,1,7,5,0
30.4,1008.9023472821872,493.3062010645202,3.247546468994597,1,7,5,0
30.408333333333335,1009.1997324843701,493.40640658895944,3.2529366342513333,1,7,5,0
30.416666666666668,1009.2347793293839,493.57707964725967,3.252131540400499,1,7,5,0
30.425,1009.447528436916,493.2327628022217,3.228616697564355,1,7,5,0
30.433333333333334,1008.9842888707217,493.3517799542679,3.2345019517604867,1,7,5,0
30.441666666666666,1007.7946624218898,492.5387320446161,3.250990475081014,1,7,5,0
30.45,1007.7053817484178,491.910260451926,3.248998280194612,1,7,5,0
30.458333333333332,1007.05110397414,492.20482538619893,3.2565081073755446,1,7,5,0
30.466666666666665,1008.0901918253269,492.49926627753507,3.259450779926575,1,7,5,0
30.475,1007.7373778799316,492.45617876603035,3.246798116196268,1,7,5,0
30.483333333333334,1007.7859303423813,491.17791235125515,3.270847782944377,1,7,5,0
30.491666666666667,1007.6043854159537,490.2067745682624,3.2704370002425036,1,7,5,0
30.5,1007.7707149241843,490.5322378864667,3.304065515611727,1,7,5,0
30.508333333333333,1008.0535852066872,489.9771477203358,3.2671709198928407,1,7,5,0
30.516666666666666,1008.1382149777985,490.529996518246,3.2409842045664847,1,7,5,0
30.525,1007.5900376601672,490.069660169699,3.2700964794193093,1,7,5,0
30.533333333333335,1007.3376546474773,490.29162727629404,3.2466806779419692,1,7,5,0
30.541666666666668,1006.9504466556228,491.03254527095083,3.246486860165203,1,7,5,0
30.55,1006.7165535637508,491.37425992495355,3.2500789380724964,1,7,5,0
30.558333333333334,1006.5926647118667,491.8248695615672,3.2760240053818594,1,7,5,0
30.566666666666666,1006.5968553676526,491.4532901190383,3.2737732395700903,1,7,5,0
30.575,1006.7624115779572,491.1499611751513,3.2988224503695798,1,7,5,0
30.583333333333332,1006.3449876285857,491.12058935482855,3.2638943862976992,1,7,5,0
30.591666666666665,1006.3630222627958,492.0936811716314,3.245759716654216,1,7,5,0
30.6,1005.469418317339,491.2349347420805,3.2632411693249037,1,7,5,0
30.608333333333334,1005.7624694152211,490.56167402498505,3.282520109205666,1,7,5,0
30.616666666666667,1006.1168296525608,490.5208856971519,3.275500189827259,1,7,5,0
30.625,1006.4680132599955,491.1522615729742,3.2459288698469164,1,7,5,0
30.633333333333333,1006.9162677032291,491.423310217777,3.2438766186693733,1,7,5,0
30.641666666666666,1006.6806393882234,490.94100792890646,3.2848242339879956,1,7,5,0
30.65,1006.3381052425608,491.74510344273847,3.305519026200222,1,7,5,0
30.658333333333335,1006.3670212703372,491.9744144815033,3.304962386130603,1,7,5,0
30.666666666666668,1006.0192781968447,491.7539865202503,3.277558351125388,1,7,5,0
30.675,1005.3523611531956,492.0258777416344,3.277867903706203,1,7,5,0
30.683333333333334,1005.5408276202055,492.0591533303707,3.2637094375313693,1,7,5,0
30.691666666666666,1005.4837259624171,492.91803898824156,3.255214732320833,1,7,5,0
30.7,1005.7331280616734,492.0589315105969,3.274329119433598,1,7,5,0
30.708333333333332,1006.7226120650976,492.12207393470845,3.2844435838221773,1,7,5,0
30.716666666666665,1006.8620054171346,492.84165288415824,3.306688521240135,1,7,5,0
30.725,1007.1715525908705,492.01113348138244,3.2621244640735383,1,7,5,0
30.733333333333334,1006.9602841638147,492.2703472433057,3.286681029057797,1,7,5,0
30.741666666666667,1112.3185206688536,484.5990480863474,3.2774042510178076,1,7,5,0
30.75,1113.0573990944695,485.38409018526687,3.269830548685839,1,7,5,0
30.758333333333333,1007.6408636429089,493.0940840490046,3.299611044896721,1,7,5,0
30.766666666666666,1007.0152250029116,492.76019873236214,3.297132899342734,1,7,5,0
30.775,1007.1333144199244,492.8011864523341,3.3143108333354383,1,7,5,0
30.783333333333335,1007.037125089626,493.17280929624053,3.299910613914818,1,7,5,0
30.791666666666668,1007.7758608799252,493.55142623269666,3.2859049915002285,1,7,5,0
30.8,1008.0009894082021,494.72346208164913,3.31159071503677,1,7,5,0
30.808333333333334,1008.448935557425,494.0406638114524,3.2874045434892976,1,7,5,0
30.816666666666666,1008.822077657196,494.2159824445106,3.3015006372108777,1,7,5,0
30.825,1007.4259946902325,495.0792746219891,3.305558207118651,1,7,5,0
30.833333333333332,1007.0501190804928,494.5625537557555,3.3434649358817006,1,7,5,0
30.841666666666665,1006.4475535389212,495.0594483450724,3.28351253799232,1,7,5,0
30.85,1006.1270754648733,495.4770732495388,3.3527485330656286,1,7,5,0
30.858333333333334,1006.1584525607963,495.29556446285363,3.3166980343651358,1,7,5,0
30.866666666666667,1005.6227609950251,495.4099027238544,3.3573618063132886,1,7,5,0
30.875,1005.3213422507897,496.3243364128986,3.3369825115259926,1,7,5,0
30.883333333333333,1004.8518448030011,496.0255062956316,3.3546814806594414,1,7,5,0
30.891666666666666,1004.9867077938289,495.10590202095466,3.3580489013838974,1,7,5,0
30.9,1005.6868886767975,494.1735397104604,3.337165057559693,1,7,5,0
30.908333333333335,1005.266121480098,494.04863116851453,3.3584584303556904,1,7,5,0
30.916666666666668,1004.6175368397189,493.65461560560277,3.3207316367087185,1,7,5,0
30.925,1005.132937568146,493.4942702084352,3.3716195614139046,1,7,5,0
30.933333333333334,1005.0006334740136,493.91716877732057,3.35483977195446,1,7,5,0
30.941666666666666,1004.7748219126076,493.70487815797253,3.33289120718614,1,7,5,0
30.95,1005.3222963787028,493.8595426739552,3.380050745037642,1,7,5,0
30.958333333333332,1005.7010668981686,493.4838660625496,3.339602817679102,1,7,5,0
30.966666666666665,1005.9167655454845,494.1837515252715,3.3419694410639185,1,7,5,0
30.975,1005.2578359301045,494.3669768824918,3.355783434707489,1,7,5,0
30.983333333333334,1005.3352944088816,494.1267272252908,3.3727373849975533,1,7,5,0
30.991666666666667,1005.2240530053579,494.2738417531213,3.3594305685464776,1,7,5,0
31.0,1003.5031180128393,493.67926081054276,3.3422044055467945,1,7,5,0
31.008333333333333,1004.607300828038,493.1733262698083,3.35329310603781,1,7,5,0
31.016666666666666,1004.3358568447635,492.58274718772407,3.3614348425649654,1,7,5,0
31.025,1004.7503941897183,491.8367314652456,3.351616883122337,1,7,5,0
31.033333333333335,1004.1539136787353,491.05165258580456,3.353465454166269,1,7,5,0
31.041666666666668,1003.6708482071348,490.9155917534975,3.3533326997604336,1,7,5,0
31.05,1003.2411127874859,491.04508184343024,3.319241845127555,1,7,5,0
31.058333333333334,1003.1771242772345,490.901891063545,3.3212675262568805,1,7,5,0
31.066666666666666,1003.0475043749971,490.6698770812521,3.3125933486000365,1,7,5,0
31.075,1003.9557693757966,490.0305445104996,3.358626494005306,1,7,5,0
31.083333333333332,1003.8830837295226,489.8638338872369,3.3246812321580905,1,7,5,0
31.091666666666665,1003.5009238685985,489.60549321301386,3.3122111357877664,1,7,5,0
31.1,1003.9660601328764,488.74622566872233,3.3371775503017633,1,7,5,0
31.108333333333334,1004.2461021814818,488.54344955493883,3.321570370111631,1,7,5,0
31.116666666666667,1004.1424360265096,488.6313137576404,3.337232097138156,1,7,5,0
31.125,1003.715218920707,488.14278918779354,3.3513048947081465,1,7,5,0
31.133333333333333,1003.8855691042769,488.2921505215298,3.3102705887263086,1,7,5,0
31.141666666666666,1003.4446213735027,487.7413541625211,3.3092978639411954,1,7,5,0
31.15,1002.6727273055542,488.21388440222563,3.2738464900861355,1,7,5,0
31.158333333333335,1003.5129937646644,487.6958631483772,3.299783462371849,1,7,5,0
31.166666666666668,1003.2118432298056,487.3462199634193,3.288478868991821,1,7,5,0
31.175,1003.2416950217761,486.9715200490824,3.3095595995347082,1,7,5,0
31.183333333333334,1002.2402338436607,485.95422396969064,3.3154597252811975,1,7,5,0
31.191666666666666,1002.7548356899248,485.3899790823439,3.3239335829524914,1,7,5,0
31.2,1002.2578336634585,485.3179160102614,3.311262018116651,1,7,5,0
31.208333333333332,1001.8018674044424,485.2958732891258,3.287260106553665,1,7,5,0
31.216666666666665,1000.7394169205015,485.22398902106073,3.333541854276069,1,7,5,0
31.225,1001.7226728996857,484.650019412911,3.289282115406714,1,7,5,0
31.233333333333334,1001.5018402228076,484.34315686652855,3.350979653416239,1,7,5,0
31.241666666666667,1002.0562079684371,484.73397322769193,3.305729162149822,1,7,5,0
31.25,1001.6203610237653,484.5882503425133,3.301735353921963,1,7,5,0
31.258333333333333,1001.0137557879173,484.9484084276308,3.368886186868711,1,7,5,0
31.266666666666666,1000.790389905696,485.125796397672,3.307480405026596,1,7,5,0
31.275,1001.0082036543783,485.2197100481677,3.3106375862312705,1,7,5,0
31.283333333333335,1000.960082559965,485.29316405641634,3.280158396577737,1,7,5,0
31.291666666666668,1000.7732287819332,484.78861856070455,3.291092326416458,1,7,5,0
31.3,1001.1543578271841,484.6406348285901,3.3136263721855745,1,7,5,0
31.308333333333334,1001.2980800605922,484.9418631580452,3.311184065960719,1,7,5,0
31.316666666666666,1000.8204067450847,485.0094589212197,3.3041929214614862,1,7,5,0
31.325,1001.1187609884807,484.67200603773233,3.2961560900659865,1,7,5,0
31.333333333333332,1001.3846880933805,484.4413436792898,3.294248174689289,1,7,5,0
31.341666666666665,1001.8105879897565,484.1098263240816,3.2563973760690517,1,7,5,0
31.35,1002.0244955344076,484.1251587749841,3.298096153666092,1,7,5,0
31.358333333333334,1001.0805485186849,484.40889316114163,3.3067931563940824,1,7,5,0
31.366666666666667,1000.4183049499521,483.713619899499,3.2834866499512425,1,7,5,0
31.375,1001.3564652254378,483.7930122011199,3.3162500518272853,1,7,5,0
31.383333333333333,1001.4792021465008,483.507999605527,3.283878192095891,1,7,5,0
31.391666666666666,1001.4157872156916,483.5465092199651,3.321729159768953,1,7,5,0
31.4,1001.9526736668405,483.643920947671,3.3130426743458767,1,7,5,0
31.408333333333335,1001.9050781361595,483.5128050526981,3.323350434639372,1,7,5,0
31.416666666666668,1001.7451618905221,483.1259036961741,3.2944752963295953,1,7,5,0
31.425,1002.5257140541639,482.82876280609514,3.302709533139015,1,7,5,0
31.433333333333334,1002.2848285881829,482.3472769897418,3.2947356338178397,1,7,5,0
31.441666666666666,1002.180449708796,482.79164632009224,3.297518738580863,1,7,5,0
31.45,1002.0817168405421,481.89991619206506,3.2837800626975886,1,7,5,0
31.458333333333332,1002.3486695587894,481.2401354545488,3.3013269862712,1,7,5,0
31.466666666666665,1002.7716380905056,481.01483677536015,3.2827124112096207,1,7,5,0
31.475,1003.0946957391305,481.4209600438496,3.2778054973145245,1,7,5,0
31.483333333333334,1002.2540958568344,481.3576876981322,3.2999039073134133,1,7,5,0
31.491666666666667,1002.3368315698988,482.4679957580503,3.297633962204843,1,7,5,0
31.5,1002.2184033149393,482.20178478241735,3.304712022548264,1,7,5,0
31.508333333333333,1002.2456996412525,482.91918718310217,3.3074478599117163,1,7,5,0
31.516666666666666,1001.3444257511712,483.88550006993347,3.2920128063080956,1,7,5,0
31.525,1000.7139221964245,483.2859109011604,3.322215537350691,1,7,5,0
31.533333333333335,1000.2409705213086,483.2930937846219,3.3111504113656167,1,7,5,0
31.541666666666668,1000.3581478519848,482.81056636637413,3.2856396723399515,1,7,5,0
31.55,999.9209991995782,483.05063012850394,3.2944654435250853,1,7,5,0
31.558333333333334,999.7400178611085,483.25998737891433,3.3135394171617447,1,7,5,0
31.566666666666666,998.8630370141217,483.2690066586172,3.316897593840828,1,7,5,0
31.575,998.47556002749,483.82459586664027,3.3131374522775925,1,7,5,0
31.583333333333332,998.4074808969739,484.57445490001083,3.325656476387948,1,7,5,0
31.591666666666665,998.4178555632459,484.10417023401897,3.3119571880975798,1,7,5,0
31.6,997.6299522703575,484.9665808284144,3.28299281780081,1,7,5,0
31.608333333333334,997.8505448908144,485.55826708247776,3.2726778869996416,1,7,5,0
31.616666666666667,997.7934255117088,484.4990711733106,3.278280861612879,1,7,5,0
31.625,998.199769500405,484.26558396430823,3.2820722346617943,1,7,5,0
31.633333333333333,997.8698032052464,483.9333541479411,3.2889139168253547,1,7,5,0
31.641666666666666,997.524785186032,484.24511419459134,3.3113129041593576,1,7,5,0
31.65,998.0508156422901,483.981985406668,3.2806350617993134,1,7,5,0
31.658333333333335,998.0205663963401,484.26862463727286,3.2718280761088216,1,7,5,0
31.666666666666668,997.6368025518885,483.9055388223302,3.3004997592047216,1,7,5,0
31.675,998.2701455087331,483.912106713341,3.326451062177823,1,7,5,0
31.683333333333334,998.808011969924,484.1179737343854,3.2883053031665614,1,7,5,0
31.691666666666666,999.2371202898504,484.2803204498364,3.282044867545155,1,7,5,0
31.7,999.7609687914734,484.6452423076587,3.300896732983894,1,7,5,0
31.708333333333332,999.5024487663516,483.8862849379457,3.3152059572806922,1,7,5,0
31.716666666666665,999.7289807256452,482.3914131863756,3.2711308483617905,1,7,5,0
31.725,999.87956750788,482.5525982478794,3.2815370727162843,1,7,5,0
31.733333333333334,999.9494918355467,483.0346574825802,3.28087572906037,1,7,5,0
31.741666666666667,1000.2581625241526,483.01578488604264,3.2769312781668942,1,7,5,0
31.75,999.3695211663598,483.3241215494547,3.2936055565341946,1,7,5,0
31.758333333333333,1214.2354674879703,478.97255986750446,3.2572774583890256,1,7,5,0
31.766666666666666,1215.0378606036386,478.56367293992923,3.285751473026012,1,7,5,0
31.775,1001.1014666288828,482.72052194784874,3.3094338399188197,1,7,5,0
31.783333333333335,1001.1273074026797,483.3091671840079,3.2828742734232743,1,7,5,0
31.791666666666668,1000.9596771606758,482.9985105439275,3.290320134037784,1,7,5,0
31.8,1001.1250443435558,482.10473404989926,3.279547733796448,1,7,5,0
31.808333333333334,1001.9403269702003,482.03929726425815,3.2932009113653917,1,7,5,0
31.816666666666666,1001.8931339705896,482.5389295126685,3.2790636373326114,1,7,5,0
31.825,1002.0465503650956,483.0187140213733,3.292884612077281,1,7,5,0
31.833333333333332,1002.5383626137187,483.6897028655623,3.2557138453173806,1,7,5,0
31.841666666666665,1002.5712284269379,483.2084857133643,3.2904844417102272,1,7,5,0
31.85,1001.8754352543863,482.5817344033052,3.2485655051107383,1,7,5,0
31.858333333333334,1001.754496464744,482.48096567569854,3.2502237931460223,1,7,5,0
31.866666666666667,1001.8445434524667,482.4166981847966,3.2701264168148287,1,7,5,0
31.875,1001.7726815088345,482.5305268173014,3.2608485320671394,1,7,5,0
31.883333333333333,1002.6516023067342,481.58644890683786,3.292475393121309,1,7,5,0
31.891666666666666,1001.7746665642705,481.6424906484107,3.273712972066825,1,7,5,0
31.9,1002.7557917462832,481.71514966665734,3.2633021019998245,1,7,5,0
31.908333333333335,1003.7924040545422,482.57651759299983,3.281598618529084,1,7,5,0
31.916666666666668,1003.6483017867662,482.7225178339897,3.2557373767749103,1,7,5,0
31.925,1003.0012237875123,481.8309429595834,3.2583030664978407,1,7,5,0
31.933333333333334,1002.8724835577976,482.2759351567112,3.2727553173869426,1,7,5,0
31.941666666666666,1003.0147576804063,482.57605825383007,3.298486942520835,1,7,5,0
31.95,1003.1433750385852,482.06892523870965,3.2604430748310005,1,7,5,0
31.958333333333332,1002.5067839386937,482.3749027169851,3.242951733047788,1,7,5,0
31.966666666666665,1002.5428609601428,482.30638019378085,3.2532583418726704,1,7,5,0
31.975,1003.4147585685641,482.5430688284342,3.309736671655879,1,7,5,0
31.983333333333334,1003.0206157689942,482.38903092827894,3.260054694548143,1,7,5,0
31.991666666666667,1003.2014207040681,482.7749364166119,3.2718293593530534,1,7,5,0
32.0,1003.2749330130313,483.0832224140367,3.2622458054244254,1,7,5,0
32.00833333333333,1003.0393538961197,483.2966860232359,3.269602412990894,1,7,5,0
32.016666666666666,1003.3180447033798,483.17637800741045,3.255825084451677,1,7,5,0
32.025,1003.1407625554747,482.6559292859455,3.2026275983551495,1,7,5,0
32.03333333333333,1002.6960920041143,481.92638720010706,3.2300172597220222,1,7,5,0
32.041666666666664,1002.8335448440466,481.72357820666673,3.2804318165749615,1,7,5,0
32.05,1002.6192174685203,481.9154263808708,3.264638680470143,1,7,5,0
32.05833333333333,1002.1881559439861,481.5909506257004,3.2426321264093882,1,7,5,0
32.06666666666667,1000.8565880507655,482.1656537298647,3.2350424085172254,1,7,5,0
32.075,1000.7058352688636,482.47946751804585,3.261391819008405,1,7,5,0
32.083333333333336,1001.3649837438935,482.1743615484893,3.2533834724687383,1,7,5,0
32.09166666666667,1001.2409837507971,482.6140741267066,3.267620512263618,1,7,5,0
32.1,1001.1244337807397,482.0291268741611,3.2514284726961016,1,7,5,0
32.108333333333334,1001.3779044895,482.29292717405417,3.266978366126166,1,7,5,0
32.11666666666667,1002.1717961172997,482.49016666649936,3.2561277799621178,1,7,5,0
32.125,1002.4205965047222,482.0430644604241,3.2335220889649863,1,7,5,0
32.13333333333333,1001.9383540296067,481.9517748678583,3.263222594674717,1,7,5,0
32.141666666666666,1002.0669658853781,482.74573940205124,3.2550527569159353,1,7,5,0
32.15,1001.7728171344214,482.7468550319342,3.2169829749667422,1,7,5,0
32.15833333333333,1002.1146425929217,482.3354697754953,3.2445791561193884,1,7,5,0
32.166666666666664,1002.0716972708203,483.06083130132026,3.2465922929311524,1,7,5,0
32.175,1002.6213072023098,483.46203507358905,3.220874569038961,1,7,5,0
32.18333333333333,1003.3750552085678,483.55634757650313,3.272673189761404,1,7,5,0
32.19166666666667,1003.3177019146278,483.1810702123783,3.217343897557548,1,7,5,0
32.2,1002.8740950032319,482.8842293330979,3.243657557349623,1,7,5,0
32.208333333333336,1002.7860007459888,482.92336949929125,3.259845571849251,1,7,5,0
32.21666666666667,1002.0905355596391,482.11974982682665,3.178779192437203,1,7,5,0
32.225,1002.3505026350482,481.55510306930154,3.2148505971710377,1,7,5,0
32.233333333333334,1002.510531111563,481.29307635106727,3.2560962269876157,1,7,5,0
32.24166666666667,1003.478048123882,481.2588109382559,3.269966200080051,1,7,5,0
32.25,1003.4429370556722,481.3948401878597,3.244614609400402,1,7,5,0
32.25833333333333,1002.9894541689214,481.24571135814557,3.240154346197442,1,7,5,0
32.266666666666666,1003.155359670606,481.3790021606605,3.2049488286366437,1,7,5,0
32.275,1003.0681514627618,481.27848458021344,3.2151371589014475,1,7,5,0
32.28333333333333,1002.801106558229,482.20863733362506,3.2240590536983467,1,7,5,0
32.291666666666664,1002.8975353693659,482.4722552601444,3.2211559014328013,1,7,5,0
32.3,1003.6641017815391,482.45339497833834,3.2399685342431472,1,7,5,0
32.30833333333333,1003.0750606691334,481.8444924835191,3.219825573212699,1,7,5,0
32.31666666666667,1003.506011145248,482.1760579582216,3.2350459948191364,1,7,5,0
32.325,1003.617288717185,482.05013416704656,3.202439055578874,1,7,5,0
32.333333333333336,1004.002321649469,482.87144686632837,3.2122424584166405,1,7,5,0
32.34166666666667,1004.3651889292869,482.9909177501928,3.2159782827943886,1,7,5,0
32.35,1004.1408357536146,483.63858266192864,3.2066058158813817,1,7,5,0
32.358333333333334,1004.0830461541375,483.28888728928075,3.239709390966496,1,7,5,0
32.36666666666667,1003.6720518437944,483.2547681850748,3.2283179806560405,1,7,5,0
32.375,1002.7627970251112,483.38276417073365,3.245945639581931,1,7,5,0
32.38333333333333,1002.5631774504154,483.3216959923623,3.2031346284821693,1,7,5,0
32.391666666666666,1002.7222572821502,483.568692257281,3.2159312859631584,1,7,5,0
32.4,1002.7345219934475,484.0353933026374,3.1963402585127674,1,7,5,0
32.40833333333333,1002.3272273894538,483.37413178022814,3.2270393509184525,1,7,5,0
32.416666666666664,1001.8738906504148,483.19371062675776,3.1852421082468236,1,7,5,0
32.425,1001.113591730315,483.13792603064996,3.23326673368423,1,7,5,0
32.43333333333333,1000.5082719006573,483.9054548398672,3.2102585072985335,1,7,5,0
32.44166666666667,999.9953745945448,484.1989132763321,3.212015934892072,1,7,5,0
32.45,999.1626127804388,483.45091554729163,3.17497690862997,1,7,5,0
32.458333333333336,999.726660322057,482.37263547307793,3.239520084782137,1,7,5,0
32.46666666666667,1000.1477278733308,482.35976786350363,3.221462690991262,1,7,5,0
32.475,1000.5405430815478,482.6140375112006,3.2363623137175996,1,7,5,0
32.483333333333334,999.8936114631895,482.5799992817256,3.1833560410553816,1,7,5,0
32.49166666666667,1000.8183545403182,482.9650951457317,3.191653473819219,1,7,5,0
32.5,1000.9331193810364,483.01436586026455,3.1487959795597398,1,7,5,0
32.50833333333333,1001.1839536440674,483.42109690262026,3.2194618598591482,1,7,5,0
32.516666666666666,1001.170701037055,483.4667538861445,3.223623957653007,1,7,5,0
32.525,1000.1952637204853,483.93830226300486,3.1998112126127998,1,7,5,0
32.53333333333333,1000.5934709015601,485.22824170855506,3.16905985787979,1,7,5,0
32.541666666666664,999.9743693398854,484.98079572986387,3.2049450848716203,1,7,5,0
32.55,999.7102767353651,485.0541540292102,3.19891129711875,1,7,5,0
32.55833333333333,999.5421506511929,484.606962736681,3.1780200632259494,1,7,5,0
32.56666666666667,999.8907109107993,484.755564103775,3.2135847471968386,1,7,5,0
32.575,1000.5361798968246,484.6395097643118,3.1988476166484037,1,7,5,0
32.583333333333336,999.9568373196063,484.4106517126465,3.2069360554122635,1,7,5,0
32.59166666666667,1000.5190820777827,483.9331815728224,3.1792526555209752,1,7,5,0
32.6,1000.5566367737823,483.4001913815378,3.1863743269050193,1,7,5,0
32.608333333333334,1000.0398513971628,484.3148354114355,3.1669912662500486,1,7,5,0
32.61666666666667,1000.5023630019991,484.22531316146166,3.1607399690788367,1,7,5,0
32.625,1001.0302563710147,485.22011657460354,3.176136430061298,1,7,5,0
32.63333333333333,1001.1435487632866,485.8181693111672,3.1539526992378932,1,7,5,0
32.641666666666666,1001.0956546353383,485.6029692409738,3.1863647993936306,1,7,5,0
32.65,1000.8485753466408,484.95786786086296,3.1657117807299207,1,7,5,0
32.65833333333333,1000.8665954596107,484.8423776791689,3.1945299775874636,1,7,5,0
32.666666666666664,1001.1173023297423,485.12490315773675,3.1824161241237148,1,7,5,0
32.675,1001.4332961922236,485.51349571992006,3.1620848280979477,1,7,5,0
32.68333333333333,1001.744104056889,485.0023143515745,3.17214198866531,1,7,5,0
32.69166666666667,1001.4850795490836,485.26258075058144,3.1891289625767096,1,7,5,0
32.7,1002.2534634425549,484.8188614130727,3.122387182907472,1,7,5,0
32.708333333333336,1002.5168187440956,484.37730949608743,3.1663049912670385,1,7,5,0
32.71666666666667,1003.538583832522,483.8973922154397,3.1604452736479467,1,7,5,0
32.725,1002.9501747291324,484.218993769934,3.174629062675275,1,7,5,0
32.733333333333334,1003.2065649968796,484.38070861072885,3.158913377815704,1,7,5,0
32.74166666666667,1003.1742504149931,484.26427891662763,3.167331237534907,1,7,5,0
32.75,1003.1606694456326,484.88556999552145,3.1586235993808027,1,7,5,0
32.75833333333333,1003.4417293151976,484.7947578619697,3.15951054009438,1,7,5,0
32.766666666666666,1002.9120346485831,484.5097652279808,3.1461869282855752,1,7,5,0
32.775,1003.4949466887762,485.70856334279085,3.192188432063201,1,7,5,0
32.78333333333333,1004.5574361862592,485.92959667439266,3.1806592594254526,1,7,5,0
32.791666666666664,1004.4331848768801,485.40028521528654,3.1454277586832373,1,7,5,0
32.8,1005.4404465497355,485.90528826222476,3.160912158889084,1,7,5,0
32.80833333333333,1004.665940949591,486.1879823136902,3.1703054952689347,1,7,5,0
32.81666666666667,1004.3122743851201,486.80882001069733,3.1678859116584484,1,7,5,0
32.825,1003.8624833369499,486.83469147798155,3.1943783396727756,1,7,5,0
32.833333333333336,1003.1832312349421,487.16750506596554,3.157026489813186,1,7,5,0
32.84166666666667,1003.7597133681609,486.6791189849709,3.1763446292332125,1,7,5,0
32.85,1003.5793815055771,485.75209356198957,3.1499087149259,1,7,5,0
32.858333333333334,1004.7230311198908,485.18513482994575,3.1475304814306626,1,7,5,0
32.86666666666667,1004.7123806888033,485.26692478222395,3.106943044027175,1,7,5,0
32.875,1004.2989535294786,485.41525321299383,3.137653829793541,1,7,5,0
32.88333333333333,1004.6654394342063,484.8884052339088,3.17801922208167,1,7,5,0
32.891666666666666,1004.9476896129748,484.0177267490599,3.1744663281744283,1,7,5,0
32.9,1005.2532636494552,483.4769785216176,3.1493200701748663,1,7,5,0
32.90833333333333,1004.7106773293877,483.9084834858904,3.159183340928159,1,7,5,0
32.916666666666664,1004.1455759049278,484.45306242175377,3.1332148012741534,1,7,5,0
32.925,1004.0724992780827,483.5936586573994,3.1206908363494805,1,7,5,0
32.93333333333333,1004.2040657616953,484.1588423093386,3.148375416539003,1,7,5,0
32.94166666666667,1003.4735985141917,483.7366523071787,3.155914248998933,1,7,5,0
32.95,1004.0338195252884,484.14220857170966,3.119604088257683,1,7,5,0
32.958333333333336,1003.4152769762006,484.41588958549397,3.1392406238387154,1,7,5,0
32.96666666666667,1003.3145331746373,485.09976940708685,3.171407856552433,1,7,5,0
32.975,1004.248024889401,485.0394980109252,3.133596751565966,1,7,5,0
32.983333333333334,1004.0524139696288,484.19252324854244,3.149204237818991,1,7,5,0
32.99166666666667,1003.8757616929671,483.97900893670663,3.126329777052313,1,7,5,0
33.0,1003.0658543501503,483.37263279444596,3.1263584813536163,1,7,5,0
33.00833333333333,1003.3750767792152,483.1990861915118,3.166348772840063,1,7,5,0
33.016666666666666,1003.9185567303252,482.5422781544365,3.0906537477563605,1,7,5,0
33.025,1003.4955703036003,482.08887108316475,3.1327997707715496,1,7,5,0
33.03333333333333,1002.788024606894,481.67821144733546,3.1418582049518218,1,7,5,0
33.041666666666664,1002.8433828954637,482.35595251139296,3.1382885829578497,1,7,5,0
33.05,1002.7431379044984,482.2596992776737,3.1644037518746417,1,7,5,0
33.05833333333333,1002.3190051603136,482.0172771033327,3.141441643790913,1,7,5,0
33.06666666666667,1003.694343198066,481.60807225036615,3.1283079467982056,1,7,5,0
33.075,1003.135770340029,481.30270760766956,3.1400259258701677,1,7,5,0
33.083333333333336,1002.9853701445277,481.0404405388019,3.14172554877484,1,7,5,0
33.09166666666667,1003.4256898610997,480.62876774475626,3.1201398717994766,1,7,5,0
33.1,1003.3174222052716,480.3350232852412,3.125651432018913,1,7,5,0
33.108333333333334,1003.5090165950608,480.77983268400476,3.1812318305128255,1,7,5,0
33.11666666666667,1003.7446189733264,480.27962573912606,3.1172432765567706,1,7,5,0
33.125,1003.5498304652585,480.93147217265533,3.125093030951054,1,7,5,0
33.13333333333333,1003.5586101151841,481.1819446444825,3.165433136238578,1,7,5,0
33.141666666666666,1003.8029158565894,481.52846320563293,3.124521136401235,1,7,5,0
33.15,1003.6053831468271,481.47944103802536,3.1274917354293135,1,7,5,0
33.15833333333333,1004.3500431957356,481.4231543668879,3.1353449498060857,1,7,5,0
33.166666666666664,1004.5888511027412,481.1426726916901,3.125671215121263,1,7,5,0
33.175,1004.1378013431345,481.5847468543109,3.1384036257997914,1,7,5,0
33.18333333333333,1003.8235599156611,482.44604796140374,3.141782462304765,1,7,5,0
33.19166666666667,1003.8187325673069,482.0110965542021,3.1427557201065417,1,7,5,0
33.2,1002.6795787552603,482.2322958188802,3.1272687647156445,1,7,5,0
33.208333333333336,1002.631449629781,483.1219144381885,3.082629720972423,1,7,5,0
33.21666666666667,1002.4542086172305,483.62302944193004,3.1281997456428807,1,7,5,0
33.225,1002.230100324674,483.1015259310379,3.1431811415497752,1,7,5,0
33.233333333333334,1001.8098777163607,482.80129564291383,3.0893053055761057,1,7,5,0
33.24166666666667,1001.4148053745547,482.82526975662523,3.113395747282836,1,7,5,0
33.25,1000.827379985629,482.1159016053566,3.092496800730991,1,7,5,0
33.25833333333333,1000.8520166006447,482.46432603364434,3.0885819090889957,1,7,5,0
33.266666666666666,1000.7806297131948,483.0007472438853,3.1211712244556247,1,7,5,0
33.275,1000.0868248891231,482.4187928467956,3.0830305636615893,1,7,5,0
33.28333333333333,1029.1557097579675,149.88095597972006,3.1440086673525993,1,7,5,0
33.291666666666664,1029.4255769344659,149.91214176151766,3.1050842425287355,1,7,5,0
33.3,1000.5704907925258,483.4306929546755,3.09263019868119,1,7,5,0
33.30833333333333,1000.1118747338984,482.89452139588656,3.1160447766220596,1,7,5,0
33.31666666666667,1000.9134897155943,482.5458366989857,3.1037007692211196,1,7,5,0
33.325,1000.7175709244219,482.20324908992404,3.122387481541365,1,7,5,0
33.333333333333336,999.7149501428739,481.4689181055729,3.115847153357455,1,7,5,0
33.34166666666667,999.3138928295543,481.5630988187746,3.0969100543920693,1,7,5,0
33.35,998.4588498117812,482.1151646904124,3.14954685747284,1,7,5,0
33.358333333333334,998.6199474848991,482.6047225766243,3.107386289447269,1,7,5,0
33.36666666666667,998.7064113684645,482.70303273263045,3.0998955378143385,1,7,5,0
33.375,998.010111549336,483.3012113797554,3.1077989624036966,1,7,5,0
33.38333333333333,997.7982792641262,483.13290832191757,3.125501379387754,1,7,5,0
33.391666666666666,997.747148552855,482.8499647611654,3.086879673118685,1,7,5,0
33.4,998.0712513916707,483.2004957948214,3.1024733157307436,1,7,5,0
33.40833333333333,999.141788368155,482.33964631902904,3.113773635376403,1,7,5,0
33.416666666666664,998.4081001276128,483.19846571077954,3.1161137137052375,1,7,5,0
33.425,998.5308101365232,483.89841895116,3.1052649265298635,1,7,5,0
33.43333333333333,998.9428836518446,484.14376105539367,3.071587578968296,1,7,5,0
33.44166666666667,999.2844127591443,483.13359406814726,3.1122860916327997,1,7,5,0
33.45,999.2185699916349,483.4467762305817,3.1054938739078777,1,7,5,0
33.458333333333336,999.2997340245518,483.38949591990263,3.095432980514074,1,7,5,0
33.46666666666667,999.9267128524676,483.0769511639054,3.0928575628284096,1,7,5,0
33.475,999.7340135892093,482.46710399122213,3.0888773787698374,1,7,5,0
33.483333333333334,999.1938085240223,481.7895249589154,3.0973394819263933,1,7,5,0
33.49166666666667,999.4394612561002,481.92144916472915,3.0869758051376452,1,7,5,0
33.5,999.2416412724555,482.08828956660466,3.1074810101805785,1,7,5,0
33.50833333333333,1000.0024548531594,482.1390664268867,3.1182582764820808,1,7,5,0
33.516666666666666,1000.0050704299196,481.95156540620803,3.081017371999721,1,7,5,0
33.525,999.8014384739699,481.425134002129,3.0982904274887675,1,7,5,0
33.53333333333333,1000.8569060559954,481.62201653382147,3.1228136010488403,1,7,5,0
33.541666666666664,1000.164878537792,481.5709928001216,3.1110576269647363,1,7,5,0
33.55,1000.8211936186038,481.806871931596,3.1095782863548784,1,7,5,0
33.55833333333333,1000.935363047154,482.36279369699923,3.1143616239984167,1,7,5,0
33.56666666666667,1000.505201737428,482.6439946017248,3.1055709186008493,1,7,5,0
33.575,999.7440211367972,482.94444687490983,3.102606703711022,1,7,5,0
33.583333333333336,999.0606771882424,483.00734086250634,3.0626362402006775,1,7,5,0
33.59166666666667,998.9516426345285,483.1019136393905,3.1219991987208235,1,7,5,0
33.6,999.2841918885974,483.3735657710893,3.1117805436799237,1,7,5,0
33.608333333333334,999.1324641490268,483.2750894482817,3.0851925477238136,1,7,5,0
33.61666666666667,999.4582506503051,482.8022355534153,3.117181528141306,1,7,5,0
33.625,999.3024978029174,482.52252942181354,3.116024658850993,1,7,5,0
33.63333333333333,998.1117217493819,483.4337130205216,3.088759899229719,1,7,5,0
33.641666666666666,998.0488054638251,482.79070399363,3.064726262196956,1,7,5,0
33.65,998.1568757456727,483.47548400202226,3.115103270485924,1,7,5,0
33.65833333333333,997.6948286028048,483.2684535269564,3.1104016307245885,1,7,5,0
33.666666666666664,997.6722632380475,483.443539642711,3.1099688496968807,1,7,5,0
33.675,997.390726751655,483.26978431318594,3.1167017206718204,1,7,5,0
33.68333333333333,996.659201544537,482.9099998435914,3.0510409940823986,1,7,5,0
33.69166666666667,996.8377825558705,482.9080596535297,3.128115034569309,1,7,5,0
33.7,997.3934645221431,482.44070291540595,3.1007561045513206,1,7,5,0
33.708333333333336,998.2423900348118,482.816173123948,3.086034692045585,1,7,5,0
33.71666666666667,998.5536061889009,482.5467932301877,3.0883203126561884,1,7,5,0
33.725,998.5554663107321,482.07561218225896,3.0852682749662192,1,7,5,0
33.733333333333334,998.8373994292607,482.5808801059701,3.138931413452709,1,7,5,0
33.74166666666667,998.192543970772,483.2703527027243,3.100892628023575,1,7,5,0
33.75,997.22463583069,482.30221569798243,3.099751867633212,1,7,5,0
33.75833333333333,997.566444182723,482.73409564174653,3.091288116345653,1,7,5,0
33.766666666666666,997.8405883428745,483.8872640293961,3.0974075540048367,1,7,5,0
33.775,997.9705634984283,484.6460075310075,3.086211322235618,1,7,5,0
33.78333333333333,997.9534969080402,484.5889756129056,3.0832215704853394,1,7,5,0
33.791666666666664,998.1513475152893,484.5236890066001,3.087239953993879,1,7,5,0
33.8,998.7803149653191,484.16557170972226,3.092175779467798,1,7,5,0
33.80833333333333,998.730579072707,483.4654309106702,3.076059961134785,1,7,5,0
33.81666666666667,999.1174175878733,483.4590138106989,3.1043933562033446,1,7,5,0
33.825,999.0911239816514,482.561018902133,3.040872009819621,1,7,5,0
33.833333333333336,999.0863320802559,483.009953535726,3.105695631991863,1,7,5,0
33.84166666666667,999.1714924743461,482.4624612704265,3.0973402871263915,1,7,5,0
33.85,1000.1826689575238,483.1975070160451,3.116942501248947,1,7,5,0
33.858333333333334,1000.7754344734723,483.5644611144271,3.115236021529918,1,7,5,0
33.86666666666667,1000.2302871299818,484.00817519297107,3.1208191173229918,1,7,5,0
33.875,999.0929146566313,484.389729047773,3.103560304088653,1,7,5,0
33.88333333333333,998.8711570251396,484.0017463482028,3.0821473486168878,1,7,5,0
33.891666666666666,999.1386542155501,483.9841236664608,3.1008688152602106,1,7,5,0
33.9,999.5594865822422,483.5940227433176,3.1403825508194694,1,7,5,0
33.90833333333333,999.5283591025994,483.6373654188418,3.078702913285334,1,7,5,0
33.916666666666664,1000.8381614256919,483.4224211951272,3.049678327817251,1,7,5,0
33.925,1000.5675857798087,484.55752150783496,3.1038591247632548,1,7,5,0
33.93333333333333,1000.292671938006,485.15715891630174,3.1103781942735953,1,7,5,0
33.94166666666667,999.6341909789692,484.29258985992965,3.0823166345089033,1,7,5,0
33.95,999.850095484236,483.7693331714061,3.131302183288373,1,7,5,0
33.958333333333336,999.8784531194012,483.5817722128968,3.1206081914877015,1,7,5,0
33.96666666666667,999.5869610848574,484.25023081305346,3.096378540709586,1,7,5,0
33.975,999.6494573857601,484.6083830250501,3.0928291318300607,1,7,5,0
33.983333333333334,999.6217440878985,485.11847175467585,3.1228969627343384,1,7,5,0
33.99166666666667,999.5337462403329,484.4285057982258,3.0839694916092215,1,7,5,0
34.0,1001.0722257496924,484.0595622150215,3.109338915980009,1,7,5,0
34.00833333333333,1000.4941396362323,483.70996971157746,3.0987110435424774,1,7,5,0
34.016666666666666,1000.1481390973137,483.86625800314107,3.080690443531567,1,7,5,0
34.025,1000.546931759112,484.47768949599947,3.1353670660759176,1,7,5,0
34.03333333333333,1001.2445686470601,484.44648152819593,3.079468471324471,1,7,5,0
34.041666666666664,1000.9130760232805,484.00208528378215,3.0808478927648006,1,7,5,0
34.05,1000.9010058474483,485.12598831534154,3.090338594013519,1,7,5,0
34.05833333333333,1000.6204698573893,485.07528060346954,3.120986322406173,1,7,5,0
34.06666666666667,1000.7431919959218,485.5205368930119,3.0975867539590047,1,7,5,0
34.075,1001.0380953976186,484.8893017182802,3.107348625060761,1,7,5,0
34.083333333333336,1000.5281604887489,484.6285046195814,3.145273580401363,1,7,5,0
34.09166666666667,999.6343336894988,485.13527067930613,3.097689571200721,1,7,5,0
34.1,999.7014073847736,485.16387731898936,3.106975932783047,1,7,5,0
34.108333333333334,1000.2821820902943,484.95580161345634,3.111546974910453,1,7,5,0
34.11666666666667,1000.8254277499359,484.6413813617222,3.1184118049685874,1,7,5,0
34.125,1001.3935367144987,484.5181410242214,3.0969920725462687,1,7,5,0
34.13333333333333,1001.2943688782053,485.2080606881441,3.111449142462625,1,7,5,0
34.141666666666666,1001.4709259612879,485.0347504179871,3.117997745741878,1,7,5,0
34.15,1002.4807444607931,484.5940231520398,3.1232631915438938,1,7,5,0
34.15833333333333,1003.3256658262424,484.9940798303027,3.0759082458123386,1,7,5,0
34.166666666666664,1003.1030232264466,485.70460255958267,3.1100147739508337,1,7,5,0
34.175,1003.1675867907645,486.2766755279479,3.1645927318581712,1,7,5,0
34.18333333333333,1003.8741480826235,486.6482667635681,3.10810206993624,1,7,5,0
34.19166666666667,1004.0968454590518,485.97416675395374,3.100326290756035,1,7,5,0
34.2,1004.4109164299834,486.06841911820794,3.1118223843341672,1,7,5,0
34.208333333333336,1004.1269669853357,486.1741118922538,3.12536544508594,1,7,5,0
34.21666666666667,1004.348339261799,487.1548774086385,3.1149709750465018,1,7,5,0
34.225,1003.9500204247286,486.3058711473924,3.133297342525008,1,7,5,0
34.233333333333334,1004.6726709183401,486.6222559382172,3.106150914470286,1,7,5,0
34.24166666666667,1004.1205669658788,486.88141534084616,3.136193989861373,1,7,5,0
34.25,1004.3238632012146,486.58314406123,3.1284133781387737,1,7,5,0
34.25833333333333,1004.5083214433375,487.0661973302734,3.0855249525722606,1,7,5,0
34.266666666666666,1004.2528646485048,487.13639890462326,3.132070647449674,1,7,5,0
34.275,1004.4945926449221,486.9547971131177,3.1573161137697743,1,7,5,0
34.28333333333333,1004.5513079018177,486.80074529167916,3.1438592570127843,1,7,5,0
34.291666666666664,1003.4711293912192,486.4203394888983,3.1293981622565434,1,7,5,0
34.3,1004.1162138723414,485.2284503579258,3.088028980504747,1,7,5,0
34.30833333333333,1004.598205949262,485.1990477157219,3.1161284768492497,1,7,5,0
34.31666666666667,1004.6674369928251,485.516181510324,3.123808884954028,1,7,5,0
34.325,1004.8031663903625,485.14364745950445,3.1232776445334554,1,7,5,0
34.333333333333336,1004.6566772557424,485.90775334877026,3.1329958528419146,1,7,5,0
34.34166666666667,1003.7737167958242,485.8475583793193,3.1114985314056924,1,7,5,0
34.35,1003.178257281829,485.5652081548875,3.099825005904691,1,7,5,0
34.358333333333334,1003.1984872701781,485.8042118374801,3.1384453397115037,1,7,5,0
34.36666666666667,1003.8023340146983,485.9651769068356,3.0972635425814157,1,7,5,0
34.375,1004.109341504534,486.3438979060846,3.1049412414605984,1,7,5,0
34.38333333333333,1004.552282519215,486.7631733490467,3.1569954427898685,1,7,5,0
34.391666666666666,1004.8949380103835,486.3479576247584,3.121225896757194,1,7,5,0
34.4,1005.2726815287208,486.1571664210705,3.1247582039895145,1,7,5,0
34.40833333333333,1004.8130541543354,485.3863364458283,3.1153138764640005,1,7,5,0
34.416666666666664,1004.5332562722776,485.4080577718833,3.1428430978082558,1,7,5,0
34.425,1004.620620160044,485.0982852619126,3.1631117855782542,1,7,5,0
34.43333333333333,1004.5590461446584,485.0477111936159,3.157604928531518,1,7,5,0
34.44166666666667,1004.8093657868744,485.0412475442691,3.1241033787863177,1,7,5,0
34.45,1004.4356640973693,485.071459042971,3.1199915695901557,1,7,5,0
34.458333333333336,1005.4867782261257,485.81807419766443,3.1458994186718496,1,7,5,0
34.46666666666667,1004.6691252843536,486.4290195852917,3.1707240153096996,1,7,5,0
34.475,1004.6113325479927,486.1810819921764,3.162779562410067,1,7,5,0
34.483333333333334,1005.0773064612523,486.1628836867239,3.1394133730246097,1,7,5,0
34.49166666666667,1004.712293142369,486.09109584255714,3.1450031291597504,1,7,5,0
34.5,1004.977891599679,485.98401590403904,3.1335487673237616,1,7,5,0
34.50833333333333,1004.6733267875373,486.0158055705588,3.171591852587616,1,7,5,0
34.516666666666666,1004.3641646330283,486.39772614557904,3.1611018540286344,1,7,5,0
34.525,1004.1522426344079,487.17604654841256,3.095912187374497,1,7,5,0
34.53333333333333,1003.9477677928821,487.716136180603,3.171653527566727,1,7,5,0
34.541666666666664,1004.0874232986049,488.064292260381,3.171804350855657,1,7,5,0
34.55,1005.0960257561184,488.236428026414,3.1784491711816485,1,7,5,0
34.55833333333333,1004.993207828479,488.55326152439557,3.1509737803105455,1,7,5,0
34.56666666666667,1005.9695156131669,487.55670915487167,3.167629811805898,1,7,5,0
34.575,1006.2053815025462,487.6985473892852,3.1653614899524167,1,7,5,0
34.583333333333336,1005.7079361470144,488.0194797031624,3.1781696569603817,1,7,5,0
34.59166666666667,1005.7214125416468,487.9667874782775,3.1427983860543334,1,7,5,0
34.6,1005.4289060789881,487.0065350934895,3.133207449098192,1,7,5,0
34.608333333333334,1005.639918234398,487.1788842505483,3.1793497669356836,1,7,5,0
34.61666666666667,1005.7738334118742,487.93680067468733,3.155177257381347,1,7,5,0
34.625,1076.3294357524853,541.337723165474,3.1860260582110334,1,7,5,0
34.63333333333333,1076.6422220651607,540.6876853448632,3.158700318426291,1,7,5,0
34.641666666666666,1005.7246353041894,487.59751503387,3.1691963813656945,1,7,5,0
34.65,1005.1215217431192,487.4320470467138,3.1712796712406566,1,7,5,0
34.65833333333333,1005.2702060793474,487.3834577673389,3.1273978649075826,1,7,5,0
34.666666666666664,1004.5917943939313,487.3992081018672,3.182101390896278,1,7,5,0
34.675,1004.4667745121376,487.56816515561275,3.1600751935412483,1,7,5,0
34.68333333333333,1004.4376545546595,487.5402547991092,3.146127382126723,1,7,5,0
34.69166666666667,1004.5623960391262,487.38004489809634,3.1656203762359,1,7,5,0
34.7,1004.7706812840959,486.8405970133123,3.162183087521786,1,7,5,0
34.708333333333336,1004.9780356251252,485.4828583395482,3.1550393283713394,1,7,5,0
34.71666666666667,1005.6462092273557,486.36920565484775,3.1703129497867186,1,7,5,0
34.725,1005.1068476599563,486.3530226578003,3.17229182740128,1,7,5,0
34.733333333333334,1004.5905429193293,486.71067614091896,3.1553458434307613,1,7,5,0
34.74166666666667,1005.3465300019228,487.228030310995,3.1963940036914065,1,7,5,0
34.75,1005.2756177047462,487.53918170934077,3.1643254061120567,1,7,5,0
34.75833333333333,1006.2575784994086,487.90680065182124,3.145611935206871,1,7,5,0
34.766666666666666,1005.9644298400481,487.76210289743995,3.174849711803975,1,7,5,0
34.775,1006.0460517696048,487.41030246402966,3.186559401224999,1,7,5,0
34.78333333333333,1005.8224256227004,487.1521859294113,3.1950972093436723,1,7,5,0
34.791666666666664,1005.6651321844583,487.08724560563314,3.138598854571938,1,7,5,0
34.8,1005.6286489808705,487.14946369989565,3.191183693204207,1,7,5,0
34.80833333333333,1005.9226731765123,487.12721789360336,3.164796469914976,1,7,5,0
34.81666666666667,1005.8147450323055,487.58335683360133,3.1474458589322456,1,7,5,0
34.825,1006.5511853385851,488.1924895152807,3.2067303183672955,1,7,5,0
34.833333333333336,1006.8050224761745,488.53097311806397,3.2225146585866993,1,7,5,0
34.84166666666667,1007.1688087162394,488.72994224028713,3.197636883270435,1,7,5,0
34.85,1007.8402720016021,488.80740299374037,3.1562618445311332,1,7,5,0
34.858333333333334,1007.7324996283937,488.9283902929676,3.1813963686799926,1,7,5,0
34.86666666666667,1007.3449933419187,488.97012434704146,3.1568566578389734,1,7,5,0
34.875,1006.739358928334,488.91934595422543,3.209283594801354,1,7,5,0
34.88333333333333,1006.2655356795507,489.46537454929853,3.1799449305032144,1,7,5,0
34.891666666666666,1005.2732510188622,488.69405616874167,3.1793467867939222,1,7,5,0
34.9,1006.1037747267031,488.56872834629354,3.173469678186093,1,7,5,0
34.90833333333333,1006.4527511381096,488.72804009752406,3.166913612536585,1,7,5,0
34.916666666666664,1005.9459489413445,489.1595811838786,3.1758855153226646,1,7,5,0
34.925,1006.9954534444038,488.9099897784539,3.2142168695897273,1,7,5,0
34.93333333333333,1007.118290646761,489.3782978762978,3.1929531346534423,1,7,5,0
34.94166666666667,1007.6940157358027,489.11926648415874,3.173530219385037,1,7,5,0
34.95,1007.3141579501639,488.5174876100722,3.1746628696650863,1,7,5,0
34.958333333333336,1006.6847710945534,488.55739649871424,3.2092822657560034,1,7,5,0
34.96666666666667,1006.5928476398664,488.1810056781177,3.189824154574459,1,7,5,0
34.975,1006.5312776264905,487.84984323015374,3.179680753162072,1,7,5,0
34.983333333333334,1006.7413873046111,488.168513509001,3.2060559077708524,1,7,5,0
34.99166666666667,1006.688446533392,487.4173164501181,3.2016049261824073,1,7,5,0
