t,gx,gy,pupil,valid,subj,trial,label
0.0,958.4018282550862,540.5582517094509,4.078926090612585,1,6,2,1
0.008333333333333333,957.8992755326689,541.1519762841141,4.137880669877815,1,6,2,1
0.016666666666666666,958.4247006439365,541.5089885269513,4.0831860133315425,1,6,2,1
0.025,957.6845407618564,541.7726729888519,4.079982374188074,1,6,2,1
0.03333333333333333,956.9610320883013,541.9704206778883,4.120887550077037,1,6,2,1
0.041666666666666664,957.0115913701785,541.8614094731424,4.0723390966845825,1,6,2,1
0.05,957.2444712684397,541.6909407943722,4.105821872771142,1,6,2,1
0.058333333333333334,957.8963480546842,541.1553284861448,4.080307769784657,1,6,2,1
0.06666666666666667,957.7545258566015,539.7729104934821,4.12987834437403,1,6,2,1
0.075,957.1355318417686,538.5284656363856,4.068172550315797,1,6,2,1
0.08333333333333333,957.2450642614234,539.4365909903045,4.134851310774576,1,6,2,1
0.09166666666666666,957.1796464087925,539.9758674625448,4.096581639778337,1,6,2,1
0.1,957.3309165570132,540.7281654604761,4.082481658056221,1,6,2,1
0.10833333333333334,958.3448703930137,541.824525216396,4.121998839328561,1,6,2,1
0.11666666666666667,958.5739748328958,542.9749077945639,4.128552872472268,1,6,2,1
0.125,957.2802785543673,543.351478612162,4.064797067234797,1,6,2,1
0.13333333333333333,957.2562324229045,543.1843432307946,4.103769791656413,1,6,2,1
0.14166666666666666,956.6727185295341,544.0582390099386,4.092284441126015,1,6,2,1
0.15,955.8852253482507,543.9072525240075,4.148220839116774,1,6,2,1
0.15833333333333333,955.5665878713812,543.8536598618455,4.145037381639348,1,6,2,1
0.16666666666666666,955.1804884909197,542.6763778139228,4.08757589885639,1,6,2,1
0.175,954.2591226478573,542.2626503741084,4.147011770099018,1,6,2,1
0.18333333333333332,953.3075515768843,542.4979089604319,4.089526200684579,1,6,2,1
0.19166666666666668,952.99085684758,542.5151585910587,4.087398349416198,1,6,2,1
0.2,953.157237463119,541.9926713789109,4.155891540388187,1,6,2,1
0.20833333333333334,951.489920255961,542.8759618700442,4.115609115809836,1,6,2,1
0.21666666666666667,952.1447309992918,542.6811244064078,4.0856021518686605,1,6,2,1
0.225,951.26590366607,542.1140573029156,4.152767911566072,1,6,2,1
0.23333333333333334,951.1970955049738,541.9696608645822,4.09433090375991,1,6,2,1
0.24166666666666667,949.9622581146739,542.1736111229393,4.123809603413794,1,6,2,1
0.25,949.9348546988482,542.3931878943504,4.106978273135887,1,6,2,1
0.25833333333333336,950.4550649887518,541.5497167723574,4.19263907065897,1,6,2,1
0.26666666666666666,950.5353047233623,541.5212273616462,4.104377682178878,1,6,2,1
0.275,949.8520260114832,541.135687027902,4.176811422254912,1,6,2,1
0.2833333333333333,949.6358666629369,541.0755405617402,4.134984648097577,1,6,2,1
0.2916666666666667,949.7078680162514,539.8962124679364,4.126703288734204,1,6,2,1
0.3,950.1800503022588,539.0448757992241,4.094966598618629,1,6,2,1
0.30833333333333335,950.0985018635774,540.1763965104471,4.172809276818967,1,6,2,1
0.31666666666666665,949.4920087403672,540.0983475575584,4.153402209087378,1,6,2,1
0.325,950.982517330203,539.1460917132033,4.12958896916182,1,6,2,1
0.3333333333333333,950.947702319182,537.9975351297882,4.126587664184953,1,6,2,1
0.3416666666666667,950.3727440869686,537.683070292729,4.213341569264761,1,6,2,1
0.35,951.0180996713652,538.0024754923446,4.185594103192381,1,6,2,1
0.35833333333333334,950.7823340203356,537.3284560100996,4.162940721625882,1,6,2,1
0.36666666666666664,950.91834154298,535.5965973731974,4.117475216817863,1,6,2,1
0.375,950.2936794628356,534.8639918016278,4.109840533798909,1,6,2,1
0.38333333333333336,951.1622980557403,534.0749183119634,4.221268225422054,1,6,2,1
0.39166666666666666,951.9242452559694,533.5400025669879,4.144509582758344,1,6,2,1
0.4,951.1684780679051,533.3727609827599,4.145935097905557,1,6,2,1
0.4083333333333333,950.6321031555356,531.7946436810489,4.130863286221523,1,6,2,1
0.4166666666666667,950.8669145233514,530.1878195976867,4.144033729970715,1,6,2,1
0.425,950.1265666330688,529.903924828482,4.199028598502839,1,6,2,1
0.43333333333333335,951.1705493435829,530.1370096614676,4.20568973659426,1,6,2,1
0.44166666666666665,950.4285114621073,529.8127084692225,4.172605683754042,1,6,2,1
0.45,950.3010789709787,530.1523369859799,4.152177093982145,1,6,2,1
0.4583333333333333,950.7765956718716,531.7299248266412,4.1640048749009635,1,6,2,1
0.4666666666666667,951.0813988349245,530.3563121918661,4.154600707717627,1,6,2,1
0.475,951.1611716400068,529.9630229966369,4.119875711966384,1,6,2,1
0.48333333333333334,951.7391707674917,528.9658302964731,4.1582213190292405,1,6,2,1
0.49166666666666664,951.2688508906268,528.5147432557908,4.176982943658091,1,6,2,1
0.5,950.9216852374627,529.5991478576708,4.1071573923042175,1,6,2,1
0.5083333333333333,950.781539591452,531.3633816046515,4.101442001399295,1,6,2,1
0.5166666666666667,949.2905404124243,532.3539082458599,4.196162337515324,1,6,2,1
0.525,948.7384111043043,532.0968959306235,4.133119104631998,1,6,2,1
0.5333333333333333,949.0962271388012,532.7916844369295,4.1846878008183,1,6,2,1
0.5416666666666666,949.8141782415468,532.555128824823,4.159923399929076,1,6,2,1
0.55,949.261643471166,532.6436449243101,4.236459674961026,1,6,2,1
0.5583333333333333,949.3050821318694,533.2386899956684,4.15883891839896,1,6,2,1
0.5666666666666667,950.246484090235,533.7235357860056,4.168047457828275,1,6,2,1
0.575,949.7539688059785,534.1609724254287,4.164899127411396,1,6,2,1
0.5833333333333334,949.0152405795401,534.0850676089746,4.189229076297186,1,6,2,1
0.5916666666666667,949.305543632407,533.9724615360908,4.144328291846563,1,6,2,1
0.6,949.3387300647303,532.7299711648593,4.159518936335785,1,6,2,1
0.6083333333333333,949.6148874809588,531.8004881052399,4.131082949186487,1,6,2,1
0.6166666666666667,950.4690089643657,533.1839662649959,4.194746685705666,1,6,2,1
0.625,951.1467426732548,533.0371713693593,4.093317555950808,1,6,2,1
0.6333333333333333,952.2916598458687,532.426898256011,4.153410601524315,1,6,2,1
0.6416666666666667,952.4733607041685,531.9706945752256,4.194315545415517,1,6,2,1
0.65,950.7100054905349,531.4533416393341,4.157260639007699,1,6,2,1
0.6583333333333333,951.0091084119375,530.8314479932574,4.14814932224505,1,6,2,1
0.6666666666666666,949.8963075517717,529.3173819738632,4.149846784756342,1,6,2,1
0.675,949.7670688560526,528.8012013494453,4.203471491397116,1,6,2,1
0.6833333333333333,949.4890018488952,530.2652616784657,4.206021221753723,1,6,2,1
0.6916666666666667,949.0810614696265,530.6632165316586,4.228916682652764,1,6,2,1
0.7,951.0274735767773,530.9785693587286,4.152551389822728,1,6,2,1
0.7083333333333334,951.7524838459668,531.0063418375706,4.179760170295204,1,6,2,1
0.7166666666666667,952.6984823424586,530.8302345211172,4.214542429935237,1,6,2,1
0.725,778.65692822291,389.3723390824963,4.177032322398127,1,6,2,1
0.7333333333333333,778.608585419774,389.7153110490092,4.136588788901227,1,6,2,1
0.7416666666666667,953.4265962408542,533.0721443044234,4.187940106635663,1,6,2,1
0.75,954.0069192927652,532.7278614283168,4.1645029070267405,1,6,2,1
0.7583333333333333,953.9812504311636,533.4748300343709,4.176266552699408,1,6,2,1
0.7666666666666667,953.4697584725174,533.9359900903128,4.182143637320138,1,6,2,1
0.775,953.2802155547811,533.6755782100128,4.199078005783969,1,6,2,1
0.7833333333333333,952.8138489972794,534.2067185887668,4.138250074283308,1,6,2,1
0.7916666666666666,953.622456308051,533.5034760963741,4.182726473847505,1,6,2,1
0.8,953.4283892442813,533.9018532815719,4.198266678706367,1,6,2,1
0.8083333333333333,952.8250099839468,535.1525345837275,4.180603943096693,1,6,2,1
0.8166666666666667,953.7399659354314,536.0156107158335,4.171763264452369,1,6,2,1
0.825,953.2155471966701,536.916433289696,4.165103697047696,1,6,2,1
0.8333333333333334,953.7896816808218,535.2297818093945,4.195308297882258,1,6,2,1
0.8416666666666667,954.1482507479631,535.3859339026242,4.182651923104825,1,6,2,1
0.85,952.7019904709985,536.7008248344853,4.217766893390935,1,6,2,1
0.8583333333333333,952.7151044093437,537.2663872058848,4.246583877304946,1,6,2,1
0.8666666666666667,952.3109097858279,536.4543952508492,4.13516534982066,1,6,2,1
0.875,953.2226391559989,537.0876440073948,4.173137430599424,1,6,2,1
0.8833333333333333,953.0512795703384,538.4688500324912,4.159745923669589,1,6,2,1
0.8916666666666667,953.4686046032409,540.7542613742611,4.17127113929425,1,6,2,1
0.9,951.5525599606779,540.482787305693,4.200357004472552,1,6,2,1
0.9083333333333333,950.1403789925507,540.7152776828234,4.215797075766629,1,6,2,1
0.9166666666666666,947.7841751895312,541.4188299032293,4.0848817170629035,1,6,2,1
0.925,947.6880663991938,540.8684306439033,4.2177759526501575,1,6,2,1
0.9333333333333333,947.7757716506709,540.5286768438467,4.2536177417348116,1,6,2,1
0.9416666666666667,946.6122499489567,541.1859116386473,4.1976603103843555,1,6,2,1
0.95,945.2262291215638,542.3884781405271,4.2115546378491935,1,6,2,1
0.9583333333333334,945.3797710835393,541.9768334438252,4.231714251832447,1,6,2,1
0.9666666666666667,945.4561942868685,542.0164069499687,4.208226524487347,1,6,2,1
0.975,946.9275192958127,540.8275668801142,4.237581778540839,1,6,2,1
0.9833333333333333,946.68845795357,540.8779983679501,4.216304944252107,1,6,2,1
0.9916666666666667,946.8225134539558,541.9361505820503,4.193125455396833,1,6,2,1
1.0,946.127052156378,542.7800348492697,4.2008494531877005,1,6,2,1
1.0083333333333333,945.9515549810953,543.4448886955103,4.188922568961975,1,6,2,1
1.0166666666666666,947.7832981912813,543.2359936008739,4.234245323075993,1,6,2,1
1.025,947.1908091198451,542.2714303886694,4.165833064048725,1,6,2,1
1.0333333333333334,946.2729717593323,542.5942866862791,4.190782003269612,1,6,2,1
1.0416666666666667,946.0133558603735,542.5878189861993,4.180324388543412,1,6,2,1
1.05,944.8874475862089,542.2544058903329,4.217378858842006,1,6,2,1
1.0583333333333333,944.7112945116555,540.0308955766487,4.174001188263944,1,6,2,1
1.0666666666666667,945.7370635711119,539.1326097321004,4.240865297525151,1,6,2,1
1.075,945.8760807390114,539.2187176412205,4.188723361888003,1,6,2,1
1.0833333333333333,946.6794663712486,540.0041685583236,4.2150050647953545,1,6,2,1
1.0916666666666666,946.3421408050916,540.096941188828,4.243921519592259,1,6,2,1
1.1,945.6452865797877,541.3321983936481,4.216294597869126,1,6,2,1
1.1083333333333334,945.4422577387191,540.9534007790124,4.257482829093286,1,6,2,1
1.1166666666666667,944.2275009721785,542.7006268238524,4.204381073203524,1,6,2,1
1.125,943.4548489645205,542.3930497557217,4.154746434315647,1,6,2,1
1.1333333333333333,943.5332918451031,541.7460055494558,4.2196764478239235,1,6,2,1
1.1416666666666666,942.9440480629031,541.2166101452498,4.184096139197717,1,6,2,1
1.15,942.2600821483779,541.8314024483992,4.18327969424592,1,6,2,1
1.1583333333333334,943.2547703050194,543.0917198644973,4.183512330965146,1,6,2,1
1.1666666666666667,943.600718275356,544.5634128349582,4.153048015305358,1,6,2,1
1.175,944.1285992022305,544.4747188557487,4.193637577348547,1,6,2,1
1.1833333333333333,944.3926050810065,544.6646872792621,4.206284131117848,1,6,2,1
1.1916666666666667,944.3371964136796,543.5540293172155,4.147113977871962,1,6,2,1
1.2,944.1949496756065,543.4169458946653,4.195085887943915,1,6,2,1
1.2083333333333333,944.063928373157,542.7401121335548,4.2262324382935255,1,6,2,1
1.2166666666666666,945.076032389947,542.2112276474305,4.208326405382709,1,6,2,1
1.225,944.4585006738808,542.3627366835932,4.214717407922584,1,6,2,1
1.2333333333333334,943.9739000322152,542.9574476202511,4.248057405882394,1,6,2,1
1.2416666666666667,943.5300537805456,544.3159426299502,4.198722038045234,1,6,2,1
1.25,943.5593973788702,544.3618630657887,4.243403624795342,1,6,2,1
1.2583333333333333,943.4690719146625,545.6841024143608,4.229088145680117,1,6,2,1
1.2666666666666666,943.9840676891025,544.3799566976276,4.150115932272472,1,6,2,1
1.275,943.6201438916445,543.8447228968694,4.204131087161439,1,6,2,1
1.2833333333333334,944.1345792901556,542.7292657183569,4.21193254896587,1,6,2,1
1.2916666666666667,944.190095621279,542.7944147128756,4.279825770848609,1,6,2,1
1.3,944.964170667537,542.1615515865175,4.232226062402916,1,6,2,1
1.3083333333333333,944.3576098369389,542.5430022083906,4.21706886175893,1,6,2,1
1.3166666666666667,944.33823109222,542.4692135100232,4.173700281572729,1,6,2,1
1.325,944.6329740937309,541.5625346905931,4.2145118699554756,1,6,2,1
1.3333333333333333,944.475447724043,541.6883451961329,4.204485899073912,1,6,2,1
1.3416666666666666,945.3906449179659,540.8297346546101,4.2151415604798865,1,6,2,1
1.35,945.5208999137589,542.0438637613747,4.188163741688851,1,6,2,1
1.3583333333333334,944.4627522031432,541.7568456792295,4.215493964507191,1,6,2,1
1.3666666666666667,944.0630132076705,540.3463345252502,4.181209211103825,1,6,2,1
1.375,944.5931720642249,541.196064511416,4.16116831168237,1,6,2,1
1.3833333333333333,944.8100991721866,541.0081174946188,4.208431452503891,1,6,2,1
1.3916666666666666,944.9821308328145,540.2997166512043,4.178914140613538,1,6,2,1
1.4,945.715936542464,540.020669194975,4.182254981565406,1,6,2,1
1.4083333333333334,946.8785828885275,540.8099321143891,4.165500910111377,1,6,2,1
1.4166666666666667,947.7641430983027,540.4634903505357,4.214178105228978,1,6,2,1
1.425,947.3853747268865,540.8330380802092,4.166444023526919,1,6,2,1
1.4333333333333333,947.6005052643255,539.9420919658843,4.217373498954447,1,6,2,1
1.4416666666666667,947.0549221904598,540.2017821818274,4.262510226310392,1,6,2,1
1.45,945.571444963593,541.7337146927892,4.21697103625022,1,6,2,1
1.4583333333333333,945.8285231056068,542.5746938125122,4.187411656366536,1,6,2,1
1.4666666666666666,946.0200388061403,542.6919156851227,4.226357520888437,1,6,2,1
1.475,947.0554996182227,541.0590378039043,4.211630236013792,1,6,2,1
1.4833333333333334,945.7473712485909,541.1512494461242,4.213216588855218,1,6,2,1
1.4916666666666667,945.7771142279605,540.5611121281197,4.232784678654301,1,6,2,1
1.5,944.8234748127472,539.0338772995224,4.202022455987539,1,6,2,1
1.5083333333333333,944.768884259441,538.9429907936648,4.240901706483423,1,6,2,1
1.5166666666666666,944.8097696933621,538.0060854951003,4.21398430703721,1,6,2,1
1.525,944.5751577857477,537.7263124328321,4.276244581075634,1,6,2,1
1.5333333333333334,944.585514997204,536.6211544806108,4.247572212839542,1,6,2,1
1.5416666666666667,945.1915174828215,534.897632503001,4.243595350058959,1,6,2,1
1.55,944.9285941989287,535.0168086397337,4.192933410628287,1,6,2,1
1.5583333333333333,944.2592844576735,535.8992123851813,4.228664244629512,1,6,2,1
1.5666666666666667,943.2626806227779,537.0430488304843,4.221695619099238,1,6,2,1
1.575,943.6328220257459,536.9141138126821,4.274195288320554,1,6,2,1
1.5833333333333333,942.8423341919879,536.4113230360475,4.283054226594596,1,6,2,1
1.5916666666666666,943.4445113730925,536.7844890615098,4.2315671498436185,1,6,2,1
1.6,944.5582712065477,536.2451232263497,4.2565512778638155,1,6,2,1
1.6083333333333334,945.7462953574067,534.5490690098442,4.288546362616533,1,6,2,1
1.6166666666666667,945.8890276536007,534.4697049480696,4.264418250566046,1,6,2,1
1.625,946.4496233363634,533.2933755902019,4.272118319077641,1,6,2,1
1.6333333333333333,947.9970080800812,533.5250230758784,4.2676512432897535,1,6,2,1
1.6416666666666666,947.5592200282991,532.792891563139,4.281768979163842,1,6,2,1
1.65,947.1012821761066,531.2354971322824,4.278814528681119,1,6,2,1
1.6583333333333334,946.0501083061437,531.9766870108303,4.237118462626949,1,6,2,1
1.6666666666666667,946.6636493342727,532.6863402051673,4.34567610404251,1,6,2,1
1.675,947.2536888036121,532.5827031960248,4.315953213562345,1,6,2,1
1.6833333333333333,946.9848350249206,534.2369563839112,4.329172517568434,1,6,2,1
1.6916666666666667,947.475850802341,535.507064660611,4.36009201093854,1,6,2,1
1.7,948.0943720243412,535.5302728031207,4.295850422672351,1,6,2,1
1.7083333333333333,946.71632025462,535.20558197736,4.360959596774269,1,6,2,1
1.7166666666666666,948.204415659583,534.2409475477626,4.333021552506288,1,6,2,1
1.725,949.2586027166946,533.2681834409012,4.334085255645925,1,6,2,1
1.7333333333333334,948.4961986448649,533.9428417619217,4.361665989139352,1,6,2,1
1.7416666666666667,946.9072468205795,534.0600586417221,4.362269560056948,1,6,2,1
1.75,947.2731215627658,534.0850535887755,4.343073093219269,1,6,2,1
1.7583333333333333,948.279198983588,533.8638490731665,4.265850804485423,1,6,2,1
1.7666666666666666,947.8231565990271,533.518575926138,4.35521876387609,1,6,2,1
1.775,948.5509128103824,532.7906644107969,4.329546269845714,1,6,2,1
1.7833333333333334,948.4295049259354,531.8287928015125,4.377857774424413,1,6,2,1
1.7916666666666667,948.3947408760731,530.9809025276571,4.324650006653027,1,6,2,1
1.8,948.5297650108688,530.486490527563,4.264225331550359,1,6,2,1
1.8083333333333333,947.3073200378118,529.8516017930913,4.245320320596738,1,6,2,1
1.8166666666666667,946.9387269097333,530.0440099394401,4.33828973062169,1,6,2,1
1.825,946.9139744999538,531.0391259954874,4.225772995177912,1,6,2,1
1.8333333333333333,947.3076996621093,530.169255503588,4.2458137460570375,1,6,2,1
1.8416666666666666,946.8458639930758,531.4343357057925,4.31786704900561,1,6,2,1
1.85,947.6185962278619,533.1702226493827,4.339756991800511,1,6,2,1
1.8583333333333334,947.986452772429,531.8474996031289,4.238312772538233,1,6,2,1
1.8666666666666667,948.6728467747257,532.3377099882899,4.322690617554933,1,6,2,1
1.875,949.5394213392068,532.4454481079952,4.31141235756428,1,6,2,1
1.8833333333333333,950.3775006723055,533.4236659896885,4.224531513834011,1,6,2,1
1.8916666666666666,950.080682074419,533.7490365551381,4.187193083066824,1,6,2,1
1.9,949.4755063716793,534.121551118356,4.266377039779621,1,6,2,1
1.9083333333333334,949.7820996449881,533.0311966613959,4.243213560065473,1,6,2,1
1.9166666666666667,950.8916210189393,532.4234808858255,4.21243147029351,1,6,2,1
1.925,949.8522556321755,533.184021069351,4.218870416138482,1,6,2,1
1.9333333333333333,949.4887477628964,532.4744727261552,4.203198497298986,1,6,2,1
1.9416666666666667,950.4586129038738,532.6841885773376,4.1911711140076715,1,6,2,1
1.95,950.8108210563097,531.8440941947998,4.161494826409802,1,6,2,1
1.9583333333333333,951.0424526138439,532.8521704847933,4.203054322762927,1,6,2,1
1.9666666666666666,950.7130835552178,532.9799245375889,4.102702376366307,1,6,2,1
1.975,950.2472343904492,531.7644073117256,4.125661511310065,1,6,2,1
1.9833333333333334,949.8876414899072,532.191292199542,4.106285855903415,1,6,2,1
1.9916666666666667,949.1513596725861,530.7129432806673,4.170910300131236,1,6,2,1
2.0,948.5001107115377,530.5880570200162,4.17993293623379,1,6,2,1
2.0083333333333333,949.0271569052992,529.6525724118732,4.115344253164689,1,6,2,1
2.0166666666666666,949.0384432396946,528.4729626977114,4.203884623276539,1,6,2,1
2.025,950.0763647448308,530.013234821239,4.165550184322401,1,6,2,1
2.033333333333333,949.9268124987268,530.0806382801449,4.193439975943367,1,6,2,1
2.0416666666666665,950.7423375003565,528.9920961910102,4.1508777074635965,1,6,2,1
2.05,950.8772910009474,527.5229414154912,4.120955058414488,1,6,2,1
2.058333333333333,951.5997706858574,526.6306486780547,4.145340628965044,1,6,2,1
2.066666666666667,951.2076079653041,526.7113559754987,4.164769410719608,1,6,2,1
2.075,950.4702516426524,527.045271422973,4.093241027398379,1,6,2,1
2.0833333333333335,547.1794973633823,495.1331773923313,4.181190580564844,1,6,2,1
2.091666666666667,548.089701096809,494.7411864683721,4.1366809007439915,1,6,2,1
2.1,949.5028053901132,526.9509428739648,4.145058515694477,1,6,2,1
2.1083333333333334,949.8087546824789,527.0193227017685,4.216406321003574,1,6,2,1
2.1166666666666667,949.4126955588002,525.1210350816265,4.139346576209638,1,6,2,1
2.125,949.864861974386,525.0371182429966,4.145009392456157,1,6,2,1
2.1333333333333333,950.030299331796,524.6084260319917,4.168896328860354,1,6,2,1
2.1416666666666666,949.0683087017906,523.9340938484346,4.099607824401053,1,6,2,1
2.15,949.3155143718838,524.4938954860808,4.187227462785132,1,6,2,1
2.158333333333333,949.2277019593746,524.1659139674387,4.132900893183953,1,6,2,1
2.1666666666666665,948.9466917957727,524.3446048944905,4.191032009435589,1,6,2,1
2.175,949.4901186789086,523.7991932186944,4.127572628434664,1,6,2,1
2.183333333333333,949.9488313193947,524.7660481249447,4.180423546621191,1,6,2,1
2.191666666666667,950.3385061193345,525.1448502252687,4.120550669631256,1,6,2,1
2.2,949.6460186871441,526.6788701428798,4.206456303185935,1,6,2,1
2.2083333333333335,950.0938226202726,525.8182101980601,4.155651935710944,1,6,2,1
2.216666666666667,951.1277391976881,525.245164925058,4.102742590240814,1,6,2,1
2.225,951.5520348397961,525.2059551242405,4.179956194122489,1,6,2,1
2.2333333333333334,950.6900928242943,524.1803439396094,4.19657232773623,1,6,2,1
2.2416666666666667,950.195196464587,523.025663089926,4.073794179833024,1,6,2,1
2.25,950.1450507786752,523.6674789422291,4.107995655493185,1,6,2,1
2.2583333333333333,950.748038412799,525.2717317130166,4.1573906173473825,1,6,2,1
2.2666666666666666,949.7980106455431,525.9471359264899,4.059479250857226,1,6,2,1
2.275,949.535714069925,524.4123721102936,4.155817366355622,1,6,2,1
2.283333333333333,949.5581757900234,523.788959107301,4.133924790407584,1,6,2,1
2.2916666666666665,950.1947809890862,523.7989585468599,4.114757261994846,1,6,2,1
2.3,950.5362885516307,523.920740245473,4.105355522072899,1,6,2,1
2.308333333333333,951.725482371617,523.3185000369139,4.137740308678742,1,6,2,1
2.316666666666667,951.8686382460894,523.6305389510999,4.128014342889404,1,6,2,1
2.325,950.3176742550493,525.623379949734,4.101511046796997,1,6,2,1
2.3333333333333335,950.1530633378497,527.1357073895521,4.123191028097109,1,6,2,1
2.341666666666667,950.6407937150155,526.4627403916326,4.0682038763837625,1,6,2,1
2.35,949.9891478516496,526.157864663716,4.102224727121686,1,6,2,1
2.3583333333333334,951.2828851042681,524.7324287991058,4.14929047765746,1,6,2,1
2.3666666666666667,952.2545454592456,526.270728670226,4.150190307326831,1,6,2,1
2.375,952.6396522482551,526.8589288514588,4.160636307587088,1,6,2,1
2.3833333333333333,952.7431979642867,527.2635005036373,4.109223004683008,1,6,2,1
2.3916666666666666,952.6960765449085,527.2891668223249,4.068032637150718,1,6,2,1
2.4,951.8802480084972,526.8102978782832,4.110568000968598,1,6,2,1
2.408333333333333,951.2223079545774,526.7083848063309,4.16520438454783,1,6,2,1
2.4166666666666665,950.8291545524423,526.8223362056525,4.089219573967168,1,6,2,1
2.425,951.3017628201518,527.464988427828,4.144442664420844,1,6,2,1
2.433333333333333,950.4502777784675,528.2386035516711,4.10038183564741,1,6,2,1
2.441666666666667,948.806796868391,664.091772791709,4.112966736760884,1,6,2,1
2.45,950.1495537212168,664.2201370886135,4.1222605485684936,1,6,2,1
2.4583333333333335,952.5715651556881,526.0742983725572,4.108122040103956,1,6,2,1
2.466666666666667,953.2664345718916,526.7595463667392,4.1366210322065955,1,6,2,1
2.475,954.0345289976236,525.9727628520217,4.073373368444544,1,6,2,1
2.4833333333333334,954.3818785615215,524.5431752364741,4.077493848871708,1,6,2,1
2.4916666666666667,953.149027086242,524.2094594997322,4.071811698875649,1,6,2,1
2.5,951.5773692386757,523.8000972116963,4.121977306675168,1,6,2,1
2.5083333333333333,950.4938050283794,525.4084034842125,4.155872824277132,1,6,2,1
2.5166666666666666,950.9974547955164,524.6427018969589,4.170618815958806,1,6,2,1
2.525,950.4260951951408,525.2453672150695,4.0981104229658,1,6,2,1
2.533333333333333,950.4600173198253,525.8708548771797,4.076675544353458,1,6,2,1
2.5416666666666665,951.0471056384038,525.6203806506647,4.13702258190256,1,6,2,1
2.55,951.9228075952768,526.3838186997779,4.10235365681004,1,6,2,1
2.558333333333333,951.3509552134179,526.3088140902192,4.0740731242481125,1,6,2,1
2.566666666666667,953.1932100556168,526.882342763594,4.086363502423738,1,6,2,1
2.575,953.6970952299109,526.4274104920054,4.121947233617566,1,6,2,1
2.5833333333333335,954.8470766454479,526.1946513188366,4.1401541732360725,1,6,2,1
2.591666666666667,955.2132256006125,524.7869239177417,4.116234151617687,1,6,2,1
2.6,956.8911186737148,525.4158997283595,4.114012882442288,1,6,2,1
2.6083333333333334,956.5568465798477,525.3716205742829,4.093354386189605,1,6,2,1
2.6166666666666667,956.1257812206218,525.4885788976574,4.064730864038379,1,6,2,1
2.625,956.9866983959367,524.8752590016381,4.119076590247703,1,6,2,1
2.6333333333333333,958.1436197365381,524.3673505967167,4.099186984717323,1,6,2,1
2.6416666666666666,956.7403529640503,524.0440503106737,4.072871801820307,1,6,2,1
2.65,957.7234979562917,523.241471492993,4.0473872322231665,1,6,2,1
2.658333333333333,958.6401291875637,522.8108378438124,4.148860837920499,1,6,2,1
2.6666666666666665,957.1928209275769,523.990183402123,4.090095810716561,1,6,2,1
2.675,956.3075354349273,523.6774915641947,4.064119269809426,1,6,2,1
2.683333333333333,955.7569923078759,522.4960042066606,4.085640100435532,1,6,2,1
2.691666666666667,955.6446862129752,523.9104157762524,4.066417110382706,1,6,2,1
2.7,956.43000926922,522.7645734571613,4.105259632592107,1,6,2,1
2.7083333333333335,956.1990883676136,523.5773696952259,4.0612454238904805,1,6,2,1
2.716666666666667,956.2912612285711,523.1304669554384,4.035916771775267,1,6,2,1
2.725,955.9472875520106,521.1282036708669,4.0911086512111545,1,6,2,1
2.7333333333333334,956.0100473531518,520.3180782888843,4.083894132819558,1,6,2,1
2.7416666666666667,955.6855918702049,519.2914636553091,4.088022224893673,1,6,2,1
2.75,956.2575218866633,518.7913817286036,4.070640032920546,1,6,2,1
2.7583333333333333,955.0562566274638,518.6732891923396,4.081998425366388,1,6,2,1
2.7666666666666666,953.761842277907,518.6423835592317,4.046928806228261,1,6,2,1
2.775,953.2198093758539,518.3714448438569,4.0419640171547035,1,6,2,1
2.783333333333333,954.000899671202,519.35814633853,4.060378130878774,1,6,2,1
2.7916666666666665,955.7558041319527,518.7812344881166,4.070873141611423,1,6,2,1
2.8,957.2705730821332,518.9577889594194,4.074819077189301,1,6,2,1
2.808333333333333,957.5590151252396,519.9724586182772,4.057743359480104,1,6,2,1
2.816666666666667,956.2440690049139,520.0783168361057,4.040506923319404,1,6,2,1
2.825,956.337163530871,519.9201680118416,4.110222386338889,1,6,2,1
2.8333333333333335,956.5354300677122,521.6893776525494,4.095467001075521,1,6,2,1
2.841666666666667,957.1094539427481,520.3582878405506,4.040155080157122,1,6,2,1
2.85,957.5927820492918,520.8223851739484,4.0176954516309635,1,6,2,1
2.8583333333333334,957.906554515802,520.1828808591454,4.0768257821649785,1,6,2,1
2.8666666666666667,958.6379961340714,519.7856166535167,4.024844313549702,1,6,2,1
2.875,960.0356758602893,520.0446897617447,4.102716535016465,1,6,2,1
2.8833333333333333,958.9821542793815,521.2131580241901,4.071354357838854,1,6,2,1
2.8916666666666666,958.8863862946579,521.8299156195797,4.060502822118924,1,6,2,1
2.9,959.1559165743174,521.5929939026701,4.060810672345056,1,6,2,1
2.908333333333333,957.725775646693,523.1664309686308,4.045778204460843,1,6,2,1
2.9166666666666665,957.6937712250653,524.3400609592169,4.084697297291722,1,6,2,1
2.925,957.8888094023006,523.7493242487732,4.018185378722214,1,6,2,1
2.933333333333333,958.1718620820558,522.5746185571959,4.074651206756454,1,6,2,1
2.941666666666667,957.3127114234488,522.1566971995624,4.034141944723908,1,6,2,1
2.95,956.1563226263662,522.3831459840472,4.083625732040919,1,6,2,1
2.9583333333333335,954.8872515479954,521.6729828526909,4.057067199739705,1,6,2,1
2.966666666666667,955.9951412990009,521.9440972883239,4.02174076073124,1,6,2,1
2.975,955.2224226967478,522.7336673810684,4.060086609948466,1,6,2,1
2.9833333333333334,954.6451505884514,523.1309106142567,3.991105239787867,1,6,2,1
2.9916666666666667,955.3048594776,523.7311271002461,4.014284077672185,1,6,2,1
3.0,956.8248994657489,523.3027655091372,4.016842980693481,1,6,2,1
3.0083333333333333,956.7880136210523,523.4162709743889,4.074297815422999,1,6,2,1
3.0166666666666666,957.6307549192228,523.0647269719809,4.04825442039497,1,6,2,1
3.025,958.5538108960021,524.2320455586802,3.9810160336183253,1,6,2,1
3.033333333333333,960.0257977141265,525.1960842056818,4.057617303089248,1,6,2,1
3.0416666666666665,961.0283390395878,524.0600967556903,4.004527612094724,1,6,2,1
3.05,961.9200616089964,522.9454990260413,4.0780901728141234,1,6,2,1
3.058333333333333,961.31873048708,523.5540906894889,4.069486234038046,1,6,2,1
3.066666666666667,961.4626662139477,524.1038793150522,4.028390156069533,1,6,2,1
3.075,961.8076752506626,523.2933144798722,4.0927021557755365,1,6,2,1
3.0833333333333335,961.0839384429295,524.3093510609515,4.000537913809691,1,6,2,1
3.091666666666667,961.9214549220204,525.5420264210236,4.025504510514551,1,6,2,1
3.1,961.2873597939775,525.0362807687637,4.002954768644712,1,6,2,1
3.1083333333333334,961.0751385050203,525.9067323666559,4.047013136738476,1,6,2,1
3.1166666666666667,962.0612691143068,524.6148241188962,4.06656783445373,1,6,2,1
3.125,962.1768177495649,526.6609851788091,3.9789968911340656,1,6,2,1
3.1333333333333333,962.5493441953474,527.3301730839453,4.084462118737764,1,6,2,1
3.1416666666666666,963.8216624890558,528.5179870704294,4.057053117200654,1,6,2,1
3.15,963.3183542458191,528.1856921439828,4.062955513301176,1,6,2,1
3.158333333333333,963.3823846823387,527.096985257604,4.048759544750707,1,6,2,1
3.1666666666666665,963.5010327931091,525.6466768606991,4.029345201671483,1,6,2,1
3.175,963.5705156894945,526.2189256957112,4.007133096560247,1,6,2,1
3.183333333333333,963.2674479082309,525.1784687853373,4.056214141350074,1,6,2,1
3.191666666666667,963.1060307381148,525.0226329133661,4.0413813549851305,1,6,2,1
3.2,962.4561661980606,525.2387199741389,4.016535395273873,1,6,2,1
3.2083333333333335,961.896982712539,524.0197566123928,4.026484422793747,1,6,2,1
3.216666666666667,963.3141436632865,525.0159063759312,4.052172432834692,1,6,2,1
3.225,964.2849326472193,524.5426422578621,3.9911071867526617,1,6,2,1
3.2333333333333334,964.697180079586,524.8532653696764,4.031884693155146,1,6,2,1
3.2416666666666667,963.8317869401114,525.1866741848498,3.992430545332881,1,6,2,1
3.25,963.580024391097,523.551426465098,4.014987211932145,1,6,2,1
3.2583333333333333,965.0216346802982,524.3731812774652,4.030440109683858,1,6,2,1
3.2666666666666666,964.0707704142948,523.7156135678271,4.084246977630129,1,6,2,1
3.275,965.4804770168976,523.560027503975,4.1021086939057305,1,6,2,1
3.283333333333333,966.7257159729477,525.0222427364032,4.0001890418747434,1,6,2,1
3.2916666666666665,966.7333622163744,527.6612842942275,3.9983772952356005,1,6,2,1
3.3,967.0434655789198,526.5276539238689,3.9938207543153634,1,6,2,1
3.308333333333333,967.6332670647232,526.3021877802125,4.071080882622346,1,6,2,1
3.316666666666667,968.1664647200251,527.6309497823329,4.062746671585408,1,6,2,1
3.325,969.4402050334403,526.2568887664288,4.0169839030829655,1,6,2,1
3.3333333333333335,970.1390620595462,526.0805132364218,3.9862364958610823,1,6,2,1
3.341666666666667,968.901479681831,525.8262604432816,4.064086845461193,1,6,2,1
3.35,968.1212979927802,524.6238856206345,4.052521831677934,1,6,2,1
3.3583333333333334,967.9425855518732,524.3418207881068,4.082008662637569,1,6,2,1
3.3666666666666667,967.8287220474932,524.0295045149091,4.057830510805173,1,6,2,1
3.375,966.7296941373944,523.6231500208164,3.968102137343375,1,6,2,1
3.3833333333333333,966.4970876302752,524.2161403624913,4.044197361367866,1,6,2,1
3.3916666666666666,965.3486473242112,524.003939317592,4.052365953513861,1,6,2,1
3.4,965.9006150809568,524.4823251303949,3.969069480477873,1,6,2,1
3.408333333333333,966.3738015441343,524.3940248922115,3.972835101248775,1,6,2,1
3.4166666666666665,966.4700699565111,524.9074470712311,3.9271141208884033,1,6,2,1
3.425,964.5449518099219,525.1608379310819,4.043903021359417,1,6,2,1
3.433333333333333,964.7477900988885,525.9852957832146,3.990337773098987,1,6,2,1
3.441666666666667,965.3615267767121,525.5026215662613,4.029542842920685,1,6,2,1
3.45,966.7958821067924,524.7800619756085,3.9754542974372367,1,6,2,1
3.4583333333333335,967.6929624326614,524.5084021967099,4.0063000369955,1,6,2,1
3.466666666666667,968.1882178424378,523.9945941575054,3.99239952675986,1,6,2,1
3.475,967.6219138425975,524.2724779490056,3.969211019909504,1,6,2,1
3.4833333333333334,968.2021337287931,523.8022845747222,4.039402476903404,1,6,2,1
3.4916666666666667,966.5523137705321,524.3415103848204,4.048243445291068,1,6,2,1
3.5,965.8387107255493,524.9042764952244,3.9959117189543183,1,6,2,1
3.5083333333333333,965.8016338453509,524.8719530901925,3.9671115390792817,1,6,2,1
3.5166666666666666,966.1780385724119,525.3897078427273,4.012843020400871,1,6,2,1
3.525,963.9359949682258,524.6135000113553,4.0023483289415775,1,6,2,1
3.533333333333333,963.7277481832926,524.1385319840655,3.9881813863520295,1,6,2,1
3.5416666666666665,963.2395164381102,525.0338935617956,3.9897459336704544,1,6,2,1
3.55,963.030878315522,524.1619397820419,4.018935156778237,1,6,2,1
3.558333333333333,964.3562074505849,525.0641020244271,4.036658967484919,1,6,2,1
3.566666666666667,964.579979264396,524.9871920370997,4.062561417095875,1,6,2,1
3.575,963.4453865593667,524.8360516169384,4.002695094821007,1,6,2,1
3.5833333333333335,962.1159282780551,524.0698481440156,4.034181639295052,1,6,2,1
3.591666666666667,962.3666926739322,522.6742648935198,4.00379965465246,1,6,2,1
3.6,962.6396569355626,521.9192154614815,3.9824098245430517,1,6,2,1
3.6083333333333334,962.8471296102024,522.2702698362277,3.950148546649228,1,6,2,1
3.6166666666666667,962.3359353646648,522.215955227394,3.981340401313202,1,6,2,1
3.625,961.9783488738426,521.4955167077203,3.983494909692389,1,6,2,1
3.6333333333333333,961.0512515763938,519.9361914830796,3.992036416362365,1,6,2,1
3.6416666666666666,961.0315609481763,519.4007249397309,3.9848900375317786,1,6,2,1
3.65,962.1066519219228,518.6842727638336,3.947726974622012,1,6,2,1
3.658333333333333,962.7835552378746,519.4504246107686,4.010003969160691,1,6,2,1
3.6666666666666665,962.7553836259317,519.551872343066,4.016561286647526,1,6,2,1
3.675,962.4211545191845,519.8885108757947,3.8961542702814973,1,6,2,1
3.683333333333333,963.4943029174186,519.446048380041,4.01049932087951,1,6,2,1
3.691666666666667,962.3964917511139,521.2671961835199,3.9862341862212785,1,6,2,1
3.7,961.3010197708788,522.6382387894266,4.027511501878798,1,6,2,1
3.7083333333333335,961.9190054788388,522.3346677134948,3.9964981543007876,1,6,2,1
3.716666666666667,962.0904176299167,522.1997099105234,4.052372597605692,1,6,2,1
3.725,961.648073913698,522.6594561299574,3.978820687954133,1,6,2,1
3.7333333333333334,961.4026008832263,522.2666962626824,3.9990706610849505,1,6,2,1
3.7416666666666667,960.6910126625478,522.1685401456002,3.987786011168143,1,6,2,1
3.75,960.8305044614744,520.9700490556858,3.928646100663257,1,6,2,1
3.7583333333333333,961.1181129643306,522.5549808527952,4.044665787367443,1,6,2,1
3.7666666666666666,960.6174568069035,522.7026895259867,3.9996680406097203,1,6,2,1
3.775,962.554009819316,521.2792218517853,3.990346848005618,1,6,2,1
3.783333333333333,962.1896472078181,520.4366124005373,3.995842305644154,1,6,2,1
3.7916666666666665,962.3358480660161,518.0469559010102,4.003251210348098,1,6,2,1
3.8,962.5485863355857,518.4484914972239,4.007928632802671,1,6,2,1
3.808333333333333,962.4722574872789,518.9870628610167,4.0003125603799825,1,6,2,1
3.816666666666667,963.0063885011907,519.6264305308927,4.051408106748466,1,6,2,1
3.825,964.1729917328228,519.3444132429165,4.041116107225003,1,6,2,1
3.8333333333333335,964.5365520567163,519.6039153648537,4.00486663892488,1,6,2,1
3.841666666666667,963.5660206030575,518.6477714697779,4.00882168338467,1,6,2,1
3.85,962.8220843985865,518.9330829445969,3.9637093076511944,1,6,2,1
3.8583333333333334,963.2493547283228,517.7018734137203,3.990726920520111,1,6,2,1
3.8666666666666667,962.7074273995785,517.0739670220947,4.0257725034411935,1,6,2,1
3.875,962.1991867920274,516.601990631075,3.9834215540756843,1,6,2,1
3.8833333333333333,961.7334298557172,516.6652272471615,4.012426756175367,1,6,2,1
3.8916666666666666,962.2188020083664,515.4080661948398,3.9712093701639097,1,6,2,1
3.9,961.2545318095345,514.8151158998077,4.010512548043154,1,6,2,1
3.908333333333333,963.7105083862417,515.9000078337563,3.9630117792253383,1,6,2,1
3.9166666666666665,963.0501206983215,515.3815005551229,4.011726991972429,1,6,2,1
3.925,962.494021282828,516.1016056374627,3.931017979462586,1,6,2,1
3.933333333333333,962.6364530148005,515.9986139382479,4.015257580476695,1,6,2,1
3.941666666666667,963.5615881380847,516.4563785102666,4.034506952126107,1,6,2,1
3.95,963.6317059394239,517.100160686545,4.00963889860752,1,6,2,1
3.9583333333333335,963.4229069307144,517.2219517236783,3.998917869225009,1,6,2,1
3.966666666666667,963.0310524163779,517.8183254344581,3.9837627741662573,1,6,2,1
3.975,962.0667251431072,519.438546957221,4.015634891228572,1,6,2,1
3.9833333333333334,963.2380674081488,518.9638851119855,4.0116070695810215,1,6,2,1
3.9916666666666667,964.1290723718467,518.535614762558,4.031443511073533,1,6,2,1
4.0,964.5580931072973,517.021861294641,4.058773461503544,1,6,2,1
4.008333333333334,964.9766752862134,517.3185778367207,3.958300297988719,1,6,2,1
4.016666666666667,966.4311924797854,517.9398987700757,3.980880982813636,1,6,2,1
4.025,966.4306272192804,516.6867028516856,4.053203993895543,1,6,2,1
4.033333333333333,1234.6192378783248,531.3618291294014,3.9876513676501246,1,6,2,1
4.041666666666667,1235.4654763730691,530.9050165841002,4.005767395793083,1,6,2,1
4.05,969.7533071088751,515.3087326521195,3.9602721493130955,1,6,2,1
4.058333333333334,970.0503397896712,515.4543787350154,3.983172023705771,1,6,2,1
4.066666666666666,970.8544868932031,515.2063639123896,3.9622902002299036,1,6,2,1
4.075,973.0394171191303,514.4968222390149,4.038544000931919,1,6,2,1
4.083333333333333,973.1731534266366,512.6990011484417,3.9957549738546643,1,6,2,1
4.091666666666667,971.615454567277,512.8686448025585,4.0201864577758535,1,6,2,1
4.1,970.7871400127838,512.3119837178994,4.045192613486219,1,6,2,1
4.108333333333333,970.6249995825569,512.8895367260694,4.013793563481962,1,6,2,1
4.116666666666666,969.448376259416,512.3890230395175,4.031802944672259,1,6,2,1
4.125,968.2554458263603,511.5337687144064,4.0303654623567065,1,6,2,1
4.133333333333334,968.0749621176541,510.2720220742384,3.9596251174156247,1,6,2,1
4.141666666666667,966.8067204169612,510.48519232727807,4.022154468753056,1,6,2,1
4.15,966.4206258799022,510.970275071001,4.031961132305177,1,6,2,1
4.158333333333333,965.9554131400846,510.7391526597861,4.044984880022955,1,6,2,1
4.166666666666667,966.7300119546559,509.8974770341685,3.992078903605779,1,6,2,1
4.175,967.0053049897232,509.190775036612,4.017939538027977,1,6,2,1
4.183333333333334,966.1308797416564,509.35878806760957,3.958184976151256,1,6,2,1
4.191666666666666,965.691945779584,509.5109161817929,3.978150763845596,1,6,2,1
4.2,965.6859290368915,509.91751970974695,4.003367451666537,1,6,2,1
4.208333333333333,965.764374511038,509.2950005868313,4.057815019988021,1,6,2,1
4.216666666666667,966.6851080819025,508.15246615173254,4.034814048750971,1,6,2,1
4.225,967.200526754899,509.99705021897444,4.015845885735147,1,6,2,1
4.233333333333333,968.0909109973837,510.3196745189166,4.033351650657667,1,6,2,1
4.241666666666666,966.8617206572516,510.2925596243095,3.9803368146617286,1,6,2,1
4.25,965.600590453887,509.3777874300399,4.026004228744832,1,6,2,1
4.258333333333334,965.2716248248429,509.4387301504516,4.046788785872745,1,6,2,1
4.266666666666667,964.7285784812652,508.20137741095743,3.9869317847798746,1,6,2,1
4.275,965.8413833265447,509.2905261058808,4.003717719763424,1,6,2,1
4.283333333333333,965.4492725938936,509.3384362056036,4.0369391705763915,1,6,2,1
4.291666666666667,965.4859248468853,509.3326608077044,3.991799972677217,1,6,2,1
4.3,964.2476728051622,508.3425508509688,3.960002568739697,1,6,2,1
4.308333333333334,964.0656832757572,508.65334212373034,4.043992847769514,1,6,2,1
4.316666666666666,963.7384546212195,508.6794984609698,4.065150907584862,1,6,2,1
4.325,962.9483652889835,509.1735196648153,4.033957599125612,1,6,2,1
4.333333333333333,961.6250908827395,508.9379692089487,4.01714570082872,1,6,2,1
4.341666666666667,961.2063028478029,508.5510332452035,4.03071250264663,1,6,2,1
4.35,961.1234926531988,510.14551327478625,4.038991600148409,1,6,2,1
4.358333333333333,961.5854088944088,510.4716201031843,4.005381063709581,1,6,2,1
4.366666666666666,961.9554658907244,510.44492226819244,4.031717032167304,1,6,2,1
4.375,963.0977972112543,508.97043921030206,3.991114721659402,1,6,2,1
4.383333333333334,964.3220595966217,509.1410848855908,4.077258234450316,1,6,2,1
4.391666666666667,964.6820982678997,508.698510967213,4.013796096492781,1,6,2,1
4.4,966.045861781112,511.04935816594536,4.049751743035843,1,6,2,1
4.408333333333333,966.2069926084431,511.77910365747573,4.03410510596884,1,6,2,1
4.416666666666667,965.8453889453499,512.0575850350691,3.99184710944943,1,6,2,1
4.425,965.8398048382905,511.04486052832635,4.028439045717509,1,6,2,1
4.433333333333334,966.1632052730649,510.9079809102341,4.071139867851754,1,6,2,1
4.441666666666666,965.8796662627727,511.26828135610305,4.010225594855423,1,6,2,1
4.45,965.421817938601,511.31211656569525,4.089273530101404,1,6,2,1
4.458333333333333,965.5938746643945,509.7115939421753,4.049493959517357,1,6,2,1
4.466666666666667,967.0463162047629,510.24426647357103,4.068231737760959,1,6,2,1
4.475,967.3131919442147,511.7396784020068,4.000484550322295,1,6,2,1
4.483333333333333,967.4445293582179,511.7217860370607,4.108345830739577,1,6,2,1
4.491666666666666,967.321352400182,511.27297901409275,4.033214232667437,1,6,2,1
4.5,966.4999101055666,511.69842805886157,4.035427021661495,1,6,2,1
4.508333333333334,968.2460766161838,512.8443560595416,4.0225736449216525,1,6,2,1
4.516666666666667,968.1164096730861,512.4821287325148,4.079270066844582,1,6,2,1
4.525,967.3196978203264,510.62443618864705,4.03471396580965,1,6,2,1
4.533333333333333,967.5287016566303,510.564133330444,4.033664883916368,1,6,2,1
4.541666666666667,967.9417495337714,512.0738405571028,4.033945314302845,1,6,2,1
4.55,968.7698155141319,512.6916159275438,4.080408357402886,1,6,2,1
4.558333333333334,1033.3309433900756,714.4755926000187,4.072625671682811,1,6,2,1
4.566666666666666,1033.201462071101,714.1307157747826,4.0937357416511135,1,6,2,1
4.575,968.1779319769398,513.7154755177886,4.008388446354687,1,6,2,1
4.583333333333333,967.5124101903946,513.1714406761364,4.040251987928458,1,6,2,1
4.591666666666667,967.7979190444779,512.430260852277,4.031320383129898,1,6,2,1
4.6,968.3170043595176,514.5037458188231,4.054682928034203,1,6,2,1
4.608333333333333,967.4749182078872,515.0164567566054,4.064459507826937,1,6,2,1
4.616666666666666,967.2607105038574,516.0911590560337,4.027355091198594,1,6,2,1
4.625,967.2946024060952,516.2038730518699,4.048460127908129,1,6,2,1
4.633333333333334,967.5184291907467,516.1491781765301,4.081233574261088,1,6,2,1
4.641666666666667,966.817283197567,517.0982867438717,4.060074383000866,1,6,2,1
4.65,966.3132954906926,517.407199884874,4.015136711999866,1,6,2,1
4.658333333333333,965.7651736679563,517.5060596696401,3.994139157860207,1,6,2,1
4.666666666666667,966.410532264111,517.0776369532372,4.065732702293879,1,6,2,1
4.675,965.4348232712655,516.699718910512,4.069584252611342,1,6,2,1
4.683333333333334,965.4181950842408,517.7874499251411,4.068424816617877,1,6,2,1
4.691666666666666,965.8568571685079,518.7312281396322,4.071730623892772,1,6,2,1
4.7,965.7680972042763,520.3924514381335,4.042430831896127,1,6,2,1
4.708333333333333,963.9628034275976,520.8758770034282,4.062013924092492,1,6,2,1
4.716666666666667,964.4956310852006,521.2490032026111,4.045720209312518,1,6,2,1
4.725,965.9628382620236,522.3932837004251,4.086399348835341,1,6,2,1
4.733333333333333,965.107350481815,523.1797149167296,4.080723313176928,1,6,2,1
4.741666666666666,965.3177602622868,523.1572744290538,4.06777925927025,1,6,2,1
4.75,965.4919984676902,523.5109294514867,4.087517366121046,1,6,2,1
4.758333333333334,964.7362150378525,523.1710592097005,4.085619402851733,1,6,2,1
4.766666666666667,964.9903371429222,523.1391905262242,4.092072685690129,1,6,2,1
4.775,965.7331347993612,523.193110490488,4.091048341900117,1,6,2,1
4.783333333333333,966.2424402037013,523.7468427719408,4.1048231091385965,1,6,2,1
4.791666666666667,965.9377903263371,524.0110319765029,4.059896732394133,1,6,2,1
4.8,965.6518487324757,524.5289787705123,4.065500057969624,1,6,2,1
4.808333333333334,965.3324144789942,523.5055257160224,4.115782277011747,1,6,2,1
4.816666666666666,2091.5522846784474,631.8906066147272,4.083398193334449,1,6,2,1
4.825,2092.597599573827,630.9409242492922,4.122679081182572,1,6,2,1
4.833333333333333,968.4963778745348,522.0832279300729,4.055641508353621,1,6,2,1
4.841666666666667,967.7430727618008,522.5485487901396,4.120686154613359,1,6,2,1
4.85,968.0448817874855,521.3106559525828,4.036762645710411,1,6,2,1
4.858333333333333,968.1534101397477,522.7621752787669,4.095588565678792,1,6,2,1
4.866666666666666,968.1768564583134,522.8836503237522,4.055147924772792,1,6,2,1
4.875,968.5631868647205,522.7975111646016,4.110014163689493,1,6,2,1
4.883333333333334,968.5083374996625,523.232105709664,4.0839309344003025,1,6,2,1
4.891666666666667,969.5806889100522,523.368146485135,4.053921791571537,1,6,2,1
4.9,968.9166720330875,522.7886955699978,4.059997257680601,1,6,2,1
4.908333333333333,968.6376229100368,523.4734722027113,4.107057862617529,1,6,2,1
4.916666666666667,969.3040230765147,524.2268380657116,4.141398826413675,1,6,2,1
4.925,969.0462686120904,524.0731826791038,4.120362465222342,1,6,2,1
4.933333333333334,969.1388019257571,524.5407510665442,4.158749842681,1,6,2,1
4.941666666666666,967.3735100655085,524.2627273069094,4.074286383189305,1,6,2,1
4.95,967.6802073677554,523.9039771056861,4.111620151379785,1,6,2,1
4.958333333333333,966.8575062521986,523.6830142269022,4.082691387553938,1,6,2,1
4.966666666666667,965.9902485488074,523.3075335721959,4.045704553625545,1,6,2,1
4.975,966.4697380836504,523.6792026523988,4.107835117311762,1,6,2,1
4.983333333333333,965.7041803118656,523.3256541919386,4.060799547542736,1,6,2,1
4.991666666666666,965.8325363038874,525.511899590311,4.1196449524122745,1,6,2,1
5.0,965.451942695785,523.6655067042751,4.107776941219327,1,6,2,1
5.008333333333334,965.0542619235899,522.4452843715846,4.058861381571443,1,6,2,1
5.016666666666667,965.6685268965267,522.37420973118,4.1265362776017716,1,6,2,1
5.025,964.8353242908684,521.5004968798936,4.121455259032697,1,6,2,1
5.033333333333333,963.6080394021161,520.3629587888026,4.095251947725706,1,6,2,1
5.041666666666667,963.712904534806,519.1741270352305,4.085615847166191,1,6,2,1
5.05,965.0623698430621,519.9508904315772,4.102999752829837,1,6,2,1
5.058333333333334,963.8857058247079,520.2688082170798,4.0953656885481475,1,6,2,1
5.066666666666666,964.8127419960266,520.0254414596691,4.114540162218694,1,6,2,1
5.075,964.2677959015559,518.8481988975648,4.071942180956139,1,6,2,1
5.083333333333333,966.8285732065508,518.9264143260502,4.169636344819069,1,6,2,1
5.091666666666667,966.704941582211,518.5460679050235,4.0368043952179455,1,6,2,1
5.1,967.2737313396225,518.9197332884356,4.10283807038951,1,6,2,1
5.108333333333333,966.3714026396653,518.8529179347605,4.0832501207914955,1,6,2,1
5.116666666666666,966.4354776835086,519.5577986505535,4.12246314581379,1,6,2,1
5.125,965.789997089057,517.1391909919904,4.09373430878216,1,6,2,1
5.133333333333334,965.200353654251,516.2347504505523,4.153812766282033,1,6,2,1
5.141666666666667,963.86743226752,515.6100993843605,4.156705318629923,1,6,2,1
5.15,963.9220585648887,515.5362423238635,4.133925565526394,1,6,2,1
5.158333333333333,963.4358866053124,516.1807463190517,4.179221208872607,1,6,2,1
5.166666666666667,963.2456335369119,515.5117632911945,4.074101409212147,1,6,2,1
5.175,963.2473156328089,515.8769812835328,4.12708035162241,1,6,2,1
5.183333333333334,963.8638846439741,514.1597069110833,4.126084423572057,1,6,2,1
5.191666666666666,963.6508281347182,515.2228963550111,4.083574323595856,1,6,2,1
5.2,963.5098882071994,515.974617254519,4.107481094947978,1,6,2,1
5.208333333333333,962.8282214041419,516.1535043404147,4.09333146253886,1,6,2,1
5.216666666666667,961.7504813538065,516.3932429606319,4.067660660539108,1,6,2,1
5.225,961.7856015676973,517.7314655985292,4.111874262653012,1,6,2,1
5.233333333333333,961.1641332190483,518.3213613455672,4.118328545976796,1,6,2,1
5.241666666666666,960.9664097446363,516.2285639064572,4.14446867396776,1,6,2,1
5.25,961.8966707408158,517.2599170635401,4.093954250835363,1,6,2,1
5.258333333333334,961.7648582270696,517.0440028194008,4.205423076036341,1,6,2,1
5.266666666666667,961.9870601296875,517.2925642987176,4.099786799697601,1,6,2,1
5.275,962.7814487818476,517.6162958879507,4.1507907864282325,1,6,2,1
5.283333333333333,961.7847248879509,518.7751754986324,4.091207813262561,1,6,2,1
5.291666666666667,962.2929134239164,517.9222252187283,4.152308469940082,1,6,2,1
5.3,961.9763630181604,517.8572886669328,4.1531339062328945,1,6,2,1
5.308333333333334,960.4532367107098,518.4639575025304,4.155086609562877,1,6,2,1
5.316666666666666,960.8194699473207,518.1882671182175,4.157253029799325,1,6,2,1
5.325,959.6960858078609,520.1032663065871,4.116183794383417,1,6,2,1
5.333333333333333,959.1519489085148,520.1807211151099,4.165160315378577,1,6,2,1
5.341666666666667,958.3462613406106,519.3541182508635,4.133926214686548,1,6,2,1
5.35,959.2234470971957,518.4207110961453,4.149693699542818,1,6,2,1
5.358333333333333,958.857845271675,518.6961111820707,4.180922525762352,1,6,2,1
5.366666666666666,959.6850734910811,517.5800369372092,4.117608947958484,1,6,2,1
5.375,959.0135950820896,516.7723816568371,4.121739093693268,1,6,2,1
5.383333333333334,957.5843045303653,517.8877720018954,4.177243757883678,1,6,2,1
5.391666666666667,959.422950604433,518.8597927442706,4.143473361729106,1,6,2,1
5.4,959.3257978349978,518.4481065823359,4.200640681343335,1,6,2,1
5.408333333333333,959.5953365508274,517.270746759562,4.139563803208726,1,6,2,1
5.416666666666667,958.8527447081781,518.0628436634171,4.135951309774002,1,6,2,1
5.425,958.6060333912859,518.6914010854157,4.1064511348795545,1,6,2,1
5.433333333333334,958.9090299600646,519.5878103569408,4.21716685044613,1,6,2,1
5.441666666666666,957.6841182109459,520.9880215025457,4.178050136435209,1,6,2,1
5.45,958.5313067903417,520.7916218751752,4.220655686914117,1,6,2,1
5.458333333333333,959.5182488989093,520.2405494257522,4.09926397540988,1,6,2,1
5.466666666666667,959.1160046944372,519.8487457473304,4.199001760829675,1,6,2,1
5.475,959.4474949029991,520.3348835323488,4.076224780243181,1,6,2,1
5.483333333333333,960.3271378132415,519.4921402703671,4.146626239554421,1,6,2,1
5.491666666666666,960.5818205014825,520.4283417770254,4.191381795881814,1,6,2,1
5.5,961.21957762694,520.5892393900292,4.1360884445877595,1,6,2,1
5.508333333333334,963.053808442231,520.6265840829326,4.1478399563866,1,6,2,1
5.516666666666667,962.7616869909593,519.730392075437,4.171482042892119,1,6,2,1
5.525,961.5856464650482,520.2198578259321,4.113064085605216,1,6,2,1
5.533333333333333,962.8708494182316,520.8939938720933,4.151141008171407,1,6,2,1
5.541666666666667,963.5052308752463,520.1531752928103,4.174516642095446,1,6,2,1
5.55,962.9576798609925,520.5921425263529,4.169244117365052,1,6,2,1
5.558333333333334,962.9545024914846,519.9733505200862,4.079540976455669,1,6,2,1
5.566666666666666,961.7485015881488,519.9388626182248,4.207748684712693,1,6,2,1
5.575,962.9320805933373,521.3450253897242,4.1808552908882195,1,6,2,1
5.583333333333333,961.621479429351,522.5442060148309,4.160787924497393,1,6,2,1
5.591666666666667,961.4316647650974,523.0621031234979,4.2236263909606935,1,6,2,1
5.6,962.2182875335149,522.1677235295514,4.219273321755848,1,6,2,1
5.608333333333333,962.2608432363999,522.4019802948333,4.14758522143179,1,6,2,1
5.616666666666666,962.9198249255779,523.3043417074665,4.165923958546322,1,6,2,1
5.625,962.6688591700862,524.1098799466148,4.162446373795473,1,6,2,1
5.633333333333334,962.4946427077182,524.0310726823457,4.190493192953226,1,6,2,1
5.641666666666667,961.5735535363656,524.3804291588973,4.153022043910726,1,6,2,1
5.65,962.4969188319146,525.0561352269779,4.163267070991827,1,6,2,1
5.658333333333333,962.83273683582,526.0094415855707,4.222362901288877,1,6,2,1
5.666666666666667,962.6817967548432,525.779075680253,4.216192876599071,1,6,2,1
5.675,962.3929770304266,523.4994880288006,4.199376172072442,1,6,2,1
5.683333333333334,962.2896168643351,523.0643674684572,4.185379061963407,1,6,2,1
5.691666666666666,962.313838149131,525.8091786090365,4.129158492122541,1,6,2,1
5.7,963.22409800055,524.159316326125,4.18358208865204,1,6,2,1
5.708333333333333,963.2264975452038,524.9987977750858,4.215845976486674,1,6,2,1
5.716666666666667,964.1481867923952,524.5236988925641,4.198915995543888,1,6,2,1
5.725,964.4867470882724,522.880825958641,4.1577887894360535,1,6,2,1
5.733333333333333,964.3361623232871,521.604944596521,4.176959379736987,1,6,2,1
5.741666666666666,964.6956176536667,521.8669208932919,4.176840456659252,1,6,2,1
5.75,965.6129518372488,522.7534440510589,4.135074140842433,1,6,2,1
5.758333333333334,965.3202592854759,521.2453099682937,4.166008846025909,1,6,2,1
5.766666666666667,966.7408040747695,521.7858678278893,4.129434182483272,1,6,2,1
5.775,967.3997680077316,522.3610463615056,4.202247112152367,1,6,2,1
5.783333333333333,966.763682449957,521.6462295724388,4.174198995643858,1,6,2,1
5.791666666666667,966.2445801355348,520.0805118006792,4.187635690524211,1,6,2,1
5.8,965.4076864884407,520.5267409683087,4.187640092695575,1,6,2,1
5.808333333333334,966.8485116556917,519.9436990290156,4.186419495825879,1,6,2,1
5.816666666666666,966.571690990293,519.21510486626,4.094499469951321,1,6,2,1
5.825,965.3564208490675,519.351896319225,4.185200164567808,1,6,2,1
5.833333333333333,966.2274477141514,520.5408851360925,4.207347542364161,1,6,2,1
5.841666666666667,965.1969615739085,521.0776407057771,4.143757678572085,1,6,2,1
5.85,965.5243985549048,522.3155016121362,4.17512961370241,1,6,2,1
5.858333333333333,965.4556867480215,523.1001564786418,4.205042163565443,1,6,2,1
5.866666666666666,963.8697508249735,523.4502344302582,4.191593543424008,1,6,2,1
5.875,963.7425311374528,525.1236953902668,4.1300256599932,1,6,2,1
5.883333333333334,964.2335674613923,525.7927031569441,4.144790599322958,1,6,2,1
5.891666666666667,964.9070956746665,526.2107189103081,4.2117162721946855,1,6,2,1
5.9,965.3662106760462,526.5558735765925,4.135595148940538,1,6,2,1
5.908333333333333,966.6675504936846,527.3151000607862,4.191698053883757,1,6,2,1
5.916666666666667,967.317467369198,527.4858516330999,4.186608565106957,1,6,2,1
5.925,966.685607833246,526.8788280148186,4.176871588316238,1,6,2,1
5.933333333333334,968.3491587555269,525.0506960882075,4.213563959298682,1,6,2,1
5.941666666666666,968.0248685589166,524.8290549912964,4.247378226960517,1,6,2,1
5.95,966.815355719044,524.4105277933941,4.121367940098273,1,6,2,1
5.958333333333333,967.5032352931718,523.6579773845274,4.214394662818898,1,6,2,1
5.966666666666667,967.7070803001234,524.0473401487507,4.202937096674893,1,6,2,1
5.975,967.194977022932,524.4479507641806,4.211010123768465,1,6,2,1
5.983333333333333,966.9422045919504,523.8243020779638,4.199242443359725,1,6,2,1
5.991666666666666,967.0960640775858,524.0988518904281,4.188566393106332,1,6,2,1
6.0,967.454196460611,524.3429112628578,4.2376627504813165,1,6,2,1
6.008333333333334,968.0778514283986,523.9002987780628,4.170866756812041,1,6,2,1
6.016666666666667,1332.5668011571927,612.5712893559828,4.2472542676191285,1,6,2,1
6.025,1333.1848701788358,612.6424385154577,4.206217608181641,1,6,2,1
6.033333333333333,970.1223510169383,524.7621491137604,4.205466797134482,1,6,2,1
6.041666666666667,969.696541997322,524.3848339694779,4.1915163757886065,1,6,2,1
6.05,969.152420474056,525.2502433881443,4.218927149215198,1,6,2,1
6.058333333333334,969.5917749873855,525.5201239256617,4.220365912863397,1,6,2,1
6.066666666666666,968.4128610584987,525.7622772268019,4.170534821223733,1,6,2,1
6.075,968.1620020111845,525.5954785962151,4.213202382991115,1,6,2,1
6.083333333333333,967.8789149163678,526.5773843179753,4.211534810845752,1,6,2,1
6.091666666666667,967.5155352742153,526.6852344310548,4.198439923868222,1,6,2,1
6.1,967.3553790087911,525.4892206265432,4.200107711296758,1,6,2,1
6.108333333333333,967.7805371818163,525.7176112690705,4.18888290902887,1,6,2,1
6.116666666666666,967.820044001105,525.3235010535066,4.212707153650802,1,6,2,1
6.125,966.8521660346296,527.1896949425706,4.210737570273041,1,6,2,1
6.133333333333334,967.4045525832993,527.5643268929623,4.182927678034323,1,6,2,1
6.141666666666667,967.4540872455618,526.2703123613198,4.264100302542998,1,6,2,1
6.15,968.2400550146422,526.8408680680488,4.200756337071402,1,6,2,1
6.158333333333333,968.7062742921216,526.9306430018171,4.233027768195837,1,6,2,1
6.166666666666667,968.0349577165798,526.6618015130765,4.1999673979068275,1,6,2,1
6.175,968.4749483559636,527.0295601944279,4.213739871441654,1,6,2,1
6.183333333333334,968.9220074505203,528.0236000360753,4.224060673620716,1,6,2,1
6.191666666666666,969.9088009873436,528.6782828819355,4.196249587074144,1,6,2,1
6.2,970.2292937885052,529.0711078917966,4.181441467283399,1,6,2,1
6.208333333333333,969.4197663931822,528.5021473714753,4.225501615246677,1,6,2,1
6.216666666666667,969.1049131459217,527.5053625155016,4.2055529691303635,1,6,2,1
6.225,969.5787106363988,527.526754804806,4.206458819800792,1,6,2,1
6.233333333333333,970.4992923614524,528.7433901341097,4.147630908342464,1,6,2,1
6.241666666666666,970.2532822069244,527.9854618328969,4.20830490370549,1,6,2,1
6.25,968.451598341699,528.1005835067782,4.259157536150786,1,6,2,1
6.258333333333334,970.2886219983333,528.9821979394451,4.203068909003979,1,6,2,1
6.266666666666667,1179.3015310345766,-239.47082029411138,4.223991835068892,1,6,2,1
6.275,1179.2239078317511,-240.5160966548882,4.243002545390953,1,6,2,1
6.283333333333333,967.6659528323263,526.6179636011038,4.13316643144742,1,6,2,1
6.291666666666667,967.4592635590261,526.1515822614624,4.157027355043518,1,6,2,1
6.3,967.7079211849955,526.5347928974259,4.214040862330914,1,6,2,1
6.308333333333334,968.5025304265306,526.3710909053918,4.176473706728419,1,6,2,1
6.316666666666666,969.5631005613315,528.0897578233983,4.196601257678624,1,6,2,1
6.325,969.5673245735043,526.5073950045019,4.212327716201627,1,6,2,1
6.333333333333333,970.2918660012026,527.2849738257029,4.225278291365718,1,6,2,1
6.341666666666667,970.896279295697,528.029225759394,4.147967828767398,1,6,2,1
6.35,971.9903241433302,528.4023007581053,4.211036397260751,1,6,2,1
6.358333333333333,971.4020976942487,528.6733170841977,4.183462298776262,1,6,2,1
6.366666666666666,971.6156494277502,529.8477299151052,4.286618768073997,1,6,2,1
6.375,973.1662638301152,529.0626748379874,4.238736698824435,1,6,2,1
6.383333333333334,972.2317714162357,529.705836836917,4.18664116068491,1,6,2,1
6.391666666666667,972.4990714714698,530.726001317634,4.240554839025922,1,6,2,1
6.4,972.2686089924915,530.6325890719523,4.298987614638578,1,6,2,1
6.408333333333333,971.1841219471529,530.4276792008419,4.191677937631531,1,6,2,1
6.416666666666667,971.5887343255517,529.4855588946866,4.149673668297352,1,6,2,1
6.425,970.4537447865612,530.4893652293173,4.165704777389927,1,6,2,1
6.433333333333334,970.7206714049582,529.6002168236326,4.202898137301914,1,6,2,1
6.441666666666666,970.5350273057353,529.8244093855665,4.212088507018505,1,6,2,1
6.45,971.4227044209766,529.7691663988319,4.269211044171433,1,6,2,1
6.458333333333333,972.1004760201914,529.2739011985495,4.291043781634231,1,6,2,1
6.466666666666667,973.5276757602558,529.2940368629487,4.23047834002119,1,6,2,1
6.475,973.8647229543184,530.1385406850925,4.267178137932458,1,6,2,1
6.483333333333333,973.4918197869313,529.8082916146989,4.273114021647549,1,6,2,1
6.491666666666666,974.53328825498,529.8033907090214,4.299920981497308,1,6,2,1
6.5,974.8904933409704,530.6407191624058,4.258208111278073,1,6,2,1
6.508333333333334,975.7333838110118,529.8738168622809,4.266206816829638,1,6,2,1
6.516666666666667,975.9216949763719,529.8483947140178,4.2747425470074605,1,6,2,1
6.525,976.5517632332231,530.008787595732,4.287645305938475,1,6,2,1
6.533333333333333,977.42751428604,530.6355571494171,4.28318658971051,1,6,2,1
6.541666666666667,977.5132846301233,530.8629844067628,4.347432306335649,1,6,2,1
6.55,977.5183966117143,530.4983139841212,4.313989003075369,1,6,2,1
6.558333333333334,977.0737779997585,531.0647469228842,4.3003109699421955,1,6,2,1
6.566666666666666,977.609441237192,531.2177980370989,4.305648101830044,1,6,2,1
6.575,977.286172024657,529.8975292500518,4.2938107642449665,1,6,2,1
6.583333333333333,976.9365868520658,530.7926355045931,4.323051455939306,1,6,2,1
6.591666666666667,977.5320102514665,531.1384749423464,4.33440828360084,1,6,2,1
6.6,977.0553739135738,530.1579942561766,4.340063627663873,1,6,2,1
6.608333333333333,975.6791906833547,530.4760527207204,4.317677979786973,1,6,2,1
6.616666666666666,975.5971307522416,531.1008689371959,4.324203914750596,1,6,2,1
6.625,975.8804328869802,531.4729928644259,4.326928171717117,1,6,2,1
6.633333333333334,974.4969209385193,530.719464151884,4.411594177829298,1,6,2,1
6.641666666666667,1114.4249818017192,581.6699960808498,4.341459634349403,1,6,2,1
6.65,1113.5182312797374,581.3044132377794,4.288965759890652,1,6,2,1
6.658333333333333,974.4637580915366,529.2977479089885,4.2932234778565475,1,6,2,1
6.666666666666667,974.1175813926781,529.2995982079084,4.344627313677082,1,6,2,1
6.675,973.848683528186,528.936542867203,4.33014775675501,1,6,2,1
6.683333333333334,973.6846336165181,528.6007488396399,4.264058666623794,1,6,2,1
6.691666666666666,974.7793405463564,527.7118113350118,4.306376842712974,1,6,2,1
6.7,974.6422338301959,527.8829101081308,4.290056864039386,1,6,2,1
6.708333333333333,975.2383198097264,527.7480380017195,4.309634393798683,1,6,2,1
6.716666666666667,975.6986977383925,528.1419519881854,4.352907100419344,1,6,2,1
6.725,974.8512727519243,528.8648649457866,4.318956126553206,1,6,2,1
6.733333333333333,974.169377610683,528.8712749437819,4.296278279205147,1,6,2,1
6.741666666666666,974.6061395337022,530.2772732629556,4.268078432961534,1,6,2,1
6.75,975.0756722331436,529.5512645493949,4.2307443824469955,1,6,2,1
6.758333333333334,974.8228764133185,530.8515291692968,4.279830221963129,1,6,2,1
6.766666666666667,975.647431052152,531.9470269102957,4.243688238766035,1,6,2,1
6.775,974.0205818840199,531.2923350056199,4.23683712215015,1,6,2,1
6.783333333333333,975.0569510703272,531.3749808185938,4.291077059124039,1,6,2,1
6.791666666666667,974.6832960945032,531.6619603452493,4.256619795441964,1,6,2,1
6.8,975.2247692344938,531.0077547202952,4.261893773602079,1,6,2,1
6.808333333333334,974.3540288213977,530.0132815894733,4.247997143847603,1,6,2,1
6.816666666666666,973.3053879573051,530.7554391568186,4.258073610687075,1,6,2,1
6.825,972.8860502494307,530.1580893084879,4.19347251959012,1,6,2,1
6.833333333333333,972.0804540151033,530.1445276753718,4.2506084768230386,1,6,2,1
6.841666666666667,971.954072865355,530.4101846870982,4.194581689386236,1,6,2,1
6.85,972.4164637312106,528.9741344998503,4.209444577023803,1,6,2,1
6.858333333333333,972.958547793049,529.5474859190383,4.143441996808831,1,6,2,1
6.866666666666666,973.0091714857115,528.9510412447013,4.219967372330524,1,6,2,1
6.875,973.0892520304291,529.2157421295675,4.143713134506497,1,6,2,1
6.883333333333334,972.948856711401,528.8490024316807,4.123245217210366,1,6,2,1
6.891666666666667,973.0116812026886,530.1996687614771,4.106802185719071,1,6,2,1
6.9,972.6685292837767,531.1439322826737,4.152601696677755,1,6,2,1
6.908333333333333,972.0727969314373,531.1176305099109,4.268216609159959,1,6,2,1
6.916666666666667,973.6592616105967,531.0961036350159,4.183693165060422,1,6,2,1
6.925,974.2925166765352,531.2076888231296,4.171651567570835,1,6,2,1
6.933333333333334,974.72519214962,531.5000757708553,4.1779191940653435,1,6,2,1
6.941666666666666,974.6620991050918,532.0317507427047,4.198861934908245,1,6,2,1
6.95,974.8279949279973,531.9070934925368,4.1681857163566125,1,6,2,1
6.958333333333333,973.3323696834105,532.2391444954843,4.207189620952871,1,6,2,1
6.966666666666667,972.9002974340393,532.996247994906,4.120312616272897,1,6,2,1
6.975,802.2664992943544,671.9027571935815,4.208635443199248,1,6,2,1
6.983333333333333,802.2558963680275,670.6659809808039,4.195285691158021,1,6,2,1
6.991666666666666,971.2519152862468,530.7858188739104,4.2062386036254935,1,6,2,1
7.0,971.7340453313187,531.2531243932065,4.138403148374363,1,6,2,1
7.008333333333334,972.1734631517446,532.1763431654717,4.188346114354866,1,6,2,1
7.016666666666667,971.8256095961349,533.6410329574812,4.135437221659897,1,6,2,1
7.025,971.7445348897552,533.661584867246,4.106397393948427,1,6,2,1
7.033333333333333,971.8384749920505,533.46858432509,4.160726127129297,1,6,2,1
7.041666666666667,972.2307728651485,533.4294687741668,4.1635077677590155,1,6,2,1
7.05,972.4135811299768,533.5078287561223,4.122308000068362,1,6,2,1
7.058333333333334,969.8838216912416,534.6847358898867,4.134626051592864,1,6,2,1
7.066666666666666,969.6202144567812,534.1134357149072,4.137607070546713,1,6,2,1
7.075,969.9338260681318,534.5301551607257,4.148617263819486,1,6,2,1
7.083333333333333,968.9921577745249,534.1924621536962,4.095326422131649,1,6,2,1
7.091666666666667,967.8255203286756,533.3090707617249,4.139954603735186,1,6,2,1
7.1,969.2360045630817,533.9310874754868,4.139257886128196,1,6,2,1
7.108333333333333,969.8139673167519,534.1567851424381,4.166952917383761,1,6,2,1
7.116666666666666,971.7881973270024,535.1165513197953,4.164386237356185,1,6,2,1
7.125,972.7698739125954,535.1598382583745,4.142892828583665,1,6,2,1
7.133333333333334,972.5941708746957,535.3031669397881,4.170313001484128,1,6,2,1
7.141666666666667,971.1501570119805,535.1484925095446,4.092605493101697,1,6,2,1
7.15,971.4804813128638,534.7570010726398,4.214246079786511,1,6,2,1
7.158333333333333,972.1168315685363,533.9639203133681,4.125983908370024,1,6,2,1
7.166666666666667,972.3409590606249,534.8257952468564,4.15355724466218,1,6,2,1
7.175,971.7761202643695,534.60526132938,4.157174698929169,1,6,2,1
7.183333333333334,972.7041216147467,534.269567711648,4.201384032958176,1,6,2,1
7.191666666666666,972.9493771548937,533.1544614976756,4.174470698355637,1,6,2,1
7.2,974.177015494773,534.5563351917755,4.148858172187966,1,6,2,1
7.208333333333333,973.7453728907474,535.1879672435208,4.098864034388735,1,6,2,1
7.216666666666667,972.3464790915964,534.0507200185034,4.145965656350161,1,6,2,1
7.225,970.3228841950809,534.6727934685422,4.163915568072298,1,6,2,1
7.233333333333333,969.87460969156,534.0415770157874,4.073982700197627,1,6,2,1
7.241666666666666,970.2305396511152,535.5253713064785,4.161123549530665,1,6,2,1
7.25,970.141732401062,535.4286663994641,4.124577264244385,1,6,2,1
7.258333333333334,971.4121317293184,534.6496101761843,4.128968038910073,1,6,2,1
7.266666666666667,972.4431060870018,534.6172618496801,4.158774802512032,1,6,2,1
7.275,970.5840080552191,534.9301009075481,4.081579110951023,1,6,2,1
7.283333333333333,971.0182239841761,535.2998826046977,4.180643177784994,1,6,2,1
7.291666666666667,970.7076497925458,533.3927694808484,4.11136496843285,1,6,2,1
7.3,970.8967190789717,532.4031895493814,4.129417219601592,1,6,2,1
7.308333333333334,971.0720270113654,531.1342238812755,4.098734059746797,1,6,2,1
7.316666666666666,968.9941024126206,530.9995872977371,4.132166239758163,1,6,2,1
7.325,968.3061189377344,531.4451311193188,4.091949397211551,1,6,2,1
7.333333333333333,968.7074995540605,530.1194530650347,4.105312179099082,1,6,2,1
7.341666666666667,968.3835388843008,531.7076410793431,4.11417104375509,1,6,2,1
7.35,969.432002057871,533.183618968364,4.149023554257298,1,6,2,1
7.358333333333333,969.6516273633829,531.7538156303754,4.150467760826367,1,6,2,1
7.366666666666666,970.1772462027596,531.2088885342343,4.145029132221037,1,6,2,1
7.375,969.469442977384,531.8602698194588,4.1059014568576355,1,6,2,1
7.383333333333334,969.6731945836228,531.0271632597492,4.105872333689652,1,6,2,1
7.391666666666667,969.954825317782,530.3838759024824,4.124505275424192,1,6,2,1
7.4,969.880520352763,529.3245243983208,4.129321572948617,1,6,2,1
7.408333333333333,970.0175311641054,529.755763169978,4.114758877325734,1,6,2,1
7.416666666666667,970.4866840938575,529.3487892911176,4.117695424822151,1,6,2,1
7.425,970.345452025423,529.5330516354935,4.103095645373013,1,6,2,1
7.433333333333334,968.4167876123462,530.019764687395,4.161088988696542,1,6,2,1
7.441666666666666,968.144921565727,530.1324518293202,4.131524989711839,1,6,2,1
7.45,967.8297618043059,531.096502642318,4.0801539053651705,1,6,2,1
7.458333333333333,968.0850655364421,531.9019842152954,4.126850785202439,1,6,2,1
7.466666666666667,969.4534079356175,532.7558222951213,4.1106355968145945,1,6,2,1
7.475,968.908979586497,532.743938023178,4.112974459003966,1,6,2,1
7.483333333333333,968.327590994549,531.4087172532732,4.123246423119471,1,6,2,1
7.491666666666666,969.0943215620532,530.8972731373107,4.058705150692324,1,6,2,1
7.5,970.0654449716958,529.9164796170685,4.102456734993893,1,6,2,1
7.508333333333334,970.0528662471196,530.4212546245899,4.160598245542985,1,6,2,1
7.516666666666667,969.8547762268195,530.9271764663981,4.054133698956837,1,6,2,1
7.525,970.6068124082487,530.3333259715048,4.0370156950236575,1,6,2,1
7.533333333333333,971.2314359589885,529.9308666270101,4.068057765156487,1,6,2,1
7.541666666666667,971.5486996956951,530.52178109912,4.072354701001616,1,6,2,1
7.55,971.5922137686465,531.4758535586453,4.070255738147943,1,6,2,1
7.558333333333334,972.6734739284726,532.0027459854964,4.084229713189759,1,6,2,1
7.566666666666666,971.5595374552768,532.2227808601258,4.0937306200563945,1,6,2,1
7.575,970.8860317358655,531.6170501296909,4.025034555100714,1,6,2,1
7.583333333333333,970.6095299412648,531.7812697712542,4.072975734909809,1,6,2,1
7.591666666666667,971.1511036803496,532.8260053521805,4.063583646002526,1,6,2,1
7.6,971.3697015613143,532.9828489439232,4.0766817099766515,1,6,2,1
7.608333333333333,971.5928954365917,534.1581366834565,4.12434962110547,1,6,2,1
7.616666666666666,971.4139655781428,534.8377671736114,4.0826478352356625,1,6,2,1
7.625,971.4166775814764,535.3867961216528,4.077144448337177,1,6,2,1
7.633333333333334,971.6440060950824,534.672320708684,4.114811646841594,1,6,2,1
7.641666666666667,970.7127578709601,535.310588329176,4.055855049052213,1,6,2,1
7.65,913.8133465962653,480.75070122654097,4.086516180098072,1,6,2,1
7.658333333333333,915.0115189203481,481.23248038397844,4.084516977058625,1,6,2,1
7.666666666666667,972.7923443513444,536.5079249774913,4.0760571621783726,1,6,2,1
7.675,973.5837755002973,536.1567394617944,3.997074412303032,1,6,2,1
7.683333333333334,974.1332279554402,535.7415672361834,4.032976170266668,1,6,2,1
7.691666666666666,973.8293983233109,535.4138048334702,4.09308593035502,1,6,2,1
7.7,973.9425103295359,536.1946591219319,4.051340970222815,1,6,2,1
7.708333333333333,974.7786939974513,536.210568987399,4.10714435986739,1,6,2,1
7.716666666666667,974.6829262303703,535.199522261168,4.098071388454526,1,6,2,1
7.725,974.9677996356868,534.2722500510627,4.060771862116881,1,6,2,1
7.733333333333333,974.2866039981235,534.5627453802033,4.047306527354463,1,6,2,1
7.741666666666666,974.450807020464,534.0805672075156,4.073136046142608,1,6,2,1
7.75,973.906047716654,534.9012836383467,4.091643092997725,1,6,2,1
7.758333333333334,973.0172498180792,535.3423615446195,4.071751138734724,1,6,2,1
7.766666666666667,972.0240235398938,535.7607501724355,4.017185975079038,1,6,2,1
7.775,972.2282062571339,534.7496205432052,4.046301697922086,1,6,2,1
7.783333333333333,971.2783212672995,534.343539021657,4.007650447396163,1,6,2,1
7.791666666666667,971.2098817949982,534.0385476271815,4.0866226107349,1,6,2,1
7.8,971.7788275069065,534.2636822574733,4.041844709485396,1,6,2,1
7.808333333333334,971.3389243443373,534.5904030712745,3.9854256805202226,1,6,2,1
7.816666666666666,971.720542649539,534.8092693348434,4.042069805480969,1,6,2,1
7.825,971.5439179189293,535.6859846085268,4.0869551455470585,1,6,2,1
7.833333333333333,969.7937467431282,536.4879123293979,4.0192087892341775,1,6,2,1
7.841666666666667,969.507355380416,537.8419813417579,4.060315941219663,1,6,2,1
7.85,970.3310789296552,537.5453499651986,4.052483874745862,1,6,2,1
7.858333333333333,969.9069648549153,537.4503439808068,4.076446338124176,1,6,2,1
7.866666666666666,971.1176458330073,537.8904684538386,4.0169193863332495,1,6,2,1
7.875,969.0715667118588,538.9908295229839,4.017531895361183,1,6,2,1
7.883333333333334,969.2529103928741,538.3572190219526,4.083010543376833,1,6,2,1
7.891666666666667,968.2498570797281,538.9873978988945,4.054138285646955,1,6,2,1
7.9,967.6578782990931,539.3773997456752,4.105682161310792,1,6,2,1
7.908333333333333,967.6069511142716,539.9824875587266,4.070520840815297,1,6,2,1
7.916666666666667,967.235617620136,540.8735422551057,4.052451192322909,1,6,2,1
7.925,968.8960150076149,540.8530893654806,4.061305761713668,1,6,2,1
7.933333333333334,969.3942885540621,539.8172274171001,4.058084699809125,1,6,2,1
7.941666666666666,969.8558104587016,540.7355079644101,4.008048290710508,1,6,2,1
7.95,971.678578761056,540.9697922280305,4.023023005243868,1,6,2,1
7.958333333333333,971.9184838191576,541.8076897305335,3.9874902205630254,1,6,2,1
7.966666666666667,970.7525884876587,542.1775722122966,4.056261307660328,1,6,2,1
7.975,970.5473448612069,542.9416061296373,3.9990605346690242,1,6,2,1
7.983333333333333,969.9929317923015,542.4025062869305,4.0178856800673755,1,6,2,1
7.991666666666666,970.2842312946485,543.1337042743344,4.082937122237049,1,6,2,1
8.0,969.9897539595445,544.3347433547721,4.020392957169183,1,6,2,1
8.008333333333333,970.5234425900446,544.4888046095043,4.082037310586344,1,6,2,1
8.016666666666667,971.8595126791955,543.4303171124075,4.005829313277489,1,6,2,1
8.025,972.2465242297463,543.2759646007381,4.023825212927432,1,6,2,1
8.033333333333333,972.3129995022873,543.9448062119824,4.043486912486906,1,6,2,1
8.041666666666666,971.0159030642137,543.9132218974179,4.062467893551923,1,6,2,1
8.05,1670.6704234858478,843.1967484134238,4.029199832478246,1,6,2,1
8.058333333333334,1669.79617085346,843.3874160572873,4.037944932173858,1,6,2,1
8.066666666666666,969.0171252607457,542.9156191206625,3.9957255244348056,1,6,2,1
8.075,968.4340029526097,542.0025073001285,4.086496337929624,1,6,2,1
8.083333333333334,968.4217847998967,541.3729816296665,4.015166216012356,1,6,2,1
8.091666666666667,969.8523741703881,541.2344437714472,4.0063425172198315,1,6,2,1
8.1,970.9536481158142,542.0173530219578,4.030743426781642,1,6,2,1
8.108333333333333,1539.9586051940469,906.1397962235087,4.013575139835262,1,6,2,1
8.116666666666667,1540.0479533369976,906.0320100846584,4.073136032813121,1,6,2,1
8.125,970.7757718749115,543.2721404299704,4.0395067752831,1,6,2,1
8.133333333333333,970.3330001705192,544.991764121602,4.050703446784691,1,6,2,1
8.141666666666667,971.3637177552912,545.1960418136055,4.036201635437085,1,6,2,1
8.15,971.0631248709174,545.4128144958778,4.052824424935619,1,6,2,1
8.158333333333333,970.35027866924,545.4990509769046,4.029762873833751,1,6,2,1
8.166666666666666,971.057574473867,545.6952566559045,4.0243007171888046,1,6,2,1
8.175,969.781425462025,545.4754957180355,3.9872099201241507,1,6,2,1
8.183333333333334,968.1352658049669,546.6521550995186,3.9946921905125103,1,6,2,1
8.191666666666666,968.5747876125217,546.0432545910685,4.056600336192551,1,6,2,1
8.2,969.1859449248626,547.8300820880955,4.082667875791934,1,6,2,1
8.208333333333334,969.438342793357,548.0073004681587,4.034996819870152,1,6,2,1
8.216666666666667,970.0656257748003,545.8941050305983,4.029262644490705,1,6,2,1
8.225,971.1299536736594,546.2430355124297,4.034702324740483,1,6,2,1
8.233333333333333,970.7950722347449,546.9963178968959,4.051730709654495,1,6,2,1
8.241666666666667,971.0456384909598,545.5937839252093,3.964025298624225,1,6,2,1
8.25,971.3191288236998,546.0465914646542,4.012730904549669,1,6,2,1
8.258333333333333,972.9312034044757,545.9686696617446,4.030535573947064,1,6,2,1
8.266666666666667,971.3927560657177,545.8445905667542,4.035134216375598,1,6,2,1
8.275,970.9151136464991,544.6901165907319,4.045779994844928,1,6,2,1
8.283333333333333,971.2976822460553,545.3222336149356,4.011451366162499,1,6,2,1
8.291666666666666,971.4042609518285,545.3767418923234,3.9954117025166207,1,6,2,1
8.3,971.1640263195733,545.388751512212,4.053105089243455,1,6,2,1
8.308333333333334,970.764896600675,545.8205819639186,4.000168296917152,1,6,2,1
8.316666666666666,972.5700482660736,544.9639285490802,4.046507944558278,1,6,2,1
8.325,972.1242547068132,545.2950715328553,4.029834111202413,1,6,2,1
8.333333333333334,972.7728093029713,546.0278535579699,4.012938951051337,1,6,2,1
8.341666666666667,973.1851397579564,544.9006461466374,4.007152448716016,1,6,2,1
8.35,973.9108024308196,545.2288500896735,4.030098169054822,1,6,2,1
8.358333333333333,972.6333868050716,545.6682910911372,4.01043180883015,1,6,2,1
8.366666666666667,973.6121629420694,546.2403803469653,4.014416690481893,1,6,2,1
8.375,974.8987827926852,548.2043746367561,4.047104173328502,1,6,2,1
8.383333333333333,975.0169198522739,548.5001690933017,3.9798242737691365,1,6,2,1
8.391666666666667,974.8182020956818,548.1573235989076,4.018376313945213,1,6,2,1
8.4,975.374039657485,548.3388841010504,4.03114774223243,1,6,2,1
8.408333333333333,976.4455099584069,549.0125051414333,3.9906264794045856,1,6,2,1
8.416666666666666,977.077003875303,549.0829465641551,3.9732317345940036,1,6,2,1
8.425,976.7479275131145,547.8523068310022,3.992347688398678,1,6,2,1
8.433333333333334,975.5415400265032,547.167178373941,3.9978084567789987,1,6,2,1
8.441666666666666,975.2082589777355,546.7639265366467,3.975587909409923,1,6,2,1
8.45,975.4422219954583,547.3437012957933,4.027112909917992,1,6,2,1
8.458333333333334,975.3444205348719,548.8207638815566,4.047295154263159,1,6,2,1
8.466666666666667,976.0400673381932,549.1499185868036,3.976306029886741,1,6,2,1
8.475,976.655825593344,549.1104046558811,3.991333849116754,1,6,2,1
8.483333333333333,976.20381638675,551.009829995639,4.017298952581304,1,6,2,1
8.491666666666667,975.2480067989037,551.2764049719447,3.964457844205044,1,6,2,1
8.5,974.4731865066428,551.0417306173864,3.998483238751606,1,6,2,1
8.508333333333333,974.3637691794003,549.9692935775834,3.9626330950623294,1,6,2,1
8.516666666666667,973.1900613000328,549.6647417096369,3.96960217608498,1,6,2,1
8.525,974.1182232693691,550.2947972102497,4.018864277356986,1,6,2,1
8.533333333333333,972.5640315726647,549.3104380026954,4.026322416392129,1,6,2,1
8.541666666666666,971.6747602928484,550.3712744394561,4.029684739799516,1,6,2,1
8.55,972.3771315576892,549.7168129384546,4.026819718384786,1,6,2,1
8.558333333333334,972.666423340179,550.3565388261782,4.006934684968605,1,6,2,1
8.566666666666666,974.6715310634753,550.8440352934655,4.0358331419855675,1,6,2,1
8.575,974.7797780787029,551.0235969081677,4.082344130414485,1,6,2,1
8.583333333333334,975.6747339621783,551.7489203998314,4.027709808211654,1,6,2,1
8.591666666666667,975.8550677073413,552.6484859978796,3.9969175552304046,1,6,2,1
8.6,977.60339888669,551.845249430782,3.992232718867619,1,6,2,1
8.608333333333333,978.1919935419184,551.5207644147796,4.008693806557081,1,6,2,1
8.616666666666667,977.6281698645486,552.09715466252,3.9806859766502654,1,6,2,1
8.625,977.8000312348552,551.8623610271377,4.062026072115612,1,6,2,1
8.633333333333333,978.1906911396406,552.4322756444898,3.956406174997838,1,6,2,1
8.641666666666667,978.2101877951651,551.4539903270564,4.051671495185377,1,6,2,1
8.65,977.7922631429523,551.7327559204399,4.030639211691863,1,6,2,1
8.658333333333333,977.8196066785728,550.6197265794272,3.9918338054500575,1,6,2,1
8.666666666666666,976.2628318199247,551.6223892702658,3.9808289450215493,1,6,2,1
8.675,976.7365532434754,552.9807743975421,3.979390160032886,1,6,2,1
8.683333333333334,975.7740359333816,553.0558573086555,3.961637256566897,1,6,2,1
8.691666666666666,975.5566176711801,552.7277609864548,4.026390243706895,1,6,2,1
8.7,975.6457944485709,553.0600001551894,3.999713433683922,1,6,2,1
8.708333333333334,976.6476745799433,552.1900361180428,4.011311714894045,1,6,2,1
8.716666666666667,977.979668570187,552.9913476537992,4.034343415439376,1,6,2,1
8.725,978.1106719838056,553.9755946566494,3.9860493981605107,1,6,2,1
8.733333333333333,978.6725726755403,555.3000662004823,4.00542187148153,1,6,2,1
8.741666666666667,978.0960462084072,554.4163316934053,3.9833122834275607,1,6,2,1
8.75,976.6515544244072,555.1650834030826,4.009678676878703,1,6,2,1
8.758333333333333,976.8072026552298,556.24199630573,4.065601350555917,1,6,2,1
8.766666666666667,977.4857258929654,557.5539805943088,4.066555502299148,1,6,2,1
8.775,977.7877063289133,556.1662170869481,3.9875720167667654,1,6,2,1
8.783333333333333,976.9846173050914,555.7360797971726,4.032122914508984,1,6,2,1
8.791666666666666,977.4925923945101,556.1305025018191,4.002547769303671,1,6,2,1
8.8,976.9288047867342,556.3690247316529,3.983084949663246,1,6,2,1
8.808333333333334,977.4009701563604,557.1540442126651,3.9733566358014643,1,6,2,1
8.816666666666666,977.6249677158564,558.5477921070592,4.04948926495211,1,6,2,1
8.825,978.3841973692395,558.8961169440194,4.014590033044698,1,6,2,1
8.833333333333334,978.7173634788171,559.6345609026463,4.022607152987807,1,6,2,1
8.841666666666667,979.5600391690857,558.8497028461525,3.9698095679541736,1,6,2,1
8.85,979.9083487507428,559.5469707037612,4.0298434735214705,1,6,2,1
8.858333333333333,980.610899497383,558.8485995549718,3.9451580585110286,1,6,2,1
8.866666666666667,982.4934229760581,558.9385998471366,4.004268684861086,1,6,2,1
8.875,981.6898481064246,559.3529268041883,4.002379230400798,1,6,2,1
8.883333333333333,981.0417573717465,558.801130057306,3.973652077429396,1,6,2,1
8.891666666666667,979.8388168545424,559.6451870353148,4.029212965366966,1,6,2,1
8.9,979.2851878639132,560.3415781987715,3.9396029382990063,1,6,2,1
8.908333333333333,978.7246674932319,560.5764721257,3.973181029198388,1,6,2,1
8.916666666666666,979.48644412406,560.3677767277217,4.003221494020948,1,6,2,1
8.925,979.6318599138574,559.6505088226359,3.961666898623402,1,6,2,1
8.933333333333334,977.9331976807147,559.9661269721681,4.021635750221892,1,6,2,1
8.941666666666666,977.3991158378451,560.2695927430512,3.926734088635611,1,6,2,1
8.95,977.92997400519,559.7719967713284,4.002570424026358,1,6,2,1
8.958333333333334,978.2286163573323,558.8227040189465,3.9648220354725274,1,6,2,1
8.966666666666667,978.5213293395432,558.9283264330701,3.9749110813946364,1,6,2,1
8.975,978.4840978090317,559.0080886535792,4.040542755844528,1,6,2,1
8.983333333333333,978.7682221183761,558.8661129732089,3.9888678327557336,1,6,2,1
8.991666666666667,979.4929038358131,557.9132856833871,3.99649204996624,1,6,2,1
9.0,979.5022358887034,557.8626925439462,3.9897800091302855,1,6,2,1
9.008333333333333,978.9676900868357,557.8289873862609,3.9960385885275898,1,6,2,1
9.016666666666667,979.4389702365876,557.8521067463153,3.977878904230776,1,6,2,1
9.025,979.0315478037214,557.4845076582599,3.97112835224376,1,6,2,1
9.033333333333333,978.5769139883956,558.0356124082082,4.016843180077311,1,6,2,1
9.041666666666666,978.0868612668415,557.5110600752097,3.9670325706420857,1,6,2,1
9.05,977.227206040631,556.904230378744,3.9980868941230767,1,6,2,1
9.058333333333334,976.9677003353266,556.3624356946891,3.9238192905154268,1,6,2,1
9.066666666666666,976.428520955439,557.2707181134409,3.9945955852126187,1,6,2,1
9.075,976.8345558500367,556.4039083536853,4.039888317857414,1,6,2,1
9.083333333333334,978.028459697139,555.6100361429886,4.001404036119863,1,6,2,1
9.091666666666667,976.1655925166787,554.4076516815288,4.0203332510135255,1,6,2,1
9.1,976.2171400311952,554.4376617256717,4.004920666173475,1,6,2,1
9.108333333333333,977.0004290992885,552.5465927961973,4.0206159446058605,1,6,2,1
9.116666666666667,975.9967821367436,553.8576619020246,4.051500418679694,1,6,2,1
9.125,974.9710904316076,553.8724856441386,3.997452661624532,1,6,2,1
9.133333333333333,975.2085821451573,553.8060104671152,4.00118318001639,1,6,2,1
9.141666666666667,975.2193309878219,554.8360618177911,3.993795377563222,1,6,2,1
9.15,974.8751330892934,554.1895694771017,4.0302159892528335,1,6,2,1
9.158333333333333,974.461577001419,554.5606954615723,3.9633326393236255,1,6,2,1
9.166666666666666,975.0425892246421,554.4143897057309,4.05823735653753,1,6,2,1
9.175,975.1529389184564,554.6548513375967,3.980472379225453,1,6,2,1
9.183333333333334,974.1448805395115,554.9423185416529,4.042323771598887,1,6,2,1
9.191666666666666,975.5583694126911,554.340787233722,4.040690011649769,1,6,2,1
9.2,975.192858772996,555.047136210426,4.048472334928457,1,6,2,1
9.208333333333334,974.2429923617167,554.9069237807408,4.048456220310315,1,6,2,1
9.216666666666667,972.8193447552977,555.5316269059982,3.99679462506581,1,6,2,1
9.225,974.7690788175157,555.9948228887833,3.969992522658213,1,6,2,1
9.233333333333333,974.5788118888413,556.4820296632358,4.01188874308666,1,6,2,1
9.241666666666667,975.6079273466031,556.5644377923104,3.9748508914714336,1,6,2,1
9.25,975.7562794534078,555.2406741854112,4.027341604867993,1,6,2,1
9.258333333333333,975.8595712151356,553.9931163332744,4.011726065754544,1,6,2,1
9.266666666666667,975.6469358562125,553.1811773351915,4.0024823403481316,1,6,2,1
9.275,975.2899002096854,552.476940443667,4.010031213389177,1,6,2,1
9.283333333333333,974.4108824163334,551.2608511444006,4.027241485544079,1,6,2,1
9.291666666666666,975.0074874995937,552.0157231947092,4.020877909833262,1,6,2,1
9.3,975.2492411683027,551.7144472095382,3.9972184337390533,1,6,2,1
9.308333333333334,975.3255630208375,551.8476728516096,3.9853730805121,1,6,2,1
9.316666666666666,975.2271390036838,551.3853191690529,4.040993919804917,1,6,2,1
9.325,976.536316416264,552.6402583985098,4.040052183907228,1,6,2,1
9.333333333333334,976.5979129520709,552.6220955919042,4.008042351100319,1,6,2,1
9.341666666666667,977.7099676530727,552.7194243216763,4.039224540036446,1,6,2,1
9.35,976.8173407697661,552.9403978602887,4.018162419207005,1,6,2,1
9.358333333333333,976.2095589134165,552.2835053574331,4.087707353412032,1,6,2,1
9.366666666666667,977.0454561023275,551.7516118516359,3.9827003943943886,1,6,2,1
9.375,977.7487788873298,550.744239102713,3.9898917109313428,1,6,2,1
9.383333333333333,976.4755139089333,550.9563507824246,3.9651457309087608,1,6,2,1
9.391666666666667,975.9988971638254,550.6816942427214,4.009388996643054,1,6,2,1
9.4,975.4927337956034,549.6339099020217,4.064983945463132,1,6,2,1
9.408333333333333,975.4228406528586,549.538226178012,4.014666584118457,1,6,2,1
9.416666666666666,976.0694533352139,549.2815269377065,4.039284989774711,1,6,2,1
9.425,976.3531805917191,551.0369384864996,4.106166474482819,1,6,2,1
9.433333333333334,976.5229629347791,551.2062853766499,4.048359414505753,1,6,2,1
9.441666666666666,977.4954133288339,551.1503226705237,4.053034584163241,1,6,2,1
9.45,977.9860710982417,552.1756095940599,4.072353957890488,1,6,2,1
9.458333333333334,978.3134247806232,552.6994243350018,4.003509168457922,1,6,2,1
9.466666666666667,975.4941289717311,552.8863670841405,4.038052443230607,1,6,2,1
9.475,976.1181838908687,550.6940482118569,4.055412299863485,1,6,2,1
9.483333333333333,975.9452114872801,551.3585108624354,4.0701151972781355,1,6,2,1
9.491666666666667,976.7590591293574,551.5692658551603,4.058030330734162,1,6,2,1
9.5,976.8785703859869,551.464104466303,4.06030339886513,1,6,2,1
9.508333333333333,976.6645506432286,551.9268181844877,4.0651046971289135,1,6,2,1
9.516666666666667,977.5383762099062,551.9294299458968,4.096509979037856,1,6,2,1
9.525,978.6484926679703,552.7329228343415,4.045383735726077,1,6,2,1
9.533333333333333,977.4880500803689,552.7281683248949,4.087337151885294,1,6,2,1
9.541666666666666,976.5706860103603,552.3359231318506,4.033427162970502,1,6,2,1
9.55,977.7447198407386,552.0367106173002,4.024899547467622,1,6,2,1
9.558333333333334,979.619196680099,551.4934281294279,4.063742368506512,1,6,2,1
9.566666666666666,979.3690401275691,550.8948504134656,4.0318317956559,1,6,2,1
9.575,979.567876074895,550.1365164223234,4.049181009628816,1,6,2,1
9.583333333333334,979.9910819983927,548.76530225937,3.9766684017911227,1,6,2,1
9.591666666666667,980.2501496447926,549.9078522743451,4.011008620350198,1,6,2,1
9.6,980.4904396762056,550.8684142300298,4.043758880863855,1,6,2,1
9.608333333333333,979.808288876495,549.489291948608,4.06893896290146,1,6,2,1
9.616666666666667,980.4195919710764,549.7580212250145,4.073387390531783,1,6,2,1
9.625,980.9190771256634,549.8573585176827,4.06011240670355,1,6,2,1
9.633333333333333,979.9738628483738,550.3778519285509,4.048777931579203,1,6,2,1
9.641666666666667,980.327651688919,550.3723488684305,4.0742391441063,1,6,2,1
9.65,980.0546810121239,551.4250379766085,4.093220076324581,1,6,2,1
9.658333333333333,981.1302514937471,550.1286570275978,4.091910673185851,1,6,2,1
9.666666666666666,982.2178447126278,548.636943053421,4.085195227339299,1,6,2,1
9.675,982.3541639132354,549.3636788729327,4.083064462166386,1,6,2,1
9.683333333333334,981.7239068701818,548.5180517481285,4.098822882099683,1,6,2,1
9.691666666666666,981.5957892868958,547.6754494918147,4.027836540111959,1,6,2,1
9.7,981.8448995498529,546.7204313751326,4.052825953498302,1,6,2,1
9.708333333333334,980.9357227480222,547.9240368608622,4.083779797146871,1,6,2,1
9.716666666666667,980.5897078011552,548.6209893640896,4.02014197969725,1,6,2,1
9.725,980.3823235081159,549.107900266154,4.060187158611758,1,6,2,1
9.733333333333333,980.6763364808676,550.0720142852554,4.063418425335373,1,6,2,1
9.741666666666667,980.4975833495691,550.0734670969118,4.040496483992473,1,6,2,1
9.75,981.6644454620175,550.0989256660573,4.064634073144708,1,6,2,1
9.758333333333333,982.1933131356167,549.7953275373139,4.08172393852392,1,6,2,1
9.766666666666667,982.5561327498815,550.8821632848118,4.090669515312864,1,6,2,1
9.775,982.0583836833176,550.4362397313012,4.0611162026533565,1,6,2,1
9.783333333333333,983.0135818867146,549.5404950890678,4.047281931668255,1,6,2,1
9.791666666666666,982.5111343791714,551.2173090435049,4.075735484171036,1,6,2,1
9.8,982.4061359373303,549.8460930448396,4.084256948608259,1,6,2,1
9.808333333333334,983.4667181106549,549.6718613638386,4.083962578057268,1,6,2,1
9.816666666666666,984.3187788358131,549.3243456003947,4.112444651569111,1,6,2,1
9.825,985.7019590838457,550.0660874954723,4.062590674888216,1,6,2,1
9.833333333333334,984.9822795301488,551.3301721277165,4.083097695244582,1,6,2,1
9.841666666666667,985.5752866871463,551.9647859030322,4.048781449644761,1,6,2,1
9.85,986.2748435403599,551.8303236515832,4.101079772393975,1,6,2,1
9.858333333333333,986.8944486730401,551.1880492466994,4.104513439566859,1,6,2,1
9.866666666666667,988.5222036634477,550.2892942551339,4.079640127890085,1,6,2,1
9.875,989.3579295117477,550.8853126569119,4.1067210923866515,1,6,2,1
9.883333333333333,988.767625524293,550.6228079196753,4.087596192992335,1,6,2,1
9.891666666666667,988.9677126304697,548.3777183472718,4.072556957685943,1,6,2,1
9.9,989.7259367224003,547.2381553036619,4.043592145256496,1,6,2,1
9.908333333333333,989.4709577507922,547.3674181879767,4.089050839842161,1,6,2,1
9.916666666666666,987.8132258049073,547.0043835701853,4.108870690494978,1,6,2,1
9.925,986.8863346939961,548.9827514838116,4.091514610365744,1,6,2,1
9.933333333333334,985.6900700649578,549.0591055732069,4.091610054313833,1,6,2,1
9.941666666666666,985.9640025639866,549.2884738581819,4.104367542549485,1,6,2,1
9.95,985.8390547538959,549.0887303471098,4.082321492306742,1,6,2,1
9.958333333333334,987.2862268559899,547.773460218956,4.078506282596966,1,6,2,1
9.966666666666667,985.795703327825,547.859258679446,4.13630395324577,1,6,2,1
9.975,985.6177687116862,547.4590176124233,4.064368244628587,1,6,2,1
9.983333333333333,985.0592007858827,547.1130744192185,4.088051543302145,1,6,2,1
9.991666666666667,984.0173861462675,548.742511796079,4.073420352216721,1,6,2,1
10.0,984.2576539694221,547.801047323211,4.08131514747474,1,6,2,1
10.008333333333333,983.6492018394829,547.6471699374812,4.085552009304055,1,6,2,1
10.016666666666667,984.2252498460567,547.1327762551809,4.0765765797907605,1,6,2,1
10.025,984.1881607429852,548.0035791216604,4.0389537888778815,1,6,2,1
10.033333333333333,984.3039583686092,548.3354466983596,4.165841381151448,1,6,2,1
10.041666666666666,984.2967786490958,548.9617172954859,4.109893204884774,1,6,2,1
10.05,984.5717851731167,549.488900090003,4.106031120697032,1,6,2,1
10.058333333333334,985.4009883060985,549.7582135143423,4.14526416819025,1,6,2,1
10.066666666666666,986.6580579007149,548.9578872513079,4.059795400864136,1,6,2,1
10.075,988.1675957522035,550.0025248668354,4.11245243880305,1,6,2,1
10.083333333333334,988.1968315044426,551.3624979549331,4.135733426464505,1,6,2,1
10.091666666666667,987.4337624512409,551.6257061490091,4.092995291642431,1,6,2,1
10.1,987.5305340255685,552.6841677939109,4.067337673588828,1,6,2,1
10.108333333333333,987.0290284167464,552.8805691059712,4.143347303352335,1,6,2,1
10.116666666666667,986.2411605243377,552.5654570413391,4.124072094806111,1,6,2,1
10.125,987.6117141209261,552.8715186464666,4.1328852547446635,1,6,2,1
10.133333333333333,987.7436114359475,551.0380327618789,4.11970239206021,1,6,2,1
10.141666666666667,987.7996371989361,551.4897483392982,4.120455161739328,1,6,2,1
10.15,988.2084502838436,552.4154356553242,4.136003343743118,1,6,2,1
10.158333333333333,987.6959755130845,552.3480482819374,4.179114299248956,1,6,2,1
10.166666666666666,987.4347726229557,551.8399994060053,4.065070153951169,1,6,2,1
10.175,986.7628714442259,552.216875381798,4.122869924559203,1,6,2,1
10.183333333333334,987.1479365632365,552.0736900144313,4.163380640091114,1,6,2,1
10.191666666666666,986.6798673368517,551.7810347253486,4.128994674180005,1,6,2,1
10.2,987.0672898659432,551.7559615840161,4.100244262250577,1,6,2,1
10.208333333333334,987.1646763982358,550.9376381400771,4.123534586944002,1,6,2,1
10.216666666666667,694.7221735491228,479.6962691773845,4.130277750713482,1,6,2,1
10.225,693.5467603015281,478.8612577575729,4.103101503546316,1,6,2,1
10.233333333333333,984.0807802615424,548.9161472722262,4.0853547989535395,1,6,2,1
10.241666666666667,983.394156857415,549.0882523660287,4.202817676051947,1,6,2,1
10.25,261.992966408572,988.9194292374265,4.133946123243288,1,6,2,1
10.258333333333333,262.46362494447453,988.4973059496311,4.1206663263097765,1,6,2,1
10.266666666666667,983.6563966800986,548.3451395602667,4.165347837042817,1,6,2,1
10.275,982.7654715378407,548.4364521914076,4.142599796467163,1,6,2,1
10.283333333333333,981.8888498340834,548.1245796995897,4.183850228173402,1,6,2,1
10.291666666666666,981.132662432788,547.6244522020095,4.1506261496656105,1,6,2,1
10.3,981.3297013123846,546.3252274610273,4.13836491739683,1,6,2,1
10.308333333333334,981.5660131487232,546.4361822747663,4.138623233951157,1,6,2,1
10.316666666666666,982.2097092528322,545.2135556201229,4.154535602206047,1,6,2,1
10.325,981.461982265829,544.9957102913443,4.138557872333822,1,6,2,1
10.333333333333334,981.8635763692236,545.1814041980704,4.1215237171670465,1,6,2,1
10.341666666666667,982.4079379874573,545.5283904739981,4.132673042666473,1,6,2,1
10.35,981.9436304712165,546.2429065642259,4.1198579604004575,1,6,2,1
10.358333333333333,982.7807404605048,547.2679131135371,4.157160075645893,1,6,2,1
10.366666666666667,982.835946739368,547.087407189478,4.082903948837914,1,6,2,1
10.375,983.7243843596791,547.5333433727308,4.093729286222611,1,6,2,1
10.383333333333333,984.269243465595,548.2728859605884,4.178940399749185,1,6,2,1
10.391666666666667,985.7937690524723,549.1067254259602,4.1656657358780915,1,6,2,1
10.4,987.2882526235252,548.0153754317662,4.108753958276471,1,6,2,1
10.408333333333333,987.4519620897777,548.1625804238962,4.16340265324429,1,6,2,1
10.416666666666666,986.6569278570079,547.9236404791453,4.168909658672369,1,6,2,1
10.425,987.1545894806939,547.010350006244,4.122557211876576,1,6,2,1
10.433333333333334,987.2767839138253,546.995075236034,4.190510438753267,1,6,2,1
10.441666666666666,986.7924524940747,546.7487134535797,4.153511541844067,1,6,2,1
10.45,986.5074611020999,546.1398050706542,4.191817023167757,1,6,2,1
10.458333333333334,491.04577807251206,645.6955631670868,4.159617054370559,1,6,2,1
10.466666666666667,491.98004108394474,645.8782752968493,4.151612466743182,1,6,2,1
10.475,987.5330216751582,545.2028638832436,4.190512052875771,1,6,2,1
10.483333333333333,986.6023978530486,545.2473205913814,4.162425524603719,1,6,2,1
10.491666666666667,986.5226326784706,545.2326370808426,4.16337097003261,1,6,2,1
10.5,987.0379231088715,546.0976397522488,4.174238563339822,1,6,2,1
10.508333333333333,987.6240962635856,545.4577590900121,4.135551148386494,1,6,2,1
10.516666666666667,987.2988029948967,546.8260027963864,4.138569852027791,1,6,2,1
10.525,987.2550909760814,546.8885406252145,4.196876344653442,1,6,2,1
10.533333333333333,987.0117337246545,547.7185662239713,4.195318277721593,1,6,2,1
10.541666666666666,987.795580256901,547.7432006729732,4.166447468891291,1,6,2,1
10.55,987.9929212843824,548.3866547578406,4.119529410997759,1,6,2,1
10.558333333333334,989.2545224705038,547.3952564410738,4.115302184345037,1,6,2,1
10.566666666666666,989.1488825648297,546.8156116781578,4.130928581755997,1,6,2,1
10.575,989.9267742748366,546.3011287773504,4.21310221760776,1,6,2,1
10.583333333333334,991.0341791770128,547.7843241490765,4.137976335716218,1,6,2,1
10.591666666666667,990.460929713383,547.4477207914632,4.19059090744556,1,6,2,1
10.6,991.0460466920159,547.1091290820037,4.185985729555768,1,6,2,1
10.608333333333333,990.3474266366616,546.5888181094729,4.18969678617566,1,6,2,1
10.616666666666667,991.0639241133131,546.8960261516045,4.130750356220891,1,6,2,1
10.625,991.0500058439064,547.5055359543421,4.130376252951933,1,6,2,1
10.633333333333333,991.8504471539485,547.0515660787582,4.175052220530091,1,6,2,1
10.641666666666667,990.6685744929571,547.9418328863729,4.110806385092587,1,6,2,1
10.65,992.1818292058338,546.0682011881272,4.129483813698325,1,6,2,1
10.658333333333333,993.5967791604179,545.4309812510313,4.11602561883066,1,6,2,1
10.666666666666666,992.9132817078993,545.261678448318,4.144208669530377,1,6,2,1
10.675,992.0748609037855,546.227106003312,4.129310135722082,1,6,2,1
10.683333333333334,991.186795759187,546.253504793344,4.199971776162612,1,6,2,1
10.691666666666666,992.1273266670391,544.5570754680151,4.148619074336034,1,6,2,1
10.7,992.3651206140464,545.1233209861019,4.2051932267519385,1,6,2,1
10.708333333333334,990.0486957183011,545.4019239238426,4.199901793426076,1,6,2,1
10.716666666666667,990.9632532936703,543.8421050583004,4.171889121888083,1,6,2,1
10.725,991.3777171592637,543.175706136333,4.1735641472279505,1,6,2,1
10.733333333333333,991.3965017838705,542.309143296513,4.2190926539174205,1,6,2,1
10.741666666666667,992.6070287169999,542.4800899712125,4.168190925666168,1,6,2,1
10.75,992.6912386249497,543.7312809811181,4.1475903821259,1,6,2,1
10.758333333333333,992.3436214730405,544.102053182185,4.2073800281422,1,6,2,1
10.766666666666667,992.1158346238333,543.0722689173548,4.1619516822711615,1,6,2,1
10.775,991.5205651254372,543.5437188960117,4.176886244125351,1,6,2,1
10.783333333333333,991.4685916913372,543.1737190114517,4.134806086732643,1,6,2,1
10.791666666666666,991.4054539006833,543.5573476550372,4.205749552824645,1,6,2,1
10.8,992.1053072885744,544.3586016472213,4.156183024522103,1,6,2,1
10.808333333333334,991.8371489764538,544.6124173914326,4.239245882415254,1,6,2,1
10.816666666666666,991.9787539996013,544.1950255521605,4.234573166778173,1,6,2,1
10.825,991.9049985061256,544.9932390776877,4.168789848797738,1,6,2,1
10.833333333333334,992.9645361307331,544.7874948333981,4.12350802330317,1,6,2,1
10.841666666666667,992.6176314771564,543.8795793487207,4.204207846383997,1,6,2,1
10.85,994.1933768379703,542.9805176203271,4.187887095197685,1,6,2,1
10.858333333333333,994.6690254984749,542.4095789426123,4.220741145038608,1,6,2,1
10.866666666666667,995.6370990425698,542.6130979094127,4.180888120190688,1,6,2,1
10.875,995.3465289815514,543.5600459834143,4.170423724776407,1,6,2,1
10.883333333333333,995.742967560174,544.2879171454222,4.198895382081672,1,6,2,1
10.891666666666667,995.2057060699908,544.3338198283351,4.166604294528054,1,6,2,1
10.9,993.5456326867181,543.5517281155464,4.158446276813703,1,6,2,1
10.908333333333333,992.5585470410433,542.375286171689,4.2151493406840945,1,6,2,1
10.916666666666666,992.6531516179232,542.9579924674894,4.196389136067959,1,6,2,1
10.925,992.4165184390552,543.76325360512,4.212922412951539,1,6,2,1
10.933333333333334,992.2234146028088,544.3422638953189,4.18535075736396,1,6,2,1
10.941666666666666,992.4653225048025,545.010305866873,4.271821865082689,1,6,2,1
10.95,994.0956745855331,546.5851451078756,4.21190080597883,1,6,2,1
10.958333333333334,995.7842319022241,545.963279549915,4.198198737035808,1,6,2,1
10.966666666666667,997.0711585593208,546.3316724722229,4.196720458039588,1,6,2,1
10.975,996.3431628608062,544.8189939314201,4.2118653052033235,1,6,2,1
10.983333333333333,995.7413504271946,544.1257956189529,4.197059184688544,1,6,2,1
10.991666666666667,995.6574028385967,544.3561771578594,4.1586408518536615,1,6,2,1
11.0,996.2923953698257,542.5875317990551,4.184523155406324,1,6,2,1
11.008333333333333,997.0505257854262,541.9727767414296,4.2241886905496075,1,6,2,1
11.016666666666667,996.973333703278,542.7954417407411,4.204296286127533,1,6,2,1
11.025,996.4231563426969,542.9919962303679,4.212141861800799,1,6,2,1
11.033333333333333,997.3183160740855,543.1270395861318,4.261593482868985,1,6,2,1
11.041666666666666,997.5643423761369,544.5807227742738,4.16994781413321,1,6,2,1
11.05,998.2393099463997,544.7164121155324,4.210067353715362,1,6,2,1
11.058333333333334,998.9624372116225,545.5454050562178,4.241834781842168,1,6,2,1
11.066666666666666,998.3649083886605,546.9757648709485,4.260600552920729,1,6,2,1
11.075,998.6404012198542,546.5624451911211,4.244749981144325,1,6,2,1
11.083333333333334,998.3370289739373,546.8216489724308,4.295303595288419,1,6,2,1
11.091666666666667,996.4857468803583,546.3191485528773,4.265078032021984,1,6,2,1
11.1,996.7303009923461,545.509670954671,4.2717155614009075,1,6,2,1
11.108333333333333,995.7888824938589,546.31487956763,4.284333112215795,1,6,2,1
11.116666666666667,997.3558423113399,546.2596338340746,4.26198618661397,1,6,2,1
11.125,997.3088831321852,545.3030894935941,4.311661117757904,1,6,2,1
11.133333333333333,997.352519845378,546.0176353514095,4.291827970715035,1,6,2,1
11.141666666666667,998.1232298322515,545.0104483732218,4.29603826020859,1,6,2,1
11.15,999.0078915442948,546.223487437154,4.273904328327954,1,6,2,1
11.158333333333333,998.832143544195,545.7002386562824,4.307674703294265,1,6,2,1
11.166666666666666,999.2700719073928,544.3435546185154,4.299491226469725,1,6,2,1
11.175,999.4428266521439,544.6583520469884,4.2880902569819686,1,6,2,1
11.183333333333334,998.0751540251011,545.0093598548856,4.394729316237687,1,6,2,1
11.191666666666666,998.3199485959622,544.8192309132954,4.273125918581545,1,6,2,1
11.2,997.6717579568814,545.7569523003491,4.353344640917712,1,6,2,1
11.208333333333334,998.1316876238911,546.9698989087137,4.387247699686527,1,6,2,1
11.216666666666667,998.1432337561125,547.7796198872401,4.2934948286091075,1,6,2,1
11.225,997.8274898854088,547.2680906320472,4.330503487380681,1,6,2,1
11.233333333333333,996.4109419785043,546.7890244339485,4.329118249928542,1,6,2,1
11.241666666666667,996.4561764147256,545.7006243464554,4.344185065051527,1,6,2,1
11.25,997.5139335404521,546.0119540582756,4.383824431651316,1,6,2,1
11.258333333333333,997.2062984013843,545.5832550351862,4.341249777624957,1,6,2,1
11.266666666666667,997.2541110647715,543.6658792095693,4.392294304861576,1,6,2,1
11.275,997.4381712505522,544.2960742364343,4.3694307882126795,1,6,2,1
11.283333333333333,997.7601746558179,543.2157016775865,4.345132234077034,1,6,2,1
11.291666666666666,998.6155080625491,543.1281425741382,4.349788364215449,1,6,2,1
11.3,998.5847768799957,543.5795383894961,4.321865551756945,1,6,2,1
11.308333333333334,998.8219003448303,543.9414106472664,4.323359753815413,1,6,2,1
11.316666666666666,998.4026690403651,544.9997818542356,4.356520962106873,1,6,2,1
11.325,998.0851673133858,546.6009044086636,4.293507303697991,1,6,2,1
11.333333333333334,996.3157204223347,546.4205950266694,4.379898701466269,1,6,2,1
11.341666666666667,995.8992052919026,547.3485184697989,4.3294424972617565,1,6,2,1
11.35,996.2348917971027,546.3900049324288,4.270888629215371,1,6,2,1
11.358333333333333,995.3368993269679,547.6455497707722,4.3408862146634855,1,6,2,1
11.366666666666667,994.4073673891531,548.00148819579,4.306617855799541,1,6,2,1
11.375,992.8864505655996,547.9209720049017,4.235596676221811,1,6,2,1
11.383333333333333,992.9958643449952,547.982755597772,4.2516375570048135,1,6,2,1
11.391666666666667,994.9708319347071,547.7650151523075,4.279580447126365,1,6,2,1
11.4,995.9939929488713,547.9180985577299,4.267817466789656,1,6,2,1
11.408333333333333,995.1052557832413,545.8809867898483,4.3139258213682385,1,6,2,1
11.416666666666666,994.7133540808446,545.0249353057625,4.236996099501085,1,6,2,1
11.425,994.8888356597898,546.1392752919787,4.225578965660003,1,6,2,1
11.433333333333334,994.7566345246673,547.2174858551864,4.339660297663883,1,6,2,1
11.441666666666666,994.0088815276821,546.4753137958061,4.245772448005869,1,6,2,1
11.45,993.6066827822522,546.6577611809964,4.2477946802944455,1,6,2,1
11.458333333333334,994.1722676789434,547.2715786039624,4.23434278064774,1,6,2,1
11.466666666666667,824.6483424369363,586.9772637560474,4.208708509691679,1,6,2,1
11.475,824.4704313845709,587.495573600065,4.2714731896346505,1,6,2,1
11.483333333333333,995.605353509271,549.001544754978,4.2644665765599195,1,6,2,1
11.491666666666667,995.6502634502215,548.4215861297835,4.192367721183647,1,6,2,1
11.5,996.5299654382583,548.9113436683383,4.249739844380536,1,6,2,1
11.508333333333333,997.6492119976426,549.3269150049395,4.194094410403236,1,6,2,1
11.516666666666667,998.2292208170461,550.2536999945189,4.1635670089008805,1,6,2,1
11.525,998.6715355427153,549.5385783899425,4.230872257240601,1,6,2,1
11.533333333333333,998.1024182566204,548.2163056201464,4.229969749356673,1,6,2,1
11.541666666666666,997.1951184283696,547.9361066150502,4.190349395776984,1,6,2,1
11.55,997.1620515626992,547.7062409141487,4.242298094730133,1,6,2,1
11.558333333333334,996.8961608850353,548.027954777485,4.219183135642361,1,6,2,1
11.566666666666666,996.8457060768135,547.4903280071276,4.219628525527815,1,6,2,1
11.575,996.6024294449187,548.2876985729347,4.2104461174648335,1,6,2,1
11.583333333333334,996.6431332905736,548.0650560032199,4.178132060930686,1,6,2,1
11.591666666666667,998.4149460140817,548.2734555042687,4.202228328857716,1,6,2,1
11.6,998.8110411722869,549.3697053400281,4.214903427821324,1,6,2,1
11.608333333333333,999.3645362179964,549.1164182610092,4.14614386426795,1,6,2,1
11.616666666666667,999.7780879991915,548.8605871299159,4.198335904261235,1,6,2,1
11.625,1000.6527063232662,549.8204032068644,4.243965363084925,1,6,2,1
11.633333333333333,1000.2004521628543,548.9799766112856,4.229097558140212,1,6,2,1
11.641666666666667,1000.1894138709222,549.5227007382916,4.158544434623207,1,6,2,1
11.65,999.7700654440084,549.1506056143131,4.181043435332161,1,6,2,1
11.658333333333333,1000.1108922537369,549.3234724627494,4.238917572502423,1,6,2,1
11.666666666666666,999.0323820983871,548.2739144916867,4.216684693458174,1,6,2,1
11.675,999.3814778409478,548.8780821850842,4.172525357715935,1,6,2,1
11.683333333333334,998.9989618801608,548.9946801698693,4.171396349469938,1,6,2,1
11.691666666666666,1000.037327269098,548.632527295232,4.111681583877377,1,6,2,1
11.7,999.6350037255374,549.4229768939161,4.146841406102994,1,6,2,1
11.708333333333334,999.4943628437253,549.421543188636,4.155776416873814,1,6,2,1
11.716666666666667,1000.8193571107089,548.7570825658736,4.132098321790619,1,6,2,1
11.725,1000.5869679503217,548.0082824766195,4.202859661112858,1,6,2,1
11.733333333333333,999.5741925958879,548.1539200041502,4.203194308094422,1,6,2,1
11.741666666666667,998.2785314714513,548.969318573703,4.1802176300250835,1,6,2,1
11.75,997.9845512006827,549.214986493471,4.1321856900518235,1,6,2,1
11.758333333333333,996.8826899106509,548.5099693605284,4.192718664217091,1,6,2,1
11.766666666666667,997.9526001502411,549.5937235610648,4.196084295635392,1,6,2,1
11.775,999.4690196077393,547.8870264530761,4.164217978075964,1,6,2,1
11.783333333333333,1000.8587151415873,547.0130199494668,4.189143761423768,1,6,2,1
11.791666666666666,1000.0303951814152,546.767149229938,4.2068995417615,1,6,2,1
11.8,1001.5203098992855,547.484126156984,4.15148774618056,1,6,2,1
11.808333333333334,1001.5541664074042,546.8344326737323,4.12085847548506,1,6,2,1
11.816666666666666,1001.3696153111316,546.0907526816897,4.2210024054714825,1,6,2,1
11.825,1000.7194085273426,546.9129579313598,4.179423792899068,1,6,2,1
11.833333333333334,1000.2171045556432,547.399439429011,4.173680132268922,1,6,2,1
11.841666666666667,999.6073337995718,547.1696638587359,4.158339882394861,1,6,2,1
11.85,999.5237527140074,547.5126904916388,4.1408522204567975,1,6,2,1
11.858333333333333,1000.3277773707982,547.6547700325376,4.203209271157652,1,6,2,1
11.866666666666667,1000.2336755863803,548.7987968294337,4.203459532407315,1,6,2,1
11.875,999.214831711234,549.0761179819001,4.159236719918711,1,6,2,1
11.883333333333333,998.8652667805809,549.5963059651137,4.11753831167524,1,6,2,1
11.891666666666667,998.1799624308277,548.2239547633626,4.193889160552351,1,6,2,1
11.9,997.4821804919688,549.1901175211688,4.242799239872358,1,6,2,1
11.908333333333333,998.1849886008108,549.6613226185048,4.1351699052161575,1,6,2,1
11.916666666666666,997.9017138604867,549.780950805516,4.152411131673766,1,6,2,1
11.925,998.5819814623815,549.1466457152131,4.167358486923077,1,6,2,1
11.933333333333334,1000.2534570671762,549.6756440694792,4.1511942592204285,1,6,2,1
11.941666666666666,1000.4323655903866,549.1059784474952,4.1642796168072875,1,6,2,1
11.95,1000.2379743885715,548.4936353850051,4.12321705624512,1,6,2,1
11.958333333333334,1000.0649415771766,548.4224861194025,4.1527270969592545,1,6,2,1
11.966666666666667,1000.0548998354695,548.143887538872,4.2255410235392965,1,6,2,1
11.975,999.619414363188,549.7536303844896,4.174563185333343,1,6,2,1
11.983333333333333,999.1583372319097,549.6767191234204,4.1565948835807465,1,6,2,1
11.991666666666667,999.2831243905093,549.684208919229,4.146359662311002,1,6,2,1
12.0,999.3223599388969,548.6600493761797,4.132411628129576,1,6,2,1
12.008333333333333,999.2996265218324,549.5507928431033,4.135895475735185,1,6,2,1
12.016666666666667,998.9097241545729,549.7615031860424,4.153803820317235,1,6,2,1
12.025,1084.9909170939156,860.1748597891121,4.110021751308843,1,6,2,1
12.033333333333333,1084.0889750421227,859.3821549772936,4.138678902743213,1,6,2,1
12.041666666666666,998.7894440307509,548.8526833636902,4.114201879956839,1,6,2,1
12.05,999.5319712748088,549.4827781706571,4.203615273163731,1,6,2,1
12.058333333333334,999.736406251653,549.9525336612813,4.164081864489056,1,6,2,1
12.066666666666666,998.5765394564846,550.5941899451701,4.111949678771189,1,6,2,1
12.075,997.5145981541486,550.7757988845768,4.136711336892445,1,6,2,1
12.083333333333334,997.2961378399858,550.5910874081914,4.1873270101116695,1,6,2,1
12.091666666666667,996.2290493784714,550.1521660114532,4.209034853172012,1,6,2,1
12.1,996.0323805177377,551.0196355585034,4.145498021669742,1,6,2,1
12.108333333333333,994.9899776299511,551.5588066970203,4.161838346734912,1,6,2,1
12.116666666666667,994.8572724089788,551.9383496698413,4.15672245289145,1,6,2,1
12.125,994.5331932411704,552.747671428227,4.181595390061789,1,6,2,1
12.133333333333333,994.6548037178507,552.234528170848,4.132689758408258,1,6,2,1
12.141666666666667,994.8556960190558,553.4589627249887,4.130308235021671,1,6,2,1
12.15,993.4720360739224,553.6113513818381,4.109805597764051,1,6,2,1
12.158333333333333,992.7293238601737,552.8080223918848,4.1380761001784805,1,6,2,1
12.166666666666666,993.5271353205485,554.0009093092859,4.151460226888146,1,6,2,1
12.175,994.7639979498174,554.5291308059816,4.129077653108991,1,6,2,1
12.183333333333334,995.4297871324682,555.6299448518233,4.183685876081075,1,6,2,1
12.191666666666666,995.6085920514101,553.6894175540956,4.131483312688644,1,6,2,1
12.2,996.8318824762272,555.3015918979452,4.146695670415873,1,6,2,1
12.208333333333334,997.1221075852618,554.8640652589927,4.092824384690652,1,6,2,1
12.216666666666667,996.2933282220764,556.0490988507997,4.124592572239144,1,6,2,1
12.225,997.8055526020005,554.3614696779739,4.170484214863315,1,6,2,1
12.233333333333333,997.9922065837076,553.7113419170047,4.115602833471813,1,6,2,1
12.241666666666667,998.0642220376853,553.42834436761,4.148637397905185,1,6,2,1
12.25,997.4073552700121,553.3571826377481,4.120428961408337,1,6,2,1
12.258333333333333,996.3020262615559,552.9913940000393,4.109822968051622,1,6,2,1
12.266666666666667,996.8258517031333,551.9550945976258,4.11651851886926,1,6,2,1
12.275,997.3446908667364,552.4876541421944,4.079444193555038,1,6,2,1
12.283333333333333,997.2169840219611,553.6031356365306,4.143246953557624,1,6,2,1
12.291666666666666,996.4429271643702,553.3170755014403,4.112390756714398,1,6,2,1
12.3,996.7460931637094,552.2722438709771,4.150410129211787,1,6,2,1
12.308333333333334,996.415817271711,552.9463502269207,4.128629074699217,1,6,2,1
12.316666666666666,995.5023199459904,553.5400752340558,4.117197705898736,1,6,2,1
12.325,993.8055405424343,553.9628255460897,4.1323437456843495,1,6,2,1
12.333333333333334,992.310903543329,554.667289940245,4.111971487320474,1,6,2,1
12.341666666666667,993.1116718759769,554.3410773112709,4.147832556286229,1,6,2,1
12.35,991.8847274886318,555.7765167049216,4.147987386341103,1,6,2,1
12.358333333333333,993.5250631779307,556.3467599730963,4.144909247843253,1,6,2,1
12.366666666666667,992.4507011505966,556.238344880125,4.082065400609885,1,6,2,1
12.375,992.8920614211694,556.1477364681244,4.100650989461213,1,6,2,1
12.383333333333333,992.3164304788253,556.586058400901,4.0959407132187,1,6,2,1
12.391666666666667,992.0457733410808,557.5807791791768,4.103977810845481,1,6,2,1
12.4,991.5164103827997,555.3812918101353,4.108508721376216,1,6,2,1
12.408333333333333,992.3291251948917,554.1599774468,4.114949604869317,1,6,2,1
12.416666666666666,991.7046979687901,554.7607606895228,4.093670149456129,1,6,2,1
12.425,737.2520256591167,649.8175728057477,4.13239236736379,1,6,2,1
12.433333333333334,737.8824229024024,649.1017294062109,4.071184222638676,1,6,2,1
12.441666666666666,992.3289224105276,555.7502322605023,4.150198558834512,1,6,2,1
12.45,991.7740725284492,556.4948683089915,4.1457770018757625,1,6,2,1
12.458333333333334,992.071206106389,555.8707999999846,4.123205057858654,1,6,2,1
12.466666666666667,991.970039750891,556.5882349857144,4.11969682454465,1,6,2,1
12.475,991.1581303078298,556.3435290582698,4.1108878275081295,1,6,2,1
12.483333333333333,991.6661168165795,555.8070511711887,4.083857828035455,1,6,2,1
12.491666666666667,991.4056218683018,555.7364072234467,4.074071585061078,1,6,2,1
12.5,990.4512007052357,555.357527583985,4.0995209103164205,1,6,2,1
12.508333333333333,991.8470999617447,556.3536889189288,4.081313620562759,1,6,2,1
12.516666666666667,992.8473022597833,555.736525113304,4.05365931042987,1,6,2,1
12.525,991.9450424999075,556.5863246479364,4.16781538513194,1,6,2,1
12.533333333333333,990.6143791816119,556.0818194173621,4.074946479817255,1,6,2,1
12.541666666666666,990.15605210645,555.9679999297862,4.105460982524366,1,6,2,1
12.55,989.6528874931722,555.9666975846418,4.092633830871334,1,6,2,1
12.558333333333334,990.3222706572246,556.1860642447812,4.066850566942932,1,6,2,1
12.566666666666666,990.1545712088807,555.687382177571,4.115121824609426,1,6,2,1
12.575,991.4814242451521,556.2545586933729,4.145027454928078,1,6,2,1
12.583333333333334,991.4807327344272,555.5971362355896,4.117899629242026,1,6,2,1
12.591666666666667,993.1288224381636,556.0849762648113,4.086511856341501,1,6,2,1
12.6,992.4519968491336,554.3014693057787,4.09648540247745,1,6,2,1
12.608333333333333,992.6952508202661,554.9596313766865,4.113786137998589,1,6,2,1
12.616666666666667,991.3114125186319,554.8355592552512,4.072787573884448,1,6,2,1
12.625,991.7584782557944,555.6736342741981,4.082528082798668,1,6,2,1
12.633333333333333,991.5969367123089,554.613210085705,4.083475107901168,1,6,2,1
12.641666666666667,991.3767625220174,554.4306803277289,4.128842891114444,1,6,2,1
12.65,991.4672118758293,554.6706807343351,4.094201458143327,1,6,2,1
12.658333333333333,990.8448618942763,554.6191731918765,4.13615257956457,1,6,2,1
12.666666666666666,990.9183467566826,553.2563636534422,4.129719701841831,1,6,2,1
12.675,990.5709229870962,552.7789015047643,4.050066588102708,1,6,2,1
12.683333333333334,990.5824281619086,552.3285986765071,4.086968253374065,1,6,2,1
12.691666666666666,990.0215210157744,551.8026078367823,4.128068336862696,1,6,2,1
12.7,989.9678323139578,552.1112336937865,4.049873588448884,1,6,2,1
12.708333333333334,990.7373689459774,551.5639428727658,4.121586256793584,1,6,2,1
12.716666666666667,990.7418409562811,550.2383268362942,4.10066470649347,1,6,2,1
12.725,990.8391337754148,548.4662408796478,4.019882189559035,1,6,2,1
12.733333333333333,990.834312206591,548.7996139936902,4.037828884255432,1,6,2,1
12.741666666666667,990.8725730101618,548.9938483584748,4.109017169439594,1,6,2,1
12.75,991.828871027163,549.6740038846378,4.1145585134075,1,6,2,1
12.758333333333333,991.7655221639062,549.7988916072366,4.0155655019182275,1,6,2,1
12.766666666666667,992.5998333975097,549.656070803789,4.039659410349139,1,6,2,1
12.775,132.43538075527204,713.159916578013,4.081541147259752,1,6,2,1
12.783333333333333,132.74767960193492,714.9368196195423,4.059768784219626,1,6,2,1
12.791666666666666,993.4312106846305,550.3630502502294,4.057559666063583,1,6,2,1
12.8,992.7710187450456,550.1805371789989,4.088035779652765,1,6,2,1
12.808333333333334,992.5154804474015,550.7461508884288,4.024084645791934,1,6,2,1
12.816666666666666,990.8958493418753,550.8676685858702,4.020993247285487,1,6,2,1
12.825,991.5601185748185,551.2970629531942,4.036049405763711,1,6,2,1
12.833333333333334,992.3628155224575,550.8993674206937,4.039132007059638,1,6,2,1
12.841666666666667,994.0635431627247,549.5051501422066,4.0741843700870675,1,6,2,1
12.85,993.9088317479385,549.2140460216118,4.053900419691372,1,6,2,1
12.858333333333333,993.7529666413153,550.422869953384,4.079743520248601,1,6,2,1
12.866666666666667,995.4733053082545,550.8160773544112,4.057084891544748,1,6,2,1
12.875,995.6301440497673,550.0583055953236,4.076391941316188,1,6,2,1
12.883333333333333,995.2826464575171,550.8631404678097,4.018780466144076,1,6,2,1
12.891666666666667,994.9849543044967,549.6199235864196,3.99350437166358,1,6,2,1
12.9,994.1391307422788,550.1270455217804,4.033707602841106,1,6,2,1
12.908333333333333,994.5624618800769,549.3210703339347,4.08292862035496,1,6,2,1
12.916666666666666,993.6890308016575,549.122338622513,3.9910488446932337,1,6,2,1
12.925,992.2217937335747,548.629805476228,4.062856440001902,1,6,2,1
12.933333333333334,992.0653575250486,549.8998000234008,3.999920311076976,1,6,2,1
12.941666666666666,992.178378685287,551.2419315091477,4.051804524455167,1,6,2,1
12.95,990.4455090878702,551.70789569963,4.0795467027167,1,6,2,1
12.958333333333334,990.3796297525716,551.1972787761949,4.066609573980147,1,6,2,1
12.966666666666667,990.7445265047409,550.1286463582113,4.0373471551686215,1,6,2,1
12.975,990.5167371569045,549.4802313843252,4.0660729201725925,1,6,2,1
12.983333333333333,990.1633600221138,548.3746391557366,4.002017406042111,1,6,2,1
12.991666666666667,990.6559298497241,549.1568606848027,4.005705648320495,1,6,2,1
13.0,990.7774833643347,549.3958505412908,4.063567057822792,1,6,2,1
13.008333333333333,990.9141400762799,548.8650691422025,4.053157343157987,1,6,2,1
13.016666666666667,991.1787365603092,547.7079988125599,4.064782255242702,1,6,2,1
13.025,991.3421536937499,547.467264312107,4.070770278398164,1,6,2,1
13.033333333333333,991.8002808819559,546.7122244612135,4.046224835636602,1,6,2,1
13.041666666666666,992.9415184867286,546.465664433803,4.002656085829684,1,6,2,1
13.05,992.4713019359706,544.8973050706905,4.023574583558917,1,6,2,1
13.058333333333334,992.1274172102017,544.365900269894,4.064262676734638,1,6,2,1
13.066666666666666,991.9163875201453,543.5871925965654,4.019073890560788,1,6,2,1
13.075,991.9226780088354,542.8360717807453,4.0654306259682285,1,6,2,1
13.083333333333334,992.1066694740579,541.9282264339322,4.053510836434436,1,6,2,1
13.091666666666667,993.265773251052,541.2926107662706,4.005342618166812,1,6,2,1
13.1,992.6867902324723,541.9444001726101,4.0195976897109755,1,6,2,1
13.108333333333333,992.0228948866506,542.1542835432308,4.037099518819096,1,6,2,1
13.116666666666667,991.6733190924889,543.1816279998851,4.0518741943062615,1,6,2,1
13.125,991.1020101349509,544.2327116447254,3.982519499808619,1,6,2,1
13.133333333333333,991.4807761160946,544.226826731974,4.035468457992576,1,6,2,1
13.141666666666667,991.7085762470241,542.2305245412749,4.038564551825205,1,6,2,1
13.15,992.3000197795407,542.9128820584434,4.024770431038017,1,6,2,1
13.158333333333333,990.5421932504712,542.2123254433893,4.007812805769281,1,6,2,1
13.166666666666666,990.6887797481669,542.586591890174,4.091030841231439,1,6,2,1
13.175,991.0212205263947,543.1582274510356,4.039943486283894,1,6,2,1
13.183333333333334,990.6743299747258,544.0658008832443,4.027840056679435,1,6,2,1
13.191666666666666,991.4151313400201,543.461189012034,4.002504092337255,1,6,2,1
13.2,991.1608857644409,545.2106337068916,4.052460357606942,1,6,2,1
13.208333333333334,992.4910576975426,545.251784878093,4.020982109384621,1,6,2,1
13.216666666666667,992.2842605881378,545.2408355383186,4.037764692305301,1,6,2,1
13.225,992.4260677704298,544.3335830133509,4.101310266851578,1,6,2,1
13.233333333333333,991.4110651998736,544.5503451018363,4.003662093407011,1,6,2,1
13.241666666666667,992.41527559817,545.2608771471752,4.087731682877384,1,6,2,1
13.25,991.4026923193907,544.8468586777523,4.009802898432825,1,6,2,1
13.258333333333333,991.024819509047,545.971240160797,4.059317889931945,1,6,2,1
13.266666666666667,614.6312295397903,592.7638988179114,4.023706344211389,1,6,2,1
13.275,614.5845962926705,592.2065724192448,4.0203262367084385,1,6,2,1
13.283333333333333,990.1248029849821,544.8154777998199,4.0468836554932555,1,6,2,1
13.291666666666666,991.3618521552743,543.4667722741187,4.0710913732261975,1,6,2,1
13.3,990.9130352834605,544.9815029720991,4.056521015434891,1,6,2,1
13.308333333333334,992.4395467184644,545.6907162946393,4.077708250389665,1,6,2,1
13.316666666666666,992.4863310041721,544.4885401286168,3.9508130166295286,1,6,2,1
13.325,992.8759504510007,543.8751088941077,3.9997495343190748,1,6,2,1
13.333333333333334,992.2881117567256,544.5986714284778,3.93907656894494,1,6,2,1
13.341666666666667,992.8746775159191,544.5410933563494,4.040538401083038,1,6,2,1
13.35,993.1010657627467,543.9867001468867,3.9332690675917292,1,6,2,1
13.358333333333333,992.8912775805665,544.008357588816,4.07240373592666,1,6,2,1
13.366666666666667,992.1533544339815,543.9432299763782,3.9821788758128838,1,6,2,1
13.375,991.395255093758,545.5563955760376,4.001652914865252,1,6,2,1
13.383333333333333,992.4511430677215,545.1663067321889,3.9933484682821283,1,6,2,1
13.391666666666667,994.0938692537236,543.997610934076,4.054823046188565,1,6,2,1
13.4,993.9267402825274,541.2251997916534,3.977003646336422,1,6,2,1
13.408333333333333,994.544461185695,540.361003395149,4.056471527551626,1,6,2,1
13.416666666666666,994.5667783013167,539.3009564496941,4.026054042324097,1,6,2,1
13.425,994.9610866725127,539.6525539106659,4.041040676398675,1,6,2,1
13.433333333333334,994.7314434813609,539.0114397245424,3.9613280922627263,1,6,2,1
13.441666666666666,994.6902392337125,538.8014000485183,3.9835925122713176,1,6,2,1
13.45,994.0462077788712,537.852484929094,3.9750495820105565,1,6,2,1
13.458333333333334,993.0988721740225,539.024678593362,3.9766370540938283,1,6,2,1
13.466666666666667,993.4174468861727,538.4305511135402,4.006366536646684,1,6,2,1
13.475,994.002343017621,538.2658656732342,3.9850776181413368,1,6,2,1
13.483333333333333,994.8521678722843,539.8356994129925,4.019214419438289,1,6,2,1
13.491666666666667,996.4408163249435,538.5115719072368,4.022674016310243,1,6,2,1
13.5,997.1258774588889,538.6971411765956,3.9573046917650845,1,6,2,1
13.508333333333333,997.2205089634638,537.9310875132763,3.949190736912298,1,6,2,1
13.516666666666667,996.9463258905721,537.5218907529852,4.018266625472331,1,6,2,1
13.525,997.1079825873793,536.9943299120015,3.951133729803471,1,6,2,1
13.533333333333333,996.5464402006181,537.1548528667365,4.000627090024589,1,6,2,1
13.541666666666666,996.8503113529644,536.8393608960981,3.9910285638377743,1,6,2,1
13.55,996.4906817617667,535.9204625641083,4.070802103808666,1,6,2,1
13.558333333333334,997.3050909007546,535.3432998326764,3.9667964115193537,1,6,2,1
13.566666666666666,996.5667104193294,536.1012526832969,4.049806715574935,1,6,2,1
13.575,996.2548140693048,535.6303106337003,3.99309450680631,1,6,2,1
13.583333333333334,996.9688747429274,536.1973939399635,3.9896916907041557,1,6,2,1
13.591666666666667,997.0587234727435,537.2674166313235,3.986871718406777,1,6,2,1
13.6,997.6347831306592,538.5470436928226,3.9865976338940574,1,6,2,1
13.608333333333333,999.4309846410018,537.4857703358687,3.9693265455617697,1,6,2,1
13.616666666666667,997.6618997398583,537.3448548757503,3.992475088816956,1,6,2,1
13.625,998.4514947868547,536.7983478947108,4.0155974821315965,1,6,2,1
13.633333333333333,998.6308271578392,535.5275043221725,4.026417215573457,1,6,2,1
13.641666666666667,999.3643478747139,535.3757692809552,3.9753965059729937,1,6,2,1
13.65,999.9673745710677,535.6225887240541,4.026266150690059,1,6,2,1
13.658333333333333,1000.6167047702752,535.2110000979219,3.9423779971482693,1,6,2,1
13.666666666666666,1001.1606213275834,536.2920788202656,3.9871857281050747,1,6,2,1
13.675,1003.0434742810645,535.6202770942667,3.9622368992740555,1,6,2,1
13.683333333333334,1002.8873782048952,535.7501354483537,4.003864786973657,1,6,2,1
13.691666666666666,1003.523017332839,535.5476554563785,3.9719392561467197,1,6,2,1
13.7,1003.1994982688276,535.2314913370255,4.006961807244578,1,6,2,1
13.708333333333334,1001.8238233368519,535.074523653745,3.9503419644960496,1,6,2,1
13.716666666666667,1001.6836134605819,535.0283020999179,4.024038179295522,1,6,2,1
13.725,1003.5505335779728,534.1000963429512,3.992620356864898,1,6,2,1
13.733333333333333,1003.7649888043102,533.7403969313649,4.078919677432684,1,6,2,1
13.741666666666667,1005.6578322744971,533.4528487250169,3.982627899213006,1,6,2,1
13.75,1004.3944809166679,533.2245316619735,3.998046356481623,1,6,2,1
13.758333333333333,1004.7146336124687,532.3841634492503,4.0322817035092,1,6,2,1
13.766666666666667,1005.9489188229653,534.0792711561787,3.9776441414685806,1,6,2,1
13.775,1004.7856626030368,533.7522290774572,4.013885120826083,1,6,2,1
13.783333333333333,1004.5208333128971,533.8770958156724,4.043422531502633,1,6,2,1
13.791666666666666,1003.4836227753206,535.0425713995317,4.02992219108862,1,6,2,1
13.8,1001.9205824829161,535.5053742796878,3.9828095348686086,1,6,2,1
13.808333333333334,1002.3196312087158,536.098576636765,3.9632801426156115,1,6,2,1
13.816666666666666,1001.8897220611441,534.8071524611483,4.075660338655797,1,6,2,1
13.825,1000.7181263731181,533.2773726179897,3.93206470639364,1,6,2,1
13.833333333333334,1001.101103203002,533.1592027762753,4.044571988771956,1,6,2,1
13.841666666666667,1000.8137063476747,532.0250798141387,4.019175356947142,1,6,2,1
13.85,1000.9495217999025,531.1621778658317,4.085699647689622,1,6,2,1
13.858333333333333,1000.9069004438909,530.7627778745316,4.0020968970928745,1,6,2,1
13.866666666666667,999.7705066706914,531.687191750633,3.9848525935089745,1,6,2,1
13.875,999.8683700898962,532.2201147819019,3.9506976083967444,1,6,2,1
13.883333333333333,1000.042768417076,532.1615322292233,3.9803645089867925,1,6,2,1
13.891666666666667,999.5339844634822,532.1283744628599,4.002160555856821,1,6,2,1
13.9,1000.5956860713388,533.2770746440739,3.9832480075848657,1,6,2,1
13.908333333333333,1001.6372274607161,533.6064275801543,4.088498161852242,1,6,2,1
13.916666666666666,1000.7950570302611,534.4419045612335,4.029283191262735,1,6,2,1
13.925,997.9665088253331,535.0945312487008,3.9851233259239414,1,6,2,1
13.933333333333334,997.8771208260476,532.8540454619465,3.9574502025020792,1,6,2,1
13.941666666666666,997.1491851043902,533.9716673908271,4.017656337200278,1,6,2,1
13.95,997.0013049648911,535.375536983533,4.0050812471049,1,6,2,1
13.958333333333334,997.0830902275774,536.0487021360366,4.0292352954882,1,6,2,1
13.966666666666667,996.7039879529402,536.0382946274935,4.027947098059807,1,6,2,1
13.975,996.4387055427785,536.2787263258741,3.9916104969990456,1,6,2,1
13.983333333333333,996.4857747430963,535.7463700750515,4.048862025675131,1,6,2,1
13.991666666666667,996.7334792540686,537.1025513646472,4.017906338498912,1,6,2,1
14.0,996.3761940339241,537.5451553258102,4.007184076115212,1,6,2,1
14.008333333333333,996.9472919528002,536.7683741721698,4.011188798115142,1,6,2,1
14.016666666666667,996.6801248681106,536.8306077400782,4.041568223010643,1,6,2,1
14.025,996.9640295647441,536.8037473830152,3.9692815405424215,1,6,2,1
14.033333333333333,996.9772574798213,537.1060731717481,4.014196089727273,1,6,2,1
14.041666666666666,997.6292092314062,537.3308868482078,4.051742068706156,1,6,2,1
14.05,997.3763081229578,537.3605665237234,3.9495628363406308,1,6,2,1
14.058333333333334,996.2351419865171,537.58603153049,4.034134557264431,1,6,2,1
14.066666666666666,997.4501032788137,538.9587093373325,4.030045289686375,1,6,2,1
14.075,997.8951756258992,538.7461992492674,4.009874814959632,1,6,2,1
14.083333333333334,998.7042836306815,538.9569186606495,3.9918495638621794,1,6,2,1
14.091666666666667,997.8983892236142,538.6312951073272,4.029968709431861,1,6,2,1
14.1,997.4764039121098,537.477266130039,3.973745074978913,1,6,2,1
14.108333333333333,998.2218561372127,536.6381252471026,4.003207022867281,1,6,2,1
14.116666666666667,998.0419601968819,535.9487789178651,3.9784288168621016,1,6,2,1
14.125,1408.871170821914,445.45838307805184,3.9760974629817607,1,6,2,1
14.133333333333333,1408.7724013020322,446.1484666706456,4.014233878242861,1,6,2,1
14.141666666666667,999.4034050143789,536.3780375047538,3.9706221140627918,1,6,2,1
14.15,998.4724559073013,535.9521773069836,3.9666585942555788,1,6,2,1
14.158333333333333,999.6421663452783,536.8748277880084,4.013540251552791,1,6,2,1
14.166666666666666,998.6460350466913,537.0272657372343,4.08723566382679,1,6,2,1
14.175,997.5982978868606,536.4400107316817,3.9864198758384046,1,6,2,1
14.183333333333334,998.2821615786092,537.7467206652861,3.9961096113253247,1,6,2,1
14.191666666666666,997.249565655043,536.6853851892624,4.009635782392741,1,6,2,1
14.2,995.8938306776811,536.3749318864542,3.978041965000423,1,6,2,1
14.208333333333334,996.3444138743242,535.1713652692775,4.034695055846346,1,6,2,1
14.216666666666667,996.6307822836623,535.4273124933117,3.987390369075594,1,6,2,1
14.225,997.3607237204893,534.8738590112448,4.064077126738417,1,6,2,1
14.233333333333333,996.9313026854793,536.1070657625587,4.038551040298877,1,6,2,1
14.241666666666667,997.8372722307947,535.8605405674657,4.004008132828978,1,6,2,1
14.25,997.941208712562,536.1705225537977,3.9963026372201664,1,6,2,1
14.258333333333333,997.7379121730455,536.6879516174031,4.016259565605207,1,6,2,1
14.266666666666667,997.6695710012879,536.6257432034269,4.005656703164283,1,6,2,1
14.275,998.5762287293859,536.4445064440462,4.01347389021896,1,6,2,1
14.283333333333333,997.3555406374686,536.4538990799413,4.038227156985264,1,6,2,1
14.291666666666666,998.0181264402745,536.6353664130512,4.034224014362807,1,6,2,1
14.3,997.7042678313497,537.034672323782,4.024657432388543,1,6,2,1
14.308333333333334,996.8003400580523,536.7087395363274,4.0404680217946085,1,6,2,1
14.316666666666666,997.5525142647537,536.735608637864,3.985268631966273,1,6,2,1
14.325,996.4636095547556,537.123263777347,3.9973135997333253,1,6,2,1
14.333333333333334,996.6284187509525,536.9798251216247,4.027843602465635,1,6,2,1
14.341666666666667,996.2089186789404,537.2693262543834,4.061767759312223,1,6,2,1
14.35,995.242415031998,537.6376655388509,4.039863821393066,1,6,2,1
14.358333333333333,994.8952786586037,538.0749577191749,4.009733502260429,1,6,2,1
14.366666666666667,994.6859112679248,538.9701431075721,3.999645489037773,1,6,2,1
14.375,994.5477711130825,539.558000399731,4.04947526211334,1,6,2,1
14.383333333333333,995.514315912772,539.1693746052882,4.052796135925276,1,6,2,1
14.391666666666667,996.0197186930901,540.0258012381223,3.9850437294831105,1,6,2,1
14.4,995.4739662131516,539.8635390637631,4.035427614492643,1,6,2,1
14.408333333333333,996.997585718352,540.5071023877562,4.0157802787126835,1,6,2,1
14.416666666666666,996.2549788513608,539.5654757419981,4.035986992543178,1,6,2,1
14.425,995.722950302175,540.0609318483116,4.022529406998512,1,6,2,1
14.433333333333334,995.4289800806964,540.2574702228862,4.017031433162163,1,6,2,1
14.441666666666666,994.5968878916589,538.1323014757188,4.0953475293035595,1,6,2,1
14.45,995.4648433889948,538.5322072367431,4.062614217115535,1,6,2,1
14.458333333333334,995.9746822716451,537.8568585259807,4.069513135900367,1,6,2,1
14.466666666666667,996.4635757694549,538.306343138904,4.076907467576374,1,6,2,1
14.475,996.7272892508328,537.7517873993091,4.049774862614435,1,6,2,1
14.483333333333333,995.2305229573719,538.1391370648618,4.086032609170267,1,6,2,1
14.491666666666667,996.6501127786676,538.5811193037249,4.0339459006106155,1,6,2,1
14.5,996.6235336592714,538.265530980168,4.05858709843303,1,6,2,1
14.508333333333333,997.1821210516105,538.6502434396718,4.029114869770795,1,6,2,1
14.516666666666667,997.546639395757,537.4035136911103,4.001574621960365,1,6,2,1
14.525,997.6806917899299,537.4710482221035,4.106684320807175,1,6,2,1
14.533333333333333,996.9583909669329,536.9087817859677,3.990173922825639,1,6,2,1
14.541666666666666,997.9420090911925,537.4718849388562,4.1094791400769415,1,6,2,1
14.55,997.371393061974,536.841270646213,4.001220641386519,1,6,2,1
14.558333333333334,997.5517358848033,535.7100014102981,4.048173497651064,1,6,2,1
14.566666666666666,996.7142898391941,536.037653125797,4.045080107499029,1,6,2,1
14.575,996.4644063503958,534.0873245823998,4.050419561097136,1,6,2,1
14.583333333333334,715.858406094924,211.44728379456825,4.0363932267777765,1,6,2,1
14.591666666666667,716.5538226053752,212.1603477639,4.018040116385376,1,6,2,1
14.6,998.0318820343005,533.1380735670748,4.086665067108992,1,6,2,1
14.608333333333333,996.9520584793818,533.8417641397776,4.063832386839472,1,6,2,1
14.616666666666667,996.7548623305771,534.0081609452693,4.037483070219359,1,6,2,1
14.625,995.8940239329446,534.8032380055549,4.000528674533076,1,6,2,1
14.633333333333333,996.5108207102932,535.8713630607823,4.047642399632959,1,6,2,1
14.641666666666667,997.370007868053,536.8716922183864,4.1042982897203455,1,6,2,1
14.65,998.9337053303686,537.5500653700348,4.058585891598026,1,6,2,1
14.658333333333333,999.1538554217717,536.4036356753604,4.049604350570626,1,6,2,1
14.666666666666666,999.7125803611336,536.4379923482423,4.043354115013352,1,6,2,1
14.675,999.0657233826063,535.6215596692978,4.06471921539437,1,6,2,1
14.683333333333334,998.6444354146759,536.8246378829464,4.091302827395819,1,6,2,1
14.691666666666666,997.8424154886504,537.7957186186247,4.103647009332662,1,6,2,1
14.7,998.1286966499086,538.3617156593048,4.05343537094808,1,6,2,1
14.708333333333334,998.5740449183393,537.8310769591392,4.067853966874967,1,6,2,1
14.716666666666667,997.3927084661628,536.6815506533537,4.112210996848357,1,6,2,1
14.725,997.9385117364786,536.9072896084953,4.03311791092811,1,6,2,1
14.733333333333333,997.7512680383728,536.8703560868497,4.0121902479003015,1,6,2,1
14.741666666666667,997.0874373906835,538.0450486018262,4.004082251969286,1,6,2,1
14.75,997.6082595836518,537.7763842613557,4.059989544515062,1,6,2,1
14.758333333333333,997.6600447111933,537.785963512009,4.09219395106948,1,6,2,1
14.766666666666667,996.751810688286,538.1005529247715,4.051847933464811,1,6,2,1
14.775,996.4761857095311,538.0073979724475,4.079610337506009,1,6,2,1
14.783333333333333,997.6177437400515,538.1243389119745,4.091779840505781,1,6,2,1
14.791666666666666,997.1139697777163,538.0992177030066,4.096555909110468,1,6,2,1
14.8,997.5584434304363,537.0896341161092,4.040837788662218,1,6,2,1
14.808333333333334,997.9040709532736,536.2085270861401,4.060929177193885,1,6,2,1
14.816666666666666,997.7076022195577,536.8176462991851,4.071254372577092,1,6,2,1
14.825,996.9274149177472,535.704777321112,4.12358030306361,1,6,2,1
14.833333333333334,997.4457346429529,535.0840682660858,4.027579583240948,1,6,2,1
14.841666666666667,998.4344570934221,535.1464751776024,4.055903625027018,1,6,2,1
14.85,998.2240507221544,534.4237331459935,4.082314698158812,1,6,2,1
14.858333333333333,999.2413523509172,535.3820883099899,4.0512673844333,1,6,2,1
14.866666666666667,1000.3169100354478,535.0871888613473,4.113889009467538,1,6,2,1
14.875,1094.1338092007884,242.88781867488314,4.008620448915579,1,6,2,1
14.883333333333333,1093.3072127981513,240.97548161216486,4.076669795624013,1,6,2,1
14.891666666666667,1002.0999794184089,533.930051803225,4.064847392685559,1,6,2,1
14.9,1001.3938653961679,535.0744374667798,4.089708613680425,1,6,2,1
14.908333333333333,1000.1925835089534,534.2362587242847,4.053218078992813,1,6,2,1
14.916666666666666,1000.4734835892248,534.4048596221395,4.116116748727667,1,6,2,1
14.925,1000.8035813029353,533.7587464095762,4.061842426899612,1,6,2,1
14.933333333333334,1000.7004392091474,534.7861511656997,4.104199066383532,1,6,2,1
14.941666666666666,1001.5816700705312,534.8219039565192,4.0927837976081936,1,6,2,1
14.95,1001.5967823527731,535.3511500314953,4.083509875280543,1,6,2,1
14.958333333333334,1001.5861606934411,535.5642386579325,4.0993878338180965,1,6,2,1
14.966666666666667,1003.1264470660055,535.2285372759785,4.10728506164667,1,6,2,1
14.975,1003.0159110246753,535.8175104775893,4.082134233973556,1,6,2,1
14.983333333333333,1002.0390478642896,534.4751013906576,4.042300428288503,1,6,2,1
14.991666666666667,1001.8033137304799,534.2743568818785,4.105512558991092,1,6,2,1
15.0,999.8339120666742,533.59164498679,4.079973546798378,1,6,2,1
15.008333333333333,999.6425820094499,534.0772790052737,4.077148229918622,1,6,2,1
15.016666666666667,1000.3125006300523,533.7615774931543,4.05590769503908,1,6,2,1
15.025,1000.0670747099091,533.3981131033572,4.139982560614644,1,6,2,1
15.033333333333333,1000.2719128056972,532.6663165484757,4.080406299826558,1,6,2,1
15.041666666666666,1001.301680237749,532.4425905437123,4.034393525247238,1,6,2,1
15.05,1001.2106434989021,531.9082072306253,4.106798503126904,1,6,2,1
15.058333333333334,999.7804150240823,532.069864757545,4.111920403443865,1,6,2,1
15.066666666666666,997.5997207771219,531.7342951402949,4.1352962060971254,1,6,2,1
15.075,997.4911606254273,533.7845879388532,4.1481964288560205,1,6,2,1
15.083333333333334,997.9503369805121,534.3610348971946,4.11785320914019,1,6,2,1
15.091666666666667,998.5952805716192,534.0731468558057,4.055863857379279,1,6,2,1
15.1,998.5783253814221,535.5579724925377,4.05545368356119,1,6,2,1
15.108333333333333,998.6231325398509,535.0061452505121,4.1098332060355895,1,6,2,1
15.116666666666667,998.7267700328237,536.2640656900576,4.132294606780474,1,6,2,1
15.125,1000.2453664493041,535.592999534699,4.1235879263681126,1,6,2,1
15.133333333333333,1000.4641246489556,534.0077651426741,4.115589948041519,1,6,2,1
15.141666666666667,1002.5208339791266,533.5596510382042,4.150876255903595,1,6,2,1
15.15,1002.9493426308813,533.8001213543591,4.132245443022819,1,6,2,1
15.158333333333333,1001.8594617807112,533.1733674629118,4.105510519845134,1,6,2,1
15.166666666666666,1001.5657874226904,533.1854495273726,4.164069565420043,1,6,2,1
15.175,1000.2459210285149,535.7793347667408,4.128977495299887,1,6,2,1
15.183333333333334,1000.7639592652708,535.3762294378766,4.1867341713557105,1,6,2,1
15.191666666666666,1001.8586777816765,534.8484124431395,4.221585732041657,1,6,2,1
15.2,1000.6771226530135,534.2746385266354,4.126865485326487,1,6,2,1
15.208333333333334,999.6186128970329,534.3719177500087,4.136204520216219,1,6,2,1
15.216666666666667,999.6590653187284,533.9997116798887,4.222272384133642,1,6,2,1
15.225,998.8420907802403,535.1685487541428,4.167062509668279,1,6,2,1
15.233333333333333,999.0627319997417,534.1036680742889,4.157735426469111,1,6,2,1
15.241666666666667,999.2389578353398,534.3188042824343,4.14620153027024,1,6,2,1
15.25,1000.5371314503168,533.2004640882359,4.226131097419667,1,6,2,1
15.258333333333333,1000.8248638103701,531.4880553652067,4.194311130656861,1,6,2,1
15.266666666666667,1000.8471973420155,531.2221555871196,4.244854261978924,1,6,2,1
15.275,1001.1686776259721,530.1731451271959,4.208056004247086,1,6,2,1
15.283333333333333,1001.4126077610084,531.205399764908,4.234221532539572,1,6,2,1
15.291666666666666,1001.8259420052182,529.3458921688803,4.257823748018788,1,6,2,1
15.3,1001.5391798418993,530.3223977039008,4.277437054616662,1,6,2,1
15.308333333333334,1002.1815461939036,528.6575997663798,4.2827289877089285,1,6,2,1
15.316666666666666,1002.9729306960878,530.4596844304707,4.278878597820444,1,6,2,1
15.325,1002.3372520996576,529.3898028486713,4.220191100940385,1,6,2,1
15.333333333333334,1002.7300430178376,530.3975719893017,4.276215096132468,1,6,2,1
15.341666666666667,1002.6224776835312,531.3153041681462,4.271642844973643,1,6,2,1
15.35,1003.4330098840325,530.1939823379744,4.286595674572344,1,6,2,1
15.358333333333333,1003.725364697814,532.0045170671937,4.289895006700858,1,6,2,1
15.366666666666667,1002.6683790341915,533.0001125671107,4.222344733238716,1,6,2,1
15.375,1003.3899088706208,533.4193395781298,4.278126750942632,1,6,2,1
15.383333333333333,1003.7126460446157,533.693113806332,4.296519580635087,1,6,2,1
15.391666666666667,1003.9685146601387,533.5556369188097,4.27143610338911,1,6,2,1
15.4,1003.374129286325,533.4765151037636,4.311870952552268,1,6,2,1
15.408333333333333,1002.7940772118194,534.3275464224398,4.331283479912124,1,6,2,1
15.416666666666666,1002.6916862424935,534.8839189134129,4.325565924248673,1,6,2,1
15.425,1002.4239116858937,535.131241707984,4.337519897192843,1,6,2,1
15.433333333333334,1003.1682916031639,534.3500196887143,4.273880761367163,1,6,2,1
15.441666666666666,1002.9793846553497,534.7294158608124,4.3459373920447115,1,6,2,1
15.45,1002.7885672561405,535.5471479415814,4.290352295410928,1,6,2,1
15.458333333333334,1002.7445913489865,535.2421965714215,4.318150372001089,1,6,2,1
15.466666666666667,1002.6649977960471,534.5491153202433,4.246611026262569,1,6,2,1
15.475,1002.16841325767,535.3434685733926,4.237906454316895,1,6,2,1
15.483333333333333,1002.552498030197,535.606960919371,4.296577046423895,1,6,2,1
15.491666666666667,1002.4373550424053,535.1732397048851,4.2426103858853885,1,6,2,1
15.5,1003.860414523979,534.6051377938646,4.275860559685508,1,6,2,1
15.508333333333333,1005.820633297326,533.2304047761297,4.296588583322504,1,6,2,1
15.516666666666667,1006.7898348986276,531.9202137725719,4.25495756820238,1,6,2,1
15.525,1007.1703443159706,532.2891173185253,4.2641713706106295,1,6,2,1
15.533333333333333,1008.3582266071583,533.9347028341764,4.207301698060786,1,6,2,1
15.541666666666666,1006.9792008793007,535.5318230522271,4.2634014610404165,1,6,2,1
15.55,1007.1815690266982,534.457766500094,4.230703214686998,1,6,2,1
15.558333333333334,1006.7655008288034,533.8984917185813,4.196699167226571,1,6,2,1
15.566666666666666,1007.7470069812472,532.282472777869,4.232627472079015,1,6,2,1
15.575,1006.3761719093498,531.729327147343,4.214263790581936,1,6,2,1
15.583333333333334,1005.1046209304285,531.8935443283887,4.218542489871768,1,6,2,1
15.591666666666667,1005.057968239381,531.0439012653009,4.1870143262395,1,6,2,1
15.6,1005.6028692225641,530.8074494327323,4.1615182822831835,1,6,2,1
15.608333333333333,1006.1332225136491,529.6910270602732,4.174018279280324,1,6,2,1
15.616666666666667,1006.8772718873478,529.6896164544679,4.212937713967637,1,6,2,1
15.625,1007.3548366386461,528.3694599232813,4.185320872093295,1,6,2,1
15.633333333333333,1006.0739246317271,529.1994216010186,4.177685157498878,1,6,2,1
15.641666666666667,1006.9180059554517,528.5075814879444,4.167660309469102,1,6,2,1
15.65,1007.6895645410467,529.9870954211874,4.15145909820867,1,6,2,1
15.658333333333333,1008.8662908835234,529.4523173358185,4.165526627269328,1,6,2,1
15.666666666666666,1009.0733475910994,528.2424398132334,4.277181279321906,1,6,2,1
15.675,1008.0948570667342,528.0380145981215,4.13776088866268,1,6,2,1
15.683333333333334,1008.024983640804,528.162933692272,4.181478603016553,1,6,2,1
15.691666666666666,1010.1964251415069,528.6186779804245,4.128556648211033,1,6,2,1
15.7,1010.4396318066049,528.298313982095,4.179656651510163,1,6,2,1
15.708333333333334,1010.79664850666,528.2222498270617,4.188571411238341,1,6,2,1
15.716666666666667,1012.415564082332,527.7930671022765,4.186757270863487,1,6,2,1
15.725,1012.7917312536828,527.2009680440024,4.173981781118922,1,6,2,1
15.733333333333333,1011.9406116695482,525.698148393953,4.180509610287758,1,6,2,1
15.741666666666667,1014.677797796194,525.4556327539254,4.135176018904781,1,6,2,1
15.75,1014.5277679677736,525.1989775988018,4.185437652817702,1,6,2,1
15.758333333333333,1014.8186801056349,525.7378036395734,4.197910834296825,1,6,2,1
15.766666666666667,1015.0129441993976,525.6985522309845,4.178894453191869,1,6,2,1
15.775,1014.3317572722901,527.4807649431178,4.148639960010338,1,6,2,1
15.783333333333333,1014.1684360051303,527.2027283846825,4.195309746153527,1,6,2,1
15.791666666666666,1013.82021895139,527.6226244848993,4.174248636064457,1,6,2,1
15.8,1013.2843127422582,529.2800093689403,4.1854145262347275,1,6,2,1
15.808333333333334,1012.8810359515545,529.3392235964072,4.189272040615983,1,6,2,1
15.816666666666666,1010.7243959248543,528.3713160471834,4.204549865701817,1,6,2,1
15.825,1009.3283310823671,527.8816757865236,4.197918224266328,1,6,2,1
15.833333333333334,1010.3018787519662,527.3313470638086,4.187460417301595,1,6,2,1
15.841666666666667,1010.0595933752156,526.9094648030193,4.1754447112262145,1,6,2,1
15.85,1009.5231641072751,526.7466860742314,4.198008521207594,1,6,2,1
15.858333333333333,1010.1280489256512,525.8086171316678,4.216704828449373,1,6,2,1
15.866666666666667,1010.400839833181,527.6588041980343,4.164248978336948,1,6,2,1
15.875,1010.2380603039712,527.4138557702468,4.202249117279556,1,6,2,1
15.883333333333333,1009.7819239488341,528.1993008294097,4.193500361023492,1,6,2,1
15.891666666666667,1009.7149605316683,528.9305696983175,4.127350528401479,1,6,2,1
15.9,1010.2979398446025,529.0422546512397,4.176128850630057,1,6,2,1
15.908333333333333,1010.1954198676156,529.8225959378474,4.201762463148207,1,6,2,1
15.916666666666666,1011.3277120690929,529.3103227233815,4.225168993141055,1,6,2,1
15.925,1011.8445699087606,529.9006252889158,4.159377835594433,1,6,2,1
15.933333333333334,1012.6884686644233,530.9665179756394,4.253834162509838,1,6,2,1
15.941666666666666,1012.6336594998985,530.7501643694009,4.161588429895196,1,6,2,1
15.95,1012.090250711361,531.8994942640244,4.192492913467942,1,6,2,1
15.958333333333334,1011.5178256439583,531.3810754450213,4.1266552257712386,1,6,2,1
15.966666666666667,1010.9390218174341,531.234500111326,4.199459924836819,1,6,2,1
15.975,1011.4189889644738,531.1110841601231,4.220682202003248,1,6,2,1
15.983333333333333,1010.8153592947486,530.8938022078639,4.125839921270124,1,6,2,1
15.991666666666667,1011.2201512083386,530.9436592222189,4.193655544027634,1,6,2,1
16.0,1010.2262895363593,531.4922732457684,4.230373533959714,1,6,2,1
16.008333333333333,1010.3991137533886,531.024957912822,4.211302085946594,1,6,2,1
16.016666666666666,1010.342860485006,530.1357325412084,4.177623486744203,1,6,2,1
16.025,1009.4497531872198,529.8759521235962,4.175090707904676,1,6,2,1
16.033333333333335,1010.4815867462482,530.1250140801918,4.268686397910129,1,6,2,1
16.041666666666668,1009.3325288451185,531.578217336703,4.149171145589199,1,6,2,1
16.05,1008.606241626639,532.4615168592129,4.202758167293808,1,6,2,1
16.058333333333334,1009.001889511134,533.0382295103874,4.240356427620812,1,6,2,1
16.066666666666666,1008.453116638998,534.2114314332741,4.239064322291782,1,6,2,1
16.075,1009.5624169164554,536.3168265956452,4.176790391488511,1,6,2,1
16.083333333333332,1010.8361047912607,536.1202035430539,4.2743777099136615,1,6,2,1
16.091666666666665,1009.872831413475,535.7140131190077,4.186913195265146,1,6,2,1
16.1,1008.7243736078976,536.6732675829107,4.182895911483504,1,6,2,1
16.108333333333334,1009.698242987213,536.9301874058059,4.237209221512076,1,6,2,1
16.116666666666667,1010.371453270651,537.315838672902,4.177910277154004,1,6,2,1
16.125,1010.9446076017979,537.0501880281008,4.182093033635372,1,6,2,1
16.133333333333333,1012.1932576379138,536.633878551946,4.212102526937658,1,6,2,1
16.141666666666666,1012.980738462053,535.0531254382036,4.224316135236771,1,6,2,1
16.15,1013.2208309420021,533.7324509270538,4.174165970862095,1,6,2,1
16.158333333333335,1013.4657475487893,532.8460646852745,4.250256377369636,1,6,2,1
16.166666666666668,1013.9745912033367,534.0265589923497,4.219587805356042,1,6,2,1
16.175,1014.8898691336678,533.0954178847453,4.186461888395302,1,6,2,1
16.183333333333334,1015.0045236829397,532.8637253119559,4.188454912746734,1,6,2,1
16.191666666666666,1016.2092230983433,532.9921450404472,4.169926428757732,1,6,2,1
16.2,1016.9756878978487,533.9823251150486,4.163940478945489,1,6,2,1
16.208333333333332,1018.2536310745263,533.7657374617908,4.179343710449439,1,6,2,1
16.216666666666665,1016.4380887794207,530.525144414353,4.1500351033934475,1,6,2,1
16.225,1017.5041616922927,529.0361724178863,4.214041149119474,1,6,2,1
16.233333333333334,1017.5294338551864,528.9518182065012,4.187321777349327,1,6,2,1
16.241666666666667,1017.1403796797913,529.1455951258521,4.246661306959297,1,6,2,1
16.25,1016.7722950119233,527.7212079171144,4.1874383813512965,1,6,2,1
16.258333333333333,1015.4924028023694,528.1127544155569,4.2488034223817746,1,6,2,1
16.266666666666666,1014.6763203248632,527.8096675687387,4.211949809547403,1,6,2,1
16.275,1015.0067381101952,527.37307336235,4.230877202700987,1,6,2,1
16.283333333333335,1015.4305203226284,527.264515200744,4.173304742983498,1,6,2,1
16.291666666666668,1015.1993671718477,527.5792259634353,4.220820652980533,1,6,2,1
16.3,1015.8913828642342,527.0584095914395,4.196316618101443,1,6,2,1
16.308333333333334,1016.2839327775766,528.6379676766245,4.182012950689676,1,6,2,1
16.316666666666666,1016.7299982054283,527.5297771619968,4.163781530860763,1,6,2,1
16.325,1016.4901543593528,528.5500513549537,4.181437791354198,1,6,2,1
16.333333333333332,1016.7932908951916,527.5712639970883,4.181300384805162,1,6,2,1
16.341666666666665,1016.6811126263619,528.1472683896627,4.198055326589941,1,6,2,1
16.35,1017.5076999229863,527.1471372843757,4.211274777115271,1,6,2,1
16.358333333333334,1016.7330303574352,527.3627175285371,4.23700505631245,1,6,2,1
16.366666666666667,1016.2983472971752,526.8734136387747,4.237791434543639,1,6,2,1
16.375,1017.9795902118552,528.0925728619028,4.213180463653772,1,6,2,1
16.383333333333333,1016.8733295732897,528.5887070632956,4.259184885519037,1,6,2,1
16.391666666666666,1017.0920550193813,528.7166945056944,4.15603542366824,1,6,2,1
16.4,1017.3416094966362,530.2071027857039,4.207807657852843,1,6,2,1
16.408333333333335,1016.169265139557,530.7754655491366,4.232674880742694,1,6,2,1
16.416666666666668,1015.3738840838108,530.5598235580691,4.181257106768243,1,6,2,1
16.425,1015.6510415376372,530.2357242530072,4.175681994087162,1,6,2,1
16.433333333333334,1015.6033783410013,530.4297217262512,4.2017367111814785,1,6,2,1
16.441666666666666,1016.6364021436503,529.1577265040662,4.22166551836886,1,6,2,1
16.45,1016.7346557762434,528.3364328260818,4.172502530165982,1,6,2,1
16.458333333333332,1016.9129858520784,527.8081290918662,4.252366706596013,1,6,2,1
16.466666666666665,1016.773315301367,526.7772079634964,4.23217321706675,1,6,2,1
16.475,1017.8502819839505,526.3428016532104,4.219633390914919,1,6,2,1
16.483333333333334,1018.842404972744,526.6274505658783,4.217854402997091,1,6,2,1
16.491666666666667,1020.7979043821388,525.2434752112111,4.142804170099326,1,6,2,1
16.5,1020.6172068783651,525.1577274261716,4.154825097233967,1,6,2,1
16.508333333333333,1020.3196718339826,524.8328683344025,4.1831009019138605,1,6,2,1
16.516666666666666,1021.0127361985001,525.0391769339162,4.168949081038097,1,6,2,1
16.525,1020.1076863106899,525.0238987809602,4.207976597310584,1,6,2,1
16.533333333333335,1019.3124425443212,525.1698373798306,4.181299669578393,1,6,2,1
16.541666666666668,1019.6736021623043,523.4724787984933,4.189085476426466,1,6,2,1
16.55,1019.1620115907305,523.7847690287599,4.166226475853508,1,6,2,1
16.558333333333334,1020.007684415534,523.5479625454116,4.214150474769185,1,6,2,1
16.566666666666666,1019.3348692931816,523.8180246977687,4.256974426620117,1,6,2,1
16.575,1019.5891347239802,524.3378031161826,4.175328992874758,1,6,2,1
16.583333333333332,1020.4972188765352,525.6747043851436,4.200706256886728,1,6,2,1
16.591666666666665,1019.3718733175883,525.0095070771428,4.160926036374766,1,6,2,1
16.6,1017.8993921752523,524.993067320637,4.190729854685323,1,6,2,1
16.608333333333334,1018.565727145803,527.2534795162413,4.217205131840786,1,6,2,1
16.616666666666667,1019.204930622913,526.2315896858044,4.155790018390742,1,6,2,1
16.625,1020.8552993300198,526.0410122440281,4.111619956288721,1,6,2,1
16.633333333333333,1019.9422678607134,526.3661230402776,4.220879493818536,1,6,2,1
16.641666666666666,1017.8425461668791,526.3841647000006,4.160078197710613,1,6,2,1
16.65,1016.4541064038256,526.8335838514246,4.108150267625573,1,6,2,1
16.658333333333335,1017.0839915272586,525.884157065081,4.187274253357035,1,6,2,1
16.666666666666668,1017.304098169551,526.0726331393673,4.210394193470981,1,6,2,1
16.675,1017.3944560891398,526.9383450195584,4.241030024707388,1,6,2,1
16.683333333333334,1017.9214341496662,526.7637220435587,4.1825344134875655,1,6,2,1
16.691666666666666,1018.069339950026,524.8808521817796,4.150037572191943,1,6,2,1
16.7,1018.3509308869916,524.0942257870308,4.138959063650757,1,6,2,1
16.708333333333332,,,,0,6,2,1
16.716666666666665,,,,0,6,2,1
16.725,,,,0,6,2,1
16.733333333333334,,,,0,6,2,1
16.741666666666667,,,,0,6,2,1
16.75,,,,0,6,2,1
16.758333333333333,,,,0,6,2,1
16.766666666666666,,,,0,6,2,1
16.775,,,,0,6,2,1
16.783333333333335,1012.8075664406792,526.2820674882953,4.151462153160027,1,6,2,1
16.791666666666668,1013.0130418733524,525.800138112785,4.178489178766939,1,6,2,1
16.8,1012.4191142993249,527.061676401994,4.181621020486006,1,6,2,1
16.808333333333334,1011.9967053428782,526.251818782336,4.154340282380777,1,6,2,1
16.816666666666666,582.2619261586549,503.7550242496498,4.11517913777699,1,6,2,1
16.825,581.8668048318109,504.1274582186923,4.155320251527998,1,6,2,1
16.833333333333332,1010.5022219069066,524.7648319273991,4.192683922776292,1,6,2,1
16.841666666666665,1009.6821265461482,525.0946379377305,4.174267671089925,1,6,2,1
16.85,1010.2807625057922,525.946419598969,4.177556286796314,1,6,2,1
16.858333333333334,1011.0596223173594,524.7324485123902,4.166601340100419,1,6,2,1
16.866666666666667,1011.0525744672839,525.0581933349849,4.164100367277269,1,6,2,1
16.875,1010.5254237337206,524.7558562066429,4.178363201990933,1,6,2,1
16.883333333333333,1009.4808606571842,523.7168621331969,4.172364302919895,1,6,2,1
16.891666666666666,1009.8888348720764,523.7169110807864,4.1474451366533085,1,6,2,1
16.9,1010.223018564142,523.8180709965831,4.193624581315957,1,6,2,1
16.908333333333335,1008.3641715556839,522.7367047150902,4.197282141044475,1,6,2,1
16.916666666666668,1007.5089159580391,523.0299892728489,4.171557689729074,1,6,2,1
16.925,1006.4604318018389,523.4641243426614,4.147568393802597,1,6,2,1
16.933333333333334,1005.5543911846427,524.3970200879554,4.1619766926931145,1,6,2,1
16.941666666666666,1005.7440718434274,523.8659751777473,4.206680652653649,1,6,2,1
16.95,1005.9836649977702,524.9976279547124,4.216042023273783,1,6,2,1
16.958333333333332,1005.2685089418284,525.6159263867678,4.180191782827045,1,6,2,1
16.966666666666665,1005.2805318452065,526.9400258383707,4.181636993646393,1,6,2,1
16.975,1005.8542857825139,527.7272336844433,4.1317162906993525,1,6,2,1
16.983333333333334,1005.1097047442101,527.9058802664277,4.179907358636528,1,6,2,1
16.991666666666667,1004.5920114710849,527.997174436294,4.138822231568299,1,6,2,1
17.0,1004.5778227753698,528.365960325764,4.183636550177345,1,6,2,1
17.008333333333333,1005.664867313379,528.799274970085,4.180148147854698,1,6,2,1
17.016666666666666,1007.2056225855811,528.0001953232148,4.168525183395337,1,6,2,1
17.025,1007.4142742002686,527.6564604557301,4.152034155003375,1,6,2,1
17.033333333333335,1004.8852975685143,526.6845578363626,4.174425856657057,1,6,2,1
17.041666666666668,1003.4423985645413,527.7253766983785,4.214703555410115,1,6,2,1
17.05,1003.3529144976695,527.2186898147851,4.1151765558084685,1,6,2,1
17.058333333333334,1002.8925668996542,527.6323458909725,4.123551284589718,1,6,2,1
17.066666666666666,1002.7320887813164,528.5535127180916,4.154105958434555,1,6,2,1
17.075,1003.538636893923,527.1567122446097,4.164345773644443,1,6,2,1
17.083333333333332,1005.5131597920428,526.9435496045841,4.146454785912254,1,6,2,1
17.091666666666665,1006.6723299062921,526.1104668579408,4.180180715611714,1,6,2,1
17.1,1006.4877674728123,525.6153795114916,4.169134352837001,1,6,2,1
17.108333333333334,1006.6687657176591,526.3869497109047,4.170539721235506,1,6,2,1
17.116666666666667,1006.4921423747587,525.7375488869795,4.136254442759689,1,6,2,1
17.125,1005.116769677094,526.644748642715,4.176975111815562,1,6,2,1
17.133333333333333,1005.0638661747764,525.3453169117796,4.125119317288735,1,6,2,1
17.141666666666666,1004.5903916878284,525.647341266321,4.15558955225,1,6,2,1
17.15,1004.1965640608639,525.8140259553376,4.106312878106796,1,6,2,1
17.158333333333335,1004.5375959882673,523.9849745388594,4.145390948605379,1,6,2,1
17.166666666666668,1002.6519248319223,523.2701760597214,4.120482795891471,1,6,2,1
17.175,1003.7408976056486,523.6093811543051,4.12174133368265,1,6,2,1
17.183333333333334,1002.5804139129928,522.888496877568,4.1226526604709,1,6,2,1
17.191666666666666,1002.8492241357524,522.6281319208396,4.086916242490414,1,6,2,1
17.2,1003.2752636043256,521.8289589079568,4.123802200577278,1,6,2,1
17.208333333333332,1003.9445742661923,521.2218538090957,4.1147746093294035,1,6,2,1
17.216666666666665,1003.1797253532483,520.6385620001167,4.120588174977193,1,6,2,1
17.225,1001.7065193329261,520.3230897363483,4.16552463641618,1,6,2,1
17.233333333333334,1002.2944158074464,520.6262759170655,4.104787025981562,1,6,2,1
17.241666666666667,1001.8054932278877,520.4626321093097,4.1213087362825975,1,6,2,1
17.25,1002.0450500211183,520.6825548815146,4.105358181726284,1,6,2,1
17.258333333333333,1002.6808185220046,520.289689891528,4.149735893299301,1,6,2,1
17.266666666666666,1003.1889828402145,519.921147990355,4.125131511386772,1,6,2,1
17.275,1003.6303583128242,519.5887196652141,4.155618035768019,1,6,2,1
17.283333333333335,1004.7955110110729,519.5090081954284,4.133747282725255,1,6,2,1
17.291666666666668,1004.442555897656,520.8200080707115,4.140776108413431,1,6,2,1
17.3,1003.6274673621513,520.638335644795,4.1846691531805735,1,6,2,1
17.308333333333334,1002.1450485696005,519.8899565522514,4.128467540588485,1,6,2,1
17.316666666666666,1003.3072006163048,520.0602961371202,4.158442471238236,1,6,2,1
17.325,1004.239672106916,520.6409505739751,4.07217862943496,1,6,2,1
17.333333333333332,1003.732355688511,520.414658798652,4.155567561970615,1,6,2,1
17.341666666666665,1004.314477247733,520.3194989625788,4.1053495105686775,1,6,2,1
17.35,1003.4117938143494,519.763585623807,4.157704441816046,1,6,2,1
17.358333333333334,1003.6019032129789,518.1139548228278,4.149235666956159,1,6,2,1
17.366666666666667,1003.32178669754,517.0045263901237,4.1137195594979055,1,6,2,1
17.375,1002.3624559015867,516.7851893951432,4.085066541534625,1,6,2,1
17.383333333333333,1001.4205072855535,516.1147519541462,4.100352723881294,1,6,2,1
17.391666666666666,1001.2031144542316,515.5886218613821,4.150580693581258,1,6,2,1
17.4,1000.6571439005859,515.8581100258149,4.104067112811492,1,6,2,1
17.408333333333335,1001.150589484184,516.6897409133016,4.060002158119681,1,6,2,1
17.416666666666668,1000.4306915047976,517.4607813023136,4.110815738113101,1,6,2,1
17.425,1000.2864243787352,516.6156958917086,4.149219603143317,1,6,2,1
17.433333333333334,999.3234043653337,518.0376754091365,4.111255158625356,1,6,2,1
17.441666666666666,999.435464339861,516.8357259955409,4.141600178103217,1,6,2,1
17.45,999.1684201458038,516.3487657632703,4.055437452716491,1,6,2,1
17.458333333333332,999.0447113530025,515.4722478457948,4.1133415343239195,1,6,2,1
17.466666666666665,999.9772818672453,516.9962149942613,4.135758729574151,1,6,2,1
17.475,999.0277491052193,517.1390061797673,4.149236350767074,1,6,2,1
17.483333333333334,1000.2532903606852,516.9941913293416,4.106123009024703,1,6,2,1
17.491666666666667,1000.9194239957403,517.2472109966197,4.077652974520489,1,6,2,1
17.5,999.9849402580255,515.2704029088969,4.07469784559574,1,6,2,1
17.508333333333333,1000.4694026668515,515.9214781835581,4.052248678563026,1,6,2,1
17.516666666666666,999.8723942572664,516.9873792653175,4.107064144865103,1,6,2,1
17.525,1000.4234811302993,517.7651923443901,4.1130854788513025,1,6,2,1
17.533333333333335,1001.4759100577451,518.0385164720293,4.069112934329876,1,6,2,1
17.541666666666668,1001.2404430303324,518.7283583208159,4.122535446891498,1,6,2,1
17.55,1001.3241604629715,518.4322844486638,4.064871508813552,1,6,2,1
17.558333333333334,1000.5992774270983,518.4440783316725,4.079283767979181,1,6,2,1
17.566666666666666,1000.3793536746099,518.1265321458553,4.082515235077938,1,6,2,1
17.575,1000.4571768305955,517.8081677506033,4.076017437293646,1,6,2,1
17.583333333333332,999.9575804929722,518.5733103640172,4.085171007263582,1,6,2,1
17.591666666666665,1000.252999852556,518.3170705706166,4.123929735735582,1,6,2,1
17.6,1001.2475294708961,518.0933855769555,4.093850934372274,1,6,2,1
17.608333333333334,1001.4727218072646,517.6495193551885,4.042879100556556,1,6,2,1
17.616666666666667,1000.6188233949247,518.8555725808219,4.114740723500582,1,6,2,1
17.625,1001.5566418651807,518.116189573469,4.083654042579264,1,6,2,1
17.633333333333333,1000.1228232915452,517.9574479583725,4.07762955395682,1,6,2,1
17.641666666666666,1000.5980349573849,518.485161121042,4.049244683377805,1,6,2,1
17.65,1000.7690046315494,518.8332718711215,4.088028013123639,1,6,2,1
17.658333333333335,1000.9661684047778,518.9256814963749,4.085201298481856,1,6,2,1
17.666666666666668,1001.5796420781837,518.2865314465253,4.094439741508137,1,6,2,1
17.675,1002.6539192537684,516.9373948197081,4.042760788465814,1,6,2,1
17.683333333333334,1001.7665004709344,517.1109938723874,4.08990929447642,1,6,2,1
17.691666666666666,1001.262080911515,517.304334236836,4.031104017449513,1,6,2,1
17.7,1000.4126896854013,516.7304232473167,4.010748957303322,1,6,2,1
17.708333333333332,1000.1710265054584,517.1818993556493,4.042159726617808,1,6,2,1
17.716666666666665,759.7286443109765,454.8080298592232,4.002798968520124,1,6,2,1
17.725,760.0579649197487,455.10313988014843,4.069510566815677,1,6,2,1
17.733333333333334,997.9310915598234,516.0363739515341,4.089878088653412,1,6,2,1
17.741666666666667,997.8164447996504,517.2481851025733,4.108224398150015,1,6,2,1
17.75,997.9964996936862,517.6767052417052,4.053753583604263,1,6,2,1
17.758333333333333,998.2347713934481,518.1722401498638,4.0191165489858,1,6,2,1
17.766666666666666,999.7465553563527,517.7349647645605,4.101971738165057,1,6,2,1
17.775,1000.7976080420304,518.196642171336,4.039147202006879,1,6,2,1
17.783333333333335,1000.4044842884629,517.8360794690537,4.089441587948164,1,6,2,1
17.791666666666668,1000.6553167226821,517.3744110131406,4.071223384201227,1,6,2,1
17.8,1001.2697810106655,519.622688082963,4.036075013284353,1,6,2,1
17.808333333333334,1002.7433266681402,519.4156712151089,4.039536893864987,1,6,2,1
17.816666666666666,1001.5911661069481,520.1577373137375,4.0428932462265195,1,6,2,1
17.825,1001.1219565274876,519.9414318552654,3.997951939807099,1,6,2,1
17.833333333333332,1002.7534114225164,521.3844671437291,4.031828951698516,1,6,2,1
17.841666666666665,1002.586151489723,520.7816598488421,4.033329952513582,1,6,2,1
17.85,1001.9388965731418,520.707478453703,4.011008323908778,1,6,2,1
17.858333333333334,1003.6473125541103,520.3649762640575,4.04830923851401,1,6,2,1
17.866666666666667,1003.6030755364757,519.1912380867842,4.030930825417103,1,6,2,1
17.875,1002.5710678034592,519.2204735676022,4.018123707098662,1,6,2,1
17.883333333333333,1003.4671376401034,519.249775447301,4.044219014008682,1,6,2,1
17.891666666666666,1003.7498402339589,519.0807741884462,4.059894984032115,1,6,2,1
17.9,1005.1020617766758,519.6425667056931,4.0872166212172685,1,6,2,1
17.908333333333335,1005.8923172815558,519.5980027963573,4.016462964454368,1,6,2,1
17.916666666666668,1005.4783421843562,518.6225042169415,4.053758194075144,1,6,2,1
17.925,1004.1623467887131,518.0642057633365,4.080425749484281,1,6,2,1
17.933333333333334,1004.1177364819164,517.5856293657816,4.015043054757518,1,6,2,1
17.941666666666666,1004.6304493327025,518.5813611573165,4.034801853074393,1,6,2,1
17.95,1004.1862139249343,518.1683499187955,4.062835698458593,1,6,2,1
17.958333333333332,1003.296177963008,519.7761816390199,4.063073081342841,1,6,2,1
17.966666666666665,1003.2836871155325,519.4916815055506,4.040220757786824,1,6,2,1
17.975,1003.8254982812707,520.4613333796744,4.052321293179282,1,6,2,1
17.983333333333334,1004.7193504362461,521.0766740916865,4.036241273515171,1,6,2,1
17.991666666666667,961.9850923396824,49.83914840572197,4.087891970827923,1,6,2,1
18.0,962.1569113525383,48.895741763821206,4.007534346696867,1,6,2,1
18.008333333333333,1004.6224622632782,518.6958580154801,4.054232727199922,1,6,2,1
18.016666666666666,1004.2812248879886,517.6937315437159,4.077721551151028,1,6,2,1
18.025,1004.2275322592642,515.9833517160703,4.082471413718264,1,6,2,1
18.033333333333335,1004.4409208641056,516.089504428703,4.0687126483460325,1,6,2,1
18.041666666666668,1004.8593690500737,516.7564669338215,4.014601022772094,1,6,2,1
18.05,1005.8740882279747,516.8594912173564,4.104309791059241,1,6,2,1
18.058333333333334,1006.0157613833248,517.450679180689,4.075263499806613,1,6,2,1
18.066666666666666,1005.4182446766998,517.6842606465221,4.082332623499293,1,6,2,1
18.075,1004.094202588306,518.9062885049813,4.006042471390857,1,6,2,1
18.083333333333332,1004.1044595514098,517.8926871837238,4.037746263116155,1,6,2,1
18.091666666666665,1003.4674866539281,517.8233467328462,4.051489579770401,1,6,2,1
18.1,1004.1228770508121,518.2813764631798,4.107888100723259,1,6,2,1
18.108333333333334,1004.1286128524234,517.8849310702811,4.10072978019454,1,6,2,1
18.116666666666667,1004.4268570479999,518.4698001359839,4.084872827097624,1,6,2,1
18.125,1003.8557758632875,518.5811418586405,4.00859502043897,1,6,2,1
18.133333333333333,1004.2722032546351,518.6066391337375,4.030355510451488,1,6,2,1
18.141666666666666,1004.5376738317641,516.4063516196468,4.041607765845857,1,6,2,1
18.15,1005.0196010799456,516.360311532881,4.104533446916804,1,6,2,1
18.158333333333335,1003.8853100533505,517.4215403862971,4.076247382149158,1,6,2,1
18.166666666666668,1003.5492306429243,516.7275653841685,4.050988673180527,1,6,2,1
18.175,1003.3082334020129,516.2970203857052,4.023293557246619,1,6,2,1
18.183333333333334,1003.8613069126005,515.6020686019341,4.029641606714378,1,6,2,1
18.191666666666666,1003.1724522838571,514.9281468198473,4.0634078632954305,1,6,2,1
18.2,1003.4599213746488,513.6680469767065,4.084452450739723,1,6,2,1
18.208333333333332,1003.5776273354578,514.0914915776843,4.0316214211212085,1,6,2,1
18.216666666666665,1003.7339134601357,512.036386238376,4.029491393771809,1,6,2,1
18.225,1004.0781214660444,510.8805152794022,4.015655870468002,1,6,2,1
18.233333333333334,1003.8923030535589,510.80283621401543,4.020481097643124,1,6,2,1
18.241666666666667,1003.9713982447645,511.03725742034624,4.021954798905497,1,6,2,1
18.25,1003.6754637173173,511.01056518376294,4.0202355380715185,1,6,2,1
18.258333333333333,1003.3063380892717,511.63682591424185,4.0559296546667705,1,6,2,1
18.266666666666666,1003.5369339098621,511.5528081745393,4.021412741903887,1,6,2,1
18.275,1002.4929219834702,510.7150384784532,4.033125926005591,1,6,2,1
18.283333333333335,1002.5726460995768,512.2167170798626,4.024191232950321,1,6,2,1
18.291666666666668,1002.3844509363114,510.7251650472929,4.036287455030462,1,6,2,1
18.3,1002.1367866022401,510.769861277701,3.966342887540453,1,6,2,1
18.308333333333334,1002.5360768864043,510.3816734584989,4.028191193675146,1,6,2,1
18.316666666666666,1003.987668584077,510.7668200751135,3.9976619373856956,1,6,2,1
18.325,1002.5924695323074,510.95566031092625,4.0490505904727705,1,6,2,1
18.333333333333332,1001.4133599610408,511.60419144323544,3.9851802275194137,1,6,2,1
18.341666666666665,1001.0403295178523,511.1601083375015,4.042986933984077,1,6,2,1
18.35,1001.0656827906109,511.2918739419114,4.015554143129296,1,6,2,1
18.358333333333334,1001.1974992041089,511.66889495004335,3.9996665385476033,1,6,2,1
18.366666666666667,1001.5493327307141,512.1464762770008,4.031110596921527,1,6,2,1
18.375,1001.582339658028,512.141064546342,3.983580763570822,1,6,2,1
18.383333333333333,1001.4157211129668,512.8748219900467,4.034528504724666,1,6,2,1
18.391666666666666,1001.0866716750608,512.8443712627295,4.019499644183238,1,6,2,1
18.4,1000.8578770987015,513.476596111785,4.01188050686334,1,6,2,1
18.408333333333335,1001.2743184103771,514.2962145361406,4.00427143247015,1,6,2,1
18.416666666666668,1001.645848022583,514.6036533181483,4.023659569071201,1,6,2,1
18.425,1000.7671901101609,515.5125877426088,3.95692625178459,1,6,2,1
18.433333333333334,1001.0261424271579,515.232710650958,4.010095979451874,1,6,2,1
18.441666666666666,999.70657172144,514.6455147534384,4.020738008167865,1,6,2,1
18.45,999.1444658332358,513.3436428662776,4.003192053477171,1,6,2,1
18.458333333333332,999.0869837272858,512.5963555265569,3.970674421774686,1,6,2,1
18.466666666666665,1000.1057726019665,510.39943491116816,4.038523060050773,1,6,2,1
18.475,998.6671010989659,511.79977715561057,3.9952937408956384,1,6,2,1
18.483333333333334,1000.0469218808345,511.63785645103826,4.061858174126841,1,6,2,1
18.491666666666667,1000.4770669092591,510.9749985317126,3.9707397321634232,1,6,2,1
18.5,999.7566188286271,510.8947054841638,3.9634169064432236,1,6,2,1
18.508333333333333,1000.0292312307243,510.26040632806166,3.9861304984676145,1,6,2,1
18.516666666666666,998.6772700076823,510.21757975983337,4.007809833985856,1,6,2,1
18.525,999.4578438133794,510.05444716064295,4.005094552579896,1,6,2,1
18.533333333333335,1000.3123375765015,509.3013448826565,3.9677823717537994,1,6,2,1
18.541666666666668,999.5882102583533,509.1956075805971,4.011307664870228,1,6,2,1
18.55,998.9303742121981,509.7077741788929,4.021239557822505,1,6,2,1
18.558333333333334,999.4404431720861,510.397891313603,4.0242876864504655,1,6,2,1
18.566666666666666,998.5375111373089,509.97393483137483,3.999018717577123,1,6,2,1
18.575,997.2977088773268,510.421139060738,4.044832209676827,1,6,2,1
18.583333333333332,996.6252351774341,509.7154804899607,3.975039254560896,1,6,2,1
18.591666666666665,995.3051657083029,509.5858696836307,4.016280929249785,1,6,2,1
18.6,996.0212985303482,508.17244416744825,4.042052411108664,1,6,2,1
18.608333333333334,995.4954776152659,508.16743831772527,3.9857690932288268,1,6,2,1
18.616666666666667,995.7291138954454,508.20806566983185,3.9931543546677957,1,6,2,1
18.625,996.180161507997,509.32026222050104,3.9944512880667933,1,6,2,1
18.633333333333333,994.7373003511659,508.2716007944846,3.996089938520069,1,6,2,1
18.641666666666666,994.3983338790292,507.58344173484767,4.040506540794754,1,6,2,1
18.65,994.6291975726677,507.5679308698024,4.065617799968257,1,6,2,1
18.658333333333335,994.2415183720453,506.38960104459875,3.969101171438477,1,6,2,1
18.666666666666668,993.6822992584379,506.10480064984046,3.969014124117512,1,6,2,1
18.675,993.8411185943771,506.5691874523502,3.9983703119718648,1,6,2,1
18.683333333333334,993.9958128461751,506.7020502539903,3.9938855480733735,1,6,2,1
18.691666666666666,994.9997700657558,506.1938757044478,4.027572033801808,1,6,2,1
18.7,995.4187151683267,506.1248191439199,3.946306917843128,1,6,2,1
18.708333333333332,994.4861576210764,505.8975485549859,3.9719382107244794,1,6,2,1
18.716666666666665,993.2315846276178,506.93280636345975,4.021004517406417,1,6,2,1
18.725,992.5781254573833,507.4560140490309,3.93519758966975,1,6,2,1
18.733333333333334,993.2114548413825,507.4881332410988,4.038861021069933,1,6,2,1
18.741666666666667,992.2835164331294,508.0465133592001,3.981502811477856,1,6,2,1
18.75,991.1579086172941,508.54353543059517,4.03863999203972,1,6,2,1
18.758333333333333,991.1752961614706,507.81891237813545,3.9857880009084647,1,6,2,1
18.766666666666666,991.9243147812647,507.49802102634703,3.9650796969736,1,6,2,1
18.775,991.7624544202973,508.63007016763606,4.014263081493196,1,6,2,1
18.783333333333335,991.874256208867,508.624415092566,4.042409202783379,1,6,2,1
18.791666666666668,990.9126370446047,509.1980133016011,3.977071559702225,1,6,2,1
18.8,991.4674399954505,508.91885007355984,4.0190000750816415,1,6,2,1
18.808333333333334,991.7026033146666,508.23518978963807,3.984914132548364,1,6,2,1
18.816666666666666,498.34076350669477,361.22445615463374,3.995394068205714,1,6,2,1
18.825,498.3237131116192,362.4205676363426,3.9816582912615126,1,6,2,1
18.833333333333332,990.9965226566658,508.18876086811076,3.995377418614047,1,6,2,1
18.841666666666665,991.9555656340104,507.4003232140705,4.033747444253136,1,6,2,1
18.85,992.6317122013985,508.65933806469224,3.9295668097404683,1,6,2,1
18.858333333333334,992.8917779533093,509.59273407448364,4.024603297873117,1,6,2,1
18.866666666666667,992.9830195136786,510.1030128273109,4.032840279764274,1,6,2,1
18.875,993.1705072130685,509.44675202024627,3.943981665918412,1,6,2,1
18.883333333333333,993.426384938286,509.42775718495585,4.017892163131943,1,6,2,1
18.891666666666666,992.8615283196526,510.1249713639492,4.072998224846716,1,6,2,1
18.9,992.699925004593,510.20040205621194,4.016029030997884,1,6,2,1
18.908333333333335,991.0970599578806,510.32343129087525,4.017133249366296,1,6,2,1
18.916666666666668,990.5482318165068,509.97347000960406,3.9746661695003747,1,6,2,1
18.925,989.3549063281756,510.3393321799426,3.945253200394427,1,6,2,1
18.933333333333334,989.5983978192929,509.6813577358506,4.029989713625767,1,6,2,1
18.941666666666666,989.6775625074333,508.8983298117954,4.042497356462979,1,6,2,1
18.95,989.3517015937975,508.29792819272285,4.0204802861434645,1,6,2,1
18.958333333333332,990.095228929389,508.03711470031993,4.018065312578355,1,6,2,1
18.966666666666665,991.9163803879899,508.2950718207891,4.066261925317891,1,6,2,1
18.975,992.0923612212763,507.588762795371,4.0247790263051595,1,6,2,1
18.983333333333334,992.5385027838571,507.03090401289967,4.041955975749918,1,6,2,1
18.991666666666667,993.2280683732854,505.24899603840015,4.010954646997579,1,6,2,1
19.0,993.5164785153506,505.3800305479401,3.9962773929080386,1,6,2,1
19.008333333333333,993.297594620976,505.3952774034698,4.03607684704147,1,6,2,1
19.016666666666666,993.3236051923744,505.2127455616666,3.9980698308947513,1,6,2,1
19.025,993.7428401328434,505.8477385308878,4.057832360953005,1,6,2,1
19.033333333333335,994.8970169877866,505.76770034970673,3.967184358839531,1,6,2,1
19.041666666666668,993.9158774193289,505.61680192187396,3.990870892933578,1,6,2,1
19.05,993.4037967469765,504.9853968797045,4.039404662431872,1,6,2,1
19.058333333333334,993.8739039831396,504.59782146438926,3.9712590444541016,1,6,2,1
19.066666666666666,993.4322618745977,505.7616573240749,4.011688519389601,1,6,2,1
19.075,992.9392918193778,504.50678933332773,3.9921498411824743,1,6,2,1
19.083333333333332,993.2581897506533,504.9397584108378,4.007118801483707,1,6,2,1
19.091666666666665,992.6167451111087,504.8026343934227,4.012310441337252,1,6,2,1
19.1,992.305783730149,506.19147098055157,3.993402162676501,1,6,2,1
19.108333333333334,991.8236195234649,507.45695693098713,4.031564287466935,1,6,2,1
19.116666666666667,991.5770170167358,508.27793386434416,3.974946193481925,1,6,2,1
19.125,991.2921811008838,508.89202551696235,4.001105697626538,1,6,2,1
19.133333333333333,1503.5729372513156,408.93272562448703,4.104594378171273,1,6,2,1
19.141666666666666,1504.116162642284,409.16627434296953,3.9976578435498134,1,6,2,1
19.15,990.8364084391985,509.20241001991286,4.044207050002344,1,6,2,1
19.158333333333335,989.3846111380366,509.45698870738073,3.987013827376086,1,6,2,1
19.166666666666668,990.1761579354985,508.2844138258112,3.98065676041543,1,6,2,1
19.175,990.1806917593331,507.6557680497059,4.000452568448679,1,6,2,1
19.183333333333334,989.9575671138555,506.9946421889099,4.012908859382969,1,6,2,1
19.191666666666666,989.5000012904901,506.7699062902705,4.0472056376678305,1,6,2,1
19.2,990.2182486713763,507.2134139548762,4.00278918467395,1,6,2,1
19.208333333333332,990.6432964997856,507.18879303053683,4.02703352031212,1,6,2,1
19.216666666666665,989.898718296631,506.7814226385895,4.004324413922042,1,6,2,1
19.225,990.6103766328741,507.36413750345946,4.037405123096371,1,6,2,1
19.233333333333334,989.8801888936378,506.16719602652756,4.042209477397474,1,6,2,1
19.241666666666667,988.699215847436,507.17231166361046,3.974258843703815,1,6,2,1
19.25,987.6001585974894,505.77173961331965,4.079430661032209,1,6,2,1
19.258333333333333,988.4264211020825,507.23690165717306,4.046127445118143,1,6,2,1
19.266666666666666,988.881967859393,506.52979606058983,4.025075300754268,1,6,2,1
19.275,989.1888786773227,506.3065693841427,4.027526040110459,1,6,2,1
19.283333333333335,989.0007264928013,506.4561986715439,3.973228209033904,1,6,2,1
19.291666666666668,988.7892265969671,507.0700076317764,3.999784218084357,1,6,2,1
19.3,988.7803736206333,506.96758897884644,4.002412779072188,1,6,2,1
19.308333333333334,988.3307421579215,506.9872388903373,4.026200088778837,1,6,2,1
19.316666666666666,987.7638571227506,507.5640866810051,3.9947881422037566,1,6,2,1
19.325,988.177628077666,506.4448412110147,4.0181997259905975,1,6,2,1
19.333333333333332,989.5490406870294,505.9235330787108,4.047822349953138,1,6,2,1
19.341666666666665,987.8438034919011,505.8062766758861,3.990911290110484,1,6,2,1
19.35,987.766540178566,504.7112936201859,4.005428190615132,1,6,2,1
19.358333333333334,987.0322689465096,506.03373304356614,4.0345074664441185,1,6,2,1
19.366666666666667,986.5610725014176,505.5478517859316,4.012459937137659,1,6,2,1
19.375,985.9144948217576,505.4942437046497,3.979189681162176,1,6,2,1
19.383333333333333,986.1073412382914,504.8511148366285,4.044388433688705,1,6,2,1
19.391666666666666,986.4303141468096,505.4414069089026,4.048704479151752,1,6,2,1
19.4,987.3048344011402,506.56529566129393,4.034437524636147,1,6,2,1
19.408333333333335,988.8439499362003,506.65678260351166,3.9951948157615673,1,6,2,1
19.416666666666668,988.5886597387351,506.21639999110386,4.023342274896236,1,6,2,1
19.425,988.4755251876853,506.15735154535724,4.054857735902176,1,6,2,1
19.433333333333334,989.7186957997537,505.73782533801295,4.02453923460502,1,6,2,1
19.441666666666666,990.1864712184804,507.6241873721004,4.050744162270533,1,6,2,1
19.45,990.373848418539,506.56618483588414,4.051233140691827,1,6,2,1
19.458333333333332,990.8530771654817,507.5803450994491,4.066034098720982,1,6,2,1
19.466666666666665,991.1597884035443,507.65577489685637,4.04713643419434,1,6,2,1
19.475,990.1263752025502,509.17601000360446,4.0158760766505965,1,6,2,1
19.483333333333334,991.1253922620107,508.86336082517164,4.095093954422017,1,6,2,1
19.491666666666667,991.2348105238956,508.99665377466766,3.9970776067267777,1,6,2,1
19.5,989.7493171566759,508.561012954741,4.057539654031572,1,6,2,1
19.508333333333333,989.9683755182486,509.0144714677595,4.013609398063231,1,6,2,1
19.516666666666666,991.7326555617569,506.51361624010264,4.018994846554832,1,6,2,1
19.525,991.7633713120948,506.69000936693374,4.1047902851998685,1,6,2,1
19.533333333333335,992.6333832424217,508.1892024022001,4.00105347476976,1,6,2,1
19.541666666666668,992.9942234530736,509.4167472930694,4.050324575059183,1,6,2,1
19.55,993.7411065162149,509.0423434184804,4.078158090329048,1,6,2,1
19.558333333333334,993.749712878678,509.20724963567534,4.034520790910954,1,6,2,1
19.566666666666666,993.9216675199559,508.1044789181799,4.024596379413054,1,6,2,1
19.575,992.6140557576095,508.7801410887808,4.083003987995716,1,6,2,1
19.583333333333332,993.171845930128,509.67864540195103,4.041111774768434,1,6,2,1
19.591666666666665,994.336704219474,509.62955836121034,4.085696356015154,1,6,2,1
19.6,995.5626961129881,508.1419180758067,4.05994369678095,1,6,2,1
19.608333333333334,996.4382283797015,507.523671628173,4.044899451472473,1,6,2,1
19.616666666666667,994.8582559427923,507.7126447967666,4.074117025957689,1,6,2,1
19.625,994.2026076298735,508.60755878362795,4.076135801278911,1,6,2,1
19.633333333333333,992.907657620099,509.11327170841923,3.9688700585974566,1,6,2,1
19.641666666666666,993.320023410281,507.88751641557656,4.095015284799949,1,6,2,1
19.65,471.74716135366145,640.7400799084578,4.072834093449554,1,6,2,1
19.658333333333335,471.58957277932234,641.0547664841795,4.049099998928198,1,6,2,1
19.666666666666668,992.0375114055349,506.40243023551005,4.072686772993078,1,6,2,1
19.675,992.1975053241637,505.75645343081175,4.028877729842627,1,6,2,1
19.683333333333334,992.770808231508,506.8974899220655,4.027419303469022,1,6,2,1
19.691666666666666,991.8361166731147,506.7210569354476,4.094706405199044,1,6,2,1
19.7,991.986481218645,506.1318453014099,4.045774152419453,1,6,2,1
19.708333333333332,991.1383519642991,505.55078901311003,4.069957111541455,1,6,2,1
19.716666666666665,992.0931943495174,505.3412131402804,4.0835115191690186,1,6,2,1
19.725,991.9926849341639,505.1908652337683,4.081407925649609,1,6,2,1
19.733333333333334,991.8697876084167,505.96015916416786,4.124236310402944,1,6,2,1
19.741666666666667,993.1227182554843,506.6975867740839,4.089565218661698,1,6,2,1
19.75,992.7675930619456,506.11330694890626,4.065059601648524,1,6,2,1
19.758333333333333,992.639497332192,505.51376657075565,4.138025589816585,1,6,2,1
19.766666666666666,991.0369613889029,505.0655732602206,4.033659263389708,1,6,2,1
19.775,991.8025468586904,506.9918094539853,4.084875481925759,1,6,2,1
19.783333333333335,992.0130504023255,508.03199058807184,4.116444619915529,1,6,2,1
19.791666666666668,992.3880318820685,507.2616361555298,4.068862783560609,1,6,2,1
19.8,992.2598346699126,506.9316533930183,4.067148210084341,1,6,2,1
19.808333333333334,992.2317436642571,508.4270674473803,4.04391004308429,1,6,2,1
19.816666666666666,991.3539535219934,509.88126106535094,4.03686850408477,1,6,2,1
19.825,991.7300211273649,509.6584385438061,4.088634591324335,1,6,2,1
19.833333333333332,991.9571263401093,509.0293608137721,4.083177428770777,1,6,2,1
19.841666666666665,993.4323856807981,509.78271364545276,4.148238513773993,1,6,2,1
19.85,994.0219860771015,510.3893004600542,4.056145813067141,1,6,2,1
19.858333333333334,995.003816270479,509.9613237547022,4.005006994096922,1,6,2,1
19.866666666666667,996.8987782552011,510.166029845537,4.066214110643692,1,6,2,1
19.875,996.7259694757887,511.9397423466121,4.079373984757004,1,6,2,1
19.883333333333333,996.3389797369387,511.24186343314796,4.075430884135134,1,6,2,1
19.891666666666666,997.2058901434688,512.2369257038641,4.077833239735207,1,6,2,1
19.9,997.6232813721584,512.2318137531206,4.100060062287349,1,6,2,1
19.908333333333335,998.0101558406146,512.4961259631795,4.101374177746102,1,6,2,1
19.916666666666668,999.9989266642556,512.8574746398201,4.105495213160408,1,6,2,1
19.925,999.3595112401106,511.81131741326493,4.095959306824226,1,6,2,1
19.933333333333334,1000.6837315867896,511.6737008840005,4.09485092801396,1,6,2,1
19.941666666666666,1000.2493944573628,511.8154120240526,4.0784562346082565,1,6,2,1
19.95,1001.0382902581078,512.4961092048216,4.115983344915715,1,6,2,1
19.958333333333332,1000.8288248283451,512.7403469625227,4.09676992623496,1,6,2,1
19.966666666666665,1002.3033695463452,512.1224743000224,4.082423895810513,1,6,2,1
19.975,1001.7197574945518,513.0243859221781,4.1228005279736974,1,6,2,1
19.983333333333334,1001.3508066862876,513.0747672317553,4.129879487656156,1,6,2,1
19.991666666666667,1000.7547960675745,512.697142657604,4.102308001992954,1,6,2,1
20.0,999.804469480643,512.6499848431652,4.082842074622583,1,6,2,1
20.008333333333333,999.9664228248284,512.9140662707485,4.073380625061636,1,6,2,1
20.016666666666666,1000.1335434807781,512.5737785867805,4.118161976664881,1,6,2,1
20.025,999.5631985990761,512.5180142601592,4.101450930874621,1,6,2,1
20.033333333333335,999.3549851830727,511.73063690017784,4.09091926893676,1,6,2,1
20.041666666666668,998.498621581009,512.1922655121011,4.069221433440063,1,6,2,1
20.05,996.8711048228566,512.0458406905313,4.110591477882741,1,6,2,1
20.058333333333334,998.2553098349797,512.1484012504753,4.148200514869973,1,6,2,1
20.066666666666666,996.8118521123629,512.9025480948914,4.13818636618562,1,6,2,1
20.075,998.7713283699117,512.5165930659298,4.149779671656359,1,6,2,1
20.083333333333332,997.8730664392733,513.1484417330245,4.137185322100444,1,6,2,1
20.091666666666665,997.3041119259501,511.87534715135683,4.109342997152404,1,6,2,1
20.1,996.5844175559951,512.3458325016123,4.162254318674656,1,6,2,1
20.108333333333334,996.0177509653925,513.8230509240357,4.185179516252698,1,6,2,1
20.116666666666667,996.7892213596026,513.2267030869031,4.093521410416134,1,6,2,1
20.125,997.0197226856492,514.266143466198,4.091864591808073,1,6,2,1
20.133333333333333,997.3511333710558,513.6458638160991,4.146558504385237,1,6,2,1
20.141666666666666,997.5486875375814,513.895118420705,4.105139713037092,1,6,2,1
20.15,996.9281878946349,514.4711478976781,4.115003381792644,1,6,2,1
20.158333333333335,996.3778182883581,513.3155806499823,4.137976126805732,1,6,2,1
20.166666666666668,995.4420356800882,513.2986558566575,4.155380117088671,1,6,2,1
20.175,994.7753255141902,513.2000977586683,4.08914259998233,1,6,2,1
20.183333333333334,995.7835967651532,513.0730961281382,4.139099929083859,1,6,2,1
20.191666666666666,996.2031113352825,514.0857728513879,4.156401949296165,1,6,2,1
20.2,996.2169228432863,513.5756449524226,4.1574597312141295,1,6,2,1
20.208333333333332,996.1215090745553,513.6566245189276,4.150404703600189,1,6,2,1
20.216666666666665,996.3505607657813,512.9145157885627,4.148914303164334,1,6,2,1
20.225,996.0601150998206,512.6576510328831,4.152112460973413,1,6,2,1
20.233333333333334,995.6318427509802,511.5235233008928,4.080523809943242,1,6,2,1
20.241666666666667,994.8942136704738,512.2200498835576,4.1807512563671025,1,6,2,1
20.25,993.2590045780652,511.9197925193937,4.078280374818553,1,6,2,1
20.258333333333333,992.9546149613232,512.2512448786222,4.1993431490246484,1,6,2,1
20.266666666666666,993.6867286525269,511.71060117240455,4.2043640222423395,1,6,2,1
20.275,995.632348775847,512.0691255719291,4.157587546058789,1,6,2,1
20.283333333333335,996.069720311698,512.766775838363,4.10654607709866,1,6,2,1
20.291666666666668,994.2487784386127,512.7941403892236,4.081258936395866,1,6,2,1
20.3,994.8113295621398,512.585118023595,4.132184667242951,1,6,2,1
20.308333333333334,995.0542448013836,511.746253205696,4.134141886726801,1,6,2,1
20.316666666666666,995.7210609046122,510.9735470870366,4.114706898967849,1,6,2,1
20.325,995.2610494581653,510.11260476825396,4.146356303268062,1,6,2,1
20.333333333333332,993.4513185082408,511.0271378310739,4.18009399946687,1,6,2,1
20.341666666666665,993.1669739241197,509.85321615342707,4.181591831463286,1,6,2,1
20.35,991.6863115378397,510.17227467373766,4.164957031473081,1,6,2,1
20.358333333333334,990.3504731358674,510.80038656972783,4.139284073847547,1,6,2,1
20.366666666666667,990.26616720366,509.8645788631605,4.137434970149726,1,6,2,1
20.375,990.6541488060938,510.4231378233438,4.107962514821189,1,6,2,1
20.383333333333333,990.8526816545365,510.4915880722131,4.18740034177932,1,6,2,1
20.391666666666666,989.8981705020176,509.51678090339016,4.171957325037621,1,6,2,1
20.4,989.310228734199,509.69002222452065,4.183930012662111,1,6,2,1
20.408333333333335,989.4799910632943,510.4676224813002,4.1544348133877405,1,6,2,1
20.416666666666668,988.4406462089426,508.97939969956883,4.153115147047219,1,6,2,1
20.425,987.3399916394834,509.45841252155543,4.190576015548135,1,6,2,1
20.433333333333334,987.2039683531987,508.9733433792442,4.083133832793955,1,6,2,1
20.441666666666666,987.4279672551218,509.07778487977896,4.136782395227963,1,6,2,1
20.45,987.6073571970799,508.93036845068417,4.175427817180551,1,6,2,1
20.458333333333332,986.9166842597824,507.75454822409233,4.185050211821341,1,6,2,1
20.466666666666665,986.6714229984956,506.9224894889837,4.1704029819647825,1,6,2,1
20.475,986.7474398658889,506.67773795296057,4.127010335638661,1,6,2,1
20.483333333333334,987.1104569849783,505.9515244759265,4.188509508103373,1,6,2,1
20.491666666666667,986.8566104438864,505.19724847949755,4.2088201440886825,1,6,2,1
20.5,987.1962047997009,504.8877920830543,4.205843077453952,1,6,2,1
20.508333333333333,989.5482236017555,506.2498936948917,4.1861055322717124,1,6,2,1
20.516666666666666,989.1008568178745,505.5146256678654,4.196431173140591,1,6,2,1
20.525,989.0047368676243,505.8537363457633,4.204274310959579,1,6,2,1
20.533333333333335,988.478847095778,506.48941644743513,4.187150831897616,1,6,2,1
20.541666666666668,987.2571593563101,507.3947941043855,4.254409721051532,1,6,2,1
20.55,986.8566108403201,507.50920667505676,4.250893547391568,1,6,2,1
20.558333333333334,988.3079954603788,507.0423429642353,4.235920600367517,1,6,2,1
20.566666666666666,987.6127957296811,507.6798371593257,4.250194337263374,1,6,2,1
20.575,987.821908167738,507.76975507558825,4.26080776384228,1,6,2,1
20.583333333333332,987.5609681793084,508.09621000812126,4.238205709920303,1,6,2,1
20.591666666666665,986.5417586531213,507.5768942904541,4.266774670639533,1,6,2,1
20.6,986.5186967380149,507.90696178493397,4.321984546051683,1,6,2,1
20.608333333333334,986.3831340341591,507.0605697612326,4.289186637240175,1,6,2,1
20.616666666666667,986.2183288966999,507.2774115097484,4.26204018199835,1,6,2,1
20.625,985.7778289751815,506.5662765989688,4.299004731555532,1,6,2,1
20.633333333333333,985.8591333471385,506.0373555875181,4.3385649603718885,1,6,2,1
20.641666666666666,985.916335568996,505.59004203359405,4.29015505963628,1,6,2,1
20.65,986.5967212045523,504.5971265521153,4.286772598732489,1,6,2,1
20.658333333333335,985.7028278050334,505.051443916203,4.350456558616713,1,6,2,1
20.666666666666668,985.5417006123215,505.2144255676863,4.372316584122817,1,6,2,1
20.675,986.0844697015856,504.70629973318256,4.364250487481102,1,6,2,1
20.683333333333334,985.2520935141077,504.8243441185792,4.303867931123156,1,6,2,1
20.691666666666666,984.7179376060078,504.46278948964533,4.324786354609281,1,6,2,1
20.7,985.9177626032085,503.08864272930657,4.279189502516361,1,6,2,1
20.708333333333332,986.6112044254515,503.2770984801178,4.401031417072484,1,6,2,1
20.716666666666665,987.3285587978878,503.0983303030365,4.305317660078271,1,6,2,1
20.725,987.2690217065586,501.961085568676,4.338640893677085,1,6,2,1
20.733333333333334,987.4656053400405,501.7780617614373,4.330706886800743,1,6,2,1
20.741666666666667,986.2427622230484,502.4000417415983,4.272555131286283,1,6,2,1
20.75,986.9425056133482,502.22480307690967,4.3378428509775375,1,6,2,1
20.758333333333333,986.1308499286603,503.8256247688297,4.265587745062274,1,6,2,1
20.766666666666666,986.4389790241017,503.8424491599259,4.30711790672732,1,6,2,1
20.775,987.499002042936,504.7038337251436,4.260851128667159,1,6,2,1
20.783333333333335,986.4998383259787,504.6069881883853,4.280293734414208,1,6,2,1
20.791666666666668,985.0845311901834,505.49863644812376,4.371259717287656,1,6,2,1
20.8,985.1578759054678,506.1994895413324,4.297853699385668,1,6,2,1
20.808333333333334,984.7429100886781,505.40715644616125,4.294652305339832,1,6,2,1
20.816666666666666,984.9673475643011,505.7101652552242,4.293258085691674,1,6,2,1
20.825,985.9721647283907,504.8867964460582,4.245408534470378,1,6,2,1
20.833333333333332,986.1117001502646,504.3583379265388,4.2243910812289425,1,6,2,1
20.841666666666665,984.8401331289949,504.13501698345857,4.259542655965225,1,6,2,1
20.85,984.3199222381502,504.5610942006112,4.237794001359826,1,6,2,1
20.858333333333334,984.2156965045662,504.862595258705,4.261686475640016,1,6,2,1
20.866666666666667,984.6255323334993,504.87192422624923,4.23983284622495,1,6,2,1
20.875,984.2263336124167,506.62659923180513,4.267147035467221,1,6,2,1
20.883333333333333,982.9224942866377,507.48520564604473,4.1871880649278435,1,6,2,1
20.891666666666666,983.1331762264148,506.37716590950333,4.243719595661249,1,6,2,1
20.9,984.3716079351387,506.3487408090777,4.218921709673453,1,6,2,1
20.908333333333335,985.2637177582224,505.17887179420944,4.299064343080866,1,6,2,1
20.916666666666668,985.2227462094806,503.8381988595928,4.193655759519459,1,6,2,1
20.925,986.2637940570683,504.70679387608914,4.138752335924467,1,6,2,1
20.933333333333334,986.2910693703607,504.3159239438458,4.214943868461091,1,6,2,1
20.941666666666666,985.8862392895373,505.0377835578459,4.2557102176959525,1,6,2,1
20.95,986.4173918316314,504.9860435816429,4.161226705876789,1,6,2,1
20.958333333333332,988.765808131793,505.08173336300734,4.2322051024884315,1,6,2,1
20.966666666666665,988.9992358357928,505.9239555179026,4.169373896567678,1,6,2,1
20.975,987.895032708652,504.84720141918115,4.166347459560274,1,6,2,1
20.983333333333334,986.6663595674539,504.0680159483134,4.214422754580216,1,6,2,1
20.991666666666667,988.016257962343,503.0903697161538,4.179391547049138,1,6,2,1
21.0,987.180472332428,504.2089534772773,4.219937061605537,1,6,2,1
21.008333333333333,988.4840068528082,503.7060061666623,4.25826669243056,1,6,2,1
21.016666666666666,987.487980050792,503.9816417259894,4.177390760571911,1,6,2,1
21.025,987.4696716784928,504.5675491743848,4.1802679521733905,1,6,2,1
21.033333333333335,987.7506833499073,505.1502318773365,4.197932753384457,1,6,2,1
21.041666666666668,988.3608355573087,505.7835860149757,4.199944017269311,1,6,2,1
21.05,989.3812230558415,506.63389090094904,4.199805328925631,1,6,2,1
21.058333333333334,989.5819871042911,507.79669764723735,4.227027389694522,1,6,2,1
21.066666666666666,990.009365436848,509.71696432858886,4.233573530735563,1,6,2,1
21.075,989.8964616487868,508.93029051924987,4.219958833768073,1,6,2,1
21.083333333333332,989.2904655381466,508.8768058669231,4.205537868283811,1,6,2,1
21.091666666666665,988.884442740785,510.0950760251916,4.289423130187511,1,6,2,1
21.1,989.9609215877884,510.0900525709072,4.172441307363233,1,6,2,1
21.108333333333334,989.5812313239179,509.3767504908448,4.213285160906155,1,6,2,1
21.116666666666667,990.6443496820604,509.50028856444095,4.24925702096278,1,6,2,1
21.125,991.4265088064429,508.0262588232082,4.219117797989017,1,6,2,1
21.133333333333333,991.4084685962526,507.2592601841685,4.220609514331868,1,6,2,1
21.141666666666666,991.8836182151834,506.7411339216427,4.167553266576005,1,6,2,1
21.15,992.6114987992689,506.4556384793268,4.138960449159305,1,6,2,1
21.158333333333335,992.616104859748,505.84480404358436,4.167301944082249,1,6,2,1
21.166666666666668,993.102723586807,504.9739098939726,4.2052406021963264,1,6,2,1
21.175,993.7549918611988,506.3302923729834,4.159281180226157,1,6,2,1
21.183333333333334,993.9961167307639,506.52543749814845,4.226446405472576,1,6,2,1
21.191666666666666,993.044341783125,506.97314474965196,4.218959418432387,1,6,2,1
21.2,992.6004735586907,507.1724363680835,4.212999671022619,1,6,2,1
21.208333333333332,992.8163486167161,506.6632348078993,4.184033668411957,1,6,2,1
21.216666666666665,992.3554872677255,506.4744669190311,4.1532857079764804,1,6,2,1
21.225,993.0266064818204,507.81576173209646,4.221895377272774,1,6,2,1
21.233333333333334,993.0114460465854,508.62834350455427,4.162139338555233,1,6,2,1
21.241666666666667,992.552643025622,508.0416089848362,4.199215293887318,1,6,2,1
21.25,992.6535899315303,508.61587517963153,4.237228840117214,1,6,2,1
21.258333333333333,991.7390361055707,508.18418410540573,4.193958751921024,1,6,2,1
21.266666666666666,991.8319997854677,507.24148428237004,4.184326054012703,1,6,2,1
21.275,990.6824500381235,506.71630045666296,4.212869609705098,1,6,2,1
21.283333333333335,990.9748483467116,505.83170487581054,4.235356096861774,1,6,2,1
21.291666666666668,992.2167977556333,507.438888541456,4.211611690157454,1,6,2,1
21.3,992.0890552929977,507.7878589486921,4.177576195023736,1,6,2,1
21.308333333333334,991.9149024975787,507.68751857431823,4.26663399715376,1,6,2,1
21.316666666666666,991.2383875318038,508.4628004976548,4.172543042630423,1,6,2,1
21.325,991.3509494093943,508.3230652148703,4.153721316848364,1,6,2,1
21.333333333333332,991.3077179596277,507.5709802905652,4.197661828562973,1,6,2,1
21.341666666666665,992.3551237557127,506.9342085990322,4.192170015879447,1,6,2,1
21.35,993.5544445663025,505.46838630041754,4.205197774312038,1,6,2,1
21.358333333333334,994.3256852603388,505.0758927121596,4.224817338142647,1,6,2,1
21.366666666666667,994.9845625517717,504.382068927115,4.229594251215145,1,6,2,1
21.375,995.6818636205652,504.1953635919081,4.277676981945961,1,6,2,1
21.383333333333333,996.8448239513453,504.3615243712368,4.229932351638194,1,6,2,1
21.391666666666666,996.1540860893643,504.6182936151813,4.1937867280477805,1,6,2,1
21.4,996.5536323471281,505.8337109702535,4.192121459062883,1,6,2,1
21.408333333333335,996.6572189428312,506.06484140146034,4.190668435601639,1,6,2,1
21.416666666666668,997.1271614250987,506.64194413904465,4.211900892349151,1,6,2,1
21.425,997.4900877969728,505.990982189545,4.201605704492696,1,6,2,1
21.433333333333334,997.6711258551422,506.29733222620354,4.275562580766228,1,6,2,1
21.441666666666666,998.1519232015717,505.8262536086577,4.1607361670053455,1,6,2,1
21.45,997.9139862952431,506.8536421084429,4.198581037118823,1,6,2,1
21.458333333333332,997.5893131691215,504.96952202242795,4.189867708399937,1,6,2,1
21.466666666666665,997.2784805706497,505.1355223410663,4.194675414103895,1,6,2,1
21.475,996.976134717956,506.3126346244769,4.167181641276524,1,6,2,1
21.483333333333334,996.3023413094813,506.62237415032945,4.2178543359596095,1,6,2,1
21.491666666666667,331.62703149548804,496.6984867166791,4.206167619563523,1,6,2,1
21.5,331.2617094960767,495.390325667006,4.231587918140932,1,6,2,1
21.508333333333333,995.373848343335,505.7172501837573,4.164764300540607,1,6,2,1
21.516666666666666,994.5196690261646,506.46692532148404,4.238913034138156,1,6,2,1
21.525,993.8896190960298,506.7198037342189,4.211904822023109,1,6,2,1
21.533333333333335,994.0930189110225,506.2996064033768,4.208658229291239,1,6,2,1
21.541666666666668,994.253344530812,505.94031137454436,4.207139209849985,1,6,2,1
21.55,994.209683648833,505.6238698920956,4.222347386115202,1,6,2,1
21.558333333333334,993.8419695564232,504.4909024761715,4.223035673891478,1,6,2,1
21.566666666666666,993.8124220725812,506.04660511029925,4.199803798326983,1,6,2,1
21.575,994.2028314277254,506.0793073295425,4.231156057038075,1,6,2,1
21.583333333333332,993.3120342428284,506.018857403963,4.1847501667988,1,6,2,1
21.591666666666665,993.7119952655573,505.89751931482596,4.204866158341757,1,6,2,1
21.6,993.746522552038,507.67697341953584,4.167750190478395,1,6,2,1
21.608333333333334,994.6534955401183,506.91248453729827,4.212956423396148,1,6,2,1
21.616666666666667,752.7658970373362,350.6563917887013,4.141329159371099,1,6,2,1
21.625,752.3701294248856,350.3552789470541,4.20893905136071,1,6,2,1
21.633333333333333,993.7314085798984,506.1716194139955,4.199717444309155,1,6,2,1
21.641666666666666,992.534200775683,504.8154404428476,4.216290025628128,1,6,2,1
21.65,992.4907382605143,505.255898879242,4.2025026027464225,1,6,2,1
21.658333333333335,992.4246637904996,506.8192355102417,4.193030766894232,1,6,2,1
21.666666666666668,992.6427156025516,506.9431023034603,4.179052188165889,1,6,2,1
21.675,993.4601598790299,507.5114133349404,4.153964966481338,1,6,2,1
21.683333333333334,994.7352145311785,506.7526907979419,4.195043046164401,1,6,2,1
21.691666666666666,995.1471939896535,506.34664621815557,4.221345363153017,1,6,2,1
21.7,994.4246547632176,507.47058932518337,4.185317957511447,1,6,2,1
21.708333333333332,995.4241089728459,508.5982130328464,4.162486323118485,1,6,2,1
21.716666666666665,993.6076678870286,507.75001783374137,4.192916944941558,1,6,2,1
21.725,995.3564479323455,507.7042953527611,4.184848688626082,1,6,2,1
21.733333333333334,996.3101241346296,507.648833503238,4.160180345184021,1,6,2,1
21.741666666666667,996.6498514310804,508.1158068165993,4.2045445550594,1,6,2,1
21.75,995.7449437130745,507.34275153176344,4.177592090718022,1,6,2,1
21.758333333333333,995.34811245421,507.1736261696791,4.132607440674829,1,6,2,1
21.766666666666666,995.4023595144398,506.8814510035883,4.228171023058405,1,6,2,1
21.775,995.6145163279773,506.738516110502,4.173491119627127,1,6,2,1
21.783333333333335,995.1054112732571,506.0834462797783,4.196687051083735,1,6,2,1
21.791666666666668,994.5189154612427,505.5721612661549,4.160568452166587,1,6,2,1
21.8,993.7340149096043,506.99514063128936,4.17410485667158,1,6,2,1
21.808333333333334,992.4202770816532,508.2341578765553,4.157063637496841,1,6,2,1
21.816666666666666,992.7346888871828,507.6002234618902,4.1699283420687,1,6,2,1
21.825,992.7087024561126,507.91648434391874,4.179946045119983,1,6,2,1
21.833333333333332,993.8865810869695,507.68087074092887,4.193489935261155,1,6,2,1
21.841666666666665,993.5974832024227,509.406495999431,4.170491674878449,1,6,2,1
21.85,992.8648556183352,508.310099053141,4.192433855191536,1,6,2,1
21.858333333333334,992.3386838773356,507.5280378371615,4.161291584290756,1,6,2,1
21.866666666666667,994.000406238641,507.7707226712351,4.163232373302041,1,6,2,1
21.875,994.0565907146989,506.516428556756,4.126028647763264,1,6,2,1
21.883333333333333,995.232041040658,506.2868812269518,4.170127614955503,1,6,2,1
21.891666666666666,993.4190138503604,506.8027008143088,4.238170919664971,1,6,2,1
21.9,994.8108355600831,507.8021988603914,4.132912110855461,1,6,2,1
21.908333333333335,994.9172205401823,506.8834661422196,4.171080793133777,1,6,2,1
21.916666666666668,993.7147090474974,506.2654723943433,4.2135821244198315,1,6,2,1
21.925,993.5481097091293,506.3789449045332,4.178257793556579,1,6,2,1
21.933333333333334,995.6070677843504,505.69114234939286,4.193009765980495,1,6,2,1
21.941666666666666,997.2387308594909,505.020199007863,4.148210753613169,1,6,2,1
21.95,997.045046511362,504.56319434374416,4.120692404779605,1,6,2,1
21.958333333333332,997.5462029359763,504.7594987065104,4.14278516848838,1,6,2,1
21.966666666666665,997.8236301806089,503.84203873590195,4.13045393933335,1,6,2,1
21.975,997.4283060539285,503.74108212020906,4.0942464984333515,1,6,2,1
21.983333333333334,998.1717861855172,504.3507336938129,4.159277295789103,1,6,2,1
21.991666666666667,995.8800905352376,503.1853875195705,4.120546931956783,1,6,2,1
22.0,995.5043965916794,503.28609400326326,4.126482700691721,1,6,2,1
22.008333333333333,994.5739904698812,503.69761040944314,4.233381044714548,1,6,2,1
22.016666666666666,994.469265570601,503.28392924789375,4.125764783146577,1,6,2,1
22.025,994.5445593978369,504.0192785473986,4.14331618967922,1,6,2,1
22.033333333333335,995.013268202361,504.449984378435,4.0920958185432905,1,6,2,1
22.041666666666668,997.2389919440467,503.15586725438885,4.126174212182273,1,6,2,1
22.05,997.9411234514749,502.50827104407983,4.1920328028955405,1,6,2,1
22.058333333333334,998.8252786557374,502.19488818760834,4.182969960559068,1,6,2,1
22.066666666666666,997.1433259520743,501.1145922349499,4.162978215422758,1,6,2,1
22.075,995.7328208171118,501.16498386470613,4.172869565762786,1,6,2,1
22.083333333333332,996.1600091422315,501.58396959210455,4.166036505219881,1,6,2,1
22.091666666666665,995.8468814812418,503.3777249160465,4.14980062905641,1,6,2,1
22.1,995.8555540494789,503.98481075996693,4.167341633949837,1,6,2,1
22.108333333333334,995.8650411067215,504.6539529879215,4.119848215015909,1,6,2,1
22.116666666666667,994.7346033926469,504.56633751010077,4.196193838167126,1,6,2,1
22.125,994.5250169002314,504.2138322577168,4.167657902140747,1,6,2,1
22.133333333333333,993.9407671004802,503.671203717086,4.133534629604614,1,6,2,1
22.141666666666666,993.9336388710682,505.1779037837886,4.159912883247865,1,6,2,1
22.15,994.5143555177192,504.28675206020733,4.1347285955125885,1,6,2,1
22.158333333333335,994.5077745668862,504.2640392068075,4.111069995086573,1,6,2,1
22.166666666666668,995.769106431398,503.80106113572845,4.192336085452778,1,6,2,1
22.175,996.5012893417191,504.13577502016733,4.101381185614447,1,6,2,1
22.183333333333334,996.6383425176418,504.31516514274614,4.127400443038558,1,6,2,1
22.191666666666666,995.2603972501217,504.4138818100238,4.095190527609959,1,6,2,1
22.2,995.8830834787749,505.2805192900946,4.117672720944943,1,6,2,1
22.208333333333332,995.1689480206578,506.25277781266453,4.130893347179625,1,6,2,1
22.216666666666665,996.4874274367857,505.8659127572778,4.140484619915166,1,6,2,1
22.225,996.0371180209844,505.7419634606446,4.118482823223329,1,6,2,1
22.233333333333334,996.3081967983951,506.67046283224204,4.133771779518654,1,6,2,1
22.241666666666667,996.4433566541921,507.09312554332524,4.145686200970926,1,6,2,1
22.25,996.5360438711713,507.5534200747297,4.148359797879338,1,6,2,1
22.258333333333333,996.8424336448734,506.91671661937664,4.151399501131974,1,6,2,1
22.266666666666666,997.5256598111519,507.9838182022406,4.173491363334496,1,6,2,1
22.275,996.4682000658718,509.50448630353964,4.093917828138048,1,6,2,1
22.283333333333335,996.8337200019803,509.01553377637475,4.110210081659562,1,6,2,1
22.291666666666668,996.6885474360289,509.50520566046976,4.104326396490992,1,6,2,1
22.3,997.5901804127901,508.70716087646883,4.151358879992242,1,6,2,1
22.308333333333334,997.0957605414723,508.7596759165123,4.132486555034397,1,6,2,1
22.316666666666666,997.2496428368984,508.5328299838898,4.170104785923684,1,6,2,1
22.325,996.0194981400255,508.2222152233183,4.154994377164303,1,6,2,1
22.333333333333332,996.2502660159876,508.548891574446,4.163689816683272,1,6,2,1
22.341666666666665,996.4823001434829,509.63716539803517,4.180937114792806,1,6,2,1
22.35,996.4129118746462,509.81873079036615,4.117158554141171,1,6,2,1
22.358333333333334,996.1433958821406,510.2002168176063,4.10084016787494,1,6,2,1
22.366666666666667,995.6021957742844,511.22479849436195,4.140704573249656,1,6,2,1
22.375,994.4676795781489,512.7605660623451,4.14555495914729,1,6,2,1
22.383333333333333,995.0402842629633,512.650792412855,4.125826450588708,1,6,2,1
22.391666666666666,994.0486600888648,513.4607045400007,4.068433397278379,1,6,2,1
22.4,993.7450545761299,514.5361480116414,4.136459301094516,1,6,2,1
22.408333333333335,993.7130472664012,514.5172564087621,4.070804499620993,1,6,2,1
22.416666666666668,994.3750489500233,515.4298969141723,4.117967151016086,1,6,2,1
22.425,995.0142213715561,515.1351423280177,4.098720335796788,1,6,2,1
22.433333333333334,995.3849746160334,516.4113396652423,4.122241777556521,1,6,2,1
22.441666666666666,996.220150804068,516.9004864148972,4.125861303844911,1,6,2,1
22.45,995.164298346937,516.9534712190645,4.146891320366853,1,6,2,1
22.458333333333332,995.60938073119,516.5844879449248,4.0955579642806255,1,6,2,1
22.466666666666665,997.4943749270393,516.0244748939392,4.12053925357082,1,6,2,1
22.475,997.1977001781353,515.9686718485751,4.130671690065404,1,6,2,1
22.483333333333334,996.6498608715461,516.2001615648518,4.1507342741763695,1,6,2,1
22.491666666666667,995.9634013328711,515.6653924373447,4.172205070343736,1,6,2,1
22.5,995.1762694646593,515.7499484892473,4.1227145457336745,1,6,2,1
22.508333333333333,994.3117723216926,515.4531082875922,4.050609041344508,1,6,2,1
22.516666666666666,995.5909644743048,516.3668680534014,4.049361676784945,1,6,2,1
22.525,996.0025497606731,517.5258069844913,4.063890499993376,1,6,2,1
22.533333333333335,995.0275420412956,517.8505289988586,4.091581361381553,1,6,2,1
22.541666666666668,994.7707462573683,517.8514499316112,4.074630729469855,1,6,2,1
22.55,994.6892413837899,518.5265999894212,4.09905323444291,1,6,2,1
22.558333333333334,993.7918950034849,519.9766260229824,4.0978617803738455,1,6,2,1
22.566666666666666,993.0584805286315,520.2466731030561,4.131216925782635,1,6,2,1
22.575,994.3412971027575,522.2429536003807,4.058575440045736,1,6,2,1
22.583333333333332,994.9635691471707,523.0554804303547,4.087844496730175,1,6,2,1
22.591666666666665,994.4278720955924,522.8302054815967,4.05928606648777,1,6,2,1
22.6,995.567078451369,524.3764391576259,4.0637138522398075,1,6,2,1
22.608333333333334,994.6472567510459,523.4633677409267,4.102493113475842,1,6,2,1
22.616666666666667,995.3476524891387,524.8654708817455,4.078032817089346,1,6,2,1
22.625,994.7951151157412,524.0628229998008,4.101213201708113,1,6,2,1
22.633333333333333,994.9199433904088,524.3037959275578,4.11796636949688,1,6,2,1
22.641666666666666,993.4280590421267,526.324914306005,4.095362241975974,1,6,2,1
22.65,993.2764274554035,527.5045772501277,4.086587701484923,1,6,2,1
22.658333333333335,992.076089201175,527.1204691391873,4.076106951780556,1,6,2,1
22.666666666666668,991.3357648189136,527.6136808652612,4.090392478652865,1,6,2,1
22.675,990.0457295387251,527.1534230753396,4.089282507000105,1,6,2,1
22.683333333333334,989.7917411407695,526.9269377711363,4.109534220297324,1,6,2,1
22.691666666666666,990.2812611224815,526.5485044074245,4.089163554349951,1,6,2,1
22.7,989.3412445941284,527.039502832571,4.092679702034546,1,6,2,1
22.708333333333332,989.4460822225776,527.9030585115568,4.074209948306152,1,6,2,1
22.716666666666665,989.0070994427924,527.619468445325,4.060312769040202,1,6,2,1
22.725,988.9384097301399,526.7758669809217,4.04226690086521,1,6,2,1
22.733333333333334,989.2482432735017,525.3178864579012,4.04786288558714,1,6,2,1
22.741666666666667,990.201414797065,526.0332906169243,4.0445470331700495,1,6,2,1
22.75,1029.105670010985,77.6470664414075,4.061379201679293,1,6,2,1
22.758333333333333,1029.0734084075114,77.78269550385147,4.065096887617847,1,6,2,1
22.766666666666666,758.6002128342946,890.3995635664421,4.116743084531193,1,6,2,1
22.775,758.9732269144022,891.8430561235587,4.067993544993619,1,6,2,1
22.783333333333335,987.6979560409768,530.435650719906,4.071779355819096,1,6,2,1
22.791666666666668,987.5371963191911,530.0420661728128,4.025827724633064,1,6,2,1
22.8,987.2820522995953,530.2304944043123,4.036942787147205,1,6,2,1
22.808333333333334,986.7955150517066,530.4606338574498,4.094098158346576,1,6,2,1
22.816666666666666,988.0325756731843,530.5769815490034,4.05206875196452,1,6,2,1
22.825,988.861416430589,531.8445030003445,4.022656441218133,1,6,2,1
22.833333333333332,987.8320652550092,531.4845277752706,4.049425170052363,1,6,2,1
22.841666666666665,987.4169595463096,532.2180940708387,4.085081422459481,1,6,2,1
22.85,986.4524546339187,532.2503448433472,4.085449619685097,1,6,2,1
22.858333333333334,985.1896840660947,531.9604335394289,4.027403719995107,1,6,2,1
22.866666666666667,985.8208261768185,532.0045366885248,4.057189424131495,1,6,2,1
22.875,987.5405044024445,531.104609342671,4.067437464952976,1,6,2,1
22.883333333333333,988.629756004381,531.8588204521931,4.034892004308083,1,6,2,1
22.891666666666666,989.8299488077557,531.874808412278,4.0200118653246655,1,6,2,1
22.9,989.2786176671565,531.3485555271654,4.105186773029699,1,6,2,1
22.908333333333335,989.6413378254117,531.5287649268408,4.100353960478201,1,6,2,1
22.916666666666668,990.6248356407172,532.9012078722642,3.9976989392857933,1,6,2,1
22.925,990.8166457514316,532.9477358518124,4.079888088539982,1,6,2,1
22.933333333333334,988.5833323879565,532.9481828120167,4.047367147757907,1,6,2,1
22.941666666666666,988.5580017629054,532.6384605412755,3.9894387020474023,1,6,2,1
22.95,988.7753432728853,532.8643957769883,4.105750431399467,1,6,2,1
22.958333333333332,989.7883830116976,534.0590365495448,4.0016107733363,1,6,2,1
22.966666666666665,988.6607565338595,533.9171319929084,4.103625896921201,1,6,2,1
22.975,988.7117918140906,535.3459008254803,4.064993074521888,1,6,2,1
22.983333333333334,988.1675217470327,536.0428861672923,4.037698462410695,1,6,2,1
22.991666666666667,987.519524995628,535.1981855200838,4.034236416234381,1,6,2,1
23.0,988.6505764479725,534.6438001776384,4.039039968608317,1,6,2,1
23.008333333333333,989.6299205198138,533.3200939048463,4.067337690947086,1,6,2,1
23.016666666666666,991.1645504564699,535.3050466615183,4.037992940897101,1,6,2,1
23.025,991.9819189316731,535.7903591817021,3.979728309081293,1,6,2,1
23.033333333333335,993.7718107879074,535.0129690718899,4.04167601589181,1,6,2,1
23.041666666666668,993.9110129606298,535.0896945259462,4.007293082865583,1,6,2,1
23.05,994.1890366313685,534.8574764424561,4.032873602074499,1,6,2,1
23.058333333333334,994.4179484029462,534.1175220732059,4.074347626505393,1,6,2,1
23.066666666666666,993.2199431385441,534.6351436781188,3.9706910815719736,1,6,2,1
23.075,993.0956111853836,531.7190894159507,3.999498658940425,1,6,2,1
23.083333333333332,994.338273656132,530.961109571451,4.036576942729287,1,6,2,1
23.091666666666665,994.168523440273,529.8261020677957,4.065001587099324,1,6,2,1
23.1,993.0906875552284,529.4920500992108,4.095556947568884,1,6,2,1
23.108333333333334,993.5262180448173,528.6508898683572,3.976101920115562,1,6,2,1
23.116666666666667,992.9175374479413,527.6638702208982,4.078147766296674,1,6,2,1
23.125,991.7818007983319,526.457276340479,4.064570529463371,1,6,2,1
23.133333333333333,991.5505848459054,527.5424620928588,3.996186143380685,1,6,2,1
23.141666666666666,990.9563453751936,527.6172525703118,4.03881304953546,1,6,2,1
23.15,991.340222239294,526.2665970049577,4.039244038954256,1,6,2,1
23.158333333333335,991.7470012588758,526.9746161546487,4.025817740530767,1,6,2,1
23.166666666666668,992.1791152209337,527.5050124194421,4.036279977966986,1,6,2,1
23.175,992.8346440619066,527.1125853288652,4.046062434276089,1,6,2,1
23.183333333333334,993.2647805434711,526.367872429033,4.022888005624435,1,6,2,1
23.191666666666666,993.3577358383081,527.4508821377407,4.0156157488299,1,6,2,1
23.2,993.6415080025616,528.5966255082337,4.04674494236486,1,6,2,1
23.208333333333332,994.9938954356612,527.6264006767117,4.009683869547468,1,6,2,1
23.216666666666665,995.237762685653,528.0341337191747,4.049051800655401,1,6,2,1
23.225,995.6778391418571,527.5776913443694,3.9959307160232505,1,6,2,1
23.233333333333334,994.7921755148907,526.6564027693682,3.994325950640597,1,6,2,1
23.241666666666667,993.320857520632,528.0324235998393,3.9837288138476867,1,6,2,1
23.25,992.408673399807,527.2920904280695,3.982790860999469,1,6,2,1
23.258333333333333,992.1133433368077,528.1397952683609,4.029930559314525,1,6,2,1
23.266666666666666,991.3605924618361,527.8970090393833,4.084585617134227,1,6,2,1
23.275,927.0297422996047,445.41345615807893,4.024182965246865,1,6,2,1
23.283333333333335,926.9948143925042,445.48592004178215,4.0433689221794324,1,6,2,1
23.291666666666668,992.5292716743596,529.0746272504537,4.023302942726768,1,6,2,1
23.3,992.613700726342,528.4344217478676,4.008804463028608,1,6,2,1
23.308333333333334,992.9942742502483,527.7001171970791,4.022219405289323,1,6,2,1
23.316666666666666,993.5637192968373,526.4709392612256,4.006069857856745,1,6,2,1
23.325,994.0412332906432,526.7821415178945,4.019383339284273,1,6,2,1
23.333333333333332,993.3321467280181,527.9767343081984,4.064838760481018,1,6,2,1
23.341666666666665,993.6691036197709,527.2005161120618,4.041671414340025,1,6,2,1
23.35,993.7011972247357,527.3735319489269,4.04614658467151,1,6,2,1
23.358333333333334,993.9942766000182,527.1570336940888,4.050987079636026,1,6,2,1
23.366666666666667,992.8734433535551,526.1684627034465,4.01481668076487,1,6,2,1
23.375,993.0072350075426,525.0927168537767,3.967126357479235,1,6,2,1
23.383333333333333,993.0254540026839,526.1701714225952,4.059693070898659,1,6,2,1
23.391666666666666,992.7866139252247,526.0236446714109,3.988854565138757,1,6,2,1
23.4,992.1358029783554,526.1903110513505,3.9511523844368117,1,6,2,1
23.408333333333335,991.7052832118998,526.3188821672068,4.044819203030392,1,6,2,1
23.416666666666668,991.288935776171,525.2894507264917,4.0157704341566305,1,6,2,1
23.425,990.6058495154683,524.2492039077417,3.9743073097095496,1,6,2,1
23.433333333333334,992.3725122455943,523.9214682657191,4.008440654997818,1,6,2,1
23.441666666666666,992.3778118042256,524.0476142571559,3.9926793955201147,1,6,2,1
23.45,992.0832546806255,523.325158993,4.019796566906976,1,6,2,1
23.458333333333332,992.0071517870405,522.8462576111586,4.014232064024886,1,6,2,1
23.466666666666665,991.1585241330818,523.104973475488,4.030514260036882,1,6,2,1
23.475,991.6898997225893,522.7590532159005,3.981035098448355,1,6,2,1
23.483333333333334,991.2311307541471,523.2137081842772,3.9905040565714693,1,6,2,1
23.491666666666667,992.4933045452848,523.7676022119889,3.9845969495135787,1,6,2,1
23.5,992.544981620872,523.1299243291434,4.013490831276146,1,6,2,1
23.508333333333333,992.584878637255,523.6465840300101,4.0116417885182925,1,6,2,1
23.516666666666666,991.6370859145778,523.3167847012952,4.001566129210241,1,6,2,1
23.525,992.5574142097902,521.8670856632154,4.028147769729262,1,6,2,1
23.533333333333335,991.7257593887997,522.1624433396341,3.974735498145224,1,6,2,1
23.541666666666668,993.1665335664998,522.2639266373436,4.005577557368567,1,6,2,1
23.55,994.283942656315,523.0181685810733,3.9942300902459036,1,6,2,1
23.558333333333334,994.2955952445784,522.8126496420401,4.0261254437147205,1,6,2,1
23.566666666666666,993.6295571392715,521.5796572055864,3.951103578481971,1,6,2,1
23.575,994.1596067680701,522.2008443714564,4.006201880368357,1,6,2,1
23.583333333333332,994.9195769871511,522.316709673218,4.018380879394629,1,6,2,1
23.591666666666665,995.4023820779912,523.0026659616278,3.977270064491698,1,6,2,1
23.6,995.2002228305599,522.0981562117114,4.002647208131056,1,6,2,1
23.608333333333334,995.713429770664,521.9591009051791,4.024547369663366,1,6,2,1
23.616666666666667,995.8302289045988,521.1142629874163,4.0639011608322315,1,6,2,1
23.625,996.0653999848939,521.8481251527656,4.028577115762852,1,6,2,1
23.633333333333333,995.7373668647208,522.7152185369132,3.9981294764408983,1,6,2,1
23.641666666666666,996.0915504839484,523.3654409743867,3.9455810170346823,1,6,2,1
23.65,996.2766123719199,523.2272153879421,4.0203839080309836,1,6,2,1
23.658333333333335,997.1039045639466,522.6124700726174,4.001926292280584,1,6,2,1
23.666666666666668,996.9628165946585,521.5999727943063,3.980494284881524,1,6,2,1
23.675,997.7362015681434,523.4449370896843,3.9775494208377102,1,6,2,1
23.683333333333334,999.2594302684506,522.1001949611292,3.998703778735335,1,6,2,1
23.691666666666666,998.8162547102244,521.7611720924668,4.0163538477979595,1,6,2,1
23.7,997.4451149785069,522.6250826200973,3.968574951549383,1,6,2,1
23.708333333333332,997.1665579362767,522.8888801596057,3.988136973312714,1,6,2,1
23.716666666666665,997.4052726571632,521.8325050657203,4.005175800899378,1,6,2,1
23.725,996.7534071325717,520.6674840581811,4.031059077107577,1,6,2,1
23.733333333333334,996.4182970483128,521.72653413379,3.9646415240722646,1,6,2,1
23.741666666666667,996.1469934401206,522.6443937951381,3.9806632601554797,1,6,2,1
23.75,995.7983040489551,521.9137613788126,3.9798079779548305,1,6,2,1
23.758333333333333,995.4802855714055,521.5202623315483,3.9982435291914915,1,6,2,1
23.766666666666666,995.4600122129963,519.7083394986009,4.040374059136991,1,6,2,1
23.775,996.4497195396683,518.999917125019,4.006963341524035,1,6,2,1
23.783333333333335,997.0210217702034,519.0433986003072,4.013819633783875,1,6,2,1
23.791666666666668,996.5603943557254,517.2607317766814,3.9753253074745993,1,6,2,1
23.8,996.9742145648321,516.4305232668562,3.9938796762029467,1,6,2,1
23.808333333333334,996.5267684649405,516.9854322223271,3.9713942132731015,1,6,2,1
23.816666666666666,959.7525310568678,459.2714561776195,3.9953879768678395,1,6,2,1
23.825,959.7425990487354,460.50825080027334,4.021301290067834,1,6,2,1
23.833333333333332,996.6405298271776,520.5658722836907,4.009994117615399,1,6,2,1
23.841666666666665,996.9666445280036,520.2708614694538,3.9768208602800685,1,6,2,1
23.85,998.3586599062421,520.3657735178045,4.011074002639433,1,6,2,1
23.858333333333334,998.5063474725919,522.5149121151137,4.033973754144273,1,6,2,1
23.866666666666667,999.130897734489,522.891335674408,3.970110526106773,1,6,2,1
23.875,998.0869293801617,523.9055863458691,4.006082438243607,1,6,2,1
23.883333333333333,996.4248499179322,522.9922426690257,4.028090332016917,1,6,2,1
23.891666666666666,995.8803954727151,522.338893736521,4.002720567047354,1,6,2,1
23.9,996.1744800548822,523.0174398169738,4.020824717574987,1,6,2,1
23.908333333333335,997.3103643810372,523.239965639569,4.010257132886644,1,6,2,1
23.916666666666668,996.8720611743265,522.5695272955811,4.04854197889917,1,6,2,1
23.925,997.125430722185,523.4823643908895,4.075087018068935,1,6,2,1
23.933333333333334,996.4826122673495,523.3679982888368,4.0081655268918945,1,6,2,1
23.941666666666666,997.1963358889013,521.2979780053897,3.9836141775966736,1,6,2,1
23.95,996.3152989341868,522.4272162319782,4.039127453941854,1,6,2,1
23.958333333333332,995.8993487562834,523.1419913659802,3.9856811518090502,1,6,2,1
23.966666666666665,995.8185138257994,522.726863994727,4.001765779646564,1,6,2,1
23.975,996.4432238879925,522.3357246446471,4.016891814470902,1,6,2,1
23.983333333333334,997.1446859073881,522.7470675456824,4.040542605040712,1,6,2,1
23.991666666666667,995.7787824939812,523.051677650581,3.9967533977322347,1,6,2,1
24.0,995.9890788182724,521.9866568045913,3.996125192061427,1,6,2,1
24.008333333333333,995.4649051942481,521.8625943470718,3.983770883349139,1,6,2,1
24.016666666666666,996.1569524938401,522.4363554485071,4.032623676903835,1,6,2,1
24.025,994.5610094373563,522.9643759677145,3.981009144643916,1,6,2,1
24.033333333333335,994.577336582516,522.0075871691234,3.998357299588718,1,6,2,1
24.041666666666668,993.8437647615376,522.3536293266234,4.026713346235109,1,6,2,1
24.05,994.6164815140859,521.8268087793147,3.9801967576206025,1,6,2,1
24.058333333333334,993.8999019568015,522.1694270344346,4.052241669994849,1,6,2,1
24.066666666666666,993.1887283043546,522.0534863562449,3.990480251336843,1,6,2,1
24.075,992.7417344339548,522.7415984382751,3.9521498359486618,1,6,2,1
24.083333333333332,992.9954648031202,522.5913336864512,3.981679994162127,1,6,2,1
24.091666666666665,990.9981124704984,523.1754081894852,3.9644585936997268,1,6,2,1
24.1,991.358908984287,523.4063481567107,3.9865460679506963,1,6,2,1
24.108333333333334,991.3125812029716,524.3064995122612,3.9877416255743716,1,6,2,1
24.116666666666667,990.9824382585143,524.3453862671032,4.036502987641828,1,6,2,1
24.125,990.9663296943235,523.5597662387644,4.01983634413478,1,6,2,1
24.133333333333333,990.001665224787,523.068313347848,3.9704253230866007,1,6,2,1
24.141666666666666,988.6152250708917,523.7152870826258,4.004338032482933,1,6,2,1
24.15,988.9792975221769,522.9055412377577,4.007077264793639,1,6,2,1
24.158333333333335,988.6290257380953,521.6994497915014,4.012859047931773,1,6,2,1
24.166666666666668,988.2403725155136,523.1825575681653,4.007640404421512,1,6,2,1
24.175,988.1976267381708,522.9742832393232,3.9988326551755917,1,6,2,1
24.183333333333334,988.0531816146556,522.5298609057661,3.97115609551183,1,6,2,1
24.191666666666666,989.3070266986898,520.9326585860733,4.023778026321146,1,6,2,1
24.2,988.5766634640622,522.1411196216762,4.036296497644345,1,6,2,1
24.208333333333332,988.4753491665302,521.6441515426955,4.042153444582786,1,6,2,1
24.216666666666665,988.8267658976282,522.170869220572,4.0043032346868435,1,6,2,1
24.225,989.2271335575094,522.0067944499601,4.034136818055104,1,6,2,1
24.233333333333334,989.8177621095052,522.6302090748216,3.9545016975634804,1,6,2,1
24.241666666666667,989.5175616486832,522.6369122273034,3.9778756154798973,1,6,2,1
24.25,988.4313172375222,523.320928434015,4.054320386664943,1,6,2,1
24.258333333333333,989.4633408874863,522.9178126278682,4.005798410382517,1,6,2,1
24.266666666666666,989.1803294986537,522.783946122293,4.011231548317588,1,6,2,1
24.275,988.9109911641436,522.6582028049417,4.016352659382461,1,6,2,1
24.283333333333335,987.8721009483977,522.062880489868,3.9623251328290054,1,6,2,1
24.291666666666668,986.835024007284,521.5340355385338,4.0441095603275805,1,6,2,1
24.3,987.7521411463782,521.0957328171594,3.963598668097858,1,6,2,1
24.308333333333334,988.1768714273682,521.0949077295044,3.994486657154108,1,6,2,1
24.316666666666666,988.5558958423328,520.6297648918363,4.04047339456259,1,6,2,1
24.325,987.1407051933602,519.4885797399241,4.032839064088506,1,6,2,1
24.333333333333332,987.3010327782217,519.994116322207,4.057004092309801,1,6,2,1
24.341666666666665,986.1953367289238,520.0490065097728,4.025428798263803,1,6,2,1
24.35,986.1781819549038,519.9128794910213,4.066842917757549,1,6,2,1
24.358333333333334,985.32125671421,521.1823525887287,3.9791691803688023,1,6,2,1
24.366666666666667,984.6805564632733,521.1548312876499,4.0607928198638605,1,6,2,1
24.375,985.5541463718806,519.5658798368827,3.9817367108753365,1,6,2,1
24.383333333333333,984.6975634350015,519.4462345626257,4.065413078839254,1,6,2,1
24.391666666666666,985.7749371540278,520.1338519958875,4.013200796025543,1,6,2,1
24.4,984.9032747457665,520.2540724737845,4.00748571778508,1,6,2,1
24.408333333333335,984.485119020658,521.2291825912778,4.013628698675208,1,6,2,1
24.416666666666668,984.3467356803884,522.0606732257448,4.066037125886381,1,6,2,1
24.425,984.0724837305546,521.8135520817502,4.046002444654787,1,6,2,1
24.433333333333334,983.2575134773601,522.078866852837,4.052498881605684,1,6,2,1
24.441666666666666,984.0560054775171,521.389528640531,4.0240187144513415,1,6,2,1
24.45,982.966518283003,521.284638208577,3.9747738842115137,1,6,2,1
24.458333333333332,983.9872061367514,521.1907146802855,4.063174513586204,1,6,2,1
24.466666666666665,983.279969787264,521.3477759388143,4.022687211328612,1,6,2,1
24.475,983.3439237090955,522.7184609642759,4.027766810276979,1,6,2,1
24.483333333333334,983.7522416157927,521.6377439402811,4.045250793564802,1,6,2,1
24.491666666666667,982.7147938242331,522.178352495833,4.027415921158199,1,6,2,1
24.5,982.2019991230605,520.8660086706094,4.003076872951112,1,6,2,1
24.508333333333333,983.6319218786923,521.4592184122134,3.996248111389931,1,6,2,1
24.516666666666666,984.5799265941566,521.7536134251837,4.061194859786413,1,6,2,1
24.525,984.144073369195,522.7620098345706,4.036287405599746,1,6,2,1
24.533333333333335,984.0607070514418,522.5299777373672,4.047623432360432,1,6,2,1
24.541666666666668,983.8409085455992,523.2684491322045,3.9842458983434805,1,6,2,1
24.55,984.0074014220348,522.9169625880775,4.040288814799996,1,6,2,1
24.558333333333334,984.8062984083741,524.0450787439318,4.067719796764288,1,6,2,1
24.566666666666666,986.0833698886692,524.0209258083793,4.059931201521757,1,6,2,1
24.575,986.8622998018488,523.1656468697482,4.022188995514508,1,6,2,1
24.583333333333332,986.7823231904924,521.8439082362543,4.078635498933553,1,6,2,1
24.591666666666665,985.7830293339974,523.0984770638287,4.027025856943534,1,6,2,1
24.6,986.0000731569608,522.3963896464113,4.044743653440663,1,6,2,1
24.608333333333334,985.5555355589784,522.6248538127464,4.116889542967851,1,6,2,1
24.616666666666667,984.6015520246033,522.8903735637969,4.097430717981599,1,6,2,1
24.625,984.8638262796541,524.2765277082973,4.023258511234482,1,6,2,1
24.633333333333333,985.1339796970527,523.9075266275997,4.029047958911718,1,6,2,1
24.641666666666666,984.8604986613254,524.2544463010496,4.087892523729342,1,6,2,1
24.65,984.4850113503095,524.4264916980633,4.095863060083844,1,6,2,1
24.658333333333335,984.2261252544423,523.3426101258254,4.058161336958329,1,6,2,1
24.666666666666668,985.7933374122802,523.0050711835595,4.03698541678485,1,6,2,1
24.675,987.1625390520061,523.0528665169832,4.081513721058414,1,6,2,1
24.683333333333334,987.481695593714,522.206685077886,4.037401785375402,1,6,2,1
24.691666666666666,987.5906335814688,521.9727312333047,4.095069003919098,1,6,2,1
24.7,987.8976298582091,521.8629266927326,4.0285556826262265,1,6,2,1
24.708333333333332,989.6743825607023,522.7643915734321,4.053850362391127,1,6,2,1
24.716666666666665,989.7394573973629,523.0897758012952,4.062399692832237,1,6,2,1
24.725,990.4905896709121,522.6178108676792,4.06501819617927,1,6,2,1
24.733333333333334,990.636422700959,522.8237157409613,4.052651050867073,1,6,2,1
24.741666666666667,990.3340810704655,522.6933715344746,4.0556635078744865,1,6,2,1
24.75,990.4302236915285,524.2917571008451,4.121950497911715,1,6,2,1
24.758333333333333,990.695308053242,524.4130641993128,4.043721935997119,1,6,2,1
24.766666666666666,989.7495587868452,525.8319349071967,4.0329488042917685,1,6,2,1
24.775,990.340452852134,527.4720259076481,4.082167667478966,1,6,2,1
24.783333333333335,989.6813200645738,526.1780283161562,4.069141432309331,1,6,2,1
24.791666666666668,988.5736456177906,525.3945344854062,4.096158863236787,1,6,2,1
24.8,988.4402464056666,525.0287477109914,4.074532517096454,1,6,2,1
24.808333333333334,987.3938948394984,526.0567351332925,4.062212559340002,1,6,2,1
24.816666666666666,987.5180336074508,525.5986263475827,4.056895297966233,1,6,2,1
24.825,986.5203175959078,526.3929456015351,4.124270189040093,1,6,2,1
24.833333333333332,986.0328640345489,526.4663537396815,4.041855876857157,1,6,2,1
24.841666666666665,986.5147575330395,527.7609354624459,4.1397410916416275,1,6,2,1
24.85,986.1318522866608,528.6617944878672,4.123248191864943,1,6,2,1
24.858333333333334,985.8291796195294,528.2071142723117,4.069008700464286,1,6,2,1
24.866666666666667,985.5314918449217,527.4633272672545,4.096072831801572,1,6,2,1
24.875,986.706771167331,527.3519061558718,4.1049329060943025,1,6,2,1
24.883333333333333,984.222203239401,527.3053150002976,4.0731911307464195,1,6,2,1
24.891666666666666,984.2776412401504,527.9210375040461,4.1160087584964336,1,6,2,1
24.9,983.5910996195445,528.0981665424614,4.047559823249454,1,6,2,1
24.908333333333335,984.0215615202394,528.4303149641836,4.13964267904321,1,6,2,1
24.916666666666668,982.7999218498634,528.8193284613052,4.101671817629517,1,6,2,1
24.925,982.6873086692327,528.559012233752,4.133015005205495,1,6,2,1
24.933333333333334,983.4946216958449,527.9484982843614,4.05222624513465,1,6,2,1
24.941666666666666,982.9981131077552,528.1340732500004,4.113522260521289,1,6,2,1
24.95,984.5446897459216,528.6424362432507,4.088097863790281,1,6,2,1
24.958333333333332,984.6659104010682,528.3698983868982,4.098692421550111,1,6,2,1
24.966666666666665,984.2746987095069,527.9250469822748,4.08826835662098,1,6,2,1
24.975,983.7098522478911,527.7773514242833,4.092840588980914,1,6,2,1
24.983333333333334,983.5365009590529,527.2260783948683,4.136027277525951,1,6,2,1
24.991666666666667,982.2658795489035,526.6941746083924,4.048488472628889,1,6,2,1
25.0,984.1155641454683,525.5121378598602,4.083196326403915,1,6,2,1
25.008333333333333,984.3298480839048,525.5623825654775,4.110230837228143,1,6,2,1
25.016666666666666,983.7519160406066,526.2547120179272,4.04853297962598,1,6,2,1
25.025,984.0492729855993,526.9511294795406,4.097154571365788,1,6,2,1
25.033333333333335,985.3927519167654,526.8843440058818,4.10377303565615,1,6,2,1
25.041666666666668,985.3594284336211,527.1441185814128,4.099173554139517,1,6,2,1
25.05,985.8739020242268,526.3889683375606,4.105220542760592,1,6,2,1
25.058333333333334,985.4772463055535,525.2384249551906,4.11988963352405,1,6,2,1
25.066666666666666,986.4459026402625,526.2718122741123,4.074898793889276,1,6,2,1
25.075,987.8318342672827,526.1007924615776,4.131728668106686,1,6,2,1
25.083333333333332,986.4654437351005,524.9615505097283,4.146527828163097,1,6,2,1
25.091666666666665,985.2284753463165,523.7715139241651,4.149976687305404,1,6,2,1
25.1,984.8036167195147,523.4773667826879,4.155838628514242,1,6,2,1
25.108333333333334,984.0618530394174,523.057859081986,4.1277404713009815,1,6,2,1
25.116666666666667,983.6057623524916,522.3754237552512,4.081563489612778,1,6,2,1
25.125,984.2374185701285,522.617694642621,4.08529927206053,1,6,2,1
25.133333333333333,984.5729849921282,522.2155011774255,4.087109150761824,1,6,2,1
25.141666666666666,982.6412930079427,522.6991240590188,4.103966333295635,1,6,2,1
25.15,982.6262394045227,522.6455255636953,4.08737259009603,1,6,2,1
25.158333333333335,982.792564018416,523.8354698180766,4.1089357306946,1,6,2,1
25.166666666666668,982.0261742560107,524.2288984868022,4.146811895832025,1,6,2,1
25.175,981.3999633978555,525.4496744060879,4.104180471870885,1,6,2,1
25.183333333333334,981.5746946801958,526.3675092178725,4.134489798597066,1,6,2,1
25.191666666666666,981.7898592652591,526.1473997691107,4.120084426240105,1,6,2,1
25.2,981.2951738679351,527.7370733158463,4.114457140727085,1,6,2,1
25.208333333333332,981.3831996438586,528.3002677211856,4.12691451703563,1,6,2,1
25.216666666666665,980.9116355676471,528.942824613549,4.12702030278408,1,6,2,1
25.225,980.5755836284413,529.2999926887276,4.124456847993745,1,6,2,1
25.233333333333334,979.3741148085194,529.2562597338805,4.058871541505438,1,6,2,1
25.241666666666667,977.6958802068225,529.5851251705332,4.04010200343907,1,6,2,1
25.25,978.6831159742354,528.437613827964,4.135932431225809,1,6,2,1
25.258333333333333,977.5965196940017,528.3932408166924,4.122964200545426,1,6,2,1
25.266666666666666,977.7366332278802,528.5930100189396,4.1451203726830625,1,6,2,1
25.275,976.4586911099693,526.8296331415614,4.111869521224553,1,6,2,1
25.283333333333335,976.4327105561492,527.2186506194475,4.093377634623451,1,6,2,1
25.291666666666668,976.4448855823541,526.5230730293989,4.073732754614461,1,6,2,1
25.3,975.6146752307335,526.7537878931996,4.150432215988009,1,6,2,1
25.308333333333334,974.9935564299125,526.8620019726925,4.123854094941081,1,6,2,1
25.316666666666666,974.3079143031143,528.3657064126189,4.12630896603724,1,6,2,1
25.325,973.7818848789572,528.6354429174589,4.115470689050064,1,6,2,1
25.333333333333332,974.3710349711481,527.9604124665707,4.098864628647223,1,6,2,1
25.341666666666665,973.7154625224616,527.9379180889508,4.136811806161021,1,6,2,1
25.35,974.1982484910113,528.7535581367474,4.10745021633504,1,6,2,1
25.358333333333334,973.6705160304338,528.9302406316017,4.1319148489861535,1,6,2,1
25.366666666666667,972.2750113920459,529.9616224827628,4.164821345743225,1,6,2,1
25.375,973.022453728091,529.0523655672032,4.166836286411818,1,6,2,1
25.383333333333333,972.7817333448914,530.0440215450703,4.153451790991682,1,6,2,1
25.391666666666666,972.8700518335664,530.5153930865098,4.109532535357237,1,6,2,1
25.4,972.9770521099432,530.0312280036752,4.1557745088254086,1,6,2,1
25.408333333333335,971.0765578588638,530.229044408031,4.156498149173736,1,6,2,1
25.416666666666668,969.5954881543761,530.5297538300243,4.14932132447256,1,6,2,1
25.425,968.8541159802288,528.9758106370531,4.158634210167363,1,6,2,1
25.433333333333334,967.5822723958225,528.9892070377867,4.145429585783989,1,6,2,1
25.441666666666666,967.8077036410269,528.3302908799628,4.1422032056999525,1,6,2,1
25.45,966.4977928686138,528.4329347938713,4.179501378271617,1,6,2,1
25.458333333333332,966.9324872953214,528.8923590131335,4.110750112226513,1,6,2,1
25.466666666666665,966.4635985066643,529.6085730070354,4.1782170227284015,1,6,2,1
25.475,965.8384551843177,528.0211148668562,4.098874825927988,1,6,2,1
25.483333333333334,965.0548312068678,527.6685846990728,4.1328444899655095,1,6,2,1
25.491666666666667,964.9941159733406,527.0828053905271,4.155347007102429,1,6,2,1
25.5,966.0592439970632,527.1623122950765,4.233994490778833,1,6,2,1
25.508333333333333,965.0949421142444,528.319184233648,4.140755712613631,1,6,2,1
25.516666666666666,963.9780586203201,527.6258875078574,4.14495780273841,1,6,2,1
25.525,1181.4337484262685,347.4477243024461,4.152126281247638,1,6,2,1
25.533333333333335,1181.2651666255676,346.6106970445677,4.160001477178559,1,6,2,1
25.541666666666668,962.4270204462692,528.762129967986,4.153102657554875,1,6,2,1
25.55,961.8979029205752,528.837275858907,4.176481005955584,1,6,2,1
25.558333333333334,962.4203233806173,528.4393586749168,4.173492434385208,1,6,2,1
25.566666666666666,962.4071054210683,528.0931600472626,4.12717721824657,1,6,2,1
25.575,962.797937746479,527.8715341877581,4.204330064593291,1,6,2,1
25.583333333333332,963.1441392895281,527.3007193991547,4.134140317942504,1,6,2,1
25.591666666666665,963.3523453715835,527.9462429956137,4.121350110735977,1,6,2,1
25.6,962.8370968409964,529.6897570039135,4.115513321606764,1,6,2,1
25.608333333333334,962.4386753719782,530.8195562662765,4.1461460071594844,1,6,2,1
25.616666666666667,961.7979552965935,531.5402513857912,4.194358164442243,1,6,2,1
25.625,960.9520542394392,532.1392883375694,4.222586491241205,1,6,2,1
25.633333333333333,960.6924440111185,531.21481125295,4.221548641533508,1,6,2,1
25.641666666666666,960.8856005921075,531.5962766924338,4.135156392108463,1,6,2,1
25.65,961.2374419631759,531.9875391255032,4.167843211650168,1,6,2,1
25.658333333333335,962.4715833959392,533.6962185095861,4.199335333386995,1,6,2,1
25.666666666666668,961.1724318723856,534.9565490474089,4.089609608070778,1,6,2,1
25.675,959.6107238448191,534.4989443810259,4.174391047047569,1,6,2,1
25.683333333333334,960.2280670814745,534.4611682470139,4.167179291111267,1,6,2,1
25.691666666666666,960.9161969339194,535.5224323783232,4.179978998919963,1,6,2,1
25.7,960.7274920399551,536.2523769535951,4.207879294094596,1,6,2,1
25.708333333333332,960.2000217310897,537.3546498614239,4.200445433077935,1,6,2,1
25.716666666666665,958.4254969343677,537.5663031993274,4.161585025134428,1,6,2,1
25.725,958.5619520141556,537.6855968167057,4.158126471925496,1,6,2,1
25.733333333333334,958.6923757921638,538.1856460467171,4.17727486595963,1,6,2,1
25.741666666666667,959.1116619935946,537.6878904626315,4.142329622732102,1,6,2,1
25.75,958.902288132745,536.9617915665881,4.189329001428633,1,6,2,1
25.758333333333333,957.6168537406954,538.191732829416,4.258826349885486,1,6,2,1
25.766666666666666,957.7133992581,537.5526308486177,4.122518726425059,1,6,2,1
25.775,958.9796901170157,537.7827368811552,4.160264681468983,1,6,2,1
25.783333333333335,958.0397061607503,537.2143806981163,4.212446211836672,1,6,2,1
25.791666666666668,957.527052020318,537.0687184850982,4.217106879414166,1,6,2,1
25.8,956.4801926566508,534.750996609979,4.16667416188558,1,6,2,1
25.808333333333334,956.8930053174867,535.8676661138217,4.160595661294518,1,6,2,1
25.816666666666666,956.4571622444441,536.1323471731964,4.22904125629519,1,6,2,1
25.825,957.3364748206404,536.7011774991792,4.140258365315407,1,6,2,1
25.833333333333332,958.2064153514575,537.3582968540247,4.144516732178015,1,6,2,1
25.841666666666665,957.6152415918846,538.5116751593647,4.193783003036737,1,6,2,1
25.85,957.964720696605,538.2570616015037,4.232276133938253,1,6,2,1
25.858333333333334,959.3456725609275,538.3862249414893,4.152968400870018,1,6,2,1
25.866666666666667,958.7914726490237,538.0895896360754,4.1606212741830495,1,6,2,1
25.875,958.6997700715933,536.983313815353,4.2332644900248635,1,6,2,1
25.883333333333333,957.8409350804151,536.139105402378,4.236070405581885,1,6,2,1
25.891666666666666,957.9589087814021,538.3177928462788,4.275698800583991,1,6,2,1
25.9,957.4333434713085,538.2359870196699,4.217841760246172,1,6,2,1
25.908333333333335,958.1443695641418,540.662357125716,4.191981772463502,1,6,2,1
25.916666666666668,957.471755500986,540.245170204362,4.17076935148087,1,6,2,1
25.925,956.7954376784904,538.0064803307736,4.217881782943009,1,6,2,1
25.933333333333334,957.4809933095008,537.2453337796613,4.209024768387472,1,6,2,1
25.941666666666666,957.4457218052403,537.7057260698551,4.2027471258197915,1,6,2,1
25.95,957.1920549770427,537.2067689406283,4.1573314617159935,1,6,2,1
25.958333333333332,957.3938837213107,538.2574472490596,4.1841517708855855,1,6,2,1
25.966666666666665,955.9146500994112,537.6696418558565,4.195287014149574,1,6,2,1
25.975,955.9681071410404,537.4410391352266,4.193465697700912,1,6,2,1
25.983333333333334,957.0574363128738,539.3058958140131,4.121192333150397,1,6,2,1
25.991666666666667,957.6791875180653,539.2900366156985,4.188640412677268,1,6,2,1
26.0,956.5939667675542,541.1316782777944,4.262663582630339,1,6,2,1
26.008333333333333,957.0546937763461,540.8347212296295,4.245361336551035,1,6,2,1
26.016666666666666,956.3969872325804,541.9956537354051,4.230547504020234,1,6,2,1
26.025,957.3572421955081,542.377668416346,4.246346985605142,1,6,2,1
26.033333333333335,957.7768772524871,542.4537566377454,4.184143000057482,1,6,2,1
26.041666666666668,957.3447869353737,542.7320195999862,4.233558871964004,1,6,2,1
26.05,958.000167978308,543.1482989276666,4.204973756618779,1,6,2,1
26.058333333333334,957.813721439828,543.290951661822,4.2330995392946456,1,6,2,1
26.066666666666666,957.6410470976505,543.7109455759559,4.2156750500449345,1,6,2,1
26.075,957.6404290141973,544.0098177003812,4.186347537505872,1,6,2,1
26.083333333333332,958.6538804862134,542.7971574347141,4.150152678560638,1,6,2,1
26.091666666666665,958.5519959708087,542.7705788404785,4.2176038266645675,1,6,2,1
26.1,958.5144397693284,543.1429905172856,4.176338232587467,1,6,2,1
26.108333333333334,960.4091176793618,542.7943676696674,4.209689737020394,1,6,2,1
26.116666666666667,960.7605567890035,542.4737933653122,4.209062851836714,1,6,2,1
26.125,960.8498365412878,542.3527124037556,4.185170889764318,1,6,2,1
26.133333333333333,960.9804164096687,543.256401107543,4.280634998778673,1,6,2,1
26.141666666666666,959.9851465893775,542.6781427014275,4.203481585030505,1,6,2,1
26.15,958.9265199375589,541.5986518849521,4.210995534164651,1,6,2,1
26.158333333333335,959.0958473826698,542.2297870830839,4.226521295276747,1,6,2,1
26.166666666666668,959.4539071769965,540.6882048145828,4.228511768947254,1,6,2,1
26.175,958.9980669852009,540.9318593624549,4.190138249546489,1,6,2,1
26.183333333333334,959.0768123901423,541.2774267428285,4.187034026114384,1,6,2,1
26.191666666666666,959.8045437103016,541.5129602100972,4.210080923493989,1,6,2,1
26.2,960.5761512622694,540.990553316438,4.186426390415898,1,6,2,1
26.208333333333332,960.3172256101589,540.0567616574968,4.171288574610918,1,6,2,1
26.216666666666665,958.8305154879058,540.0884624998864,4.173883684903957,1,6,2,1
26.225,959.2822411305347,539.7337450346846,4.187630927083489,1,6,2,1
26.233333333333334,957.2646061861217,540.4209552263509,4.2340054516389705,1,6,2,1
26.241666666666667,955.7923515029399,539.300648633524,4.1712384383543375,1,6,2,1
26.25,955.7862699784804,538.6998321436066,4.191820858078854,1,6,2,1
26.258333333333333,956.3808993697257,537.7444866255382,4.148039016515688,1,6,2,1
26.266666666666666,956.1936681663983,536.7721925227656,4.251752435909355,1,6,2,1
26.275,957.4812013585451,536.5902319380348,4.204322422060466,1,6,2,1
26.283333333333335,958.014162523893,535.7065295366054,4.130335138669648,1,6,2,1
26.291666666666668,958.6125786370703,535.9616706426274,4.275841408796561,1,6,2,1
26.3,957.2239469080794,534.4202799706666,4.1689731265036745,1,6,2,1
26.308333333333334,486.7006429222818,737.1826026768554,4.227054387472731,1,6,2,1
26.316666666666666,487.1083994319849,737.7175976865749,4.167689214801889,1,6,2,1
26.325,959.3191352942117,535.3222542344607,4.192580172496102,1,6,2,1
26.333333333333332,958.982768450962,535.2525727256436,4.214421398599182,1,6,2,1
26.341666666666665,957.7219704836991,535.5876665313608,4.1680502429673645,1,6,2,1
26.35,957.5876745416211,535.7305544558889,4.198669801101932,1,6,2,1
26.358333333333334,957.6179106136748,535.1957355885646,4.225662839996894,1,6,2,1
26.366666666666667,957.4113175443878,535.4178297430144,4.234710783112119,1,6,2,1
26.375,,,,0,6,2,1
26.383333333333333,,,,0,6,2,1
26.391666666666666,,,,0,6,2,1
26.4,,,,0,6,2,1
26.408333333333335,,,,0,6,2,1
26.416666666666668,,,,0,6,2,1
26.425,,,,0,6,2,1
26.433333333333334,959.5725262978405,531.5545224037386,4.2472732804829745,1,6,2,1
26.441666666666666,960.1317877965215,529.5475810427182,4.205087618720457,1,6,2,1
26.45,959.067492326469,529.356986305418,4.235613212221206,1,6,2,1
26.458333333333332,959.0478595674924,529.6087633304935,4.217947092297181,1,6,2,1
26.466666666666665,959.5864582062446,529.9161626551037,4.15836025175686,1,6,2,1
26.475,959.2365254738463,528.5805934781054,4.188437729759375,1,6,2,1
26.483333333333334,959.8286842503774,529.6507634866707,4.225835337155115,1,6,2,1
26.491666666666667,959.4722002816726,529.9202450753911,4.1691662127971645,1,6,2,1
26.5,958.3623553323312,528.5313646651914,4.228229876185417,1,6,2,1
26.508333333333333,957.1010506052232,529.5839644219727,4.228949873163594,1,6,2,1
26.516666666666666,957.0755447581074,530.0312936504589,4.213451105837452,1,6,2,1
26.525,956.1964311879397,529.8606217696054,4.232940750481102,1,6,2,1
26.533333333333335,955.8813656560638,528.9338241914852,4.17854147797174,1,6,2,1
26.541666666666668,956.565498836836,528.3160661268035,4.2061566961782395,1,6,2,1
26.55,957.3890008836908,527.1024946512784,4.192871963839036,1,6,2,1
26.558333333333334,956.9180271668212,527.4112882612352,4.179848961319042,1,6,2,1
26.566666666666666,956.6211058211537,528.797069003885,4.182809714401657,1,6,2,1
26.575,958.1441568656135,529.1426368669796,4.174781677237439,1,6,2,1
26.583333333333332,958.8396827045655,529.4171338221132,4.170072948507937,1,6,2,1
26.591666666666665,957.3829768705818,529.981450776382,4.177045760323524,1,6,2,1
26.6,957.1992428155953,528.9742618740014,4.213401036942895,1,6,2,1
26.608333333333334,957.9784798099757,529.3387961525904,4.22203740310993,1,6,2,1
26.616666666666667,957.5959529428383,529.5563251018975,4.126862767491777,1,6,2,1
26.625,956.6718041256499,528.7921413835995,4.209362332722592,1,6,2,1
26.633333333333333,957.9825009350583,528.689966088243,4.140613785906477,1,6,2,1
26.641666666666666,958.7144045575013,528.2854832005805,4.123670939626608,1,6,2,1
26.65,959.5278754906791,528.1407333941953,4.188384410787539,1,6,2,1
26.658333333333335,958.6011187299853,528.4611250739816,4.1279049913702535,1,6,2,1
26.666666666666668,958.1673587926364,528.6457965917784,4.130731437038759,1,6,2,1
26.675,959.544082657939,528.9200452376899,4.134386066652145,1,6,2,1
26.683333333333334,958.7196321681464,530.0037941195868,4.15827914894901,1,6,2,1
26.691666666666666,959.3342547603709,530.3901206447966,4.229057714038359,1,6,2,1
26.7,959.9980524129899,530.9898280823367,4.180469831210464,1,6,2,1
26.708333333333332,961.3378589082092,531.8119450539602,4.1561427791440195,1,6,2,1
26.716666666666665,962.0207184187499,530.7644331004981,4.153154017785369,1,6,2,1
26.725,962.5372284196641,532.0099100319362,4.158861599091556,1,6,2,1
26.733333333333334,963.3961440580022,530.7322675528338,4.204799123495327,1,6,2,1
26.741666666666667,964.0522386395976,529.996813713457,4.189962991503957,1,6,2,1
26.75,964.7682866581788,529.2939736565711,4.195613473099878,1,6,2,1
26.758333333333333,964.3335641707149,528.1274933069648,4.219233524047872,1,6,2,1
26.766666666666666,963.9126830655727,528.875984277439,4.181755144298314,1,6,2,1
26.775,962.9941115634865,528.4582225965154,4.179186244565183,1,6,2,1
26.783333333333335,632.0817382914336,-24.625107087744595,4.152786259341587,1,6,2,1
26.791666666666668,631.0536529669728,-24.738242153537954,4.210661647813142,1,6,2,1
26.8,961.7591403927638,530.0703303172863,4.1422644746965105,1,6,2,1
26.808333333333334,962.7908431677128,530.3509479159933,4.170552784119967,1,6,2,1
26.816666666666666,961.125808662309,529.2866236712183,4.199366956085624,1,6,2,1
26.825,961.3284291446228,529.3643841167402,4.190175021039026,1,6,2,1
26.833333333333332,962.1945542816977,530.8539042461773,4.197455396686776,1,6,2,1
26.841666666666665,962.8884954139122,530.1498238129317,4.159825986703856,1,6,2,1
26.85,964.0872049269568,531.2131594213322,4.181796655542074,1,6,2,1
26.858333333333334,964.3201376912358,532.3260678862778,4.226659463178065,1,6,2,1
26.866666666666667,963.5083113393453,531.8387018109635,4.134017164295972,1,6,2,1
26.875,964.2769708800802,531.0601462634667,4.178316291941889,1,6,2,1
26.883333333333333,965.4437247700631,530.6004247490098,4.154967543120376,1,6,2,1
26.891666666666666,965.4930778935814,529.6315858839351,4.130318289161879,1,6,2,1
26.9,965.4701980530259,529.7733735975388,4.198528776031616,1,6,2,1
26.908333333333335,963.6957114803765,529.480384436322,4.150124821229506,1,6,2,1
26.916666666666668,963.2631559251336,528.8239807038694,4.186099262642616,1,6,2,1
26.925,963.7571413949702,529.5792216366439,4.124344314032733,1,6,2,1
26.933333333333334,962.6206773715833,529.4078053808354,4.116607729972425,1,6,2,1
26.941666666666666,963.7295559134543,531.1571238980782,4.206115806393484,1,6,2,1
26.95,964.8098203454413,532.482103797645,4.202200594120285,1,6,2,1
26.958333333333332,965.5943106582527,531.3996897365193,4.1785071427223155,1,6,2,1
26.966666666666665,1521.9979873045752,443.57659285756654,4.159331256105554,1,6,2,1
26.975,1520.2213876664368,444.66986045834415,4.225911960159049,1,6,2,1
26.983333333333334,963.1441024108244,533.4467390877796,4.19818199792628,1,6,2,1
26.991666666666667,963.175413006478,533.1540885927408,4.061448714287878,1,6,2,1
27.0,963.8851042570308,533.0465336292158,4.156143221270824,1,6,2,1
27.008333333333333,964.2508126077199,531.7951913918312,4.222746360469791,1,6,2,1
27.016666666666666,962.5336715273488,531.3613173339534,4.211173451110363,1,6,2,1
27.025,962.2092065129027,532.0489328683364,4.169527044133152,1,6,2,1
27.033333333333335,963.4435306665129,531.4321683963087,4.162215404772601,1,6,2,1
27.041666666666668,962.7347166421563,531.7689008673301,4.197254863278006,1,6,2,1
27.05,963.4226639898733,531.4555128153623,4.271449584817996,1,6,2,1
27.058333333333334,964.1979582118219,530.413065503191,4.202335755356464,1,6,2,1
27.066666666666666,963.4213030576013,529.8181597420408,4.095872355494207,1,6,2,1
27.075,963.0632121602896,529.5490439946254,4.292236956429334,1,6,2,1
27.083333333333332,962.7542546196396,529.812701964388,4.152739630252581,1,6,2,1
27.091666666666665,961.7837666835336,531.4355905985984,4.13996374142312,1,6,2,1
27.1,987.7478675082828,170.35230430292813,4.259382597147744,1,6,2,1
27.108333333333334,986.6112859427667,169.9727377364086,4.252470927373158,1,6,2,1
27.116666666666667,960.4489344291318,530.6382021583951,4.21726905450009,1,6,2,1
27.125,959.5338172489049,530.5633287739462,4.281516178634376,1,6,2,1
27.133333333333333,960.060989166577,528.9292616804605,4.29267101936529,1,6,2,1
27.141666666666666,960.643718754114,529.1718525252732,4.2690904511445344,1,6,2,1
27.15,960.1316811527483,528.6130467511972,4.199274130956692,1,6,2,1
27.158333333333335,959.7207374472639,528.3154966721609,4.233272300630347,1,6,2,1
27.166666666666668,959.4241932538569,528.0662624339644,4.276694876682306,1,6,2,1
27.175,959.6225939349818,528.9725987374034,4.321183089136092,1,6,2,1
27.183333333333334,959.2169126108384,528.792362797146,4.255494477031253,1,6,2,1
27.191666666666666,958.9136267314888,528.9305577947782,4.313946929120597,1,6,2,1
27.2,959.3647825068931,528.7274648739897,4.259508345849531,1,6,2,1
27.208333333333332,958.3846110625045,528.698196500568,4.238134313722012,1,6,2,1
27.216666666666665,958.477176042292,528.123580414712,4.267333019462717,1,6,2,1
27.225,958.2794095235788,528.94844873693,4.279981727363005,1,6,2,1
27.233333333333334,957.3344656346742,530.0565752144394,4.291085818227347,1,6,2,1
27.241666666666667,958.1193786023547,529.8795855472939,4.26623501006288,1,6,2,1
27.25,958.8802779893211,528.9743311860202,4.26905429010146,1,6,2,1
27.258333333333333,958.1829008755676,530.9900554344902,4.206484688422101,1,6,2,1
27.266666666666666,958.326039802093,530.869281772763,4.263111292003521,1,6,2,1
27.275,958.7739722061712,532.8376568907516,4.360188699404214,1,6,2,1
27.283333333333335,956.917464486288,532.9347818985433,4.298975937360433,1,6,2,1
27.291666666666668,955.7005854373074,532.3896374864865,4.314180140304801,1,6,2,1
27.3,957.438470323559,531.6125384390265,4.278341325358129,1,6,2,1
27.308333333333334,957.3228907487897,530.61066338819,4.2570754775248805,1,6,2,1
27.316666666666666,957.2191834680461,530.3626903606962,4.217583713358046,1,6,2,1
27.325,957.8986700431972,531.3790615777565,4.2964110476026045,1,6,2,1
27.333333333333332,957.9117619240316,531.621630375696,4.295748884975835,1,6,2,1
27.341666666666665,956.0528785220582,531.4526953814312,4.2549818257119005,1,6,2,1
27.35,955.4336549869944,532.0212880963451,4.237717062885494,1,6,2,1
27.358333333333334,955.5929180138746,532.5471850672673,4.200909068669846,1,6,2,1
27.366666666666667,955.2197477121828,533.2945045529246,4.246436798096459,1,6,2,1
27.375,955.5070894793361,534.3924270838573,4.194738695276091,1,6,2,1
27.383333333333333,955.7655535338486,534.5984429827031,4.14877311096252,1,6,2,1
27.391666666666666,954.8069400576172,534.9081934104311,4.185680852278165,1,6,2,1
27.4,955.2469437605713,535.3444403942092,4.190044350834844,1,6,2,1
27.408333333333335,955.2952624376875,534.9985807543202,4.205290934790073,1,6,2,1
27.416666666666668,955.4580114156375,535.210335603626,4.203267125848394,1,6,2,1
27.425,956.3078420499705,535.143392221996,4.108853291104189,1,6,2,1
27.433333333333334,957.8325879261636,534.8247386169478,4.090922185731562,1,6,2,1
27.441666666666666,957.5140069295263,534.8931657652248,4.14148548502352,1,6,2,1
27.45,959.2845038683557,534.9086059244719,4.082822128224277,1,6,2,1
27.458333333333332,960.2145536173713,535.133120158778,4.116507807767374,1,6,2,1
27.466666666666665,961.0682255281998,535.3959399113833,4.146829388595041,1,6,2,1
27.475,960.8551215620207,534.9518075707118,4.1045162540364135,1,6,2,1
27.483333333333334,961.5100919038341,534.4585468936168,4.108635433831029,1,6,2,1
27.491666666666667,1208.8386257330471,249.00921710426212,4.103511326335221,1,6,2,1
27.5,1208.3350424878074,250.0732117946576,4.120574759845274,1,6,2,1
27.508333333333333,959.0933032266157,537.4085791938168,4.0762617576680436,1,6,2,1
27.516666666666666,959.1435532299921,537.167251018043,4.057718504850646,1,6,2,1
27.525,958.2443709912432,538.0272448283819,4.14725078727081,1,6,2,1
27.533333333333335,958.2804098971308,537.4546270099706,4.108133721356331,1,6,2,1
27.541666666666668,957.2098406894504,538.1357558270732,4.0773004216084905,1,6,2,1
27.55,956.4018331168988,538.296226991745,4.142077924128433,1,6,2,1
27.558333333333334,955.2909861873997,540.0034029721367,4.093139227774615,1,6,2,1
27.566666666666666,955.1231165539484,539.4186135501253,4.073907575263806,1,6,2,1
27.575,955.1608970931103,540.3303229326192,4.08352868210369,1,6,2,1
27.583333333333332,955.418193700388,541.11405806401,4.103002865934434,1,6,2,1
27.591666666666665,956.2485123573844,540.9968090821031,4.117352541569664,1,6,2,1
27.6,956.1881319473116,540.8898917850528,4.043881939878729,1,6,2,1
27.608333333333334,956.9174635430347,541.4295413017006,4.0854820083941945,1,6,2,1
27.616666666666667,956.3265904186436,541.4433845644429,4.145544551145527,1,6,2,1
27.625,956.930698926023,542.0840790998409,4.091366023800612,1,6,2,1
27.633333333333333,955.59358146597,542.9349500437343,4.109815032268503,1,6,2,1
27.641666666666666,954.7898983579204,542.7440137532407,4.053728930611473,1,6,2,1
27.65,954.9936829239723,542.0311747273311,4.076783158329913,1,6,2,1
27.658333333333335,954.4763927551373,543.3663057040533,4.142314352635887,1,6,2,1
27.666666666666668,954.4118210450345,541.8145685629353,3.9836657493687624,1,6,2,1
27.675,953.8449816752666,541.916426481763,4.1207751708343485,1,6,2,1
27.683333333333334,1375.5891056111282,435.603781943914,4.0798112990778135,1,6,2,1
27.691666666666666,1375.04232470353,435.35385305326224,4.084759164041445,1,6,2,1
27.7,953.6838519877191,539.66779623452,4.085418531830731,1,6,2,1
27.708333333333332,952.6723587104738,539.7700920474622,4.028567403789156,1,6,2,1
27.716666666666665,952.4289576188557,541.2601798362574,4.072811074908173,1,6,2,1
27.725,951.5401833258704,541.0509332222841,4.148828020304025,1,6,2,1
27.733333333333334,951.4674251915272,541.4824221276134,4.0424358291113265,1,6,2,1
27.741666666666667,951.869813840375,541.9997301050421,4.109239651791205,1,6,2,1
27.75,951.4327869163401,542.4723581204737,4.06423317886436,1,6,2,1
27.758333333333333,951.9731095935091,540.5257846764346,4.106112616427465,1,6,2,1
27.766666666666666,951.6718675760436,540.8820076316043,4.033457717832492,1,6,2,1
27.775,952.5996192445602,540.0631677064667,4.099193417685744,1,6,2,1
27.783333333333335,952.5310208523205,539.1003966075252,4.102947755851253,1,6,2,1
27.791666666666668,952.1432255287461,538.7671265480068,4.048549974811494,1,6,2,1
27.8,953.6345823662546,539.1955380364877,4.042407865579655,1,6,2,1
27.808333333333334,954.3998160281367,540.2728192351285,4.037640322732638,1,6,2,1
27.816666666666666,954.2220348125126,540.3984514584072,4.04106508482458,1,6,2,1
27.825,954.5345298746405,540.518053808351,4.071762354133007,1,6,2,1
27.833333333333332,954.5603811650649,540.5523422924721,4.056860476667594,1,6,2,1
27.841666666666665,955.2202212274245,542.3449822233752,4.030212957662654,1,6,2,1
27.85,955.1576369734267,542.5123911688919,4.038431464048802,1,6,2,1
27.858333333333334,953.291392115632,541.8484616014324,3.9801442937389755,1,6,2,1
27.866666666666667,952.352642080524,542.5037587130295,4.080312341204163,1,6,2,1
27.875,950.8625362953708,544.2111196537642,4.056017811536025,1,6,2,1
27.883333333333333,951.0666389981333,545.4663801915807,4.0515239962524445,1,6,2,1
27.891666666666666,951.2394530959349,545.9107996578929,4.049443911275332,1,6,2,1
27.9,950.8426258561773,547.0782201861801,4.051508730695818,1,6,2,1
27.908333333333335,950.4018619807605,545.8494560215252,4.063695154391166,1,6,2,1
27.916666666666668,951.3644479070481,545.0795103265676,4.047983292056169,1,6,2,1
27.925,950.9493896218897,545.8880941428285,4.0132085211785204,1,6,2,1
27.933333333333334,949.0031121408232,544.9256458974689,4.0534992055667285,1,6,2,1
27.941666666666666,948.6999649519746,545.6944947592579,4.10080473536754,1,6,2,1
27.95,948.2615591569946,546.2356487263179,4.028753701810522,1,6,2,1
27.958333333333332,948.5814229106774,545.209081007269,4.078715108349545,1,6,2,1
27.966666666666665,947.3555479585929,544.260788886108,4.039622368408265,1,6,2,1
27.975,948.0253748574482,543.5473644950066,4.038773249117336,1,6,2,1
27.983333333333334,947.9721760146872,543.3705549908634,4.0473720116112295,1,6,2,1
27.991666666666667,948.7574805148228,544.1521897744259,4.077680375002741,1,6,2,1
28.0,948.6849508328821,544.9763154678834,4.049390783945615,1,6,2,1
28.008333333333333,947.0212621077009,544.4646845572535,4.077493254418784,1,6,2,1
28.016666666666666,946.5603225703717,543.5909953483881,4.072505173792495,1,6,2,1
28.025,947.2509377095874,543.4071807252228,4.0779050976520965,1,6,2,1
28.033333333333335,1430.720442045731,1003.5966570969425,4.038752517255085,1,6,2,1
28.041666666666668,1430.3163113328696,1003.599879404593,4.013543807635773,1,6,2,1
28.05,946.6962523002338,543.0127313791683,4.052616945490553,1,6,2,1
28.058333333333334,945.8205058147959,542.6666128094372,4.019460830295079,1,6,2,1
28.066666666666666,947.077386993015,541.7911379091099,4.022350062780175,1,6,2,1
28.075,946.6590677569754,540.9530317495243,4.08183291282607,1,6,2,1
28.083333333333332,945.3962586259728,541.2441191009326,4.017328557456373,1,6,2,1
28.091666666666665,944.3460961118184,539.8850925772715,4.042181850240837,1,6,2,1
28.1,942.5475150598218,539.5099462494061,4.033329470858443,1,6,2,1
28.108333333333334,945.0645448513378,539.5467749272423,4.000190323655559,1,6,2,1
28.116666666666667,945.2917829249266,538.8146329893138,4.064159819294942,1,6,2,1
28.125,946.0297549266471,539.190326342782,4.017913427849916,1,6,2,1
28.133333333333333,945.5733682925303,538.9686962410361,4.022751329045829,1,6,2,1
28.141666666666666,945.3931759321463,539.5108043782957,4.059234765653723,1,6,2,1
28.15,944.9855162517069,538.6630872435159,4.046211196239918,1,6,2,1
28.158333333333335,943.9758356532714,537.6003172198265,4.002029766491012,1,6,2,1
28.166666666666668,945.2587952264208,537.0337968484591,3.965067060037729,1,6,2,1
28.175,944.2620605251702,536.45736864905,4.055140640500979,1,6,2,1
28.183333333333334,943.9820947879577,537.0144196457187,4.008628738631862,1,6,2,1
28.191666666666666,944.5421306679676,536.9043192233715,4.016726893405424,1,6,2,1
28.2,944.4363390973333,536.1831443888043,3.96300813335689,1,6,2,1
28.208333333333332,945.1603875455887,534.7859650150576,4.067084258537508,1,6,2,1
28.216666666666665,944.8939673896152,534.6465898904039,4.0393400695090405,1,6,2,1
28.225,944.4333880250118,534.9269525790012,4.0146932967238715,1,6,2,1
28.233333333333334,944.7745766678312,534.6170543990452,4.021322456405854,1,6,2,1
28.241666666666667,944.8110634833029,533.610337653428,4.003612221577828,1,6,2,1
28.25,944.2589984313312,534.0120649751843,4.029770184894064,1,6,2,1
28.258333333333333,944.5573796102398,532.7059828583588,4.030784985842602,1,6,2,1
28.266666666666666,944.9950655187687,532.7725991170357,4.039864688879083,1,6,2,1
28.275,944.7191999471397,532.7831887542762,4.061788605104741,1,6,2,1
28.283333333333335,416.96388321991697,548.7858404569113,4.038216176733183,1,6,2,1
28.291666666666668,417.9569481622939,548.1127426535061,4.048569339395402,1,6,2,1
28.3,946.5845862349121,532.0264156875169,4.0472615424997835,1,6,2,1
28.308333333333334,946.5402047655731,531.8463546346646,4.043450188918408,1,6,2,1
28.316666666666666,946.6108202011501,531.4731721980871,3.9961538557554954,1,6,2,1
28.325,947.9759927685355,530.5267107080366,4.009394067796347,1,6,2,1
28.333333333333332,947.6854133292312,529.4066505355377,4.006466814266455,1,6,2,1
28.341666666666665,948.9410113364638,529.4559924295266,4.017470824260612,1,6,2,1
28.35,947.7893416116252,531.0526814214676,3.9767667861286404,1,6,2,1
28.358333333333334,949.0158716389418,529.9499261126612,3.9805565405663863,1,6,2,1
28.366666666666667,948.3714065712497,531.5131611979381,4.018996108267174,1,6,2,1
28.375,1470.8823565133177,1006.4322055254468,4.00454218279901,1,6,2,1
28.383333333333333,1470.3347156418163,1006.4753351186973,4.042791261610289,1,6,2,1
28.391666666666666,947.8017643260732,532.0694167860959,4.006956259356908,1,6,2,1
28.4,947.6953268325724,531.7284110086459,4.035273913594365,1,6,2,1
28.408333333333335,946.6927316167706,531.6924989992472,4.052788756720775,1,6,2,1
28.416666666666668,946.3965882898356,530.3579554382958,4.057148065242271,1,6,2,1
28.425,724.5937605899253,364.9052225142902,4.060302314353885,1,6,2,1
28.433333333333334,725.4311993110948,365.29013239969555,3.972354989747311,1,6,2,1
28.441666666666666,949.4645297957101,531.3660965543518,4.097920016946929,1,6,2,1
28.45,949.6558748986099,531.1457229809358,4.012081447845565,1,6,2,1
28.458333333333332,948.5028369336472,533.2966562740601,4.05018091093991,1,6,2,1
28.466666666666665,948.1791951454617,533.6610639083023,4.0191763508949725,1,6,2,1
28.475,948.9986964917055,532.8021273773356,3.9569047281260445,1,6,2,1
28.483333333333334,948.0083154016141,532.9782955709609,4.059428482723092,1,6,2,1
28.491666666666667,948.2458879160779,533.089347789559,4.000382729127124,1,6,2,1
28.5,946.6672956907522,533.613113660963,4.072075359335826,1,6,2,1
28.508333333333333,945.6612981281348,534.1905020059522,4.0476299118002474,1,6,2,1
28.516666666666666,945.6494861269132,534.7909280399734,4.03767350206211,1,6,2,1
28.525,945.5137859289977,533.9162383405474,4.0198109420239545,1,6,2,1
28.533333333333335,945.8128734671329,534.3385098522391,4.01507308983051,1,6,2,1
28.541666666666668,945.1269904372863,534.0300733068285,3.9979712023218625,1,6,2,1
28.55,945.113519300827,535.5984815111397,4.018630556607753,1,6,2,1
28.558333333333334,946.0193143638486,534.769634782648,4.008251702316508,1,6,2,1
28.566666666666666,947.0519170824575,534.660202908507,4.001123542616062,1,6,2,1
28.575,947.4907546290741,534.3626575599557,4.022007835538587,1,6,2,1
28.583333333333332,948.3589512285538,534.1440201666344,3.96899019496998,1,6,2,1
28.591666666666665,948.5318243259179,533.1482188788516,4.047743729617489,1,6,2,1
28.6,948.8080653469409,532.4034296985284,3.9524550896525388,1,6,2,1
28.608333333333334,947.674689306785,533.6739055607193,3.950189517477222,1,6,2,1
28.616666666666667,949.0133284054309,533.71674328452,4.038596933639542,1,6,2,1
28.625,949.3844796319933,534.967778536057,4.046786167729977,1,6,2,1
28.633333333333333,949.6994632606823,534.1159938737592,4.044544038799904,1,6,2,1
28.641666666666666,950.1283782426049,534.2329534960713,4.035950932792608,1,6,2,1
28.65,949.4408948293953,535.0995852986204,3.9965542825512017,1,6,2,1
28.658333333333335,949.5645909822131,534.7860673770624,4.015291484103925,1,6,2,1
28.666666666666668,949.6562714700659,533.9545553152869,3.9699571665815245,1,6,2,1
28.675,949.9831901149577,534.0395048906814,3.9680362725377227,1,6,2,1
28.683333333333334,948.1921390659882,534.1349955921377,4.02892835667833,1,6,2,1
28.691666666666666,947.3025360756295,533.5060116361034,4.005601957930719,1,6,2,1
28.7,946.7081010498409,533.533816453513,3.9726556443326393,1,6,2,1
28.708333333333332,945.1319691616627,533.7368661454975,4.008350202873273,1,6,2,1
28.716666666666665,945.5265806798731,533.1003399784801,3.9703412833259626,1,6,2,1
28.725,945.3164357373262,532.2928767053029,3.990595458604448,1,6,2,1
28.733333333333334,944.531193818515,532.783052709779,4.001130845149363,1,6,2,1
28.741666666666667,944.0852374775864,532.5910787222799,3.9488891759213582,1,6,2,1
28.75,943.572147568629,532.7753416665722,4.000525496917764,1,6,2,1
28.758333333333333,944.4206656094335,532.9047668771551,3.9814906499933405,1,6,2,1
28.766666666666666,944.0887061825229,533.7979837236267,4.049127382304238,1,6,2,1
28.775,943.053044593704,534.5762769521156,3.9663813757978805,1,6,2,1
28.783333333333335,942.9611275017879,534.9747871190324,3.9941523592498793,1,6,2,1
28.791666666666668,942.0467894494395,535.4535882625511,3.9932091696556924,1,6,2,1
28.8,941.8160512245713,536.2631791445817,3.9523070845218005,1,6,2,1
28.808333333333334,940.7193595105051,536.1269090372062,3.9555324128883482,1,6,2,1
28.816666666666666,942.5263139325789,536.8631221157104,3.995395222697002,1,6,2,1
28.825,943.4096367162001,537.9140020380821,4.057770358689375,1,6,2,1
28.833333333333332,943.5885360066412,538.6813387030845,3.9895612944405996,1,6,2,1
28.841666666666665,942.4439517270537,538.151038662153,3.968657570723018,1,6,2,1
28.85,942.5928632211271,538.3719004313741,4.010956083491916,1,6,2,1
28.858333333333334,942.1501543797232,537.5631467941741,3.9711088033901376,1,6,2,1
28.866666666666667,942.9790057376697,537.871619032558,3.9608832259104876,1,6,2,1
28.875,942.488725247432,539.5383468483352,3.9932081355621722,1,6,2,1
28.883333333333333,942.273218292729,539.1479678925089,4.0239341298282225,1,6,2,1
28.891666666666666,942.3897036998981,538.5178210323163,4.007430178085109,1,6,2,1
28.9,942.4054915637282,538.2679706752872,4.01739975225907,1,6,2,1
28.908333333333335,942.7073398142002,538.0681901904541,4.044792232791605,1,6,2,1
28.916666666666668,943.6400230248145,537.2020883996389,3.980546128684534,1,6,2,1
28.925,944.246477889845,537.611106077725,4.031816712705037,1,6,2,1
28.933333333333334,944.5806763654585,537.3785075478019,3.992720474637959,1,6,2,1
28.941666666666666,945.0515028171228,537.1016217223518,3.9761530196678825,1,6,2,1
28.95,944.6664381494342,538.0496866230782,3.9483770591673673,1,6,2,1
28.958333333333332,942.3586986778724,538.1362866807726,4.023237470406544,1,6,2,1
28.966666666666665,942.1270350413301,538.2889782410635,3.963860643955271,1,6,2,1
28.975,942.917662803203,538.9543189736125,4.000227394871536,1,6,2,1
28.983333333333334,943.1814692072217,539.2242995756916,4.0391536976231945,1,6,2,1
28.991666666666667,942.5741414676286,537.9228637911363,3.963448630961352,1,6,2,1
29.0,942.9383161122835,538.1310920022909,3.9930365701288926,1,6,2,1
29.008333333333333,942.2986849378249,536.9253525558607,3.9602184968783383,1,6,2,1
29.016666666666666,941.6411038658438,536.5382286011252,4.005536540651992,1,6,2,1
29.025,942.4743398517904,537.2118312855974,3.9896591760328133,1,6,2,1
29.033333333333335,940.4460702983658,536.7654447936807,4.03317168936866,1,6,2,1
29.041666666666668,939.5729374389268,536.4164555095244,4.012383284934757,1,6,2,1
29.05,940.9234256246513,535.5387547954981,4.004169918602402,1,6,2,1
29.058333333333334,941.3527052589048,535.2570501841599,4.006876921550161,1,6,2,1
29.066666666666666,941.2889095080275,535.3276833548647,3.9807363708027523,1,6,2,1
29.075,940.1488855990787,534.5415330447019,4.002005318779587,1,6,2,1
29.083333333333332,941.1942463034759,533.505915976641,4.023754103030391,1,6,2,1
29.091666666666665,939.9179012217165,532.9900915531682,4.039543519397044,1,6,2,1
29.1,939.7265048511247,533.3283561583282,3.960627969845438,1,6,2,1
29.108333333333334,939.3705941298072,534.1578893574072,4.0039039156231455,1,6,2,1
29.116666666666667,939.7427784099739,533.8472989391569,3.9546699408247674,1,6,2,1
29.125,939.8017223892564,532.1723451942192,4.037624141171896,1,6,2,1
29.133333333333333,940.8139628104882,532.9046146629396,4.067547096169727,1,6,2,1
29.141666666666666,940.265942482875,531.8808837583549,4.028051003725148,1,6,2,1
29.15,940.5056468166428,531.669221016875,4.00630460158477,1,6,2,1
29.158333333333335,940.6454844578124,530.03947007741,4.01394696024225,1,6,2,1
29.166666666666668,942.3502906193751,531.0257464391896,4.007812846387758,1,6,2,1
29.175,941.4367647025034,530.327909539405,4.043732149546212,1,6,2,1
29.183333333333334,941.9811340066354,530.4693095270596,3.9957186856532103,1,6,2,1
29.191666666666666,942.9180784935651,531.1486505061341,4.025503883457907,1,6,2,1
29.2,943.0067918331482,532.3697175501635,4.007574337064602,1,6,2,1
29.208333333333332,942.8426716529173,531.8775809081004,3.9927230996642633,1,6,2,1
29.216666666666665,943.1995308946033,531.2301064948336,3.971079440239246,1,6,2,1
29.225,944.2176417390451,531.3972885645325,4.012307771330816,1,6,2,1
29.233333333333334,945.5461787005148,531.2703793844048,4.035048676792825,1,6,2,1
29.241666666666667,944.87292040247,530.5242371201964,4.0057613350740136,1,6,2,1
29.25,943.53992915348,529.828956019142,4.02859927403026,1,6,2,1
29.258333333333333,944.1737681363749,529.6526479323937,4.0175657771274755,1,6,2,1
29.266666666666666,943.7194292424065,529.399097144308,4.023375784355952,1,6,2,1
29.275,943.1766512062219,528.3858929930506,4.0247187097639,1,6,2,1
29.283333333333335,943.2777323052825,527.1220845053597,4.072630135303396,1,6,2,1
29.291666666666668,943.5087900940763,526.2182158342961,3.95717171086793,1,6,2,1
29.3,943.9089077371588,525.801071078477,4.025229938624458,1,6,2,1
29.308333333333334,943.7290247424116,524.9932856672556,4.0544350369882975,1,6,2,1
29.316666666666666,943.0327316137614,525.3844058759643,3.9723134222180483,1,6,2,1
29.325,942.0995128148671,526.9716673078912,4.0323335145737875,1,6,2,1
29.333333333333332,943.6721007485531,528.0988334614204,4.020776973812252,1,6,2,1
29.341666666666665,945.4286030638067,529.7462697808648,4.045187902836188,1,6,2,1
29.35,943.6205984271944,530.2930454178844,4.0265858091441755,1,6,2,1
29.358333333333334,944.8692435554798,528.5871712079951,4.049124075344108,1,6,2,1
29.366666666666667,944.0629682624423,528.6283151463891,4.046598937840717,1,6,2,1
29.375,943.6046435463891,529.2427626623127,4.036422215498539,1,6,2,1
29.383333333333333,944.3504116523009,528.6172679994048,4.070413204867192,1,6,2,1
29.391666666666666,943.8673781244422,528.6653549739676,4.010810300385724,1,6,2,1
29.4,943.3733931658686,528.8961857757006,4.086590280386538,1,6,2,1
29.408333333333335,943.3630039859879,529.6184566256704,4.027515124029873,1,6,2,1
29.416666666666668,942.6080129427044,529.3027953741516,3.9918021531219394,1,6,2,1
29.425,942.6918190493585,529.83033071507,3.9831371092334993,1,6,2,1
29.433333333333334,942.4798115766293,530.2971399288521,3.9999021895997595,1,6,2,1
29.441666666666666,941.81052639438,529.7469215244859,4.051651223325717,1,6,2,1
29.45,943.1666695981467,529.4594763523783,4.055018019045028,1,6,2,1
29.458333333333332,942.9631386098358,526.9452931040074,4.065930103219388,1,6,2,1
29.466666666666665,1281.265279600454,408.8414463473115,4.0327530458319805,1,6,2,1
29.475,1281.12764087822,410.01656166710166,4.068877194960207,1,6,2,1
29.483333333333334,941.455818893479,529.9255896200036,4.050417282679024,1,6,2,1
29.491666666666667,942.8729693372513,530.4926236353908,4.012192436204257,1,6,2,1
29.5,942.3307632252828,531.4642706440513,4.041818128445424,1,6,2,1
29.508333333333333,942.3754021697409,531.2534092106938,4.047969183501429,1,6,2,1
29.516666666666666,941.9172306334049,530.8118186833678,4.029733715740939,1,6,2,1
29.525,943.0690191220692,530.3513174113236,4.071428877100313,1,6,2,1
29.533333333333335,942.3505795128337,530.7746264755664,4.09586605306188,1,6,2,1
29.541666666666668,941.9763131700747,531.1919818475598,4.002299548907128,1,6,2,1
29.55,941.4519937584456,530.5487323269344,4.035994309642249,1,6,2,1
29.558333333333334,942.6573622583999,530.053715207878,4.011446008548,1,6,2,1
29.566666666666666,942.0293268750895,529.980697174075,4.038519420405996,1,6,2,1
29.575,942.0252792539292,529.5676888102928,4.063975626875551,1,6,2,1
29.583333333333332,941.6765064904537,529.5618276540164,4.066475274978771,1,6,2,1
29.591666666666665,942.071718453293,529.1962229635024,4.026623249005752,1,6,2,1
29.6,941.9903635521554,528.8801175762515,4.114879675061874,1,6,2,1
29.608333333333334,941.9383695736836,528.3246581438543,4.059166744219102,1,6,2,1
29.616666666666667,943.5199015271872,527.9984926852018,4.024894947810229,1,6,2,1
29.625,943.493820226147,526.5312393552458,4.080489693460382,1,6,2,1
29.633333333333333,942.6397841618997,525.4105422381738,4.0483584877276755,1,6,2,1
29.641666666666666,942.4983711967848,526.3764314644968,4.09597159083298,1,6,2,1
29.65,941.6626965069735,526.368255923702,4.048144097727056,1,6,2,1
29.658333333333335,941.5418428604063,526.7965748091497,4.022795984307441,1,6,2,1
29.666666666666668,941.7865316858744,526.2128206260938,4.102278523335349,1,6,2,1
29.675,941.9823738105057,526.0876353292106,4.065132946974355,1,6,2,1
29.683333333333334,943.244865132007,526.2714143321879,4.085021742219414,1,6,2,1
29.691666666666666,942.3451236232546,526.543665604221,4.038606321098373,1,6,2,1
29.7,942.6682767536856,526.9696544883684,4.041927365568317,1,6,2,1
29.708333333333332,943.1377643917747,527.7416258466714,4.096830555062202,1,6,2,1
29.716666666666665,941.2619664594753,528.5047142310382,4.075108091930361,1,6,2,1
29.725,941.2690273197021,528.387694268027,4.082087568477167,1,6,2,1
29.733333333333334,942.2716301429269,527.3223546397863,4.084492765852017,1,6,2,1
29.741666666666667,940.9928912423768,526.7488238566474,4.052044273433348,1,6,2,1
29.75,940.6444589418453,527.5846801481122,4.093122599313756,1,6,2,1
29.758333333333333,940.9041165253941,528.1050501030794,4.094059668883957,1,6,2,1
29.766666666666666,940.5108290766506,528.5908579164885,4.0774024796326644,1,6,2,1
29.775,939.7541061217008,528.6890723324503,4.114442021052779,1,6,2,1
29.783333333333335,940.3440295976591,528.738411738195,4.091745744527894,1,6,2,1
29.791666666666668,940.5582505500319,529.0831096360683,4.038439823315494,1,6,2,1
29.8,939.8420069854486,530.0130856073123,4.071449990170977,1,6,2,1
29.808333333333334,941.6721689567696,530.380431902657,4.10554517757519,1,6,2,1
29.816666666666666,943.3621348837972,531.155530504279,4.122864013084893,1,6,2,1
29.825,943.1024425570594,531.2068318295015,4.112452128703999,1,6,2,1
29.833333333333332,942.7351187072842,531.935387851318,4.098836652289177,1,6,2,1
29.841666666666665,943.1323862627382,531.5122646675458,4.11459983039422,1,6,2,1
29.85,1335.3725746044522,468.1892292091497,4.093889232174994,1,6,2,1
29.858333333333334,1334.7955887088847,468.33963531524927,4.117310445698731,1,6,2,1
29.866666666666667,942.8908966665275,532.1132727648062,4.037710499302297,1,6,2,1
29.875,943.2992934090428,533.4496955115344,4.112775566786941,1,6,2,1
29.883333333333333,943.0577958960419,531.9194142562465,4.06833422072768,1,6,2,1
29.891666666666666,942.8232742757469,532.3020750863041,4.0739221723513195,1,6,2,1
29.9,942.9850092670509,531.7708192086155,4.076125300081596,1,6,2,1
29.908333333333335,943.8568639993116,531.3072515368015,4.083739337785992,1,6,2,1
29.916666666666668,943.6238091738344,532.1198248379904,4.0919803718097,1,6,2,1
29.925,942.4667623992057,532.2896925742131,4.119152964904771,1,6,2,1
29.933333333333334,942.7769967669543,532.3927573731012,4.119554168932743,1,6,2,1
29.941666666666666,813.445685329534,-251.52842375247326,4.096216761177856,1,6,2,1
29.95,813.4544667181,-251.93683053360724,4.14065063072123,1,6,2,1
29.958333333333332,941.7912779936777,532.6508526491036,4.1195773848426445,1,6,2,1
29.966666666666665,941.8957155781062,532.8005449098255,4.09201855994987,1,6,2,1
29.975,940.3356149172934,532.5472705931115,4.09971586525024,1,6,2,1
29.983333333333334,940.2928035131353,532.7054982524332,4.048753967606156,1,6,2,1
29.991666666666667,940.8854469807528,531.9663012020727,4.084008308658255,1,6,2,1
30.0,940.4360650824066,531.544782350769,4.109979992435995,1,6,2,1
30.008333333333333,940.9241387688304,531.8222526605146,4.093359639031818,1,6,2,1
30.016666666666666,941.1968713484421,531.6283959119237,4.075546087176902,1,6,2,1
30.025,941.4641026541354,531.1006387662546,4.128671666172076,1,6,2,1
30.033333333333335,939.6435071256494,533.0763692410378,4.160723160664765,1,6,2,1
30.041666666666668,940.7740356747381,533.0669461366602,4.095193137294761,1,6,2,1
30.05,941.1637295423425,533.074503641062,4.141540885012575,1,6,2,1
30.058333333333334,940.9372180784809,534.3895715833163,4.0562358281395765,1,6,2,1
30.066666666666666,941.0576994975215,533.665554258273,4.1563121125161215,1,6,2,1
30.075,939.7891996635836,534.1181631144018,4.1064255215629295,1,6,2,1
30.083333333333332,940.4691123290779,532.6834038485201,4.061858220841537,1,6,2,1
30.091666666666665,939.6864590474603,531.7254172195377,4.105178392207069,1,6,2,1
30.1,940.2887984163401,530.5824659444938,4.056320910834798,1,6,2,1
30.108333333333334,940.8328092371055,530.3745338103531,4.133771212480355,1,6,2,1
30.116666666666667,940.0263553384523,530.4910317566801,4.02668385374211,1,6,2,1
30.125,939.7956788133072,529.8004054432229,4.146564210496657,1,6,2,1
30.133333333333333,939.2665703365918,529.3311118577356,4.048777833925513,1,6,2,1
30.141666666666666,937.9837077346778,530.0366886838497,4.096540637186256,1,6,2,1
30.15,938.6597221209952,529.7773408153353,4.118603726618971,1,6,2,1
30.158333333333335,938.268416608706,529.8117566795346,4.1202268909391435,1,6,2,1
30.166666666666668,938.5147149578829,530.2166694046441,4.135608086572422,1,6,2,1
30.175,937.7047646182747,531.489665317375,4.157115731370963,1,6,2,1
30.183333333333334,936.52068052137,531.2958777695604,4.048149493353412,1,6,2,1
30.191666666666666,937.0022590444842,529.8777235583295,4.135277580062352,1,6,2,1
30.2,936.7341615251811,529.5860288198754,4.089381122767983,1,6,2,1
30.208333333333332,935.3368778318095,528.8710171396193,4.095201972254937,1,6,2,1
30.216666666666665,935.3970333038085,529.6053570227573,4.194429506017483,1,6,2,1
30.225,934.98025972705,529.5563025889169,4.120582340026079,1,6,2,1
30.233333333333334,934.908865965772,529.6087587850608,4.148126660744406,1,6,2,1
30.241666666666667,934.7227386693237,529.1053510980279,4.099734144271456,1,6,2,1
30.25,935.7657078750987,528.3050239178503,4.152838384398342,1,6,2,1
30.258333333333333,935.5002696481449,526.9597909538439,4.131057497625712,1,6,2,1
30.266666666666666,936.2733872601592,526.5005875252956,4.134167547908124,1,6,2,1
30.275,935.8027185206067,525.4310547938679,4.165120102509043,1,6,2,1
30.283333333333335,935.326752836084,526.1791594546987,4.196613864061291,1,6,2,1
30.291666666666668,934.4239948697225,526.2914203462894,4.138139244409563,1,6,2,1
30.3,934.0475600266765,526.5732044334411,4.115759298424803,1,6,2,1
30.308333333333334,933.8059026331396,526.1559062519261,4.137512679561879,1,6,2,1
30.316666666666666,933.2049549277557,527.1315355835641,4.1963362449584105,1,6,2,1
30.325,933.4741006543418,526.5759030683297,4.162381765577862,1,6,2,1
30.333333333333332,931.9705781474121,525.8439056535819,4.119686218786968,1,6,2,1
30.341666666666665,932.3373504459772,526.9071217911895,4.106010542561844,1,6,2,1
30.35,932.4523929460647,527.3501884162089,4.131601921578588,1,6,2,1
30.358333333333334,933.4150154951287,527.2687944878826,4.073185832694576,1,6,2,1
30.366666666666667,932.9159912710467,526.6890621846695,4.173533712124281,1,6,2,1
30.375,933.1555401672753,527.3488208892512,4.180382876197734,1,6,2,1
30.383333333333333,932.5777866971165,525.8872636185376,4.145583862710733,1,6,2,1
30.391666666666666,931.8008616619496,526.3248067360255,4.19938531827195,1,6,2,1
30.4,932.0649298945915,525.9963303093921,4.172748553466521,1,6,2,1
30.408333333333335,933.8218614163877,525.4642059075069,4.164758247522881,1,6,2,1
30.416666666666668,934.6806300317069,525.0723415663949,4.101927645488796,1,6,2,1
30.425,935.4490722994691,525.4916452616935,4.1659635482134165,1,6,2,1
30.433333333333334,935.4648891408375,525.1209688088168,4.11844940676753,1,6,2,1
30.441666666666666,935.3305595698826,524.9232381552509,4.165526899771643,1,6,2,1
30.45,935.3685013921519,525.6304885654674,4.138042729678541,1,6,2,1
30.458333333333332,936.4956347631846,526.8133418353651,4.186260121451388,1,6,2,1
30.466666666666665,937.1402175403592,527.7959023099578,4.1606105179971875,1,6,2,1
30.475,937.5415189768144,527.3313404726566,4.0916571850020995,1,6,2,1
30.483333333333334,935.859270422444,526.1776595406359,4.1803569452979765,1,6,2,1
30.491666666666667,936.804431749851,527.0302608014036,4.158433502597772,1,6,2,1
30.5,937.5479103384725,527.4056029873668,4.201297434044846,1,6,2,1
30.508333333333333,937.0483762318264,527.3671117364386,4.093935339964542,1,6,2,1
30.516666666666666,938.3284442564093,527.6837420722836,4.1917435726374555,1,6,2,1
30.525,938.2342360463376,528.2901439669114,4.152149879219384,1,6,2,1
30.533333333333335,938.9403558488866,527.8458126615725,4.152528308240931,1,6,2,1
30.541666666666668,938.2169263072618,526.2155678659228,4.1362629475183885,1,6,2,1
30.55,938.9033179611279,524.4686249778263,4.146264070622125,1,6,2,1
30.558333333333334,938.7013566218693,522.9993863299621,4.161711563474981,1,6,2,1
30.566666666666666,938.2918044702525,522.1789187735528,4.133165764364184,1,6,2,1
30.575,938.0553980544803,522.1118862310026,4.158754761684134,1,6,2,1
30.583333333333332,938.2002058957929,521.4680763328928,4.2185289930976335,1,6,2,1
30.591666666666665,938.9151105799695,521.7613860109744,4.145136807499974,1,6,2,1
30.6,938.8570161137843,522.3866431222926,4.183866536325521,1,6,2,1
30.608333333333334,938.8740772083612,521.7738058944544,4.103346095401275,1,6,2,1
30.616666666666667,939.1446539910577,522.6769714703307,4.171845843466698,1,6,2,1
30.625,938.4932799839536,522.8279050275172,4.1318075569675585,1,6,2,1
30.633333333333333,939.7733130531942,523.2293434518125,4.129272593962327,1,6,2,1
30.641666666666666,941.3334045572051,523.1441295444253,4.139763586038635,1,6,2,1
30.65,1423.2165460239987,548.3608216564515,4.180671501391293,1,6,2,1
30.658333333333335,1423.1308835199502,549.6886096075523,4.2246813723178445,1,6,2,1
30.666666666666668,943.4724084169294,524.0634598057009,4.1240941596559155,1,6,2,1
30.675,943.9838766549849,523.3594794686601,4.156678328736625,1,6,2,1
30.683333333333334,943.9153648486422,524.4575495242825,4.187164242539354,1,6,2,1
30.691666666666666,942.4207925423775,524.8203593620091,4.237028308038145,1,6,2,1
30.7,942.456595076155,523.9774041852856,4.098285363891531,1,6,2,1
30.708333333333332,941.8879565983918,522.4836391296219,4.213815017426872,1,6,2,1
30.716666666666665,941.7751858538201,521.950456466384,4.192221137016856,1,6,2,1
30.725,941.3167794861397,521.6049467409111,4.234536521861919,1,6,2,1
30.733333333333334,940.6717446022973,521.5794705483012,4.176816890838113,1,6,2,1
30.741666666666667,942.9562182163982,521.3317567392719,4.131508875844212,1,6,2,1
30.75,941.0263218229422,522.1094046692126,4.21158680476029,1,6,2,1
30.758333333333333,940.4646492702761,522.6245470134344,4.247235341008636,1,6,2,1
30.766666666666666,941.1667420830661,522.9740728338693,4.2001967865270196,1,6,2,1
30.775,941.9416944615433,521.7409028135212,4.210212459595428,1,6,2,1
30.783333333333335,941.1311408002524,521.7964369602283,4.231469429458919,1,6,2,1
30.791666666666668,940.6961796122953,521.7865055358324,4.1999152051918855,1,6,2,1
30.8,941.5672056227064,522.0839888431105,4.286982162883354,1,6,2,1
30.808333333333334,940.8763405850805,521.6755721401956,4.236536040874522,1,6,2,1
30.816666666666666,940.8450270040961,520.0110438004357,4.161514489630662,1,6,2,1
30.825,940.7613191397575,520.8173378373292,4.174711926695827,1,6,2,1
30.833333333333332,940.9771250995166,519.8143920132563,4.18188562853295,1,6,2,1
30.841666666666665,940.78504565522,520.1470113811994,4.20415735832892,1,6,2,1
30.85,941.2460894617137,519.609646080417,4.213989340341122,1,6,2,1
30.858333333333334,941.8949118645479,520.0653113101757,4.159853063666604,1,6,2,1
30.866666666666667,942.2806468108234,522.2567279079952,4.198775521994799,1,6,2,1
30.875,943.2572605796973,521.8199713802868,4.187692137795076,1,6,2,1
30.883333333333333,943.8680781445057,521.0023691406344,4.1537420154813125,1,6,2,1
30.891666666666666,945.4195823080813,520.9230168433402,4.183333849432603,1,6,2,1
30.9,944.0773659341555,522.5116475633356,4.176096551381065,1,6,2,1
30.908333333333335,943.3545155219548,522.7284248912468,4.2244457613428805,1,6,2,1
30.916666666666668,943.2489622636832,522.6957074672389,4.209254290612744,1,6,2,1
30.925,941.5578613296105,523.0209726488489,4.172779077610417,1,6,2,1
30.933333333333334,941.7266864377855,522.777854029684,4.17360526725508,1,6,2,1
30.941666666666666,942.2186868435392,523.2018692781747,4.186856873709148,1,6,2,1
30.95,942.6465640168228,522.473707671531,4.18879473477581,1,6,2,1
30.958333333333332,942.8817967022345,521.56596488498,4.162052038759156,1,6,2,1
30.966666666666665,941.0622364209289,522.0154986830718,4.18025778637262,1,6,2,1
30.975,942.0812031080227,521.9249296978512,4.131902538859971,1,6,2,1
30.983333333333334,942.5312312689606,522.8608741383505,4.188163987436117,1,6,2,1
30.991666666666667,941.8166782553435,522.4032116126174,4.217636141551664,1,6,2,1
31.0,942.2011387698076,523.2366679131853,4.199568284054677,1,6,2,1
31.008333333333333,941.1903252289185,523.5429489831919,4.2284860135627715,1,6,2,1
31.016666666666666,939.9293832720701,522.3502268885846,4.196015621262093,1,6,2,1
31.025,938.1377476402823,521.7925815659553,4.209673128575664,1,6,2,1
31.033333333333335,938.9839995465558,521.0640473980172,4.200456462572483,1,6,2,1
31.041666666666668,939.1145648011454,520.9390848605213,4.211049228099449,1,6,2,1
31.05,938.8073007759054,519.8515210199935,4.190297065352144,1,6,2,1
31.058333333333334,938.9805454009914,518.2006861873699,4.252917773910485,1,6,2,1
31.066666666666666,938.2833640573557,517.976035525593,4.150670131312166,1,6,2,1
31.075,938.3427520414233,517.6712331927208,4.22151540824178,1,6,2,1
31.083333333333332,938.4647658684731,517.2617614584949,4.238022139925581,1,6,2,1
31.091666666666665,939.2139379209355,517.9634736409887,4.223799894945916,1,6,2,1
31.1,938.1224571612685,517.68128832496,4.166083755739515,1,6,2,1
31.108333333333334,938.3866349396638,517.770208447441,4.242012256167289,1,6,2,1
31.116666666666667,937.0443690500897,518.9875991897783,4.186996717842321,1,6,2,1
31.125,936.2085186084004,518.8138678615632,4.174978515199577,1,6,2,1
31.133333333333333,935.2387239422699,519.4120486454925,4.221852525965878,1,6,2,1
31.141666666666666,934.314698000438,519.7458708158449,4.200529963163076,1,6,2,1
31.15,933.3859282474199,520.1562354940746,4.165333920242441,1,6,2,1
31.158333333333335,932.5466046739499,520.503218760983,4.18720400658417,1,6,2,1
31.166666666666668,931.5048613394158,521.1838074309784,4.282189388125344,1,6,2,1
31.175,930.5506819140817,521.0543953730843,4.231238173003722,1,6,2,1
31.183333333333334,931.8806532453706,521.151414584838,4.239797821628765,1,6,2,1
31.191666666666666,931.6224864762069,521.8804424485479,4.160935748339647,1,6,2,1
31.2,932.181541099583,521.8768298110956,4.202095630232874,1,6,2,1
31.208333333333332,933.2029388074648,522.7830605963915,4.195146977021251,1,6,2,1
31.216666666666665,934.0133071238282,523.1609628002105,4.165746953751006,1,6,2,1
31.225,933.9564342246049,524.7415284975867,4.213453481197896,1,6,2,1
31.233333333333334,933.7816729419628,525.3779670650828,4.185836419100909,1,6,2,1
31.241666666666667,934.5462410414829,525.7276885304201,4.176963251987308,1,6,2,1
31.25,933.9442938491146,526.2657109111664,4.254766913767685,1,6,2,1
31.258333333333333,932.8534718966697,527.3847919592837,4.235833179384718,1,6,2,1
31.266666666666666,932.6822567587948,527.9365101705661,4.250076191739399,1,6,2,1
31.275,932.3872255302248,527.1721222143296,4.201043375157772,1,6,2,1
31.283333333333335,932.8941763216641,526.0148029512317,4.222906290191734,1,6,2,1
31.291666666666668,931.7335887213918,527.6175498841037,4.15047114424834,1,6,2,1
31.3,931.9642862219454,527.6799267858141,4.187271381010172,1,6,2,1
31.308333333333334,931.5195318781881,528.0161694017186,4.208299508709231,1,6,2,1
31.316666666666666,931.6790882416327,528.1624975603977,4.212751004133821,1,6,2,1
31.325,932.5000130845998,528.3875057843018,4.210954720966724,1,6,2,1
31.333333333333332,931.9402566987338,528.7136678464432,4.2100650267531385,1,6,2,1
31.341666666666665,931.9999511361872,527.5042517484447,4.235148188242575,1,6,2,1
31.35,933.2486208506137,527.9688802527781,4.2332482020294355,1,6,2,1
31.358333333333334,933.256972608564,526.8572853768321,4.22995755714278,1,6,2,1
31.366666666666667,934.0618443737056,526.3539243944682,4.200313887308403,1,6,2,1
31.375,934.5888946017295,526.745435104689,4.205491630682714,1,6,2,1
31.383333333333333,936.0045756190785,526.9747187789844,4.2266271366181245,1,6,2,1
31.391666666666666,936.9201338490982,526.4761622356269,4.2170540476193334,1,6,2,1
31.4,937.8757200311502,527.5641938348017,4.220062521591421,1,6,2,1
31.408333333333335,938.4548235190216,526.648064862493,4.204811339847028,1,6,2,1
31.416666666666668,939.7524370844724,527.5192890062094,4.271657787097073,1,6,2,1
31.425,940.518059617075,527.5464721645812,4.244891107199635,1,6,2,1
31.433333333333334,938.5468424905555,528.4697515701981,4.186863057662912,1,6,2,1
31.441666666666666,938.4335701887994,528.8000924003652,4.222123350616405,1,6,2,1
31.45,938.1305559128731,528.6105505896412,4.20678348877976,1,6,2,1
31.458333333333332,724.8589934302807,718.8835773904982,4.207703207606824,1,6,2,1
31.466666666666665,725.3851582439518,719.6475590143848,4.216184133886891,1,6,2,1
31.475,937.5052107057735,526.6338695161282,4.24066051855464,1,6,2,1
31.483333333333334,936.8328767895646,528.235231385514,4.19190541362542,1,6,2,1
31.491666666666667,935.5041177174302,528.5146211787696,4.185051961148127,1,6,2,1
31.5,935.5715560754811,529.295839980223,4.17459465254032,1,6,2,1
31.508333333333333,935.4175977351956,529.9387629999835,4.1771203032786195,1,6,2,1
31.516666666666666,935.4937440019996,531.0915889072413,4.195860437403538,1,6,2,1
31.525,934.1238908346652,529.6241985034885,4.204230193780807,1,6,2,1
31.533333333333335,934.470690791077,530.6312362651643,4.275699942057801,1,6,2,1
31.541666666666668,934.0112119463815,529.7114266141886,4.252155407728855,1,6,2,1
31.55,934.3995271051449,530.1881172157797,4.263238555474072,1,6,2,1
31.558333333333334,933.2989947050208,531.8759391687481,4.244318086208837,1,6,2,1
31.566666666666666,934.1864399028017,531.8227149992281,4.2499453556177365,1,6,2,1
31.575,934.9145949508537,532.1077113575917,4.27969238734926,1,6,2,1
31.583333333333332,934.8294778470155,532.4116665540275,4.270759160583799,1,6,2,1
31.591666666666665,934.2106790264314,531.6141162039874,4.250356053299466,1,6,2,1
31.6,54.69527589981999,416.6820232291251,4.2820154753415665,1,6,2,1
31.608333333333334,52.897522534908376,417.3428742375414,4.295485315732705,1,6,2,1
31.616666666666667,932.0821669065147,530.1435587405971,4.2699629793464355,1,6,2,1
31.625,932.7022434994902,530.7013218853199,4.279294055773774,1,6,2,1
31.633333333333333,934.5670269835375,530.4653382462885,4.331035181644665,1,6,2,1
31.641666666666666,934.4379117758936,532.261715065226,4.27877034877967,1,6,2,1
31.65,935.1965090138752,532.403341851725,4.3372287569231895,1,6,2,1
31.658333333333335,934.303484651363,531.1295584667519,4.391874826918745,1,6,2,1
31.666666666666668,933.0990209755347,530.8199091286135,4.354066886841965,1,6,2,1
31.675,932.8892829934995,529.7181099157449,4.353561444467537,1,6,2,1
31.683333333333334,931.5668880798007,529.0097744296542,4.298024000844662,1,6,2,1
31.691666666666666,932.6730560212994,529.4933260457882,4.324390557531388,1,6,2,1
31.7,932.4458262938144,529.7909144357832,4.328682131893244,1,6,2,1
31.708333333333332,932.7359970369911,530.0060379319963,4.323398404218981,1,6,2,1
31.716666666666665,933.447356122602,530.1411016811404,4.36531763998777,1,6,2,1
31.725,932.861219029147,530.2224377211486,4.285804630759895,1,6,2,1
31.733333333333334,934.1847404530755,530.9141092875795,4.284566409671844,1,6,2,1
31.741666666666667,933.6090434980026,529.7137712517186,4.327720485290358,1,6,2,1
31.75,934.2680889092325,530.4447613551959,4.315254498032961,1,6,2,1
31.758333333333333,935.35465318729,529.9194863327853,4.36170390391343,1,6,2,1
31.766666666666666,934.2900593011806,529.3601503954432,4.324917172578811,1,6,2,1
31.775,934.9587739983292,529.573367793917,4.302128322135985,1,6,2,1
31.783333333333335,936.866230267314,530.5552254833705,4.246492660429775,1,6,2,1
31.791666666666668,937.4900496761961,530.9709945743901,4.281081965292899,1,6,2,1
31.8,938.8926401293958,530.5031303807948,4.327057520305503,1,6,2,1
31.808333333333334,939.4360476857856,530.5937174735654,4.3341056688400785,1,6,2,1
31.816666666666666,940.2593245210259,529.6659848032385,4.2596557273303395,1,6,2,1
31.825,938.8856852885377,529.224432885378,4.23657112317773,1,6,2,1
31.833333333333332,937.716278616002,528.1206053105793,4.311672797386592,1,6,2,1
31.841666666666665,938.5803807504703,528.212064949823,4.275878148287357,1,6,2,1
31.85,938.7694645557374,527.9378808073308,4.241821616566768,1,6,2,1
31.858333333333334,939.1288734665994,527.6943011018998,4.3008448811524085,1,6,2,1
31.866666666666667,939.1792416608708,528.1971526062354,4.229473765811005,1,6,2,1
31.875,939.7559882654759,527.7248252506625,4.255127842496003,1,6,2,1
31.883333333333333,940.3946363098489,527.566141782189,4.243280983847636,1,6,2,1
31.891666666666666,939.5390579515629,528.283072421022,4.216852630751229,1,6,2,1
31.9,939.0699185258704,528.0855657187788,4.201693970040492,1,6,2,1
31.908333333333335,939.2842573477203,528.6037305462305,4.1626481832721245,1,6,2,1
31.916666666666668,938.6658208384027,528.6302385155084,4.196490147803716,1,6,2,1
31.925,938.3452298338328,527.8894814100628,4.16936413907444,1,6,2,1
31.933333333333334,938.0078207858757,528.2770665389342,4.2049475675861645,1,6,2,1
31.941666666666666,937.8713585922951,528.5623845389397,4.185966373694638,1,6,2,1
31.95,937.6134027168708,528.776918176134,4.153778143119538,1,6,2,1
31.958333333333332,937.2962127672754,528.9739877047562,4.226397760968412,1,6,2,1
31.966666666666665,939.1466456884981,529.2930731003476,4.18731497869252,1,6,2,1
31.975,939.3201172939422,529.39012274699,4.093144439422418,1,6,2,1
31.983333333333334,938.5965200347536,529.424086575485,4.1370268624531565,1,6,2,1
31.991666666666667,938.800150560035,529.858496822148,4.168635249670716,1,6,2,1
32.0,939.4557057978509,530.1543451620831,4.176264119268043,1,6,2,1
32.00833333333333,939.9077270643515,530.4587888970196,4.144785882205354,1,6,2,1
32.016666666666666,939.9379311468135,531.822752673119,4.165240967719677,1,6,2,1
32.025,940.2231149096228,531.6408137524568,4.137005755615928,1,6,2,1
32.03333333333333,939.8155375756031,532.3087362759504,4.178421966831401,1,6,2,1
32.041666666666664,940.6622677126516,533.5262653589574,4.1464239015013185,1,6,2,1
32.05,940.8999498110367,533.3015967140766,4.1762497970245525,1,6,2,1
32.05833333333333,940.2176692058716,531.9512342440659,4.189522441095217,1,6,2,1
32.06666666666667,940.2944408505224,531.4836667443656,4.1458976432807475,1,6,2,1
32.075,939.7317099343903,530.781110134019,4.08490272150715,1,6,2,1
32.083333333333336,938.4605581217176,531.2267025933041,4.181764981424382,1,6,2,1
32.09166666666667,937.4369468529989,530.683679014375,4.145811985789789,1,6,2,1
32.1,937.967126427687,530.5811480480937,4.146200554335206,1,6,2,1
32.108333333333334,938.7621202020281,530.0800850524976,4.138903402089475,1,6,2,1
32.11666666666667,939.2771508057749,530.7126494064174,4.2267835128802345,1,6,2,1
32.125,940.0365643862802,532.0192920429864,4.131598022673349,1,6,2,1
32.13333333333333,939.559214320443,532.0910972757929,4.207908713845526,1,6,2,1
32.141666666666666,939.9201000076408,531.8411289399829,4.165957675102635,1,6,2,1
32.15,939.6223312161524,531.5004673606803,4.055622520100943,1,6,2,1
32.15833333333333,938.7695400432451,530.3523764023327,4.197429128445073,1,6,2,1
32.166666666666664,940.3932332403456,530.7030322564932,4.110935539397399,1,6,2,1
32.175,940.6223143331388,530.9583494957036,4.1586164732851,1,6,2,1
32.18333333333333,941.4324520127797,529.8246268023256,4.113983155601048,1,6,2,1
32.19166666666667,941.9772850561636,529.6812950234828,4.139850135775051,1,6,2,1
32.2,941.5770765367158,529.955623789623,4.1729375017052375,1,6,2,1
32.208333333333336,942.1552756968642,529.2057741143062,4.141061007990654,1,6,2,1
32.21666666666667,942.7545767728845,528.7216831700213,4.186961829383354,1,6,2,1
32.225,942.8416567633244,527.4196547675523,4.118115669345865,1,6,2,1
32.233333333333334,943.4646916229892,526.4423806548209,4.181572187711809,1,6,2,1
32.24166666666667,941.6343721182249,526.8900242207285,4.1183922708939305,1,6,2,1
32.25,942.0362845723815,527.2003377617386,4.103608699365284,1,6,2,1
32.25833333333333,943.1996427203873,526.5859164910838,4.0922004345244245,1,6,2,1
32.266666666666666,943.5813666931008,526.6006401623097,4.140702276434418,1,6,2,1
32.275,944.5747552393564,527.2978323670773,4.14514300540578,1,6,2,1
32.28333333333333,944.6389303187851,526.5497332822184,4.172137272062546,1,6,2,1
32.291666666666664,946.2864966122268,526.5996955868717,4.117629222548064,1,6,2,1
32.3,946.1042855385418,525.9782482230834,4.161729278700802,1,6,2,1
32.30833333333333,946.5784205141204,525.8714241407976,4.123673409440417,1,6,2,1
32.31666666666667,946.7890634480646,525.2113100949047,4.09400105786847,1,6,2,1
32.325,947.2189026854879,525.3879216554687,4.1082075822853055,1,6,2,1
32.333333333333336,948.3177940880998,526.3733353717281,4.114983321592651,1,6,2,1
32.34166666666667,949.1039926918525,524.593432574366,4.159140909319105,1,6,2,1
32.35,949.1154995210749,523.0783599502603,4.137344848913419,1,6,2,1
32.358333333333334,948.2756330710456,523.2921330900788,4.149423120249676,1,6,2,1
32.36666666666667,948.5520333990648,523.6156494437375,4.105310066250006,1,6,2,1
32.375,949.4510150195273,524.2601500603165,4.125819441456402,1,6,2,1
32.38333333333333,1050.4059801509186,632.482433607342,4.1630238983018515,1,6,2,1
32.391666666666666,1049.9283163971359,633.2981308080564,4.119844262325456,1,6,2,1
32.4,949.464741801523,525.4016394623553,4.041442156909937,1,6,2,1
32.40833333333333,950.1020387333266,526.0496485116113,4.054417330765943,1,6,2,1
32.416666666666664,,,,0,6,2,1
32.425,,,,0,6,2,1
32.43333333333333,,,,0,6,2,1
32.44166666666667,,,,0,6,2,1
32.45,,,,0,6,2,1
32.458333333333336,,,,0,6,2,1
32.46666666666667,,,,0,6,2,1
32.475,949.1166849789855,525.0396835158532,4.106525808757839,1,6,2,1
32.483333333333334,949.4557525592704,524.5924585640148,4.10316748357529,1,6,2,1
32.49166666666667,949.8343425166412,524.7744357785401,4.075429341450664,1,6,2,1
32.5,949.9775322965712,524.5807845437673,4.11600924538187,1,6,2,1
32.50833333333333,951.6443298423038,523.7827045323564,4.137526917029726,1,6,2,1
32.516666666666666,951.732826490817,523.3888078173309,4.073879006634617,1,6,2,1
32.525,951.4361821744576,523.2195503831888,4.13676851257429,1,6,2,1
32.53333333333333,951.4260546827271,524.8783423572202,4.1111670681429535,1,6,2,1
32.541666666666664,952.29323836316,524.0151445178226,4.045382282239987,1,6,2,1
32.55,952.2360451867055,523.7970883108534,4.10288069809371,1,6,2,1
32.55833333333333,951.6885753833288,524.9579533191142,4.131709825167989,1,6,2,1
32.56666666666667,952.9224189030738,525.4159289084615,4.063525129660424,1,6,2,1
32.575,951.8721403212187,526.7817609040851,4.107027378109384,1,6,2,1
32.583333333333336,950.590392967055,526.203158454385,4.1529708119920326,1,6,2,1
32.59166666666667,950.9055117963835,524.1785308493929,4.0542597177761,1,6,2,1
32.6,950.704810563574,523.8241854429742,4.11919763732717,1,6,2,1
32.608333333333334,951.261949252598,522.9464216747302,4.08021503067049,1,6,2,1
32.61666666666667,1350.690638603984,892.8253454511746,4.016214479659668,1,6,2,1
32.625,1350.1797806404306,891.7656217856007,4.079256573922803,1,6,2,1
32.63333333333333,950.5320326952981,522.8810132722978,4.082974001404658,1,6,2,1
32.641666666666666,951.4122215868482,521.8488265222451,4.127531097492393,1,6,2,1
32.65,951.5322665268096,522.3954099813161,4.1048878809444505,1,6,2,1
32.65833333333333,952.9791209166515,522.2104248264352,4.057624256914681,1,6,2,1
32.666666666666664,952.8841619132354,521.4918048957363,4.099244686158417,1,6,2,1
32.675,951.9470431485137,521.5272117902207,4.107276673641472,1,6,2,1
32.68333333333333,953.7438978442187,523.1537080478166,4.103329360222106,1,6,2,1
32.69166666666667,952.6287264793194,524.2486989153623,4.04272943070595,1,6,2,1
32.7,951.962194659107,522.9467893344652,4.048574999252379,1,6,2,1
32.708333333333336,952.7114315127051,522.1938760214119,4.048563530805708,1,6,2,1
32.71666666666667,953.6774609430223,523.4944304687775,4.061735558579029,1,6,2,1
32.725,954.5724684664402,523.8343622370043,4.06264568456013,1,6,2,1
32.733333333333334,954.4512705393398,524.4126554230229,4.056568319952715,1,6,2,1
32.74166666666667,953.4263960510589,525.0807937493333,4.0862144682627415,1,6,2,1
32.75,953.108254277073,525.053871282478,4.097095254030533,1,6,2,1
32.75833333333333,954.7439563204495,524.4194811658855,4.074028000572969,1,6,2,1
32.766666666666666,954.7384905054261,525.7807718723953,4.0438376499564965,1,6,2,1
32.775,954.5889811173823,525.7432308139896,3.973312544814399,1,6,2,1
32.78333333333333,953.4318901760839,525.3209480199433,4.080244748120093,1,6,2,1
32.791666666666664,953.6320924640929,524.755689367366,4.043301780026736,1,6,2,1
32.8,952.9404171757108,525.3597729379545,4.106362055384844,1,6,2,1
32.80833333333333,952.4724799229467,524.4525851962292,4.043997738904052,1,6,2,1
32.81666666666667,951.1360587646958,524.314303624086,4.052459944665617,1,6,2,1
32.825,951.2571436828623,524.1245827353981,4.13204147927059,1,6,2,1
32.833333333333336,952.2648373191312,524.1065864227819,4.055783439745145,1,6,2,1
32.84166666666667,951.8569385463535,524.9428718029066,4.017112682274889,1,6,2,1
32.85,950.160907937866,524.8301289976941,4.057822288093866,1,6,2,1
32.858333333333334,949.9376384028952,525.9994331487801,4.001019160340734,1,6,2,1
32.86666666666667,948.8457651541833,524.2181839758084,4.064875224017306,1,6,2,1
32.875,948.5313072552913,525.614284179684,4.027026990766102,1,6,2,1
32.88333333333333,948.1877163950254,525.1427210244262,4.041035250519981,1,6,2,1
32.891666666666666,948.3033507822978,524.1444988937512,4.105469667990163,1,6,2,1
32.9,948.188946656105,526.1455158737365,4.048311006966053,1,6,2,1
32.90833333333333,948.9294764002343,525.0913734318489,4.089497061373821,1,6,2,1
32.916666666666664,948.7252804415639,526.5455994879261,4.022981310245131,1,6,2,1
32.925,948.84600638098,525.3404130822204,4.040873226834371,1,6,2,1
32.93333333333333,950.643554271111,525.1759930009733,4.076249418276105,1,6,2,1
32.94166666666667,951.0231221390948,525.2559378137889,4.06787712181706,1,6,2,1
32.95,950.9841397920028,524.3243850212132,4.065027600930397,1,6,2,1
32.958333333333336,952.0402716231654,524.8537524917992,4.033419723425734,1,6,2,1
32.96666666666667,953.1957570216014,523.7566978912467,4.0053367201437595,1,6,2,1
32.975,952.4520606875773,522.865371890414,4.076584418450078,1,6,2,1
32.983333333333334,952.8498249242078,524.2300257919285,4.010159014682078,1,6,2,1
32.99166666666667,952.5930860427109,524.9892491001721,4.034837414625347,1,6,2,1
33.0,952.7655104774259,525.4755465088542,4.059011782607977,1,6,2,1
33.00833333333333,951.4488477841473,525.9218955769791,4.063565911561616,1,6,2,1
33.016666666666666,950.5767457050396,526.369405372282,4.057460753791813,1,6,2,1
33.025,950.7589637689352,527.0836584941187,3.9984738954178525,1,6,2,1
33.03333333333333,951.061153361171,527.9850812815148,4.057438852376285,1,6,2,1
33.041666666666664,951.4348909755993,526.7575656886635,4.033441872445208,1,6,2,1
33.05,952.0069763049229,527.6033582325351,4.0598068542027175,1,6,2,1
33.05833333333333,952.3394311137846,528.7521938068763,4.007204497087243,1,6,2,1
33.06666666666667,952.9061809202316,530.3245652210219,4.0665116161090875,1,6,2,1
33.075,953.7583450860542,531.0731685796222,4.041218498414077,1,6,2,1
33.083333333333336,954.7731466552967,530.7541028965414,4.008285933264156,1,6,2,1
33.09166666666667,955.686565101418,531.7143459136731,3.9841453295135167,1,6,2,1
33.1,955.3912839518787,533.0290061659474,4.0464606055239605,1,6,2,1
33.108333333333334,955.4202710876385,531.6374264447998,4.014303476811605,1,6,2,1
33.11666666666667,955.2961233728319,531.7296220093477,4.098386728659084,1,6,2,1
33.125,954.7928320168404,531.6145727586949,3.9793145920545747,1,6,2,1
33.13333333333333,956.3974449468551,530.8895729792462,4.0233642244288745,1,6,2,1
33.141666666666666,956.3336182338411,529.645973670186,4.000755370552427,1,6,2,1
33.15,956.9879575255333,530.4447844351455,4.059189931362813,1,6,2,1
33.15833333333333,956.4954432685877,530.3157458546691,4.053812150881073,1,6,2,1
33.166666666666664,956.5715660687717,530.4872291298998,4.024763994517885,1,6,2,1
33.175,955.8888211672494,530.5512093270207,3.9814121281760197,1,6,2,1
33.18333333333333,955.3360271163592,530.5999085844627,4.033735731376736,1,6,2,1
33.19166666666667,954.2189547713045,530.3458466382908,4.069245196549078,1,6,2,1
33.2,954.4127366629714,529.7120990132631,4.055363015389393,1,6,2,1
33.208333333333336,955.1315304145775,530.2100621040036,4.047754264787075,1,6,2,1
33.21666666666667,955.3973790403617,530.4592380904177,4.039721770127848,1,6,2,1
33.225,956.0087071549376,529.9646016890293,3.9923084504647615,1,6,2,1
33.233333333333334,956.0181042445448,529.8062462529582,4.001914097335388,1,6,2,1
33.24166666666667,955.4496929652702,529.0258483873716,4.0275665120555635,1,6,2,1
33.25,955.9170623518688,529.6557023878393,3.991422808026549,1,6,2,1
33.25833333333333,954.9433873279517,530.005513451908,4.0200633127640115,1,6,2,1
33.266666666666666,955.3081564364109,530.9499880172947,4.032937810081171,1,6,2,1
33.275,956.2621093071315,529.8995608827485,4.096628620599428,1,6,2,1
33.28333333333333,955.6879687165161,531.0505042620358,4.073722784066806,1,6,2,1
33.291666666666664,956.6842345011914,531.1653061755221,4.0497656510407785,1,6,2,1
33.3,957.9565747254328,531.7618874645755,4.0571013140281975,1,6,2,1
33.30833333333333,957.541871911729,533.1491899743457,4.000422117083533,1,6,2,1
33.31666666666667,957.8608902738264,534.4150434067822,4.0546453761570325,1,6,2,1
33.325,956.5887977511776,534.5576103624013,4.015819555739234,1,6,2,1
33.333333333333336,956.9818711131667,534.2057825796649,4.012653416011123,1,6,2,1
33.34166666666667,956.5195483693926,535.8221305180956,4.034051516997802,1,6,2,1
33.35,957.6179553269271,534.5978434497855,3.9965840645663806,1,6,2,1
33.358333333333334,958.1092485622003,535.765750700863,4.054831125669422,1,6,2,1
33.36666666666667,957.5922067577559,535.6271072301605,4.004445952992618,1,6,2,1
33.375,958.2483214547706,535.3911541306667,3.9924855926297993,1,6,2,1
33.38333333333333,958.8858527980211,535.364540516439,4.016036328284344,1,6,2,1
33.391666666666666,959.4662444043161,535.7081398692436,3.979943693906886,1,6,2,1
33.4,959.466988723696,535.8815661278725,4.036251528809979,1,6,2,1
33.40833333333333,961.2022066685129,534.6772270864366,3.9893787677628447,1,6,2,1
33.416666666666664,961.463984460853,535.1406878803375,4.017572757309304,1,6,2,1
33.425,960.6676695692761,535.4206358545821,3.9963595428653287,1,6,2,1
33.43333333333333,959.955564684523,534.6541331405793,4.030086927581144,1,6,2,1
33.44166666666667,960.7113640307987,533.3768291385792,3.9812286266268155,1,6,2,1
33.45,960.0863923770643,534.3510440455547,4.036537425084925,1,6,2,1
33.458333333333336,961.9060559141682,534.0422349232017,4.073981949246863,1,6,2,1
33.46666666666667,961.6238188174638,534.0458773833686,3.973917872427455,1,6,2,1
33.475,960.089595653421,535.0946782179462,3.9979544632120607,1,6,2,1
33.483333333333334,960.476358108972,534.748438318327,3.950274330371397,1,6,2,1
33.49166666666667,961.5967181509718,534.7727720209537,4.048563497959736,1,6,2,1
33.5,961.124791985157,535.3005603691457,4.023499176534539,1,6,2,1
33.50833333333333,961.1812907463891,535.9354701676893,3.978119378779659,1,6,2,1
33.516666666666666,960.5984342610944,536.4600182178211,4.023208445204102,1,6,2,1
33.525,961.5303569262247,535.8892713041431,3.9541976512243875,1,6,2,1
33.53333333333333,962.3160450036354,536.846792982583,3.9591498892691064,1,6,2,1
33.541666666666664,962.8456144284783,537.0389376586323,4.058311198180686,1,6,2,1
33.55,963.028707166589,536.9044410692644,3.9871569787545798,1,6,2,1
33.55833333333333,962.6537835647151,537.6775800495201,3.995244807453214,1,6,2,1
33.56666666666667,962.2239988417599,538.5894635145276,4.0069963579047645,1,6,2,1
33.575,962.7428960119045,539.8013651860985,4.022833743363466,1,6,2,1
33.583333333333336,963.6061606432339,541.044904123238,4.017376696403557,1,6,2,1
33.59166666666667,963.432132444598,541.3706407135046,3.9879204982658982,1,6,2,1
33.6,962.8893622874477,541.3063120950327,3.958738420222749,1,6,2,1
33.608333333333334,961.9773191915364,542.0207549016512,3.9337517836666804,1,6,2,1
33.61666666666667,961.9384695503785,542.1872089904597,4.029167505693049,1,6,2,1
33.625,960.9198936458056,541.8427011800658,4.000496148382063,1,6,2,1
33.63333333333333,960.1340785577,543.3217859750795,3.9750555080024275,1,6,2,1
33.641666666666666,960.79191159908,543.2404756693601,3.967913711335654,1,6,2,1
33.65,961.4702652269888,542.6838456846965,3.998310256736542,1,6,2,1
33.65833333333333,961.100518082115,542.7513745135918,4.060349535067204,1,6,2,1
33.666666666666664,961.2089606668771,542.3403820971208,3.94575397756077,1,6,2,1
33.675,960.6301354201065,542.6648107956405,3.985078873438369,1,6,2,1
33.68333333333333,960.338272452408,542.6106887964083,3.933089942394762,1,6,2,1
33.69166666666667,960.4581020461646,543.673095033005,3.997379279955433,1,6,2,1
33.7,958.8151757037715,543.4636206199838,3.9750566705592445,1,6,2,1
33.708333333333336,960.0223751097095,543.0964360137115,3.9567438844408755,1,6,2,1
33.71666666666667,960.5461684473959,541.4694094609665,3.927912395916909,1,6,2,1
33.725,960.6039370008034,541.1077035830297,4.039180679463202,1,6,2,1
33.733333333333334,960.0997473660199,542.3524726803207,4.016333754135907,1,6,2,1
33.74166666666667,959.0119711362645,542.7201585896537,3.9894663465577813,1,6,2,1
33.75,959.91191859898,543.2379615847938,4.028254888547922,1,6,2,1
33.75833333333333,960.1230837737095,543.4587064312049,4.045467716825129,1,6,2,1
33.766666666666666,957.7645176371989,542.8294352421873,3.9656366918998867,1,6,2,1
33.775,959.0242185502478,541.8062235926468,3.991572436203873,1,6,2,1
33.78333333333333,958.2884151483038,542.4112576466572,4.024463416355035,1,6,2,1
33.791666666666664,958.4238710208431,543.1494369490987,4.037636250907839,1,6,2,1
33.8,958.5698080450245,543.1728378258513,4.0613136056797545,1,6,2,1
33.80833333333333,958.3841097390901,543.5222075429417,4.043658432280357,1,6,2,1
33.81666666666667,960.0095210423408,544.2804241461312,3.9996214537703123,1,6,2,1
33.825,960.5739208131926,544.8238376344793,4.01630169824713,1,6,2,1
33.833333333333336,960.6860666586284,545.100546078329,3.980548382418119,1,6,2,1
33.84166666666667,959.8524419530843,546.0219405892344,4.0177881542912415,1,6,2,1
33.85,959.8684732789172,545.4217094975829,4.017941479844934,1,6,2,1
33.858333333333334,1035.28758107303,442.07018627295133,3.9846346249121205,1,6,2,1
33.86666666666667,1034.664484649709,442.85827492865576,4.047674009814992,1,6,2,1
33.875,957.5556872041673,544.9232501868354,3.969123340588581,1,6,2,1
33.88333333333333,957.9429096967882,546.4285256358478,3.9785399204509666,1,6,2,1
33.891666666666666,958.1034068200399,545.6429419071029,4.031240926550231,1,6,2,1
33.9,958.9197299019279,544.3524950776966,4.0150670948601865,1,6,2,1
33.90833333333333,958.2022934426717,544.8604197605183,4.005026338820651,1,6,2,1
33.916666666666664,958.3247322141275,544.9224006286533,3.959100613382666,1,6,2,1
33.925,957.1499933335451,544.5887966502952,3.954241381837372,1,6,2,1
33.93333333333333,958.6819160303577,543.9123723142102,4.009220928887437,1,6,2,1
33.94166666666667,957.3998238011372,543.4054340552998,4.040050881941885,1,6,2,1
33.95,957.1593536906609,542.3120328342183,3.9967425674953314,1,6,2,1
33.958333333333336,956.8314078934337,543.0795467514292,3.9235626583268917,1,6,2,1
33.96666666666667,956.2391512592968,543.4138903483221,4.033839144478985,1,6,2,1
33.975,956.3811907364286,544.558107985463,3.989855203818353,1,6,2,1
33.983333333333334,957.0652432420118,544.6259717812189,4.002402924529939,1,6,2,1
33.99166666666667,957.205234919359,543.3054884456589,4.046079245364959,1,6,2,1
34.0,956.7771256339604,543.4865339227052,3.981029295578257,1,6,2,1
34.00833333333333,956.4444219583304,544.124182028291,4.013546916212318,1,6,2,1
34.016666666666666,955.8825685477843,544.0081281140662,4.076250001260193,1,6,2,1
34.025,955.9968149668481,544.1991020376048,4.007458236138516,1,6,2,1
34.03333333333333,954.9487773710641,544.7626133147265,4.019864044827877,1,6,2,1
34.041666666666664,954.3137740787183,544.5039925058703,4.050982503464173,1,6,2,1
34.05,955.5316353006548,544.6527121772417,4.010919331108499,1,6,2,1
34.05833333333333,955.5722350902317,543.3635023910665,4.069640510903695,1,6,2,1
34.06666666666667,956.7558018690565,542.0814965065154,3.996199563729028,1,6,2,1
34.075,956.6262540067818,541.5783434570196,4.050219805359184,1,6,2,1
34.083333333333336,956.9308213833206,540.805089238555,4.083375788246341,1,6,2,1
34.09166666666667,957.9355610089733,539.8897021423214,3.971945593974269,1,6,2,1
34.1,958.9191115110794,540.1774209183184,4.03125498566333,1,6,2,1
34.108333333333334,960.2983919712623,538.3377929542216,4.005350230464858,1,6,2,1
34.11666666666667,961.6065303719125,538.6054153600091,4.0350118790326395,1,6,2,1
34.125,961.3551730194424,537.1122662326087,4.054659226863022,1,6,2,1
34.13333333333333,959.5396237119041,538.1672095558065,4.026514911948872,1,6,2,1
34.141666666666666,959.8505715946935,537.8684902916347,4.017240217106713,1,6,2,1
34.15,959.525453411669,537.9115710664213,4.018482509099583,1,6,2,1
34.15833333333333,960.2916741612289,536.8205211820555,4.027293846551956,1,6,2,1
34.166666666666664,960.3309121094752,537.2627882062487,4.04529860036599,1,6,2,1
34.175,959.6171868750334,536.2992567180612,4.027355095347896,1,6,2,1
34.18333333333333,958.8337810107754,537.3228642947962,4.0629168386128525,1,6,2,1
34.19166666666667,957.7467050817031,537.522604903817,4.022305457181922,1,6,2,1
34.2,956.7657813133327,537.5631348410909,3.9698358565377756,1,6,2,1
34.208333333333336,957.0873099268883,537.7518673667561,3.96736524530615,1,6,2,1
34.21666666666667,956.8476866456057,539.5340713466238,4.031937297938318,1,6,2,1
34.225,956.8849461583222,538.8793406095502,3.9719812921561237,1,6,2,1
34.233333333333334,957.5357443851733,536.8353000614097,4.019038340417161,1,6,2,1
34.24166666666667,957.8277878317955,537.0436567381646,4.039648595016249,1,6,2,1
34.25,957.7864717585873,536.9389791190151,4.055307498912736,1,6,2,1
34.25833333333333,959.5707479354917,537.9284943232907,4.039526967617154,1,6,2,1
34.266666666666666,961.4350878591733,537.7788712781868,4.0037254791042445,1,6,2,1
34.275,961.0951540528605,537.9188693091047,4.006552460509282,1,6,2,1
34.28333333333333,961.5472305788026,537.1884429976986,4.067081037042011,1,6,2,1
34.291666666666664,963.0054126282054,536.3245386326706,4.012753716487856,1,6,2,1
34.3,962.1521713813921,535.5216669549412,4.002050217722692,1,6,2,1
34.30833333333333,961.1032764563743,535.3367036948374,4.034741358001164,1,6,2,1
34.31666666666667,960.7333310079293,535.9667313793834,4.050046086700548,1,6,2,1
34.325,961.9192368920583,536.3089774992158,4.0191840153996905,1,6,2,1
34.333333333333336,962.0256984468007,536.3114854077659,4.051546137952562,1,6,2,1
34.34166666666667,962.1719138715658,537.5324115427468,4.040135083866244,1,6,2,1
34.35,677.6410915853045,723.5400088784105,4.0681322481187205,1,6,2,1
34.358333333333334,676.6713253136941,723.7403747051153,4.013465694067543,1,6,2,1
34.36666666666667,960.5340498787231,537.6504921573153,4.004481497322697,1,6,2,1
34.375,960.1926591898006,537.9320201617294,4.021151075518522,1,6,2,1
34.38333333333333,959.9958725210906,537.7902318061037,4.04502336264038,1,6,2,1
34.391666666666666,960.1317312006512,536.5746421244671,4.074284091508661,1,6,2,1
34.4,959.5786542540612,535.6277253585148,3.9884764977366953,1,6,2,1
34.40833333333333,959.818203459909,534.4430956585451,4.005300693681822,1,6,2,1
34.416666666666664,959.0923103314019,534.7619045739317,4.021898857260875,1,6,2,1
34.425,959.04396455328,535.2855032214574,4.031191515082579,1,6,2,1
34.43333333333333,956.5170860787629,534.2003045243517,4.052949273639955,1,6,2,1
34.44166666666667,955.6515682151122,533.9191423088788,4.028130687768282,1,6,2,1
34.45,955.8472494064645,534.5720459457881,4.016303394631507,1,6,2,1
34.458333333333336,954.7661314242754,535.0548909480715,4.042949809646559,1,6,2,1
34.46666666666667,954.3721167606288,535.8564018948367,3.9774099085439083,1,6,2,1
34.475,954.3639135192547,536.8240530136267,3.9894738311239637,1,6,2,1
34.483333333333334,954.2442120283591,537.5175142050332,4.024315792258404,1,6,2,1
34.49166666666667,952.7972751118975,537.5874055879359,3.97489055035748,1,6,2,1
34.5,952.6814543832909,536.8274218415371,4.031697881252987,1,6,2,1
34.50833333333333,952.1970004494702,536.0829206940134,4.006529720201806,1,6,2,1
34.516666666666666,952.2462623183858,534.9310687139593,4.002545033159032,1,6,2,1
34.525,952.1324815577167,534.989856892399,4.044524064939664,1,6,2,1
34.53333333333333,952.0594062387431,534.5675784619398,4.0270967508683135,1,6,2,1
34.541666666666664,951.7078442575016,533.8222802739183,4.024207383287444,1,6,2,1
34.55,952.0220915652559,533.6450008229253,4.08589746385175,1,6,2,1
34.55833333333333,952.9088707940394,532.6995847670473,4.047182785805455,1,6,2,1
34.56666666666667,952.7401093095484,531.4838219148853,4.037324915698077,1,6,2,1
34.575,953.823694537908,531.557520203667,4.045648072865013,1,6,2,1
34.583333333333336,953.8796366241505,533.1021340700993,4.093915612485047,1,6,2,1
34.59166666666667,954.2981892760224,532.6193341985777,4.0409649082266945,1,6,2,1
34.6,954.2690555016619,534.150381654448,4.06985234465618,1,6,2,1
34.608333333333334,954.8694500039159,534.5323486150108,4.019137667247601,1,6,2,1
34.61666666666667,954.7610940148819,534.1104546901374,4.077179494911934,1,6,2,1
34.625,952.5808978407538,533.8060958040288,4.087126407014987,1,6,2,1
34.63333333333333,952.7049045281723,533.6023694211307,4.12243480759074,1,6,2,1
34.641666666666666,951.4045317653319,533.6698938163447,4.014913787423943,1,6,2,1
34.65,951.796878941447,532.7326320569663,4.008889129378219,1,6,2,1
34.65833333333333,952.243985104467,533.3964759574856,4.0313869844480195,1,6,2,1
34.666666666666664,952.6597577180505,532.9602040546445,4.0889799140479886,1,6,2,1
34.675,953.037836800199,531.9868625488788,4.048564700071222,1,6,2,1
34.68333333333333,954.2434522265575,530.7503469821287,4.097579225664624,1,6,2,1
34.69166666666667,954.87150620527,530.1456943907914,4.108430173811519,1,6,2,1
34.7,956.1316099231941,530.3952117274464,4.0725273383633604,1,6,2,1
34.708333333333336,954.436520288697,530.4228944629459,4.056636407446349,1,6,2,1
34.71666666666667,955.264053266776,532.5501788469676,4.08594881747763,1,6,2,1
34.725,955.2592372508916,532.3267092600184,4.052189048505117,1,6,2,1
34.733333333333334,956.9742091108449,532.558270910634,4.036605277089452,1,6,2,1
34.74166666666667,955.8501616641737,532.1284837800988,4.061662869914535,1,6,2,1
34.75,956.5128485645681,533.2566131622707,4.04766390456559,1,6,2,1
34.75833333333333,957.1441414972041,532.5223156455276,4.09857701192795,1,6,2,1
34.766666666666666,294.01468926876237,934.1205342342438,4.080456243673288,1,6,2,1
34.775,294.48065165087235,934.1395798755873,4.089844025550222,1,6,2,1
34.78333333333333,958.8857139837694,530.8004323906873,4.097222411467545,1,6,2,1
34.791666666666664,958.3946189853268,530.5830044691103,4.083024088497614,1,6,2,1
34.8,958.1768746728933,530.6349555422099,4.09580368554049,1,6,2,1
34.80833333333333,956.9066539087045,532.0057473586692,4.123535724003966,1,6,2,1
34.81666666666667,956.7730025279888,532.9739411854914,4.095768430091828,1,6,2,1
34.825,957.0144629596949,534.1530833843707,4.072273751179118,1,6,2,1
34.833333333333336,956.2424644398812,532.2823231735204,4.072127874632669,1,6,2,1
34.84166666666667,955.2441293230108,532.3536981432175,4.0487936675798935,1,6,2,1
34.85,955.8492293365301,532.4885460340341,4.041483972011971,1,6,2,1
34.858333333333334,955.4154868053517,532.4706061847655,4.071954477491728,1,6,2,1
34.86666666666667,954.7895029644528,533.2646435464521,4.136728707094768,1,6,2,1
34.875,955.9263798809786,532.7975507454769,4.05327381368511,1,6,2,1
34.88333333333333,955.3443940286006,530.7765210956694,4.058710734811183,1,6,2,1
34.891666666666666,955.0119061208005,530.7280123343874,4.085807442892996,1,6,2,1
34.9,954.9219034614113,530.8890567952021,4.003668795797197,1,6,2,1
34.90833333333333,955.2759015936787,530.8738508216828,4.0847509677843075,1,6,2,1
34.916666666666664,956.7667638444927,531.1311331553085,4.0616261042009025,1,6,2,1
34.925,956.4985192505515,530.0274891214316,4.095427517098611,1,6,2,1
34.93333333333333,955.622517829686,529.597058161658,4.1278835933642535,1,6,2,1
34.94166666666667,955.3810144630568,530.6557887544492,4.0594119255240955,1,6,2,1
34.95,955.7784730266266,529.8333061259962,4.029807342190809,1,6,2,1
34.958333333333336,956.0429823642061,528.9875676204537,4.093051236041645,1,6,2,1
34.96666666666667,955.5898540776595,529.602729724606,4.16945207286944,1,6,2,1
34.975,955.1116926460874,529.3984209433713,4.054245937302644,1,6,2,1
34.983333333333334,956.0519423257094,530.6414215130768,4.091171660305039,1,6,2,1
34.99166666666667,955.0231026738774,530.8071333760506,4.116487211403119,1,6,2,1
35.0,955.9521653324188,532.0795900673301,4.1174605518476755,1,6,2,1
35.00833333333333,955.3788077797436,532.2331401151894,4.069617182613136,1,6,2,1
35.016666666666666,955.0870934695686,531.7146964475733,4.116438347448864,1,6,2,1
35.025,955.0716005181711,531.7677111750374,4.103016265099774,1,6,2,1
35.03333333333333,955.0958145263513,530.9143670110244,4.153836232858011,1,6,2,1
35.041666666666664,954.2991221242821,531.281942689978,4.171183111954536,1,6,2,1
35.05,954.3651182423777,530.961502723703,4.080725279010186,1,6,2,1
35.05833333333333,953.1092596016563,530.8181067132989,4.0739306532786514,1,6,2,1
35.06666666666667,954.3901782807512,530.6966515171613,4.130525620447794,1,6,2,1
35.075,953.9844116440311,530.7737420975524,4.109537209746447,1,6,2,1
35.083333333333336,954.4575546506513,531.5873566641482,4.13861045042088,1,6,2,1
35.09166666666667,953.5215258779368,529.2967194921137,4.111845479006358,1,6,2,1
35.1,953.2321607296207,529.6969470901286,4.213917953726568,1,6,2,1
35.108333333333334,953.2194463982439,529.4923787557707,4.143926162609741,1,6,2,1
35.11666666666667,953.14002092654,529.4508596961066,4.159174368434116,1,6,2,1
35.125,953.5703027948216,530.4728743259417,4.099189964761249,1,6,2,1
35.13333333333333,1434.213760681964,566.7102122305593,4.0795468420858505,1,6,2,1
35.141666666666666,1433.6675331788501,567.3916264811895,4.082912090498141,1,6,2,1
35.15,951.2285899421656,530.9986876105412,4.092760011405216,1,6,2,1
35.15833333333333,951.0403043604341,530.9436048969676,4.149936722534707,1,6,2,1
35.166666666666664,951.3325482492437,530.5802239878304,4.113014731412236,1,6,2,1
35.175,951.8310807161863,531.2621323541227,4.096691804549878,1,6,2,1
35.18333333333333,951.3027490360561,531.0332330369714,4.1123158128205475,1,6,2,1
35.19166666666667,950.558270458364,530.3622015488984,4.150507995788018,1,6,2,1
35.2,949.7570352589605,528.9468704048005,4.124839015882607,1,6,2,1
35.208333333333336,949.8562768813871,529.4483523810038,4.108605436354274,1,6,2,1
35.21666666666667,949.7730030448296,529.4923382648077,4.162711726745613,1,6,2,1
35.225,949.6456840840651,528.9231570134486,4.126879242535943,1,6,2,1
35.233333333333334,950.486460923255,529.0696584868085,4.1101305499902026,1,6,2,1
35.24166666666667,951.7016988737607,528.9572851022378,4.13758951275295,1,6,2,1
35.25,949.8693563887537,529.5426648575846,4.124379137777971,1,6,2,1
35.25833333333333,951.3059445812775,530.8302174366961,4.03677929995752,1,6,2,1
35.266666666666666,951.2214320626683,531.6969231069226,4.107656824209233,1,6,2,1
35.275,951.2142599657648,531.4730796339035,4.181401114024234,1,6,2,1
35.28333333333333,950.3710400554327,531.0537427224007,4.192878381110677,1,6,2,1
35.291666666666664,950.7344916934787,532.4086175810525,4.1145358436815895,1,6,2,1
35.3,952.4013795338284,533.7639793972728,4.100792842099377,1,6,2,1
35.30833333333333,953.2058730961465,533.2727052827809,4.159692359552092,1,6,2,1
35.31666666666667,953.3602562680899,533.6483456409412,4.110999093224011,1,6,2,1
35.325,952.9919229781494,533.0977474318388,4.190359870088401,1,6,2,1
35.333333333333336,952.9475140494858,531.5859760457334,4.091117294846311,1,6,2,1
35.34166666666667,952.019150154867,532.5626123531049,4.106747751951494,1,6,2,1
35.35,951.401232264126,532.1728169413734,4.141184316308248,1,6,2,1
35.358333333333334,950.6639728828746,531.4155382438695,4.1407099787315,1,6,2,1
35.36666666666667,951.1520562176197,531.2044485194712,4.186665646601218,1,6,2,1
35.375,950.1983632269996,530.7444595029154,4.155454929078185,1,6,2,1
35.38333333333333,950.390607904474,531.8755529922094,4.087235676134094,1,6,2,1
35.391666666666666,951.3201088802427,531.7953465463314,4.1991087334915616,1,6,2,1
35.4,950.4352701040349,531.7723037194481,4.129332178628257,1,6,2,1
35.40833333333333,951.4988833266302,532.0771293600656,4.129172741483835,1,6,2,1
35.416666666666664,950.9515232110721,532.7073072846155,4.1811274559724145,1,6,2,1
35.425,952.0462856769811,532.8501124705191,4.136584687233255,1,6,2,1
35.43333333333333,952.3335718931642,532.8050108976503,4.170660169500907,1,6,2,1
35.44166666666667,952.070752244762,533.1124467123852,4.135329201856934,1,6,2,1
35.45,951.450850129684,533.5977488989353,4.128411475793588,1,6,2,1
35.458333333333336,950.7589015451734,534.5267354983687,4.133541247700468,1,6,2,1
35.46666666666667,949.9952594610309,534.9356277072674,4.173743733727729,1,6,2,1
35.475,948.5772757669645,534.9296510564357,4.158011345086156,1,6,2,1
35.483333333333334,948.2961295999417,535.6458154213017,4.163168616064103,1,6,2,1
35.49166666666667,948.0807386845141,535.8207558535033,4.18839045681405,1,6,2,1
35.5,949.1233864705094,534.6299024719617,4.137069316019599,1,6,2,1
35.50833333333333,947.8095898758377,533.9282930881889,4.2004040964231235,1,6,2,1
35.516666666666666,947.6429251556331,532.4994446906868,4.236124681141964,1,6,2,1
35.525,947.9188470303346,531.9145618550257,4.198673536386598,1,6,2,1
35.53333333333333,947.3167564923342,532.3044253467385,4.137600077530491,1,6,2,1
35.541666666666664,947.5437531491053,530.5912044779805,4.1680484955436565,1,6,2,1
35.55,948.4611329782708,530.7137640051486,4.165935603819617,1,6,2,1
35.55833333333333,949.5778614392872,531.6166794734394,4.15330595769686,1,6,2,1
35.56666666666667,949.2062779022442,532.1330284221273,4.188819723439114,1,6,2,1
35.575,949.2143861863183,533.297259284401,4.188822417975216,1,6,2,1
35.583333333333336,949.693783287739,533.122502931001,4.204079425207726,1,6,2,1
35.59166666666667,949.5742096466176,533.4481399227883,4.153408826710888,1,6,2,1
35.6,949.8548792398531,533.1600833849966,4.183591927895585,1,6,2,1
35.608333333333334,949.6784372679642,532.3802853572049,4.2136046584602145,1,6,2,1
35.61666666666667,949.2033832218215,531.6075293698497,4.176965774555858,1,6,2,1
35.625,950.826386659735,531.8375852706642,4.1666283667124775,1,6,2,1
35.63333333333333,949.6185954784054,531.7822103532554,4.131027520218691,1,6,2,1
35.641666666666666,950.2181642101772,532.0669547289856,4.175914912014876,1,6,2,1
35.65,950.285150045223,531.815372928388,4.184312469466784,1,6,2,1
35.65833333333333,950.37269643873,533.052486676248,4.171017947926383,1,6,2,1
35.666666666666664,950.3455315302989,533.7323558496581,4.211523733775848,1,6,2,1
35.675,949.4645092699486,531.5217471745649,4.167584821709558,1,6,2,1
35.68333333333333,949.069792399646,531.214637572527,4.189145119153154,1,6,2,1
35.69166666666667,948.933541226605,530.5483471648039,4.169453988596992,1,6,2,1
35.7,949.3223591137903,530.5642642514634,4.164100871235522,1,6,2,1
35.708333333333336,949.9825914170318,529.9019566678893,4.172697572279623,1,6,2,1
35.71666666666667,949.1471832623179,529.8068292897117,4.199516322858396,1,6,2,1
35.725,950.026909680178,530.630297070884,4.150835956693936,1,6,2,1
35.733333333333334,950.9073224917252,530.4218458958619,4.215304536426585,1,6,2,1
35.74166666666667,951.5105778062118,531.3910480090356,4.132967996561226,1,6,2,1
35.75,950.7045330272105,531.7758922824254,4.218415279408653,1,6,2,1
35.75833333333333,950.7455655888033,530.5575035681132,4.2395083669942455,1,6,2,1
35.766666666666666,949.7384455781456,531.2323643545392,4.145792377910576,1,6,2,1
35.775,949.8817157077286,531.6359651012958,4.238176555776112,1,6,2,1
35.78333333333333,949.7460972374025,531.3047045282897,4.1714893103920945,1,6,2,1
35.791666666666664,949.8198741282163,531.0633790319492,4.1576079692988674,1,6,2,1
35.8,949.5344552949465,532.2887219340088,4.1058837933731995,1,6,2,1
35.80833333333333,949.6647272440082,532.4362251497334,4.210221681576021,1,6,2,1
35.81666666666667,949.2099709648422,532.0561306649325,4.160826226245971,1,6,2,1
35.825,949.3988397297986,531.9125712779195,4.221276063170476,1,6,2,1
35.833333333333336,950.0265891671053,531.1118566403658,4.215166484722742,1,6,2,1
35.84166666666667,949.1644869824374,531.5218024795821,4.1810031638595575,1,6,2,1
35.85,949.2502573782318,532.3633562110913,4.141971427591143,1,6,2,1
35.858333333333334,949.3044611764931,531.3536782538459,4.2229024312584515,1,6,2,1
35.86666666666667,948.9218016898955,532.3084125638585,4.183839257789726,1,6,2,1
35.875,949.6926704776953,532.5016542359415,4.142255223130349,1,6,2,1
35.88333333333333,949.7656000233435,531.6062980453074,4.215608470629436,1,6,2,1
35.891666666666666,949.672590714671,531.2754922860962,4.201640894331776,1,6,2,1
35.9,949.6029175924299,532.1122709723355,4.187519950221999,1,6,2,1
35.90833333333333,949.9198951147243,531.0367629730345,4.216805182402467,1,6,2,1
35.916666666666664,949.1911821993427,532.209762905094,4.200372037424606,1,6,2,1
35.925,949.4414375868753,531.5181534714858,4.2144023050064385,1,6,2,1
35.93333333333333,949.7193833931498,533.6867719328826,4.1879841254200425,1,6,2,1
35.94166666666667,949.4722871947677,532.9687189290347,4.149917146621005,1,6,2,1
35.95,949.5091735015322,533.0453016215562,4.199383249444258,1,6,2,1
35.958333333333336,948.4274268484639,533.170788862961,4.197463034101325,1,6,2,1
35.96666666666667,948.2134015193529,533.3605755104544,4.208730626915942,1,6,2,1
35.975,947.7108066864702,532.9908619470971,4.221621236845447,1,6,2,1
35.983333333333334,947.6724211558379,533.7597192393183,4.222472148120244,1,6,2,1
35.99166666666667,948.1576675825405,534.646434486441,4.211180256392508,1,6,2,1
36.0,946.9022548782837,534.4367747779252,4.210616879260778,1,6,2,1
36.00833333333333,947.2972943356369,533.128324414286,4.162740255878873,1,6,2,1
36.016666666666666,947.2047781492411,532.4607911316364,4.196849412508641,1,6,2,1
36.025,947.1542190297674,533.4484743911914,4.221608311214894,1,6,2,1
36.03333333333333,946.7763974009144,532.8592862309938,4.211787080321196,1,6,2,1
36.041666666666664,945.2770554571035,531.4876288618059,4.167518731012953,1,6,2,1
36.05,945.4015722737696,530.741054986878,4.218175197720109,1,6,2,1
36.05833333333333,960.2337537492888,404.03452507346947,4.2029873917495735,1,6,2,1
36.06666666666667,960.3575867384066,403.9524178023812,4.171793526963556,1,6,2,1
36.075,946.7408779547864,532.0602132360876,4.23217352765016,1,6,2,1
36.083333333333336,946.7100912381119,531.9410249457773,4.227190757503801,1,6,2,1
36.09166666666667,946.7734838660585,531.9369135675929,4.197076016044823,1,6,2,1
36.1,946.8295382563994,532.1653366463578,4.21587335683243,1,6,2,1
36.108333333333334,948.1798135151884,532.2132433108046,4.217857395931635,1,6,2,1
36.11666666666667,947.7662260919444,531.0163880096618,4.218217085483671,1,6,2,1
36.125,946.7408835810126,531.099728212327,4.2391911735330705,1,6,2,1
36.13333333333333,948.3210263550466,531.7766509988732,4.227426707153199,1,6,2,1
36.141666666666666,947.6718208251021,531.4760544325297,4.161662658944679,1,6,2,1
36.15,945.7089129509416,530.7633620217415,4.287014867125075,1,6,2,1
36.15833333333333,944.996186122923,531.056989985615,4.135130689891072,1,6,2,1
36.166666666666664,944.6257267313889,530.4968077286104,4.216186813675116,1,6,2,1
36.175,944.2749075936696,530.5072829104491,4.215041968479429,1,6,2,1
36.18333333333333,945.5781470528914,530.8484231763273,4.214764932789921,1,6,2,1
36.19166666666667,945.6532138856039,530.8848054394144,4.1873802407851155,1,6,2,1
36.2,946.4377911836333,530.8216311924323,4.2340151447887004,1,6,2,1
36.208333333333336,945.6680249357725,529.601419920189,4.213552946948352,1,6,2,1
36.21666666666667,945.8728199080381,529.0591187418017,4.139042038885987,1,6,2,1
36.225,944.6659106049663,528.0182214258896,4.161979261386848,1,6,2,1
36.233333333333334,943.2866092668418,526.5754145373753,4.231333691892661,1,6,2,1
36.24166666666667,944.6205289760658,526.2509602424449,4.234731527608547,1,6,2,1
36.25,944.5285497681928,527.072465096251,4.2095033047637695,1,6,2,1
36.25833333333333,942.9390398515429,526.035458830182,4.226461185999959,1,6,2,1
36.266666666666666,943.4946058636316,526.1814923406437,4.205964422646033,1,6,2,1
36.275,944.1177967058139,524.170245928569,4.2452617080648665,1,6,2,1
36.28333333333333,944.7580309364225,524.8040292665584,4.229592098112359,1,6,2,1
36.291666666666664,944.5424371345381,523.8374811153832,4.215785139320273,1,6,2,1
36.3,943.7419552440712,525.3679615795421,4.23490727851914,1,6,2,1
36.30833333333333,944.5651770559764,526.0697679382455,4.210596337107999,1,6,2,1
36.31666666666667,945.6091899155819,526.4641300112891,4.1777920325336675,1,6,2,1
36.325,945.2289648278482,526.0529568850491,4.192625119965441,1,6,2,1
36.333333333333336,944.7990647305422,527.0712810436669,4.228642916107562,1,6,2,1
36.34166666666667,945.5932861872691,527.1114383566595,4.205906396156676,1,6,2,1
36.35,945.7082641399883,527.4592897135358,4.223957256600793,1,6,2,1
36.358333333333334,946.7281906488969,526.8695545722178,4.193814351437907,1,6,2,1
36.36666666666667,948.7494574164366,527.3276427340675,4.173861715222896,1,6,2,1
36.375,948.9432946591795,527.0287991027371,4.164040061737391,1,6,2,1
36.38333333333333,949.0713113479861,527.7163880645107,4.189669335369816,1,6,2,1
36.391666666666666,949.1264727533223,527.116128427734,4.281495771949662,1,6,2,1
36.4,949.0448976261287,526.6011368815483,4.208044135975402,1,6,2,1
36.40833333333333,948.5087200767324,526.1027659128964,4.151365656598346,1,6,2,1
36.416666666666664,948.6291077388313,526.8946208918609,4.174949543498713,1,6,2,1
36.425,949.6668028207504,526.7321487003721,4.173375023334941,1,6,2,1
36.43333333333333,950.137652684922,526.9858756390718,4.140109356231909,1,6,2,1
36.44166666666667,949.3289031006135,526.6947512325453,4.17829314003208,1,6,2,1
36.45,949.6802227154349,525.9911766092233,4.148093154450691,1,6,2,1
36.458333333333336,947.8918746521771,525.2589337794933,4.1588774620437405,1,6,2,1
36.46666666666667,948.6612658925263,524.6626081310043,4.165079410900529,1,6,2,1
36.475,949.5925884711637,524.4772119422377,4.204487879070089,1,6,2,1
36.483333333333334,949.9678416985939,524.2873601886336,4.1321664523358,1,6,2,1
36.49166666666667,948.7491621186829,524.1639919678645,4.138808216656122,1,6,2,1
36.5,948.3265177298512,524.4420449143955,4.182043238999668,1,6,2,1
36.50833333333333,948.4047131086307,523.5119083723852,4.2241867200268635,1,6,2,1
36.516666666666666,948.2662666519498,524.7235867742045,4.179470491883154,1,6,2,1
36.525,948.8788214525609,524.1965988241377,4.188970412516641,1,6,2,1
36.53333333333333,948.2121173830906,524.3430833107968,4.1838938362178295,1,6,2,1
36.541666666666664,947.6635969631109,524.6865240792989,4.184614484483214,1,6,2,1
36.55,948.4604094597105,525.5521259370803,4.19523953262705,1,6,2,1
36.55833333333333,947.3357500771589,525.3487629032214,4.161640386976381,1,6,2,1
36.56666666666667,946.0857870173016,525.5925920539713,4.271571648598643,1,6,2,1
36.575,947.655481879216,524.2660497413412,4.220909030456733,1,6,2,1
36.583333333333336,947.9319172226925,523.6556539418297,4.186664007263429,1,6,2,1
36.59166666666667,947.0731130931767,523.9296861464767,4.22238960171784,1,6,2,1
36.6,947.5684344244318,524.6943028639342,4.162087066737799,1,6,2,1
36.608333333333334,946.4628957917813,523.17506640813,4.214613478906607,1,6,2,1
36.61666666666667,947.9678586555575,524.0120015958778,4.168576573040438,1,6,2,1
36.625,948.4205035838283,523.1010735129613,4.181502799696901,1,6,2,1
36.63333333333333,949.4811303723143,522.9749434380421,4.1483409145184655,1,6,2,1
36.641666666666666,948.9611085381102,523.2627614827995,4.16500493939196,1,6,2,1
36.65,949.8848576857741,523.5301079114937,4.220186475896693,1,6,2,1
36.65833333333333,949.4434242396494,522.5406686378908,4.170243022894139,1,6,2,1
36.666666666666664,951.0543761331746,522.128092992956,4.196383233253244,1,6,2,1
36.675,952.7768621865055,521.3179341078853,4.115689972354689,1,6,2,1
36.68333333333333,953.6896889420789,520.4848105232215,4.209458435748579,1,6,2,1
36.69166666666667,952.811730514071,520.6850707821494,4.221890029394454,1,6,2,1
36.7,952.3024059930665,521.0474524566354,4.14917649321236,1,6,2,1
36.708333333333336,951.4861461038599,521.2219976684685,4.154258869404074,1,6,2,1
36.71666666666667,951.6342121643568,520.8452206935849,4.195723215173076,1,6,2,1
36.725,950.1728014923345,520.1619156072701,4.194830106678847,1,6,2,1
36.733333333333334,949.450457061177,518.8808430780498,4.224125630187058,1,6,2,1
36.74166666666667,949.4549869225024,518.3864272271884,4.171341977771522,1,6,2,1
36.75,949.7962793926987,517.7912941679889,4.198722879215951,1,6,2,1
36.75833333333333,949.2574380945102,517.9045856482513,4.172453053837977,1,6,2,1
36.766666666666666,950.7921596950883,518.1817831964548,4.186789196209552,1,6,2,1
36.775,951.318028343961,519.0654666659677,4.194916612827567,1,6,2,1
36.78333333333333,949.9275077955828,518.2436639060976,4.1667099525633695,1,6,2,1
36.791666666666664,951.2559569413855,517.9441209484772,4.180594366869595,1,6,2,1
36.8,951.0003016734895,518.3315203299427,4.113760384980999,1,6,2,1
36.80833333333333,950.0836469034874,518.3024344420857,4.187526748780185,1,6,2,1
36.81666666666667,951.395150566366,518.090868350204,4.16699127106946,1,6,2,1
36.825,951.2215732463004,516.6562377854037,4.142647053256155,1,6,2,1
36.833333333333336,950.5403032081505,517.170821208502,4.195919778617921,1,6,2,1
36.84166666666667,950.4567448270657,516.9320085785005,4.203231657488105,1,6,2,1
36.85,949.8684024560218,516.0686441410318,4.195345156077765,1,6,2,1
36.858333333333334,950.157665317336,515.6498287373188,4.1558704848883075,1,6,2,1
36.86666666666667,950.7380830885472,515.7097235908143,4.189289110426074,1,6,2,1
36.875,949.7192442231268,516.3148809681644,4.1579947542573,1,6,2,1
36.88333333333333,949.8794635877267,517.56624981027,4.170244638792718,1,6,2,1
36.891666666666666,949.8517361180202,517.198379980213,4.235552586601051,1,6,2,1
36.9,950.2391201644639,517.846635878828,4.167620967806343,1,6,2,1
36.90833333333333,949.7922208306386,518.1235305981941,4.261227775746639,1,6,2,1
36.916666666666664,948.9862028290746,518.6787598456385,4.155977196860987,1,6,2,1
36.925,949.5627222136105,519.5138527243374,4.160602904526083,1,6,2,1
36.93333333333333,949.7011162877573,519.50065664974,4.2033277550939,1,6,2,1
36.94166666666667,949.7591360556748,519.1527867104846,4.110381661074683,1,6,2,1
36.95,950.5032220771598,518.2759457623273,4.12665178677274,1,6,2,1
36.958333333333336,950.3160520127155,518.3099360042686,4.150962215509574,1,6,2,1
36.96666666666667,949.7556339574813,518.0360866826212,4.142110581262171,1,6,2,1
36.975,949.5183997615159,518.3464355985099,4.187268079030665,1,6,2,1
36.983333333333334,949.071638079877,518.8072320427158,4.209955931466408,1,6,2,1
36.99166666666667,950.2683133153517,518.1361077024478,4.1636994166154615,1,6,2,1
37.0,951.0218225182376,516.9867939051196,4.142305419020489,1,6,2,1
37.00833333333333,951.4700261614993,516.9330823393237,4.138271889469428,1,6,2,1
37.016666666666666,952.0334927181351,517.5642657653499,4.207241301177077,1,6,2,1
37.025,951.5977533622194,517.932460524772,4.144672171320151,1,6,2,1
37.03333333333333,951.9819767026534,517.8428581302982,4.126063579185638,1,6,2,1
37.041666666666664,952.9936914567153,517.2749996281354,4.152893475001757,1,6,2,1
37.05,952.8125197368886,516.3277537311707,4.182062850290964,1,6,2,1
37.05833333333333,952.491585633422,517.0301258882263,4.17584812106281,1,6,2,1
37.06666666666667,951.9235687357351,516.9819951288478,4.146850073725718,1,6,2,1
37.075,951.5498372376838,515.9292326898453,4.195165417304163,1,6,2,1
37.083333333333336,952.5506977476208,515.008648380285,4.101350529411652,1,6,2,1
37.09166666666667,952.2534911936762,515.4891102010729,4.152075626012884,1,6,2,1
37.1,951.9044962247787,514.8942921667635,4.167071797106187,1,6,2,1
37.108333333333334,953.168920406863,515.609332764478,4.095544277592905,1,6,2,1
37.11666666666667,952.6235325202739,515.1576249387404,4.099059077797725,1,6,2,1
37.125,951.9163943273928,514.9847957818928,4.212573049624931,1,6,2,1
37.13333333333333,951.9153092928979,516.1535401430579,4.13825667008532,1,6,2,1
37.141666666666666,951.0573421751724,515.471448128133,4.184959278268033,1,6,2,1
37.15,951.7585074902237,515.2985768484444,4.10133587280704,1,6,2,1
37.15833333333333,953.1789692157981,515.6839787992332,4.101542252811816,1,6,2,1
37.166666666666664,952.1301588719905,517.0135241419217,4.143087284093029,1,6,2,1
37.175,950.4140701784758,517.368734365777,4.166046191746383,1,6,2,1
37.18333333333333,949.980008047777,516.6117082936598,4.094191053332368,1,6,2,1
37.19166666666667,949.9222635929038,516.476040307926,4.1439407638723935,1,6,2,1
37.2,950.1307981841984,516.3455529321116,4.154361168190933,1,6,2,1
37.208333333333336,949.2838766572635,517.8827837778532,4.124480413722593,1,6,2,1
37.21666666666667,949.6305294875109,517.5730502622847,4.1160880078157795,1,6,2,1
37.225,949.271421897122,518.6191831257872,4.188274187204445,1,6,2,1
37.233333333333334,948.560226195841,518.9767189097196,4.114237573206172,1,6,2,1
37.24166666666667,949.645526023354,519.2813677559457,4.13480985604083,1,6,2,1
37.25,950.2388519975922,519.6508030215161,4.144175648573896,1,6,2,1
37.25833333333333,949.1529563026849,519.9384134334965,4.127514131979424,1,6,2,1
37.266666666666666,950.24766325932,518.729689068673,4.098915134201308,1,6,2,1
37.275,949.4277003828453,520.1488706936645,4.140334566917505,1,6,2,1
37.28333333333333,949.3042068670777,521.1396540651904,4.182951212955436,1,6,2,1
37.291666666666664,949.3498398036111,521.2625791877558,4.131456168145998,1,6,2,1
37.3,950.0336246861007,521.4373233726379,4.174493865351821,1,6,2,1
37.30833333333333,949.9898329831855,521.7686528891396,4.119458233098777,1,6,2,1
37.31666666666667,950.473057474199,523.0575717125871,4.124383641489488,1,6,2,1
37.325,949.4450386256235,521.7086473862582,4.122163130400646,1,6,2,1
37.333333333333336,949.0836621445194,521.3677642505695,4.1263319741039695,1,6,2,1
37.34166666666667,949.9911950621629,520.9032449655218,4.1070387952717375,1,6,2,1
37.35,950.4172731142933,521.4243455720077,4.1253309099507085,1,6,2,1
37.358333333333334,949.8720081957263,521.5062595503958,4.095332163832271,1,6,2,1
37.36666666666667,950.659505596304,522.3096548402261,4.069959543477367,1,6,2,1
37.375,950.5957402295704,523.2263748182451,4.17735592555805,1,6,2,1
37.38333333333333,950.7379224302836,523.361589148192,4.127957571920117,1,6,2,1
37.391666666666666,950.6109490970925,523.4104732991484,4.07455130833024,1,6,2,1
37.4,949.6190718705814,524.1241718585264,4.126936981054673,1,6,2,1
37.40833333333333,949.1834791235941,525.4861570971182,4.105503313650597,1,6,2,1
37.416666666666664,949.4174358634522,526.1533148527154,4.125091563249562,1,6,2,1
37.425,949.5712957087349,525.0267213482779,4.1621749216933726,1,6,2,1
37.43333333333333,950.4915009083759,524.4011346521753,4.091840733352471,1,6,2,1
37.44166666666667,950.2034662993208,524.0259843439778,4.141889006386993,1,6,2,1
37.45,949.5491060615886,523.8345103367428,4.114603406728924,1,6,2,1
37.458333333333336,949.714922661435,524.2675564155758,4.098839939927151,1,6,2,1
37.46666666666667,949.9413183641118,525.8930503042566,4.164251562397246,1,6,2,1
37.475,949.4480634610861,525.7085447759337,4.066881748788111,1,6,2,1
37.483333333333334,949.9128479837844,525.7252446014779,4.050135248113332,1,6,2,1
37.49166666666667,949.7818163790699,525.4681354288302,4.135878971410854,1,6,2,1
37.5,948.9007956360942,523.4832353967172,4.106038131992494,1,6,2,1
37.50833333333333,949.0013974537793,524.1275658809742,4.174864495060557,1,6,2,1
37.516666666666666,949.5534703941228,524.1213961083128,4.123840477004174,1,6,2,1
37.525,948.7727571919651,521.8105236684926,4.125491055905349,1,6,2,1
37.53333333333333,949.1502093904584,521.3823935563565,4.128152164752344,1,6,2,1
37.541666666666664,948.9985180435518,520.4600745621473,4.058440589934296,1,6,2,1
37.55,949.6769216890372,521.587661828811,4.1482340640346544,1,6,2,1
37.55833333333333,948.514629780827,520.3200180761746,4.128381043785335,1,6,2,1
37.56666666666667,949.1053886915098,519.3089617265634,4.106603477119359,1,6,2,1
37.575,949.3490224914998,519.942661430223,4.106422760191527,1,6,2,1
37.583333333333336,949.7363134246331,519.7835201794536,4.112853906958487,1,6,2,1
37.59166666666667,950.2141361925983,520.0583555469278,4.119931696960979,1,6,2,1
37.6,951.412718204988,519.8464915761457,4.117946828746042,1,6,2,1
37.608333333333334,950.8272370070665,520.3202861192566,4.047736872008645,1,6,2,1
37.61666666666667,952.1779583021424,520.3172487080745,4.099986309175491,1,6,2,1
37.625,952.377036109951,520.9852999575262,4.10285520621065,1,6,2,1
37.63333333333333,950.1207756503686,521.2951167020474,4.064216203574157,1,6,2,1
37.641666666666666,949.6019978095111,520.8013428567508,4.088156976363935,1,6,2,1
37.65,950.8750772488041,521.0639269821761,4.0812629468925365,1,6,2,1
37.65833333333333,950.3074525182444,521.5554672099813,4.096144698808816,1,6,2,1
37.666666666666664,950.4883777668589,521.3941582433254,4.107801748564186,1,6,2,1
37.675,950.6633035022694,522.903464484061,4.096846148087332,1,6,2,1
37.68333333333333,950.2263435535543,522.4173556705911,4.05095919421142,1,6,2,1
37.69166666666667,950.8126784347056,522.6405245461416,4.125943375019008,1,6,2,1
37.7,948.8187714413604,521.4667894928422,4.102067099613685,1,6,2,1
37.708333333333336,949.2939006525417,519.7354430132209,4.141938394662916,1,6,2,1
37.71666666666667,949.3133533040024,519.2770254456403,4.069474527602058,1,6,2,1
37.725,950.5473216912396,519.7564582474563,4.0386184740955935,1,6,2,1
37.733333333333334,950.0985619908918,519.0629080115174,4.085198443771889,1,6,2,1
37.74166666666667,950.0053607098484,519.0481893203628,4.03546412136071,1,6,2,1
37.75,949.495905651485,518.9062165308579,4.068608107791785,1,6,2,1
37.75833333333333,949.7151696228996,519.234346387395,4.060672292181525,1,6,2,1
37.766666666666666,949.5734839829606,519.9477936417601,4.029570027597859,1,6,2,1
37.775,948.8945931424779,521.2313820655306,4.052319423957245,1,6,2,1
37.78333333333333,948.3068476934151,522.4155507838566,4.043755564315101,1,6,2,1
37.791666666666664,947.176083559568,522.288230572033,4.069274170980864,1,6,2,1
37.8,946.816390393059,521.6688221996452,4.059828494218997,1,6,2,1
37.80833333333333,945.2373656880036,522.792211157582,4.0424659414896436,1,6,2,1
37.81666666666667,944.0273538193857,522.2507991747948,4.091892914969545,1,6,2,1
37.825,943.6677619726808,521.5528618070433,4.062556111584348,1,6,2,1
37.833333333333336,944.3554890849005,522.3491403566054,4.043273333898353,1,6,2,1
37.84166666666667,943.5244135783591,521.5815796875568,4.086193801108911,1,6,2,1
37.85,943.8588760650093,521.5635694600438,4.09900821510139,1,6,2,1
37.858333333333334,943.8498338228759,520.8214511951443,4.056886681348753,1,6,2,1
37.86666666666667,944.0191297088444,519.0466087317956,4.051445511229418,1,6,2,1
37.875,944.0380361321968,519.0054848380494,4.085582966830603,1,6,2,1
37.88333333333333,943.4469778680266,520.0974901141411,4.057184025854291,1,6,2,1
37.891666666666666,944.9621649069187,519.8019411621362,4.071126088893966,1,6,2,1
37.9,944.0262768833829,517.9196499877247,4.121452762475801,1,6,2,1
37.90833333333333,945.150224927433,517.5955301283947,4.060311028024178,1,6,2,1
37.916666666666664,946.001477431004,518.2687418264054,4.050078161779295,1,6,2,1
37.925,946.4466036789001,519.7920733649762,4.0566822321186775,1,6,2,1
37.93333333333333,945.9154683284825,517.4061550466714,4.0437474780676546,1,6,2,1
37.94166666666667,945.6898354614889,517.7259489135034,4.0644808061707485,1,6,2,1
37.95,947.1045653877994,518.9212580604687,4.0078432019147305,1,6,2,1
37.958333333333336,947.1206126505642,519.5807782986996,4.06108612234084,1,6,2,1
37.96666666666667,946.2039022238586,521.3170810787826,4.055395866579672,1,6,2,1
37.975,946.0571687771264,521.6700758248371,4.109191343134707,1,6,2,1
37.983333333333334,947.2208555924512,520.9422552570729,4.067053249111785,1,6,2,1
37.99166666666667,946.9496027795064,521.3977013905593,4.05987330287942,1,6,2,1
38.0,946.8684339165766,521.4545952388955,4.070587988512242,1,6,2,1
38.00833333333333,946.8646542630232,522.2024616419137,4.041412977864832,1,6,2,1
38.016666666666666,944.2416788510866,524.7549919992628,3.990926028532974,1,6,2,1
38.025,944.5780911977442,525.0995228299868,4.070264166335654,1,6,2,1
38.03333333333333,723.7703197864855,190.58793252434077,4.068483202985338,1,6,2,1
38.041666666666664,724.610787136656,191.08428900406136,4.081094839828307,1,6,2,1
38.05,946.0464549436898,525.0993485418037,4.056689667941744,1,6,2,1
38.05833333333333,945.3327384569881,523.4144153699423,4.069041481626943,1,6,2,1
38.06666666666667,945.8397279869338,523.8309299980981,4.007125246932591,1,6,2,1
38.075,944.9496967789935,523.2657703451313,3.9968551156264693,1,6,2,1
38.083333333333336,945.3640430121989,522.3882981055506,4.070574028519205,1,6,2,1
38.09166666666667,946.1989028792146,521.6205472650668,4.09006025869043,1,6,2,1
38.1,944.8267419984973,522.7412282918681,4.036787408426365,1,6,2,1
38.108333333333334,944.8442808175098,523.1873080062528,4.028802871883846,1,6,2,1
38.11666666666667,945.1024356532273,522.5153659663947,4.019510068927597,1,6,2,1
38.125,945.5777301162332,521.6561784257434,3.986136444739331,1,6,2,1
38.13333333333333,945.6322013172027,521.8203788136932,4.001796345422882,1,6,2,1
38.141666666666666,945.7372430726742,522.0572111418293,3.9419097597044668,1,6,2,1
38.15,946.8952521081213,522.4490910903173,4.000724188425224,1,6,2,1
38.15833333333333,946.9924612220626,524.0516375452985,4.0085855628335425,1,6,2,1
38.166666666666664,947.8237338225713,523.2446891235062,4.025832395931151,1,6,2,1
38.175,948.2809430962658,523.1730228481123,3.950715172636527,1,6,2,1
38.18333333333333,947.0203167889757,523.3840954535905,4.0153928315955225,1,6,2,1
38.19166666666667,947.8486930948869,523.8074906248462,4.092597417655874,1,6,2,1
38.2,948.0367978582447,523.234729657445,3.987332001713744,1,6,2,1
38.208333333333336,948.9042991656478,523.4306151773736,4.009729046190029,1,6,2,1
38.21666666666667,948.7663910381502,523.0362243492765,4.082713862225671,1,6,2,1
38.225,947.6307359597334,522.8720756157169,4.0434426148525695,1,6,2,1
38.233333333333334,947.8578095982901,523.5340170757822,3.98614421779197,1,6,2,1
38.24166666666667,948.735326528579,523.8916526687285,4.031729384805225,1,6,2,1
38.25,946.9427982147525,524.2143366711974,4.017075681773945,1,6,2,1
38.25833333333333,947.8910060266403,524.3335896147979,4.018910439024818,1,6,2,1
38.266666666666666,946.9148056345251,524.7564702554502,4.028618298967684,1,6,2,1
38.275,946.960370132054,526.2660234957556,4.0654678520782275,1,6,2,1
38.28333333333333,946.7342398152184,527.0517606333133,3.961932264006307,1,6,2,1
38.291666666666664,947.3251569165269,528.3299876243352,4.008479776380866,1,6,2,1
38.3,948.4168924819023,528.2935750439376,3.976710972977971,1,6,2,1
38.30833333333333,947.0615955855724,527.6035053748193,4.016634672850589,1,6,2,1
38.31666666666667,945.9325092504151,526.4005812630443,4.035197023163635,1,6,2,1
38.325,946.6629564392694,526.3716021725295,4.006803860407981,1,6,2,1
38.333333333333336,946.5356939545268,526.4487003901856,4.0702899201013505,1,6,2,1
38.34166666666667,945.8834655828829,527.7364262915817,4.026262762394736,1,6,2,1
38.35,944.3327765896996,527.5434902318507,4.07657815807271,1,6,2,1
38.358333333333334,943.5366994412738,527.4702165282407,4.03318154526015,1,6,2,1
38.36666666666667,943.7128976247236,528.5197239762557,3.973706434253988,1,6,2,1
38.375,942.8259030704428,529.8066928491369,4.065880293873796,1,6,2,1
38.38333333333333,943.3378542668804,531.1973791084221,4.049490387500297,1,6,2,1
38.391666666666666,942.7983470610047,530.783500684903,4.0164458720992675,1,6,2,1
38.4,942.866592220515,532.0444877239061,4.043728799806765,1,6,2,1
38.40833333333333,943.7768800795427,532.8301512804463,3.996151075545851,1,6,2,1
38.416666666666664,944.1360285942964,532.7031552799261,4.055783680897977,1,6,2,1
38.425,945.0421239208553,533.1789618664915,3.9729194915733936,1,6,2,1
38.43333333333333,944.7851655432854,533.7399639306987,3.970275671304262,1,6,2,1
38.44166666666667,945.234072325108,534.9353322783392,4.003855852706809,1,6,2,1
38.45,945.8585630720371,534.3794827865192,4.0299292555108,1,6,2,1
38.458333333333336,947.0028210431423,533.8470725012564,3.99406770488836,1,6,2,1
38.46666666666667,947.1387792038025,534.2277472547331,3.9730195561729214,1,6,2,1
38.475,947.4346189654063,533.6166138944556,4.044824880008121,1,6,2,1
38.483333333333334,947.6077002791588,532.7691611168152,4.034147460712653,1,6,2,1
38.49166666666667,947.7516987755406,533.0199875863997,4.049910013813889,1,6,2,1
38.5,947.3198773256115,534.8204037066189,3.998633033394767,1,6,2,1
38.50833333333333,948.141206551747,535.2592110596482,3.991411465252203,1,6,2,1
38.516666666666666,949.2170671553453,535.9798063528805,4.002297285725877,1,6,2,1
38.525,948.9791564823718,535.268632385408,4.033697118557125,1,6,2,1
38.53333333333333,949.7662038916023,535.6985917534299,3.9740740879682783,1,6,2,1
38.541666666666664,949.3405993388207,535.6667000925776,3.9916536450560542,1,6,2,1
38.55,947.2641003061175,535.610238019797,3.9935320517207193,1,6,2,1
38.55833333333333,947.0288953613864,538.0687857334354,3.975540004757227,1,6,2,1
38.56666666666667,947.8277459128957,538.9126152959302,3.9589823713237613,1,6,2,1
38.575,948.3041005119768,538.1414211774963,3.99893609497078,1,6,2,1
38.583333333333336,946.978163218155,538.626466977516,3.9637352977180935,1,6,2,1
38.59166666666667,946.791105284341,538.7125664992146,3.9776161189514956,1,6,2,1
38.6,947.4329017912551,539.4206873117479,3.9983723698246854,1,6,2,1
38.608333333333334,949.0922331842477,539.29496180799,3.9787047718607234,1,6,2,1
38.61666666666667,948.1712432064722,538.2264983186872,3.983269025561898,1,6,2,1
38.625,947.73591146524,536.5814412751452,4.0105739631536395,1,6,2,1
38.63333333333333,947.3110908584226,534.7411661210725,4.0164455596716255,1,6,2,1
38.641666666666666,947.345988684431,534.0794858698674,4.044429572825397,1,6,2,1
38.65,946.7509095961844,534.7339942354408,4.000378473753258,1,6,2,1
38.65833333333333,947.8799361609325,535.9153212394315,4.0682680552986135,1,6,2,1
38.666666666666664,946.9821703639793,535.783020627656,3.958648559840249,1,6,2,1
38.675,457.1238533620427,252.11864228450446,4.027990755171533,1,6,2,1
38.68333333333333,458.01395510454995,251.48711869125924,4.040498219015139,1,6,2,1
38.69166666666667,946.2394481099417,536.5653525615379,4.033919819391178,1,6,2,1
38.7,946.1064492110677,537.9661451961501,4.0069007152477125,1,6,2,1
38.708333333333336,945.776802018632,537.2174388719292,3.9944117312341634,1,6,2,1
38.71666666666667,945.7690898433451,538.1442332767423,4.062654473156498,1,6,2,1
38.725,944.9792510882266,538.8204370653425,3.995293895698863,1,6,2,1
38.733333333333334,945.4497086439526,538.9213630132398,3.9680791843481527,1,6,2,1
38.74166666666667,945.4151833770379,538.5246015959473,4.033526884922955,1,6,2,1
38.75,945.5336900670102,538.0191358829538,3.929940077698781,1,6,2,1
38.75833333333333,945.0313885400271,538.1133389842574,3.984823283888043,1,6,2,1
38.766666666666666,944.6578708022572,537.8945509064031,4.0036962626846515,1,6,2,1
38.775,945.0218273983862,537.6236947313814,3.9755131438802316,1,6,2,1
38.78333333333333,946.1109101058221,537.0377879071947,4.042797890870875,1,6,2,1
38.791666666666664,946.339294035009,537.4214705122773,3.979325262880905,1,6,2,1
38.8,945.7640392231484,535.9562212235597,4.012603406841524,1,6,2,1
38.80833333333333,945.7652920529105,536.3142749671222,3.9672293315348495,1,6,2,1
38.81666666666667,945.9103261930276,536.4841020652503,4.017600801487056,1,6,2,1
38.825,946.354921909738,536.113735203389,4.045289071079241,1,6,2,1
38.833333333333336,946.0553089665551,534.4305779338819,4.020215024012204,1,6,2,1
38.84166666666667,947.0482071474235,534.6198827725726,3.997093303460624,1,6,2,1
38.85,947.6345445137733,534.23708688757,4.017515580057333,1,6,2,1
38.858333333333334,947.6804312651966,533.8252165350086,3.99342442279497,1,6,2,1
38.86666666666667,947.7503000023222,533.0772567359757,4.031261735101836,1,6,2,1
38.875,947.1078304733105,533.8684087330369,3.973876580594964,1,6,2,1
38.88333333333333,946.3676597426838,533.8781043471422,3.9941009203869395,1,6,2,1
38.891666666666666,947.0848420178238,533.9459744342134,4.001315600478144,1,6,2,1
38.9,946.7980025046097,533.3220774585116,4.004203177215539,1,6,2,1
38.90833333333333,946.3494899638495,534.3899388430175,4.03153024449159,1,6,2,1
38.916666666666664,945.991959897434,535.7332189433195,4.035940824264827,1,6,2,1
38.925,944.4596245924387,534.4208974364166,4.0092134882102135,1,6,2,1
38.93333333333333,943.8875593098514,535.1190911021115,3.9890438874621807,1,6,2,1
38.94166666666667,943.6672482736049,534.5433834381458,4.016086932272597,1,6,2,1
38.95,944.5181196217225,534.1150082379905,3.956589345874256,1,6,2,1
38.958333333333336,944.5711951587574,533.9342745903657,3.954772256672445,1,6,2,1
38.96666666666667,944.0588857936813,533.479780217753,3.946352584227338,1,6,2,1
38.975,943.1799456397408,532.9827155535254,3.9969149614558726,1,6,2,1
38.983333333333334,942.7370088324548,533.7593784709021,3.977616316221902,1,6,2,1
38.99166666666667,943.1194670471247,533.4840153775546,4.041069068709897,1,6,2,1
