t,gx,gy,pupil,valid,subj,trial,label
0.0,959.6527164688287,540.5417447510955,3.18236722127064,1,2,2,0
0.008333333333333333,959.2926587236587,540.6742874705392,3.1970899842733194,1,2,2,0
0.016666666666666666,959.3375933052733,540.8265462168774,3.237812568916077,1,2,2,0
0.025,959.0393221458828,540.4844338693821,3.2261329855698957,1,2,2,0
0.03333333333333333,958.669377738646,541.0769977007034,3.228998026620473,1,2,2,0
0.041666666666666664,958.8412491264861,541.0629793093699,3.209309523646328,1,2,2,0
0.05,958.7309515428975,541.2358191281124,3.2208964800580184,1,2,2,0
0.058333333333333334,959.5550089987275,541.5699444638016,3.2305098759296778,1,2,2,0
0.06666666666666667,959.9613470181977,541.4267397255857,3.2043705032620284,1,2,2,0
0.075,960.1162510967465,541.5266676167003,3.1691280320290542,1,2,2,0
0.08333333333333333,960.0398967377988,540.9891544179015,3.2234710208186312,1,2,2,0
0.09166666666666666,960.3819724256448,541.467707572647,3.2073300806891205,1,2,2,0
0.1,960.4098420874597,542.4675630523975,3.2212520636243442,1,2,2,0
0.10833333333333334,959.5680871471181,542.0507442519507,3.2115215375726183,1,2,2,0
0.11666666666666667,959.2901220422681,542.4273953754583,3.191833813710688,1,2,2,0
0.125,959.1534654766814,541.6058042450467,3.1904658979473632,1,2,2,0
0.13333333333333333,959.5702160889798,541.1419179759442,3.267979121159146,1,2,2,0
0.14166666666666666,958.4884307200721,540.8742219174881,3.1935726557038513,1,2,2,0
0.15,958.654497218072,540.7893242334883,3.2474982900259697,1,2,2,0
0.15833333333333333,958.8137975576498,541.0170655658486,3.252324743009171,1,2,2,0
0.16666666666666666,958.9475004101532,540.6681147876815,3.240826026989769,1,2,2,0
0.175,959.2484674875119,540.6221432519504,3.1910842841806852,1,2,2,0
0.18333333333333332,958.9626253924506,540.4355195775314,3.2139389786340664,1,2,2,0
0.19166666666666668,958.7164397312711,540.6919139996652,3.2236525896058046,1,2,2,0
0.2,957.9411202380827,540.8786143407726,3.212780733675941,1,2,2,0
0.20833333333333334,958.1093086372964,540.7930349119223,3.2427234110742087,1,2,2,0
0.21666666666666667,958.2127691435221,541.1732090944485,3.2479659891596757,1,2,2,0
0.225,958.2966801233031,541.3391320842359,3.2308536116521003,1,2,2,0
0.23333333333333334,957.9176674035252,541.2430859207043,3.2568790082526595,1,2,2,0
0.24166666666666667,958.3591122622748,540.752145180383,3.2414520289491904,1,2,2,0
0.25,958.1229135458466,540.9729553931141,3.209141306089401,1,2,2,0
0.25833333333333336,958.1638990375518,541.4230346184055,3.2786303174766864,1,2,2,0
0.26666666666666666,958.7535083499197,541.4098865011366,3.2471735328877367,1,2,2,0
0.275,959.031750166313,541.9413972569554,3.2480527453105696,1,2,2,0
0.2833333333333333,959.145321981408,541.1684645322458,3.2406182507261545,1,2,2,0
0.2916666666666667,959.3565725390696,541.7221576211045,3.2253291024078345,1,2,2,0
0.3,959.1145971221188,542.5374901456115,3.27676368615289,1,2,2,0
0.30833333333333335,958.4888079161645,542.2720175079132,3.263084584500379,1,2,2,0
0.31666666666666665,958.3989069108934,541.3622815951205,3.2079288875505356,1,2,2,0
0.325,957.9049576485784,541.4899479809548,3.275657199186949,1,2,2,0
0.3333333333333333,958.2496476680047,541.8470802914765,3.216319197327287,1,2,2,0
0.3416666666666667,957.8763932317446,541.7780020522132,3.234084645708945,1,2,2,0
0.35,958.1721883558278,542.2169229314709,3.252568724800892,1,2,2,0
0.35833333333333334,957.8455515010266,542.5832951966564,3.2715419359467863,1,2,2,0
0.36666666666666664,957.1502493165673,541.9943474569667,3.2583520653589484,1,2,2,0
0.375,956.7438779952284,542.3576735211526,3.2442850745375074,1,2,2,0
0.38333333333333336,957.1987947194615,542.3230746340985,3.2287713706128365,1,2,2,0
0.39166666666666666,956.8706140306631,543.4638801703244,3.2438186756657377,1,2,2,0
0.4,956.7317778983419,543.1338086258435,3.2541654907470297,1,2,2,0
0.4083333333333333,957.8564991556486,543.6528999384809,3.2622319003251627,1,2,2,0
0.4166666666666667,958.2941830523664,543.7055407165664,3.2551637266731697,1,2,2,0
0.425,584.8907986007305,558.5126847702977,3.283275439580069,1,2,2,0
0.43333333333333335,584.3730374566533,558.9214008068683,3.2429258737766307,1,2,2,0
0.44166666666666665,957.2245058530979,543.0980137888312,3.2569243639055756,1,2,2,0
0.45,957.5694505820677,543.7591149898765,3.2415444154042468,1,2,2,0
0.4583333333333333,957.360974881666,543.6373262675519,3.259566534980238,1,2,2,0
0.4666666666666667,957.4840886818445,543.509612785803,3.235638392323925,1,2,2,0
0.475,957.1922791941876,544.0521366980576,3.2807054119859647,1,2,2,0
0.48333333333333334,957.4906161649667,543.7161558815934,3.2395159118913486,1,2,2,0
0.49166666666666664,957.2524008145306,544.1951095023047,3.2104172643931337,1,2,2,0
0.5,958.1402780024797,544.575594299668,3.262333471030568,1,2,2,0
0.5083333333333333,958.6796413348404,544.885959606451,3.282464986774589,1,2,2,0
0.5166666666666667,958.7488985741825,544.670563669746,3.29476864689303,1,2,2,0
0.525,959.0957068522654,545.0653319351338,3.2528733933456846,1,2,2,0
0.5333333333333333,958.9683316284046,545.6617355676985,3.246433929054996,1,2,2,0
0.5416666666666666,959.4904526601713,546.2383246564517,3.259344206527699,1,2,2,0
0.55,958.6344909530335,546.5122158892655,3.2420206977426185,1,2,2,0
0.5583333333333333,958.2268023181658,547.2771326036728,3.22624678638547,1,2,2,0
0.5666666666666667,958.0987906156889,547.665394866293,3.3079928567412376,1,2,2,0
0.575,959.482391057328,547.7846424260564,3.2567595720263496,1,2,2,0
0.5833333333333334,958.7133519798582,547.4278103941903,3.273801481076554,1,2,2,0
0.5916666666666667,958.5092577166898,547.2387712948462,3.2727073983504846,1,2,2,0
0.6,958.0638073461726,547.6581431541148,3.2384502863255307,1,2,2,0
0.6083333333333333,958.1797790194607,547.842064280871,3.2625553977873736,1,2,2,0
0.6166666666666667,958.4387741768339,548.00222141595,3.2484970354792826,1,2,2,0
0.625,958.2706416760344,547.9193531213327,3.2779561498706045,1,2,2,0
0.6333333333333333,958.2485101256348,548.5692318070103,3.2687548390106955,1,2,2,0
0.6416666666666667,959.1398509099375,549.6271616355771,3.256287452941618,1,2,2,0
0.65,959.4720581456688,549.6373948424423,3.277148308537682,1,2,2,0
0.6583333333333333,959.4359275264346,550.1960009330982,3.300857656568263,1,2,2,0
0.6666666666666666,959.782272501921,551.3704417353971,3.2955254955724667,1,2,2,0
0.675,959.2373964950539,551.9340482446537,3.245074558852479,1,2,2,0
0.6833333333333333,959.3404833366767,551.7593860347565,3.291722545814856,1,2,2,0
0.6916666666666667,960.014031669052,552.5801905802756,3.2535053429297855,1,2,2,0
0.7,562.0540952692576,80.08681994442065,3.2636187085775736,1,2,2,0
0.7083333333333334,562.4032548878326,80.62295667541503,3.2591798747558585,1,2,2,0
0.7166666666666667,959.2631313669493,552.80826341907,3.2629265491945345,1,2,2,0
0.725,958.6956057728014,553.0778325264196,3.275926326237084,1,2,2,0
0.7333333333333333,958.421271704391,553.6560956746886,3.277038303861295,1,2,2,0
0.7416666666666667,959.282639847843,553.7282809293694,3.2619352464418414,1,2,2,0
0.75,959.7993474420315,552.9354506000972,3.2892668613947222,1,2,2,0
0.7583333333333333,960.7269852038364,552.7584917722598,3.2833271172195437,1,2,2,0
0.7666666666666667,960.7739233874066,552.6301204454505,3.253616068336171,1,2,2,0
0.775,961.063888940487,552.7602431804537,3.2622697181129827,1,2,2,0
0.7833333333333333,960.8425892961088,553.36054454842,3.2883932380649017,1,2,2,0
0.7916666666666666,960.7760085114057,553.244507730804,3.26558418678311,1,2,2,0
0.8,961.15898608132,553.2615940954677,3.2990131776191833,1,2,2,0
0.8083333333333333,961.2819698794543,553.0050956374472,3.2755534801778747,1,2,2,0
0.8166666666666667,962.1951580332311,553.4716719531083,3.286116677964653,1,2,2,0
0.825,962.8833834243615,553.7775007203749,3.312454818479594,1,2,2,0
0.8333333333333334,963.1651589833333,554.1966149099868,3.288138487054017,1,2,2,0
0.8416666666666667,963.3248747059044,554.0403931189388,3.2793013471654304,1,2,2,0
0.85,962.828776245487,554.3003068755128,3.315485281949357,1,2,2,0
0.8583333333333333,962.325612848995,553.6248638470316,3.3198585970559344,1,2,2,0
0.8666666666666667,962.6488806460087,554.1571900796138,3.2904240664737583,1,2,2,0
0.875,962.641063869147,553.8811553406858,3.3007960706778383,1,2,2,0
0.8833333333333333,962.7152099515376,553.3064553132706,3.276319354563394,1,2,2,0
0.8916666666666667,962.4505093951233,553.3959396697242,3.295792230437748,1,2,2,0
0.9,963.4947480768802,553.2891771369225,3.3102605499189846,1,2,2,0
0.9083333333333333,963.5989784378766,553.2777162193978,3.315598604580141,1,2,2,0
0.9166666666666666,963.7787930853353,552.6877746092854,3.2972594886437885,1,2,2,0
0.925,963.7604458435997,552.7578507689573,3.303765458197107,1,2,2,0
0.9333333333333333,962.5223205899175,552.686427760855,3.309165584671286,1,2,2,0
0.9416666666666667,962.5864403017679,552.6762710076573,3.2957807599248894,1,2,2,0
0.95,963.0084920121859,552.9354082374383,3.2826871284905077,1,2,2,0
0.9583333333333334,963.9808832905981,552.3116758206695,3.297734584553969,1,2,2,0
0.9666666666666667,963.9693371394203,552.4444367802596,3.330783759471752,1,2,2,0
0.975,964.4901338590756,552.4912175445752,3.3129570304684957,1,2,2,0
0.9833333333333333,964.2926750506003,552.0439297590012,3.290569621330193,1,2,2,0
0.9916666666666667,964.4032380278911,551.9694668421962,3.326204172571582,1,2,2,0
1.0,964.9237460598487,551.7565317249262,3.2982245679811046,1,2,2,0
1.0083333333333333,965.1518522163236,552.2329932514224,3.2879598990232184,1,2,2,0
1.0166666666666666,965.7794084339884,552.2209449190254,3.2852761764008815,1,2,2,0
1.025,965.9119323377922,552.202982135527,3.3001756636961233,1,2,2,0
1.0333333333333334,965.9051850336712,551.7341215248463,3.2741916438026233,1,2,2,0
1.0416666666666667,966.3065001790274,551.1033560284425,3.282660826696895,1,2,2,0
1.05,964.8395381492677,550.9550897509623,3.298366139400518,1,2,2,0
1.0583333333333333,965.3278178577509,550.961415817187,3.2896640678155684,1,2,2,0
1.0666666666666667,965.4067457748588,551.8002877192004,3.3101571783864707,1,2,2,0
1.075,965.3406254678744,551.061481612141,3.3415939967267057,1,2,2,0
1.0833333333333333,965.5711190579532,551.6249010290693,3.285168144543369,1,2,2,0
1.0916666666666666,965.0586160444332,550.8228708216013,3.311716922951126,1,2,2,0
1.1,964.8783509000591,550.5481231865735,3.2557938228265075,1,2,2,0
1.1083333333333334,964.9362168095137,551.2078645935201,3.331643692944586,1,2,2,0
1.1166666666666667,964.6268053688644,551.4325245967547,3.3073590713231464,1,2,2,0
1.125,964.0589672133755,551.011364454504,3.2859326176452757,1,2,2,0
1.1333333333333333,963.7071362003373,551.3671336391704,3.279008039911443,1,2,2,0
1.1416666666666666,963.5504402855371,550.9973682377104,3.3076293881417667,1,2,2,0
1.15,964.2530989968981,550.7791027178039,3.3163508012017213,1,2,2,0
1.1583333333333334,963.8062058211714,551.174598330245,3.302782873108755,1,2,2,0
1.1666666666666667,964.280284826754,550.8926828191896,3.3015403090999658,1,2,2,0
1.175,964.111833483997,551.3211900134052,3.3086841194606293,1,2,2,0
1.1833333333333333,964.0368015361179,551.944824313015,3.3077767176414077,1,2,2,0
1.1916666666666667,964.5345310104362,551.7718685978631,3.332564503599139,1,2,2,0
1.2,963.4478342561916,551.8587163117552,3.288667808519899,1,2,2,0
1.2083333333333333,962.618166474128,551.769280265163,3.3408621941568883,1,2,2,0
1.2166666666666666,963.0358648545656,551.7619625549241,3.2960088544557613,1,2,2,0
1.225,962.0014222762834,551.4506054803043,3.2911387351986803,1,2,2,0
1.2333333333333334,961.7961940598218,551.4074178734281,3.307719636294996,1,2,2,0
1.2416666666666667,962.5407371738249,551.3043314926647,3.3337968762506196,1,2,2,0
1.25,962.7106204844442,551.2302587596979,3.342788659154753,1,2,2,0
1.2583333333333333,962.5599004181313,551.1551444534921,3.346095467408028,1,2,2,0
1.2666666666666666,962.2756391167374,551.67371364605,3.3176681429933286,1,2,2,0
1.275,962.9736838257148,551.2021710506007,3.2848970483510302,1,2,2,0
1.2833333333333334,963.1942689238318,551.1388794950661,3.2963621474653086,1,2,2,0
1.2916666666666667,962.7861245278134,551.605690509243,3.259335220411681,1,2,2,0
1.3,962.455950431955,551.7313173716847,3.2793609046017806,1,2,2,0
1.3083333333333333,963.3084646350246,550.93415761354,3.320151340782367,1,2,2,0
1.3166666666666667,963.0244407083052,550.8022563725343,3.251864452775968,1,2,2,0
1.325,741.9504706122095,602.6362151135836,3.2852283196981125,1,2,2,0
1.3333333333333333,741.4925031150851,603.2215120054991,3.30048882162547,1,2,2,0
1.3416666666666666,963.7113187650713,551.9604772534069,3.3434815566970952,1,2,2,0
1.35,963.6011916773055,551.8032976701596,3.26468202477413,1,2,2,0
1.3583333333333334,962.5155746436666,551.8897454050124,3.3010432795251043,1,2,2,0
1.3666666666666667,962.2598043176789,552.6780341936013,3.3124423298158487,1,2,2,0
1.375,962.740081280686,552.5296687600744,3.3078692166475583,1,2,2,0
1.3833333333333333,962.0877711294016,552.5860927596332,3.279768936895499,1,2,2,0
1.3916666666666666,962.5059654984728,552.4394569811836,3.3180016325173223,1,2,2,0
1.4,962.0342303728926,552.6113213180938,3.290020976645134,1,2,2,0
1.4083333333333334,962.435437930162,551.8038281918953,3.2992748517791526,1,2,2,0
1.4166666666666667,962.2467833317718,551.4472087507718,3.30451367422411,1,2,2,0
1.425,961.7203304160138,550.7901745592231,3.3427222175996323,1,2,2,0
1.4333333333333333,962.0822589057719,550.5671536318641,3.3153182462483124,1,2,2,0
1.4416666666666667,961.282208143579,550.6681972616806,3.3157281792550917,1,2,2,0
1.45,961.154688204368,550.2178526168746,3.3345881681867833,1,2,2,0
1.4583333333333333,961.6394697695453,551.0914460928038,3.32258928512193,1,2,2,0
1.4666666666666666,960.8621817082297,550.9462316274438,3.3200612899629576,1,2,2,0
1.475,960.0867376426938,551.6078370163444,3.299329601108366,1,2,2,0
1.4833333333333334,959.7517274760386,551.7725131206113,3.331135716049176,1,2,2,0
1.4916666666666667,960.255849551429,552.23221662352,3.326694241948889,1,2,2,0
1.5,960.564546960031,553.0507532852365,3.325940845596437,1,2,2,0
1.5083333333333333,959.9800247224977,553.8766958775437,3.323642431512985,1,2,2,0
1.5166666666666666,960.3372596182058,553.6485151108437,3.3486177963187247,1,2,2,0
1.525,960.804337520671,553.5576745228934,3.343529180513131,1,2,2,0
1.5333333333333334,960.0216801472616,553.7737149593604,3.31001442680743,1,2,2,0
1.5416666666666667,960.2787142540734,553.9914497090361,3.3198647718251384,1,2,2,0
1.55,960.4117261449096,554.9948015035346,3.3126418818831893,1,2,2,0
1.5583333333333333,960.3641636308131,554.7276962485336,3.366351302237241,1,2,2,0
1.5666666666666667,960.8264047224643,555.3297319828075,3.3315663964691598,1,2,2,0
1.575,961.0915882922657,555.5872540279128,3.356824993282467,1,2,2,0
1.5833333333333333,961.2640953797044,554.9915159187809,3.3334645612123768,1,2,2,0
1.5916666666666666,961.5728541874126,555.1363514149217,3.3474986252086043,1,2,2,0
1.6,961.4942975648496,554.3678115800535,3.330927175686367,1,2,2,0
1.6083333333333334,961.7702646773021,554.6896251890917,3.3390669601195624,1,2,2,0
1.6166666666666667,961.1269418775834,555.1933160045255,3.3377191447256176,1,2,2,0
1.625,960.898428663783,556.0472218732104,3.318773888142811,1,2,2,0
1.6333333333333333,961.5180716986257,556.2631971436195,3.31235468918451,1,2,2,0
1.6416666666666666,961.6320293663282,556.4560781093874,3.3523627973973724,1,2,2,0
1.65,962.1464300735056,557.0757903148161,3.324124221610221,1,2,2,0
1.6583333333333334,962.2937619609149,556.3869740092732,3.3396679678063403,1,2,2,0
1.6666666666666667,962.6897845850107,555.9929282360023,3.3523634800980684,1,2,2,0
1.675,962.1804840463763,556.3660208761675,3.3237689814645344,1,2,2,0
1.6833333333333333,962.3038502355512,556.4080917998361,3.3430662872030514,1,2,2,0
1.6916666666666667,962.1498642707223,556.2025456467074,3.314832470444321,1,2,2,0
1.7,962.7872984381086,556.17406464908,3.3543773287434706,1,2,2,0
1.7083333333333333,961.8890800981912,556.8188411289844,3.348980038422677,1,2,2,0
1.7166666666666666,961.7006451338024,556.694447536195,3.309240667171025,1,2,2,0
1.725,962.2083543955591,556.4806676417392,3.322470165101198,1,2,2,0
1.7333333333333334,961.2094731973056,556.2179509924812,3.3285411472868813,1,2,2,0
1.7416666666666667,961.3319127783834,556.6948212361254,3.3129363132256535,1,2,2,0
1.75,961.1286062459121,557.6295170061347,3.2896150955521004,1,2,2,0
1.7583333333333333,960.8934914289367,557.5476672311771,3.3045500642770387,1,2,2,0
1.7666666666666666,960.2333749730126,557.0168811095436,3.3353506182757293,1,2,2,0
1.775,960.5461831830427,556.4976329719499,3.3217894345821737,1,2,2,0
1.7833333333333334,961.3091023019773,556.1236989917005,3.3277142616645925,1,2,2,0
1.7916666666666667,961.2190069853436,555.7025646177653,3.3006346291914643,1,2,2,0
1.8,961.9711071174632,555.9613196703154,3.257937667257459,1,2,2,0
1.8083333333333333,962.5721311683977,556.1962084946499,3.2936420489199145,1,2,2,0
1.8166666666666667,962.2152668634258,556.0354447749203,3.266903340053115,1,2,2,0
1.825,962.9214401729804,557.2365427752878,3.296046538621724,1,2,2,0
1.8333333333333333,963.6206422426252,558.0939777899772,3.3134554026103396,1,2,2,0
1.8416666666666666,963.2378592470599,557.5630180558427,3.285936076478463,1,2,2,0
1.85,963.1551915018159,557.405546409733,3.2986336703877503,1,2,2,0
1.8583333333333334,962.611446573924,557.6426097331541,3.301306708831919,1,2,2,0
1.8666666666666667,963.15419826948,557.2032858930855,3.267483857631228,1,2,2,0
1.875,1078.8571649330995,684.1527112059525,3.247222824016236,1,2,2,0
1.8833333333333333,1078.9372620574654,683.8184726471724,3.272912503752046,1,2,2,0
1.8916666666666666,961.7805995998848,557.1357985627463,3.2880169643694805,1,2,2,0
1.9,960.8774706885923,557.0784583035802,3.2515366342428993,1,2,2,0
1.9083333333333334,960.6411674984648,556.4202300962471,3.279117986085677,1,2,2,0
1.9166666666666667,960.644124342062,557.0171021544332,3.2467789359842616,1,2,2,0
1.925,960.3318745129994,557.3425224600762,3.261980009598222,1,2,2,0
1.9333333333333333,960.001381552287,557.120647798882,3.287294220572626,1,2,2,0
1.9416666666666667,959.814569877647,556.789541690572,3.2699443370751196,1,2,2,0
1.95,960.6445312291086,557.0540864655333,3.2640668623039217,1,2,2,0
1.9583333333333333,959.8899824629538,556.1034568818036,3.2509377429810544,1,2,2,0
1.9666666666666666,959.5808436868501,556.4824182444388,3.28264805385009,1,2,2,0
1.975,959.104244088779,555.8634100656859,3.2814433788169497,1,2,2,0
1.9833333333333334,959.3287020862658,556.1283244739298,3.247696906024765,1,2,2,0
1.9916666666666667,959.170097732441,556.343829199917,3.230376129641229,1,2,2,0
2.0,959.4543729608685,555.8510777524003,3.220714794200876,1,2,2,0
2.0083333333333333,959.9934769411091,556.418062151128,3.2567229928453294,1,2,2,0
2.0166666666666666,959.8011913603642,556.8236608216537,3.240415763949721,1,2,2,0
2.025,959.2575717788595,556.8589790567049,3.2231116181482764,1,2,2,0
2.033333333333333,959.3345545889013,556.8370374809967,3.2485530368072335,1,2,2,0
2.0416666666666665,959.5935373246247,556.1093414237095,3.235419284122064,1,2,2,0
2.05,958.9005327945138,556.9975273159329,3.2901482095523056,1,2,2,0
2.058333333333333,959.214740333384,556.3115601338279,3.2505737490593636,1,2,2,0
2.066666666666667,958.7536980334512,556.9614087514772,3.2304895326361973,1,2,2,0
2.075,958.1812922185862,556.5339124097125,3.2649281390800224,1,2,2,0
2.0833333333333335,958.0056032709646,556.0256373489806,3.2310173262839506,1,2,2,0
2.091666666666667,958.1650326427799,556.0833718079551,3.2625953219271064,1,2,2,0
2.1,958.8893685316417,555.1356728145046,3.2635422274192845,1,2,2,0
2.1083333333333334,959.0353583458576,554.7905126478238,3.27592872760811,1,2,2,0
2.1166666666666667,959.2464572478214,554.6593075124896,3.206701563061958,1,2,2,0
2.125,958.7871770556527,555.0624408485418,3.2378419976119295,1,2,2,0
2.1333333333333333,958.6857012149862,554.0881374444136,3.271287243370362,1,2,2,0
2.1416666666666666,958.689557167214,554.4082375724774,3.246246271520577,1,2,2,0
2.15,959.563833400742,554.3638291774665,3.2321874192218094,1,2,2,0
2.158333333333333,960.0735892044645,554.379090119943,3.257445863167011,1,2,2,0
2.1666666666666665,960.865808233743,554.0058940491306,3.235854442662275,1,2,2,0
2.175,960.7356127454132,553.7087544695993,3.2620019793088124,1,2,2,0
2.183333333333333,961.7422935796709,554.7358855930903,3.214459347471744,1,2,2,0
2.191666666666667,962.1573695011487,554.7946171519261,3.233405482732768,1,2,2,0
2.2,961.8896409888799,555.0724836854567,3.231437077204202,1,2,2,0
2.2083333333333335,962.0312435823001,554.8402066735559,3.1948198038530093,1,2,2,0
2.216666666666667,961.3641965296741,555.2316694456068,3.271445458276184,1,2,2,0
2.225,961.703477188749,554.5061998107278,3.2503740477440797,1,2,2,0
2.2333333333333334,961.2758683374732,554.9596373548501,3.248193899877946,1,2,2,0
2.2416666666666667,961.2814495919301,554.8670079961448,3.2230412367339376,1,2,2,0
2.25,960.9446711982648,554.3020791916254,3.221508472821607,1,2,2,0
2.2583333333333333,960.5561499670927,554.3609356526182,3.212511908923263,1,2,2,0
2.2666666666666666,960.4864734468323,554.8870759340829,3.251184788303404,1,2,2,0
2.275,960.9031169708185,555.26596315461,3.2110449250293427,1,2,2,0
2.283333333333333,960.8074600655201,555.224181442843,3.2601159496824206,1,2,2,0
2.2916666666666665,960.6749452000631,555.0350375184026,3.211429925541647,1,2,2,0
2.3,960.5912646819017,554.52966498252,3.2409426239390458,1,2,2,0
2.308333333333333,960.8288590962982,554.7282522716845,3.2261644975509336,1,2,2,0
2.316666666666667,960.6625692011639,554.3160840995017,3.2180684169889395,1,2,2,0
2.325,960.3370198981277,554.3283107740181,3.1977645152648297,1,2,2,0
2.3333333333333335,960.7656922147054,554.572176771494,3.2136345522752063,1,2,2,0
2.341666666666667,960.8971215386978,554.8172440332007,3.229939484979729,1,2,2,0
2.35,960.7755416112639,555.2696438112315,3.238608383160658,1,2,2,0
2.3583333333333334,960.8561201831004,556.4313753632637,3.227232052335287,1,2,2,0
2.3666666666666667,960.3666099554322,556.3813620021874,3.199040407329503,1,2,2,0
2.375,960.3491866714385,556.7439201775603,3.228747433393108,1,2,2,0
2.3833333333333333,960.5820346076125,556.0838575598259,3.2119820450444876,1,2,2,0
2.3916666666666666,961.0558515098869,557.623901420565,3.2191004061253885,1,2,2,0
2.4,961.4764915785031,558.7152941073381,3.2440984370742867,1,2,2,0
2.408333333333333,961.5178641955182,558.6199450640231,3.246472591709646,1,2,2,0
2.4166666666666665,960.7201432675839,559.3311540745476,3.1972955457706984,1,2,2,0
2.425,961.0373756571013,559.3760278198049,3.217951298845481,1,2,2,0
2.433333333333333,960.9930255049975,558.4764402894293,3.203870697985269,1,2,2,0
2.441666666666667,961.4406493171014,557.7978924330199,3.2118703751415754,1,2,2,0
2.45,961.1019561590564,557.6588340328593,3.199531020616187,1,2,2,0
2.4583333333333335,961.817866057434,557.959961889019,3.181097767885557,1,2,2,0
2.466666666666667,961.9785173536392,558.8139915256519,3.185136346009562,1,2,2,0
2.475,961.5794354659935,558.1476125860693,3.234474873443329,1,2,2,0
2.4833333333333334,961.4930066640572,557.3617805445315,3.2303694469346538,1,2,2,0
2.4916666666666667,961.7426410043188,556.7632276276582,3.175795945859296,1,2,2,0
2.5,961.6051885211232,556.5578605102824,3.1922046845445275,1,2,2,0
2.5083333333333333,961.8529380987374,556.193352087655,3.2046868122510315,1,2,2,0
2.5166666666666666,962.530470525173,556.0626560107587,3.156039261429934,1,2,2,0
2.525,962.5601638369518,555.7341450681433,3.210684204634003,1,2,2,0
2.533333333333333,962.5626563029565,555.8027234052829,3.2156917858339487,1,2,2,0
2.5416666666666665,961.9705567282037,556.3411555424573,3.1968616057189143,1,2,2,0
2.55,961.4339302874941,555.9591518599245,3.1887072059603327,1,2,2,0
2.558333333333333,962.0043516052929,556.1904067900706,3.2083811743394266,1,2,2,0
2.566666666666667,963.6880940778669,555.7476239832123,3.2202427664669906,1,2,2,0
2.575,964.8087162783136,555.5311352928842,3.1602339426069728,1,2,2,0
2.5833333333333335,964.7604264970628,555.8309536090239,3.2014103003047802,1,2,2,0
2.591666666666667,964.8058631158815,555.1502674780297,3.1968128408470022,1,2,2,0
2.6,964.1647880910414,554.6642701748784,3.2004797844502217,1,2,2,0
2.6083333333333334,963.7870506569635,553.7271300090307,3.1987673242652015,1,2,2,0
2.6166666666666667,963.6366946459285,553.8112505795796,3.1753341316436914,1,2,2,0
2.625,962.833456016243,553.2517770772671,3.1769865013128045,1,2,2,0
2.6333333333333333,962.7361795928689,553.2518444733098,3.1807240851330687,1,2,2,0
2.6416666666666666,962.5443106830786,553.7709063138898,3.180566772548689,1,2,2,0
2.65,962.6961931402785,553.8495986018248,3.184577716875204,1,2,2,0
2.658333333333333,962.6928296577463,552.9189878621152,3.1835485391376577,1,2,2,0
2.6666666666666665,963.3519117224216,553.2224421850094,3.1613384218363145,1,2,2,0
2.675,963.6284177809861,553.2685591492874,3.1987992760293444,1,2,2,0
2.683333333333333,963.2432764071953,552.5953922165954,3.173294155831414,1,2,2,0
2.691666666666667,963.1667224615885,552.3322637929842,3.190385626214571,1,2,2,0
2.7,963.7455136219749,551.9587255201438,3.200340498010454,1,2,2,0
2.7083333333333335,963.2303879472847,552.6556955051738,3.152568993946925,1,2,2,0
2.716666666666667,962.8114183852878,552.6260834698342,3.166092232336193,1,2,2,0
2.725,963.057678542001,552.1879803532377,3.193581313787542,1,2,2,0
2.7333333333333334,962.7402080937422,552.3142116955067,3.1924491121976506,1,2,2,0
2.7416666666666667,962.6955133136696,552.945645840219,3.213048204394444,1,2,2,0
2.75,962.9387023945438,552.3874521643172,3.166924864346452,1,2,2,0
2.7583333333333333,962.6606933515035,551.5852049243288,3.1775625700946297,1,2,2,0
2.7666666666666666,962.5334098873603,550.9368411653568,3.168797088066757,1,2,2,0
2.775,963.4220871295046,550.5678786998823,3.172915658365339,1,2,2,0
2.783333333333333,963.7877114418785,550.19209191555,3.153529728796251,1,2,2,0
2.7916666666666665,963.0560103700182,550.8317966824466,3.182929461521371,1,2,2,0
2.8,961.8077784034131,549.914043303648,3.1708385888465975,1,2,2,0
2.808333333333333,961.9656952904315,549.4779220143699,3.174831938516236,1,2,2,0
2.816666666666667,962.0167505461757,549.2687660882008,3.185925336145845,1,2,2,0
2.825,961.5881108260655,548.8783521440977,3.154097246525058,1,2,2,0
2.8333333333333335,961.4348284507893,548.1169325274475,3.179356847805314,1,2,2,0
2.841666666666667,961.662537506882,547.75748736378,3.1828210922449824,1,2,2,0
2.85,961.7512610892375,547.9703168219298,3.141121517766913,1,2,2,0
2.8583333333333334,961.5473164286708,547.8610372153935,3.176079435172191,1,2,2,0
2.8666666666666667,961.1845936140438,547.6772486966656,3.187950624049616,1,2,2,0
2.875,961.2619836848587,548.0424812367613,3.1600734594173723,1,2,2,0
2.8833333333333333,961.6463699151428,547.5282209579732,3.1622522790471685,1,2,2,0
2.8916666666666666,962.3410476301351,548.4046959283274,3.1752878651490493,1,2,2,0
2.9,962.2348950983474,548.2685763106906,3.1438555043113454,1,2,2,0
2.908333333333333,962.4638713651668,547.7984833197742,3.1307326439499534,1,2,2,0
2.9166666666666665,962.5359704125459,546.6837036285376,3.1954244033796018,1,2,2,0
2.925,961.8028768162134,545.407832707534,3.140393392869727,1,2,2,0
2.933333333333333,961.7063504827889,546.089761447333,3.1523724578765155,1,2,2,0
2.941666666666667,962.4341381116969,546.1079761567619,3.137855656391203,1,2,2,0
2.95,962.510146603855,546.2284009259101,3.1901471938102968,1,2,2,0
2.9583333333333335,962.5603109749086,546.8358012731561,3.1404761502240444,1,2,2,0
2.966666666666667,961.6405190129481,547.275642553634,3.1247537505832153,1,2,2,0
2.975,962.5679154020926,547.1461457479493,3.109002574044601,1,2,2,0
2.9833333333333334,962.8601339177993,547.7665909752009,3.1480100807595877,1,2,2,0
2.9916666666666667,963.4741356012094,548.4358732208169,3.1161047298394267,1,2,2,0
3.0,964.7400201084698,547.7322808963929,3.1487844795500224,1,2,2,0
3.0083333333333333,964.914686478148,547.1589324366311,3.127201549624217,1,2,2,0
3.0166666666666666,963.9198077398921,547.4881577057865,3.1338071643058982,1,2,2,0
3.025,963.8639281145903,547.4031356140607,3.1306551558741793,1,2,2,0
3.033333333333333,963.2096552162739,547.7221336551029,3.152437434528718,1,2,2,0
3.0416666666666665,964.023005744006,547.1983620906415,3.1348661944091862,1,2,2,0
3.05,963.6503376229788,547.3501656787769,3.135312829800181,1,2,2,0
3.058333333333333,963.3502460757152,547.2411034725286,3.1550171473773845,1,2,2,0
3.066666666666667,963.5090868635818,547.741092864149,3.1095427945980005,1,2,2,0
3.075,963.7123728019221,546.705704936867,3.1272308418056367,1,2,2,0
3.0833333333333335,963.3124692153241,546.2906443141017,3.1413597421385147,1,2,2,0
3.091666666666667,964.0173187224698,545.7210542923929,3.135153547260931,1,2,2,0
3.1,963.517690565523,546.0766380742825,3.1495813017322103,1,2,2,0
3.1083333333333334,964.4440530898889,545.7052822749204,3.143996016647233,1,2,2,0
3.1166666666666667,963.8603999433959,545.413488012087,3.125230132346233,1,2,2,0
3.125,964.2781390915677,545.5666708469995,3.0995406481690004,1,2,2,0
3.1333333333333333,963.8166485790578,545.4548287630338,3.1207021763681912,1,2,2,0
3.1416666666666666,963.4461676580934,545.9715884777567,3.1408761564982144,1,2,2,0
3.15,964.1709298653997,546.2475927230289,3.1199752049102223,1,2,2,0
3.158333333333333,964.0542699866929,546.8870538080948,3.1249503211141483,1,2,2,0
3.1666666666666665,963.6652565477029,546.8006917220653,3.127747652115307,1,2,2,0
3.175,964.7316886430967,546.6086449854541,3.126298715462798,1,2,2,0
3.183333333333333,964.5625294680722,545.7637363203868,3.096672283323141,1,2,2,0
3.191666666666667,964.4287421781214,544.8396930944207,3.104607736780759,1,2,2,0
3.2,963.5690073889363,544.0286381938356,3.121672555719683,1,2,2,0
3.2083333333333335,963.8845996930604,543.711860443296,3.12541498958553,1,2,2,0
3.216666666666667,963.24607520994,542.9674014882256,3.1144690734019402,1,2,2,0
3.225,963.2740869897153,543.6888296762486,3.13743134170569,1,2,2,0
3.2333333333333334,962.6720314999168,543.8603182761747,3.084697179854293,1,2,2,0
3.2416666666666667,962.196822915293,543.8836320329336,3.1118363865454723,1,2,2,0
3.25,961.2606421418682,545.0216478653172,3.1294597789748435,1,2,2,0
3.2583333333333333,961.693220472973,545.177678127992,3.1132519242935497,1,2,2,0
3.2666666666666666,960.9341414356401,545.2442198729498,3.09520764800951,1,2,2,0
3.275,960.6110929864915,546.3766033152481,3.142037046059621,1,2,2,0
3.283333333333333,960.9947257979494,545.0210365073282,3.1063856172717004,1,2,2,0
3.2916666666666665,960.3295148658977,545.4684957042202,3.1235416115879215,1,2,2,0
3.3,959.2732109205944,545.5207783356357,3.133029526850442,1,2,2,0
3.308333333333333,959.0669634471426,545.2524063106683,3.103933233438819,1,2,2,0
3.316666666666667,958.816335723853,545.633087152919,3.1291218926863094,1,2,2,0
3.325,958.6399044298155,545.203460141784,3.0763194262073856,1,2,2,0
3.3333333333333335,958.4937080944519,545.6078479465331,3.089794158334311,1,2,2,0
3.341666666666667,958.5232539132538,545.3183353411885,3.1106222022938423,1,2,2,0
3.35,958.3288203702422,545.3710143349607,3.094569839875121,1,2,2,0
3.3583333333333334,958.6036235801222,545.8267757158113,3.1210949884972714,1,2,2,0
3.3666666666666667,958.5516053333941,546.247784565006,3.136487806184131,1,2,2,0
3.375,958.1104639449774,545.5200634864052,3.0935493451398077,1,2,2,0
3.3833333333333333,958.63488614843,546.1367256727113,3.123987471276409,1,2,2,0
3.3916666666666666,958.9353943100011,546.25050208769,3.1447091143634878,1,2,2,0
3.4,958.3327842198444,547.1854103518709,3.084766716904113,1,2,2,0
3.408333333333333,958.2006990584337,547.4006520984951,3.124960761767172,1,2,2,0
3.4166666666666665,958.575784932295,546.625673411948,3.1240875349822432,1,2,2,0
3.425,958.8583083027505,547.1194962892137,3.0878434866514044,1,2,2,0
3.433333333333333,959.171490372676,547.5110784188166,3.1045775357219787,1,2,2,0
3.441666666666667,958.5582810734235,547.4121954500612,3.1225555074934506,1,2,2,0
3.45,958.4896544890187,546.5839151699374,3.1177622786055754,1,2,2,0
3.4583333333333335,958.0285100679113,547.1374108007485,3.0828510415421864,1,2,2,0
3.466666666666667,957.3842319477972,547.1514710949082,3.0581326197500953,1,2,2,0
3.475,958.1557300426323,547.3858880709706,3.097575951927069,1,2,2,0
3.4833333333333334,957.9128878874373,547.2115084699493,3.117181159411832,1,2,2,0
3.4916666666666667,956.903259604303,546.7074879736683,3.138403399434762,1,2,2,0
3.5,956.4255948250965,546.7418457466291,3.1041341206032587,1,2,2,0
3.5083333333333333,956.6114582287851,546.5532556373253,3.093602216561309,1,2,2,0
3.5166666666666666,956.7744721373479,546.4019140320404,3.1099205406342687,1,2,2,0
3.525,956.5112456469469,545.4285530940493,3.118814210740821,1,2,2,0
3.533333333333333,956.7103268099223,545.6454768766494,3.084809771249759,1,2,2,0
3.5416666666666665,956.8235543815724,544.8674773346947,3.0820094513457574,1,2,2,0
3.55,957.0858827312584,545.2939661991984,3.129774721163464,1,2,2,0
3.558333333333333,957.2150605984734,545.1621379666085,3.1193106142589904,1,2,2,0
3.566666666666667,958.3768611167379,545.5467747652211,3.1119600789236403,1,2,2,0
3.575,958.0285126421393,546.0451048905687,3.0842057953737054,1,2,2,0
3.5833333333333335,957.4332785826023,546.9280554168141,3.0877033934532228,1,2,2,0
3.591666666666667,956.6691446718168,547.0181627796785,3.1253133312207626,1,2,2,0
3.6,955.7791400555657,546.58270612563,3.107634745545964,1,2,2,0
3.6083333333333334,955.9753873305982,546.6339714213398,3.123901993575565,1,2,2,0
3.6166666666666667,955.744300401017,547.4116279052197,3.1128277415079975,1,2,2,0
3.625,956.4474555691431,547.4585541660347,3.1107895381777735,1,2,2,0
3.6333333333333333,956.754898064775,547.6798205517943,3.09187213111666,1,2,2,0
3.6416666666666666,956.3948305891959,547.9687865358366,3.0998674787451406,1,2,2,0
3.65,956.1599856337691,547.6521142645557,3.0806926631513507,1,2,2,0
3.658333333333333,956.5427947729767,548.3987409643258,3.0767465180754305,1,2,2,0
3.6666666666666665,957.2043955793449,547.6208745433302,3.109219563717313,1,2,2,0
3.675,958.6987356754697,547.0895318395451,3.0838804584038715,1,2,2,0
3.683333333333333,958.0156504769326,546.4645420040137,3.077215843567213,1,2,2,0
3.691666666666667,958.385890129128,546.630048270026,3.1322484271162434,1,2,2,0
3.7,958.2729882872671,546.3019139022432,3.1297636801290944,1,2,2,0
3.7083333333333335,958.7228925451234,545.6295596585221,3.1075763644585965,1,2,2,0
3.716666666666667,958.6978302193737,546.2285742148182,3.123768846205274,1,2,2,0
3.725,958.5236905633437,546.0816630148871,3.1404189241770926,1,2,2,0
3.7333333333333334,958.7236480957482,545.7298992109183,3.0746817944206954,1,2,2,0
3.7416666666666667,959.767569699822,545.5796204386912,3.0710336230277537,1,2,2,0
3.75,960.7280297259082,545.0568087435269,3.0940865579378936,1,2,2,0
3.7583333333333333,960.4992762583616,545.0038998790226,3.096752828986929,1,2,2,0
3.7666666666666666,960.4845908812831,544.9181431995775,3.0925844346099844,1,2,2,0
3.775,959.9880923898071,544.7200369926798,3.1125075165384932,1,2,2,0
3.783333333333333,960.2755844276206,545.1233115633731,3.101321771560443,1,2,2,0
3.7916666666666665,959.7572451227808,544.6495252223424,3.1388357467744594,1,2,2,0
3.8,960.7117816392449,544.8521603952727,3.129613444435419,1,2,2,0
3.808333333333333,960.0227949032478,545.7051703515074,3.098265157585378,1,2,2,0
3.816666666666667,960.1857850167514,546.6477931003765,3.109318288151194,1,2,2,0
3.825,961.1883903912774,545.7810540178907,3.1023153453021806,1,2,2,0
3.8333333333333335,961.789059993373,545.5360574589079,3.0814920872060223,1,2,2,0
3.841666666666667,961.4287959798994,545.3660691435273,3.104952580763709,1,2,2,0
3.85,960.4648716549397,545.3664119990434,3.0849071567765707,1,2,2,0
3.8583333333333334,960.598919831157,545.6270221183136,3.090399091948707,1,2,2,0
3.8666666666666667,960.6782539779036,545.5648924684219,3.0677475767118136,1,2,2,0
3.875,960.6838462804891,546.5682299690001,3.114550490231011,1,2,2,0
3.8833333333333333,959.8047894394094,547.4251340274623,3.057895493095473,1,2,2,0
3.8916666666666666,960.1100221118392,547.1288221045693,3.083602241574689,1,2,2,0
3.9,960.0278315190948,546.4910738982056,3.0934780451803308,1,2,2,0
3.908333333333333,959.5142398358566,546.4374419730409,3.0993412656652737,1,2,2,0
3.9166666666666665,959.3927871885866,546.1913859700513,3.1019554612518876,1,2,2,0
3.925,959.938506614048,546.3665395945184,3.0808188702561585,1,2,2,0
3.933333333333333,960.3833670803342,546.2416398842792,3.1329052355951497,1,2,2,0
3.941666666666667,960.8507976045036,546.7962857306287,3.0812282296545694,1,2,2,0
3.95,961.0030890524062,546.9907530366806,3.0883387461597707,1,2,2,0
3.9583333333333335,960.5192272698405,546.7362615245156,3.09822143539939,1,2,2,0
3.966666666666667,960.7490621898252,547.0305464561752,3.0862425372741877,1,2,2,0
3.975,961.8645111624695,546.7934325747555,3.0652925149308468,1,2,2,0
3.9833333333333334,962.505164790303,547.197161495036,3.098450486953963,1,2,2,0
3.9916666666666667,963.2581656732259,547.1333816739469,3.1328164980285282,1,2,2,0
4.0,963.3036432096033,546.9230215971193,3.130013765736343,1,2,2,0
4.008333333333334,963.1048365180366,547.4139612869648,3.1083422057697883,1,2,2,0
4.016666666666667,963.8091874412487,546.9442931594833,3.0893851408032122,1,2,2,0
4.025,963.9012214593844,546.2415108801923,3.1245000588365586,1,2,2,0
4.033333333333333,964.8894592423152,545.6989439827787,3.0747621785642245,1,2,2,0
4.041666666666667,965.1662988425101,545.6388091939864,3.0939641899018087,1,2,2,0
4.05,964.5442738419883,545.3402810340674,3.0941325199851586,1,2,2,0
4.058333333333334,964.696889045561,545.7839708781621,3.0779645719510067,1,2,2,0
4.066666666666666,965.1819809745558,545.3471142485658,3.1010338280320564,1,2,2,0
4.075,965.5233445002114,545.7721682156241,3.114815617966893,1,2,2,0
4.083333333333333,965.4320631263886,545.7682839193743,3.108795096429404,1,2,2,0
4.091666666666667,966.048793398954,544.9217382468712,3.088595663990453,1,2,2,0
4.1,966.1807324504234,545.2128187757611,3.1467736802765467,1,2,2,0
4.108333333333333,966.6719091102657,545.2985503670122,3.1213912425641084,1,2,2,0
4.116666666666666,966.2639888575511,545.0502572607255,3.110755910249619,1,2,2,0
4.125,965.8815651145245,545.5960664552155,3.0806270267248532,1,2,2,0
4.133333333333334,965.9226034422403,545.8134596386891,3.106050228889584,1,2,2,0
4.141666666666667,967.1321389765477,546.1981268646848,3.104553641980317,1,2,2,0
4.15,967.6025754183421,546.4840202893616,3.0916351184805566,1,2,2,0
4.158333333333333,966.9394679881484,546.2983412094884,3.111117994079129,1,2,2,0
4.166666666666667,967.7116385257655,546.166036161839,3.0939769527972616,1,2,2,0
4.175,968.2554847292258,545.6059429416116,3.0927514069110593,1,2,2,0
4.183333333333334,968.4596508654583,546.6005699155829,3.105652781766755,1,2,2,0
4.191666666666666,967.96293131858,546.984663792176,3.1331533860202514,1,2,2,0
4.2,968.7055818057968,545.822897062512,3.1188660918955056,1,2,2,0
4.208333333333333,968.6212873491526,546.0270659186777,3.1029707201721335,1,2,2,0
4.216666666666667,968.7937534730577,546.6083340004474,3.1137039122539685,1,2,2,0
4.225,969.1733325713658,547.7676565648575,3.0848422745509207,1,2,2,0
4.233333333333333,969.4918848976836,547.0923328689161,3.121808078994652,1,2,2,0
4.241666666666666,969.4312972912975,547.6720086348201,3.1293539538621014,1,2,2,0
4.25,970.1072793206076,548.3668596149463,3.093574617619736,1,2,2,0
4.258333333333334,971.0698894285532,549.3755526322642,3.102288527159438,1,2,2,0
4.266666666666667,971.4369253804829,550.0194556085398,3.139614756135007,1,2,2,0
4.275,971.4427967211761,549.781172023579,3.1108180823051597,1,2,2,0
4.283333333333333,971.3599548651513,549.2098199988337,3.129424676593134,1,2,2,0
4.291666666666667,972.4894992992361,549.1016736333819,3.113176544592606,1,2,2,0
4.3,973.3121889122432,548.3769097447799,3.133507265981498,1,2,2,0
4.308333333333334,974.1341895690233,549.4000863370599,3.134386309554159,1,2,2,0
4.316666666666666,973.9561295952658,549.6201403755406,3.13537348059474,1,2,2,0
4.325,973.4889825109832,550.4017571556393,3.120773562994614,1,2,2,0
4.333333333333333,974.3886599973107,550.2797976082543,3.158861774549712,1,2,2,0
4.341666666666667,974.4587418461726,549.8824906716344,3.11578565175274,1,2,2,0
4.35,973.8131360168869,549.6816894725778,3.1172788274875853,1,2,2,0
4.358333333333333,973.1734484442959,549.6628199201649,3.1487109800829973,1,2,2,0
4.366666666666666,973.3972472506953,549.1447771301462,3.1267106481622986,1,2,2,0
4.375,973.4098256659322,548.7473960021138,3.1514510366250823,1,2,2,0
4.383333333333334,973.0120195093092,549.1716802914759,3.1235259180150394,1,2,2,0
4.391666666666667,973.4059067354433,549.7142141489344,3.114057811746584,1,2,2,0
4.4,973.4277854601934,549.844389810866,3.145337493292216,1,2,2,0
4.408333333333333,973.3673341252484,549.6395701401675,3.158902379889489,1,2,2,0
4.416666666666667,972.4429107838774,549.5345837057959,3.1589524105737277,1,2,2,0
4.425,971.110107958696,549.7551462546921,3.111449836582141,1,2,2,0
4.433333333333334,971.2945178343673,550.5037860265824,3.138850919918916,1,2,2,0
4.441666666666666,970.7884231326381,550.3708628537072,3.1018961277214427,1,2,2,0
4.45,971.4161835602482,550.2427671405139,3.1125925038709337,1,2,2,0
4.458333333333333,970.784294932415,550.1213154024226,3.180578647887808,1,2,2,0
4.466666666666667,970.8388270646967,550.2912168531115,3.127748793960723,1,2,2,0
4.475,971.2487172241779,550.695430404092,3.1454130591774856,1,2,2,0
4.483333333333333,970.6776690888137,550.7224815911717,3.1117671935505244,1,2,2,0
4.491666666666666,970.2992891341358,551.9496238112655,3.1382117732379355,1,2,2,0
4.5,970.8373280223173,551.8262862096288,3.1520168037666068,1,2,2,0
4.508333333333334,970.795881312858,551.4974734860908,3.0886688185027484,1,2,2,0
4.516666666666667,971.0394548427001,551.2127732470574,3.1411852770850412,1,2,2,0
4.525,970.8836109853339,551.5742322657342,3.142563359667112,1,2,2,0
4.533333333333333,970.7880677664551,551.7093011289891,3.1292980735753533,1,2,2,0
4.541666666666667,970.713046027756,550.8940813135741,3.1450728990974044,1,2,2,0
4.55,970.3297114564017,550.8836404640773,3.1959830134997733,1,2,2,0
4.558333333333334,969.4846381116217,551.3552999540326,3.130191671298204,1,2,2,0
4.566666666666666,969.0680407527922,551.7033832010964,3.1642315359253117,1,2,2,0
4.575,968.6358714188074,551.3762214090349,3.1458857952787445,1,2,2,0
4.583333333333333,969.3147661586888,551.4553665068058,3.1386352127577886,1,2,2,0
4.591666666666667,969.0478193938658,552.5698252366142,3.1768397788460603,1,2,2,0
4.6,968.9041026468814,552.5068629458398,3.1666334352846808,1,2,2,0
4.608333333333333,969.3729935026315,552.5759039453903,3.1491735910094474,1,2,2,0
4.616666666666666,967.7569339791199,552.2877349269029,3.169306416388093,1,2,2,0
4.625,967.1193266011792,552.5695093543303,3.1381682190808893,1,2,2,0
4.633333333333334,966.7891750592518,552.0783743110698,3.1714958461430878,1,2,2,0
4.641666666666667,966.6199102432138,551.8945421916558,3.1602673915468227,1,2,2,0
4.65,966.4790382199755,552.6641938214068,3.1870767230463812,1,2,2,0
4.658333333333333,966.6525733289197,552.7886235286683,3.1529440903411454,1,2,2,0
4.666666666666667,966.5528275405295,552.642602191013,3.149386400480886,1,2,2,0
4.675,966.3980007368433,552.4590563097511,3.204773543270475,1,2,2,0
4.683333333333334,966.2180657303084,551.9962182205109,3.134936365511048,1,2,2,0
4.691666666666666,966.34910425352,552.6685679439587,3.17220397153633,1,2,2,0
4.7,966.6707150462087,552.4934750666708,3.1583920127210803,1,2,2,0
4.708333333333333,965.965237566071,552.467828653729,3.1512277194570357,1,2,2,0
4.716666666666667,966.3376457676374,551.9188619817844,3.150057036640523,1,2,2,0
4.725,966.1235306154583,551.9043136746327,3.165754689314695,1,2,2,0
4.733333333333333,965.0536896049766,552.1114858885454,3.150630683100188,1,2,2,0
4.741666666666666,964.3136967167691,552.7564298136599,3.1515760453874084,1,2,2,0
4.75,964.5505875016935,553.1966896184693,3.1681832508203787,1,2,2,0
4.758333333333334,965.63766742682,553.1242534017861,3.2031088827407883,1,2,2,0
4.766666666666667,966.1212710082153,553.0654814227555,3.155039717665953,1,2,2,0
4.775,965.836506393968,553.4244422603782,3.149445692519445,1,2,2,0
4.783333333333333,965.9120558735016,553.0903434037153,3.172221667781764,1,2,2,0
4.791666666666667,965.4286621845688,552.8534414967671,3.150360409947021,1,2,2,0
4.8,964.4398054347405,552.7382277032699,3.1926327271423656,1,2,2,0
4.808333333333334,962.9780096168741,552.4760627374819,3.166075217228292,1,2,2,0
4.816666666666666,963.0016568764711,552.4011929012574,3.1929907199483893,1,2,2,0
4.825,962.8521922233789,552.266220585507,3.171721019563611,1,2,2,0
4.833333333333333,962.5642996040921,552.7451372540348,3.170767690328262,1,2,2,0
4.841666666666667,962.5824624686669,552.6905178534022,3.2114893400369584,1,2,2,0
4.85,963.3797332371688,553.347722794236,3.1892065284760744,1,2,2,0
4.858333333333333,963.8142490029059,553.6589959306677,3.200260389388056,1,2,2,0
4.866666666666666,963.6474802592038,553.5021417505495,3.2041506723342486,1,2,2,0
4.875,963.9700442856937,552.9958917172738,3.1781808576263098,1,2,2,0
4.883333333333334,964.3454656670584,553.7175358618038,3.2071068196826316,1,2,2,0
4.891666666666667,963.8315742441202,553.5709050150767,3.2217582638411333,1,2,2,0
4.9,964.5541772059596,553.6312484027977,3.1819813779779214,1,2,2,0
4.908333333333333,964.8432699662259,553.6939356243583,3.141739254040458,1,2,2,0
4.916666666666667,965.2429008149605,553.5871745310359,3.1459402498884277,1,2,2,0
4.925,966.2550794156697,553.1120156104653,3.15897443220923,1,2,2,0
4.933333333333334,965.7483271339186,553.526165684343,3.2320607543481032,1,2,2,0
4.941666666666666,966.2999108677438,553.0780309333819,3.199445154903097,1,2,2,0
4.95,966.0710604947046,553.4174896707693,3.1866637387240613,1,2,2,0
4.958333333333333,965.9882180457245,553.1047756064323,3.1966534403423936,1,2,2,0
4.966666666666667,966.0570381747107,553.8559937180478,3.2165687608548734,1,2,2,0
4.975,965.5896121022158,553.6227433003784,3.203408101431327,1,2,2,0
4.983333333333333,965.5286824223947,553.7328557285667,3.185914768300793,1,2,2,0
4.991666666666666,966.2797119540307,553.9193337391117,3.2046671616973144,1,2,2,0
5.0,966.0631011601841,553.274719201472,3.2174937383535167,1,2,2,0
5.008333333333334,966.8832052944641,554.3290572569674,3.185999122686299,1,2,2,0
5.016666666666667,966.6798040501442,553.2255409334482,3.1642516113496377,1,2,2,0
5.025,967.4881420772653,553.8812647035093,3.1847170731648857,1,2,2,0
5.033333333333333,967.4737326085282,555.0617353083206,3.2283012934587276,1,2,2,0
5.041666666666667,834.83030455988,391.58321590552407,3.223172208165689,1,2,2,0
5.05,834.6632903262596,391.7315304563358,3.154586812442003,1,2,2,0
5.058333333333334,967.4404412084183,554.9645739255452,3.2429641360241783,1,2,2,0
5.066666666666666,966.933352448796,555.5039642943361,3.2075639111091205,1,2,2,0
5.075,967.5806090352564,554.8793554405519,3.232444181997593,1,2,2,0
5.083333333333333,967.3257529922503,554.7547047955807,3.1861720749806572,1,2,2,0
5.091666666666667,967.4828297667847,555.3512781956699,3.253018425772864,1,2,2,0
5.1,968.049747808265,554.9820921724584,3.253315348831816,1,2,2,0
5.108333333333333,968.947241406981,554.8960191022323,3.1993882975299885,1,2,2,0
5.116666666666666,969.6671844065378,554.1194299882151,3.2248565945523455,1,2,2,0
5.125,968.7442294874353,553.6053134647316,3.224234260071472,1,2,2,0
5.133333333333334,968.6249377328747,553.5097157214627,3.207332834857202,1,2,2,0
5.141666666666667,968.9084144676523,554.0364291262888,3.2128752644339156,1,2,2,0
5.15,968.6295221641133,554.4134456449087,3.2355989789527673,1,2,2,0
5.158333333333333,969.1105910871987,553.919128671819,3.2362559918942697,1,2,2,0
5.166666666666667,968.106903024755,553.9966091637533,3.2479030353051397,1,2,2,0
5.175,968.0483465566335,553.9716936018418,3.1750689028537398,1,2,2,0
5.183333333333334,968.1829105769335,554.7212469447963,3.260688278622113,1,2,2,0
5.191666666666666,967.9567781625816,554.7628930699311,3.2147743999694423,1,2,2,0
5.2,967.9431225400447,555.3212490217079,3.2583746320755855,1,2,2,0
5.208333333333333,968.7778132621929,555.0211552562123,3.2500684970936478,1,2,2,0
5.216666666666667,968.8557932171942,554.5492029586973,3.258468980898146,1,2,2,0
5.225,969.0890681591629,554.2856926385022,3.230193350368376,1,2,2,0
5.233333333333333,969.1065689882155,554.7479769990445,3.2433919057234615,1,2,2,0
5.241666666666666,969.5192489509553,554.2160113407283,3.2249866164476257,1,2,2,0
5.25,968.7558449293954,554.3456285876815,3.247094130465871,1,2,2,0
5.258333333333334,968.428762814174,553.9889224169764,3.2077934333470735,1,2,2,0
5.266666666666667,968.7904089669121,554.3903410710759,3.229464423610894,1,2,2,0
5.275,969.2124355751063,554.6599635796293,3.226072354573371,1,2,2,0
5.283333333333333,969.288943418785,554.4602873656185,3.2698386058978364,1,2,2,0
5.291666666666667,969.6575353405195,554.4534250044467,3.208851276239793,1,2,2,0
5.3,970.0703309622517,554.6586993426929,3.241144849392482,1,2,2,0
5.308333333333334,970.1853226941427,554.1617997511837,3.2265367002660548,1,2,2,0
5.316666666666666,969.552148337562,554.7466633705267,3.276280278177066,1,2,2,0
5.325,969.9427627147656,554.5443983941811,3.198312683265389,1,2,2,0
5.333333333333333,969.8912256358628,553.977187187938,3.245827238715013,1,2,2,0
5.341666666666667,969.4851057263986,553.7044448777065,3.2325172415780417,1,2,2,0
5.35,968.9648258928845,553.2771689521883,3.2854225117269307,1,2,2,0
5.358333333333333,968.4127460687757,552.4854669927698,3.2552894001062085,1,2,2,0
5.366666666666666,968.6615565117803,552.4667852180457,3.229789479373594,1,2,2,0
5.375,968.6311941910858,552.9094487306213,3.2255741889153646,1,2,2,0
5.383333333333334,968.8490980287419,552.7686599959462,3.2479765983427793,1,2,2,0
5.391666666666667,968.3604303661648,552.4969043786305,3.2052765370476615,1,2,2,0
5.4,968.2806898468202,552.4771330574399,3.194213737034191,1,2,2,0
5.408333333333333,968.6078172752066,553.1919536972882,3.2823737472385752,1,2,2,0
5.416666666666667,969.3410542528031,553.2000515279362,3.285433840434196,1,2,2,0
5.425,969.5058790171822,553.4611858318679,3.2571076396453686,1,2,2,0
5.433333333333334,970.4787856603455,553.6028049453307,3.258818500182006,1,2,2,0
5.441666666666666,970.6359967433892,552.8630200442593,3.2543007434514517,1,2,2,0
5.45,971.5328150007836,552.5524288010839,3.2809256756830005,1,2,2,0
5.458333333333333,971.5958128487437,552.2175348212606,3.2177042822272406,1,2,2,0
5.466666666666667,971.384797894807,552.5553526412107,3.2681277802665476,1,2,2,0
5.475,971.1667546228514,551.7063036155785,3.272492546297772,1,2,2,0
5.483333333333333,971.4643553304527,551.7162257684396,3.2577566394323165,1,2,2,0
5.491666666666666,1548.4388395322262,624.4101018839643,3.2451559812856217,1,2,2,0
5.5,1547.3326322669554,624.2886746547515,3.264442025648677,1,2,2,0
5.508333333333334,971.1261721055042,551.0626371479981,3.278824247600591,1,2,2,0
5.516666666666667,970.9255921518803,551.5313425371544,3.2642980285816536,1,2,2,0
5.525,971.1516636345739,551.5392808632237,3.263650955344554,1,2,2,0
5.533333333333333,971.0939390598563,551.6641048846523,3.2858941922060056,1,2,2,0
5.541666666666667,971.0903959744076,551.6091731789946,3.285695167894688,1,2,2,0
5.55,971.1563035942238,551.6578633148596,3.2734307598624466,1,2,2,0
5.558333333333334,971.6148213090796,552.1600411857581,3.210152363368915,1,2,2,0
5.566666666666666,970.8482455070633,552.624099687893,3.2623806405827356,1,2,2,0
5.575,970.853777368678,553.823408972148,3.232918489796013,1,2,2,0
5.583333333333333,971.7153333175955,554.2371937218843,3.252218692738158,1,2,2,0
5.591666666666667,972.2991767381308,553.8593888001859,3.2719215157853525,1,2,2,0
5.6,973.3375446629426,554.5715428386843,3.2577783221334284,1,2,2,0
5.608333333333333,972.5477046354613,553.9610800714443,3.251044694435168,1,2,2,0
5.616666666666666,972.2456552339858,554.2934055229033,3.3238883441696756,1,2,2,0
5.625,973.0499790556031,554.3641050282989,3.296750443095314,1,2,2,0
5.633333333333334,972.5225148497506,554.1585783875486,3.258047753750828,1,2,2,0
5.641666666666667,972.8365715262446,554.6037496715387,3.2911898877069063,1,2,2,0
5.65,972.9817684911159,553.5880609041855,3.27267172566651,1,2,2,0
5.658333333333333,973.0505763453881,553.2023243819732,3.2606600694373293,1,2,2,0
5.666666666666667,973.2762302953507,552.9222590426058,3.2922372396879886,1,2,2,0
5.675,973.5459779968162,552.9851795902326,3.2771156415002354,1,2,2,0
5.683333333333334,973.8738512193338,553.1466578690054,3.2717687554304846,1,2,2,0
5.691666666666666,974.4404793742631,553.621884394426,3.2940323552272983,1,2,2,0
5.7,973.4661582440478,553.6859207600045,3.2748696407271547,1,2,2,0
5.708333333333333,973.7472656646853,553.4003174818397,3.2555693250103563,1,2,2,0
5.716666666666667,974.1118312622602,553.1030232560391,3.275779581324205,1,2,2,0
5.725,974.1652433471056,552.3341034404348,3.2662802420550627,1,2,2,0
5.733333333333333,974.3006578543442,551.5104409752115,3.2951436560468284,1,2,2,0
5.741666666666666,974.2415898162312,551.6790715985259,3.245284582725175,1,2,2,0
5.75,974.1931648129935,552.9269799716186,3.293838972703779,1,2,2,0
5.758333333333334,973.609320319799,552.3478929260111,3.300574152571543,1,2,2,0
5.766666666666667,973.1127254801952,553.0058920472906,3.3039559151967093,1,2,2,0
5.775,972.6870279787901,552.7651855661045,3.2808761630345162,1,2,2,0
5.783333333333333,972.1991118399063,552.726847243125,3.2818343696085446,1,2,2,0
5.791666666666667,972.5451435657068,552.6451843333804,3.3098177031151277,1,2,2,0
5.8,971.6796086624825,552.5981261227286,3.2823597835564224,1,2,2,0
5.808333333333334,971.4580857405103,551.9302937524037,3.300516807392764,1,2,2,0
5.816666666666666,971.0987884979596,551.950464364183,3.2823522390105584,1,2,2,0
5.825,972.3213683767497,551.8290049055987,3.2975461338321623,1,2,2,0
5.833333333333333,973.3092574286189,552.5008195979644,3.2885842629506294,1,2,2,0
5.841666666666667,973.2689916787764,552.5360803564232,3.296970049967385,1,2,2,0
5.85,973.2679263749096,551.8200060842983,3.3045720984372897,1,2,2,0
5.858333333333333,973.5393975334011,551.5005451042421,3.3067133149489036,1,2,2,0
5.866666666666666,972.8438611556517,551.2451219445749,3.28250325965489,1,2,2,0
5.875,972.7149408717286,551.2821416519838,3.322591226994202,1,2,2,0
5.883333333333334,972.9400323091644,551.2484785601137,3.2934245153881703,1,2,2,0
5.891666666666667,973.0156816627591,551.414254481175,3.259096361899311,1,2,2,0
5.9,972.6475044127707,551.7696654611395,3.3112029832180907,1,2,2,0
5.908333333333333,972.7685347362245,551.6897437893176,3.2833416060456058,1,2,2,0
5.916666666666667,973.0509483751422,551.9180971361709,3.2775793483593336,1,2,2,0
5.925,973.5463614624173,552.9371080240567,3.2740144057151492,1,2,2,0
5.933333333333334,973.6311090813557,552.5086420228204,3.2509326718451037,1,2,2,0
5.941666666666666,973.6601054867222,552.4348911186,3.2896089751317823,1,2,2,0
5.95,972.2350819852969,551.8304281890257,3.288269286397178,1,2,2,0
5.958333333333333,972.0238097090645,552.0331010469537,3.3149369446740944,1,2,2,0
5.966666666666667,972.3042739715772,552.4380798172958,3.3198241169696456,1,2,2,0
5.975,972.2991467430908,552.6490777346817,3.3081543652089698,1,2,2,0
5.983333333333333,972.8779814369799,552.6231244185009,3.3074754376494075,1,2,2,0
5.991666666666666,973.3350552844661,552.0079213346709,3.3333234728093295,1,2,2,0
6.0,972.9626245363428,551.3154760007584,3.2833052346689593,1,2,2,0
6.008333333333334,972.59058592374,551.6329906749277,3.319764301460534,1,2,2,0
6.016666666666667,973.4045059418113,551.7662953490116,3.3124158862192723,1,2,2,0
6.025,973.076050524676,552.2323379408699,3.3230992420607173,1,2,2,0
6.033333333333333,972.6683862505708,552.0875759132383,3.283229935649855,1,2,2,0
6.041666666666667,972.9078088281439,552.0763131611781,3.2888974388883567,1,2,2,0
6.05,973.3225149917653,552.9392604004793,3.312078448324581,1,2,2,0
6.058333333333334,973.5467549756461,553.2910751712781,3.2968055600520794,1,2,2,0
6.066666666666666,974.399583014209,553.5306812625083,3.2743206731882206,1,2,2,0
6.075,973.8232379748209,553.143531138544,3.280173080646026,1,2,2,0
6.083333333333333,973.9624344045294,552.5574142317336,3.308777934654379,1,2,2,0
6.091666666666667,973.299411108524,551.7740662105223,3.297925007776746,1,2,2,0
6.1,972.9900927657319,552.0405728861816,3.3292632846798926,1,2,2,0
6.108333333333333,972.7668625394284,552.4558372281759,3.2949108488425383,1,2,2,0
6.116666666666666,971.7801139994872,552.4382796167005,3.3238284809323853,1,2,2,0
6.125,970.9365919866473,552.6998058140379,3.32674294729205,1,2,2,0
6.133333333333334,971.3693315621377,552.2742355163853,3.308046017069845,1,2,2,0
6.141666666666667,971.4174916702505,552.1652209724654,3.3096821653549413,1,2,2,0
6.15,972.0162551733374,551.904829193385,3.311614949265012,1,2,2,0
6.158333333333333,971.6303325100388,551.1619866261938,3.2794122259038203,1,2,2,0
6.166666666666667,972.1680702488532,551.9319080014081,3.2829323807661903,1,2,2,0
6.175,972.538623038466,551.7227547688866,3.3071961061011836,1,2,2,0
6.183333333333334,973.1899268297892,552.2332285601603,3.299823981739498,1,2,2,0
6.191666666666666,972.5019045772257,552.2410318263306,3.3084920319113116,1,2,2,0
6.2,972.6545574116575,552.2019456370444,3.27539490099846,1,2,2,0
6.208333333333333,973.2848712228622,551.701882065237,3.271245951491828,1,2,2,0
6.216666666666667,972.4401152805152,552.5843904499847,3.3097712420502203,1,2,2,0
6.225,973.0230920562109,552.7128677317978,3.337882237420499,1,2,2,0
6.233333333333333,972.3639251812306,553.026670786146,3.260383879965582,1,2,2,0
6.241666666666666,972.078329918502,553.2790450607262,3.320336145331474,1,2,2,0
6.25,972.7325723120535,553.3604475119212,3.3178636576856797,1,2,2,0
6.258333333333334,972.4332750193053,553.5052072946141,3.2820085721984777,1,2,2,0
6.266666666666667,972.2146830053566,553.5150205309594,3.288012073444275,1,2,2,0
6.275,973.035754643701,553.4370366883905,3.3444710949091196,1,2,2,0
6.283333333333333,973.7294158366612,552.7512333936995,3.287391216984523,1,2,2,0
6.291666666666667,974.1274791258552,553.3440487415183,3.305862155084192,1,2,2,0
6.3,973.9481018175161,552.5398794409016,3.2912177275623002,1,2,2,0
6.308333333333334,974.1716361182672,552.4199812972647,3.3009496507581213,1,2,2,0
6.316666666666666,973.0151675178051,552.4957868427784,3.2751289343304375,1,2,2,0
6.325,971.8693973455577,552.3968720310688,3.2851850461579915,1,2,2,0
6.333333333333333,971.7006027974875,552.1697200155224,3.2694706534618727,1,2,2,0
6.341666666666667,971.5986664853972,552.6332384255028,3.288307387177676,1,2,2,0
6.35,972.091107909788,552.7573496385555,3.3126454618032324,1,2,2,0
6.358333333333333,971.7823023205242,552.5588723009785,3.2865330429758792,1,2,2,0
6.366666666666666,971.3888139950177,552.6160820372405,3.2705409227695674,1,2,2,0
6.375,971.7347901110403,552.978403648789,3.298647243599973,1,2,2,0
6.383333333333334,972.1598678384435,552.6960909922743,3.291270967577005,1,2,2,0
6.391666666666667,972.1595061879614,553.1054186557587,3.2543586851213138,1,2,2,0
6.4,972.799236515474,552.9832578696772,3.282222587522328,1,2,2,0
6.408333333333333,972.5538017130374,552.4040534529386,3.2757580325735565,1,2,2,0
6.416666666666667,973.1170891021295,552.0724640878308,3.3345842413062488,1,2,2,0
6.425,973.7566814217146,552.4756537228499,3.310446585654553,1,2,2,0
6.433333333333334,973.444268863133,552.7980081504761,3.3042865121909846,1,2,2,0
6.441666666666666,973.4660095961243,554.0011725253138,3.2914442213790203,1,2,2,0
6.45,972.8134389587112,553.0563649846994,3.2995209623470725,1,2,2,0
6.458333333333333,972.5938041303859,552.6649104274579,3.3079519354153035,1,2,2,0
6.466666666666667,971.5902542124695,552.0041499301899,3.300802019854471,1,2,2,0
6.475,971.5793824543481,552.6947950041741,3.2640323563560836,1,2,2,0
6.483333333333333,971.4434345808164,553.633317135692,3.3013488427452997,1,2,2,0
6.491666666666666,971.8006796152056,553.8304677624437,3.3077740119079024,1,2,2,0
6.5,971.5827883662206,553.5526410193721,3.2855525492046587,1,2,2,0
6.508333333333334,971.8042092274537,554.003331593471,3.2633095195497583,1,2,2,0
6.516666666666667,970.8437699597118,554.9728210678883,3.2875025944061123,1,2,2,0
6.525,970.2023481243103,554.8302229937343,3.3088514272357052,1,2,2,0
6.533333333333333,970.3997219048113,554.9138955736502,3.297777122584254,1,2,2,0
6.541666666666667,969.711086822243,554.5095907742714,3.3128975226987594,1,2,2,0
6.55,969.3865963341275,554.4676073873608,3.3162817110167695,1,2,2,0
6.558333333333334,969.5378443105589,553.505724293485,3.2843361978347465,1,2,2,0
6.566666666666666,969.3589837077681,553.403342549517,3.270449767098285,1,2,2,0
6.575,969.3002936154032,553.4221070797092,3.3071934265959775,1,2,2,0
6.583333333333333,969.0649076368198,553.7536808342436,3.281180501574006,1,2,2,0
6.591666666666667,969.2282916965405,553.7438678183481,3.269045583542332,1,2,2,0
6.6,968.9433299309424,553.9674794302774,3.2917614441285523,1,2,2,0
6.608333333333333,968.1577220587601,553.1313355266944,3.321504281247294,1,2,2,0
6.616666666666666,968.4833803219368,553.6083980982697,3.3016652431741274,1,2,2,0
6.625,969.5146566307295,553.2780500909986,3.2620642619855262,1,2,2,0
6.633333333333334,969.6807955397587,552.9181153885611,3.287417549921974,1,2,2,0
6.641666666666667,969.6941244716766,552.5903735165396,3.3252796647654472,1,2,2,0
6.65,970.5361879456663,552.8549791630107,3.290897643450265,1,2,2,0
6.658333333333333,970.9487713131757,552.9283208810537,3.2259398064653664,1,2,2,0
6.666666666666667,971.0661614076057,553.1735456394672,3.297085327085848,1,2,2,0
6.675,970.0244398578432,552.4659334545934,3.2971395446796565,1,2,2,0
6.683333333333334,968.9262847737139,552.3817152803854,3.268923218191727,1,2,2,0
6.691666666666666,969.2896912897153,551.5058372936417,3.31113999166691,1,2,2,0
6.7,968.6884032906214,550.9905633369951,3.2865262393137296,1,2,2,0
6.708333333333333,967.7214212902988,550.2914399124066,3.2985179799875586,1,2,2,0
6.716666666666667,967.8198220287438,551.0654764427746,3.2736462003877804,1,2,2,0
6.725,967.5650085990457,551.6405495971252,3.29969692475247,1,2,2,0
6.733333333333333,968.6100369025163,551.7574776243786,3.2822702164715913,1,2,2,0
6.741666666666666,968.4775852646267,551.3159185877246,3.270056550694921,1,2,2,0
6.75,968.2452432075495,550.8475869393126,3.264700305564514,1,2,2,0
6.758333333333334,968.1945986619006,550.5235427240293,3.2835852884100496,1,2,2,0
6.766666666666667,968.098629719843,550.2663418091603,3.2849063973756336,1,2,2,0
6.775,967.8150888383093,549.8457301751772,3.279781182857784,1,2,2,0
6.783333333333333,967.6791958866972,549.6790756906178,3.2989020889178065,1,2,2,0
6.791666666666667,967.963618125658,550.0202618953219,3.304710211166628,1,2,2,0
6.8,967.5073840441976,550.6044807336874,3.2879494762532695,1,2,2,0
6.808333333333334,967.0736846074475,550.9952285225561,3.291963164349913,1,2,2,0
6.816666666666666,967.3884904313113,549.7046206369446,3.271559264550812,1,2,2,0
6.825,966.5097467720833,549.3504805914688,3.2571742768195935,1,2,2,0
6.833333333333333,965.6227443486682,549.3165327891998,3.263434818422749,1,2,2,0
6.841666666666667,965.2124322989565,548.5633097283575,3.2406982729792886,1,2,2,0
6.85,964.322182993679,548.2064266632517,3.229144242221739,1,2,2,0
6.858333333333333,965.0285431625578,548.2076812769824,3.283614885222955,1,2,2,0
6.866666666666666,965.2682437037483,548.6272864970905,3.2764892990197114,1,2,2,0
6.875,964.8154941317955,547.8238384988316,3.273706375141074,1,2,2,0
6.883333333333334,964.1872153268131,547.7052181437441,3.29727384996808,1,2,2,0
6.891666666666667,964.4971103268102,547.1839769215957,3.2526687429641616,1,2,2,0
6.9,964.6465818862835,546.5194692121247,3.292304901211556,1,2,2,0
6.908333333333333,964.8786345761783,546.9055754072185,3.239169026926918,1,2,2,0
6.916666666666667,964.516048282743,546.9615752547513,3.2735433514531125,1,2,2,0
6.925,964.5073603112653,547.0692251461796,3.2400991415634817,1,2,2,0
6.933333333333334,965.4180283116996,546.4011523613677,3.258783558760431,1,2,2,0
6.941666666666666,965.747085531871,546.9133752705891,3.270903016070868,1,2,2,0
6.95,966.1286816310185,546.6521568642532,3.2381260882111444,1,2,2,0
6.958333333333333,966.0310876686183,547.5368747928782,3.2302996365082404,1,2,2,0
6.966666666666667,965.4237242528061,547.2175224863083,3.2172465628038402,1,2,2,0
6.975,965.1575524836977,546.9536470685599,3.2545277986930206,1,2,2,0
6.983333333333333,965.3667567607787,547.1543819907826,3.3037927828650946,1,2,2,0
6.991666666666666,964.837409984918,547.2562435728493,3.2344913525109247,1,2,2,0
7.0,965.1904007796002,547.1436826936869,3.257875210011429,1,2,2,0
7.008333333333334,965.9250753282356,547.1828081537494,3.2719709555729843,1,2,2,0
7.016666666666667,966.7300109098517,546.3747432545833,3.235206786963739,1,2,2,0
7.025,966.6820008429628,546.928914694306,3.274010645549163,1,2,2,0
7.033333333333333,965.8463080403692,546.8695588664399,3.2550666709098,1,2,2,0
7.041666666666667,965.1381234945057,546.9090695204794,3.2846360965400776,1,2,2,0
7.05,964.40303020093,547.4841226555982,3.2619716536457806,1,2,2,0
7.058333333333334,965.1565451156873,547.2182679596963,3.2571475743729232,1,2,2,0
7.066666666666666,965.1635263243378,547.0169665009773,3.254481422334876,1,2,2,0
7.075,965.3479232225465,547.2206057059759,3.2849708698692544,1,2,2,0
7.083333333333333,965.2728443126349,547.3947680316176,3.234745499209389,1,2,2,0
7.091666666666667,964.9631689231936,546.4859505849885,3.2610521856304673,1,2,2,0
7.1,965.3081957803354,545.7603064998303,3.3028866600011044,1,2,2,0
7.108333333333333,964.8892610224993,545.3285748218934,3.249253908973182,1,2,2,0
7.116666666666666,964.9171083572801,544.96414375967,3.2672785789336865,1,2,2,0
7.125,965.1318314910765,545.6864030485692,3.2507175836459643,1,2,2,0
7.133333333333334,965.696629613493,545.5122489525653,3.2719813130696935,1,2,2,0
7.141666666666667,965.1856127830226,545.4821009483101,3.2979211226385163,1,2,2,0
7.15,966.01463561051,544.9948430083051,3.269676415682287,1,2,2,0
7.158333333333333,965.9945340152138,544.853249396466,3.2718314879025296,1,2,2,0
7.166666666666667,966.1895625723517,544.7693862117974,3.2970535997995616,1,2,2,0
7.175,966.6473359969149,545.7880539495308,3.2918765148148323,1,2,2,0
7.183333333333334,966.0779780132924,546.2577665400229,3.290566284690378,1,2,2,0
7.191666666666666,966.1030180327141,546.4025277393388,3.2983186308931987,1,2,2,0
7.2,966.6588867612195,546.451931456547,3.294892851554402,1,2,2,0
7.208333333333333,965.9922206748364,546.6967281137519,3.2623527954971743,1,2,2,0
7.216666666666667,965.8513966524021,546.7555456003404,3.2956916543233774,1,2,2,0
7.225,966.0737383049035,546.1056464454983,3.2775484042677516,1,2,2,0
7.233333333333333,965.1220389973378,545.6745049226681,3.322743151201488,1,2,2,0
7.241666666666666,964.4142237042005,546.0887367142994,3.268894540849433,1,2,2,0
7.25,964.2056621884685,545.9381113319931,3.2501578483074973,1,2,2,0
7.258333333333334,963.988878653805,546.6069415378909,3.258798801635293,1,2,2,0
7.266666666666667,963.2028020960377,546.6733125941697,3.3009616279426335,1,2,2,0
7.275,964.0700495307121,547.0290740472728,3.2841829516224816,1,2,2,0
7.283333333333333,964.0578439437022,546.7280674958175,3.242819740112494,1,2,2,0
7.291666666666667,964.5998121192852,546.5278239305431,3.2566689265386164,1,2,2,0
7.3,963.7568438596384,546.1185103323675,3.2574585866407917,1,2,2,0
7.308333333333334,964.8206695925287,545.7674643479164,3.269103520357911,1,2,2,0
7.316666666666666,964.7888288438552,545.6893684559636,3.239924007835791,1,2,2,0
7.325,965.6395537928532,545.6510967154957,3.2949867695980655,1,2,2,0
7.333333333333333,965.6399725630063,546.3412429042645,3.2591620893074476,1,2,2,0
7.341666666666667,965.2987335880229,546.662340354326,3.2645850438738946,1,2,2,0
7.35,965.6752268825959,546.2775072102431,3.2047285425092737,1,2,2,0
7.358333333333333,965.6633372123766,546.1155332727824,3.2315068625574215,1,2,2,0
7.366666666666666,965.8440111226038,547.00318404288,3.2355137741067925,1,2,2,0
7.375,965.7067780081811,546.7603548993999,3.2380881637353776,1,2,2,0
7.383333333333334,965.759570986695,546.6856324601844,3.2092047372755705,1,2,2,0
7.391666666666667,966.6106997271215,546.498938676119,3.25018127716067,1,2,2,0
7.4,965.8674917487858,547.7512788907852,3.22517477544061,1,2,2,0
7.408333333333333,965.0373906116989,547.4502530187148,3.2356912731614815,1,2,2,0
7.416666666666667,965.0682114869082,547.6530457874418,3.2541869462018407,1,2,2,0
7.425,964.192261494544,548.9502276227303,3.21469928199267,1,2,2,0
7.433333333333334,963.8641090425275,549.1985715740377,3.2435136527828305,1,2,2,0
7.441666666666666,964.4493928736948,549.7611935927085,3.1972227869540992,1,2,2,0
7.45,964.2060997201357,548.8793565679548,3.1890858293144633,1,2,2,0
7.458333333333333,963.8758318350177,549.029706762962,3.163260793128269,1,2,2,0
7.466666666666667,964.5086234328015,548.4329995081985,3.2483876660118702,1,2,2,0
7.475,964.6266680870009,548.2311747749494,3.2092034496364246,1,2,2,0
7.483333333333333,964.5222166532974,548.6456206785646,3.2245172435940206,1,2,2,0
7.491666666666666,964.917564710049,548.7291315857254,3.1989187762448226,1,2,2,0
7.5,964.9046368595366,548.9479661693473,3.2021046224208423,1,2,2,0
7.508333333333334,965.1504660851266,549.120625210216,3.198440787521129,1,2,2,0
7.516666666666667,965.2232529679474,549.3401010823512,3.2207957933576177,1,2,2,0
7.525,965.6357659475545,548.2078284948932,3.2348487527394165,1,2,2,0
7.533333333333333,965.4415448735529,548.8924069852742,3.169391477477679,1,2,2,0
7.541666666666667,965.96515509994,548.0119144828227,3.1703129517756734,1,2,2,0
7.55,965.2536521872375,547.4939768741068,3.184292933359048,1,2,2,0
7.558333333333334,964.8773140291078,547.8693534534377,3.1646856342112972,1,2,2,0
7.566666666666666,965.148371508216,547.2688027494958,3.160206509585174,1,2,2,0
7.575,965.5193957926109,546.7981297351804,3.194421679305431,1,2,2,0
7.583333333333333,966.1169804589381,546.3484546198614,3.189100948511843,1,2,2,0
7.591666666666667,965.4370382969776,545.9723777042161,3.176449009834438,1,2,2,0
7.6,964.6745521042461,546.3014663835189,3.192070664618531,1,2,2,0
7.608333333333333,964.8066944758738,545.4327697972507,3.16296698579166,1,2,2,0
7.616666666666666,965.3247008539548,544.9231889736362,3.163012134284615,1,2,2,0
7.625,965.8493785576826,544.3119271822436,3.168521757765376,1,2,2,0
7.633333333333334,965.9306442387499,544.8047121717512,3.20060713156623,1,2,2,0
7.641666666666667,965.2726601411605,545.2600697624852,3.1673494235708604,1,2,2,0
7.65,965.8705515140064,545.7355291506507,3.1561196434038186,1,2,2,0
7.658333333333333,966.8315899556709,546.1798014163592,3.1669219622178164,1,2,2,0
7.666666666666667,966.8215741349695,546.1083222089401,3.183525155788715,1,2,2,0
7.675,967.5307714189081,546.0601731531102,3.1840756196928406,1,2,2,0
7.683333333333334,967.6060309022737,546.0174549655052,3.177837918827036,1,2,2,0
7.691666666666666,967.6388389003289,546.3049895375779,3.159637311845305,1,2,2,0
7.7,967.3745396576168,546.4639299737603,3.1856181605379073,1,2,2,0
7.708333333333333,967.255194205964,546.3595264432921,3.1430425333993486,1,2,2,0
7.716666666666667,967.7609818017846,545.818020558519,3.146957750443635,1,2,2,0
7.725,967.262318487326,545.8988106490469,3.1827372568503027,1,2,2,0
7.733333333333333,968.1942434436796,545.4345408460088,3.1709195245366293,1,2,2,0
7.741666666666666,968.1358427109491,545.6804274682536,3.15155126088608,1,2,2,0
7.75,968.0553415467475,546.9222048912193,3.1714950893337885,1,2,2,0
7.758333333333334,967.8404505003189,547.3222550442662,3.195424393089567,1,2,2,0
7.766666666666667,967.5094199336728,547.0654209479139,3.1649267861233716,1,2,2,0
7.775,967.5022517109502,546.5345673143685,3.151265654514687,1,2,2,0
7.783333333333333,967.8928993196555,545.9179905435534,3.17577450222549,1,2,2,0
7.791666666666667,968.1616378940267,545.5551814113098,3.1557884008077988,1,2,2,0
7.8,967.9983431587486,544.7569301640707,3.184865020434736,1,2,2,0
7.808333333333334,967.5437332317866,544.6839580606626,3.1338346816455225,1,2,2,0
7.816666666666666,968.1416235506016,544.1223480233956,3.170642178221013,1,2,2,0
7.825,968.1268961221103,543.8683206242113,3.1586907505061377,1,2,2,0
7.833333333333333,968.5811643165231,544.0075675096598,3.1463765423877184,1,2,2,0
7.841666666666667,968.5576635156687,543.5210071693294,3.142694282015619,1,2,2,0
7.85,968.3539499444034,543.3845475075908,3.1371657332100074,1,2,2,0
7.858333333333333,969.1372016972624,543.3069410398718,3.171342397791697,1,2,2,0
7.866666666666666,969.3839623016444,543.6605199068415,3.1751228258374553,1,2,2,0
7.875,969.3779814682724,544.2550905988522,3.1567522901639715,1,2,2,0
7.883333333333334,969.7695797044021,544.6411592455778,3.1600271547719414,1,2,2,0
7.891666666666667,970.0390375820954,544.9324765562176,3.1706227452630995,1,2,2,0
7.9,970.9216324737013,544.5008037359455,3.1529585960076845,1,2,2,0
7.908333333333333,970.9843284009444,544.9963555018517,3.1541154378785716,1,2,2,0
7.916666666666667,970.7146959696445,544.9223325362267,3.1308901095068284,1,2,2,0
7.925,970.0653165976448,544.7128615815802,3.149717357102804,1,2,2,0
7.933333333333334,969.5795706970525,545.7198673160004,3.110757031252506,1,2,2,0
7.941666666666666,969.2691693092161,546.5199546608258,3.1709482544819445,1,2,2,0
7.95,969.4299614474412,546.0113675100257,3.129741549704338,1,2,2,0
7.958333333333333,969.3795123050226,545.9811960097101,3.165843064474015,1,2,2,0
7.966666666666667,968.8610425090183,545.9181977406555,3.1509198399066363,1,2,2,0
7.975,969.2224352759008,545.6169938587217,3.106359646345178,1,2,2,0
7.983333333333333,969.8823657102928,545.5431407298704,3.1244861484957167,1,2,2,0
7.991666666666666,969.4925574256085,545.4081200408255,3.110178509847676,1,2,2,0
8.0,969.5065726856606,545.3978049169992,3.138694689375279,1,2,2,0
8.008333333333333,969.4875222820037,545.5082453636843,3.1276218103926086,1,2,2,0
8.016666666666667,969.7682181525519,544.8713320752879,3.1449617343701237,1,2,2,0
8.025,969.9938612159219,544.5854448022375,3.1348040818555596,1,2,2,0
8.033333333333333,969.2590030571824,545.260687242958,3.153480837573909,1,2,2,0
8.041666666666666,969.3290554071697,545.7906849994732,3.1198301304439826,1,2,2,0
8.05,969.8231444742704,546.1440893532842,3.1350961599036347,1,2,2,0
8.058333333333334,970.2944045690397,545.7099674216581,3.118131757138061,1,2,2,0
8.066666666666666,970.332887212789,545.7992450136721,3.114945404374089,1,2,2,0
8.075,970.3171246960537,546.6232935673812,3.1047949892474906,1,2,2,0
8.083333333333334,970.7922742477356,546.3045002939626,3.1661139910642913,1,2,2,0
8.091666666666667,970.5614738284518,546.8053120399037,3.1352074470387308,1,2,2,0
8.1,969.9678378957633,547.1014413018383,3.1553343543469436,1,2,2,0
8.108333333333333,969.570187489161,546.9593197208242,3.099305340570758,1,2,2,0
8.116666666666667,969.4148468878685,546.0717164661152,3.128548107096329,1,2,2,0
8.125,968.9940038506076,545.8470891860084,3.1068002744211825,1,2,2,0
8.133333333333333,969.1661671453008,545.8231663531542,3.149489429009908,1,2,2,0
8.141666666666667,968.6637759792379,545.2053649087965,3.1418832629101576,1,2,2,0
8.15,969.6484043309373,544.4010035430352,3.137705774901211,1,2,2,0
8.158333333333333,970.647003799265,545.4250625238682,3.138036820121963,1,2,2,0
8.166666666666666,971.0688547970797,546.0187690389389,3.133168925425854,1,2,2,0
8.175,970.6365470073924,545.8460593608381,3.13452384989736,1,2,2,0
8.183333333333334,970.0026066514963,546.1459304112966,3.1395596907189254,1,2,2,0
8.191666666666666,970.6616169980553,545.959372294621,3.1215471583771315,1,2,2,0
8.2,970.2604686701961,546.2860940472164,3.1239488966684363,1,2,2,0
8.208333333333334,969.8589821879021,546.0231599426813,3.121777508888904,1,2,2,0
8.216666666666667,969.3296838178123,545.6117957834844,3.1064122264529823,1,2,2,0
8.225,969.1715406369972,545.1409774724766,3.1503636326281517,1,2,2,0
8.233333333333333,970.4111293371305,544.6888215308046,3.1360066224832304,1,2,2,0
8.241666666666667,970.213655803317,544.5715587085422,3.1710248011173086,1,2,2,0
8.25,970.7359017843213,543.9269830950103,3.100743714602617,1,2,2,0
8.258333333333333,970.9799088724573,544.268781509087,3.106611720409005,1,2,2,0
8.266666666666667,971.5985602691595,543.9694440363928,3.0934082865023673,1,2,2,0
8.275,972.3316777141641,543.8721307982652,3.0982654698541636,1,2,2,0
8.283333333333333,972.5191399764833,543.7368293556068,3.1154210784596925,1,2,2,0
8.291666666666666,972.3135142916283,543.7912048944431,3.141729971971408,1,2,2,0
8.3,972.2436166520131,543.6148499254405,3.095834331811133,1,2,2,0
8.308333333333334,972.6840758691438,543.8111190712473,3.1052721083177266,1,2,2,0
8.316666666666666,974.2642156771104,544.4498617919683,3.1205369505000142,1,2,2,0
8.325,974.5095773253867,544.3090488196725,3.129957534483623,1,2,2,0
8.333333333333334,974.169448663443,545.5253465531434,3.145962327793961,1,2,2,0
8.341666666666667,973.9806961229998,545.5666130166642,3.1107902318402108,1,2,2,0
8.35,974.2411212788782,546.2539973173139,3.1387150441088862,1,2,2,0
8.358333333333333,973.823368063032,546.4068155826063,3.1373819732719967,1,2,2,0
8.366666666666667,973.271760821603,546.1074347973877,3.079484423080861,1,2,2,0
8.375,973.3712795103754,546.0568872355913,3.0741409553390375,1,2,2,0
8.383333333333333,973.1876754653429,545.1460482373928,3.126779711360742,1,2,2,0
8.391666666666667,973.3779240677865,544.3745010212632,3.16143557025819,1,2,2,0
8.4,973.5135409199171,544.0094133944717,3.11619291729221,1,2,2,0
8.408333333333333,973.3471275805887,544.7981770461638,3.1132442981175563,1,2,2,0
8.416666666666666,973.88227445547,545.0575677679599,3.1051061434482126,1,2,2,0
8.425,974.1925279404977,545.307484995997,3.135030469964773,1,2,2,0
8.433333333333334,973.7852147794,545.5339005339224,3.1262343647487216,1,2,2,0
8.441666666666666,973.6139006557738,545.9071890234883,3.100895214240419,1,2,2,0
8.45,974.0918279612137,544.3789412610644,3.1099829200848412,1,2,2,0
8.458333333333334,973.8876519183589,544.1817719668663,3.0773086802986733,1,2,2,0
8.466666666666667,974.21149562262,543.5190570886189,3.1035862498387403,1,2,2,0
8.475,973.5860565239685,544.0210162419014,3.0972446078842073,1,2,2,0
8.483333333333333,973.65115718027,543.9135366487566,3.1020151849909126,1,2,2,0
8.491666666666667,973.3130898648282,544.4712774918568,3.1078982761435756,1,2,2,0
8.5,974.2415252296397,545.0250672846253,3.073083816115486,1,2,2,0
8.508333333333333,973.88989806409,545.6896973125232,3.1180526988168933,1,2,2,0
8.516666666666667,974.495332788193,545.9987332934612,3.09718928491474,1,2,2,0
8.525,974.3509540598413,546.0642211326442,3.113315993399634,1,2,2,0
8.533333333333333,973.7978855618384,546.1866266995315,3.109649211594022,1,2,2,0
8.541666666666666,974.2752020831311,546.1841214916902,3.0997360376487664,1,2,2,0
8.55,973.7488342064981,546.6632122026608,3.113557100054622,1,2,2,0
8.558333333333334,973.5551523658673,547.6274775626279,3.0971919367887213,1,2,2,0
8.566666666666666,973.8299179955111,547.0678769778069,3.092583857217457,1,2,2,0
8.575,974.0327611771655,545.6671717771353,3.0743451328685136,1,2,2,0
8.583333333333334,974.0415484160062,545.6032869172519,3.109739168934651,1,2,2,0
8.591666666666667,973.1913906837277,545.4910553512999,3.1063080773469958,1,2,2,0
8.6,972.5454957584816,546.0331513988551,3.0955986533783753,1,2,2,0
8.608333333333333,973.0330770737477,546.8396221115024,3.054706814230788,1,2,2,0
8.616666666666667,973.2411585537883,547.2205717951074,3.1120559717439082,1,2,2,0
8.625,972.7993254799645,546.8357265003459,3.1217807101043116,1,2,2,0
8.633333333333333,972.6010652995735,546.8054333567516,3.1042322604289994,1,2,2,0
8.641666666666667,972.8822395168345,547.3555783023894,3.1138634868290955,1,2,2,0
8.65,972.803522549434,547.7897662417743,3.108228940592587,1,2,2,0
8.658333333333333,972.9254983149555,548.6925107795165,3.1131235735974556,1,2,2,0
8.666666666666666,972.6607470676452,548.8632163314026,3.109591328658403,1,2,2,0
8.675,974.3181537482983,548.638484920163,3.1139109540683885,1,2,2,0
8.683333333333334,974.1701899695848,549.8773635717711,3.1109535166238302,1,2,2,0
8.691666666666666,974.4889768386014,550.4460368805007,3.1203006067467265,1,2,2,0
8.7,974.1117044540672,549.4932787002234,3.0720838731641096,1,2,2,0
8.708333333333334,974.7189877556531,549.611944394811,3.0645740541629305,1,2,2,0
8.716666666666667,973.8791942230521,549.7898490083012,3.1076928207522365,1,2,2,0
8.725,974.8146657604767,549.6061318814241,3.122399477729588,1,2,2,0
8.733333333333333,974.2945560184722,549.9151183895214,3.114277887181168,1,2,2,0
8.741666666666667,974.1151836111671,550.6401502067231,3.103026487834258,1,2,2,0
8.75,973.748312983537,550.4170335552077,3.107402823013339,1,2,2,0
8.758333333333333,974.1412327854778,550.8491069968179,3.1177612251549878,1,2,2,0
8.766666666666667,973.4662945260033,550.7471440246375,3.075324416267835,1,2,2,0
8.775,973.0646793771226,550.9618656306795,3.0872844664573664,1,2,2,0
8.783333333333333,973.653728912561,550.2915189952231,3.0799992303468477,1,2,2,0
8.791666666666666,974.3396680881449,550.4110301099987,3.088096484544542,1,2,2,0
8.8,974.7301562267111,550.943500565277,3.1005124874418812,1,2,2,0
8.808333333333334,974.2884143467658,551.173371030292,3.1189234102688905,1,2,2,0
8.816666666666666,974.7688710031254,551.7833161399742,3.1010929735415536,1,2,2,0
8.825,974.4987072254598,551.785353110243,3.089381555124005,1,2,2,0
8.833333333333334,973.9070280926766,552.4288828859613,3.0552056569139894,1,2,2,0
8.841666666666667,973.5123078552817,552.9573218777375,3.0998891403060056,1,2,2,0
8.85,973.4084202613725,553.0627080909118,3.099656851383532,1,2,2,0
8.858333333333333,972.3914798905181,554.000649924748,3.081770810824444,1,2,2,0
8.866666666666667,971.9229558066545,554.0845113968189,3.086774685911505,1,2,2,0
8.875,971.2761751705517,553.7741194321609,3.090036403634794,1,2,2,0
8.883333333333333,972.0529184723861,554.0216939754164,3.126432256368985,1,2,2,0
8.891666666666667,971.8147244486518,554.1536566779587,3.0999085212632895,1,2,2,0
8.9,972.0694682756224,554.9450150602111,3.1101276195443766,1,2,2,0
8.908333333333333,972.0398483939648,554.7775385619174,3.121791945693359,1,2,2,0
8.916666666666666,831.3376714476498,480.74737193243607,3.1159578810747584,1,2,2,0
8.925,830.7446137832972,479.3968098429858,3.107933838722386,1,2,2,0
8.933333333333334,970.4258958435195,553.1809597820283,3.1397077266866584,1,2,2,0
8.941666666666666,969.8058291650968,553.254618143245,3.1180272600786383,1,2,2,0
8.95,969.95955877953,552.4529311571132,3.10711422649122,1,2,2,0
8.958333333333334,970.9574757050759,552.4853939939278,3.1193390664353524,1,2,2,0
8.966666666666667,970.8516429635686,551.7652556201447,3.1074714163001875,1,2,2,0
8.975,970.8631630080132,551.9237036889652,3.0996982741676247,1,2,2,0
8.983333333333333,970.8106123250499,551.6038380441271,3.093958869273878,1,2,2,0
8.991666666666667,971.6150045211087,551.8411519657684,3.0994247764501512,1,2,2,0
9.0,971.2634793209762,551.3152585390919,3.104306149871551,1,2,2,0
9.008333333333333,971.7808752088773,551.9075747967423,3.11588541973268,1,2,2,0
9.016666666666667,971.5611549293717,551.4740296334317,3.099847203813426,1,2,2,0
9.025,971.4575360666339,550.9042449289739,3.0731002604419193,1,2,2,0
9.033333333333333,971.8358562298555,551.042196156229,3.0946770410215207,1,2,2,0
9.041666666666666,972.4621863353165,551.3765295060613,3.0571476912691247,1,2,2,0
9.05,972.576495100485,550.9989120337278,3.102085745928491,1,2,2,0
9.058333333333334,972.1063905789276,550.4479399340698,3.113792477668257,1,2,2,0
9.066666666666666,971.6545401271275,550.4046470090701,3.1161150198454313,1,2,2,0
9.075,971.8074730479394,550.5823727101706,3.092215126849739,1,2,2,0
9.083333333333334,971.7719091041653,551.0485182004622,3.118598239911622,1,2,2,0
9.091666666666667,971.6886894517958,550.7779440790696,3.102440334643034,1,2,2,0
9.1,970.2873542874406,551.9767413395637,3.1072474513919026,1,2,2,0
9.108333333333333,969.8621290389266,550.6396991829146,3.1159159147431965,1,2,2,0
9.116666666666667,969.5689669473054,550.5181904282304,3.1402134111766222,1,2,2,0
9.125,969.5143725080059,550.8252316268985,3.110880669799658,1,2,2,0
9.133333333333333,969.9542857257546,551.3438467162945,3.1112407642767614,1,2,2,0
9.141666666666667,1491.464088164677,789.1624713263204,3.051803531408952,1,2,2,0
9.15,1492.242281260836,789.5489571390644,3.125799389659296,1,2,2,0
9.158333333333333,971.4816195486532,552.40043305918,3.064968701502913,1,2,2,0
9.166666666666666,971.0151027549268,551.111554222374,3.1056004490129405,1,2,2,0
9.175,970.4991481469335,550.6480309751372,3.10428719790727,1,2,2,0
9.183333333333334,970.9817284658053,551.6035254045958,3.1164607922640877,1,2,2,0
9.191666666666666,970.2741088184623,551.1636753637915,3.112204182561278,1,2,2,0
9.2,970.0251311716253,550.4768077393047,3.1524166139044296,1,2,2,0
9.208333333333334,971.0550305572895,550.6099986610188,3.1020246041356154,1,2,2,0
9.216666666666667,970.7721633801727,550.0540847389917,3.1456401117660384,1,2,2,0
9.225,970.3610771576341,549.7004849329531,3.123609290323093,1,2,2,0
9.233333333333333,970.1102605748284,549.9126089675091,3.099089133909945,1,2,2,0
9.241666666666667,969.7244256629225,550.3782041137291,3.1307579982176117,1,2,2,0
9.25,970.1683070283209,549.9440699114818,3.1159061877492764,1,2,2,0
9.258333333333333,969.4381066483329,550.1127747883816,3.1078707109276786,1,2,2,0
9.266666666666667,969.4667248227175,550.5844518069794,3.152562097942576,1,2,2,0
9.275,969.5430974361009,549.9768823961908,3.128325607801136,1,2,2,0
9.283333333333333,970.4249354740563,550.3104103325286,3.101564486774792,1,2,2,0
9.291666666666666,970.8932993922783,549.9992563275018,3.135348870043473,1,2,2,0
9.3,971.0954726821849,550.93327318313,3.119247187094555,1,2,2,0
9.308333333333334,971.4999459616646,550.6840764700343,3.116662793389253,1,2,2,0
9.316666666666666,971.0710326397218,550.4329809571722,3.116087210027126,1,2,2,0
9.325,971.5185681234464,550.1492907078953,3.104454518132179,1,2,2,0
9.333333333333334,971.237797903322,550.6902897927079,3.098943844946442,1,2,2,0
9.341666666666667,971.6107012277249,550.3514629657527,3.141480453341308,1,2,2,0
9.35,971.9339088151492,551.3764075977562,3.137544390327394,1,2,2,0
9.358333333333333,971.8861829959922,550.8558812634398,3.1706689004434927,1,2,2,0
9.366666666666667,972.1305947514755,551.6474516283494,3.146583678846504,1,2,2,0
9.375,972.6134926544191,552.2196908552033,3.1716038836323315,1,2,2,0
9.383333333333333,972.7094338737614,552.0883115484918,3.1345858942176554,1,2,2,0
9.391666666666667,972.3705845538262,552.3361862400888,3.1230797286413257,1,2,2,0
9.4,972.3409085990629,553.2424253974531,3.1302547981681097,1,2,2,0
9.408333333333333,971.8766817320385,553.6824753927781,3.142505369505608,1,2,2,0
9.416666666666666,971.6869636982752,554.8536297137947,3.1401252283530163,1,2,2,0
9.425,971.0344642344825,554.416943540041,3.109197471408335,1,2,2,0
9.433333333333334,970.3899854034704,554.4727581647181,3.1230703892917475,1,2,2,0
9.441666666666666,970.198819906651,554.0248816778052,3.103240992056772,1,2,2,0
9.45,970.6866224793498,554.4746580443084,3.155497708406902,1,2,2,0
9.458333333333334,970.3247024885027,554.6243410551183,3.1419428617505982,1,2,2,0
9.466666666666667,970.7290107802868,554.931040124478,3.1051592720675805,1,2,2,0
9.475,971.2458858935945,555.0133709420388,3.148038494621271,1,2,2,0
9.483333333333333,971.7215673927725,554.4527990722258,3.13658572856216,1,2,2,0
9.491666666666667,972.0588978690112,555.1977692341097,3.1360080639773167,1,2,2,0
9.5,972.9829643243617,555.8632453993251,3.130905728765897,1,2,2,0
9.508333333333333,972.6021511053953,556.0217548598537,3.1563109258207356,1,2,2,0
9.516666666666667,971.9756519417843,556.4155566663612,3.13660851037466,1,2,2,0
9.525,972.0430179148341,555.9076531187148,3.160103364485022,1,2,2,0
9.533333333333333,971.8802211827397,556.2313818958626,3.11745304100374,1,2,2,0
9.541666666666666,971.808124677759,556.7743078446199,3.1679186310375167,1,2,2,0
9.55,971.1705082332711,556.5263148762066,3.1320595270988516,1,2,2,0
9.558333333333334,971.8087155304604,555.8801660325704,3.136331879591081,1,2,2,0
9.566666666666666,971.462404595732,555.3480523025918,3.1543844070067677,1,2,2,0
9.575,971.2752418927521,555.2173802227626,3.140543182638758,1,2,2,0
9.583333333333334,971.2574334565453,555.4527478147937,3.1110354291073863,1,2,2,0
9.591666666666667,971.6368557129916,555.572606260777,3.1470995047710275,1,2,2,0
9.6,971.9163687386751,554.6973217892329,3.1812862579605223,1,2,2,0
9.608333333333333,972.2417255545876,554.4052280271989,3.1521670991988993,1,2,2,0
9.616666666666667,972.2160907582062,554.3024972018743,3.1592019993823457,1,2,2,0
9.625,972.8978522103303,554.4853189628822,3.1926044617362184,1,2,2,0
9.633333333333333,446.71705539537743,764.8877975380612,3.14554160415933,1,2,2,0
9.641666666666667,447.26935394311397,764.3743453121162,3.1418255025892186,1,2,2,0
9.65,973.8213577478942,552.7831294240419,3.1651931191163563,1,2,2,0
9.658333333333333,973.7889137102886,552.3356479525575,3.152584411954017,1,2,2,0
9.666666666666666,974.7184933301141,552.159122496258,3.1419401067656905,1,2,2,0
9.675,975.1994564087598,552.6079606631725,3.138601898985991,1,2,2,0
9.683333333333334,975.9556308291754,552.8857151507876,3.164578693329175,1,2,2,0
9.691666666666666,976.5106589849171,552.979915386248,3.1659913829463275,1,2,2,0
9.7,976.2191502016778,553.0833746287202,3.170576818400977,1,2,2,0
9.708333333333334,977.2807351448198,554.134310729225,3.1876673825556083,1,2,2,0
9.716666666666667,977.12474885292,554.4735193395697,3.187699795119784,1,2,2,0
9.725,977.3085808585907,553.9610177981481,3.1853213400774494,1,2,2,0
9.733333333333333,976.4917815627736,553.9988611080231,3.1472207525344915,1,2,2,0
9.741666666666667,976.2231520622364,553.9277100143863,3.1759545801603104,1,2,2,0
9.75,976.3237114032831,553.911692374911,3.143154545488424,1,2,2,0
9.758333333333333,975.9734650527469,554.4268251203401,3.1316572075553943,1,2,2,0
9.766666666666667,976.1100679627839,554.1618955612798,3.1667483740071205,1,2,2,0
9.775,976.4109543093498,554.9249072295962,3.185977021737793,1,2,2,0
9.783333333333333,976.4371830124999,555.006897895689,3.179229081635278,1,2,2,0
9.791666666666666,977.2634031866274,554.689432184788,3.174158721775997,1,2,2,0
9.8,977.3105508899545,554.6177733998545,3.2051193528984383,1,2,2,0
9.808333333333334,977.4174932599606,554.9112338358449,3.1754548577143464,1,2,2,0
9.816666666666666,976.6694847005272,555.5341463936053,3.162652697647008,1,2,2,0
9.825,976.9655248346173,556.114511561425,3.1716627586001658,1,2,2,0
9.833333333333334,977.2103245481968,555.8447867125415,3.1510682215569124,1,2,2,0
9.841666666666667,978.0373522789586,556.4188533252227,3.19211149586212,1,2,2,0
9.85,977.4140830897566,555.9248236644243,3.1781929192650136,1,2,2,0
9.858333333333333,977.35976698071,556.0499147824953,3.168772563379999,1,2,2,0
9.866666666666667,977.0318805837973,555.4615088872944,3.163688891478908,1,2,2,0
9.875,977.3404474221977,555.9642866797701,3.1606101654437304,1,2,2,0
9.883333333333333,977.3449635174355,555.8458132505655,3.1661951073069727,1,2,2,0
9.891666666666667,976.4368748081689,556.0330348710711,3.1953711943570045,1,2,2,0
9.9,976.4626922095649,556.5814970201751,3.1375764692217474,1,2,2,0
9.908333333333333,976.5308562075128,556.9774126703006,3.2185202295137825,1,2,2,0
9.916666666666666,977.8263454197867,556.3521596306779,3.1991184896193654,1,2,2,0
9.925,976.4409955490963,556.8717989860663,3.186354687689742,1,2,2,0
9.933333333333334,977.1171145361628,556.5927916712939,3.2067136791802717,1,2,2,0
9.941666666666666,977.9083428625685,556.8122707442074,3.184779927109568,1,2,2,0
9.95,978.0411719067465,556.6089794395581,3.2049823082922915,1,2,2,0
9.958333333333334,977.4964027974804,556.6932678020927,3.2272450294648136,1,2,2,0
9.966666666666667,976.9161346843816,557.8515263263254,3.1879832190299657,1,2,2,0
9.975,977.7855629920895,558.5810631239622,3.195453254472478,1,2,2,0
9.983333333333333,977.7460143321597,558.5136756993486,3.160229682879074,1,2,2,0
9.991666666666667,978.1000948119923,557.6738935892041,3.1734244566117242,1,2,2,0
10.0,978.313672402347,557.9374776682083,3.184877234783748,1,2,2,0
10.008333333333333,979.0071658518855,557.6586866888694,3.202107355612165,1,2,2,0
10.016666666666667,979.4759258602479,558.1103475500836,3.243491996928188,1,2,2,0
10.025,979.5883168284375,558.2074671729712,3.1968220072446383,1,2,2,0
10.033333333333333,978.9323953713354,558.4340713377857,3.189544041060272,1,2,2,0
10.041666666666666,979.6417727385815,557.9322758799184,3.2290043329057623,1,2,2,0
10.05,979.3892602227005,558.2942712490337,3.2134739012405817,1,2,2,0
10.058333333333334,978.4990103596733,558.043636651402,3.218262288995018,1,2,2,0
10.066666666666666,978.0634633288407,557.2770311987971,3.229076305306322,1,2,2,0
10.075,977.7707430513204,557.1750836583062,3.1965860202701193,1,2,2,0
10.083333333333334,978.5546013420794,556.7984907654447,3.195762242690864,1,2,2,0
10.091666666666667,978.0077711592704,556.7718538196018,3.243461409960831,1,2,2,0
10.1,978.9225072262439,557.5301767240579,3.238148446375521,1,2,2,0
10.108333333333333,979.3867901497591,557.318385116752,3.22186018661849,1,2,2,0
10.116666666666667,978.8879028509041,557.8146191582631,3.1958047627290753,1,2,2,0
10.125,978.7419112982494,557.4593258512199,3.22633590007887,1,2,2,0
10.133333333333333,978.5606580143657,559.0208842151611,3.219931192882438,1,2,2,0
10.141666666666667,978.445184004618,559.0593407987814,3.211799539515229,1,2,2,0
10.15,978.8315792636998,558.218559359602,3.1991197337288853,1,2,2,0
10.158333333333333,979.1272913939083,557.9260711858873,3.184824349895104,1,2,2,0
10.166666666666666,978.512375188173,557.6262676454974,3.231416900610876,1,2,2,0
10.175,978.4738272400378,557.3499227020042,3.218357550993481,1,2,2,0
10.183333333333334,978.8122517832652,557.5142108249664,3.2320805163237125,1,2,2,0
10.191666666666666,978.657905605712,557.5189670454222,3.234512792812786,1,2,2,0
10.2,978.4972951625218,557.8247781775968,3.2220669123873327,1,2,2,0
10.208333333333334,978.0972182401475,558.385843769468,3.2347854467315416,1,2,2,0
10.216666666666667,978.3249098754056,558.2835024894113,3.2496790412998635,1,2,2,0
10.225,978.6009668363167,558.536337603334,3.2279522393580447,1,2,2,0
10.233333333333333,979.7835004361173,558.5549841120556,3.2200043425177247,1,2,2,0
10.241666666666667,980.3725067205621,558.0028749667664,3.2176042621121517,1,2,2,0
10.25,980.326151009684,558.1099661714911,3.2226299597165458,1,2,2,0
10.258333333333333,980.4264867605146,557.6127002084688,3.2488565549167085,1,2,2,0
10.266666666666667,615.901770692492,491.8120077781789,3.2111426339846507,1,2,2,0
10.275,616.2866718757908,491.3717257704385,3.241896108981159,1,2,2,0
10.283333333333333,980.7550543433522,557.5716091087705,3.224408362148104,1,2,2,0
10.291666666666666,980.4633368735613,558.0567092323405,3.2709093782508836,1,2,2,0
10.3,980.2726012304388,558.2706263614945,3.23899481301943,1,2,2,0
10.308333333333334,979.8824500624642,558.3317806039436,3.261379784147684,1,2,2,0
10.316666666666666,979.9481343754902,559.0479976070937,3.220279179542326,1,2,2,0
10.325,979.4490808352152,557.7730357198642,3.2521891960497347,1,2,2,0
10.333333333333334,978.6265548806382,557.18798324945,3.249112465778704,1,2,2,0
10.341666666666667,978.4576708869065,557.5334582299539,3.237438885958969,1,2,2,0
10.35,978.412917783777,557.6555967792237,3.2329828814839217,1,2,2,0
10.358333333333333,978.3070971088481,557.4043025890699,3.25347883777538,1,2,2,0
10.366666666666667,977.2377079664639,557.9235428344783,3.238943918430192,1,2,2,0
10.375,977.3983162706023,557.4455887037384,3.2482182395180774,1,2,2,0
10.383333333333333,977.112193426325,557.1956254289805,3.2353545116940894,1,2,2,0
10.391666666666667,976.7788646733719,557.3738931014152,3.2917722590105956,1,2,2,0
10.4,977.1376246940007,556.7349202097598,3.300229968899623,1,2,2,0
10.408333333333333,977.8367244803272,556.3895532884578,3.255636915376934,1,2,2,0
10.416666666666666,978.0682318669848,556.200672688355,3.284284330106389,1,2,2,0
10.425,978.1658051777931,555.97097781949,3.2316298080302044,1,2,2,0
10.433333333333334,978.6282573020061,555.1858170560527,3.250246779652576,1,2,2,0
10.441666666666666,978.328785500584,554.3951209768093,3.2619910529056195,1,2,2,0
10.45,978.5481050053143,554.6556386674181,3.2801692811250636,1,2,2,0
10.458333333333334,978.7396788522123,556.0317609582805,3.2611968464436885,1,2,2,0
10.466666666666667,979.4556631506458,556.3260559106014,3.255804982618161,1,2,2,0
10.475,979.1158207096261,556.1888659562738,3.269069941197441,1,2,2,0
10.483333333333333,978.6707868219748,556.0201000621091,3.2531836557123013,1,2,2,0
10.491666666666667,979.4839204522015,556.5128015866234,3.2211094031418934,1,2,2,0
10.5,979.077643777535,555.9152835121862,3.2859871396889235,1,2,2,0
10.508333333333333,978.9796982084436,556.1204700306465,3.2559706925708727,1,2,2,0
10.516666666666667,977.8402292798077,556.0303584647216,3.2355123458395343,1,2,2,0
10.525,977.8065784578619,556.1921210170003,3.2592144308899362,1,2,2,0
10.533333333333333,977.0897039916096,556.9543306330381,3.246076725748291,1,2,2,0
10.541666666666666,977.0621677101224,557.1600783884221,3.272218134943428,1,2,2,0
10.55,977.4175789353275,556.6584028783491,3.287049229352462,1,2,2,0
10.558333333333334,977.0182251061307,556.5525312689513,3.2669484921537486,1,2,2,0
10.566666666666666,977.6191172067912,555.764785236665,3.2906346991689337,1,2,2,0
10.575,977.705149680115,554.6349568538872,3.297930431309226,1,2,2,0
10.583333333333334,977.2865395012728,554.2159711602078,3.249242006844911,1,2,2,0
10.591666666666667,978.6117554441107,554.2674731474664,3.2647429143324116,1,2,2,0
10.6,979.1193802666774,553.6215908262708,3.2273574844952115,1,2,2,0
10.608333333333333,979.3200964641763,553.871557421582,3.272834507888342,1,2,2,0
10.616666666666667,979.5379573093804,553.5933301340207,3.2722702405593593,1,2,2,0
10.625,980.1139510456713,553.368506409443,3.29358677497923,1,2,2,0
10.633333333333333,980.3477107818607,552.9467381086021,3.2787469782706697,1,2,2,0
10.641666666666667,981.0297966262834,551.9683071276294,3.25228362248038,1,2,2,0
10.65,981.4605241874314,551.6995202526779,3.279378062785587,1,2,2,0
10.658333333333333,981.4784040349361,551.58482943154,3.256263042894077,1,2,2,0
10.666666666666666,981.4271225672987,551.0082646694149,3.27348016315279,1,2,2,0
10.675,981.1254796760301,550.4644589177475,3.2887245077918035,1,2,2,0
10.683333333333334,980.5742001367205,551.1041523351618,3.286202459301609,1,2,2,0
10.691666666666666,980.8346350456,550.4430992070828,3.2900333276854323,1,2,2,0
10.7,980.125925626736,550.7607074201178,3.280456382817582,1,2,2,0
10.708333333333334,979.5876677054478,549.8954124783812,3.3047269180838863,1,2,2,0
10.716666666666667,980.7935447082591,549.4439057024633,3.3063483211464817,1,2,2,0
10.725,980.8231779283223,549.4532750716317,3.253488150591624,1,2,2,0
10.733333333333333,979.7390751102638,549.5161125207837,3.293081126922355,1,2,2,0
10.741666666666667,979.9671318938944,549.1302281454338,3.2866425583732926,1,2,2,0
10.75,979.9929644737423,549.8144415872565,3.3058672720824984,1,2,2,0
10.758333333333333,979.8064181422253,548.934735662352,3.2781977297039644,1,2,2,0
10.766666666666667,979.8987128797135,548.6323563003833,3.310002467545573,1,2,2,0
10.775,1122.8793211752977,325.2253174906609,3.2950208339560083,1,2,2,0
10.783333333333333,1122.1996053003315,325.5449823005557,3.305660205914965,1,2,2,0
10.791666666666666,979.6776371298238,548.7271362417089,3.3140518529055396,1,2,2,0
10.8,979.7309200025302,548.888882697928,3.249200073780936,1,2,2,0
10.808333333333334,979.8496064411538,548.7402073074652,3.2893928555111573,1,2,2,0
10.816666666666666,979.4423403080533,548.373949632839,3.2951315619376444,1,2,2,0
10.825,978.3336009638961,547.7747716558348,3.301049996930666,1,2,2,0
10.833333333333334,978.2120856886528,546.4536013688655,3.3160972245913634,1,2,2,0
10.841666666666667,977.7056814056957,546.2694034376589,3.2621935670128566,1,2,2,0
10.85,977.2618858821997,546.1497870976588,3.3095041251047688,1,2,2,0
10.858333333333333,976.6414224551511,546.3016166350352,3.305282482487641,1,2,2,0
10.866666666666667,976.058881763473,546.7800699592204,3.3105681813459498,1,2,2,0
10.875,975.6961587113898,547.0210536406407,3.3163656013224645,1,2,2,0
10.883333333333333,976.5384477062426,547.4313174350038,3.334231775615945,1,2,2,0
10.891666666666667,976.6049202168565,547.2777384196283,3.3238309155066346,1,2,2,0
10.9,976.652842369793,546.731746516728,3.347351555058,1,2,2,0
10.908333333333333,976.9991106914575,546.518237018941,3.318168622496677,1,2,2,0
10.916666666666666,977.1110362172157,546.8666609025933,3.3016645283439088,1,2,2,0
10.925,976.9228218701351,546.6032324768623,3.3163700025623215,1,2,2,0
10.933333333333334,976.8164910515649,546.1263988661915,3.330226883253631,1,2,2,0
10.941666666666666,977.5901028987537,546.4207989427748,3.338594099392474,1,2,2,0
10.95,977.8491834985557,546.9955042554093,3.351613740549958,1,2,2,0
10.958333333333334,978.184319833928,546.4849189545108,3.3543271942469906,1,2,2,0
10.966666666666667,978.4003791406058,545.7238941805518,3.3340935872606647,1,2,2,0
10.975,978.5569339092481,546.0994134743016,3.3817802852190804,1,2,2,0
10.983333333333333,978.7625475518792,546.0495146572825,3.3590445880426247,1,2,2,0
10.991666666666667,978.3465588761094,546.2539521218348,3.3323157855454033,1,2,2,0
11.0,977.9524930095064,546.8531073688223,3.325165326901193,1,2,2,0
11.008333333333333,977.7428252297195,545.8997413340298,3.376544612872431,1,2,2,0
11.016666666666667,977.5210788923453,545.8942387527121,3.3113331018156256,1,2,2,0
11.025,977.0210932249029,545.4284340574821,3.358402187403213,1,2,2,0
11.033333333333333,976.2620096555936,545.0336495857335,3.352761631733284,1,2,2,0
11.041666666666666,976.687940151004,544.8076938429188,3.3325085926319433,1,2,2,0
11.05,976.5120995688361,544.2181207668793,3.352907997863775,1,2,2,0
11.058333333333334,976.4965016299795,544.1574511850212,3.3322523204564476,1,2,2,0
11.066666666666666,976.5801314870394,544.2191162160609,3.2877338135130225,1,2,2,0
11.075,976.2720549988555,544.7422702058817,3.33613444645431,1,2,2,0
11.083333333333334,976.4196190507085,544.4785503991675,3.3328336547663286,1,2,2,0
11.091666666666667,976.277800936721,544.3916758228885,3.3576939096683374,1,2,2,0
11.1,976.2388460132232,543.967613305779,3.299146940254909,1,2,2,0
11.108333333333333,976.7392993043081,544.4523098214916,3.306278339575337,1,2,2,0
11.116666666666667,976.5025727535947,544.2067325264587,3.3070793479680045,1,2,2,0
11.125,976.2272182630433,543.5707657922286,3.328157205014139,1,2,2,0
11.133333333333333,975.8334974108952,544.072781186732,3.322293852651893,1,2,2,0
11.141666666666667,974.5930701356722,543.8624972181278,3.3257053014669578,1,2,2,0
11.15,975.1295569586671,543.6086397475291,3.3036779693385485,1,2,2,0
11.158333333333333,975.5113628213122,543.6799792396446,3.3292433009636517,1,2,2,0
11.166666666666666,975.8781109730272,543.611215426904,3.300499986694358,1,2,2,0
11.175,976.6606470559883,543.7896893200841,3.3107496555793436,1,2,2,0
11.183333333333334,977.0857054664633,543.6429785792833,3.322044918675485,1,2,2,0
11.191666666666666,977.1643714828039,543.2047290151488,3.303608853450547,1,2,2,0
11.2,977.0231956254335,542.7098138649917,3.2797508110988773,1,2,2,0
11.208333333333334,976.9377143262648,542.6249450801017,3.310328154442838,1,2,2,0
11.216666666666667,977.732982621484,543.579347548547,3.2921120621151148,1,2,2,0
11.225,977.0977770621244,543.6854923901109,3.3245357292281223,1,2,2,0
11.233333333333333,976.9980347827698,544.1245237351956,3.2683826872951616,1,2,2,0
11.241666666666667,977.2156177835556,545.2174704325347,3.2928183437601204,1,2,2,0
11.25,976.9105018854282,545.4344540124248,3.316263452770405,1,2,2,0
11.258333333333333,976.5587645692013,545.5492450258566,3.324887081372692,1,2,2,0
11.266666666666667,976.7187791156308,545.5360903759918,3.306043871398195,1,2,2,0
11.275,976.5230047215607,545.4790483758217,3.2857008801407277,1,2,2,0
11.283333333333333,977.212256344782,545.3087132789756,3.3202669526677133,1,2,2,0
11.291666666666666,977.7767045230781,546.1739284043598,3.3042847554023838,1,2,2,0
11.3,977.8407345033067,546.7193425856019,3.2834145327432096,1,2,2,0
11.308333333333334,977.5287899914468,545.7939343262209,3.2835876807431505,1,2,2,0
11.316666666666666,977.8204669926373,545.1612789127101,3.2836420065002536,1,2,2,0
11.325,979.0769306852739,545.190503811275,3.320012229243969,1,2,2,0
11.333333333333334,978.3958531215684,544.6025691765245,3.294898623160888,1,2,2,0
11.341666666666667,978.0097820200579,544.1072801071692,3.295630060240901,1,2,2,0
11.35,978.0537231453158,544.5347169867334,3.30109537177255,1,2,2,0
11.358333333333333,977.6206265130267,544.7318627947072,3.2909562379434223,1,2,2,0
11.366666666666667,976.8715947123411,544.7829882950859,3.3154383142466886,1,2,2,0
11.375,977.2261165018849,545.123836034196,3.2918565964245907,1,2,2,0
11.383333333333333,977.1154583622609,545.024057414721,3.287989386219744,1,2,2,0
11.391666666666667,977.2852718248578,544.5049821657923,3.2681097350688475,1,2,2,0
11.4,977.1226545342477,544.0921111493532,3.335844819270313,1,2,2,0
11.408333333333333,976.4862053746137,543.0967862768732,3.3185617453426106,1,2,2,0
11.416666666666666,976.214546722058,543.1281299464815,3.302975990123651,1,2,2,0
11.425,975.6403801408248,543.8534197977043,3.2760839603080094,1,2,2,0
11.433333333333334,976.0967202791535,543.787442400821,3.2931219324596395,1,2,2,0
11.441666666666666,975.5736285301691,543.8173391985441,3.2978299667001485,1,2,2,0
11.45,975.4470138402351,543.2440444174389,3.3135554114444257,1,2,2,0
11.458333333333334,975.6640960094446,542.9615916489396,3.2880469909040384,1,2,2,0
11.466666666666667,976.2569618270055,543.17512506504,3.29269330810411,1,2,2,0
11.475,975.024821202013,543.980619010866,3.314937490148761,1,2,2,0
11.483333333333333,974.7362654378588,543.8352849007955,3.295062199201027,1,2,2,0
11.491666666666667,975.0092102623531,543.5255352783832,3.295425844393658,1,2,2,0
11.5,974.8758279812296,543.200841764759,3.2950874367943275,1,2,2,0
11.508333333333333,975.003793122353,542.5763006335278,3.284834733240558,1,2,2,0
11.516666666666667,975.0577238581889,542.8918670935057,3.2676566949335997,1,2,2,0
11.525,974.9035094357655,542.8158404948805,3.286644787530504,1,2,2,0
11.533333333333333,974.7252230690731,542.8117971262185,3.311946081326571,1,2,2,0
11.541666666666666,974.5761376828261,543.0313975878723,3.2973513337267,1,2,2,0
11.55,974.7932171230567,543.2044460289933,3.266805988635305,1,2,2,0
11.558333333333334,975.6911363511456,542.9240443280262,3.2954761424951036,1,2,2,0
11.566666666666666,975.6228614128959,542.7546337245587,3.3112258999811317,1,2,2,0
11.575,975.4170678500941,542.262725034896,3.298877289452982,1,2,2,0
11.583333333333334,975.3095766375263,541.4995357667531,3.3036899184288044,1,2,2,0
11.591666666666667,975.9018509964484,541.7492244715111,3.3237547482867225,1,2,2,0
11.6,976.1326983242777,541.2452475547385,3.3136378824261783,1,2,2,0
11.608333333333333,976.2159019916464,541.1749969674299,3.2620398284397303,1,2,2,0
11.616666666666667,975.6152599195177,540.6579544869224,3.306020943807211,1,2,2,0
11.625,974.7830990948607,540.7391016844173,3.2623411412993644,1,2,2,0
11.633333333333333,974.8497280602078,540.4721985744425,3.278275399319975,1,2,2,0
11.641666666666667,974.2518831225615,540.2900364026069,3.287160922747732,1,2,2,0
11.65,974.915987416662,540.3540177014047,3.2871853565254967,1,2,2,0
11.658333333333333,974.7022072364098,540.2105130284938,3.277002417016611,1,2,2,0
11.666666666666666,974.4612538305713,539.7478287771918,3.285867197889589,1,2,2,0
11.675,974.8538618122975,539.6137949391696,3.2756645725039966,1,2,2,0
11.683333333333334,974.8204418644451,539.8595188275484,3.3149414261886,1,2,2,0
11.691666666666666,974.8402198156108,539.9533134458643,3.281981983654731,1,2,2,0
11.7,974.8913849389643,540.236506037103,3.2893957703207612,1,2,2,0
11.708333333333334,975.0133061280521,540.5678684245644,3.2943126579314095,1,2,2,0
11.716666666666667,975.3306341980402,540.5889679231487,3.293522137505586,1,2,2,0
11.725,974.596699972065,540.0737363516886,3.2657763106626505,1,2,2,0
11.733333333333333,974.3423268029546,540.1148628511089,3.280085467672047,1,2,2,0
11.741666666666667,974.7779525760565,540.2276245486961,3.2880791763601995,1,2,2,0
11.75,974.1953812958586,540.1360306079558,3.264022503674038,1,2,2,0
11.758333333333333,974.3804948164968,539.9682968413898,3.27701363006434,1,2,2,0
11.766666666666667,974.233710516232,540.2265576678977,3.298676068819376,1,2,2,0
11.775,973.9572761128147,540.4878789469051,3.3002071555134425,1,2,2,0
11.783333333333333,973.7639544342961,539.7029841188042,3.310732593373292,1,2,2,0
11.791666666666666,973.6459091396617,539.7758086954241,3.2770344840691794,1,2,2,0
11.8,973.7263148127084,540.3126055702814,3.2942055567314714,1,2,2,0
11.808333333333334,973.7117642484278,541.1671360824938,3.2635913480437897,1,2,2,0
11.816666666666666,973.4797624452106,541.1853874104106,3.299759867631871,1,2,2,0
11.825,973.0854200307148,541.072735842135,3.2722934133273274,1,2,2,0
11.833333333333334,973.183914191988,541.4594865367565,3.2810259878948993,1,2,2,0
11.841666666666667,972.8681975106084,541.656047153239,3.279539720949444,1,2,2,0
11.85,973.4918489610546,541.5455222491629,3.3050898849735426,1,2,2,0
11.858333333333333,973.4628083990569,541.1638557286236,3.275852417165325,1,2,2,0
11.866666666666667,973.3117068156943,541.6006193860162,3.253150100437042,1,2,2,0
11.875,973.711797921892,541.7731117833214,3.241980892045403,1,2,2,0
11.883333333333333,973.328680087267,541.6497839058309,3.291049441914967,1,2,2,0
11.891666666666667,973.360116898934,541.2467437616195,3.266168878895836,1,2,2,0
11.9,973.5776920899594,541.5459800098844,3.273360982621522,1,2,2,0
11.908333333333333,973.2484496213528,540.506306205625,3.2738812838089135,1,2,2,0
11.916666666666666,972.4715587084654,540.3845469531303,3.2606014971071575,1,2,2,0
11.925,972.8706238732165,540.8522831179047,3.2379115629751105,1,2,2,0
11.933333333333334,973.1851175814721,540.9007809183657,3.266710553930852,1,2,2,0
11.941666666666666,973.1154804542805,540.8285405263034,3.2623707662488934,1,2,2,0
11.95,973.5181169486219,540.6203732170121,3.258239678885061,1,2,2,0
11.958333333333334,974.3403552846004,539.7360671544707,3.270549059492189,1,2,2,0
11.966666666666667,974.1507281401523,539.2367310309165,3.2793783752311327,1,2,2,0
11.975,973.7676835437275,539.7574773066843,3.2774767264762206,1,2,2,0
11.983333333333333,973.2350978597583,539.0468004318251,3.273326717332868,1,2,2,0
11.991666666666667,972.8474744404842,539.1790117564384,3.271389255978111,1,2,2,0
12.0,972.2216135928232,539.2299929469025,3.2233219388183127,1,2,2,0
12.008333333333333,972.7626663697782,539.1339644380882,3.2708663673624843,1,2,2,0
12.016666666666667,972.4123216690798,538.5168790896283,3.2039487216431946,1,2,2,0
12.025,972.74992602139,539.316456568715,3.263388354151297,1,2,2,0
12.033333333333333,972.408141696753,540.5455441856423,3.265026623770135,1,2,2,0
12.041666666666666,972.8872102732976,540.5496240234619,3.2507057218729365,1,2,2,0
12.05,,,,0,2,2,0
12.058333333333334,,,,0,2,2,0
12.066666666666666,,,,0,2,2,0
12.075,,,,0,2,2,0
12.083333333333334,,,,0,2,2,0
12.091666666666667,,,,0,2,2,0
12.1,,,,0,2,2,0
12.108333333333333,975.4143226772677,538.4139779523662,3.2357763375883875,1,2,2,0
12.116666666666667,974.9571677304392,538.8569325579741,3.244375035364758,1,2,2,0
12.125,974.9386894162526,538.5329878315089,3.232258571210711,1,2,2,0
12.133333333333333,975.482412453527,538.9411416658266,3.2274568277100375,1,2,2,0
12.141666666666667,975.0580129520436,539.4147095645372,3.2702357827172515,1,2,2,0
12.15,974.0599795654475,539.7530068520235,3.2167233817457888,1,2,2,0
12.158333333333333,973.9431040277773,540.2484773984504,3.275452328089778,1,2,2,0
12.166666666666666,973.8384999417359,540.6211516765665,3.2436538428484596,1,2,2,0
12.175,973.6998878251621,541.270046059432,3.2561198709550374,1,2,2,0
12.183333333333334,974.178070191421,541.7936562699508,3.272334459149338,1,2,2,0
12.191666666666666,974.1083984310889,542.0921175005136,3.2156588616304673,1,2,2,0
12.2,974.6334747589348,542.1981061605491,3.256387462816703,1,2,2,0
12.208333333333334,974.587999722075,541.9518522602367,3.2351961766030035,1,2,2,0
12.216666666666667,974.597374605297,541.5517447687625,3.2360344156910106,1,2,2,0
12.225,974.6757543913736,541.529500169077,3.2373401825400316,1,2,2,0
12.233333333333333,974.2446054356864,541.2827048190816,3.227410977318071,1,2,2,0
12.241666666666667,974.4150301111706,540.7490225322509,3.2382851889016635,1,2,2,0
12.25,974.6677806144686,541.2138728047152,3.216190467918371,1,2,2,0
12.258333333333333,974.990835696926,541.3001273490577,3.2313421161294613,1,2,2,0
12.266666666666667,975.0501256110317,542.0724825206036,3.252575827203921,1,2,2,0
12.275,975.2206159385998,541.2112552574491,3.215010443313256,1,2,2,0
12.283333333333333,975.0096472363605,540.9897761569166,3.2240616500882386,1,2,2,0
12.291666666666666,975.9746043405326,541.270401360268,3.2004103699855118,1,2,2,0
12.3,976.2772271502013,542.066331789644,3.251845377656063,1,2,2,0
12.308333333333334,976.9736700262939,541.6160119859439,3.2708009225513477,1,2,2,0
12.316666666666666,977.3130435934958,541.7272510180845,3.2233971854162338,1,2,2,0
12.325,978.3323722752874,542.6142977768657,3.271734159465372,1,2,2,0
12.333333333333334,978.3271247501975,542.6546827810563,3.249789158652787,1,2,2,0
12.341666666666667,978.4136932699711,543.1479308247549,3.1916305913453495,1,2,2,0
12.35,978.8830170159367,543.177605453137,3.233763804673855,1,2,2,0
12.358333333333333,979.0906788164723,543.3088745019982,3.2103196850872098,1,2,2,0
12.366666666666667,979.0191007583433,542.5578729942526,3.217496334933255,1,2,2,0
12.375,979.5106047131368,543.0459195532985,3.2184900218128547,1,2,2,0
12.383333333333333,979.0683310328152,542.5532629791762,3.241122529435721,1,2,2,0
12.391666666666667,978.8942516359153,542.84553488819,3.192751004529972,1,2,2,0
12.4,979.5482111218761,543.3346800907008,3.1930991529107056,1,2,2,0
12.408333333333333,978.3863025325422,543.2282972244394,3.2307095584562813,1,2,2,0
12.416666666666666,977.8626825811193,544.4332065932837,3.2053998769052443,1,2,2,0
12.425,978.5945765083839,543.8700641660502,3.175492534852697,1,2,2,0
12.433333333333334,978.2577992600874,543.6234803441728,3.2427715420968397,1,2,2,0
12.441666666666666,978.7952232268764,542.7898582235621,3.227659538992534,1,2,2,0
12.45,978.4997673611406,543.0159513710792,3.226970894397633,1,2,2,0
12.458333333333334,979.1690248461201,543.4407018673239,3.225014456967655,1,2,2,0
12.466666666666667,979.5009774674917,542.7286293486692,3.212493206992049,1,2,2,0
12.475,978.7391427724864,542.8488993207978,3.1941698405101415,1,2,2,0
12.483333333333333,978.7229583068327,543.1280005791718,3.182543816564669,1,2,2,0
12.491666666666667,978.8993394084973,542.5438919627734,3.211795970159928,1,2,2,0
12.5,977.9044416944739,542.8173934581005,3.171793244432353,1,2,2,0
12.508333333333333,978.2836656188099,543.0765869712296,3.2390477197268095,1,2,2,0
12.516666666666667,978.3726142780018,543.075206679292,3.2098148484079303,1,2,2,0
12.525,978.3899291868983,544.4981490193062,3.2098679137462893,1,2,2,0
12.533333333333333,978.6976853956002,544.13351046641,3.244341148998612,1,2,2,0
12.541666666666666,978.5173583342371,543.9558265466915,3.1945953958162727,1,2,2,0
12.55,979.1857242896202,544.0202854482376,3.192498105156687,1,2,2,0
12.558333333333334,979.0994562277732,543.9267904783268,3.158197749871312,1,2,2,0
12.566666666666666,979.5409250140235,544.7776860896266,3.1870200826036474,1,2,2,0
12.575,979.4455262758368,545.2876151658589,3.19083479111828,1,2,2,0
12.583333333333334,978.7445391892617,545.8181782278768,3.198604103669482,1,2,2,0
12.591666666666667,979.2898334920372,545.390628674978,3.1669813290356554,1,2,2,0
12.6,979.3841521659394,545.6323460154601,3.2214895103952936,1,2,2,0
12.608333333333333,979.5834421149339,545.0653389301366,3.1561798115714557,1,2,2,0
12.616666666666667,978.9528869526787,545.5326766429155,3.188611544269577,1,2,2,0
12.625,979.2563397277681,545.6567141232294,3.1689890959726346,1,2,2,0
12.633333333333333,979.8721452254631,545.8893122101064,3.1373927770500485,1,2,2,0
12.641666666666667,979.4820240810456,545.590076162068,3.2139246086018085,1,2,2,0
12.65,978.808787011611,545.6256790457527,3.1701188618281613,1,2,2,0
12.658333333333333,978.980011703547,545.7565123316767,3.1404275193891564,1,2,2,0
12.666666666666666,979.1033697857647,545.9358150271316,3.196234951258279,1,2,2,0
12.675,980.3436188828645,546.1855891574552,3.191717925948175,1,2,2,0
12.683333333333334,979.7542975111655,545.3866512354698,3.176602276791495,1,2,2,0
12.691666666666666,979.1624709995851,545.6590932329472,3.170083998690918,1,2,2,0
12.7,978.947976674811,545.8694969400785,3.169875937181894,1,2,2,0
12.708333333333334,978.5594143964415,546.3692836173349,3.1477069463220007,1,2,2,0
12.716666666666667,977.8876501387741,547.1666176805583,3.1858312353774045,1,2,2,0
12.725,977.669908497456,546.431597599435,3.185940136498452,1,2,2,0
12.733333333333333,976.9726210184856,546.5142152089595,3.203492935106542,1,2,2,0
12.741666666666667,976.346810226505,546.3820452829768,3.1684268610689985,1,2,2,0
12.75,976.1866024743308,545.1513213363644,3.1923123701445273,1,2,2,0
12.758333333333333,976.4919855289303,545.8031287882726,3.170033375883643,1,2,2,0
12.766666666666667,976.129187915257,545.4437220979189,3.197465961769166,1,2,2,0
12.775,976.1520824804918,545.519919978618,3.2089241080368365,1,2,2,0
12.783333333333333,976.3209248643221,545.1282491661158,3.18441621523047,1,2,2,0
12.791666666666666,976.828982380188,545.4111823974649,3.174261984762466,1,2,2,0
12.8,976.8145247070006,544.9572144572996,3.1480553920182013,1,2,2,0
12.808333333333334,976.416567638169,545.1547366061525,3.1955522590391623,1,2,2,0
12.816666666666666,975.6498174814321,546.0181954906046,3.1592760219109404,1,2,2,0
12.825,975.2040499786913,545.918277556097,3.1677243374261086,1,2,2,0
12.833333333333334,974.7548969391463,546.2799102873995,3.141927076793048,1,2,2,0
12.841666666666667,975.166332086085,546.571513268814,3.2156514343507476,1,2,2,0
12.85,975.5484383234171,546.172228498121,3.1327856993747085,1,2,2,0
12.858333333333333,975.9711069738689,545.8065101165157,3.1696006331521995,1,2,2,0
12.866666666666667,975.4806580132946,545.4043643893348,3.1245710561140023,1,2,2,0
12.875,975.6395300444412,545.9652176842337,3.1536273686485234,1,2,2,0
12.883333333333333,975.7077733452863,545.8776766583965,3.1679928870370184,1,2,2,0
12.891666666666667,975.7748189700974,545.9025775654175,3.154969832012082,1,2,2,0
12.9,975.6941895697973,546.191944177123,3.160586589616826,1,2,2,0
12.908333333333333,975.4529523246858,546.6974615390478,3.146627133879819,1,2,2,0
12.916666666666666,974.7665063615503,546.9551771265217,3.1223641259862505,1,2,2,0
12.925,975.5701316307707,547.1222050582686,3.1427168947652615,1,2,2,0
12.933333333333334,976.1690342665611,547.0997911879801,3.157232363263426,1,2,2,0
12.941666666666666,975.9129969730445,547.3033115896628,3.1183455560564113,1,2,2,0
12.95,974.9414110010933,547.3841776790405,3.130186683050335,1,2,2,0
12.958333333333334,975.169178436778,547.6482466911209,3.1532680505418647,1,2,2,0
12.966666666666667,974.7899872905355,547.4068121193856,3.1328285316078817,1,2,2,0
12.975,974.695150149493,547.2332333831135,3.161485892938965,1,2,2,0
12.983333333333333,974.3140569552096,546.3560882055879,3.151770999293289,1,2,2,0
12.991666666666667,974.2060514627378,546.0176587799921,3.151500330095578,1,2,2,0
13.0,974.4135006525232,545.028799597035,3.116381187300677,1,2,2,0
13.008333333333333,974.3426423865913,545.7091640365812,3.1332534215374066,1,2,2,0
13.016666666666667,974.5336600933953,545.598963215092,3.124947651129248,1,2,2,0
13.025,974.9812766238083,545.7016067578055,3.1470618934433334,1,2,2,0
13.033333333333333,975.4207173637122,546.7227366705532,3.1302371993704945,1,2,2,0
13.041666666666666,975.7664287480784,546.155341735143,3.145008715630444,1,2,2,0
13.05,975.227795469663,545.9583642092526,3.14427144324996,1,2,2,0
13.058333333333334,975.1234253118243,546.5809763785132,3.1763826476276322,1,2,2,0
13.066666666666666,975.0809986475857,547.6066118318224,3.1066087744336794,1,2,2,0
13.075,974.6292999056147,546.9039121653211,3.1193455725235917,1,2,2,0
13.083333333333334,975.1700212533648,547.6768066012683,3.1622695840603954,1,2,2,0
13.091666666666667,975.4408263519014,547.8972995896686,3.1235575258787986,1,2,2,0
13.1,975.3907434308102,548.7820999319423,3.1426232298172705,1,2,2,0
13.108333333333333,975.5969196535262,548.2877520699238,3.1229522961109106,1,2,2,0
13.116666666666667,975.4397853602363,548.3029585973469,3.1584396522584557,1,2,2,0
13.125,974.8602465653157,548.5901597190652,3.1283100326577005,1,2,2,0
13.133333333333333,974.4760829538787,548.065897530092,3.088256849877896,1,2,2,0
13.141666666666667,974.8547505430906,548.0317453741626,3.094380909527349,1,2,2,0
13.15,975.3141026409285,547.7541318119179,3.115248961082691,1,2,2,0
13.158333333333333,975.6958548521842,547.3268956896201,3.1305458912455957,1,2,2,0
13.166666666666666,976.6661941518253,547.3950413167203,3.1617987207460465,1,2,2,0
13.175,976.805888785449,547.966561532405,3.1440394868060317,1,2,2,0
13.183333333333334,976.646259903912,547.2061166289818,3.1293154528410136,1,2,2,0
13.191666666666666,976.4077713953252,546.0886222251521,3.095440898696621,1,2,2,0
13.2,976.7675068298049,545.4005838297119,3.17087930378624,1,2,2,0
13.208333333333334,976.8901902724994,545.434835650802,3.08976349521078,1,2,2,0
13.216666666666667,976.3640629813626,544.7009504452747,3.1025145889097185,1,2,2,0
13.225,976.6859159438139,545.1825931005998,3.0977168600029175,1,2,2,0
13.233333333333333,976.8700783558296,545.1940441420926,3.1086697681115902,1,2,2,0
13.241666666666667,977.105919877243,545.0762029817988,3.112898909706053,1,2,2,0
13.25,977.0286114177039,544.5806475545694,3.1111016569148764,1,2,2,0
13.258333333333333,977.1645806569471,544.686238581949,3.09057083902464,1,2,2,0
13.266666666666667,977.0462089080497,544.4193404064848,3.1447960314294603,1,2,2,0
13.275,975.9453001334862,544.9712500885973,3.1318755946049075,1,2,2,0
13.283333333333333,975.8354881126278,544.4487573376535,3.125924609804602,1,2,2,0
13.291666666666666,976.4296745512021,544.7674168390422,3.1095195245080993,1,2,2,0
13.3,976.3426859082111,545.2326085720812,3.162620986724411,1,2,2,0
13.308333333333334,976.353551572067,544.8292851452103,3.12141308684955,1,2,2,0
13.316666666666666,976.9363819526079,544.3668913998304,3.10785203194845,1,2,2,0
13.325,976.3963647994315,544.3179879573783,3.137817165033741,1,2,2,0
13.333333333333334,976.6898873083987,543.7665592939454,3.0724070398359564,1,2,2,0
13.341666666666667,977.4128255117879,543.560503766417,3.127393015000679,1,2,2,0
13.35,976.8580416125953,544.5381790059051,3.1351437312166435,1,2,2,0
13.358333333333333,976.902727137349,544.3997631755436,3.131116863576934,1,2,2,0
13.366666666666667,975.9849462064817,543.7883243659267,3.135159796402873,1,2,2,0
13.375,975.6093042546987,543.7014927022072,3.1221498111704262,1,2,2,0
13.383333333333333,975.5289000665442,544.0735039555881,3.132782703030081,1,2,2,0
13.391666666666667,975.7773614004691,543.7677241985018,3.10086535733342,1,2,2,0
13.4,975.8679493746033,544.492395182502,3.124147713906596,1,2,2,0
13.408333333333333,975.722119266428,544.3629090811161,3.1578994286131223,1,2,2,0
13.416666666666666,975.7884063646342,544.3351653305585,3.101684673618841,1,2,2,0
13.425,976.7705584105811,543.4684256042123,3.1059739160854347,1,2,2,0
13.433333333333334,976.4516142833967,543.0292599254277,3.1157563253339613,1,2,2,0
13.441666666666666,975.7577543963251,542.2585122076387,3.10655591011462,1,2,2,0
13.45,,,,0,2,2,0
13.458333333333334,,,,0,2,2,0
13.466666666666667,,,,0,2,2,0
13.475,,,,0,2,2,0
13.483333333333333,,,,0,2,2,0
13.491666666666667,,,,0,2,2,0
13.5,,,,0,2,2,0
13.508333333333333,,,,0,2,2,0
13.516666666666667,,,,0,2,2,0
13.525,,,,0,2,2,0
13.533333333333333,,,,0,2,2,0
13.541666666666666,,,,0,2,2,0
13.55,,,,0,2,2,0
13.558333333333334,,,,0,2,2,0
13.566666666666666,,,,0,2,2,0
13.575,974.0910065189661,541.0203940651954,3.102028351584073,1,2,2,0
13.583333333333334,973.8070642779655,541.3905269682994,3.114890250334088,1,2,2,0
13.591666666666667,972.3609969836136,541.2512470669504,3.0816367240511306,1,2,2,0
13.6,971.8792875168403,540.5478952693998,3.078424462165412,1,2,2,0
13.608333333333333,970.8003173482833,540.0934130097017,3.0873842953727406,1,2,2,0
13.616666666666667,971.1619243182624,539.6942757005979,3.110676267894015,1,2,2,0
13.625,970.829327820919,539.2105192417691,3.1440593441620344,1,2,2,0
13.633333333333333,970.9943824223947,538.5610755968428,3.1028706589799193,1,2,2,0
13.641666666666667,971.0677024661197,538.6866604758154,3.1018885414279547,1,2,2,0
13.65,971.7994957762393,537.8718564170194,3.111568356395528,1,2,2,0
13.658333333333333,971.8670072017803,538.2126170463112,3.1299690213382956,1,2,2,0
13.666666666666666,971.3732285313431,538.3335854283193,3.0649190277469747,1,2,2,0
13.675,970.1163872311164,538.3550211406385,3.0892160040276506,1,2,2,0
13.683333333333334,970.4583365507873,537.6199004720954,3.137092563415885,1,2,2,0
13.691666666666666,970.1175165296065,537.6537270171876,3.086005224599792,1,2,2,0
13.7,970.2127565567469,537.1591588758773,3.0977662045329417,1,2,2,0
13.708333333333334,969.8726882074626,536.7494083210952,3.1149264223858353,1,2,2,0
13.716666666666667,968.775735105397,536.5861695902461,3.0851867693677515,1,2,2,0
13.725,968.5068107721505,536.3474207057927,3.0892158341980056,1,2,2,0
13.733333333333333,968.8947761333034,537.310088250666,3.0780247921828505,1,2,2,0
13.741666666666667,968.2794901271923,536.3184284671185,3.1002255160119456,1,2,2,0
13.75,968.2542626253061,535.8108011538619,3.115593361981509,1,2,2,0
13.758333333333333,968.4527456596312,535.8154837712159,3.0757355408539744,1,2,2,0
13.766666666666667,968.2750892802911,535.0747935210422,3.0769511830331244,1,2,2,0
13.775,967.865656768465,534.9049283418184,3.1294988247772455,1,2,2,0
13.783333333333333,967.663237723219,534.8027301029911,3.1200994517287604,1,2,2,0
13.791666666666666,967.0455723903759,534.341736937606,3.0708021319778185,1,2,2,0
13.8,967.4701826346785,534.951057429911,3.0879446907262604,1,2,2,0
13.808333333333334,967.8919899338438,535.8719980573411,3.123956136037184,1,2,2,0
13.816666666666666,967.4069890194158,535.3379142281377,3.115513022478417,1,2,2,0
13.825,967.654939816284,535.1360168058312,3.089117139060513,1,2,2,0
13.833333333333334,967.672567685155,533.9849488571011,3.0940244987660184,1,2,2,0
13.841666666666667,966.9031744720319,534.3349186056972,3.083690924620608,1,2,2,0
13.85,967.2159612299755,534.3005854033814,3.096926002686874,1,2,2,0
13.858333333333333,966.1985122485534,533.6458881085238,3.1082407937024974,1,2,2,0
13.866666666666667,967.1309993117668,533.9619712876284,3.0853221827577166,1,2,2,0
13.875,967.5159907145987,535.0474930516026,3.1270904335330303,1,2,2,0
13.883333333333333,968.1778094853364,535.2434714745061,3.136256071748203,1,2,2,0
13.891666666666667,968.648760195829,535.5246763972671,3.057594227690931,1,2,2,0
13.9,968.8748578034047,535.9634486458283,3.10268619133723,1,2,2,0
13.908333333333333,968.8939878549085,536.443142694571,3.1039323775748295,1,2,2,0
13.916666666666666,968.4588250377537,535.8895476865531,3.0884571973033967,1,2,2,0
13.925,968.6081116343851,535.4981519047817,3.110303374629625,1,2,2,0
13.933333333333334,969.4345901360023,535.2136624283874,3.110991655362649,1,2,2,0
13.941666666666666,970.3070756705182,535.2531883471547,3.0878545345406025,1,2,2,0
13.95,970.958187421733,535.3220460431235,3.1109873445319254,1,2,2,0
13.958333333333334,970.8660195900987,535.8612307661792,3.1512912584885657,1,2,2,0
13.966666666666667,971.3365217745193,536.1514501429406,3.1236888565620395,1,2,2,0
13.975,971.809947914911,535.3417303943697,3.1345109812462586,1,2,2,0
13.983333333333333,972.1846567675246,535.6843150695372,3.099337835924001,1,2,2,0
13.991666666666667,971.9812691044636,535.9274984498486,3.100489512462206,1,2,2,0
14.0,970.7699250864038,536.0727460471697,3.1209560609130333,1,2,2,0
14.008333333333333,970.1335686005708,537.139608030622,3.1109421335052105,1,2,2,0
14.016666666666667,970.519604457226,536.7715697176786,3.0731384117043494,1,2,2,0
14.025,970.1109199112386,536.8208957103586,3.1009229121332127,1,2,2,0
14.033333333333333,970.7361150596023,537.0783285905387,3.1284386474494816,1,2,2,0
14.041666666666666,970.9091315129448,536.6970363327129,3.1333583733919537,1,2,2,0
14.05,972.0136447987021,536.9740180200918,3.1142002875935213,1,2,2,0
14.058333333333334,972.2101814057584,537.6401158599501,3.1411331620743654,1,2,2,0
14.066666666666666,971.9191619140319,538.1036170255848,3.127214105789094,1,2,2,0
14.075,972.2658153397792,538.8730013604152,3.1028400748664717,1,2,2,0
14.083333333333334,972.8806152095834,538.7987523627689,3.1168644092623925,1,2,2,0
14.091666666666667,972.7801279284856,538.2141602638434,3.0442885521124534,1,2,2,0
14.1,972.0789273742714,539.2467364906327,3.1085803403203136,1,2,2,0
14.108333333333333,971.2097382968673,539.3413064602231,3.111411320608317,1,2,2,0
14.116666666666667,972.3701804028298,539.3041063955118,3.112245283121529,1,2,2,0
14.125,971.5717532371916,540.0976888388542,3.1324225264830248,1,2,2,0
14.133333333333333,971.82009074093,539.6478748590706,3.112355643312951,1,2,2,0
14.141666666666667,971.7152852071822,539.1897350680014,3.113322855032905,1,2,2,0
14.15,971.7375729587998,539.2117180763222,3.100902420732893,1,2,2,0
14.158333333333333,972.2911707022877,538.7506611670593,3.1372216435387337,1,2,2,0
14.166666666666666,972.6860698710287,538.6324176449225,3.092654780396548,1,2,2,0
14.175,972.9415818806135,539.3357256804996,3.0992528228598046,1,2,2,0
14.183333333333334,973.3197189741192,540.5072053597188,3.137581659260876,1,2,2,0
14.191666666666666,974.6407884317348,540.5351475606348,3.134523390755649,1,2,2,0
14.2,974.598337562511,540.7798346348775,3.1068004814813457,1,2,2,0
14.208333333333334,974.408396462822,540.4097222984113,3.103914788061732,1,2,2,0
14.216666666666667,974.3825411059581,540.2724297212783,3.144549633669998,1,2,2,0
14.225,973.8260415293756,540.7328406126496,3.121629787696984,1,2,2,0
14.233333333333333,973.4785522598595,541.1923617884969,3.1084832472972126,1,2,2,0
14.241666666666667,972.5428072283639,541.1660789620614,3.1331032816535243,1,2,2,0
14.25,973.5364201469433,541.3338982346718,3.1520809134818046,1,2,2,0
14.258333333333333,973.6360256602613,541.9570828533534,3.128472538256702,1,2,2,0
14.266666666666667,973.4110302067547,540.9903011765512,3.121065868471588,1,2,2,0
14.275,973.8808386109528,540.8227548809076,3.1460783136955093,1,2,2,0
14.283333333333333,973.2936094327282,540.9746674627047,3.1075335564759254,1,2,2,0
14.291666666666666,973.4433372574483,541.3488135244198,3.1317034709313325,1,2,2,0
14.3,974.1409693944253,541.052004192185,3.109505967765003,1,2,2,0
14.308333333333334,974.1714365816855,540.1733315869891,3.104106122292082,1,2,2,0
14.316666666666666,973.2646514940102,540.1870099181945,3.0997417775718272,1,2,2,0
14.325,973.1814091683729,539.5717155156667,3.1769308888471226,1,2,2,0
14.333333333333334,649.178445474481,544.0454778615767,3.1319695910809755,1,2,2,0
14.341666666666667,649.4217299931954,544.4942171976629,3.148281193627695,1,2,2,0
14.35,974.4666175773516,538.7819614290473,3.107826856857931,1,2,2,0
14.358333333333333,974.5409402621859,538.6935778027,3.105411647634833,1,2,2,0
14.366666666666667,974.0395790042475,538.2076880117518,3.125358714683419,1,2,2,0
14.375,974.3678746904221,538.6653693652769,3.1954249315305523,1,2,2,0
14.383333333333333,973.6845589068339,538.815900162802,3.1258277845637767,1,2,2,0
14.391666666666667,973.9370953131697,537.9707867739546,3.115984782625989,1,2,2,0
14.4,973.3376446059858,537.5512854168242,3.150173380369429,1,2,2,0
14.408333333333333,973.2043355637807,537.3855081376563,3.1359788905952364,1,2,2,0
14.416666666666666,972.7232054274994,538.1672662018864,3.114518448537796,1,2,2,0
14.425,972.6994610319493,538.6054150744375,3.1540469554943553,1,2,2,0
14.433333333333334,971.6913361215126,539.3149527892614,3.103229574203354,1,2,2,0
14.441666666666666,971.1780955278916,540.3938130288241,3.12766429652464,1,2,2,0
14.45,971.5483894318247,539.9658508865941,3.1283469446305605,1,2,2,0
14.458333333333334,972.149705682812,540.8947931779034,3.15345709409338,1,2,2,0
14.466666666666667,972.5544041950383,540.3220577748573,3.1419212590960424,1,2,2,0
14.475,971.7617387962979,539.7925343741789,3.1491079823531347,1,2,2,0
14.483333333333333,971.592420147487,539.6783762810711,3.146067170541568,1,2,2,0
14.491666666666667,972.2121252351532,539.9818603344045,3.141346487563818,1,2,2,0
14.5,972.8137675910109,540.1642867709481,3.1504902079260737,1,2,2,0
14.508333333333333,972.948987888803,540.2360165710526,3.1448154041388365,1,2,2,0
14.516666666666667,972.6229801421158,540.686975959925,3.165749119010258,1,2,2,0
14.525,972.0487322447287,541.6066821450357,3.1732372362691432,1,2,2,0
14.533333333333333,972.6189909142563,541.9898821874525,3.112845282469789,1,2,2,0
14.541666666666666,972.9102152661461,541.6132989097673,3.1319293378422035,1,2,2,0
14.55,972.5093052288095,541.8387562775004,3.1477749307205194,1,2,2,0
14.558333333333334,971.8052114251352,542.4097188207782,3.153600179657653,1,2,2,0
14.566666666666666,971.8966795775722,542.2817737266486,3.1509319667939346,1,2,2,0
14.575,972.5051603466169,541.8181078079227,3.1679538726417005,1,2,2,0
14.583333333333334,972.4306200716885,541.8940679845848,3.1403310537749602,1,2,2,0
14.591666666666667,971.9285938523872,541.7203492065048,3.170563290042268,1,2,2,0
14.6,973.0047346936077,540.78888186151,3.2018187780278016,1,2,2,0
14.608333333333333,972.5269886863092,541.200773855502,3.197212389794401,1,2,2,0
14.616666666666667,972.982011565459,541.6281234867787,3.1225721597708715,1,2,2,0
14.625,972.908970720938,541.5058098480264,3.1544249278098433,1,2,2,0
14.633333333333333,972.5150753634782,541.2415756381304,3.142701730879266,1,2,2,0
14.641666666666667,972.561602138734,541.1749033526095,3.115987100329986,1,2,2,0
14.65,972.1331198480806,541.0094391278373,3.1662153117238345,1,2,2,0
14.658333333333333,971.7528508538261,540.0989275618288,3.136657380182877,1,2,2,0
14.666666666666666,971.9646077106183,540.1766745856411,3.1522953958157776,1,2,2,0
14.675,971.920461964976,540.1998050080051,3.2129080854964243,1,2,2,0
14.683333333333334,972.2516408351221,540.0938159755206,3.1718381542931326,1,2,2,0
14.691666666666666,972.4489767958642,540.0181040092293,3.137793300258519,1,2,2,0
14.7,973.2686968341172,539.8583411265287,3.1666005831190707,1,2,2,0
14.708333333333334,972.891683717593,539.9613478552168,3.1831791041912223,1,2,2,0
14.716666666666667,972.8859784813959,539.5246674003364,3.1559176527554196,1,2,2,0
14.725,973.6099905715307,539.6201155405727,3.163491662286863,1,2,2,0
14.733333333333333,974.1902215342711,539.8593284411127,3.180623371973801,1,2,2,0
14.741666666666667,974.4381462847615,539.8544788133985,3.143482514917938,1,2,2,0
14.75,975.4922481890861,540.5818617692036,3.1896494503831834,1,2,2,0
14.758333333333333,974.7394606513868,540.1829110975269,3.179460439626384,1,2,2,0
14.766666666666667,974.5424731316177,539.8258223272882,3.1912938441044663,1,2,2,0
14.775,974.175727752726,539.7051129776953,3.172065521988775,1,2,2,0
14.783333333333333,974.7441491046745,540.6118236700345,3.147604165601784,1,2,2,0
14.791666666666666,974.7703482100559,540.1773954018985,3.1993726351197598,1,2,2,0
14.8,974.4112265968071,540.2662135743635,3.1995212582189794,1,2,2,0
14.808333333333334,974.4728137770859,540.3732352370365,3.1997373824632094,1,2,2,0
14.816666666666666,974.4268510541817,540.6771402537523,3.169092160190403,1,2,2,0
14.825,973.6469945528842,541.4595027852545,3.179540646177183,1,2,2,0
14.833333333333334,973.7348071905495,541.8394810253682,3.1996170524249448,1,2,2,0
14.841666666666667,974.262575251365,541.5151681499875,3.1936582888814367,1,2,2,0
14.85,974.5023631624233,541.2082381466613,3.1362294049772172,1,2,2,0
14.858333333333333,974.4402829831154,540.5124893838284,3.1531925249832873,1,2,2,0
14.866666666666667,973.3731903688271,541.1152667109972,3.2006415522327796,1,2,2,0
14.875,974.2366264954447,541.5964571128586,3.1705858611959363,1,2,2,0
14.883333333333333,974.3760331298515,541.4551487703959,3.205551966438782,1,2,2,0
14.891666666666667,974.8382910125871,542.0141565511793,3.1733428416873037,1,2,2,0
14.9,975.0495390259215,542.1893992533279,3.1704720924480725,1,2,2,0
14.908333333333333,974.557708266526,541.9511599475126,3.177745912560554,1,2,2,0
14.916666666666666,975.2779865200051,542.1725333797123,3.1941209133043067,1,2,2,0
14.925,974.715826019475,541.4467491114715,3.170791831164332,1,2,2,0
14.933333333333334,973.7916138357189,541.5339315414299,3.1716533785019694,1,2,2,0
14.941666666666666,973.8028328506814,542.8118074157009,3.2142344418555573,1,2,2,0
14.95,973.6081977905664,542.5131377734573,3.200075542396711,1,2,2,0
14.958333333333334,974.0424722523766,542.5292628561136,3.200815926958075,1,2,2,0
14.966666666666667,974.2438489008055,541.9436533692243,3.222736192900931,1,2,2,0
14.975,974.2524755764302,542.4479315414638,3.2109762999192553,1,2,2,0
14.983333333333333,974.6681703501979,542.9429970906766,3.1910268092773273,1,2,2,0
14.991666666666667,975.0514958513052,542.0077068380457,3.192560552694449,1,2,2,0
15.0,975.4056737070422,542.634998424873,3.2098442804958403,1,2,2,0
15.008333333333333,975.2179832499517,542.8955467726313,3.2297218451996854,1,2,2,0
15.016666666666667,974.7255522948619,543.217272683946,3.2370069567105504,1,2,2,0
15.025,974.2655649539593,542.8987597028558,3.203424912736203,1,2,2,0
15.033333333333333,973.5097115341254,543.1557042507159,3.1750533718776186,1,2,2,0
15.041666666666666,972.9435022112624,542.3505180299354,3.1597733728829214,1,2,2,0
15.05,972.994155844787,542.718823595273,3.202323876985231,1,2,2,0
15.058333333333334,973.0789130852951,543.1011736094069,3.1890880889798763,1,2,2,0
15.066666666666666,973.18844293928,543.3349800881683,3.191656420917808,1,2,2,0
15.075,972.0227503656924,543.661306962042,3.213309266742129,1,2,2,0
15.083333333333334,970.9537900059144,543.7778686665455,3.1881899210354896,1,2,2,0
15.091666666666667,970.7981463259375,544.4108112231233,3.2282309360393318,1,2,2,0
15.1,970.524606053579,544.3344866068476,3.252446849689613,1,2,2,0
15.108333333333333,969.9300786085913,543.9199120995802,3.216870138706489,1,2,2,0
15.116666666666667,969.8777554920119,543.6990034408149,3.217000541346432,1,2,2,0
15.125,968.9900360742657,543.2850398415945,3.2051869519267733,1,2,2,0
15.133333333333333,968.4674017305285,543.6840183935759,3.211165210867347,1,2,2,0
15.141666666666667,968.8033920578529,543.372539580176,3.1822393375439937,1,2,2,0
15.15,969.2078313448134,543.6440038303361,3.203732635791959,1,2,2,0
15.158333333333333,968.7671488616174,544.7292498775809,3.2336897255278343,1,2,2,0
15.166666666666666,969.299347294479,544.1487856007843,3.1946522498962526,1,2,2,0
15.175,969.7422457749174,543.8101966901345,3.240670381986978,1,2,2,0
15.183333333333334,970.047860629922,544.4714051578741,3.2424654914130944,1,2,2,0
15.191666666666666,429.8474892137285,876.3127358283172,3.275924010530976,1,2,2,0
15.2,429.6201094037551,875.533202360714,3.239297400855976,1,2,2,0
15.208333333333334,969.5670084922328,543.9199477564698,3.2020117589842485,1,2,2,0
15.216666666666667,968.9706411923368,543.5566752796659,3.228186955865317,1,2,2,0
15.225,969.263744222468,544.1603474295326,3.2030516575409425,1,2,2,0
15.233333333333333,968.9005323462588,543.6277506921637,3.2256883132200187,1,2,2,0
15.241666666666667,968.9993264496854,543.5818957035926,3.2417919639976738,1,2,2,0
15.25,968.7536238951371,542.9647911155962,3.2416298358302913,1,2,2,0
15.258333333333333,968.8236442360243,543.6223971298264,3.2360294825323015,1,2,2,0
15.266666666666667,969.0487077416137,544.0209309091397,3.2373448665784137,1,2,2,0
15.275,968.953736459471,543.274050420225,3.2369852598648183,1,2,2,0
15.283333333333333,969.5922442461203,542.866242542543,3.2366531397242966,1,2,2,0
15.291666666666666,968.7668918322657,543.0112921341629,3.2649603735782033,1,2,2,0
15.3,969.1568375276103,543.6567027762636,3.2359915793351797,1,2,2,0
15.308333333333334,968.9183944663324,544.0907251253298,3.240942467483247,1,2,2,0
15.316666666666666,968.7806431712852,543.9144744223705,3.2483367643645726,1,2,2,0
15.325,968.3081153481481,544.4948584702887,3.229832745823288,1,2,2,0
15.333333333333334,967.4505796442057,543.7164232184803,3.2657273847957247,1,2,2,0
15.341666666666667,966.7096985640426,543.6498760505143,3.233770383033679,1,2,2,0
15.35,966.4317632341731,543.6204297382942,3.2693528525534976,1,2,2,0
15.358333333333333,966.1840439472012,543.8806500085145,3.2413625695014305,1,2,2,0
15.366666666666667,966.117703813829,543.4338861399448,3.224278152559507,1,2,2,0
15.375,966.174290676456,542.9817193689537,3.225793762213974,1,2,2,0
15.383333333333333,966.5208056334117,543.0241928725171,3.2110314898765155,1,2,2,0
15.391666666666667,966.334161318691,543.0979885577262,3.2472932371596235,1,2,2,0
15.4,966.0258517045971,543.6596713959284,3.2505465566687164,1,2,2,0
15.408333333333333,966.5257426199773,543.565367459458,3.2703653455397834,1,2,2,0
15.416666666666666,966.453025304679,543.252488071545,3.26203264439866,1,2,2,0
15.425,966.4675426933954,543.2067700246965,3.257312564632819,1,2,2,0
15.433333333333334,965.7353228155023,543.7546032043431,3.2521439567850776,1,2,2,0
15.441666666666666,965.1960971813754,543.4207325253949,3.2656691983914703,1,2,2,0
15.45,965.5028624909974,543.7960576422328,3.2296684703237415,1,2,2,0
15.458333333333334,965.4526071289818,544.6457541986723,3.211565179782533,1,2,2,0
15.466666666666667,965.1602910364504,544.8966331860642,3.23969356418306,1,2,2,0
15.475,964.8263542215707,545.0606433668293,3.287274880236452,1,2,2,0
15.483333333333333,964.9375004726834,545.8559348083917,3.223991164106146,1,2,2,0
15.491666666666667,965.4424730791169,545.455320345769,3.265097494372325,1,2,2,0
15.5,965.6779939482192,545.5873515463578,3.2824665856628727,1,2,2,0
15.508333333333333,965.6393244533508,544.9880954693361,3.2698102043676283,1,2,2,0
15.516666666666667,966.5506273829343,544.6253415110976,3.2398313017741533,1,2,2,0
15.525,965.8620542272279,544.9694522123928,3.283114500113812,1,2,2,0
15.533333333333333,965.1453280796279,545.6869533918127,3.2916233525575866,1,2,2,0
15.541666666666666,965.0989758302899,546.3801451499154,3.23892944089142,1,2,2,0
15.55,964.7629103426176,547.0087425434178,3.2962010174125433,1,2,2,0
15.558333333333334,964.9755187814258,546.1109831379015,3.2400382605039355,1,2,2,0
15.566666666666666,965.6070160394393,546.2065638909232,3.2697674164592523,1,2,2,0
15.575,966.4476149684283,545.6584473163521,3.2610704048790815,1,2,2,0
15.583333333333334,966.322022239449,546.747139800145,3.277867255164778,1,2,2,0
15.591666666666667,965.6867300735474,546.6313896470679,3.262724066564476,1,2,2,0
15.6,965.9861216325729,546.8233998489993,3.2702150085803705,1,2,2,0
15.608333333333333,965.7298014985885,547.0306165811668,3.2622556097136726,1,2,2,0
15.616666666666667,965.3260035193118,547.1192437468678,3.2505481756554846,1,2,2,0
15.625,966.0380581862177,545.8044325192038,3.24932685539463,1,2,2,0
15.633333333333333,966.0640401498521,545.6990393326037,3.278474117161152,1,2,2,0
15.641666666666667,965.5747494108824,544.9375958356246,3.2480798720721,1,2,2,0
15.65,965.0030256947271,545.8330072957081,3.2780325814318654,1,2,2,0
15.658333333333333,965.2971359453695,545.7718359858499,3.2687401849267004,1,2,2,0
15.666666666666666,965.0423289207213,545.375058654019,3.3017818200790634,1,2,2,0
15.675,964.444251882977,546.1527680756202,3.248113063812197,1,2,2,0
15.683333333333334,964.9693859952232,545.3614090665064,3.304911552719893,1,2,2,0
15.691666666666666,965.32092220126,546.0944113177525,3.296300538479057,1,2,2,0
15.7,965.3771698626875,546.2752485880733,3.2859916104043543,1,2,2,0
15.708333333333334,964.6724177487695,546.3107395392535,3.3016318114277934,1,2,2,0
15.716666666666667,964.990754238877,545.8717980984609,3.2707020925636954,1,2,2,0
15.725,965.2180677108697,545.3052418097557,3.3067134031724565,1,2,2,0
15.733333333333333,964.2108968263515,545.4007063944125,3.2760838253719213,1,2,2,0
15.741666666666667,964.6813242788667,545.4365011414233,3.250196068010023,1,2,2,0
15.75,964.004809524606,545.3010535000525,3.3016841218609003,1,2,2,0
15.758333333333333,963.3591348566908,545.5730609013294,3.3158801348277134,1,2,2,0
15.766666666666667,963.2825210019535,544.6569613351515,3.2745085724024063,1,2,2,0
15.775,963.6893261691096,544.2298423601163,3.3061829927305992,1,2,2,0
15.783333333333333,964.1444077283722,543.6169069003971,3.3127985749983986,1,2,2,0
15.791666666666666,964.0449414825537,544.3867011277772,3.315750014416157,1,2,2,0
15.8,963.5941240555187,544.6079079392938,3.2660994962600514,1,2,2,0
15.808333333333334,963.901336133565,544.6196159097789,3.279281883478933,1,2,2,0
15.816666666666666,963.8325490706613,543.5897073268761,3.290109109271171,1,2,2,0
15.825,962.5433099625184,543.2602618436191,3.253980621358329,1,2,2,0
15.833333333333334,963.0149391216154,543.1162666261469,3.2748194770628003,1,2,2,0
15.841666666666667,962.6000322105864,543.9095594934777,3.289902846053439,1,2,2,0
15.85,962.5412153525535,543.3745424249033,3.2659400855769554,1,2,2,0
15.858333333333333,962.0754168559791,543.957509790064,3.2632242617132587,1,2,2,0
15.866666666666667,962.9370230333311,544.0225324128442,3.3445425720976023,1,2,2,0
15.875,962.9534878966564,544.3109652442549,3.2800517689973905,1,2,2,0
15.883333333333333,962.8012645080888,544.5646916066387,3.279224970322077,1,2,2,0
15.891666666666667,962.1355479462361,544.2978397641624,3.2792021556953195,1,2,2,0
15.9,962.6985690209834,543.6820679093875,3.317929313909614,1,2,2,0
15.908333333333333,962.6910844064173,543.7711841691964,3.325427790568183,1,2,2,0
15.916666666666666,962.3310791162475,544.3782187202729,3.296150004312547,1,2,2,0
15.925,961.2828420246874,543.9716602732353,3.3223794732551863,1,2,2,0
15.933333333333334,960.5368209148095,544.0663536934384,3.2958978993986268,1,2,2,0
15.941666666666666,960.5967281666959,543.639230151662,3.312662122978435,1,2,2,0
15.95,961.2803963539644,544.1243492891375,3.3053546710555715,1,2,2,0
15.958333333333334,960.654737262595,544.2460778523915,3.2977936326540354,1,2,2,0
15.966666666666667,960.3228968424238,544.0896726194671,3.3039591385624383,1,2,2,0
15.975,960.5881152661583,544.6695655977884,3.309213436249867,1,2,2,0
15.983333333333333,960.786321354773,544.96535951589,3.3130289720094637,1,2,2,0
15.991666666666667,961.0595729043542,544.6565680541437,3.2542848507909063,1,2,2,0
16.0,961.0316943320466,545.693691243157,3.2910203876250677,1,2,2,0
16.008333333333333,827.5534576663958,759.4563776983687,3.3232057622716655,1,2,2,0
16.016666666666666,827.1291252691567,759.9300080443606,3.2940431126462175,1,2,2,0
16.025,962.0204305561563,547.8121040812673,3.2571714882550165,1,2,2,0
16.033333333333335,961.462749128889,547.1394965472667,3.261863730340869,1,2,2,0
16.041666666666668,961.4775605230145,546.5752692990599,3.26239290894369,1,2,2,0
16.05,961.5666173940036,546.2574802880521,3.3048333191292296,1,2,2,0
16.058333333333334,961.2351995683281,545.9410651925657,3.2868756205362035,1,2,2,0
16.066666666666666,961.1801779861216,545.5612554887969,3.290297407023557,1,2,2,0
16.075,961.0320650881008,545.874005206153,3.32558681190528,1,2,2,0
16.083333333333332,960.9420840452788,546.1833551340941,3.291907340352195,1,2,2,0
16.091666666666665,961.3892459381755,546.684492898314,3.2990094836409942,1,2,2,0
16.1,961.194002866239,547.0317696708954,3.2799168859604553,1,2,2,0
16.108333333333334,960.8735203470316,546.8740513781482,3.291993563194908,1,2,2,0
16.116666666666667,961.054139512737,546.1934694063608,3.296985338855549,1,2,2,0
16.125,960.9929725330055,546.1219364688416,3.298487513981246,1,2,2,0
16.133333333333333,961.1034528047934,546.7238970043088,3.2844664421169543,1,2,2,0
16.141666666666666,961.2177305374046,546.9471513080815,3.284178731049404,1,2,2,0
16.15,960.6443074069566,547.3216390866655,3.2821706384203844,1,2,2,0
16.158333333333335,961.0157841172942,546.9959612618115,3.2824981711513503,1,2,2,0
16.166666666666668,960.5031056461095,546.6327250233524,3.291791967528914,1,2,2,0
16.175,961.5218767955715,547.6536935047086,3.2616878680047336,1,2,2,0
16.183333333333334,961.0962322887326,547.6844085510025,3.302281209625489,1,2,2,0
16.191666666666666,960.8696829436326,547.8257197200127,3.28133015522287,1,2,2,0
16.2,960.9555395039498,548.1670299755393,3.2896477916252476,1,2,2,0
16.208333333333332,961.5641801912363,547.9619237244724,3.3277519992436275,1,2,2,0
16.216666666666665,961.8558738124358,547.6973100251365,3.303475581021434,1,2,2,0
16.225,961.7868541863329,547.5112910517362,3.3180228940503125,1,2,2,0
16.233333333333334,962.8592994955403,547.041345252449,3.3186459650474727,1,2,2,0
16.241666666666667,962.6315207165557,546.8126528498759,3.258225001964195,1,2,2,0
16.25,962.5282634798434,546.6093441342335,3.3166112660321105,1,2,2,0
16.258333333333333,962.4170561903038,545.5657925727355,3.293331873896008,1,2,2,0
16.266666666666666,962.8514209087994,545.138694855677,3.2859071304683583,1,2,2,0
16.275,963.0425004138411,545.4113286549765,3.3162864211439946,1,2,2,0
16.283333333333335,963.3123901026236,545.2152939900167,3.2916987878729342,1,2,2,0
16.291666666666668,963.4798038041832,545.3223618926257,3.2457214363718974,1,2,2,0
16.3,963.2080743463092,545.0857005357193,3.323978108737356,1,2,2,0
16.308333333333334,963.523422079523,545.1252574719178,3.285547333992657,1,2,2,0
16.316666666666666,963.5815174284226,544.8545758329097,3.2762307785034452,1,2,2,0
16.325,963.4638802165737,544.9389552641845,3.331499716171961,1,2,2,0
16.333333333333332,963.4037915426844,544.6677364696648,3.3145968192723383,1,2,2,0
16.341666666666665,964.1574962383896,545.3251282382448,3.2708692262683385,1,2,2,0
16.35,964.2856266895785,545.6697003133606,3.2826101196681874,1,2,2,0
16.358333333333334,963.2770653424334,545.7325961684475,3.259279289205339,1,2,2,0
16.366666666666667,962.8117505208487,545.3385552433865,3.2891292964333796,1,2,2,0
16.375,963.8098852671216,545.8772257251271,3.2953455979482293,1,2,2,0
16.383333333333333,963.4647937693096,546.2459570574822,3.285097895995841,1,2,2,0
16.391666666666666,962.4935843560994,546.6997743211779,3.292883987126492,1,2,2,0
16.4,962.0757074327686,547.4372221397576,3.3130716557276263,1,2,2,0
16.408333333333335,962.3026605966742,547.0627559437215,3.2526407553957633,1,2,2,0
16.416666666666668,963.0379169484429,547.3379643428162,3.2880038709236517,1,2,2,0
16.425,963.7329671083841,547.129668456963,3.3184067808109234,1,2,2,0
16.433333333333334,963.4659312110076,546.8300810090499,3.3302908520179946,1,2,2,0
16.441666666666666,963.3682183233705,546.8065381106037,3.296078506494764,1,2,2,0
16.45,963.4714414106211,546.2483036534126,3.3062932723743432,1,2,2,0
16.458333333333332,963.3316462063628,545.7058189560456,3.2729888214168272,1,2,2,0
16.466666666666665,963.2294536022049,545.7672588948474,3.295733864412731,1,2,2,0
16.475,963.8130311188196,545.0072592464709,3.282507939372793,1,2,2,0
16.483333333333334,964.562006830321,545.2524799621901,3.2982589401430875,1,2,2,0
16.491666666666667,964.7694765805452,545.5865747278262,3.272946405279752,1,2,2,0
16.5,966.6710761453069,545.4144881928202,3.2770131640231375,1,2,2,0
16.508333333333333,966.1064923284273,546.0176596406482,3.3286258625108758,1,2,2,0
16.516666666666666,966.483538729496,546.2995137463479,3.2565778911124896,1,2,2,0
16.525,966.1510738520532,546.9687102200271,3.2855630652354155,1,2,2,0
16.533333333333335,965.6326483730168,547.2702076705871,3.3095363342193793,1,2,2,0
16.541666666666668,965.8367471198115,546.2400522069756,3.287990220717471,1,2,2,0
16.55,965.52249946293,545.1544868611624,3.2762510645328047,1,2,2,0
16.558333333333334,965.5003434771512,545.6073119506342,3.26956291307217,1,2,2,0
16.566666666666666,965.4301124500789,544.9221484266372,3.2908136430890265,1,2,2,0
16.575,965.5736538753449,544.830025807713,3.3041817983602995,1,2,2,0
16.583333333333332,966.4042004781343,544.6577171350543,3.2787745823437016,1,2,2,0
16.591666666666665,965.9385065969949,545.2364327332778,3.2933915441273918,1,2,2,0
16.6,966.2452856665211,545.0295024406399,3.2839028727227983,1,2,2,0
16.608333333333334,966.3896244627708,545.1255280158543,3.277941318429603,1,2,2,0
16.616666666666667,966.7282079050785,544.5810421160314,3.2892081090252145,1,2,2,0
16.625,966.5810826084419,544.6521053618762,3.3042743138931683,1,2,2,0
16.633333333333333,967.1274379664947,543.6647719368937,3.3069364545768454,1,2,2,0
16.641666666666666,966.8933719441856,544.4527960587504,3.3011836027164394,1,2,2,0
16.65,966.8228245779759,544.4151004496375,3.2801991805646415,1,2,2,0
16.658333333333335,966.688926190722,544.9717020893538,3.2780904295592066,1,2,2,0
16.666666666666668,966.2568148687793,546.4061176214252,3.3002111925425743,1,2,2,0
16.675,966.045673920237,546.2938500849441,3.262683775803615,1,2,2,0
16.683333333333334,966.1185720229133,546.5783947698014,3.287596932541219,1,2,2,0
16.691666666666666,966.8096517123821,546.5153974284285,3.2818344476085923,1,2,2,0
16.7,966.4055984396289,547.0721645135725,3.304424929895052,1,2,2,0
16.708333333333332,965.8188481746779,547.4859050184933,3.3284174402332822,1,2,2,0
16.716666666666665,965.2989977286508,547.5692661466834,3.3033769062861222,1,2,2,0
16.725,964.7341720240305,546.570020408584,3.2936734439836846,1,2,2,0
16.733333333333334,965.1645397875573,546.6705878285603,3.2972036093268278,1,2,2,0
16.741666666666667,964.9265477519828,547.7131681093155,3.307021999583235,1,2,2,0
16.75,964.2631091951231,548.4055989825415,3.311634889151194,1,2,2,0
16.758333333333333,964.8805500236903,547.8083577501958,3.2971582550852405,1,2,2,0
16.766666666666666,965.2776602949447,547.9536594903172,3.3188760178678094,1,2,2,0
16.775,966.3397593919324,547.9714109792177,3.3092964456912304,1,2,2,0
16.783333333333335,967.0717602816969,548.121180640351,3.3087005146395123,1,2,2,0
16.791666666666668,967.7628606999732,548.2345055001605,3.3093330497957947,1,2,2,0
16.8,966.9897732590831,547.8130940899127,3.338608790578158,1,2,2,0
16.808333333333334,967.5086395355991,547.7141970692792,3.2491262627418447,1,2,2,0
16.816666666666666,966.9980327490016,547.5110886950797,3.336071739509846,1,2,2,0
16.825,967.2061327981262,547.0347787155476,3.3254189657332933,1,2,2,0
16.833333333333332,1143.501582358167,684.8866124318208,3.348919163689647,1,2,2,0
16.841666666666665,1144.1723157944598,684.5975089869828,3.3056282680230495,1,2,2,0
16.85,968.0397942860378,547.0164303758943,3.327916043718819,1,2,2,0
16.858333333333334,967.9074022265647,545.9888281808452,3.3506697011132593,1,2,2,0
16.866666666666667,968.7297329748019,546.1192939599366,3.328516671830779,1,2,2,0
16.875,968.5187744670963,545.9392025419758,3.3370469513005023,1,2,2,0
16.883333333333333,967.955734982118,545.8588275963498,3.2991531684467494,1,2,2,0
16.891666666666666,799.1225029296114,121.99557869493015,3.3115389890560905,1,2,2,0
16.9,799.7160937444629,122.13687302354595,3.3392810511152318,1,2,2,0
16.908333333333335,968.3245805754742,545.5753552721876,3.359976642400566,1,2,2,0
16.916666666666668,968.4055247317739,545.3372871350616,3.3411871925199983,1,2,2,0
16.925,968.495201278964,545.1335360917926,3.3162883649301023,1,2,2,0
16.933333333333334,967.9076092934757,545.5188618407109,3.325051899273581,1,2,2,0
16.941666666666666,968.1867238486734,545.0073457498227,3.2981358810107895,1,2,2,0
16.95,968.4134637651431,545.3747520796019,3.256981786019837,1,2,2,0
16.958333333333332,968.1757472788619,545.559859311294,3.3027573595091475,1,2,2,0
16.966666666666665,968.6322125069325,545.5086632782587,3.30436869287445,1,2,2,0
16.975,968.6743167104132,545.6623644871219,3.306138752882927,1,2,2,0
16.983333333333334,968.230019022996,546.2811545315516,3.3079687484513394,1,2,2,0
16.991666666666667,969.0387745058515,546.3198781224045,3.3139918191506648,1,2,2,0
17.0,968.7310829003011,546.22258358823,3.309423268453935,1,2,2,0
17.008333333333333,969.2147794620935,545.9881223074543,3.323687543975146,1,2,2,0
17.016666666666666,968.9209779563195,546.1857151776529,3.302677128677025,1,2,2,0
17.025,968.7120917602207,546.7859743041389,3.2823653537762567,1,2,2,0
17.033333333333335,967.4524602222979,547.0436382813976,3.2781923390600554,1,2,2,0
17.041666666666668,968.042217126183,547.0179233291356,3.238499415941968,1,2,2,0
17.05,967.3430889434417,547.2457344000376,3.2749057384189517,1,2,2,0
17.058333333333334,967.5511825238146,548.1532534922511,3.229451964201247,1,2,2,0
17.066666666666666,967.8119700318218,547.1410511511376,3.250925391513997,1,2,2,0
17.075,967.5888726040314,548.022628802571,3.2581517599442082,1,2,2,0
17.083333333333332,967.2213757731583,548.9892754188878,3.281814693238218,1,2,2,0
17.091666666666665,967.0872406011442,548.9579047570642,3.2395993857376655,1,2,2,0
17.1,966.8507550855969,549.077250173531,3.2360145692274767,1,2,2,0
17.108333333333334,967.806662698939,548.5290017343613,3.284964866689295,1,2,2,0
17.116666666666667,968.0827278822578,548.9260246295239,3.2697288480549846,1,2,2,0
17.125,967.8970181449788,548.8098953066318,3.273399486662883,1,2,2,0
17.133333333333333,968.0264383517941,548.9769116892228,3.2327412351738576,1,2,2,0
17.141666666666666,968.2807741926188,549.9421211977955,3.2366822643360664,1,2,2,0
17.15,967.8793167947317,549.2456426133161,3.2772416868627867,1,2,2,0
17.158333333333335,967.3778725670595,549.797224325228,3.25550925606061,1,2,2,0
17.166666666666668,967.8064789074788,549.08733001598,3.2440534354794766,1,2,2,0
17.175,968.7808229494486,548.5907650160469,3.2656042818392668,1,2,2,0
17.183333333333334,968.659759948267,548.4995129073259,3.2657096659447955,1,2,2,0
17.191666666666666,968.882232015902,549.4881320159728,3.25115843720292,1,2,2,0
17.2,969.1645371985676,550.030969470225,3.2518892563720354,1,2,2,0
17.208333333333332,969.1662234277139,550.3339671194718,3.2333903968701607,1,2,2,0
17.216666666666665,969.5045724691424,550.0619089500758,3.2327322693509077,1,2,2,0
17.225,968.9144095078358,549.6570458303066,3.231425454751973,1,2,2,0
17.233333333333334,968.6318417136974,550.3653804903164,3.2301987600068562,1,2,2,0
17.241666666666667,968.7190598998945,550.1905417069416,3.231634952031287,1,2,2,0
17.25,968.0472293388152,550.3403378408751,3.1953071388520375,1,2,2,0
17.258333333333333,969.0629282186372,550.9290100931167,3.215122038367597,1,2,2,0
17.266666666666666,969.0135687703834,551.4660759342336,3.2170911888951634,1,2,2,0
17.275,968.642990339471,551.6843692085874,3.2115333291656616,1,2,2,0
17.283333333333335,969.4139418269536,551.7507896029482,3.2198541216365513,1,2,2,0
17.291666666666668,969.5025348275628,551.9365158219473,3.1874431126640608,1,2,2,0
17.3,970.3814006612973,551.9402986797894,3.2447118229636738,1,2,2,0
17.308333333333334,971.1030090251763,550.9241227237318,3.2321190999948675,1,2,2,0
17.316666666666666,971.2835305716203,551.3820877560714,3.2364226410931702,1,2,2,0
17.325,971.6578458650937,550.6716575463158,3.2165259301684004,1,2,2,0
17.333333333333332,971.4156419526969,551.0253476504588,3.1932594856848393,1,2,2,0
17.341666666666665,971.553393776833,550.8136092334572,3.2188258295153616,1,2,2,0
17.35,971.5815521377261,551.1393512386004,3.2329430544006867,1,2,2,0
17.358333333333334,971.1649013781653,552.0293748234709,3.231263871681125,1,2,2,0
17.366666666666667,971.1512510161074,552.5374392787768,3.1994365599188255,1,2,2,0
17.375,971.6272452801048,552.523103364711,3.213616243277147,1,2,2,0
17.383333333333333,971.6064029748533,551.8905239168898,3.178482945118008,1,2,2,0
17.391666666666666,971.9786514085598,552.7839162692413,3.2062278690328845,1,2,2,0
17.4,972.3369703374818,553.3957849465235,3.207656384084034,1,2,2,0
17.408333333333335,972.5618782076862,553.2193581738928,3.2151919083668585,1,2,2,0
17.416666666666668,972.5459983196473,552.1054446277783,3.1937816933982828,1,2,2,0
17.425,972.9178820307201,552.9381794798326,3.214603111017669,1,2,2,0
17.433333333333334,973.278267496491,553.0540781005066,3.18025790999128,1,2,2,0
17.441666666666666,974.0000925934436,552.9549369976276,3.173937902086038,1,2,2,0
17.45,973.8389073132382,552.3423530305952,3.1988117609962283,1,2,2,0
17.458333333333332,973.9628018130035,552.3460476252878,3.247663910911547,1,2,2,0
17.466666666666665,974.5401529274642,552.9424392107347,3.196967280671906,1,2,2,0
17.475,975.0037872254311,552.983545770708,3.2198766817183158,1,2,2,0
17.483333333333334,974.6894413643147,553.7337514748739,3.2127928590309454,1,2,2,0
17.491666666666667,974.7338514856234,553.1744535968368,3.1755446566362195,1,2,2,0
17.5,975.1879290641555,552.9643703832885,3.2075775764800283,1,2,2,0
17.508333333333333,974.7789310538997,552.8502414208974,3.1809563277460584,1,2,2,0
17.516666666666666,974.753026244721,552.31603626965,3.174619333415416,1,2,2,0
17.525,975.2291557853856,551.6053988027722,3.171503682086908,1,2,2,0
17.533333333333335,974.9624376638957,551.8266479407591,3.1955545452416083,1,2,2,0
17.541666666666668,975.0071384727931,551.0607697168834,3.170909883600979,1,2,2,0
17.55,975.5045310293793,551.1635059635933,3.1932096779376193,1,2,2,0
17.558333333333334,975.9148242599631,551.241820423415,3.151856524974479,1,2,2,0
17.566666666666666,976.1863091634946,551.6927353523707,3.1427207504159425,1,2,2,0
17.575,976.0175123350209,552.511775847164,3.1895133309757893,1,2,2,0
17.583333333333332,975.4235090017511,552.0266844765283,3.1787693256720257,1,2,2,0
17.591666666666665,975.9533527679856,552.096176073814,3.19850931890376,1,2,2,0
17.6,976.5027104883859,552.160058377964,3.1860065148177594,1,2,2,0
17.608333333333334,975.8087477065482,551.6912625479698,3.2078997177259114,1,2,2,0
17.616666666666667,975.6175384520354,551.4108527862011,3.212854263784642,1,2,2,0
17.625,975.1072407500999,551.1517115283826,3.1773804461475703,1,2,2,0
17.633333333333333,974.887362353997,550.9850340826507,3.1657409070426494,1,2,2,0
17.641666666666666,974.9320892477374,550.9084896042534,3.190893615887979,1,2,2,0
17.65,974.8049097483741,551.0711398498097,3.231440779480633,1,2,2,0
17.658333333333335,975.1660256701815,549.9971553331221,3.170179604128274,1,2,2,0
17.666666666666668,974.8008545465219,550.7601970464731,3.1960542480475422,1,2,2,0
17.675,974.8917724457924,551.1433981196723,3.1388910664766283,1,2,2,0
17.683333333333334,975.556437400774,550.6880600905972,3.1917783507280464,1,2,2,0
17.691666666666666,975.7676712577503,551.1493733117834,3.151243248110627,1,2,2,0
17.7,976.6129085854772,550.8987810752253,3.178553463128397,1,2,2,0
17.708333333333332,977.5353301201365,550.9699550607578,3.1084286827896257,1,2,2,0
17.716666666666665,977.4634627116245,550.8531317741795,3.188663898329812,1,2,2,0
17.725,976.9140416348417,550.3897296208738,3.1686573573284815,1,2,2,0
17.733333333333334,977.5989965638395,551.2854453383464,3.206294974245392,1,2,2,0
17.741666666666667,977.1833649213822,550.817315986019,3.207266457784642,1,2,2,0
17.75,976.6909494142977,550.5622956274868,3.1605093802643625,1,2,2,0
17.758333333333333,976.0827838131485,550.494499711422,3.163938907516176,1,2,2,0
17.766666666666666,976.8403325449207,551.3273393263163,3.188445393901554,1,2,2,0
17.775,976.1721763742138,551.6724201407985,3.1777781521330346,1,2,2,0
17.783333333333335,976.077629672904,551.7125251243547,3.1528471193003944,1,2,2,0
17.791666666666668,975.819502418995,552.0874056806362,3.156182543270955,1,2,2,0
17.8,976.7412132479925,552.4415924288312,3.1560418355508033,1,2,2,0
17.808333333333334,977.0659513473804,553.2457001203671,3.1742818475838073,1,2,2,0
17.816666666666666,976.6577604380979,553.9627232353516,3.1401608519772313,1,2,2,0
17.825,976.9423723235594,554.4158154361979,3.189535543172586,1,2,2,0
17.833333333333332,976.9322733275487,554.9933089483753,3.177183717083732,1,2,2,0
17.841666666666665,976.6997391577825,554.6046314340304,3.203140538455496,1,2,2,0
17.85,976.549519057651,554.2565382265452,3.1366051955098873,1,2,2,0
17.858333333333334,976.5862966500512,554.4508314167414,3.167454669092692,1,2,2,0
17.866666666666667,976.7612789592868,554.0042460302047,3.1488985082636267,1,2,2,0
17.875,976.4074086085894,553.6963343626945,3.119527599637444,1,2,2,0
17.883333333333333,975.6486335706273,553.491385544525,3.1501704940888255,1,2,2,0
17.891666666666666,976.1541921535958,553.8698116058418,3.1255881956778784,1,2,2,0
17.9,977.1731616992561,553.8599379667551,3.143269161421669,1,2,2,0
17.908333333333335,978.2055189537091,554.1098819919122,3.1653850512641815,1,2,2,0
17.916666666666668,978.924097005291,554.2803265146498,3.167762905836096,1,2,2,0
17.925,978.2316026902366,554.3610718345426,3.164382964720002,1,2,2,0
17.933333333333334,979.3903788481641,554.9456930125734,3.162671532201749,1,2,2,0
17.941666666666666,978.5406305702829,555.1044271789826,3.157471124520817,1,2,2,0
17.95,978.5642892950029,554.9546001644838,3.150417533623418,1,2,2,0
17.958333333333332,979.8306012262994,555.5934016919989,3.1370562126169417,1,2,2,0
17.966666666666665,979.6795008034057,555.1200317710624,3.1594636091513237,1,2,2,0
17.975,980.1657491828261,554.6735422365849,3.1550902124209124,1,2,2,0
17.983333333333334,981.1222267976534,554.7650698433686,3.1425107014242384,1,2,2,0
17.991666666666667,981.1860731757477,554.3470836011834,3.121711388863735,1,2,2,0
18.0,980.5226366167155,554.3211282964716,3.129567223245849,1,2,2,0
18.008333333333333,980.0509880998388,554.2974274914524,3.131057704414516,1,2,2,0
18.016666666666666,980.3216653999363,554.761211064748,3.0996607149338153,1,2,2,0
18.025,980.0866158790626,554.9616150395451,3.1728700491537234,1,2,2,0
18.033333333333335,979.6391713851232,554.724479846391,3.1199720924552237,1,2,2,0
18.041666666666668,979.0299306280864,554.4737262404885,3.1438902859928635,1,2,2,0
18.05,979.132850404125,554.0472869917496,3.1536810735154064,1,2,2,0
18.058333333333334,980.1216502960232,554.0481701521719,3.0968209347989326,1,2,2,0
18.066666666666666,980.5790853212928,554.4146360961546,3.1036146988481343,1,2,2,0
18.075,980.2733620090323,554.9028394165723,3.1589129968293235,1,2,2,0
18.083333333333332,980.4739926975465,554.6837794268253,3.1233913003362623,1,2,2,0
18.091666666666665,980.8236443527626,556.2251339764396,3.1128479237954014,1,2,2,0
18.1,980.8587936838501,555.5925146584087,3.096568136641731,1,2,2,0
18.108333333333334,980.49800809655,555.7580699997607,3.080021926518925,1,2,2,0
18.116666666666667,981.0546394158126,556.057976629765,3.143122784797136,1,2,2,0
18.125,980.9345916539861,557.5689782414175,3.145903491370338,1,2,2,0
18.133333333333333,981.5065840178645,557.8085383334729,3.0881611624797123,1,2,2,0
18.141666666666666,981.6207115471691,557.5058065142451,3.1298322027669077,1,2,2,0
18.15,981.1446462138583,557.1051970310865,3.1392512170047024,1,2,2,0
18.158333333333335,1110.4660583237453,529.6485701882021,3.0898092738072327,1,2,2,0
18.166666666666668,1110.245794004436,529.5861426852629,3.113767622767386,1,2,2,0
18.175,981.2063978131265,556.8894759056998,3.153756509731823,1,2,2,0
18.183333333333334,982.0448404947825,557.1239999188319,3.1170391571472384,1,2,2,0
18.191666666666666,982.5165965117511,557.1440295644558,3.1344317073101537,1,2,2,0
18.2,981.898670278151,556.7116123145903,3.156830338649059,1,2,2,0
18.208333333333332,981.5163533866591,557.2832510044836,3.1307279563924704,1,2,2,0
18.216666666666665,980.6297728511149,557.4394140777912,3.1288240919018224,1,2,2,0
18.225,979.804522002729,556.7692099944837,3.1243428808374087,1,2,2,0
18.233333333333334,979.3444990950071,556.6987587539712,3.133286965762922,1,2,2,0
18.241666666666667,979.2426574402397,556.2107122310374,3.107800070299576,1,2,2,0
18.25,979.1489167884106,555.6693261427056,3.1193280771129666,1,2,2,0
18.258333333333333,979.1289779546878,555.2190155851276,3.1548946922309873,1,2,2,0
18.266666666666666,979.7257110615278,554.8442180035985,3.11567687680677,1,2,2,0
18.275,980.1327027706931,555.075398127436,3.1252274187239126,1,2,2,0
18.283333333333335,979.9065779619108,554.3257918738104,3.11253853569918,1,2,2,0
18.291666666666668,979.2101352989882,555.0099180717124,3.1676048451072996,1,2,2,0
18.3,979.9980976171886,555.4267659912387,3.0974825997437443,1,2,2,0
18.308333333333334,980.5049560597067,555.5669777491262,3.0876203188232383,1,2,2,0
18.316666666666666,981.4601721888938,555.4198349060144,3.095533874185984,1,2,2,0
18.325,981.6031099278601,555.5613462906267,3.11726881977993,1,2,2,0
18.333333333333332,981.7378936495294,554.5827989051986,3.1170975122931304,1,2,2,0
18.341666666666665,981.2724018069401,553.9039565045073,3.0899103406907344,1,2,2,0
18.35,981.286567978126,554.1705649002349,3.1110939634634973,1,2,2,0
18.358333333333334,981.5138348005428,553.1121750390662,3.1106712680944613,1,2,2,0
18.366666666666667,981.841009727937,552.8392996862947,3.0853808998409664,1,2,2,0
18.375,981.5242836876168,553.5074233726277,3.1205290755279758,1,2,2,0
18.383333333333333,981.7680837656729,554.162664495119,3.1080057321186385,1,2,2,0
18.391666666666666,981.2938063381496,553.8441877983902,3.1277456454708727,1,2,2,0
18.4,981.080206915721,553.5343580072853,3.1255747574983714,1,2,2,0
18.408333333333335,980.3994639683187,554.2352843381507,3.1212756752743007,1,2,2,0
18.416666666666668,980.162072502872,554.185606462464,3.0896872881904565,1,2,2,0
18.425,980.2988688992971,553.2665573647047,3.099971470185703,1,2,2,0
18.433333333333334,980.7056970763591,554.4561446773085,3.1171654037707794,1,2,2,0
18.441666666666666,980.6474677086717,553.74075645794,3.0968798876955512,1,2,2,0
18.45,981.3614798872046,554.1435323099571,3.0725340838722066,1,2,2,0
18.458333333333332,981.204873588391,554.3330944099959,3.090697497151883,1,2,2,0
18.466666666666665,980.6182603558843,554.371183166229,3.1094069539413276,1,2,2,0
18.475,980.9620595840713,553.8208604452977,3.0818698604516883,1,2,2,0
18.483333333333334,980.8169106164438,553.9011452473574,3.1025648296151243,1,2,2,0
18.491666666666667,981.4671825112913,553.7096592433527,3.089637051741467,1,2,2,0
18.5,982.1422326351573,553.4418734398371,3.109657083426957,1,2,2,0
18.508333333333333,982.1105600688699,552.7909656113707,3.12798867930751,1,2,2,0
18.516666666666666,982.6583780284407,552.2109947724036,3.1349863654841568,1,2,2,0
18.525,981.6389570720249,550.7076704833732,3.0918755263514592,1,2,2,0
18.533333333333335,981.9617805126674,550.499806979676,3.1221983990849234,1,2,2,0
18.541666666666668,981.9014637763361,550.6922628107714,3.1040667979916146,1,2,2,0
18.55,982.1884702527435,550.6092592019063,3.0727054910558436,1,2,2,0
18.558333333333334,981.1398660581359,551.3911080169485,3.11768321416049,1,2,2,0
18.566666666666666,981.031801286585,552.6602765128126,3.0784755674581334,1,2,2,0
18.575,981.2730623178517,553.2589801334948,3.103092394266551,1,2,2,0
18.583333333333332,980.725178066679,552.9276198165758,3.0678267857012087,1,2,2,0
18.591666666666665,981.1847910955796,552.2873838029063,3.1062868041663814,1,2,2,0
18.6,981.3311663840134,552.4032977480359,3.09594521763917,1,2,2,0
18.608333333333334,981.6989461515664,551.970305587115,3.1453726669854563,1,2,2,0
18.616666666666667,981.681183757799,552.1137922746946,3.093235247242911,1,2,2,0
18.625,982.2933199719691,552.6971462105543,3.0988387764462297,1,2,2,0
18.633333333333333,982.4597141927329,552.43683050496,3.1245131516997713,1,2,2,0
18.641666666666666,983.1781643210625,552.5918130612199,3.118751223166896,1,2,2,0
18.65,982.0989227382278,552.2217874150473,3.1026823528034977,1,2,2,0
18.658333333333335,981.5943965464749,552.6974761114426,3.1459888897453747,1,2,2,0
18.666666666666668,981.6959006473302,553.139042630433,3.1014745761906535,1,2,2,0
18.675,982.3888061913932,552.3428341683034,3.1190022541464013,1,2,2,0
18.683333333333334,982.4023044138044,552.0980001321875,3.079037075333062,1,2,2,0
18.691666666666666,981.798370774851,551.6641813435413,3.110925762498668,1,2,2,0
18.7,980.9662883523133,551.508810906923,3.0866973204140287,1,2,2,0
18.708333333333332,981.2282685175614,551.7944092658531,3.114095420803507,1,2,2,0
18.716666666666665,981.5213079645141,551.5976555438633,3.089294772858056,1,2,2,0
18.725,981.1871641676926,551.2226983610886,3.12170574299808,1,2,2,0
18.733333333333334,981.8790804223391,551.1168529123737,3.1122705583745827,1,2,2,0
18.741666666666667,982.3473365732664,552.0848427939948,3.1083774769551806,1,2,2,0
18.75,982.6654122033254,552.3334393571484,3.099055164761936,1,2,2,0
18.758333333333333,982.8865252044599,553.1016805756824,3.0630214318438966,1,2,2,0
18.766666666666666,982.6979368687539,552.394742969179,3.142134499863402,1,2,2,0
18.775,982.7487253753319,552.0872850122353,3.083846149375698,1,2,2,0
18.783333333333335,982.7652640287326,552.0344820070483,3.106020642937305,1,2,2,0
18.791666666666668,982.8148164907227,552.4393103450747,3.098424018752106,1,2,2,0
18.8,982.9134346005188,552.9777880807559,3.1230704087227465,1,2,2,0
18.808333333333334,983.4092068367813,553.4585556441134,3.0918453971998727,1,2,2,0
18.816666666666666,982.4210927379426,553.1500421842517,3.0911243642862414,1,2,2,0
18.825,982.7687838419985,552.3670128634901,3.071943637986896,1,2,2,0
18.833333333333332,983.4067534144447,552.4174446993945,3.066629740042789,1,2,2,0
18.841666666666665,983.0380044841497,552.0675969493863,3.0910302920939734,1,2,2,0
18.85,982.912915045478,551.6488251582439,3.0969331478488664,1,2,2,0
18.858333333333334,984.0680250423059,551.6596733314058,3.103437516281577,1,2,2,0
18.866666666666667,984.1317603633472,551.4789230742657,3.1007614541694295,1,2,2,0
18.875,984.0743171541562,551.3974156314475,3.136000250051772,1,2,2,0
18.883333333333333,983.2562284226995,551.0952420908466,3.1259287666656865,1,2,2,0
18.891666666666666,983.0327237455997,551.5295072808901,3.085490264929423,1,2,2,0
18.9,982.7221013835782,551.0480567165587,3.0983610186522856,1,2,2,0
18.908333333333335,982.308619251251,551.544891978966,3.1161032620888784,1,2,2,0
18.916666666666668,983.3695723696611,551.9626344631749,3.0854667398364635,1,2,2,0
18.925,983.1169553714296,551.7586975927939,3.0789021217060752,1,2,2,0
18.933333333333334,983.0837524154629,551.9261776676801,3.076641173106364,1,2,2,0
18.941666666666666,982.4680711539858,551.3289458024368,3.093630137379677,1,2,2,0
18.95,982.8650038330393,551.6274750241555,3.099853053358258,1,2,2,0
18.958333333333332,982.1673517400604,551.731608258789,3.1098941662159465,1,2,2,0
18.966666666666665,982.2881615527564,551.3656620478663,3.1214575820072987,1,2,2,0
18.975,982.502661248986,550.9226402665855,3.0902485376258277,1,2,2,0
18.983333333333334,982.8487109319931,550.6484344115561,3.10739931145082,1,2,2,0
18.991666666666667,982.2197212426709,549.7658937029984,3.10015783649522,1,2,2,0
19.0,982.030265921988,549.5672153516009,3.089091300913426,1,2,2,0
19.008333333333333,982.262761638959,549.3897248106973,3.09871964564485,1,2,2,0
19.016666666666666,982.8719792594784,549.785445770715,3.077968697196619,1,2,2,0
19.025,982.3303722796038,549.9457800057388,3.1079097989647475,1,2,2,0
19.033333333333335,982.4422056525189,550.4447979973286,3.0955291921726427,1,2,2,0
19.041666666666668,983.3985813417478,551.287000698209,3.0995448512084325,1,2,2,0
19.05,983.5555825083696,551.0163764787054,3.1157851627348414,1,2,2,0
19.058333333333334,983.9504224005594,550.5976504261432,3.1099705478266064,1,2,2,0
19.066666666666666,983.4940131931618,550.7454346131866,3.085179358113841,1,2,2,0
19.075,983.2108299385208,550.6423994763294,3.092109863093806,1,2,2,0
19.083333333333332,982.2909161124282,551.2217736203149,3.0771724673042833,1,2,2,0
19.091666666666665,982.5213086941201,551.3504428650218,3.1372631780687734,1,2,2,0
19.1,983.1378372158965,551.7573212039206,3.1041122002024477,1,2,2,0
19.108333333333334,982.3361600146048,552.1499424978929,3.109017464991308,1,2,2,0
19.116666666666667,981.3606393190552,551.6412809594847,3.0698998171007186,1,2,2,0
19.125,980.6970431085628,550.9731612186368,3.153846988705934,1,2,2,0
19.133333333333333,980.7159987656131,550.0015852195627,3.1096365915051973,1,2,2,0
19.141666666666666,980.9760725630397,550.2881573109468,3.155523092853605,1,2,2,0
19.15,981.7145874311013,550.6222035357536,3.092020320938935,1,2,2,0
19.158333333333335,981.8841483038912,550.2882609473571,3.1398684208535115,1,2,2,0
19.166666666666668,981.6353315663956,550.8913325705023,3.1190992862350173,1,2,2,0
19.175,982.1675242603586,550.3469781053084,3.0924181065261935,1,2,2,0
19.183333333333334,981.9715212532303,550.3670850517574,3.1094766416214643,1,2,2,0
19.191666666666666,981.1785356669823,550.3930012066376,3.0966059577010343,1,2,2,0
19.2,980.9485033053202,550.8997398299797,3.135397229046551,1,2,2,0
19.208333333333332,980.8842524753873,550.4827563708251,3.1432936061339327,1,2,2,0
19.216666666666665,980.595817330877,550.7542189481748,3.113836114745129,1,2,2,0
19.225,979.9450247319168,550.6899364036507,3.0694481328699172,1,2,2,0
19.233333333333334,979.57157763999,549.9352051743366,3.120617804630136,1,2,2,0
19.241666666666667,980.0231084819113,549.5831658604329,3.0844737883270392,1,2,2,0
19.25,980.154707360043,549.6836395706611,3.090878958514519,1,2,2,0
19.258333333333333,979.902517045973,550.2083558764639,3.0943541856988395,1,2,2,0
19.266666666666666,980.0810280365496,550.7267966301002,3.1252065829833695,1,2,2,0
19.275,980.3455046799291,550.5535274458706,3.1029292900772365,1,2,2,0
19.283333333333335,979.5496116641357,549.7974144439114,3.1329541654406237,1,2,2,0
19.291666666666668,979.6393307215873,549.0360434938384,3.1258302918479357,1,2,2,0
19.3,979.9967850939502,548.6964030290858,3.121868940412065,1,2,2,0
19.308333333333334,980.0256653168849,550.2886634553244,3.1456429607478844,1,2,2,0
19.316666666666666,980.6334598571741,549.7942124959638,3.123749477434911,1,2,2,0
19.325,980.6111976978149,549.2653379862228,3.1278859154876604,1,2,2,0
19.333333333333332,980.0971543753856,548.9704840677338,3.091485320365457,1,2,2,0
19.341666666666665,979.5673009464894,548.9747961019312,3.1244871194153427,1,2,2,0
19.35,979.6255798204968,549.0623741649837,3.1250383603274083,1,2,2,0
19.358333333333334,979.776093722252,548.6113285433968,3.125926312550634,1,2,2,0
19.366666666666667,980.101664342511,548.8145358132742,3.124716516182534,1,2,2,0
19.375,980.4596052613786,548.9686739552078,3.1157577686780513,1,2,2,0
19.383333333333333,980.7831914314082,548.4267024404492,3.1439944280926815,1,2,2,0
19.391666666666666,980.8472784879225,548.6931302950352,3.125507008049827,1,2,2,0
19.4,980.9914700552979,548.6864971823401,3.1408064110277554,1,2,2,0
19.408333333333335,980.6589349379502,549.9104124457431,3.1228192756501447,1,2,2,0
19.416666666666668,980.6971891291184,549.8091230973185,3.1317927979702858,1,2,2,0
19.425,980.8607629115419,549.5987000442127,3.1816664786589595,1,2,2,0
19.433333333333334,981.059129198143,550.3673499197889,3.113436066688333,1,2,2,0
19.441666666666666,980.6655612493851,550.6692854711963,3.1168744261773553,1,2,2,0
19.45,980.181205949577,551.4853148222186,3.1554909363531394,1,2,2,0
19.458333333333332,979.7420722979874,551.4633902384154,3.1545585046093323,1,2,2,0
19.466666666666665,980.2414402454659,551.3778936381445,3.1488817511720977,1,2,2,0
19.475,980.8105935665928,550.8427167439256,3.141615631632915,1,2,2,0
19.483333333333334,981.0788569234599,551.04933173577,3.124432146258884,1,2,2,0
19.491666666666667,981.8573579237566,551.0353751588109,3.15803811990741,1,2,2,0
19.5,981.8713217728923,550.9745665437987,3.1432358817833035,1,2,2,0
19.508333333333333,982.0057566864506,550.5184421595073,3.1336300757980178,1,2,2,0
19.516666666666666,981.7895512972245,550.4813989511807,3.1340222088111958,1,2,2,0
19.525,982.3587669132187,550.610795541892,3.101427237645867,1,2,2,0
19.533333333333335,981.4220525764011,551.178475249647,3.1601504859527543,1,2,2,0
19.541666666666668,981.0745401939157,551.1449403050925,3.134217137193194,1,2,2,0
19.55,981.2434536913083,549.9609352024352,3.170828082008642,1,2,2,0
19.558333333333334,980.9094278452401,550.8812742947488,3.1671522588201015,1,2,2,0
19.566666666666666,981.8480121012401,551.2036083980022,3.149213982620187,1,2,2,0
19.575,982.4370222735969,550.9598878733523,3.1574036824890443,1,2,2,0
19.583333333333332,,,,0,2,2,0
19.591666666666665,,,,0,2,2,0
19.6,,,,0,2,2,0
19.608333333333334,,,,0,2,2,0
19.616666666666667,,,,0,2,2,0
19.625,,,,0,2,2,0
19.633333333333333,,,,0,2,2,0
19.641666666666666,,,,0,2,2,0
19.65,,,,0,2,2,0
19.658333333333335,982.0681098514195,552.2905923925422,3.1566416278934173,1,2,2,0
19.666666666666668,981.0768969991818,551.7132211391142,3.1781841138986855,1,2,2,0
19.675,979.9035071102127,551.1841945858432,3.1888575747386465,1,2,2,0
19.683333333333334,980.5663489483596,551.6603905179617,3.1410551180446946,1,2,2,0
19.691666666666666,980.3446841942505,551.8499006338257,3.160403224335639,1,2,2,0
19.7,980.1948598961033,552.411005537227,3.146775958945971,1,2,2,0
19.708333333333332,980.6170568596212,553.1891857877822,3.1842324083207485,1,2,2,0
19.716666666666665,981.176166864932,553.047102048552,3.168386727691964,1,2,2,0
19.725,980.7854249562026,553.8092090945826,3.1711351004248547,1,2,2,0
19.733333333333334,980.810720985759,554.2808374810392,3.1248375702366245,1,2,2,0
19.741666666666667,981.530646129274,554.311602971697,3.1631218158635246,1,2,2,0
19.75,981.1746031975377,554.4947949571872,3.1859274743197314,1,2,2,0
19.758333333333333,981.796424204259,554.5777696061757,3.1558585137318507,1,2,2,0
19.766666666666666,981.9967597709349,554.2984844155803,3.1654874620717166,1,2,2,0
19.775,982.1383343961332,554.5432020004911,3.1916598549413346,1,2,2,0
19.783333333333335,982.3657621925207,555.2976271123489,3.1851346391548487,1,2,2,0
19.791666666666668,982.3170694062321,555.9355927103475,3.178679794314083,1,2,2,0
19.8,982.7852260538037,556.2598921663008,3.171235890325087,1,2,2,0
19.808333333333334,982.5520925926595,556.8504004289033,3.204931308719533,1,2,2,0
19.816666666666666,982.3438575212322,556.8271687691554,3.1381607825291917,1,2,2,0
19.825,981.595195456794,556.5597506739516,3.1583125814245596,1,2,2,0
19.833333333333332,981.584820389117,556.4810311276983,3.197914922020997,1,2,2,0
19.841666666666665,982.0861023868861,556.1452855115571,3.144017159545189,1,2,2,0
19.85,981.8016800549591,556.1168131745944,3.205349360686446,1,2,2,0
19.858333333333334,981.2739067229786,555.8531938077908,3.18012693457945,1,2,2,0
19.866666666666667,981.7390739185713,555.908940667437,3.1771110324626193,1,2,2,0
19.875,982.038101802529,556.8935738675217,3.209787584747443,1,2,2,0
19.883333333333333,982.654942282649,557.0431503924319,3.183188174650483,1,2,2,0
19.891666666666666,982.0041306984165,557.1405441783794,3.196053499194249,1,2,2,0
19.9,982.6607369251552,557.0893326848711,3.165875039757138,1,2,2,0
19.908333333333335,982.8857324512344,556.8633203837583,3.198556789168535,1,2,2,0
19.916666666666668,982.3654379286088,557.0214893216056,3.1313552061755225,1,2,2,0
19.925,982.4300287293253,556.6616419324481,3.1880330322747845,1,2,2,0
19.933333333333334,982.521301379131,556.0324707828448,3.233382884508013,1,2,2,0
19.941666666666666,982.2789078549624,555.7802543619605,3.2001145993388396,1,2,2,0
19.95,982.9351827005863,556.2897825564031,3.2258301673464547,1,2,2,0
19.958333333333332,982.9893214090879,556.4012242989041,3.1780002857132006,1,2,2,0
19.966666666666665,983.1816940180996,556.8492287791174,3.209519540119966,1,2,2,0
19.975,982.574114719413,555.8890977554254,3.1902092711718133,1,2,2,0
19.983333333333334,982.121492512113,556.0530110118983,3.1945875625457907,1,2,2,0
19.991666666666667,982.115433348287,555.6938520545629,3.1808712358681634,1,2,2,0
20.0,981.7628627462708,555.561502243616,3.174221331482947,1,2,2,0
20.008333333333333,980.9507300342569,556.3385945314476,3.224537322869389,1,2,2,0
20.016666666666666,980.6152047741164,556.7985028850201,3.167534562663666,1,2,2,0
20.025,980.4088456204056,557.0301714561114,3.198226240336036,1,2,2,0
20.033333333333335,980.5851156049885,557.4271124070842,3.2481130005680603,1,2,2,0
20.041666666666668,980.3666743984772,557.057608637107,3.2299380897987624,1,2,2,0
20.05,980.0189973544302,557.0003471130057,3.2080618752461794,1,2,2,0
20.058333333333334,979.7710952871294,557.057668830762,3.247175226432645,1,2,2,0
20.066666666666666,979.4890434240358,556.7234271510476,3.199786802981838,1,2,2,0
20.075,979.5403281825689,557.1314846786853,3.1861293682390817,1,2,2,0
20.083333333333332,979.2725708315218,557.3243526115225,3.2398242725586273,1,2,2,0
20.091666666666665,978.9553449411742,556.9069894164669,3.2208698322177334,1,2,2,0
20.1,978.9856335567347,556.3856343250811,3.170205199363257,1,2,2,0
20.108333333333334,979.3500019249088,555.9876138051297,3.1846339618803636,1,2,2,0
20.116666666666667,979.1387916860476,555.8795003648148,3.2473106100782347,1,2,2,0
20.125,979.4906523344233,555.0690600757255,3.190203174219856,1,2,2,0
20.133333333333333,979.2849948839556,555.7259021843792,3.180625690488614,1,2,2,0
20.141666666666666,979.8550278431097,555.8117200974265,3.2698209829304985,1,2,2,0
20.15,979.1884258816062,555.5704350533019,3.2266502693505354,1,2,2,0
20.158333333333335,979.3252179586933,556.811990815989,3.19787993508823,1,2,2,0
20.166666666666668,979.9551930664876,556.7784580266464,3.22953572114225,1,2,2,0
20.175,979.9367629105082,556.5754067465582,3.1977330877751924,1,2,2,0
20.183333333333334,979.9592386211597,555.9256299721397,3.208943026996959,1,2,2,0
20.191666666666666,980.1717015064027,554.8419181767551,3.2427752966675065,1,2,2,0
20.2,980.4407106246695,554.788561103512,3.2390749451580647,1,2,2,0
20.208333333333332,980.4675498520111,554.9344254688201,3.2167685351847095,1,2,2,0
20.216666666666665,980.6462735912286,554.59274230733,3.208687445061095,1,2,2,0
20.225,980.6126792035247,553.9335816133867,3.2156004187420493,1,2,2,0
20.233333333333334,981.1604358467049,553.8769683923691,3.202869365587724,1,2,2,0
20.241666666666667,981.181116026191,554.5819693655009,3.1919020821315676,1,2,2,0
20.25,981.5784119761063,553.7248695681265,3.2081250722395374,1,2,2,0
20.258333333333333,981.8270468975392,552.5491708991569,3.2204487673296396,1,2,2,0
20.266666666666666,981.9429791980571,552.8339380906204,3.2539683929379826,1,2,2,0
20.275,981.2205168733595,552.7427221735572,3.227030167626885,1,2,2,0
20.283333333333335,981.4285596177789,552.2477026267915,3.2351700592567805,1,2,2,0
20.291666666666668,982.2968513340252,551.8212502235167,3.2598763313854513,1,2,2,0
20.3,982.3078033097023,551.9328277526669,3.2348202801724724,1,2,2,0
20.308333333333334,982.3623205410117,551.8208468890875,3.245048996688997,1,2,2,0
20.316666666666666,982.1847034705175,551.7819282419886,3.233443489131964,1,2,2,0
20.325,982.1927396314288,552.0638436926298,3.2409388609512306,1,2,2,0
20.333333333333332,983.246842542255,551.8491180727369,3.242972824825911,1,2,2,0
20.341666666666665,983.2613952046888,551.5706409213287,3.2280619462272004,1,2,2,0
20.35,983.8685065595113,551.3765110230703,3.2377129981798065,1,2,2,0
20.358333333333334,983.9608040549684,550.9078112176691,3.280901267455617,1,2,2,0
20.366666666666667,984.0413514684731,551.0458093588479,3.199656441109676,1,2,2,0
20.375,983.922146803587,550.6470398243108,3.2739618682012264,1,2,2,0
20.383333333333333,984.4555318828776,550.7908764240522,3.258518292952107,1,2,2,0
20.391666666666666,983.7050026130377,550.1850025510636,3.2456042101342994,1,2,2,0
20.4,982.9988210549109,549.9365107336898,3.234792491371384,1,2,2,0
20.408333333333335,983.0930168925408,549.4959634073049,3.3008534260770173,1,2,2,0
20.416666666666668,982.9978122828882,549.6756999914851,3.236198281043618,1,2,2,0
20.425,982.5686350862144,548.7416531057082,3.275896454407409,1,2,2,0
20.433333333333334,982.1008312774659,549.1396986349426,3.2273930479363235,1,2,2,0
20.441666666666666,982.939488576962,549.2423069390835,3.2096689190315097,1,2,2,0
20.45,983.3357387342149,549.8095024132055,3.2627849288075472,1,2,2,0
20.458333333333332,983.662362136708,549.7914637297207,3.2685821560723345,1,2,2,0
20.466666666666665,983.5256789831143,549.1223060990525,3.265270187642578,1,2,2,0
20.475,983.7748285085181,549.1296928206705,3.2667630211453287,1,2,2,0
20.483333333333334,982.7065156531581,548.6830685157294,3.2688667845108506,1,2,2,0
20.491666666666667,982.6379795724863,548.6806084268159,3.2619785619633035,1,2,2,0
20.5,982.4282995444481,548.3422542171223,3.2381395760065765,1,2,2,0
20.508333333333333,982.4529372810321,548.2573228062563,3.2565514209619066,1,2,2,0
20.516666666666666,982.7032819621053,548.7802390927906,3.2459639623789016,1,2,2,0
20.525,983.0597579587383,548.6854967501073,3.251326824456022,1,2,2,0
20.533333333333335,983.5186903972187,548.6259323271622,3.264542632001528,1,2,2,0
20.541666666666668,984.2101286698725,548.3226611498635,3.2541810096530615,1,2,2,0
20.55,983.7593792320656,548.7757040786394,3.268358105432636,1,2,2,0
20.558333333333334,983.9289687815626,549.1562491075327,3.261312941405867,1,2,2,0
20.566666666666666,983.9602884889787,549.0210816045567,3.2651246433427956,1,2,2,0
20.575,983.8464922325574,548.7550976447473,3.25921432032392,1,2,2,0
20.583333333333332,984.0580117447197,550.1894508736054,3.292401790489177,1,2,2,0
20.591666666666665,984.5338607384897,549.6060583834198,3.271998313166896,1,2,2,0
20.6,984.415334181213,549.6736848015975,3.233618421533547,1,2,2,0
20.608333333333334,984.5188156823344,549.9530882403102,3.295053211648887,1,2,2,0
20.616666666666667,983.7140222400317,549.8303089927557,3.2851678639998116,1,2,2,0
20.625,984.0275612690763,549.665700051177,3.2621441263804853,1,2,2,0
20.633333333333333,984.000686776245,549.53238319067,3.305533408419238,1,2,2,0
20.641666666666666,984.3955630126128,550.0568070117076,3.2785254240254686,1,2,2,0
20.65,984.6235406404278,549.6685928563779,3.270771920401618,1,2,2,0
20.658333333333335,984.6553173873252,549.554235900958,3.289931407797141,1,2,2,0
20.666666666666668,984.7805288167121,549.6718790647541,3.252439346111031,1,2,2,0
20.675,984.3466468187958,549.4868405456414,3.2947420744248794,1,2,2,0
20.683333333333334,983.6811473759323,549.4563873233081,3.2842340623478314,1,2,2,0
20.691666666666666,983.3821219900321,549.170085554413,3.274472410824942,1,2,2,0
20.7,983.4340545144646,549.7946328991092,3.270801497844266,1,2,2,0
20.708333333333332,982.5298775233441,549.7760559546789,3.2745729373744163,1,2,2,0
20.716666666666665,981.6281134731448,549.3527059016409,3.3235288147073185,1,2,2,0
20.725,981.6477687837373,549.5793560298825,3.31099289362769,1,2,2,0
20.733333333333334,981.5352455839384,549.4738830521353,3.32484150218579,1,2,2,0
20.741666666666667,981.8461283820521,549.7245113176016,3.278016632552064,1,2,2,0
20.75,982.0149730105081,549.1618167488067,3.243423706876113,1,2,2,0
20.758333333333333,981.6188027327563,548.957786027132,3.2818863569339953,1,2,2,0
20.766666666666666,982.1524808348471,548.7970849336438,3.2477220666008506,1,2,2,0
20.775,982.4424669729892,549.8363992633168,3.25998321239544,1,2,2,0
20.783333333333335,983.0122708279652,550.3074445290349,3.2322328910593168,1,2,2,0
20.791666666666668,983.2875472523722,550.7664755675537,3.284295943964849,1,2,2,0
20.8,983.4896304786945,550.4110513169592,3.3019655242219565,1,2,2,0
20.808333333333334,984.7434634365029,550.4858393813356,3.2849143951290074,1,2,2,0
20.816666666666666,984.8889721801238,550.029679862369,3.288034440213617,1,2,2,0
20.825,984.7903704233976,550.7536054468684,3.244258694471397,1,2,2,0
20.833333333333332,984.3442203840732,550.6242328109402,3.2583953836741384,1,2,2,0
20.841666666666665,984.551503256683,549.9989168075859,3.281250532192308,1,2,2,0
20.85,985.2040614546629,550.051015583298,3.2900631283539425,1,2,2,0
20.858333333333334,986.3975480128131,550.2583857233648,3.308348410821154,1,2,2,0
20.866666666666667,987.1502438261108,550.9030044866291,3.2987273093259235,1,2,2,0
20.875,987.8148360330096,551.4162030710495,3.3227620879634863,1,2,2,0
20.883333333333333,986.8608582599654,550.2540301802666,3.315662086163205,1,2,2,0
20.891666666666666,986.4185784819301,549.4127483115328,3.285626375113439,1,2,2,0
20.9,985.9553336705329,549.5661055706752,3.2844001908509943,1,2,2,0
20.908333333333335,986.4728342551116,548.4844581318222,3.296420006360279,1,2,2,0
20.916666666666668,986.812134282745,548.8505102020371,3.282919350029963,1,2,2,0
20.925,986.4655329166594,549.1125917959724,3.3092184215124667,1,2,2,0
20.933333333333334,986.9208952330084,549.2419380765224,3.309855965237588,1,2,2,0
20.941666666666666,987.268132030047,549.4944661194672,3.2888170438463438,1,2,2,0
20.95,987.3261418828112,549.1769671727238,3.295113753731623,1,2,2,0
20.958333333333332,987.0234655432382,548.9553818079489,3.289922800235054,1,2,2,0
20.966666666666665,987.5253363700651,548.4487092221312,3.278019508186234,1,2,2,0
20.975,987.731224559096,548.6584825491819,3.267012710457214,1,2,2,0
20.983333333333334,987.5290959251926,549.0510132163747,3.2889004394551082,1,2,2,0
20.991666666666667,987.8635451002278,548.9368228868723,3.2903060925849212,1,2,2,0
21.0,987.7354403697504,548.7373428441185,3.3000855969534864,1,2,2,0
21.008333333333333,986.7405105532893,549.0204932955007,3.3081564768510825,1,2,2,0
21.016666666666666,987.0609500620614,549.8745888137728,3.3189839866962183,1,2,2,0
21.025,986.9582299711853,549.6520919795341,3.2946069063658587,1,2,2,0
21.033333333333335,987.1362888082597,548.8878368205999,3.2857901474599847,1,2,2,0
21.041666666666668,987.1564831909873,548.4283684566708,3.3175196306504025,1,2,2,0
21.05,987.0696383076433,547.8160632136767,3.3092538616227136,1,2,2,0
21.058333333333334,986.642847511784,547.9208834564853,3.3267461382135606,1,2,2,0
21.066666666666666,987.4050514178473,547.8144594872388,3.272413593725731,1,2,2,0
21.075,987.0922082093042,547.9276781732234,3.3306012141046284,1,2,2,0
21.083333333333332,987.1749843193355,548.1832882126122,3.2930537562886077,1,2,2,0
21.091666666666665,986.7568834672907,548.4006409323141,3.2877927886423857,1,2,2,0
21.1,985.9528660548883,549.1396021445994,3.306529608418433,1,2,2,0
21.108333333333334,984.8247491647927,549.2032307978595,3.3013631213770953,1,2,2,0
21.116666666666667,984.5849444817014,549.5547780115855,3.2814110175623883,1,2,2,0
21.125,983.8406183732828,550.4282629170864,3.3128544406008418,1,2,2,0
21.133333333333333,983.8069311444241,550.1194466490714,3.296829730665257,1,2,2,0
21.141666666666666,984.4490564534668,550.7171851878694,3.340910621704375,1,2,2,0
21.15,983.8017334310326,550.2675626663262,3.2913930706521843,1,2,2,0
21.158333333333335,983.5194477738896,549.6460943679043,3.286364213773013,1,2,2,0
21.166666666666668,983.4464296925499,549.0298779931305,3.3067315334428353,1,2,2,0
21.175,983.6490853298488,549.8183595588225,3.305325653189886,1,2,2,0
21.183333333333334,984.1889540267587,549.9647323912392,3.2756550156147197,1,2,2,0
21.191666666666666,984.5476142825111,549.0229448006841,3.2864108694704273,1,2,2,0
21.2,983.8012001980137,548.7487407315602,3.3011440480499354,1,2,2,0
21.208333333333332,984.3990785791424,549.0879971384298,3.29243597839194,1,2,2,0
21.216666666666665,983.4774543439142,549.2888404987345,3.2883877184017916,1,2,2,0
21.225,984.7921491593437,549.0056020386066,3.3068660849457077,1,2,2,0
21.233333333333334,984.8872442426964,549.0959408597105,3.287252157254291,1,2,2,0
21.241666666666667,984.7118326515305,549.2749700067006,3.2924413260662666,1,2,2,0
21.25,984.6548539482416,549.22437995181,3.2993596307557307,1,2,2,0
21.258333333333333,984.138646212798,549.4907213083134,3.308133438554457,1,2,2,0
21.266666666666666,983.5998396593752,549.6950156371671,3.274450418463188,1,2,2,0
21.275,983.4824578982195,550.0103897206094,3.2840267713048785,1,2,2,0
21.283333333333335,983.7436988236526,549.1546211268438,3.302204474113259,1,2,2,0
21.291666666666668,983.6585428382907,548.6271301751041,3.327995213737358,1,2,2,0
21.3,983.0446687564579,548.9584268165042,3.3061818548525497,1,2,2,0
21.308333333333334,983.3429976009319,548.5400360913799,3.296112586451968,1,2,2,0
21.316666666666666,555.3336932068868,557.5889479312297,3.280871687722286,1,2,2,0
21.325,554.6872823523231,557.7280047975653,3.3422707273663557,1,2,2,0
21.333333333333332,983.0273994110751,549.1255414652533,3.3113905245623765,1,2,2,0
21.341666666666665,983.0354701728585,549.2813572770583,3.327379249872026,1,2,2,0
21.35,983.4264016770816,548.9129960789439,3.2853191482719666,1,2,2,0
21.358333333333334,982.7392335993894,548.3919629612611,3.3106985829283246,1,2,2,0
21.366666666666667,982.5674157386273,548.9067075732012,3.3146234242861388,1,2,2,0
21.375,982.6701753519935,548.9862537065226,3.315061241861496,1,2,2,0
21.383333333333333,982.2710662017088,548.8635218038868,3.2934758393346844,1,2,2,0
21.391666666666666,982.518106177608,548.4385963817358,3.292095057040589,1,2,2,0
21.4,982.2628110024532,548.5949083182392,3.3338537894663762,1,2,2,0
21.408333333333335,981.2975042896436,548.9136504209284,3.3325400562211054,1,2,2,0
21.416666666666668,980.5383873529296,549.1756802641173,3.326855399051517,1,2,2,0
21.425,980.7543970052423,549.129526144501,3.305020916898511,1,2,2,0
21.433333333333334,979.8532549426006,548.4253737197681,3.277606654911892,1,2,2,0
21.441666666666666,980.0640733175873,548.0909496775973,3.3232123799196907,1,2,2,0
21.45,980.3959676714295,548.1265267629807,3.2971521109098885,1,2,2,0
21.458333333333332,979.5744590917851,547.3796401492064,3.2963401641272916,1,2,2,0
21.466666666666665,979.8489942276589,547.4391876920391,3.281279410666028,1,2,2,0
21.475,980.3615691583879,547.1253128967516,3.3062627253440806,1,2,2,0
21.483333333333334,980.1607436313852,547.3995460121472,3.321186132951178,1,2,2,0
21.491666666666667,979.6210960219341,547.4881697632496,3.3056099765888782,1,2,2,0
21.5,978.9450255648201,546.3377082504134,3.2835634739430666,1,2,2,0
21.508333333333333,979.5977434146035,546.4969965815151,3.282453471613951,1,2,2,0
21.516666666666666,979.8318420198132,546.4450876026877,3.2521394296040933,1,2,2,0
21.525,980.192517709414,546.0456370532372,3.2931378632678743,1,2,2,0
21.533333333333335,980.2521203058593,546.1322990300397,3.2778327711936583,1,2,2,0
21.541666666666668,979.8537956773146,545.3791489130657,3.273548968380519,1,2,2,0
21.55,979.9896656445469,545.4987564914338,3.2924827999608675,1,2,2,0
21.558333333333334,980.8853633444883,545.3171000167044,3.3160887311865923,1,2,2,0
21.566666666666666,981.1185738002633,544.7634019971715,3.281869761309898,1,2,2,0
21.575,980.3910124435182,544.8829799059911,3.267456922361965,1,2,2,0
21.583333333333332,980.198159568812,544.6357262448474,3.311371005757634,1,2,2,0
21.591666666666665,980.2527385223857,544.0874102484956,3.275729932653085,1,2,2,0
21.6,980.1578763287501,544.27160674011,3.290893987769485,1,2,2,0
21.608333333333334,980.4291043298816,543.8309717102644,3.3099590137612336,1,2,2,0
21.616666666666667,980.7384325829948,543.6195158582568,3.2850371188573977,1,2,2,0
21.625,981.5388384582486,542.7034377591375,3.2907808052390894,1,2,2,0
21.633333333333333,981.2418242747092,543.0472574996746,3.306091983104556,1,2,2,0
21.641666666666666,981.6274833317613,543.1394934776023,3.2824733125784222,1,2,2,0
21.65,982.5873514681518,542.7463221627129,3.2957786180762096,1,2,2,0
21.658333333333335,982.6368564635468,542.6256627130834,3.281564863261249,1,2,2,0
21.666666666666668,982.2497760499388,542.3835594897254,3.320297876889043,1,2,2,0
21.675,981.4558999664741,542.1190338651888,3.319510459804198,1,2,2,0
21.683333333333334,981.0368005775182,541.9500127488426,3.287129435313344,1,2,2,0
21.691666666666666,981.4619004010881,541.9459188850477,3.311605024453895,1,2,2,0
21.7,980.3763870093504,541.6434621002409,3.2914254145963313,1,2,2,0
21.708333333333332,980.0364904775901,542.1247674197004,3.27388303544034,1,2,2,0
21.716666666666665,980.1069139051262,541.8818745433874,3.300303869138675,1,2,2,0
21.725,980.2425264607656,541.0938175572489,3.3436859310075877,1,2,2,0
21.733333333333334,979.5701224402208,540.6448297998626,3.286550047029849,1,2,2,0
21.741666666666667,979.121893922742,540.5981208600786,3.3142155951978234,1,2,2,0
21.75,979.0545301424388,539.4706793622198,3.33528453460672,1,2,2,0
21.758333333333333,978.9315667939637,540.0601309483013,3.2807210127069775,1,2,2,0
21.766666666666666,977.8276595039688,540.2596165731874,3.326794651689353,1,2,2,0
21.775,977.6986620450059,540.3480264377158,3.3024605699908594,1,2,2,0
21.783333333333335,977.3250789758229,540.368339415712,3.284212921188678,1,2,2,0
21.791666666666668,977.7146320462858,540.1160459398258,3.352806861157659,1,2,2,0
21.8,977.8532494021105,539.7910860193921,3.2942107568057692,1,2,2,0
21.808333333333334,978.044351885867,539.860022447472,3.327504593030496,1,2,2,0
21.816666666666666,978.125128731117,539.8647899938815,3.329873496109174,1,2,2,0
21.825,978.1428243952795,539.4367051793605,3.3216667206792936,1,2,2,0
21.833333333333332,978.4630454073011,539.3137316787876,3.2991559213025208,1,2,2,0
21.841666666666665,977.9428713342891,539.2640013775837,3.2941235777740756,1,2,2,0
21.85,977.0795453994699,539.5718787281847,3.338567195579935,1,2,2,0
21.858333333333334,977.6319274928618,539.848273391544,3.2969993546476903,1,2,2,0
21.866666666666667,978.1342959626137,540.7557587381899,3.37522703674576,1,2,2,0
21.875,978.5611159159631,541.2965253456208,3.3301188056699056,1,2,2,0
21.883333333333333,979.1108246939015,540.4062221575463,3.3073465221526086,1,2,2,0
21.891666666666666,979.9625786270619,539.5187757802242,3.3241964564282753,1,2,2,0
21.9,980.3398524562281,539.3523137954488,3.3102840666689146,1,2,2,0
21.908333333333335,1313.008298690219,643.8000722043378,3.2967934068248272,1,2,2,0
21.916666666666668,1313.006198248158,643.2967962641421,3.3392158306099184,1,2,2,0
21.925,980.5087839706866,539.164746528151,3.321618558210697,1,2,2,0
21.933333333333334,980.5530872788388,539.5613776679438,3.3097753601448767,1,2,2,0
21.941666666666666,980.6507826151316,539.3066142063075,3.3143832679401273,1,2,2,0
21.95,980.7680521226965,539.761466519641,3.313796798974862,1,2,2,0
21.958333333333332,979.7501257577336,538.9314858903634,3.312716775303054,1,2,2,0
21.966666666666665,979.0386869961645,539.59433406389,3.342393741935559,1,2,2,0
21.975,978.7426894636496,539.178172554368,3.3559618413813963,1,2,2,0
21.983333333333334,978.780223158802,539.0993975918394,3.272066206557848,1,2,2,0
21.991666666666667,978.7492141564212,538.5881465065536,3.2735665509233813,1,2,2,0
22.0,978.4939170785339,537.6280360262955,3.293446403322222,1,2,2,0
22.008333333333333,978.2449097830755,537.5694939050439,3.28722954238849,1,2,2,0
22.016666666666666,978.1312866389205,538.067274898401,3.285559679568175,1,2,2,0
22.025,978.0332460004852,538.7009891202871,3.258602432479475,1,2,2,0
22.033333333333335,978.4013918539318,538.4908870702932,3.2660489954455807,1,2,2,0
22.041666666666668,978.0035872282652,538.5111808292256,3.276428574884169,1,2,2,0
22.05,977.466081193804,538.3481564820352,3.2600287470355456,1,2,2,0
22.058333333333334,977.9864349370181,537.8378566966984,3.251239354644956,1,2,2,0
22.066666666666666,977.1711096103481,537.8879391434258,3.23375053244528,1,2,2,0
22.075,976.3605303159785,536.8196476911755,3.2822361024837217,1,2,2,0
22.083333333333332,975.5811023392388,536.9959265652724,3.2655238766060877,1,2,2,0
22.091666666666665,976.3024333603771,536.3593935533265,3.2705858342720155,1,2,2,0
22.1,976.6876430528466,535.482219086798,3.2676999082265787,1,2,2,0
22.108333333333334,976.8086049639417,535.0584604864389,3.2455068057236254,1,2,2,0
22.116666666666667,977.0148950171524,535.6244345667657,3.231440562432761,1,2,2,0
22.125,977.1603544562638,535.7278164850937,3.2406870748927963,1,2,2,0
22.133333333333333,976.640566845386,535.9228079533211,3.2467269254249183,1,2,2,0
22.141666666666666,976.5314967131088,535.1896558680953,3.251867075250486,1,2,2,0
22.15,976.4407489236239,534.0362502676744,3.229862158313442,1,2,2,0
22.158333333333335,976.0996542797013,534.2575959359357,3.2454278101272296,1,2,2,0
22.166666666666668,975.7619345673716,533.728573208517,3.251281282479718,1,2,2,0
22.175,975.6294890347881,533.3086829281649,3.2015043030066206,1,2,2,0
22.183333333333334,975.0989219965891,532.9540270744496,3.270745265852176,1,2,2,0
22.191666666666666,974.9253610283128,532.048513561486,3.233503500577734,1,2,2,0
22.2,974.2217505762904,531.8672185895358,3.2559269144663596,1,2,2,0
22.208333333333332,974.9501021515337,531.8711489411021,3.2599065307225406,1,2,2,0
22.216666666666665,974.8727649165919,532.1683946695234,3.223678735530384,1,2,2,0
22.225,975.0838070941908,531.3383450349045,3.227867436831326,1,2,2,0
22.233333333333334,974.9265805588294,531.62834843398,3.2513484857871022,1,2,2,0
22.241666666666667,975.1732508052244,531.4369798822576,3.2250823654477014,1,2,2,0
22.25,975.6800350178264,531.0879398985229,3.2262772375129942,1,2,2,0
22.258333333333333,975.9108085030819,530.8393347266693,3.2393910833634405,1,2,2,0
22.266666666666666,975.0622512632414,530.5057455168139,3.236644391047272,1,2,2,0
22.275,975.0157189280769,530.8496177528397,3.234555799942929,1,2,2,0
22.283333333333335,975.8381955228078,530.4562841891471,3.227344178345879,1,2,2,0
22.291666666666668,974.5276823014462,529.7194640755126,3.222559288195238,1,2,2,0
22.3,974.8121628715212,530.0005814893485,3.21100188481761,1,2,2,0
22.308333333333334,974.7976261455789,530.2265568246105,3.2443664459735047,1,2,2,0
22.316666666666666,974.0815607680136,529.6458823668161,3.238981971914723,1,2,2,0
22.325,974.3089948570547,529.3588860126698,3.216961303024002,1,2,2,0
22.333333333333332,974.1602405954015,530.185486468407,3.236599638793039,1,2,2,0
22.341666666666665,974.5694632325191,530.1497532520488,3.246191374153236,1,2,2,0
22.35,974.0665038888254,529.0173572628969,3.208881239168316,1,2,2,0
22.358333333333334,975.3401208094789,528.6237377136321,3.205937053857668,1,2,2,0
22.366666666666667,975.5211495934527,528.3383866292294,3.2112105743227657,1,2,2,0
22.375,975.3115943587093,528.9458415951215,3.208108780803859,1,2,2,0
22.383333333333333,975.4411972706057,529.7697130272876,3.2309568400904936,1,2,2,0
22.391666666666666,975.3956180685458,530.9288885198442,3.2194375992898996,1,2,2,0
22.4,975.0723257088512,530.6835240787132,3.176896935119372,1,2,2,0
22.408333333333335,973.7993172794653,530.297967896467,3.227306979715569,1,2,2,0
22.416666666666668,974.15260505643,529.9405660648167,3.241283202285214,1,2,2,0
22.425,974.1092939463826,530.9784186984563,3.232887744069217,1,2,2,0
22.433333333333334,974.520318926904,531.2382705181815,3.213590588194213,1,2,2,0
22.441666666666666,975.4433679036697,531.9114401410743,3.1928573745224167,1,2,2,0
22.45,975.7273659845812,532.2783654905041,3.172901391503941,1,2,2,0
22.458333333333332,975.2978496418875,531.8245537644354,3.1889601437216037,1,2,2,0
22.466666666666665,975.4595896438707,531.4779979019767,3.226484406744468,1,2,2,0
22.475,975.8763824327651,531.2611247909745,3.210112895914982,1,2,2,0
22.483333333333334,975.2163958955747,530.948261132392,3.22058849079419,1,2,2,0
22.491666666666667,974.9490104603987,530.6440095472185,3.1913064892233307,1,2,2,0
22.5,974.7498977240397,530.5725290779499,3.215125582497305,1,2,2,0
22.508333333333333,973.4175570146555,530.4440430268161,3.1946942751666936,1,2,2,0
22.516666666666666,973.3681395541075,531.052137433202,3.1821143234320215,1,2,2,0
22.525,973.9960481069791,530.9593442794134,3.20600289036855,1,2,2,0
22.533333333333335,973.509810364956,530.3668666017468,3.1727572254678407,1,2,2,0
22.541666666666668,973.3618775113191,529.8442885986274,3.196366297740491,1,2,2,0
22.55,973.5188806317016,530.1841084860605,3.1898137336816275,1,2,2,0
22.558333333333334,973.7731480196487,531.1383760167797,3.1686380558508476,1,2,2,0
22.566666666666666,973.8364979662252,530.1242273217821,3.184962204984202,1,2,2,0
22.575,974.1644965771384,530.3574142085814,3.1460785302361676,1,2,2,0
22.583333333333332,973.9281607615306,530.5722162367257,3.1879621388181842,1,2,2,0
22.591666666666665,973.4199300436611,530.0388440703191,3.1925463280128104,1,2,2,0
22.6,972.8322725122347,531.0317855052734,3.163349171227368,1,2,2,0
22.608333333333334,972.3290667161973,530.9264155119083,3.1887164010004376,1,2,2,0
22.616666666666667,972.5324748631726,529.5721751274614,3.191900755576806,1,2,2,0
22.625,971.9312545465359,530.0429173533313,3.188534057195839,1,2,2,0
22.633333333333333,972.4793244594304,530.1478995064883,3.1488501221884557,1,2,2,0
22.641666666666666,972.653316298368,530.7230491765879,3.226961109956223,1,2,2,0
22.65,972.8785468521495,531.4404543659225,3.2113911223133704,1,2,2,0
22.658333333333335,972.7198449457929,531.3771642455868,3.1384744823510817,1,2,2,0
22.666666666666668,972.4556790130725,531.1925805504749,3.200563553584232,1,2,2,0
22.675,972.6781394057771,531.848968692791,3.1961910514745786,1,2,2,0
22.683333333333334,972.5439562010476,532.3298714188883,3.1786009657207743,1,2,2,0
22.691666666666666,972.9384346975137,532.5203539376164,3.1680229063195555,1,2,2,0
22.7,973.556121712467,532.5483105427079,3.1991052851331285,1,2,2,0
22.708333333333332,973.502282401141,532.6149222492064,3.17695538433395,1,2,2,0
22.716666666666665,972.9148189358301,533.2280385404399,3.192478615314012,1,2,2,0
22.725,973.3722082987556,533.8136245868553,3.1910301970564805,1,2,2,0
22.733333333333334,973.785101273806,534.1607511539984,3.1657587900868864,1,2,2,0
22.741666666666667,973.3754623602821,534.1398302400477,3.1938882031056575,1,2,2,0
22.75,973.1973541942086,533.8680800047821,3.1867769196685676,1,2,2,0
22.758333333333333,972.6299861871896,533.8920753821774,3.164881433667378,1,2,2,0
22.766666666666666,,,,0,2,2,0
22.775,,,,0,2,2,0
22.783333333333335,,,,0,2,2,0
22.791666666666668,,,,0,2,2,0
22.8,,,,0,2,2,0
22.808333333333334,,,,0,2,2,0
22.816666666666666,,,,0,2,2,0
22.825,,,,0,2,2,0
22.833333333333332,,,,0,2,2,0
22.841666666666665,,,,0,2,2,0
22.85,,,,0,2,2,0
22.858333333333334,,,,0,2,2,0
22.866666666666667,974.243987890283,533.5868757123322,3.1461627203778657,1,2,2,0
22.875,974.2810709835792,533.0871798954729,3.1592677045575464,1,2,2,0
22.883333333333333,973.94051949937,532.5770796220278,3.15362797027679,1,2,2,0
22.891666666666666,974.3244235132704,532.391854186635,3.1464361786662534,1,2,2,0
22.9,973.8862161427546,532.9912408149185,3.1578022331699778,1,2,2,0
22.908333333333335,973.1584030179579,532.3243866900341,3.1791165895863043,1,2,2,0
22.916666666666668,973.4495353288071,531.7221187099536,3.136972436480867,1,2,2,0
22.925,973.5143357142136,531.6637248969294,3.1260586695840162,1,2,2,0
22.933333333333334,973.8980560839708,531.6324369900904,3.1419816204845565,1,2,2,0
22.941666666666666,973.7129552275237,531.8337559340188,3.1240111228045437,1,2,2,0
22.95,973.7400448398007,531.4334126612348,3.120726003571655,1,2,2,0
22.958333333333332,974.8960867290397,531.118589299065,3.1295980514044985,1,2,2,0
22.966666666666665,974.707633817722,531.6785802220822,3.1241313691491097,1,2,2,0
22.975,975.9094830398603,531.0627408846501,3.1449802078153253,1,2,2,0
22.983333333333334,976.661319129445,530.80570457154,3.1642635708147746,1,2,2,0
22.991666666666667,976.0804183415433,531.0265367153664,3.132081305958461,1,2,2,0
23.0,976.5060265922058,531.145277834819,3.122318558962331,1,2,2,0
23.008333333333333,976.9878895771717,531.5553255367406,3.1473773794422635,1,2,2,0
23.016666666666666,977.1483625722254,531.5686774494378,3.1827935363767215,1,2,2,0
23.025,976.0627987564662,531.3915093181213,3.1286467112704965,1,2,2,0
23.033333333333335,976.4393182165054,531.9871502520986,3.108577016439482,1,2,2,0
23.041666666666668,976.1167058706246,531.4578735946488,3.1140295389113763,1,2,2,0
23.05,976.0134301458697,531.5856539514178,3.141825664767764,1,2,2,0
23.058333333333334,976.5471911821257,530.2834643517734,3.1583375810056205,1,2,2,0
23.066666666666666,976.5891114022819,529.81169960488,3.1089649597230666,1,2,2,0
23.075,975.8505977133259,529.0961917263911,3.1000936020752987,1,2,2,0
23.083333333333332,974.7855995640437,529.1934332874598,3.1452461090158113,1,2,2,0
23.091666666666665,975.4316839825528,529.193222101592,3.0981348565532834,1,2,2,0
23.1,975.200164687175,528.9497831177268,3.141987527030498,1,2,2,0
23.108333333333334,975.0609055612504,528.9026492663363,3.139334740735555,1,2,2,0
23.116666666666667,974.9691176761389,528.9847596746982,3.1445750933879832,1,2,2,0
23.125,974.961093124533,529.6566501182783,3.1270148991524254,1,2,2,0
23.133333333333333,974.9759664577481,528.8091507980213,3.1446180219588613,1,2,2,0
23.141666666666666,975.0005096972097,528.8661123633132,3.123708473200034,1,2,2,0
23.15,974.9231454992988,529.1525051344804,3.1414844493425185,1,2,2,0
23.158333333333335,974.2141708479073,528.5650754339462,3.1370976457947366,1,2,2,0
23.166666666666668,974.5631052577601,528.9431437918945,3.115142579864519,1,2,2,0
23.175,975.5700468231438,528.3341476880346,3.137137364503373,1,2,2,0
23.183333333333334,976.3465910804575,527.8222641153603,3.112570694968367,1,2,2,0
23.191666666666666,976.2294937062196,527.4114950485699,3.1563645461570298,1,2,2,0
23.2,976.888452441492,527.2312104978597,3.1182453660044005,1,2,2,0
23.208333333333332,976.993120427539,527.0341602264659,3.1439569018157885,1,2,2,0
23.216666666666665,976.6167314306813,528.3457982012527,3.123265592751216,1,2,2,0
23.225,976.9648690240418,528.3878498589701,3.13526779437236,1,2,2,0
23.233333333333334,977.1876441468781,528.589062479472,3.132156399885734,1,2,2,0
23.241666666666667,977.0843793472354,528.6175097049705,3.108400988269995,1,2,2,0
23.25,977.0137528130795,528.2101754744149,3.1176872507990376,1,2,2,0
23.258333333333333,976.6601647865571,528.6304575373908,3.099399823245763,1,2,2,0
23.266666666666666,977.0188156673446,528.9842018920474,3.1612109177474137,1,2,2,0
23.275,977.6015740050584,528.7664932915663,3.143477845868416,1,2,2,0
23.283333333333335,977.9660086217724,529.7502900974829,3.0982118486024897,1,2,2,0
23.291666666666668,978.7216842570999,529.9951744678353,3.1370196978727165,1,2,2,0
23.3,979.2455465969025,530.7955792664347,3.1037304705468505,1,2,2,0
23.308333333333334,979.8455758995686,530.6699625490639,3.1440732204051103,1,2,2,0
23.316666666666666,980.3694582461553,530.0331887057739,3.0936390078023033,1,2,2,0
23.325,980.1991765349123,530.4232995165579,3.1160156246041044,1,2,2,0
23.333333333333332,979.9820556457739,530.9604011103821,3.083335665334606,1,2,2,0
23.341666666666665,980.204883489269,531.5150890757038,3.0787255645743405,1,2,2,0
23.35,980.192626376214,531.3053520627503,3.1207642894367433,1,2,2,0
23.358333333333334,980.091468694536,531.1814107376788,3.089484041001322,1,2,2,0
23.366666666666667,980.707935163516,530.9450067065907,3.1207406012002035,1,2,2,0
23.375,981.2497815966464,530.6694504136829,3.077238561124751,1,2,2,0
23.383333333333333,981.1391799689245,530.3515352902018,3.0729473074287528,1,2,2,0
23.391666666666666,981.1442541627356,530.8741524914722,3.1099509186865375,1,2,2,0
23.4,981.5755806168278,530.9173475522097,3.1381343200189473,1,2,2,0
23.408333333333335,981.615752746189,530.4544635548613,3.118692752354445,1,2,2,0
23.416666666666668,980.9119633872606,530.007485866538,3.120384798679918,1,2,2,0
23.425,980.8988546333018,530.4000046295237,3.1073668719576646,1,2,2,0
23.433333333333334,981.3225931775921,530.4301354947446,3.085176721479543,1,2,2,0
23.441666666666666,981.5283865164661,530.6244334266281,3.1108027795287843,1,2,2,0
23.45,982.1257142839962,530.7337548641702,3.117886436595207,1,2,2,0
23.458333333333332,982.3236339418906,529.9502878599678,3.112339327734861,1,2,2,0
23.466666666666665,983.1610337891669,529.6677088506243,3.098158861412242,1,2,2,0
23.475,983.3176639537013,529.4730248502456,3.1533441227985004,1,2,2,0
23.483333333333334,982.5502299330781,530.3625932223911,3.0987635317175664,1,2,2,0
23.491666666666667,981.2647456383996,530.2820445828636,3.1054602548022645,1,2,2,0
23.5,980.8931582887673,530.6329060379757,3.083001316206723,1,2,2,0
23.508333333333333,980.0927393842187,529.5296485529346,3.0794383224374378,1,2,2,0
23.516666666666666,980.5318588453481,529.7053790971077,3.099045941274245,1,2,2,0
23.525,980.9765183567501,529.4824683179341,3.1265795272225754,1,2,2,0
23.533333333333335,980.7385211521347,529.3224597391173,3.069489872887599,1,2,2,0
23.541666666666668,979.8638369392658,528.6491262925276,3.1295387488398534,1,2,2,0
23.55,980.4716916422774,528.4562787715324,3.100081759342841,1,2,2,0
23.558333333333334,980.6234225222082,528.2628453556234,3.099612409918927,1,2,2,0
23.566666666666666,980.4264652200923,528.6996353021274,3.110497928192371,1,2,2,0
23.575,980.7554441349095,529.1813815997018,3.139302865630294,1,2,2,0
23.583333333333332,980.4341839447402,528.542663288759,3.099901246900081,1,2,2,0
23.591666666666665,980.7178352090355,528.4251209958793,3.111334252404893,1,2,2,0
23.6,980.9217050389356,529.1491998765231,3.152911795981157,1,2,2,0
23.608333333333334,979.9779276953096,529.0076443745025,3.102699608840122,1,2,2,0
23.616666666666667,980.8335333088179,529.4815646226378,3.0972024495225936,1,2,2,0
23.625,980.8799312169463,528.6491033999008,3.092097827344786,1,2,2,0
23.633333333333333,981.0735725661664,528.8143765896376,3.052920457644416,1,2,2,0
23.641666666666666,980.4807980913051,528.2501145786582,3.097302477061606,1,2,2,0
23.65,980.980069787081,527.107139950246,3.1280239589626535,1,2,2,0
23.658333333333335,979.966980034363,526.7704560438117,3.152955084585521,1,2,2,0
23.666666666666668,979.7070226295266,526.6882188601445,3.1243652112568765,1,2,2,0
23.675,979.2852200033565,527.2128131044012,3.0587335978411896,1,2,2,0
23.683333333333334,979.5193508013499,527.4390458440254,3.0845692252459087,1,2,2,0
23.691666666666666,979.4100989292447,527.0102787241199,3.0799198861945807,1,2,2,0
23.7,979.2935028771499,526.9284000016185,3.1196198054736253,1,2,2,0
23.708333333333332,977.9811663178048,528.476112417967,3.105019432993258,1,2,2,0
23.716666666666665,978.4187421431143,528.3235538658273,3.1429404586400778,1,2,2,0
23.725,978.1358933034251,528.7651196135691,3.094503705845225,1,2,2,0
23.733333333333334,977.9276538355484,530.4196452569695,3.1051629535096104,1,2,2,0
23.741666666666667,977.9980870713426,530.6294335351591,3.105936621406419,1,2,2,0
23.75,978.0850360827263,530.234062546495,3.1318448136844523,1,2,2,0
23.758333333333333,978.591266043204,529.864750062818,3.117179613585851,1,2,2,0
23.766666666666666,978.7323244524276,530.0975617024834,3.121176270265012,1,2,2,0
23.775,978.4784302171537,530.4836036281672,3.089266879228428,1,2,2,0
23.783333333333335,978.4775644015226,531.1343771624645,3.13024842949497,1,2,2,0
23.791666666666668,978.3757824493529,531.0582904640797,3.1025726436621763,1,2,2,0
23.8,978.1693345497837,530.5274827696903,3.0677158767227963,1,2,2,0
23.808333333333334,978.1625623043249,531.2315289774493,3.0922647079490293,1,2,2,0
23.816666666666666,978.2589083460094,531.3666797431657,3.0838065330717175,1,2,2,0
23.825,978.9855092307271,531.6547124374017,3.087068692958401,1,2,2,0
23.833333333333332,978.7386073777112,532.1321562140226,3.0891526031175456,1,2,2,0
23.841666666666665,978.6365956779553,531.3582066107302,3.1024667092971594,1,2,2,0
23.85,978.0862733162832,531.1559898517751,3.1094928738113614,1,2,2,0
23.858333333333334,978.8797761581338,531.1282770508805,3.0814212961191836,1,2,2,0
23.866666666666667,979.0469160019755,531.5544986603472,3.0957151963629066,1,2,2,0
23.875,979.1443572404584,531.3119126596491,3.104282729449273,1,2,2,0
23.883333333333333,979.6112465824106,531.2794014446343,3.085596076829604,1,2,2,0
23.891666666666666,979.4170088060982,531.9440475188986,3.1233687123343334,1,2,2,0
23.9,979.1800617691067,532.1224014979808,3.098362704636141,1,2,2,0
23.908333333333335,979.1509062182803,532.2459266899573,3.1042907985336194,1,2,2,0
23.916666666666668,979.2859583555548,532.5821567723851,3.127516760842872,1,2,2,0
23.925,979.427157998573,532.4675837275204,3.1133223192248276,1,2,2,0
23.933333333333334,979.4341279873234,532.7088928933194,3.0953268690237086,1,2,2,0
23.941666666666666,979.6413537316048,532.178068161762,3.073763155123606,1,2,2,0
23.95,979.7029917424451,531.6456793463719,3.0828085787629487,1,2,2,0
23.958333333333332,979.9726830897405,532.1764093721989,3.0883970161319736,1,2,2,0
23.966666666666665,979.7565013328152,531.3286787976424,3.137650695890832,1,2,2,0
23.975,979.1613897057463,530.8816317778341,3.108616343074882,1,2,2,0
23.983333333333334,979.0764054605993,530.909772588863,3.1094961209111722,1,2,2,0
23.991666666666667,979.2168039625346,530.8721341647847,3.0984307841026766,1,2,2,0
24.0,979.6351487319071,530.5233125857663,3.1164909956103783,1,2,2,0
24.008333333333333,979.758616748023,530.3584656162969,3.083228399236184,1,2,2,0
24.016666666666666,979.3568089356022,530.4595928330551,3.122664744865477,1,2,2,0
24.025,979.7288937957986,529.935579948132,3.0793593539711166,1,2,2,0
24.033333333333335,979.4021460294622,530.557583645636,3.0748537585513134,1,2,2,0
24.041666666666668,978.8069144825097,530.5850432333999,3.1106906842228423,1,2,2,0
24.05,978.306032522728,530.4151849281943,3.0950438498583415,1,2,2,0
24.058333333333334,978.264595255518,530.171697695098,3.102465873437194,1,2,2,0
24.066666666666666,979.0479484126381,530.046502192638,3.0931770075092424,1,2,2,0
24.075,978.8483579458891,530.618950263754,3.1197815662806163,1,2,2,0
24.083333333333332,979.481937035494,531.0278664183821,3.1150540605406207,1,2,2,0
24.091666666666665,979.0523373827009,530.6426396138654,3.0989293827158337,1,2,2,0
24.1,979.2259393261559,530.0478383208658,3.0810866837018276,1,2,2,0
24.108333333333334,979.3224063070262,529.8418093938898,3.07378238650756,1,2,2,0
24.116666666666667,979.6405744904004,529.256943597498,3.130400179134503,1,2,2,0
24.125,979.5833568755623,529.466405373128,3.107094909724232,1,2,2,0
24.133333333333333,979.7823555411786,529.3323203419009,3.117276330109284,1,2,2,0
24.141666666666666,980.4676928856143,529.8421027020586,3.100170962714953,1,2,2,0
24.15,979.8875392599484,530.1331470905054,3.102820908170722,1,2,2,0
24.158333333333335,979.9370033361294,530.1152361037991,3.0951258367890646,1,2,2,0
24.166666666666668,978.9741433852903,529.5755216746418,3.0836179112095494,1,2,2,0
24.175,978.4071907096719,529.5205194733786,3.087184414579042,1,2,2,0
24.183333333333334,978.6755163090713,528.8484755713486,3.1223915580470356,1,2,2,0
24.191666666666666,978.3116680037161,529.7028089535806,3.0951968451412255,1,2,2,0
24.2,979.5884683622675,528.6999216196477,3.0983698016574315,1,2,2,0
24.208333333333332,980.4691853226263,528.8772262708474,3.108678894693347,1,2,2,0
24.216666666666665,981.5790685932321,528.2201075282986,3.141507414283338,1,2,2,0
24.225,981.7418868652143,528.3643031204379,3.133807542416457,1,2,2,0
24.233333333333334,982.427253759932,527.5593398061617,3.122823337987653,1,2,2,0
24.241666666666667,982.300975293351,528.1852826259562,3.125992504330327,1,2,2,0
24.25,981.4814982563465,528.5347080340683,3.103561440064262,1,2,2,0
24.258333333333333,980.9327616259756,528.6070750253919,3.130729469426359,1,2,2,0
24.266666666666666,981.9697841702298,529.3451866327896,3.0966706315676746,1,2,2,0
24.275,982.6864502986709,528.8824878387182,3.1377977506293133,1,2,2,0
24.283333333333335,983.1269444250058,528.7597093118961,3.0933896988195966,1,2,2,0
24.291666666666668,982.9219524401217,528.6313732430712,3.1374288873328737,1,2,2,0
24.3,982.4451598793395,528.735268005182,3.096475776515777,1,2,2,0
24.308333333333334,982.4014111651248,528.4589471286046,3.144931044131869,1,2,2,0
24.316666666666666,982.8571847508861,528.7964745441017,3.1400283025451605,1,2,2,0
24.325,982.5769939758871,528.8249810949485,3.0981828970406013,1,2,2,0
24.333333333333332,982.2234310229782,527.5273290816667,3.1219344224428545,1,2,2,0
24.341666666666665,982.4176332300275,527.4687573481057,3.1388748556899184,1,2,2,0
24.35,982.579865495819,526.9314449612983,3.1655521293387734,1,2,2,0
24.358333333333334,982.2115923662277,527.0478029013665,3.121980649193775,1,2,2,0
24.366666666666667,982.1837984249705,527.2463086570044,3.120450181550693,1,2,2,0
24.375,981.1480299352623,527.8188364285706,3.132485676768016,1,2,2,0
24.383333333333333,980.9891839368746,528.2822832941853,3.14429509638112,1,2,2,0
24.391666666666666,980.6608207963541,528.0220947548041,3.132591140472882,1,2,2,0
24.4,980.585885078144,528.042431292241,3.1087288567903215,1,2,2,0
24.408333333333335,1136.3580770209282,603.1644075477479,3.1610738701392167,1,2,2,0
24.416666666666668,1136.928875537216,603.3161980861764,3.133068219601275,1,2,2,0
24.425,979.7826360410695,527.3331225292552,3.1458894210385795,1,2,2,0
24.433333333333334,980.4096466165373,527.4822162758072,3.1033296028639796,1,2,2,0
24.441666666666666,980.6389910921495,527.36943185946,3.124554108299262,1,2,2,0
24.45,980.345247410944,527.4058355098938,3.1053052378125363,1,2,2,0
24.458333333333332,980.5836818805677,527.9531282702152,3.1370770738319584,1,2,2,0
24.466666666666665,980.3945110079853,527.9187092498042,3.159337866020848,1,2,2,0
24.475,979.9905276068763,528.1577319083884,3.166517524335499,1,2,2,0
24.483333333333334,979.3763110424458,528.6440258946028,3.134047898599895,1,2,2,0
24.491666666666667,977.8881616751302,528.4100694113076,3.1574309318959854,1,2,2,0
24.5,978.4942251014144,528.8134034613181,3.1552207707511095,1,2,2,0
24.508333333333333,978.995133749579,528.2918483219324,3.1265873954487553,1,2,2,0
24.516666666666666,978.1173345185347,527.4400273633145,3.1369059797139713,1,2,2,0
24.525,978.4176498460553,527.9195261171989,3.11997383421193,1,2,2,0
24.533333333333335,978.1562968410569,527.5871985046405,3.1596469568259495,1,2,2,0
24.541666666666668,978.0842159296128,527.5622798316837,3.171217199600869,1,2,2,0
24.55,977.2902269079603,527.4186897842663,3.1579792118104963,1,2,2,0
24.558333333333334,977.4289056642828,526.8011216708468,3.155649220194728,1,2,2,0
24.566666666666666,977.5163144867726,526.8110222302458,3.150738188878358,1,2,2,0
24.575,978.2932754652329,527.2416327226102,3.185678972904379,1,2,2,0
24.583333333333332,978.150123318206,527.1392099412998,3.1523850536521008,1,2,2,0
24.591666666666665,978.4956252322456,527.9558301615377,3.1290391109468634,1,2,2,0
24.6,978.4046086971497,528.2996514888645,3.146268955738273,1,2,2,0
24.608333333333334,978.9848243026419,528.4712953612658,3.1768285690366374,1,2,2,0
24.616666666666667,978.9228130312563,528.8345169791784,3.1644430745289527,1,2,2,0
24.625,979.3908191816565,529.0743589801809,3.0985988717293305,1,2,2,0
24.633333333333333,979.3737734483785,528.891398723411,3.1749018907709425,1,2,2,0
24.641666666666666,979.5556727112731,528.3961388952724,3.1240075557727467,1,2,2,0
24.65,979.2022225437753,528.5189034261164,3.1301508752942153,1,2,2,0
24.658333333333335,978.6550371357866,528.11108662987,3.0852140026234123,1,2,2,0
24.666666666666668,979.0092224674083,527.8939257701447,3.1616525941959956,1,2,2,0
24.675,980.041053067449,527.130241293037,3.173487613308731,1,2,2,0
24.683333333333334,980.3657912610252,527.5000428506884,3.156966023371668,1,2,2,0
24.691666666666666,980.1600245966,528.2934093522516,3.1798945257441313,1,2,2,0
24.7,980.0051682769314,528.3595001601608,3.1892054365973523,1,2,2,0
24.708333333333332,980.219781005731,528.4491155129969,3.191695215352981,1,2,2,0
24.716666666666665,980.0656595594078,528.052568845889,3.177438672153833,1,2,2,0
24.725,980.3989033004357,528.4100139219302,3.1570741496637242,1,2,2,0
24.733333333333334,980.0892742099479,527.6213869321741,3.157947819281211,1,2,2,0
24.741666666666667,980.2828006857359,528.2589581561973,3.2116752462512297,1,2,2,0
24.75,979.6731754157911,529.0890043513953,3.171976825248009,1,2,2,0
24.758333333333333,979.1821080261846,528.0779374649194,3.1654639964623623,1,2,2,0
24.766666666666666,978.3260468851844,528.2388328511295,3.1691516130588924,1,2,2,0
24.775,979.2016047747236,528.926324169599,3.195615333307608,1,2,2,0
24.783333333333335,979.2037424366163,528.966567662552,3.165493476782072,1,2,2,0
24.791666666666668,978.4990675650049,528.472344104667,3.134460848308882,1,2,2,0
24.8,979.0524194539132,528.3806874203783,3.168883312634118,1,2,2,0
24.808333333333334,978.5011720944884,528.4663550561139,3.1858969979429586,1,2,2,0
24.816666666666666,978.2910857371592,527.6620987621013,3.1769173155777595,1,2,2,0
24.825,979.1615775384857,528.2591613992375,3.21367022339419,1,2,2,0
24.833333333333332,979.5015452540982,528.4030440398722,3.1764270094680076,1,2,2,0
24.841666666666665,979.7325276955869,527.7843547627425,3.197034207990178,1,2,2,0
24.85,979.3594053331631,528.6178584771378,3.222358219857943,1,2,2,0
24.858333333333334,979.2576636945046,528.9969690042286,3.221506410453162,1,2,2,0
24.866666666666667,978.7442587581041,528.8931934362295,3.189477708956926,1,2,2,0
24.875,978.0061956510267,528.1857819636241,3.162858619971189,1,2,2,0
24.883333333333333,978.4365407622499,528.568448107233,3.169293147291199,1,2,2,0
24.891666666666666,978.2922118018416,528.5742008301613,3.155174385559614,1,2,2,0
24.9,978.0274540511241,528.5048909963085,3.1751877799291615,1,2,2,0
24.908333333333335,977.458774574894,528.6033941514539,3.1964967702314175,1,2,2,0
24.916666666666668,977.987137899431,529.0218786886824,3.209988116444758,1,2,2,0
24.925,977.6301557469277,529.1786018347744,3.206092879101942,1,2,2,0
24.933333333333334,977.7230377260317,528.8051031606153,3.19124337730594,1,2,2,0
24.941666666666666,978.6289259683368,528.0873362634355,3.182319823595716,1,2,2,0
24.95,978.243736348665,528.6296196864873,3.2037224429113875,1,2,2,0
24.958333333333332,977.9443031173189,528.4499095411304,3.201983786995509,1,2,2,0
24.966666666666665,978.1000456633186,529.2914609848441,3.1624160657148996,1,2,2,0
24.975,977.9109195908519,528.7522022659792,3.192623577638589,1,2,2,0
24.983333333333334,977.8992398412167,528.0896929666012,3.1893255267206313,1,2,2,0
24.991666666666667,978.6204987567147,528.1656109473838,3.2301635915106726,1,2,2,0
25.0,979.1086635475036,527.9415669551067,3.2184056374951657,1,2,2,0
25.008333333333333,978.9350152379571,527.8167781374228,3.1628424894148353,1,2,2,0
25.016666666666666,979.7657351104882,527.145603067307,3.188508573365798,1,2,2,0
25.025,980.3939881585477,528.4721545108313,3.179109637105314,1,2,2,0
25.033333333333335,979.8290840194311,527.5767407826028,3.2070431552978556,1,2,2,0
25.041666666666668,979.6927030891128,528.7925851125345,3.156549006498531,1,2,2,0
25.05,978.9689193377502,528.5000624452321,3.1924543281765008,1,2,2,0
25.058333333333334,979.5544201891465,529.0687847188451,3.2537279525846925,1,2,2,0
25.066666666666666,978.3912362899608,529.1334861185653,3.173145316000004,1,2,2,0
25.075,978.9050149150466,529.3069703090156,3.2209672721455,1,2,2,0
25.083333333333332,978.6252323743996,529.1987587402152,3.2033896718858874,1,2,2,0
25.091666666666665,978.0548151744267,529.3030870997408,3.2036047564819903,1,2,2,0
25.1,977.7379615705752,529.494004452369,3.212769913195428,1,2,2,0
25.108333333333334,978.0269195254833,528.1699046709889,3.2250588373865265,1,2,2,0
25.116666666666667,977.5862519600098,526.6413398236606,3.1862232413360694,1,2,2,0
25.125,976.7353891049357,526.7922993801053,3.231782024954248,1,2,2,0
25.133333333333333,976.5290985304413,527.1284471239982,3.2115136895426266,1,2,2,0
25.141666666666666,976.5723193593096,527.2849804330723,3.2047308332718436,1,2,2,0
25.15,977.3311459292225,527.0505916553674,3.215772463463068,1,2,2,0
25.158333333333335,978.0721591724683,527.4170072954261,3.2070436881268205,1,2,2,0
25.166666666666668,978.4926663037521,527.781942912737,3.2130706671668126,1,2,2,0
25.175,977.6258069644193,527.8669107030302,3.222772370705497,1,2,2,0
25.183333333333334,976.8463138410781,527.9460408008927,3.2096288667062534,1,2,2,0
25.191666666666666,976.6362383680006,527.6140144088657,3.221772901009836,1,2,2,0
25.2,975.645167481812,527.5763167328182,3.254228402018923,1,2,2,0
25.208333333333332,975.5180646698022,526.9147804392612,3.216481184864086,1,2,2,0
25.216666666666665,975.7582722877621,526.1719108981192,3.2301800753240477,1,2,2,0
25.225,975.8203512816368,526.3516224891283,3.196291835857438,1,2,2,0
25.233333333333334,975.5081682659037,526.1139338200311,3.243088312130662,1,2,2,0
25.241666666666667,976.433011380923,525.880845065044,3.228509626074497,1,2,2,0
25.25,976.5860561268612,524.8296609739135,3.236471890056946,1,2,2,0
25.258333333333333,977.861181449207,525.1615520764946,3.2482833107383726,1,2,2,0
25.266666666666666,977.7031335304047,524.8686202455154,3.2355200630936944,1,2,2,0
25.275,977.1194826489454,524.1745039225111,3.2264971126001925,1,2,2,0
25.283333333333335,977.0623510305921,523.8844856942294,3.2131513032793286,1,2,2,0
25.291666666666668,977.1471643195083,523.5645432504597,3.264919914989695,1,2,2,0
25.3,977.2712979279441,523.6215417706032,3.206386033022814,1,2,2,0
25.308333333333334,977.8274516366845,523.7167552103252,3.2209799958422782,1,2,2,0
25.316666666666666,977.4875708844029,523.1373427149766,3.226841380912501,1,2,2,0
25.325,977.8788588674527,522.8522827278673,3.234022779899997,1,2,2,0
25.333333333333332,977.9396714309385,522.0580426131945,3.2633796368444195,1,2,2,0
25.341666666666665,977.7658737299463,522.5155385572491,3.221619550909786,1,2,2,0
25.35,977.4183171521375,522.2298364214133,3.256839788649416,1,2,2,0
25.358333333333334,976.5562737808901,522.4074041298529,3.2059315299643134,1,2,2,0
25.366666666666667,976.933393517571,521.8226821270841,3.2738716616466768,1,2,2,0
25.375,977.5156952879888,521.410699501047,3.2566830127504285,1,2,2,0
25.383333333333333,977.3163130723846,521.5798925404259,3.248700554611931,1,2,2,0
25.391666666666666,977.4389287752625,521.7211374634072,3.1921759674546384,1,2,2,0
25.4,977.0816300384346,521.8357782106075,3.250725398249547,1,2,2,0
25.408333333333335,977.40401834585,522.039366486313,3.223258804968964,1,2,2,0
25.416666666666668,977.4899922877079,522.4567753538523,3.2307467001251147,1,2,2,0
25.425,977.6297242671852,521.4583958060236,3.2289141084685955,1,2,2,0
25.433333333333334,978.5206884318976,520.8954864944019,3.275474665327161,1,2,2,0
25.441666666666666,978.3105211578069,520.1845794301155,3.2703492283081816,1,2,2,0
25.45,977.3756275116033,519.9842422545439,3.2611589964146055,1,2,2,0
25.458333333333332,977.1175993313057,519.499066695935,3.2497030087242442,1,2,2,0
25.466666666666665,977.0943737194397,519.0574339249658,3.251570989401754,1,2,2,0
25.475,976.8979934029527,518.6194084337817,3.2615577554076673,1,2,2,0
25.483333333333334,977.0272633900648,518.9223197563213,3.275583877009007,1,2,2,0
25.491666666666667,977.3622546915458,518.6527337020699,3.2839107659794893,1,2,2,0
25.5,977.5715145559133,518.309142361349,3.2490138117611296,1,2,2,0
25.508333333333333,977.8890972426389,517.1251231513668,3.2493682222169875,1,2,2,0
25.516666666666666,978.3917644627381,517.2420647124661,3.2831820541675927,1,2,2,0
25.525,979.5425694508777,516.641350034512,3.2371619306809722,1,2,2,0
25.533333333333335,979.1926642630126,517.0560489808963,3.271526203447579,1,2,2,0
25.541666666666668,979.8824276629858,516.5936706993434,3.2792029884511953,1,2,2,0
25.55,980.1540671195365,516.757057136007,3.2534357729767773,1,2,2,0
25.558333333333334,979.5552616086736,517.0405218071027,3.255693390812197,1,2,2,0
25.566666666666666,979.7506196751478,516.0641714545387,3.238510991192527,1,2,2,0
25.575,979.282492330828,516.7776780248282,3.2286823273910272,1,2,2,0
25.583333333333332,979.4704831109432,515.8336942099643,3.272668850969507,1,2,2,0
25.591666666666665,979.077683757064,516.0530100789456,3.260878207103285,1,2,2,0
25.6,978.9056846400873,515.8942155324169,3.264944345603291,1,2,2,0
25.608333333333334,978.6977567039006,515.9039695904152,3.240315519017948,1,2,2,0
25.616666666666667,979.2005740476892,515.3976587187607,3.2515359238104247,1,2,2,0
25.625,978.8559334638907,515.4293873418377,3.250537460699611,1,2,2,0
25.633333333333333,979.0142298832749,514.5898729663407,3.287238174301937,1,2,2,0
25.641666666666666,613.3506773651517,378.94406493213876,3.2841943496840975,1,2,2,0
25.65,613.9509456186214,378.62000646144224,3.260032652675695,1,2,2,0
25.658333333333335,979.2326231074595,515.2943543152801,3.2452500200614,1,2,2,0
25.666666666666668,978.7035585584915,515.8454270573046,3.287730841523464,1,2,2,0
25.675,979.418758329322,515.6608825848798,3.2785372813474005,1,2,2,0
25.683333333333334,979.8216940106878,515.0108287629336,3.2777289378151675,1,2,2,0
25.691666666666666,978.7240584678036,515.2111389913608,3.28855036664675,1,2,2,0
25.7,979.2302946661036,515.2293753318642,3.2453740667027535,1,2,2,0
25.708333333333332,978.8287212894234,515.7113093621696,3.3062271878664573,1,2,2,0
25.716666666666665,978.8944499901055,516.077145697074,3.2945021748601517,1,2,2,0
25.725,979.5856242642876,515.6831336689885,3.313553748757873,1,2,2,0
25.733333333333334,979.6599757704191,514.6430526553627,3.248381597885119,1,2,2,0
25.741666666666667,979.3256703732595,514.8597020603672,3.278074388530554,1,2,2,0
25.75,980.2459877058448,514.8179781005574,3.311467415591019,1,2,2,0
25.758333333333333,979.9868950467378,515.1148760057738,3.284463513514583,1,2,2,0
25.766666666666666,979.5200722634459,514.7712041909804,3.3179048216501354,1,2,2,0
25.775,979.8351164093289,514.4229777475884,3.310251098037977,1,2,2,0
25.783333333333335,980.7958598883938,513.5485266194494,3.292964249806499,1,2,2,0
25.791666666666668,981.7639083273473,513.8400773660608,3.274063649368663,1,2,2,0
25.8,981.3113170676392,512.9162965553367,3.2951198430710145,1,2,2,0
25.808333333333334,982.1313767035394,512.8416480955566,3.2856034748736627,1,2,2,0
25.816666666666666,981.3465325279691,512.6782055020719,3.2681364936865265,1,2,2,0
25.825,979.9446911006944,512.9215007685386,3.2881923768067964,1,2,2,0
25.833333333333332,980.5319512056599,512.6131490880307,3.322360773260954,1,2,2,0
25.841666666666665,979.6678757894426,513.0361032682134,3.280207974163892,1,2,2,0
25.85,980.3920895287823,512.7068027527276,3.307053525022134,1,2,2,0
25.858333333333334,980.3594803487647,512.440002132669,3.2858879239689402,1,2,2,0
25.866666666666667,980.3724553937458,512.1412898475911,3.2976737393310103,1,2,2,0
25.875,980.5553970857696,511.6772450380872,3.3239332566631905,1,2,2,0
25.883333333333333,981.0840969408933,511.46514571060123,3.3050032597657153,1,2,2,0
25.891666666666666,981.8380147668367,511.2348299690061,3.2658638050915716,1,2,2,0
25.9,981.1513526420483,510.64336856003155,3.286141414593811,1,2,2,0
25.908333333333335,980.5903741336957,510.00251661911767,3.3061541626284363,1,2,2,0
25.916666666666668,980.8272740970183,510.56582596402666,3.3006136968727717,1,2,2,0
25.925,981.3215991418534,509.81465552380524,3.290776822119595,1,2,2,0
25.933333333333334,981.0938053790348,509.70734668069747,3.295171390135944,1,2,2,0
25.941666666666666,980.5889023732803,510.3352139008317,3.289333099360542,1,2,2,0
25.95,981.2345396681172,509.8794902923066,3.3271902164434173,1,2,2,0
25.958333333333332,981.6179627599209,509.7044009515751,3.2881952525620113,1,2,2,0
25.966666666666665,1264.9608865345042,548.5668636173287,3.315869509910519,1,2,2,0
25.975,1264.3484777277856,547.7985823444793,3.310898018978131,1,2,2,0
25.983333333333334,982.0019907942815,508.785028179722,3.259379906768107,1,2,2,0
25.991666666666667,981.7346318823137,508.75831444808637,3.2938731063165343,1,2,2,0
26.0,982.714482284637,508.4962364146347,3.2566804685478674,1,2,2,0
26.008333333333333,983.4899990703459,508.35779417270413,3.3136602486637345,1,2,2,0
26.016666666666666,982.810343008715,508.23781453589066,3.31378758036305,1,2,2,0
26.025,983.245521360693,508.1194118222632,3.3277882746781,1,2,2,0
26.033333333333335,983.419333612691,508.0873250768892,3.3185674066556436,1,2,2,0
26.041666666666668,983.1936304893698,508.08774728688877,3.2803206169932633,1,2,2,0
26.05,983.0138601797995,507.93828237357036,3.3199049129929685,1,2,2,0
26.058333333333334,982.8974995304881,508.14601817473664,3.3184596592806934,1,2,2,0
26.066666666666666,982.4032764364258,508.3324004721334,3.314417573012767,1,2,2,0
26.075,982.2059037998414,508.84377442088623,3.3157201715641254,1,2,2,0
26.083333333333332,982.4377032627797,508.827641300066,3.3338887513723674,1,2,2,0
26.091666666666665,983.0207551547261,508.6709330487141,3.2965261643835624,1,2,2,0
26.1,983.2154986190595,509.237291558152,3.3072012294011195,1,2,2,0
26.108333333333334,983.3028391527947,509.62415724178635,3.2972132418954447,1,2,2,0
26.116666666666667,983.4289092364992,509.24740879729643,3.3165010848816556,1,2,2,0
26.125,983.3488891581126,509.87513523608436,3.3185948703996826,1,2,2,0
26.133333333333333,983.1169587182596,510.06747548879014,3.2948567785555,1,2,2,0
26.141666666666666,983.0092607539128,508.95807710283526,3.265832314748506,1,2,2,0
26.15,982.395816278747,508.582132519043,3.268548178262202,1,2,2,0
26.158333333333335,981.3949638028537,509.6522777371842,3.294973375525115,1,2,2,0
26.166666666666668,981.6847889381124,509.31358557885727,3.306146934158262,1,2,2,0
26.175,982.1402545162233,509.62279401887,3.3374255941240434,1,2,2,0
26.183333333333334,981.852586687963,509.52415922323286,3.3142156097721083,1,2,2,0
26.191666666666666,982.3192877799644,509.50866393639996,3.3135120613230256,1,2,2,0
26.2,982.0428190119181,509.1391422172748,3.2888647977739143,1,2,2,0
26.208333333333332,982.2210736827406,509.23518986899086,3.2983677094419677,1,2,2,0
26.216666666666665,982.8860791165675,509.62537794892705,3.260040419492507,1,2,2,0
26.225,983.168609918333,509.41319331414803,3.2848695617379966,1,2,2,0
26.233333333333334,983.564836606009,509.28984834314286,3.2869386871980053,1,2,2,0
26.241666666666667,983.409260789001,509.3767214672886,3.3410956852186153,1,2,2,0
26.25,983.8749017929284,509.3574154590384,3.2861211651258766,1,2,2,0
26.258333333333333,984.5334014952849,509.6412961027692,3.2695144532459324,1,2,2,0
26.266666666666666,984.1337650807618,509.54355454250276,3.3216564141710325,1,2,2,0
26.275,983.9478968139604,509.377771526583,3.2902430196715295,1,2,2,0
26.283333333333335,984.160901691967,510.24996699375697,3.339663132380297,1,2,2,0
26.291666666666668,983.9703465404947,511.0528607549232,3.3141782915790476,1,2,2,0
26.3,985.161707872825,511.2884794050381,3.304916375092301,1,2,2,0
26.308333333333334,985.6574922270433,510.33759586584154,3.3359786141747687,1,2,2,0
26.316666666666666,986.5786544208656,511.10668862783723,3.3111252436697796,1,2,2,0
26.325,986.4293360105648,510.45733005505167,3.296741981473781,1,2,2,0
26.333333333333332,986.1377830956965,510.3342198943623,3.2972251263375076,1,2,2,0
26.341666666666665,985.3720265467845,510.22891328140076,3.2996270054377055,1,2,2,0
26.35,985.019176503856,509.9649824472779,3.3043448298438127,1,2,2,0
26.358333333333334,985.8595916905095,510.08744494461075,3.3054656069776196,1,2,2,0
26.366666666666667,985.8111357308089,510.1258882410112,3.2940665923462817,1,2,2,0
26.375,985.9561112367002,509.7293207845361,3.3183243927400885,1,2,2,0
26.383333333333333,986.2715081971193,509.5731367493293,3.2754939856411465,1,2,2,0
26.391666666666666,986.6859281451195,509.54105691690273,3.31986880159746,1,2,2,0
26.4,987.1405561721988,509.7252575067005,3.3036358050246206,1,2,2,0
26.408333333333335,986.8869189761846,510.19564743421313,3.2754618157211786,1,2,2,0
26.416666666666668,986.7238443352812,511.0233146336258,3.2827364745946013,1,2,2,0
26.425,986.433541968207,511.43712412638627,3.322858893680248,1,2,2,0
26.433333333333334,986.4036461394028,511.44958645760727,3.3212436508190675,1,2,2,0
26.441666666666666,986.1744449281987,511.3834489118208,3.314496708793849,1,2,2,0
26.45,986.2787348128794,512.2335279010828,3.2995010486674015,1,2,2,0
26.458333333333332,986.57962309026,512.7593684435,3.307918394957823,1,2,2,0
26.466666666666665,987.129979574758,513.6392991229735,3.3133814505412373,1,2,2,0
26.475,986.9342572552227,512.8077826859113,3.315591496467019,1,2,2,0
26.483333333333334,987.5795928343483,513.2372863371055,3.3002415390202775,1,2,2,0
26.491666666666667,987.8072271207584,513.0506154818308,3.2968131025959364,1,2,2,0
26.5,987.1641170522012,512.8226965209279,3.3114174623592865,1,2,2,0
26.508333333333333,987.3987443772584,513.0860386685982,3.2933079943844317,1,2,2,0
26.516666666666666,987.7668407743155,513.1893632122076,3.312046535165849,1,2,2,0
26.525,988.0538292155595,513.5362565891825,3.294037738279701,1,2,2,0
26.533333333333335,988.3710673443005,513.9276618885483,3.3380522010941003,1,2,2,0
26.541666666666668,988.1574827828649,513.9389431146084,3.3005437821583405,1,2,2,0
26.55,988.514317629732,514.197525984658,3.291876619070001,1,2,2,0
26.558333333333334,989.1183600287878,514.7100123142953,3.2964271369363365,1,2,2,0
26.566666666666666,989.2587197649099,514.7463097698352,3.2674844003110866,1,2,2,0
26.575,989.7894374234418,514.1352113695342,3.2811291272689926,1,2,2,0
26.583333333333332,990.2560732604143,514.4905689255135,3.2931137172836373,1,2,2,0
26.591666666666665,991.1711041539395,513.7791767721327,3.283912694569322,1,2,2,0
26.6,990.7552354708977,514.9879257508381,3.241162305688112,1,2,2,0
26.608333333333334,991.0875740389513,515.5082832699148,3.3171583209406372,1,2,2,0
26.616666666666667,991.0104186962483,515.4003769381901,3.282821330213884,1,2,2,0
26.625,990.2583750916432,515.2123385071438,3.287421950655662,1,2,2,0
26.633333333333333,990.7956910182855,514.5460716141318,3.2910336746234963,1,2,2,0
26.641666666666666,991.1168765839063,513.4058698396052,3.3042569920793072,1,2,2,0
26.65,990.9860609567738,513.040714817497,3.263278076250175,1,2,2,0
26.658333333333335,991.1464103982516,513.0687538871804,3.2601470038683433,1,2,2,0
26.666666666666668,990.9659703308558,512.9826396788679,3.293039049513496,1,2,2,0
26.675,990.908691953832,511.9478522129484,3.3083807781983134,1,2,2,0
26.683333333333334,990.6797775088296,511.665036186919,3.273175439846941,1,2,2,0
26.691666666666666,990.3968742329693,511.2955928802067,3.305679559985179,1,2,2,0
26.7,990.4881647584407,511.43859659997923,3.2478242945553357,1,2,2,0
26.708333333333332,989.961602672412,511.6278190352307,3.3100779982876722,1,2,2,0
26.716666666666665,990.2004479066871,511.5979435882009,3.2834565345788396,1,2,2,0
26.725,990.3884391631907,511.57167634042725,3.27878150178855,1,2,2,0
26.733333333333334,991.0138656409382,511.4301557234361,3.2333666124322713,1,2,2,0
26.741666666666667,991.0312786247782,511.5413050986981,3.2836080106075034,1,2,2,0
26.75,991.4062575502284,511.5226371175195,3.2654233580705827,1,2,2,0
26.758333333333333,991.4931463069881,511.7013063460281,3.2789707780345156,1,2,2,0
26.766666666666666,991.6345770700814,512.25184082497,3.2956233494827605,1,2,2,0
26.775,991.3943018925441,512.1758265120527,3.3219347281315024,1,2,2,0
26.783333333333335,991.974772506983,512.3930368703559,3.275232252792932,1,2,2,0
26.791666666666668,991.9564660234577,511.55976882046366,3.2962718240675586,1,2,2,0
26.8,992.3365675467745,511.652783122339,3.2763732576988245,1,2,2,0
26.808333333333334,992.0376049357616,512.2638211090341,3.2738478768546573,1,2,2,0
26.816666666666666,992.1739224889609,512.0313631733192,3.2681987736543285,1,2,2,0
26.825,992.2511415691807,511.9212896067162,3.295038435845362,1,2,2,0
26.833333333333332,991.9783367087224,512.9493683469321,3.292376365818362,1,2,2,0
26.841666666666665,992.6120634040605,512.5415521438075,3.2807407586302277,1,2,2,0
26.85,992.9071671845736,512.2463133967752,3.258561651059567,1,2,2,0
26.858333333333334,992.5987249954926,512.5153925940544,3.2701378392882607,1,2,2,0
26.866666666666667,992.8621628894242,513.3358980361832,3.2664699804195085,1,2,2,0
26.875,992.8222646519511,512.605555094738,3.259632088692634,1,2,2,0
26.883333333333333,992.7976569807323,512.7584610390979,3.2621406809537334,1,2,2,0
26.891666666666666,993.1243616018331,512.8059811479176,3.221972080251305,1,2,2,0
26.9,992.0647104949401,512.7581534101447,3.262904632968021,1,2,2,0
26.908333333333335,991.3436203901069,512.7804007446589,3.2755067690559105,1,2,2,0
26.916666666666668,991.3822460742762,513.0359236819775,3.261796503951269,1,2,2,0
26.925,991.3922351859383,511.898701717398,3.261392052581685,1,2,2,0
26.933333333333334,992.0822621085833,511.65428888679304,3.279112386735052,1,2,2,0
26.941666666666666,991.5620329140179,511.3963614258594,3.235141696803906,1,2,2,0
26.95,991.7981348973061,510.48155759477,3.2634592519051644,1,2,2,0
26.958333333333332,991.2805302413935,510.501219905635,3.2337692124773594,1,2,2,0
26.966666666666665,991.0493070515582,511.1381152032395,3.2513305680019218,1,2,2,0
26.975,991.3805007684949,511.6876399892959,3.249796513551795,1,2,2,0
26.983333333333334,990.4094499260553,511.64063048980813,3.290381244942742,1,2,2,0
26.991666666666667,990.785514102605,511.9021473195678,3.274443556516357,1,2,2,0
27.0,990.5102424391685,511.44471106355905,3.26953909463932,1,2,2,0
27.008333333333333,990.6772171925727,511.3922906120706,3.213997663713826,1,2,2,0
27.016666666666666,990.1598582733113,511.88883352813514,3.232537718170752,1,2,2,0
27.025,989.8815309678772,511.35364305903965,3.2429689032289413,1,2,2,0
27.033333333333335,990.2882593497314,511.33217553996394,3.259997089467175,1,2,2,0
27.041666666666668,989.9316652225732,511.8528520684734,3.2338575222334724,1,2,2,0
27.05,989.2830436777767,510.62730195644207,3.230079011909551,1,2,2,0
27.058333333333334,989.6549620714562,510.638102836632,3.2411986757338265,1,2,2,0
27.066666666666666,990.0411293572196,510.7447313915285,3.2607527937503566,1,2,2,0
27.075,989.5218908555931,510.1461625825178,3.2542150303355912,1,2,2,0
27.083333333333332,988.8652495988154,510.20187241513946,3.218206691898714,1,2,2,0
27.091666666666665,989.5319588504098,510.4334607587168,3.2854252901887477,1,2,2,0
27.1,990.2016941939223,510.47317713270195,3.241327842690001,1,2,2,0
27.108333333333334,989.1333139548041,510.313558799548,3.284038974806193,1,2,2,0
27.116666666666667,989.8848076668444,510.72789976457454,3.2328857158167676,1,2,2,0
27.125,989.8426265553823,511.38626488721616,3.239965005954964,1,2,2,0
27.133333333333333,989.6898733151186,510.58892957935734,3.2243323666078565,1,2,2,0
27.141666666666666,989.9809693778824,510.66129425250887,3.2409624828288512,1,2,2,0
27.15,990.1067927013113,510.2821119715631,3.242670992194294,1,2,2,0
27.158333333333335,990.2200265432143,510.8079712071242,3.23774807916976,1,2,2,0
27.166666666666668,989.8838801088302,511.90128985667866,3.265325430417029,1,2,2,0
27.175,990.1847910123838,512.1128504626415,3.2242707252433784,1,2,2,0
27.183333333333334,990.1971008642126,512.0280207037764,3.269649474009925,1,2,2,0
27.191666666666666,990.6496194107325,512.4414451854719,3.2442618920162554,1,2,2,0
27.2,989.9863309000539,511.97282059229406,3.2494771592927654,1,2,2,0
27.208333333333332,989.6557617925239,512.6812861187976,3.2271209604759235,1,2,2,0
27.216666666666665,989.0088221275294,512.1243932058405,3.2401142576909585,1,2,2,0
27.225,990.0145800998333,511.9130922328567,3.2603109505963523,1,2,2,0
27.233333333333334,990.4479073023195,512.1382406110804,3.2635378631416914,1,2,2,0
27.241666666666667,991.9263363927391,512.1094347490349,3.220278300166346,1,2,2,0
27.25,991.5226083025958,512.1877135894291,3.2144448581113316,1,2,2,0
27.258333333333333,991.3028723211216,512.4669629251897,3.256125450506765,1,2,2,0
27.266666666666666,992.5259100275629,513.0919484095604,3.2656647658311386,1,2,2,0
27.275,993.1522531691652,512.842634610763,3.2216396346553338,1,2,2,0
27.283333333333335,992.9718335447459,513.4071147035953,3.241763929422293,1,2,2,0
27.291666666666668,991.8881189475389,513.6589435030156,3.213014374905226,1,2,2,0
27.3,992.1771927484989,513.3279667803436,3.2267182950173305,1,2,2,0
27.308333333333334,992.307199754019,513.383882929006,3.26073592375856,1,2,2,0
27.316666666666666,991.2525847775637,513.9545341338568,3.249218299715508,1,2,2,0
27.325,990.8663048210301,513.0768841431315,3.2282169714125377,1,2,2,0
27.333333333333332,990.5340580500167,513.422961799639,3.252703095180435,1,2,2,0
27.341666666666665,989.9154499334869,512.582204910004,3.2425321644712435,1,2,2,0
27.35,990.1033431263552,512.9402867432472,3.220832111850917,1,2,2,0
27.358333333333334,990.5195607722206,512.9177411814818,3.217964351333354,1,2,2,0
27.366666666666667,990.5835258185693,511.6606427278329,3.2145562684928484,1,2,2,0
27.375,990.5676258762278,511.6142351251455,3.2271058816899507,1,2,2,0
27.383333333333333,991.5105647810514,511.3138704527862,3.1828109894052683,1,2,2,0
27.391666666666666,992.6797758040868,511.8217460729482,3.201010250801354,1,2,2,0
27.4,992.151454863704,511.41130174220484,3.2099744455090766,1,2,2,0
27.408333333333335,990.875130874527,511.4809353407535,3.223458124826621,1,2,2,0
27.416666666666668,990.4011044657635,511.3743426068554,3.214754597608321,1,2,2,0
27.425,990.3432972253077,511.54579609194275,3.1765303110007097,1,2,2,0
27.433333333333334,989.644717221122,511.7863553795637,3.2184789054144134,1,2,2,0
27.441666666666666,989.3965529387337,511.2151681490085,3.1751995732812133,1,2,2,0
27.45,989.707401773605,511.24459018927286,3.2196070665471663,1,2,2,0
27.458333333333332,989.6063348426684,511.258871054226,3.2059197635346357,1,2,2,0
27.466666666666665,989.7780788892379,510.3852126398237,3.199759290948346,1,2,2,0
27.475,989.3814060758048,510.4896689404046,3.1954808149486973,1,2,2,0
27.483333333333334,989.3551913669141,511.17384419033016,3.2315863314201994,1,2,2,0
27.491666666666667,988.3070682915422,510.81551673112364,3.193459056149973,1,2,2,0
27.5,988.4123032808637,510.88168760190933,3.203264760979235,1,2,2,0
27.508333333333333,988.8796367855599,510.7879632481882,3.169152941527793,1,2,2,0
27.516666666666666,989.0735650303968,510.28793438191394,3.223802499086975,1,2,2,0
27.525,989.4306384348289,510.9973640137772,3.161682780786616,1,2,2,0
27.533333333333335,989.0562368652628,511.5976923666282,3.2020196003329535,1,2,2,0
27.541666666666668,988.6732092022163,511.97492885808447,3.202896571952835,1,2,2,0
27.55,988.5545496067047,512.7272377845237,3.216584231420508,1,2,2,0
27.558333333333334,988.9280712709874,512.5550408460628,3.204883157702672,1,2,2,0
27.566666666666666,988.8449569403624,512.9428808267279,3.1628243481080514,1,2,2,0
27.575,989.3069213710355,512.4906968447518,3.18832403680133,1,2,2,0
27.583333333333332,988.9591577957124,512.8550901658774,3.1824915720486002,1,2,2,0
27.591666666666665,988.797797669504,512.5460412662671,3.2080765596637115,1,2,2,0
27.6,989.1292031431957,512.6686719343152,3.2460261656398286,1,2,2,0
27.608333333333334,989.7202685850997,512.2955584763811,3.2002045818260174,1,2,2,0
27.616666666666667,990.0739022637347,511.717321185529,3.168617010486404,1,2,2,0
27.625,990.5346738726735,511.77950522034325,3.185954202855619,1,2,2,0
27.633333333333333,990.5461004952477,512.5592797076789,3.1870066255330483,1,2,2,0
27.641666666666666,990.0347488398432,512.8487806533299,3.1740270992866795,1,2,2,0
27.65,989.8408112100145,513.1259643580303,3.210640906504476,1,2,2,0
27.658333333333335,989.967604009541,512.8925739641008,3.188074117696264,1,2,2,0
27.666666666666668,990.5840875075866,513.1627918986599,3.160438957000307,1,2,2,0
27.675,990.5241883724742,512.2676677269498,3.1848626740522477,1,2,2,0
27.683333333333334,991.2077387111198,512.2783838548887,3.1893599464741524,1,2,2,0
27.691666666666666,991.9743189823988,513.1433280513081,3.183429544107342,1,2,2,0
27.7,992.4194319510464,514.1324227691294,3.2002183013063923,1,2,2,0
27.708333333333332,991.8508601266717,514.624620867436,3.1582804719104387,1,2,2,0
27.716666666666665,991.6312388928926,515.0522843249656,3.182915129994464,1,2,2,0
27.725,991.8182765670931,513.865028657522,3.1392564648335313,1,2,2,0
27.733333333333334,991.1804539271442,513.5043943420487,3.1699577991865158,1,2,2,0
27.741666666666667,991.3868799178791,512.2121506450517,3.205633328570138,1,2,2,0
27.75,991.3023712730449,511.8073521399166,3.1489984482701185,1,2,2,0
27.758333333333333,991.3606209432879,512.1729327525092,3.1648352713625623,1,2,2,0
27.766666666666666,990.735193029927,512.1237101015201,3.13267032045329,1,2,2,0
27.775,990.9228558951685,512.6800276563513,3.197850558984328,1,2,2,0
27.783333333333335,990.6952691329093,513.3987565500206,3.179686779012269,1,2,2,0
27.791666666666668,990.7495201552415,514.2262626207948,3.174713501019478,1,2,2,0
27.8,990.610884832225,514.5139233726712,3.1957030870645755,1,2,2,0
27.808333333333334,991.2289663093895,515.3487498749769,3.1555657971988738,1,2,2,0
27.816666666666666,992.6727952885738,515.5902854983584,3.162063119128988,1,2,2,0
27.825,993.145994909648,515.4555265148131,3.1735451091170246,1,2,2,0
27.833333333333332,994.1487325634785,516.2605257394588,3.1819968791151423,1,2,2,0
27.841666666666665,993.8439216311476,515.7593211548574,3.1572005496314333,1,2,2,0
27.85,994.297134460917,515.6820269971454,3.1231768602759287,1,2,2,0
27.858333333333334,994.1776665825488,515.5392068322861,3.157512250522773,1,2,2,0
27.866666666666667,994.3682648041128,515.8414861006743,3.176618545362514,1,2,2,0
27.875,995.2948178631401,516.1863007427755,3.182606588566043,1,2,2,0
27.883333333333333,994.5005627981974,515.3712331324288,3.1286610090650826,1,2,2,0
27.891666666666666,994.503966623782,515.7426924473247,3.1516289659472525,1,2,2,0
27.9,994.0147131062448,514.9279190917356,3.1387915939330004,1,2,2,0
27.908333333333335,994.0000966113327,514.8408044993583,3.157862848320606,1,2,2,0
27.916666666666668,993.9066985634358,515.1413707773639,3.163321483817481,1,2,2,0
27.925,994.515295854375,516.0377948732083,3.1569497860336715,1,2,2,0
27.933333333333334,994.9731691133763,515.5876219724541,3.1219411336307923,1,2,2,0
27.941666666666666,994.7912373404192,515.2057738826177,3.130321893927374,1,2,2,0
27.95,994.6557920748203,514.9267009982921,3.16078060044133,1,2,2,0
27.958333333333332,994.4519792631569,515.206507837943,3.1339613275241325,1,2,2,0
27.966666666666665,995.2084731058327,515.0534268992899,3.136814408168403,1,2,2,0
27.975,995.8742391083315,514.9047137632034,3.1704755399351683,1,2,2,0
27.983333333333334,996.1664811593741,515.4512267586781,3.0963230229271947,1,2,2,0
27.991666666666667,996.2500485724396,514.5668692324223,3.134274840679327,1,2,2,0
