t,gx,gy,pupil,valid,subj,trial,label
0.0,959.9191520071652,540.1567232238268,3.1942498720356474,1,0,5,0
0.008333333333333333,959.213897121507,540.523792393079,3.198282076657454,1,0,5,0
0.016666666666666666,960.1267693773797,540.4047649559554,3.204197786940555,1,0,5,0
0.025,960.4262877974284,540.4917697431663,3.221023941241793,1,0,5,0
0.03333333333333333,961.2268666587158,540.7902043656419,3.239159126939521,1,0,5,0
0.041666666666666664,961.5586051149787,539.9529452634822,3.1982348235136477,1,0,5,0
0.05,961.5312893805055,539.9741945728625,3.2553336070476306,1,0,5,0
0.058333333333333334,962.1617845036324,539.9299165831152,3.1997369754311156,1,0,5,0
0.06666666666666667,961.6782645813443,540.116861336557,3.182319714104215,1,0,5,0
0.075,961.2265319944349,539.9615903557974,3.195035352252889,1,0,5,0
0.08333333333333333,960.9415877572777,538.6162102838884,3.220700116365181,1,0,5,0
0.09166666666666666,960.8266495172356,539.1935027656317,3.1844525039229143,1,0,5,0
0.1,960.597474133562,539.5919754852624,3.207266123352837,1,0,5,0
0.10833333333333334,960.300893328152,539.6580071543585,3.2091730060261727,1,0,5,0
0.11666666666666667,960.1920558102977,540.4201805956235,3.222692052419518,1,0,5,0
0.125,960.341845992011,540.2220240357545,3.218711978967798,1,0,5,0
0.13333333333333333,960.6869215500043,540.3118074220348,3.2422063401747567,1,0,5,0
0.14166666666666666,960.8921925642244,539.9621521826954,3.224476147323773,1,0,5,0
0.15,959.8910714309433,540.1264465118078,3.217319526881224,1,0,5,0
0.15833333333333333,959.4136660397976,540.6947499484895,3.2154010544405813,1,0,5,0
0.16666666666666666,959.8092350558132,540.0599307042905,3.2224469958261017,1,0,5,0
0.175,960.4758620377343,540.2767582793139,3.224424677909406,1,0,5,0
0.18333333333333332,960.3559222153997,540.2528378126138,3.2058640687410596,1,0,5,0
0.19166666666666668,960.33290450082,540.3494926053678,3.2324697258413324,1,0,5,0
0.2,959.5073851651977,540.7572580975991,3.212806776074935,1,0,5,0
0.20833333333333334,960.2403612495804,541.5155004869808,3.2164925083571587,1,0,5,0
0.21666666666666667,960.1645694169831,541.3806451352187,3.1887856624019535,1,0,5,0
0.225,959.4917674844365,542.2619095618145,3.2474861625714366,1,0,5,0
0.23333333333333334,958.5885228402459,541.929659012642,3.217356929727377,1,0,5,0
0.24166666666666667,959.0983090140364,541.2935012645435,3.2119182494633836,1,0,5,0
0.25,959.9439254726767,540.9709650711352,3.195634205858793,1,0,5,0
0.25833333333333336,958.8126665900993,540.5960708270118,3.20309757615299,1,0,5,0
0.26666666666666666,958.9320834762628,540.3964385127999,3.219850815321334,1,0,5,0
0.275,959.3810061843653,540.7227037419835,3.2274902814538073,1,0,5,0
0.2833333333333333,958.7695037010964,540.721498008899,3.2448425061977693,1,0,5,0
0.2916666666666667,958.7294566892296,540.6297890295581,3.235662871250905,1,0,5,0
0.3,959.5745134099265,540.9596088686527,3.2720808099372105,1,0,5,0
0.30833333333333335,959.4888086977622,541.3444369409225,3.2614469134124024,1,0,5,0
0.31666666666666665,959.060974402588,541.4497776634059,3.224584524877497,1,0,5,0
0.325,959.3883847510178,542.0223896606809,3.25219505530514,1,0,5,0
0.3333333333333333,959.3898549296823,541.6185196204926,3.2419743635035525,1,0,5,0
0.3416666666666667,958.510357386978,542.522775264803,3.2269904749086677,1,0,5,0
0.35,958.8881489388366,542.7355869304838,3.2599744547176708,1,0,5,0
0.35833333333333334,958.1896436330724,542.6210461559104,3.2505847429394406,1,0,5,0
0.36666666666666664,958.0033413113771,542.2246169310353,3.235827173038629,1,0,5,0
0.375,958.5601132488032,542.6096293474557,3.2567461496444223,1,0,5,0
0.38333333333333336,959.0663324768456,542.6015409546303,3.242197518635359,1,0,5,0
0.39166666666666666,958.9118692631349,542.9923114468281,3.2458214123991374,1,0,5,0
0.4,959.3681529465135,543.7546122414255,3.246330459111472,1,0,5,0
0.4083333333333333,959.7467935325402,543.715987882065,3.2405701539913117,1,0,5,0
0.4166666666666667,959.7565722060699,543.5809729941241,3.2655358547741784,1,0,5,0
0.425,959.3446688577609,543.8081751882256,3.2056267069918407,1,0,5,0
0.43333333333333335,959.954250451548,544.5107901327086,3.228608200955276,1,0,5,0
0.44166666666666665,960.018318168876,543.8666598136975,3.2627122649030897,1,0,5,0
0.45,960.4769371946684,544.1459537158207,3.2254598096483367,1,0,5,0
0.4583333333333333,960.4559747733846,544.2390577598129,3.24518257852438,1,0,5,0
0.4666666666666667,960.7136426466892,543.6801070023557,3.2630430209697723,1,0,5,0
0.475,960.423802008439,544.0133345250607,3.2586780846416668,1,0,5,0
0.48333333333333334,960.7198954036016,543.7532259225468,3.2575108157522816,1,0,5,0
0.49166666666666664,959.580148167506,543.6571103335096,3.247928970155504,1,0,5,0
0.5,959.7730382322453,542.9438550242274,3.250715790601188,1,0,5,0
0.5083333333333333,959.978709879247,543.7463795406811,3.26401653952604,1,0,5,0
0.5166666666666667,959.6616333440479,543.881993870911,3.267949378194938,1,0,5,0
0.525,959.1693604418978,543.212724598317,3.270174267928341,1,0,5,0
0.5333333333333333,959.0515214992217,543.771889683456,3.2706308937911923,1,0,5,0
0.5416666666666666,958.8603243332716,544.0197819215981,3.280830059252143,1,0,5,0
0.55,959.5248493188668,544.024266318479,3.267855139710986,1,0,5,0
0.5583333333333333,960.3924358658068,543.2447425869412,3.2521227887631303,1,0,5,0
0.5666666666666667,960.1174483466611,543.5394513271058,3.2612230490034464,1,0,5,0
0.575,959.7233250206378,542.5389028462732,3.2794249556391937,1,0,5,0
0.5833333333333334,959.261881647493,542.6028919401571,3.282885268992809,1,0,5,0
0.5916666666666667,959.1968980288802,543.0549001624973,3.2554433587466614,1,0,5,0
0.6,959.2273988087292,543.4962290028698,3.275263398926197,1,0,5,0
0.6083333333333333,958.3606105712082,543.9267222666937,3.2397104575775955,1,0,5,0
0.6166666666666667,957.6584828291784,543.3935399620043,3.25455953709698,1,0,5,0
0.625,957.3873901955251,542.4120045218065,3.2868118670090576,1,0,5,0
0.6333333333333333,957.4819196490503,541.7728563636341,3.2624554688265666,1,0,5,0
0.6416666666666667,956.9753001099463,541.310541083813,3.2806169521068953,1,0,5,0
0.65,956.7722472589946,541.1826579740509,3.265115956629821,1,0,5,0
0.6583333333333333,956.398470373331,540.7831016891845,3.304195488693831,1,0,5,0
0.6666666666666666,957.0022209225373,540.3756327842651,3.2535792796261487,1,0,5,0
0.675,957.5780270734849,540.369010949934,3.272600148767552,1,0,5,0
0.6833333333333333,957.7157195998979,540.729762011093,3.273975318387472,1,0,5,0
0.6916666666666667,957.801563200144,541.2801992926649,3.2565163127811765,1,0,5,0
0.7,957.1820762122928,540.9475250972555,3.266554725854303,1,0,5,0
0.7083333333333334,956.6985076965141,540.317645552592,3.2676462259284818,1,0,5,0
0.7166666666666667,956.8133500104877,539.8165161131321,3.2450260015783154,1,0,5,0
0.725,956.6251802271547,540.2513074738761,3.259256420764348,1,0,5,0
0.7333333333333333,957.1243067914487,540.8667213010635,3.2914492606710057,1,0,5,0
0.7416666666666667,957.657454747417,540.3740651848706,3.260126504895473,1,0,5,0
0.75,957.3219993279952,540.3630195918092,3.246776789244289,1,0,5,0
0.7583333333333333,957.0407314213614,539.8500867062104,3.272033652240818,1,0,5,0
0.7666666666666667,956.4451018350585,539.9798154305847,3.2579371865885007,1,0,5,0
0.775,957.1521735762068,540.8049344655733,3.246816979985162,1,0,5,0
0.7833333333333333,957.3600322112394,539.5382165902671,3.2844151563097537,1,0,5,0
0.7916666666666666,957.6485570803875,539.7203747050346,3.2899477182869523,1,0,5,0
0.8,958.2792986874949,539.7460475689505,3.2592311647023626,1,0,5,0
0.8083333333333333,958.2626646414762,540.3553183103414,3.292470163330681,1,0,5,0
0.8166666666666667,958.4774555448064,539.9728460375494,3.288383899914852,1,0,5,0
0.825,957.9601844001076,540.1939043752966,3.2734793885276194,1,0,5,0
0.8333333333333334,957.4418232577012,540.3099129337845,3.2833961749555933,1,0,5,0
0.8416666666666667,958.3860515130369,540.2793178132655,3.2944781759442403,1,0,5,0
0.85,958.8061238835669,539.9421592883102,3.2960638530585693,1,0,5,0
0.8583333333333333,958.5012208949561,539.4631369390904,3.2412804043074837,1,0,5,0
0.8666666666666667,957.8256251012178,538.9396919256419,3.29690830396243,1,0,5,0
0.875,957.3613373162891,538.8497812509335,3.25421035959472,1,0,5,0
0.8833333333333333,956.7587752379766,539.373529447748,3.2640207668501575,1,0,5,0
0.8916666666666667,956.1275599738767,539.6486832883595,3.3172335474964796,1,0,5,0
0.9,955.9098579433911,539.5286593360893,3.345956432609838,1,0,5,0
0.9083333333333333,956.615355821787,538.9824909484786,3.293696642103046,1,0,5,0
0.9166666666666666,955.9281258871628,539.7173313749969,3.307903480681872,1,0,5,0
0.925,956.2481498998283,539.1852553916383,3.2925410458065616,1,0,5,0
0.9333333333333333,956.1045320215487,539.1334195637924,3.3116789357612406,1,0,5,0
0.9416666666666667,956.013571214558,538.8881578454492,3.295212915592563,1,0,5,0
0.95,956.5434196444207,538.3758165882473,3.3007478441240643,1,0,5,0
0.9583333333333334,955.9148719554778,538.8462357130572,3.300133691044186,1,0,5,0
0.9666666666666667,955.2683335331664,538.7263138045156,3.3218370390173084,1,0,5,0
0.975,955.1835132268393,539.2020881100287,3.289001381109796,1,0,5,0
0.9833333333333333,954.4944876070955,540.1502704799168,3.288400391955786,1,0,5,0
0.9916666666666667,955.6290999734208,540.4524560823559,3.2833336603381555,1,0,5,0
1.0,956.2899717303306,540.5283364099926,3.2839447917976092,1,0,5,0
1.0083333333333333,955.6635902280609,540.6437953372215,3.3022286698667545,1,0,5,0
1.0166666666666666,956.0602588534755,540.6835336744952,3.269186636419884,1,0,5,0
1.025,957.1134112959223,541.7753751002565,3.291989093205191,1,0,5,0
1.0333333333333334,957.6330112670993,542.333283637643,3.2848324182049726,1,0,5,0
1.0416666666666667,957.8480225019376,543.4892106314041,3.2962592173680503,1,0,5,0
1.05,959.0152112170857,543.7656059684871,3.3495844224988067,1,0,5,0
1.0583333333333333,959.2949250194695,543.3305880667126,3.2679895780314974,1,0,5,0
1.0666666666666667,960.1635468948995,543.3432366373353,3.2996100770224452,1,0,5,0
1.075,959.8070353502709,543.1539208632619,3.306726114263173,1,0,5,0
1.0833333333333333,959.1441152523495,543.0230708594462,3.341173626704477,1,0,5,0
1.0916666666666666,959.1081439900651,542.79690260465,3.3135212085321255,1,0,5,0
1.1,959.3933235476117,543.136247539908,3.294232291472587,1,0,5,0
1.1083333333333334,959.433200748364,543.2971501707261,3.3198849631940397,1,0,5,0
1.1166666666666667,959.600866656134,544.2216550146923,3.299323867330698,1,0,5,0
1.125,960.0066026648146,544.7609573480559,3.3226740180237555,1,0,5,0
1.1333333333333333,959.5312621698943,546.0134994444965,3.3027349215677897,1,0,5,0
1.1416666666666666,958.90585218376,545.7680008641121,3.3241706669771784,1,0,5,0
1.15,958.5451384751709,545.381772602047,3.3002874444678376,1,0,5,0
1.1583333333333334,958.2743628972981,545.5138841175306,3.2684638992396717,1,0,5,0
1.1666666666666667,958.57111553986,545.780188143395,3.297756532539777,1,0,5,0
1.175,959.2225564257834,546.5051468511692,3.273641428125159,1,0,5,0
1.1833333333333333,959.6064056724596,546.3037229369156,3.3039153114111133,1,0,5,0
1.1916666666666667,959.2575093566082,546.3170687658748,3.329128869953958,1,0,5,0
1.2,960.0737018452553,546.7473696055013,3.309602023206655,1,0,5,0
1.2083333333333333,959.4874833887864,545.9368059156872,3.3028649007982858,1,0,5,0
1.2166666666666666,958.7734863210549,546.3035265770757,3.266596598596575,1,0,5,0
1.225,958.8870051565102,546.0425447187656,3.287895498076522,1,0,5,0
1.2333333333333334,959.793687520966,545.615095543986,3.310133815657047,1,0,5,0
1.2416666666666667,959.6772910292508,545.1446644361988,3.3028189696287593,1,0,5,0
1.25,960.0638268328387,545.7434517588506,3.2894586883559076,1,0,5,0
1.2583333333333333,960.0819488638056,546.5061161011166,3.2845017116537734,1,0,5,0
1.2666666666666666,960.160591357957,546.4608378180006,3.3228718046664283,1,0,5,0
1.275,961.0584278455174,546.7838051396741,3.293213220418117,1,0,5,0
1.2833333333333334,961.5510575515038,547.1590091166154,3.2904042586247964,1,0,5,0
1.2916666666666667,960.8123152170949,547.2523058984374,3.3214659540848595,1,0,5,0
1.3,961.0189062334032,547.377722363357,3.313151928434305,1,0,5,0
1.3083333333333333,960.6758927872164,547.8369395469767,3.27304865420949,1,0,5,0
1.3166666666666667,960.9970361223595,547.131932315533,3.287683471098304,1,0,5,0
1.325,961.6393361664925,546.1237094489464,3.307406711633951,1,0,5,0
1.3333333333333333,961.9236922526431,545.8169756153621,3.3098272205100905,1,0,5,0
1.3416666666666666,962.5176069154115,544.8978006066744,3.3308443694776364,1,0,5,0
1.35,963.4178053758178,544.2895481300806,3.3103660198586824,1,0,5,0
1.3583333333333334,963.0116942012079,544.8320561405247,3.3007745551511647,1,0,5,0
1.3666666666666667,963.0616676931188,545.1158917759428,3.3144104899852675,1,0,5,0
1.375,1092.2730387868592,682.1605562876719,3.268954674973304,1,0,5,0
1.3833333333333333,1091.7209492957395,682.7945336580648,3.3074979097099044,1,0,5,0
1.3916666666666666,964.3872436950691,546.1063899932014,3.3585892134055437,1,0,5,0
1.4,964.1801897434474,545.4763839783623,3.301906882907089,1,0,5,0
1.4083333333333334,964.6957875010673,545.8851974178008,3.3110572931813924,1,0,5,0
1.4166666666666667,964.9803138363744,546.5233139523723,3.291474996114286,1,0,5,0
1.425,965.13135061234,546.1953317607989,3.3136413209492335,1,0,5,0
1.4333333333333333,965.1240616685238,546.7220663858577,3.276970836988298,1,0,5,0
1.4416666666666667,965.6199506454514,547.2024556614217,3.3048295211455816,1,0,5,0
1.45,965.8715011101968,546.1706960287689,3.315013577864837,1,0,5,0
1.4583333333333333,966.9216925213988,546.4842990640489,3.2997708763882354,1,0,5,0
1.4666666666666666,887.1747181411839,435.3892811074509,3.304115587344011,1,0,5,0
1.475,887.8158312868559,434.8519829023608,3.254300499422661,1,0,5,0
1.4833333333333334,966.7729534681472,544.5834521998465,3.2943378973716806,1,0,5,0
1.4916666666666667,967.5434040528219,544.1630028546845,3.2551540471107665,1,0,5,0
1.5,967.967715939509,544.1199093871126,3.311748923154563,1,0,5,0
1.5083333333333333,968.0467895030023,543.616000740614,3.304013724655698,1,0,5,0
1.5166666666666666,967.8054064345611,544.1006690405756,3.3166408330368435,1,0,5,0
1.525,967.6930410182898,543.5436911949405,3.2754989169601614,1,0,5,0
1.5333333333333334,968.1720332237409,542.9411086272095,3.3364189690692205,1,0,5,0
1.5416666666666667,967.9023045132147,542.6191882151489,3.2740298747821925,1,0,5,0
1.55,967.4270011890908,543.1717955774351,3.3120065630392124,1,0,5,0
1.5583333333333333,967.0343663341561,543.450530154411,3.2755924879923595,1,0,5,0
1.5666666666666667,966.4124534516351,542.735500317175,3.264071425405638,1,0,5,0
1.575,967.0549399472164,543.6517239245468,3.3311845002020126,1,0,5,0
1.5833333333333333,966.9820196255714,543.6701258927881,3.3224000078591183,1,0,5,0
1.5916666666666666,967.3467349882812,543.1876898906346,3.3045654182213693,1,0,5,0
1.6,967.0686018481131,543.9985268685774,3.3107582663006694,1,0,5,0
1.6083333333333334,966.3717704783394,543.661769058774,3.2749649382239414,1,0,5,0
1.6166666666666667,965.8908134761924,543.3753658203668,3.302987765621077,1,0,5,0
1.625,965.7984477266717,543.895017046056,3.2883334972974207,1,0,5,0
1.6333333333333333,966.3805119909144,544.3928661525953,3.314052233131214,1,0,5,0
1.6416666666666666,966.2691051283505,544.2510362358632,3.324672084862615,1,0,5,0
1.65,966.4343915636737,545.4418253905649,3.2702271119440836,1,0,5,0
1.6583333333333334,966.8434620284092,544.6684600785213,3.2893066934355093,1,0,5,0
1.6666666666666667,944.7657017897126,396.20154189204715,3.294245106169253,1,0,5,0
1.675,944.9623868891221,396.3033701243965,3.236876854061206,1,0,5,0
1.6833333333333333,966.3764931386427,545.0726969236518,3.288378740957588,1,0,5,0
1.6916666666666667,966.414791152516,545.5046123422859,3.2939943121702293,1,0,5,0
1.7,966.2858433866281,545.4624419289797,3.3125518283884645,1,0,5,0
1.7083333333333333,966.7055133324809,545.2818371137182,3.28772170064667,1,0,5,0
1.7166666666666666,965.9749681386974,545.9024812048029,3.305708087658597,1,0,5,0
1.725,965.9092954576544,546.2816362869189,3.279961733655297,1,0,5,0
1.7333333333333334,965.2183947057802,546.0757770614441,3.2996064939109306,1,0,5,0
1.7416666666666667,965.8871510600526,547.0272097363285,3.278210694554017,1,0,5,0
1.75,966.5420038915275,547.5515580447068,3.2836112573850484,1,0,5,0
1.7583333333333333,966.6310772042842,547.1351032885171,3.303528905511702,1,0,5,0
1.7666666666666666,967.4357353780856,547.9100742046091,3.271379312946716,1,0,5,0
1.775,966.2699281097651,547.8968137128617,3.2743117955652368,1,0,5,0
1.7833333333333334,965.7970395373657,547.9956902460385,3.2978717949838385,1,0,5,0
1.7916666666666667,966.0284567319982,547.7575805510476,3.28854664260047,1,0,5,0
1.8,966.8509288230933,547.4408374510274,3.2911266168350988,1,0,5,0
1.8083333333333333,967.0216213339975,547.6309399600298,3.346985165461072,1,0,5,0
1.8166666666666667,967.6228239020128,548.6882098747634,3.288379901509085,1,0,5,0
1.825,968.81207252433,548.0251645731356,3.301441942365919,1,0,5,0
1.8333333333333333,967.8313164404525,548.0774259642441,3.300715823525171,1,0,5,0
1.8416666666666666,967.024164054676,547.6972887679627,3.339990579430098,1,0,5,0
1.85,967.2604823830316,548.1619868741604,3.296985452830481,1,0,5,0
1.8583333333333334,966.9955438969208,547.298160615633,3.3146004567093583,1,0,5,0
1.8666666666666667,966.4356677896204,546.950656845152,3.326951358916609,1,0,5,0
1.875,967.180310106375,547.333997284407,3.3288745279864247,1,0,5,0
1.8833333333333333,966.9364467922031,546.1691730170803,3.3010353746644685,1,0,5,0
1.8916666666666666,967.8594250131903,546.3716327939455,3.2846209653680734,1,0,5,0
1.9,967.676121093895,546.4099871518558,3.3028639431644673,1,0,5,0
1.9083333333333334,967.3715110506381,546.890387666127,3.295062992206948,1,0,5,0
1.9166666666666667,967.3005056375412,546.7667490326098,3.2943414138435343,1,0,5,0
1.925,966.6113890178389,546.4550561753629,3.3086971418742253,1,0,5,0
1.9333333333333333,966.549883927204,546.637700667869,3.298564549070559,1,0,5,0
1.9416666666666667,966.4520259401331,546.6095905948424,3.3167696512633853,1,0,5,0
1.95,966.898213240607,546.7323879773111,3.309483380928719,1,0,5,0
1.9583333333333333,966.5757716528108,546.720994838876,3.3120338980678885,1,0,5,0
1.9666666666666666,966.1758562424384,546.3531906784572,3.2768003746526477,1,0,5,0
1.975,966.6437022558661,545.9830880368372,3.3391265401993007,1,0,5,0
1.9833333333333334,966.9440265528151,545.9181799260689,3.3011717864441263,1,0,5,0
1.9916666666666667,966.764312512873,545.254077102566,3.281584030237107,1,0,5,0
2.0,966.5354246799326,546.4536188431356,3.307302529569095,1,0,5,0
2.0083333333333333,965.7724685112232,546.7386467632518,3.3065481565084838,1,0,5,0
2.0166666666666666,965.8378413645898,547.3514944916101,3.268366470560999,1,0,5,0
2.025,965.9647799037378,546.2992776797079,3.2528902544670224,1,0,5,0
2.033333333333333,966.2102844386842,546.404172925175,3.328759663550771,1,0,5,0
2.0416666666666665,965.9817331351936,546.4670309308125,3.2940112666285932,1,0,5,0
2.05,966.0213004622769,546.3378811973685,3.259195212406336,1,0,5,0
2.058333333333333,966.2304983660179,545.4936695809623,3.289994967043159,1,0,5,0
2.066666666666667,965.5081884581202,545.4171783778191,3.296705865454879,1,0,5,0
2.075,965.0128577553828,545.1249784724756,3.260421906187835,1,0,5,0
2.0833333333333335,964.847091907215,545.6506859689174,3.2859265794387182,1,0,5,0
2.091666666666667,964.4401713077702,546.3666925173599,3.2449400866278912,1,0,5,0
2.1,964.4853797020571,547.045794706577,3.2602028737067683,1,0,5,0
2.1083333333333334,964.6724804608053,546.9288709656976,3.27617353774989,1,0,5,0
2.1166666666666667,964.017788446254,547.2295922392018,3.2739553365594674,1,0,5,0
2.125,964.0786140865785,546.8568695563148,3.260692726880871,1,0,5,0
2.1333333333333333,965.1165517997446,546.7640337765228,3.21573996194341,1,0,5,0
2.1416666666666666,965.5094981427861,546.4460654857716,3.2585463448269016,1,0,5,0
2.15,965.096416183452,546.9344616107909,3.2345689842469993,1,0,5,0
2.158333333333333,964.8987845998389,546.7010652884868,3.2623974000990383,1,0,5,0
2.1666666666666665,965.0805831128881,546.4071939894715,3.245748428002295,1,0,5,0
2.175,964.7031505736375,546.288429628049,3.2386945844676465,1,0,5,0
2.183333333333333,965.0151421744597,546.6445474219423,3.2304477479148606,1,0,5,0
2.191666666666667,963.8317949219844,547.200258055536,3.2502709923218496,1,0,5,0
2.2,963.0607842778676,546.7677197593458,3.2595358059080692,1,0,5,0
2.2083333333333335,962.9369792111232,546.1868548955185,3.2385643131223363,1,0,5,0
2.216666666666667,962.6072473744384,546.2540737070477,3.2287998407929805,1,0,5,0
2.225,961.9265191966231,545.3938186783126,3.2446703496121057,1,0,5,0
2.2333333333333334,962.0415751183523,545.8244918632233,3.2562659781781975,1,0,5,0
2.2416666666666667,961.6002772680444,545.726930790452,3.2209295207413073,1,0,5,0
2.25,961.8288046220657,545.9989622708586,3.2403765815592482,1,0,5,0
2.2583333333333333,961.0268619079274,546.4398041040564,3.2246018316275498,1,0,5,0
2.2666666666666666,960.8204475757713,546.4675085442383,3.247905929323249,1,0,5,0
2.275,960.7515494147386,545.9721852020566,3.2068432268802995,1,0,5,0
2.283333333333333,960.6286152238412,546.0012070859768,3.22879829224403,1,0,5,0
2.2916666666666665,959.9116234190498,546.3086051997358,3.2536229811766035,1,0,5,0
2.3,959.6679057245398,546.6533902632165,3.2318193722586406,1,0,5,0
2.308333333333333,960.135487614389,547.6035625021601,3.2463826127288122,1,0,5,0
2.316666666666667,961.0580958943842,548.6764683168492,3.203735258637317,1,0,5,0
2.325,959.6027487206247,549.4150388099656,3.2120723360675942,1,0,5,0
2.3333333333333335,959.8303110354806,548.8403439575562,3.220117139211646,1,0,5,0
2.341666666666667,959.6529338138565,549.0203884217269,3.1956513406220655,1,0,5,0
2.35,959.3218587135877,547.8014266993157,3.18378850372565,1,0,5,0
2.3583333333333334,960.0475486224832,548.3796153630318,3.2244273281882023,1,0,5,0
2.3666666666666667,960.7739399530449,547.6721871266681,3.216354077997969,1,0,5,0
2.375,961.4948126104933,548.173592984055,3.196990324153879,1,0,5,0
2.3833333333333333,961.450099075116,547.965016643475,3.2106213615401242,1,0,5,0
2.3916666666666666,961.8343198870753,547.6970256652198,3.215789443397122,1,0,5,0
2.4,961.1718453318914,546.6508876693094,3.24743913771254,1,0,5,0
2.408333333333333,960.6791464569234,546.5855867817331,3.2184405422187297,1,0,5,0
2.4166666666666665,960.5458480841143,546.3798622496618,3.201152441599689,1,0,5,0
2.425,960.3046180422673,547.0298003048517,3.2424034165042936,1,0,5,0
2.433333333333333,960.8477116403876,547.5985126938111,3.197006847650562,1,0,5,0
2.441666666666667,960.5411950969752,548.0719677380432,3.213357930943668,1,0,5,0
2.45,960.8861469665245,547.4522813622694,3.211521391800225,1,0,5,0
2.4583333333333335,961.5340818744756,548.0172197139411,3.2357369860840826,1,0,5,0
2.466666666666667,962.3703399766961,548.9694575219678,3.2414057757546297,1,0,5,0
2.475,961.4695755171647,548.9288531809516,3.2052272390639045,1,0,5,0
2.4833333333333334,960.7819643438571,549.14096881,3.187884301912659,1,0,5,0
2.4916666666666667,961.5688137112375,548.2729173565784,3.2266231899533113,1,0,5,0
2.5,961.9974511638899,547.9185538075905,3.200356757662539,1,0,5,0
2.5083333333333333,962.0593380455124,547.9719851144981,3.182830863586376,1,0,5,0
2.5166666666666666,961.584939438908,547.6602105832775,3.2174344321930435,1,0,5,0
2.525,960.6401631116007,547.1750267103,3.1667536006437453,1,0,5,0
2.533333333333333,961.46782179579,546.7678547273096,3.208396694629067,1,0,5,0
2.5416666666666665,961.5456116805594,547.087263640725,3.199374007078023,1,0,5,0
2.55,961.0767313024041,546.2080140877803,3.1872531008562115,1,0,5,0
2.558333333333333,960.6996270501005,545.5970383349711,3.1949532032697965,1,0,5,0
2.566666666666667,960.6406731877664,546.6283694331984,3.175875130053831,1,0,5,0
2.575,960.9049538929371,545.9867275363413,3.219926061148655,1,0,5,0
2.5833333333333335,960.1625970810121,545.6580877179983,3.185920670634332,1,0,5,0
2.591666666666667,959.8555876907185,545.723019889346,3.1954195357817183,1,0,5,0
2.6,959.7890663361259,545.4091094596622,3.177309428010515,1,0,5,0
2.6083333333333334,959.5923107720505,545.6649622679354,3.1691510810947507,1,0,5,0
2.6166666666666667,959.3929404338644,545.8019514154576,3.1827002732433214,1,0,5,0
2.625,959.7733864494704,546.088228648986,3.1978669460553912,1,0,5,0
2.6333333333333333,959.3866051553746,546.9385715691582,3.1825394465830104,1,0,5,0
2.6416666666666666,958.9008890976137,547.1356237147232,3.175944588812267,1,0,5,0
2.65,958.5548292692058,546.791813550323,3.19514842678888,1,0,5,0
2.658333333333333,958.2211470202194,546.5043096206582,3.192361720806437,1,0,5,0
2.6666666666666665,958.6404212490576,546.3454461392679,3.1862483260980956,1,0,5,0
2.675,958.4795879456213,545.7926159849857,3.1670166793277192,1,0,5,0
2.683333333333333,958.7668261867321,545.1206397279944,3.1730527725832043,1,0,5,0
2.691666666666667,958.4853316148558,545.6445902535185,3.178856162922984,1,0,5,0
2.7,958.8980799324399,546.2449244759492,3.171603031806673,1,0,5,0
2.7083333333333335,959.2171139299722,547.0682787522435,3.2061961963686154,1,0,5,0
2.716666666666667,959.5591159466583,548.0461339558606,3.2008161619274125,1,0,5,0
2.725,959.4930232059196,546.5961705938886,3.1695082408714765,1,0,5,0
2.7333333333333334,959.4752123014273,546.5146250041417,3.139158601632689,1,0,5,0
2.7416666666666667,959.7173402631449,547.446619030825,3.132863640896228,1,0,5,0
2.75,959.4183782929172,547.3404384146302,3.193591658222481,1,0,5,0
2.7583333333333333,959.8413550557286,547.4002606584478,3.18640272627054,1,0,5,0
2.7666666666666666,960.3780377594309,547.6178315981995,3.1269531435058533,1,0,5,0
2.775,959.9690923178657,547.9516350804561,3.1911209322010823,1,0,5,0
2.783333333333333,960.1793809049169,546.8576189142626,3.1483476382008275,1,0,5,0
2.7916666666666665,959.1918366036944,546.5239046645952,3.1263615052186937,1,0,5,0
2.8,959.9088801108778,546.6096873552688,3.1448521910814105,1,0,5,0
2.808333333333333,960.1080801686883,547.014154416402,3.1580377238737936,1,0,5,0
2.816666666666667,960.6640326677674,547.5776072032153,3.1817246473039997,1,0,5,0
2.825,961.2298615979629,546.9559661774196,3.169623276621858,1,0,5,0
2.8333333333333335,961.5158653452305,547.3164415733785,3.1808867645660412,1,0,5,0
2.841666666666667,962.0297993335142,546.8147622169683,3.1862539414102744,1,0,5,0
2.85,962.2152582401616,547.2722078421962,3.157233211431207,1,0,5,0
2.8583333333333334,963.0228217608211,547.2456839056349,3.138415586122721,1,0,5,0
2.8666666666666667,962.7182505790274,547.1139478218419,3.163298323398734,1,0,5,0
2.875,961.5950661549434,546.7598002509617,3.1607203132221717,1,0,5,0
2.8833333333333333,962.1403070031732,545.6504485456285,3.162984848450956,1,0,5,0
2.8916666666666666,962.2528320793984,545.7817708700203,3.1706633588322486,1,0,5,0
2.9,961.7313308020551,545.6805993698465,3.1604449986917236,1,0,5,0
2.908333333333333,960.894908614332,546.2360227089589,3.1650039022166125,1,0,5,0
2.9166666666666665,961.1098264885242,546.8513680046484,3.182579445005943,1,0,5,0
2.925,961.5099462132868,546.8197119181546,3.1545540480649423,1,0,5,0
2.933333333333333,961.2573994382226,546.0208783772945,3.1156369158386807,1,0,5,0
2.941666666666667,961.3872927882226,545.8504493729826,3.142316872021149,1,0,5,0
2.95,961.0323495609117,545.7658792480192,3.163763079575052,1,0,5,0
2.9583333333333335,960.5754888820121,546.9538541165227,3.150249823981675,1,0,5,0
2.966666666666667,959.2966384574326,547.3963493775049,3.168371408785689,1,0,5,0
2.975,959.7100789628257,546.0929854311404,3.1616004663593844,1,0,5,0
2.9833333333333334,960.5495543255329,545.9434035749993,3.169079397795729,1,0,5,0
2.9916666666666667,960.1351586428237,545.7651276920764,3.1491375044072596,1,0,5,0
3.0,959.8009571405466,545.155378549099,3.126619472934274,1,0,5,0
3.0083333333333333,959.6976990578848,545.784597243981,3.1711603791995646,1,0,5,0
3.0166666666666666,960.1788499259551,545.8790230025701,3.1258972397643547,1,0,5,0
3.025,959.704149553709,546.5609083977547,3.171176710778944,1,0,5,0
3.033333333333333,959.9870156485844,547.5257262708833,3.1631489623227913,1,0,5,0
3.0416666666666665,959.8908407459923,547.988289702518,3.18598948332464,1,0,5,0
3.05,958.7989934630235,547.6790502694115,3.1595222842655866,1,0,5,0
3.058333333333333,958.1514568297347,547.9856587569338,3.1178057633841605,1,0,5,0
3.066666666666667,958.3354731245173,548.0141343203924,3.130911617525909,1,0,5,0
3.075,958.4833918872873,548.163120607466,3.1491093222444384,1,0,5,0
3.0833333333333335,957.8215529860071,547.4536870296672,3.138196073250496,1,0,5,0
3.091666666666667,958.1402367679824,547.8583837729373,3.1366234503753407,1,0,5,0
3.1,958.0052302027897,546.8531742916832,3.134037694753574,1,0,5,0
3.1083333333333334,957.4668180404631,547.3546986161156,3.1401068724181527,1,0,5,0
3.1166666666666667,956.9317130050308,547.2104295514129,3.142035224810774,1,0,5,0
3.125,957.3067190013236,548.0105252721107,3.125113562474125,1,0,5,0
3.1333333333333333,956.4451616098722,547.955004727338,3.1279808161418887,1,0,5,0
3.1416666666666666,957.1791045181485,547.619763596049,3.10900353217585,1,0,5,0
3.15,957.415081254786,548.0474091860842,3.1347819423197167,1,0,5,0
3.158333333333333,956.3866424791429,547.8073112649308,3.1049358082342002,1,0,5,0
3.1666666666666665,956.397520599111,548.1856428732375,3.116920925857118,1,0,5,0
3.175,956.885116776401,548.1007499282215,3.0736796398710613,1,0,5,0
3.183333333333333,956.8595387180885,547.6233944128808,3.103596689382162,1,0,5,0
3.191666666666667,956.3908193312083,546.6651641044082,3.1256555880762282,1,0,5,0
3.2,955.6239482040575,546.561398692765,3.1183932433002486,1,0,5,0
3.2083333333333335,955.2601070175158,546.9671893081662,3.1233831536262517,1,0,5,0
3.216666666666667,955.1981743126505,547.2024027694677,3.129634184607029,1,0,5,0
3.225,955.2810014703855,547.4165092000911,3.100150035588849,1,0,5,0
3.2333333333333334,955.2869986438593,546.856390170159,3.073387232521569,1,0,5,0
3.2416666666666667,955.4912287305685,546.6307836809941,3.1047813666947377,1,0,5,0
3.25,956.1603942087054,546.0189014821092,3.1388689948751107,1,0,5,0
3.2583333333333333,956.0762941359873,546.3383029053571,3.1436670560768323,1,0,5,0
3.2666666666666666,955.6408445892739,546.7079368158576,3.1102070289575297,1,0,5,0
3.275,956.2814613147292,546.9563950177561,3.105908528080542,1,0,5,0
3.283333333333333,956.1164765473283,546.3653634344341,3.0723744120702112,1,0,5,0
3.2916666666666665,955.2709081638365,546.6432658838876,3.122413611108605,1,0,5,0
3.3,954.6010498177938,547.2419134322274,3.1228581704469605,1,0,5,0
3.308333333333333,954.6228187437083,547.0871813623631,3.084314581643468,1,0,5,0
3.316666666666667,954.7648787881104,547.3559565906086,3.0797282123697047,1,0,5,0
3.325,954.6417857738923,547.6035274323486,3.0988042177133157,1,0,5,0
3.3333333333333335,955.0136296148214,547.8659957982803,3.1348839181692245,1,0,5,0
3.341666666666667,955.0685405179677,547.5741041149103,3.084934567899859,1,0,5,0
3.35,954.9899790523863,548.1767824063049,3.0941452545363437,1,0,5,0
3.3583333333333334,954.6840119737085,547.8321053854502,3.112675279875132,1,0,5,0
3.3666666666666667,1040.1289108937824,617.7713997508948,3.1057401145828076,1,0,5,0
3.375,1040.351651020548,617.841745138197,3.108067191336515,1,0,5,0
3.3833333333333333,955.930033208873,548.8636567219881,3.0916153154215387,1,0,5,0
3.3916666666666666,955.9045615998973,548.8212251661439,3.1029912419142645,1,0,5,0
3.4,956.7570439473293,548.1032572053247,3.1147860809303265,1,0,5,0
3.408333333333333,956.6237062115266,548.3928660246904,3.115584090056699,1,0,5,0
3.4166666666666665,956.9959674522989,547.7261847298256,3.029556137954491,1,0,5,0
3.425,956.7467826884389,547.4889394755456,3.1257577235543472,1,0,5,0
3.433333333333333,957.1690311818006,547.3514249094734,3.1012979735400323,1,0,5,0
3.441666666666667,957.7852442215179,546.5456139664453,3.1088270573941283,1,0,5,0
3.45,957.2182214687243,545.736509909959,3.0908084754428495,1,0,5,0
3.4583333333333335,956.7271267720868,545.8819536795993,3.115690651173306,1,0,5,0
3.466666666666667,956.3228686479291,545.0472816279088,3.110365119724181,1,0,5,0
3.475,956.5116737369043,544.9505719873669,3.138994596940458,1,0,5,0
3.4833333333333334,957.24846339798,545.2000902470877,3.0944049057902654,1,0,5,0
3.4916666666666667,956.8256187947313,545.4318723804826,3.0906555973449894,1,0,5,0
3.5,956.343262204694,545.1500092439524,3.1475129025043103,1,0,5,0
3.5083333333333333,956.5046678769721,544.8492162202126,3.109448323295848,1,0,5,0
3.5166666666666666,956.3658034296686,544.962012497926,3.0931757898768235,1,0,5,0
3.525,956.5317984209694,545.0116648397401,3.098041991035649,1,0,5,0
3.533333333333333,956.5198045701808,544.8537239263352,3.113324340511948,1,0,5,0
3.5416666666666665,956.0526886772255,544.9878128060511,3.0923637877625128,1,0,5,0
3.55,956.726861742346,545.541260267824,3.0691364664042067,1,0,5,0
3.558333333333333,956.8697959389023,545.6697017015048,3.1085126632167395,1,0,5,0
3.566666666666667,955.8229136354806,545.6582946821899,3.116653081513717,1,0,5,0
3.575,955.34495024651,545.5070918758709,3.1101200239943045,1,0,5,0
3.5833333333333335,955.1297484175813,545.1766177176931,3.0866048766450773,1,0,5,0
3.591666666666667,954.4993944904943,544.6323312065457,3.1044289552629722,1,0,5,0
3.6,954.8521391832661,543.8479630022335,3.0709878994500777,1,0,5,0
3.6083333333333334,955.0117476584354,543.3991814246295,3.1244065199576765,1,0,5,0
3.6166666666666667,955.2994909487769,544.2453873080142,3.0592813218145882,1,0,5,0
3.625,955.4267489408811,543.9462424548814,3.068144569977134,1,0,5,0
3.6333333333333333,955.0258090008845,542.8718673230832,3.10725960253416,1,0,5,0
3.6416666666666666,954.8506479138512,541.7575721724608,3.088113097013572,1,0,5,0
3.65,954.8002372480993,540.6344210777794,3.0586741673970494,1,0,5,0
3.658333333333333,954.25334745464,540.7942528216485,3.091775254426521,1,0,5,0
3.6666666666666665,953.813307808622,541.3987098070837,3.101136511347924,1,0,5,0
3.675,953.6350468685065,541.6532701776996,3.1144171409021078,1,0,5,0
3.683333333333333,953.2144206616833,541.709367992139,3.0974399371247907,1,0,5,0
3.691666666666667,953.3525178297548,541.7446650611207,3.064555635269361,1,0,5,0
3.7,953.9009073314052,542.0129710989604,3.075541902712513,1,0,5,0
3.7083333333333335,953.9918133741978,541.5823185203096,3.0676576652090746,1,0,5,0
3.716666666666667,954.9817442771498,541.5613487315541,3.089373667459796,1,0,5,0
3.725,954.5427293622009,540.710208807027,3.134977548949657,1,0,5,0
3.7333333333333334,953.3642716870996,540.1851715800916,3.0752692176673717,1,0,5,0
3.7416666666666667,953.8856372125919,540.4623601816023,3.1180332563546735,1,0,5,0
3.75,953.3224233347474,540.7849821996194,3.132248108561712,1,0,5,0
3.7583333333333333,953.2071087876667,540.3913464647025,3.0917640387083374,1,0,5,0
3.7666666666666666,952.7482256449242,539.8816308148275,3.084682718443642,1,0,5,0
3.775,952.682668908574,539.7891840817564,3.08547343385929,1,0,5,0
3.783333333333333,952.7257740514086,538.9758032394948,3.0782926331516944,1,0,5,0
3.7916666666666665,952.023168913539,538.9996342788799,3.086159716607196,1,0,5,0
3.8,951.6310924855036,538.9217719101042,3.0995607423307767,1,0,5,0
3.808333333333333,951.4373952314174,538.8389637963069,3.1222441236768916,1,0,5,0
3.816666666666667,952.1315854190248,538.077717046633,3.1343215064681558,1,0,5,0
3.825,952.0707978673221,538.1541876208677,3.0960535270205174,1,0,5,0
3.8333333333333335,952.85965093587,538.6325260626775,3.129953703789814,1,0,5,0
3.841666666666667,953.1099264144656,538.1695894737978,3.109513968539857,1,0,5,0
3.85,952.9596507236574,537.5389265843434,3.100244268212522,1,0,5,0
3.8583333333333334,952.069808696729,537.6358209223567,3.1019764468123787,1,0,5,0
3.8666666666666667,952.0476186739241,538.1759215020844,3.08700796121315,1,0,5,0
3.875,951.8597469838927,537.9539444032849,3.0985397083435298,1,0,5,0
3.8833333333333333,951.3636449313187,538.2394507004586,3.1083855761692063,1,0,5,0
3.8916666666666666,951.6898388527169,537.5648521614685,3.078969909595274,1,0,5,0
3.9,951.1442945905313,538.418203533163,3.091106516322825,1,0,5,0
3.908333333333333,950.9768337575365,537.5138280517122,3.048657550664076,1,0,5,0
3.9166666666666665,950.7865493406898,537.7939017777342,3.0852785536270284,1,0,5,0
3.925,950.9749370803739,537.8322991803773,3.134936727922228,1,0,5,0
3.933333333333333,951.3980925579391,538.0978275944749,3.110130471096547,1,0,5,0
3.941666666666667,952.2312162085248,537.3852588564976,3.112462649040861,1,0,5,0
3.95,952.6451134373888,537.126622569124,3.0866143890376017,1,0,5,0
3.9583333333333335,952.6811415489631,536.7580683129235,3.1226516547374246,1,0,5,0
3.966666666666667,953.2225434910956,537.0799314278553,3.102696626860817,1,0,5,0
3.975,953.0569870667412,536.9131082054762,3.101729670815318,1,0,5,0
3.9833333333333334,953.3058252075901,535.9638864164948,3.1455953154706475,1,0,5,0
3.9916666666666667,953.7651097961837,535.7312294345492,3.1335881999031803,1,0,5,0
4.0,952.7574218320256,536.3495533053865,3.086591935425071,1,0,5,0
4.008333333333334,953.4523374503891,536.714194644865,3.0829576037860145,1,0,5,0
4.016666666666667,954.0411156267312,536.7504062338213,3.1368105523389125,1,0,5,0
4.025,954.5206251136276,536.1854410714573,3.143237797987769,1,0,5,0
4.033333333333333,954.1437209974881,537.3834072936061,3.1207468613309244,1,0,5,0
4.041666666666667,953.9868697480839,536.8791896897003,3.111618535585284,1,0,5,0
4.05,954.4621060114617,536.8434345906617,3.112878678088396,1,0,5,0
4.058333333333334,954.8121241802871,536.2331470282772,3.101220577281177,1,0,5,0
4.066666666666666,954.6529188792872,536.598300513861,3.1267700226769723,1,0,5,0
4.075,953.9776251682517,536.8140968163613,3.120567875198443,1,0,5,0
4.083333333333333,953.4715700973983,536.1529508070936,3.080551723495998,1,0,5,0
4.091666666666667,952.882511698868,535.6982286409398,3.097620642007242,1,0,5,0
4.1,953.4894556937872,536.5239510273896,3.0825298845029696,1,0,5,0
4.108333333333333,953.4344972570507,537.0829341358714,3.108488078523342,1,0,5,0
4.116666666666666,953.2387974162417,536.3001491028514,3.1216524418284552,1,0,5,0
4.125,954.0384694836366,537.0877446644804,3.11324535747975,1,0,5,0
4.133333333333334,953.811308269099,536.6578598965809,3.1031710575416374,1,0,5,0
4.141666666666667,953.537873359032,536.0982971496564,3.1301784543753928,1,0,5,0
4.15,953.006518116883,536.3916838185323,3.1084929926963705,1,0,5,0
4.158333333333333,952.7688286125507,535.821602457473,3.089725041548787,1,0,5,0
4.166666666666667,953.6162618065986,535.9404127707818,3.099058412347144,1,0,5,0
4.175,953.6265834700607,536.2278594657348,3.065494151077047,1,0,5,0
4.183333333333334,952.7601462176517,536.3733484130593,3.064972892174861,1,0,5,0
4.191666666666666,952.5431651001743,536.8407145211104,3.1003647527706315,1,0,5,0
4.2,951.6919196604144,536.6596751706976,3.082923467704359,1,0,5,0
4.208333333333333,952.3867679683752,538.0414755054987,3.1403846481926725,1,0,5,0
4.216666666666667,952.0339666068004,536.8045492898021,3.0926786711283714,1,0,5,0
4.225,951.7903176845836,536.9395988239701,3.108006646716726,1,0,5,0
4.233333333333333,950.9978457239486,537.3795010614012,3.127292842694533,1,0,5,0
4.241666666666666,951.0631846187475,536.4773129896479,3.1106633030128785,1,0,5,0
4.25,950.5015758129148,536.3407836443345,3.1179913801935015,1,0,5,0
4.258333333333334,951.2080130805894,536.102914574013,3.1104239637022957,1,0,5,0
4.266666666666667,951.2315249685347,536.4283862596086,3.1105383823274786,1,0,5,0
4.275,950.9563162391563,535.6209215172877,3.125892035465053,1,0,5,0
4.283333333333333,950.7169997915922,535.376984721657,3.1354813373025614,1,0,5,0
4.291666666666667,950.5799273237991,534.8848980857942,3.1415810407916456,1,0,5,0
4.3,950.39892207285,535.6777905911567,3.0916116406977463,1,0,5,0
4.308333333333334,949.7078048451066,535.8188509801281,3.1489786206053356,1,0,5,0
4.316666666666666,949.2043436740977,535.3053805093273,3.126791726682247,1,0,5,0
4.325,950.1123949166683,536.0477578892035,3.144810643747536,1,0,5,0
4.333333333333333,949.4650914298243,535.8624345592806,3.157573615830365,1,0,5,0
4.341666666666667,949.1539604709693,536.254156534387,3.110821277840293,1,0,5,0
4.35,949.2062138014002,536.9361388838109,3.1601856532685777,1,0,5,0
4.358333333333333,948.7309130015285,538.0767922876694,3.114785549417242,1,0,5,0
4.366666666666666,948.9789630590479,538.8111747985516,3.1607319814019084,1,0,5,0
4.375,948.4343057660373,538.2925721323289,3.1348984584714428,1,0,5,0
4.383333333333334,948.2747169264658,539.0716898207303,3.149160044445667,1,0,5,0
4.391666666666667,948.400830305337,539.1278534541339,3.1099085205874175,1,0,5,0
4.4,948.4844826273109,538.9049816669144,3.1368411037510255,1,0,5,0
4.408333333333333,949.1327279539802,538.7172608856022,3.1641644544536445,1,0,5,0
4.416666666666667,949.134949938206,538.704832929103,3.1391087879835458,1,0,5,0
4.425,949.6424467841452,538.2623038242488,3.174202600424173,1,0,5,0
4.433333333333334,949.5302964763259,538.7572121002768,3.1019042485411026,1,0,5,0
4.441666666666666,948.996327955695,538.9804408365387,3.139674329582294,1,0,5,0
4.45,947.7777901018833,537.9550981210788,3.1653986724732284,1,0,5,0
4.458333333333333,948.2730717226923,538.2659478136098,3.128587329704747,1,0,5,0
4.466666666666667,948.3017891155644,538.1104968164839,3.1375712111664162,1,0,5,0
4.475,948.3550407409828,538.2790414939752,3.122726850594969,1,0,5,0
4.483333333333333,947.9222192017629,537.8568393198054,3.1592414022165145,1,0,5,0
4.491666666666666,947.9152042254492,537.8653370970587,3.1297055672482066,1,0,5,0
4.5,947.072273296008,537.8040831364924,3.167779994078364,1,0,5,0
4.508333333333334,946.4897308393105,537.864170285332,3.1205021055634523,1,0,5,0
4.516666666666667,945.791366088111,537.519642838353,3.1742105022442977,1,0,5,0
4.525,946.0889095557552,537.7278022980162,3.149919772495891,1,0,5,0
4.533333333333333,946.606705654336,537.9624496495312,3.114136387749932,1,0,5,0
4.541666666666667,946.6461762644058,537.7459094694049,3.173606154369021,1,0,5,0
4.55,946.838789624951,537.4631358173352,3.1329130586081706,1,0,5,0
4.558333333333334,947.2638038727945,537.497595376665,3.177139225440618,1,0,5,0
4.566666666666666,947.6385292029331,537.3367451636325,3.1575848144354683,1,0,5,0
4.575,947.310060144745,537.148412923771,3.1741002828705307,1,0,5,0
4.583333333333333,947.5044244710455,537.0359684970803,3.1293159453446484,1,0,5,0
4.591666666666667,947.9334107372127,536.6473666708087,3.129705907763995,1,0,5,0
4.6,947.2920748456933,537.7085458645552,3.117951431257772,1,0,5,0
4.608333333333333,946.6013517579528,537.1353016086106,3.146928777322224,1,0,5,0
4.616666666666666,946.4666557744231,537.6721624103903,3.1219231670165892,1,0,5,0
4.625,946.3001985314187,538.0781021448305,3.169197968483178,1,0,5,0
4.633333333333334,946.9377815073549,538.396117526039,3.1528560207492715,1,0,5,0
4.641666666666667,1103.9189916763287,753.8023189105047,3.12998725655812,1,0,5,0
4.65,1103.3952878123787,752.934138596961,3.122321541770495,1,0,5,0
4.658333333333333,946.0557494019296,536.9332734214228,3.1513608233251174,1,0,5,0
4.666666666666667,946.6809271398688,536.6178567569978,3.1661411445317715,1,0,5,0
4.675,947.0889643986721,536.7404993233288,3.128795462945957,1,0,5,0
4.683333333333334,946.7653947151931,536.7361091077142,3.13389083010736,1,0,5,0
4.691666666666666,947.1440018026293,536.1937262188089,3.1808752325381957,1,0,5,0
4.7,947.8301423272762,536.2670007729586,3.166951176646523,1,0,5,0
4.708333333333333,947.4086818082142,536.356228650138,3.152702955391751,1,0,5,0
4.716666666666667,948.2834481111793,536.1768061895298,3.1473219692332064,1,0,5,0
4.725,948.942013717501,536.916969453914,3.1688908145227357,1,0,5,0
4.733333333333333,948.895747073989,538.0034082939011,3.1442429373270167,1,0,5,0
4.741666666666666,948.300382761207,537.6995104667739,3.166833474142473,1,0,5,0
4.75,947.954547192443,537.9324168691393,3.159221203841941,1,0,5,0
4.758333333333334,948.0466615988212,537.9291810781335,3.1520353843409756,1,0,5,0
4.766666666666667,948.4102088778689,538.642413416449,3.1802772957341356,1,0,5,0
4.775,949.0126135062101,537.9079769421327,3.1540069482570123,1,0,5,0
4.783333333333333,949.6528379963249,538.2751510713607,3.1613227947198066,1,0,5,0
4.791666666666667,949.8670721732682,538.3776921425654,3.1700714523961486,1,0,5,0
4.8,949.998078696967,537.8010165894871,3.1869870408408,1,0,5,0
4.808333333333334,949.3930631043978,537.0913861376064,3.2326720903340807,1,0,5,0
4.816666666666666,949.2272464871744,536.727759310766,3.1864527799471576,1,0,5,0
4.825,949.1027239795862,536.8099188929625,3.172465213702669,1,0,5,0
4.833333333333333,949.0070638168457,535.945329662956,3.1563729146016226,1,0,5,0
4.841666666666667,1009.8301519055552,447.3286870801613,3.1959011338686123,1,0,5,0
4.85,1009.1882268902935,447.65200605020624,3.1628935390318373,1,0,5,0
4.858333333333333,948.5865639500894,536.7490442854037,3.202008275289311,1,0,5,0
4.866666666666666,948.8967765682704,536.0426322146704,3.186217373978001,1,0,5,0
4.875,949.4028712305148,535.9414642883432,3.1980174482305315,1,0,5,0
4.883333333333334,949.2090064210701,535.858294097654,3.174092555115486,1,0,5,0
4.891666666666667,948.7689748504401,535.6211018912177,3.1606707658800386,1,0,5,0
4.9,949.0090454150862,534.5550340886554,3.187583069858747,1,0,5,0
4.908333333333333,948.8364185771467,534.5263591813358,3.1783922309147576,1,0,5,0
4.916666666666667,948.9219331302719,534.6402943453395,3.225327651263703,1,0,5,0
4.925,948.1177292809243,534.5654315225312,3.144633182376314,1,0,5,0
4.933333333333334,948.3145902479112,534.2947943768431,3.2062319049807515,1,0,5,0
4.941666666666666,948.0080295106493,533.8260845741959,3.1856384175647428,1,0,5,0
4.95,948.3666624513342,533.3657329425417,3.1921211831590455,1,0,5,0
4.958333333333333,948.6579660004037,533.1335997653612,3.1708698779272297,1,0,5,0
4.966666666666667,949.2033935408875,532.8950290518421,3.1672284287499965,1,0,5,0
4.975,949.4594918071382,532.5011250131729,3.2037496678179402,1,0,5,0
4.983333333333333,949.8545358338747,533.2996256642147,3.181326131436335,1,0,5,0
4.991666666666666,949.9327517939172,533.4546415191384,3.181900191991534,1,0,5,0
5.0,950.3725522270677,534.3438237892437,3.201069544779872,1,0,5,0
5.008333333333334,949.9261715145673,534.131706944744,3.1990091035954404,1,0,5,0
5.016666666666667,950.5264118817315,534.2453014444645,3.19272114359973,1,0,5,0
5.025,951.0174972838682,534.5206139449842,3.196135871139843,1,0,5,0
5.033333333333333,950.9893592854734,534.2812460261888,3.252323832232184,1,0,5,0
5.041666666666667,950.6440267964452,535.2293110741522,3.2223558165639226,1,0,5,0
5.05,950.3421997351162,534.7326060466727,3.2013969788460486,1,0,5,0
5.058333333333334,949.7861189038487,534.9084565580009,3.2219452469903502,1,0,5,0
5.066666666666666,949.1808764424369,535.2370606186763,3.193146124933937,1,0,5,0
5.075,948.5702234848972,535.8820362873588,3.2396774882609303,1,0,5,0
5.083333333333333,948.0585047977995,535.6300738734154,3.2210291032087106,1,0,5,0
5.091666666666667,948.0045635125489,535.6820563018372,3.2145738773373833,1,0,5,0
5.1,948.1784920960059,535.5416401602567,3.214676646881481,1,0,5,0
5.108333333333333,948.2655765330217,535.7184154844919,3.2045012381489517,1,0,5,0
5.116666666666666,947.7026529198529,535.3624093475339,3.227509689335154,1,0,5,0
5.125,947.7867574275575,535.8811956087885,3.198241027172089,1,0,5,0
5.133333333333334,948.0045071777549,535.4090202535915,3.257511629936407,1,0,5,0
5.141666666666667,947.6821278915774,535.0968710529851,3.2340484846810713,1,0,5,0
5.15,947.6456882445091,535.870393812941,3.2600511934821554,1,0,5,0
5.158333333333333,947.3053738654536,535.5224577223629,3.221646289672129,1,0,5,0
5.166666666666667,946.8951124649496,535.3339806415959,3.2422839115890487,1,0,5,0
5.175,945.7885140741784,536.2602560269222,3.174398228923083,1,0,5,0
5.183333333333334,945.153923781309,535.7457440906047,3.2456992664459015,1,0,5,0
5.191666666666666,945.2414983207282,535.2496717692146,3.2511296603002826,1,0,5,0
5.2,944.5510841521748,535.4073329814814,3.1580035535389928,1,0,5,0
5.208333333333333,944.5490041736273,535.9664693269862,3.2383816587527083,1,0,5,0
5.216666666666667,944.8681041045032,536.5064976897717,3.2563992682873377,1,0,5,0
5.225,1181.6247428001557,350.9054861115362,3.2313973148166655,1,0,5,0
5.233333333333333,1182.0391922124447,350.7986898357814,3.2184539105502057,1,0,5,0
5.241666666666666,944.705784039149,536.1895673161945,3.2276776550583737,1,0,5,0
5.25,945.4178780059144,536.5067535767904,3.2047856816238434,1,0,5,0
5.258333333333334,945.7550481282165,536.4016343962326,3.2468989641424524,1,0,5,0
5.266666666666667,945.9215220820814,536.590187182287,3.22617465513786,1,0,5,0
5.275,946.1612069994262,535.8054186324571,3.25207873945953,1,0,5,0
5.283333333333333,945.897117826637,535.3998674468826,3.224006088032062,1,0,5,0
5.291666666666667,945.4205896779704,535.781338949683,3.2440329106892096,1,0,5,0
5.3,945.5643792971327,536.1788209669512,3.220122589215119,1,0,5,0
5.308333333333334,946.8069685312272,535.9431375449649,3.2291187526398524,1,0,5,0
5.316666666666666,947.45032839704,535.1346211596398,3.258120196274495,1,0,5,0
5.325,946.8513035860883,535.7435645598484,3.225792477811632,1,0,5,0
5.333333333333333,947.5507880834285,535.1907007909566,3.2450758794863006,1,0,5,0
5.341666666666667,947.5445462815261,535.4198727211203,3.221678090397573,1,0,5,0
5.35,948.5410465244613,534.7913844679268,3.272673722991661,1,0,5,0
5.358333333333333,948.2916232993196,535.0079355927116,3.2424756649243145,1,0,5,0
5.366666666666666,948.1570807923616,535.1603447539177,3.2276835675141697,1,0,5,0
5.375,947.8550744970502,535.0406650006048,3.236345771240135,1,0,5,0
5.383333333333334,947.5912984430599,535.3429439430782,3.2072196062489313,1,0,5,0
5.391666666666667,947.9199044271544,536.3024105899077,3.2672325790652637,1,0,5,0
5.4,948.5541810707145,536.1213047926387,3.2062891135582707,1,0,5,0
5.408333333333333,949.4072955334091,536.2665311545886,3.237757027406015,1,0,5,0
5.416666666666667,949.972020224968,536.272234894682,3.2617538896726956,1,0,5,0
5.425,949.7482938431252,535.9785790169794,3.2596363865468065,1,0,5,0
5.433333333333334,949.5889097468447,537.2779937860487,3.2513036516813165,1,0,5,0
5.441666666666666,948.9893035664675,537.4550788872712,3.2214443151552956,1,0,5,0
5.45,949.2299032869929,538.071486835637,3.255631626469781,1,0,5,0
5.458333333333333,948.9258840457167,537.7572001927949,3.278039019781645,1,0,5,0
5.466666666666667,949.5849043573209,538.3044021426995,3.3056694179982187,1,0,5,0
5.475,950.2580221514183,538.3611923892528,3.2694915426365516,1,0,5,0
5.483333333333333,948.8237160991199,539.1995118181405,3.236991406471988,1,0,5,0
5.491666666666666,949.7787029633912,538.5960509867922,3.2022395341618535,1,0,5,0
5.5,950.129792244927,538.8565591592451,3.261024774898804,1,0,5,0
5.508333333333334,950.2898598076545,539.2006105327723,3.2230831552784425,1,0,5,0
5.516666666666667,949.742391422602,539.3098119302462,3.2880077941994776,1,0,5,0
5.525,949.011190058978,539.7263685684457,3.258276721756365,1,0,5,0
5.533333333333333,948.6957249188986,540.4670894036705,3.2600635083764278,1,0,5,0
5.541666666666667,948.1382133502558,540.3128946680813,3.275338312086,1,0,5,0
5.55,947.9731173638883,540.0658628310031,3.2984226451073853,1,0,5,0
5.558333333333334,947.5444797454592,540.4011697210123,3.2645490684131233,1,0,5,0
5.566666666666666,946.9771103634405,539.8073623156764,3.244949456666857,1,0,5,0
5.575,947.0680736571675,539.756251889054,3.236680103100705,1,0,5,0
5.583333333333333,947.1142738756555,539.6818778785943,3.2749778308043105,1,0,5,0
5.591666666666667,947.0739657770547,539.6027707908147,3.2603028793829925,1,0,5,0
5.6,947.3284918378606,540.0622562856767,3.256065284636057,1,0,5,0
5.608333333333333,946.3471380298073,539.9931112306646,3.2422268536665175,1,0,5,0
5.616666666666666,946.7379294120288,540.320729905259,3.253410870753205,1,0,5,0
5.625,947.252663873864,541.5013977154258,3.269278850737681,1,0,5,0
5.633333333333334,947.681935644982,541.5523574377721,3.2944409786207847,1,0,5,0
5.641666666666667,947.3023191957182,540.9486913842975,3.311279986989074,1,0,5,0
5.65,947.4299270478051,540.9407964751468,3.2655079021819504,1,0,5,0
5.658333333333333,947.3683760728152,541.141598204761,3.2720683937493518,1,0,5,0
5.666666666666667,947.6508843799232,541.344466056802,3.304679895182421,1,0,5,0
5.675,947.3713888063864,541.1332875297883,3.2259354599074124,1,0,5,0
5.683333333333334,947.2051282915498,540.9488857066135,3.278199830528738,1,0,5,0
5.691666666666666,946.9922549694335,540.5682640457966,3.2539676943627747,1,0,5,0
5.7,947.2580755324706,539.3735163858918,3.278807331056613,1,0,5,0
5.708333333333333,947.4273006994999,539.7135902559186,3.297866502816753,1,0,5,0
5.716666666666667,948.303635985358,540.1112005802972,3.3064706470646086,1,0,5,0
5.725,947.6189888010912,540.2450160026298,3.2986316234542628,1,0,5,0
5.733333333333333,947.0894262692552,539.7422761947787,3.2671418500136724,1,0,5,0
5.741666666666666,946.9432379045603,539.7441848359988,3.292374299229164,1,0,5,0
5.75,947.0953227721614,540.117459699109,3.312861133503894,1,0,5,0
5.758333333333334,946.9568127714526,539.5945503366472,3.254085248229473,1,0,5,0
5.766666666666667,946.9027276776984,539.8908201530696,3.228714430263814,1,0,5,0
5.775,946.9215892512037,539.1796474692395,3.2842793445728056,1,0,5,0
5.783333333333333,946.9588711787706,539.4097958305416,3.265719902353007,1,0,5,0
5.791666666666667,946.8935379160837,539.5876183216327,3.2851867862470803,1,0,5,0
5.8,946.0755309783965,539.4464890937061,3.287658118996261,1,0,5,0
5.808333333333334,945.7932720255044,539.4304036867422,3.274476534606819,1,0,5,0
5.816666666666666,946.222910867709,540.7391471290061,3.2887962824909938,1,0,5,0
5.825,946.5561728672704,541.0475591650304,3.316586622123875,1,0,5,0
5.833333333333333,946.4469983746087,540.6498620629304,3.3009859320325012,1,0,5,0
5.841666666666667,946.9809410013086,540.4328962513177,3.2885289641933184,1,0,5,0
5.85,947.0157359520936,540.2746786554436,3.2783274465325603,1,0,5,0
5.858333333333333,946.8715767832201,540.1509736435205,3.302586532957637,1,0,5,0
5.866666666666666,947.5076716930535,540.5861563208385,3.284011036605676,1,0,5,0
5.875,947.7190414165764,540.6301949670423,3.2713421920450414,1,0,5,0
5.883333333333334,947.7503743738326,539.8981965456923,3.2970530804506963,1,0,5,0
5.891666666666667,948.169814659817,540.0350606188188,3.32197650841819,1,0,5,0
5.9,948.436053689532,539.2076646433776,3.2549314644438176,1,0,5,0
5.908333333333333,947.0828400889297,538.8479874053858,3.2907472112474925,1,0,5,0
5.916666666666667,946.6572262308445,538.7645027125981,3.330358462473005,1,0,5,0
5.925,945.7183629233103,538.128852684801,3.2749910562009323,1,0,5,0
5.933333333333334,945.9827093243069,538.0178131093626,3.2721715314142696,1,0,5,0
5.941666666666666,945.5499776384213,538.1502639773283,3.2837449753901,1,0,5,0
5.95,946.0426464757537,537.9393095334312,3.25225684519509,1,0,5,0
5.958333333333333,946.6144738216525,539.1942224588493,3.2909455154048315,1,0,5,0
5.966666666666667,947.3581805829831,538.8937815547358,3.3270011602563323,1,0,5,0
5.975,947.7306347375041,538.5210748888921,3.268405139631829,1,0,5,0
5.983333333333333,947.5712676218776,538.8499819314934,3.272330897536846,1,0,5,0
5.991666666666666,947.6151094873132,539.7313878255401,3.3055704117578593,1,0,5,0
6.0,947.8695807196161,539.4829834541945,3.273958306757076,1,0,5,0
6.008333333333334,947.8614493906431,538.8261377947276,3.3262092381758595,1,0,5,0
6.016666666666667,947.3916495347435,539.0889088626268,3.3166274697076163,1,0,5,0
6.025,947.3090934959085,539.1850725500274,3.337686904280888,1,0,5,0
6.033333333333333,947.0316403341988,538.4866968987557,3.263060706154598,1,0,5,0
6.041666666666667,947.7691962111887,538.3175950017637,3.309484938740332,1,0,5,0
6.05,948.2663366395838,537.8908687532004,3.2766532565557407,1,0,5,0
6.058333333333334,947.6620527396462,538.416952265383,3.2777834242067767,1,0,5,0
6.066666666666666,947.8426691407911,538.9548571970262,3.307125996703697,1,0,5,0
6.075,947.2068924344017,539.2805651504373,3.2612583828423283,1,0,5,0
6.083333333333333,946.6799225452389,539.0448321916498,3.28719567076498,1,0,5,0
6.091666666666667,947.2268522574225,538.2970218509795,3.3026879142168144,1,0,5,0
6.1,946.927774249436,538.9311563815511,3.277068322444864,1,0,5,0
6.108333333333333,946.909515122371,538.6616704418442,3.2891073137496543,1,0,5,0
6.116666666666666,946.6977559146845,538.1473768593854,3.2827203065884327,1,0,5,0
6.125,947.1232436187526,538.6675972944482,3.3061236388839346,1,0,5,0
6.133333333333334,947.2638272991056,537.6463236417625,3.2972566376333106,1,0,5,0
6.141666666666667,947.4147322076178,537.4008958929826,3.309340829070978,1,0,5,0
6.15,947.460225519016,537.2074883773257,3.2810792566260654,1,0,5,0
6.158333333333333,948.5092263786461,537.2797780588736,3.3313586998511733,1,0,5,0
6.166666666666667,948.4085332174484,537.8787614962346,3.3103453446933693,1,0,5,0
6.175,948.3488441602085,537.8193278547392,3.2924017767080853,1,0,5,0
6.183333333333334,948.4800601599565,537.1275008419332,3.286507022954935,1,0,5,0
6.191666666666666,949.4986893650849,537.2412835571566,3.3033383022488954,1,0,5,0
6.2,949.8305388372961,537.2853781258862,3.292222346990863,1,0,5,0
6.208333333333333,949.9529250319179,537.4448803363081,3.2905630706056224,1,0,5,0
6.216666666666667,949.0170335515813,536.8414544097061,3.2903413374847887,1,0,5,0
6.225,949.2081733514453,536.5754492876229,3.2894370970456066,1,0,5,0
6.233333333333333,927.7080659374789,707.2481461496745,3.3117714112457644,1,0,5,0
6.241666666666666,927.1680653077894,707.0477981938548,3.3167725008240425,1,0,5,0
6.25,946.3193812735713,537.4276433842513,3.3158755758369116,1,0,5,0
6.258333333333334,946.3977346031999,538.035914826084,3.3417139708020915,1,0,5,0
6.266666666666667,945.6635511991445,538.1658527944722,3.3064466782133666,1,0,5,0
6.275,945.3426829385297,538.3484986005176,3.3368952942939054,1,0,5,0
6.283333333333333,945.5470277844469,538.4552226567325,3.288060737018169,1,0,5,0
6.291666666666667,946.8405353092709,538.2567749639858,3.2923334749169957,1,0,5,0
6.3,946.5944480287897,538.8190670983491,3.3106925114367054,1,0,5,0
6.308333333333334,947.6093266144185,539.2473330028728,3.334889762998489,1,0,5,0
6.316666666666666,947.825936947361,538.6845894873009,3.3234445857253703,1,0,5,0
6.325,948.2949440035757,539.1826813804671,3.3119552528162886,1,0,5,0
6.333333333333333,948.5343199426227,539.4834581161616,3.350977199163562,1,0,5,0
6.341666666666667,949.2179334416311,539.2445285820121,3.2980100181646166,1,0,5,0
6.35,949.102112101943,539.1277908479839,3.330948381328624,1,0,5,0
6.358333333333333,949.8068344018477,539.4527817315372,3.3234301032759195,1,0,5,0
6.366666666666666,950.4312914710011,539.5001805846952,3.337017569905604,1,0,5,0
6.375,950.12180201761,539.3646189528849,3.299333749773158,1,0,5,0
6.383333333333334,950.496052908252,539.0081853034358,3.3437692510978687,1,0,5,0
6.391666666666667,950.0593129778015,539.189919783118,3.3744992386684074,1,0,5,0
6.4,949.8682358254854,538.3653179381695,3.327412983731217,1,0,5,0
6.408333333333333,949.8765837152253,538.1997014983411,3.3399073301364206,1,0,5,0
6.416666666666667,949.619241750192,538.278677230561,3.3423943790003285,1,0,5,0
6.425,949.4912063328793,537.9055403860972,3.3257284285562543,1,0,5,0
6.433333333333334,950.3621186840089,538.509623540048,3.3370022780887925,1,0,5,0
6.441666666666666,949.4938547460945,538.020268199316,3.305806502707152,1,0,5,0
6.45,949.2158939925813,537.9357601994367,3.348305039775342,1,0,5,0
6.458333333333333,949.4619591632852,538.2620370468527,3.3403707404245626,1,0,5,0
6.466666666666667,949.7043739452957,538.7999729390366,3.3025881158809134,1,0,5,0
6.475,949.3675940935628,538.9848095214697,3.355976071823359,1,0,5,0
6.483333333333333,949.8863297510479,538.8503088112263,3.328849496374528,1,0,5,0
6.491666666666666,950.0257005000609,538.6417988577681,3.332830438848366,1,0,5,0
6.5,949.3566159308668,537.7386131441094,3.319696399860492,1,0,5,0
6.508333333333334,949.2226449642109,538.447046698414,3.375095262642218,1,0,5,0
6.516666666666667,949.719522315425,537.9479285212616,3.3627158128236556,1,0,5,0
6.525,949.9538539725511,536.7829905417343,3.3372277683374407,1,0,5,0
6.533333333333333,949.8036122997597,536.6677839822685,3.337244275470304,1,0,5,0
6.541666666666667,949.8144158650018,537.3144737449497,3.3133956772922417,1,0,5,0
6.55,949.9785644540024,537.4665526381549,3.3481035284740313,1,0,5,0
6.558333333333334,950.1721561114804,537.5843264079715,3.349036053435812,1,0,5,0
6.566666666666666,949.972903959147,537.3207677002282,3.3408389160004464,1,0,5,0
6.575,950.3650637534623,536.8080193992018,3.320230656910809,1,0,5,0
6.583333333333333,949.9397840943943,536.1385262028123,3.3467853664855123,1,0,5,0
6.591666666666667,949.1008914955853,536.3105772132161,3.342011133660734,1,0,5,0
6.6,948.8256450570583,536.7678441699932,3.3230445787167175,1,0,5,0
6.608333333333333,948.7646949284233,537.2946716822454,3.353901929808406,1,0,5,0
6.616666666666666,948.3425337930462,537.5525544277376,3.284240507047128,1,0,5,0
6.625,947.7550556076269,538.4493673592441,3.313197596590392,1,0,5,0
6.633333333333334,948.5610579542736,538.6709532216687,3.311862800683879,1,0,5,0
6.641666666666667,948.1746051226135,539.015002907158,3.3392435084500978,1,0,5,0
6.65,947.3561598915788,538.2122127523552,3.3175980787346497,1,0,5,0
6.658333333333333,947.4136393450073,537.6065743679284,3.2857784226357665,1,0,5,0
6.666666666666667,946.4663927801996,536.8227206678778,3.2843150576472078,1,0,5,0
6.675,947.091277143608,536.3033046800086,3.3028637919157697,1,0,5,0
6.683333333333334,947.1218528672415,536.8985522388638,3.282529324068078,1,0,5,0
6.691666666666666,947.5355945723945,537.7677620181369,3.293338190154184,1,0,5,0
6.7,947.1476229297127,537.84436410815,3.3215986724379833,1,0,5,0
6.708333333333333,946.1077544403612,538.43735775543,3.3039156601696575,1,0,5,0
6.716666666666667,946.8064299581148,538.8779937755999,3.280829924860075,1,0,5,0
6.725,946.7141681620124,538.0623612796627,3.3517264334992243,1,0,5,0
6.733333333333333,946.9002928666953,538.5561199656731,3.2630763203243474,1,0,5,0
6.741666666666666,946.2869623364453,538.3186321316699,3.2972574726100725,1,0,5,0
6.75,946.3266199792296,537.717973755769,3.3047109524003457,1,0,5,0
6.758333333333334,946.0255978140116,537.2116540068029,3.3220805113353693,1,0,5,0
6.766666666666667,946.0441327743879,536.7570434606769,3.2675701028865807,1,0,5,0
6.775,946.1161418655931,537.0994609948035,3.2635293169645783,1,0,5,0
6.783333333333333,945.7767503409505,537.8934329104867,3.2925049941818556,1,0,5,0
6.791666666666667,945.8726655830561,538.1457199859863,3.2790647057894735,1,0,5,0
6.8,945.8068672286275,538.958277109573,3.290830245910042,1,0,5,0
6.808333333333334,945.5918112565042,538.7747717904942,3.27537110063518,1,0,5,0
6.816666666666666,945.1561796175572,538.7270951291406,3.2967739818471307,1,0,5,0
6.825,945.3067674039175,538.9900903394308,3.266386169323379,1,0,5,0
6.833333333333333,945.9281349617013,538.9581893506628,3.29531167444205,1,0,5,0
6.841666666666667,945.8569952318574,538.8516553777762,3.281056997665732,1,0,5,0
6.85,945.1411164503411,539.3532010239998,3.2793469118129845,1,0,5,0
6.858333333333333,946.29366319348,540.4958242979437,3.2645450642320895,1,0,5,0
6.866666666666666,946.7011862159619,540.9861331509783,3.2455967277870865,1,0,5,0
6.875,946.3742826500236,540.3478022368915,3.254987190157201,1,0,5,0
6.883333333333334,945.9288282158282,541.0898668975922,3.2742361839470107,1,0,5,0
6.891666666666667,945.867937857046,541.1352382773083,3.276614986626747,1,0,5,0
6.9,945.6100409874751,541.0631008109484,3.265864899690866,1,0,5,0
6.908333333333333,945.4427461244431,540.7544594191831,3.276712098981511,1,0,5,0
6.916666666666667,946.1497598818833,541.099614681408,3.26612618960983,1,0,5,0
6.925,946.5990901187689,541.3708035835793,3.268190504728977,1,0,5,0
6.933333333333334,947.1794338221421,540.8199055537492,3.236930582265917,1,0,5,0
6.941666666666666,946.8286420923077,540.2858029384212,3.2394831730413074,1,0,5,0
6.95,946.161920815437,539.869904542327,3.2602123337432576,1,0,5,0
6.958333333333333,946.7163402746102,540.2327099993535,3.255600724355561,1,0,5,0
6.966666666666667,946.8880592106802,539.974074402241,3.2414171264466694,1,0,5,0
6.975,947.2307499846506,539.6376081993265,3.2742022968057305,1,0,5,0
6.983333333333333,946.3763237347176,540.3541470962796,3.269982089574056,1,0,5,0
6.991666666666666,945.6481652590112,539.7558890637426,3.2453021981011654,1,0,5,0
7.0,946.9585831014763,540.5016586899168,3.2461225391667905,1,0,5,0
7.008333333333334,946.3969468821734,541.8553553635924,3.2555841351876498,1,0,5,0
7.016666666666667,946.2078338911338,541.5597609148284,3.2183127054452516,1,0,5,0
7.025,946.2383070686366,540.8127038059438,3.258396470927339,1,0,5,0
7.033333333333333,946.9159029508835,540.459842989114,3.2479897491175715,1,0,5,0
7.041666666666667,946.2854280808293,540.1218946788468,3.2339384151933666,1,0,5,0
7.05,945.9702871968589,539.9437532567451,3.2638708282297446,1,0,5,0
7.058333333333334,945.1681419839065,540.5975846824468,3.279285862127632,1,0,5,0
7.066666666666666,943.9687230555943,540.4226054041225,3.267838054986713,1,0,5,0
7.075,943.9575204665819,540.0772367109302,3.2276348522047824,1,0,5,0
7.083333333333333,943.7327836295647,539.8113800357335,3.2583916219016875,1,0,5,0
7.091666666666667,943.8869370719752,540.0320073912471,3.2365365041873804,1,0,5,0
7.1,943.6736557926936,540.6074195070732,3.28085989460104,1,0,5,0
7.108333333333333,944.5462950893733,540.0702629184876,3.2720053593701217,1,0,5,0
7.116666666666666,943.9845059198685,540.0991022751128,3.2613199158886896,1,0,5,0
7.125,944.9192981312326,539.241129937609,3.263248846789947,1,0,5,0
7.133333333333334,944.9972004142835,539.6309881788046,3.2491128200648514,1,0,5,0
7.141666666666667,944.9518581992254,540.2119560747136,3.237833444873265,1,0,5,0
7.15,944.7101417713388,539.5819352413107,3.228408024752848,1,0,5,0
7.158333333333333,944.5054164345972,539.9594204725468,3.2392519244450186,1,0,5,0
7.166666666666667,944.4236516538108,540.6826357698263,3.239202785296704,1,0,5,0
7.175,944.6790308024923,541.4653722213943,3.247954624565893,1,0,5,0
7.183333333333334,943.8051657570393,541.0646283306934,3.240962718494979,1,0,5,0
7.191666666666666,943.9140463555294,541.45226252325,3.240562207404425,1,0,5,0
7.2,943.2624661721762,540.0827125690665,3.214614125125644,1,0,5,0
7.208333333333333,943.5607395469862,540.7600683746821,3.2198807657282345,1,0,5,0
7.216666666666667,944.0533122786635,541.4213042559056,3.2345387225401736,1,0,5,0
7.225,944.0781741938191,540.7953550691484,3.212765659716533,1,0,5,0
7.233333333333333,943.5302319792083,541.055155438072,3.2093753433238943,1,0,5,0
7.241666666666666,943.0381327899563,540.5381498051038,3.2405781402569076,1,0,5,0
7.25,943.7014205460125,541.1157018071411,3.234547339883594,1,0,5,0
7.258333333333334,944.1151624813785,540.5964792895718,3.284341574711198,1,0,5,0
7.266666666666667,944.6589360280623,539.7248321186604,3.195991074343284,1,0,5,0
7.275,944.2983241608456,540.3349430204078,3.2156383597167895,1,0,5,0
7.283333333333333,943.9920274685053,541.3920512422046,3.216562704139635,1,0,5,0
7.291666666666667,943.4991273935764,541.526279142853,3.2115998546623086,1,0,5,0
7.3,943.69229865815,541.097564926992,3.2412509688126274,1,0,5,0
7.308333333333334,943.6767946346894,540.5980391952532,3.213311762118626,1,0,5,0
7.316666666666666,943.2215092223931,539.8037456651767,3.241467565879988,1,0,5,0
7.325,942.5784878807739,540.2627593614174,3.227057360546474,1,0,5,0
7.333333333333333,942.7734301869191,540.0356067896055,3.2259115948437187,1,0,5,0
7.341666666666667,943.0664188493733,539.8758218535082,3.2240351445700974,1,0,5,0
7.35,943.5962582927247,539.9580719297635,3.2034753638450764,1,0,5,0
7.358333333333333,943.9804995872355,540.1024243244428,3.1814171663581146,1,0,5,0
7.366666666666666,943.0469048719668,539.1053019651974,3.2351016362849827,1,0,5,0
7.375,943.4006350570893,539.1044428384245,3.2105946664508775,1,0,5,0
7.383333333333334,942.6392326797346,539.2775597772637,3.1972209451366687,1,0,5,0
7.391666666666667,942.8887598226418,539.0516513913327,3.1865845233302426,1,0,5,0
7.4,943.3240121444094,538.5703103923057,3.174442841564937,1,0,5,0
7.408333333333333,943.9370363718726,539.0377045797067,3.231279473065325,1,0,5,0
7.416666666666667,943.8766899061898,539.7667955882644,3.205641543441333,1,0,5,0
7.425,943.9984921445671,540.2329137652692,3.210930663371016,1,0,5,0
7.433333333333334,943.2254116959762,539.7230622163167,3.2651873007979,1,0,5,0
7.441666666666666,942.6122247668852,539.2773826856001,3.2195763303097675,1,0,5,0
7.45,942.5802663950882,538.8336857248628,3.2245990001595723,1,0,5,0
7.458333333333333,943.0210961467606,537.6453464911457,3.234067899257391,1,0,5,0
7.466666666666667,944.2640108828807,537.9794823907216,3.2130527867178245,1,0,5,0
7.475,944.0918365086011,537.7486582063237,3.1999159954666716,1,0,5,0
7.483333333333333,943.435146198923,537.9118042401072,3.1954289055503957,1,0,5,0
7.491666666666666,943.5134720826775,538.1817987888036,3.1952032443058536,1,0,5,0
7.5,943.8769183686316,538.988099821421,3.1998485806896797,1,0,5,0
7.508333333333334,944.1063423971218,539.0645825776512,3.2164216454795613,1,0,5,0
7.516666666666667,944.2299489198952,538.3126294340392,3.2310574540162236,1,0,5,0
7.525,944.5477579264685,538.3217934756724,3.170217195153338,1,0,5,0
7.533333333333333,945.0048294302774,537.7371368621199,3.172945388152246,1,0,5,0
7.541666666666667,944.878577549601,537.0054593115457,3.227196132310403,1,0,5,0
7.55,944.5180536262973,536.7943057739059,3.156554660804939,1,0,5,0
7.558333333333334,944.4735554254918,536.836140334286,3.1696377850589057,1,0,5,0
7.566666666666666,944.6119066866969,536.2074259763422,3.191284466085457,1,0,5,0
7.575,945.0838751438611,536.0940848068662,3.1589366929068654,1,0,5,0
7.583333333333333,946.085944165806,534.7275292681728,3.1474790425969976,1,0,5,0
7.591666666666667,946.02320644384,533.9046544543592,3.162077645432094,1,0,5,0
7.6,946.0655468430442,534.0235948670028,3.2008855603001694,1,0,5,0
7.608333333333333,946.519885504091,534.3539373386823,3.154726898833418,1,0,5,0
7.616666666666666,946.53898586726,533.6598446553801,3.174981458147685,1,0,5,0
7.625,945.5521639167132,533.6228068904549,3.1937431431404257,1,0,5,0
7.633333333333334,946.184308033722,532.8557984195762,3.208380526873406,1,0,5,0
7.641666666666667,945.9331776019981,531.6500698041126,3.2036959576132027,1,0,5,0
7.65,945.4286683869011,530.2879506462242,3.1934089401449874,1,0,5,0
7.658333333333333,945.4447550573524,530.754341163873,3.152046395685059,1,0,5,0
7.666666666666667,945.3381131044138,530.7340644841911,3.163782551640172,1,0,5,0
7.675,945.2893915075384,529.7103019385197,3.165430727582072,1,0,5,0
7.683333333333334,944.8379599343288,529.742680576179,3.1873806729033944,1,0,5,0
7.691666666666666,944.8054003158659,530.1169791839385,3.1777328052566163,1,0,5,0
7.7,945.5758482740631,530.2956335661319,3.1378291645624725,1,0,5,0
7.708333333333333,946.0910742702677,530.8682918241088,3.1434944338411075,1,0,5,0
7.716666666666667,946.4408491624324,530.0116262525378,3.1917810036879124,1,0,5,0
7.725,946.2864469633646,529.6344808086975,3.2058654172783254,1,0,5,0
7.733333333333333,945.5334019370209,530.1660328572084,3.1651140868286642,1,0,5,0
7.741666666666666,944.7038500434817,530.1046993895102,3.1778408214399323,1,0,5,0
7.75,944.6568363705371,530.3620800073883,3.169081602752121,1,0,5,0
7.758333333333334,943.7664219190638,529.5354216769225,3.1875351504787686,1,0,5,0
7.766666666666667,943.6748904906864,529.0545974464773,3.211874779887985,1,0,5,0
7.775,943.1893159777217,529.7725911510759,3.172333439334875,1,0,5,0
7.783333333333333,943.6256728090524,529.2618325403228,3.1452015746490773,1,0,5,0
7.791666666666667,943.5314843789545,529.353369587284,3.1479974796000074,1,0,5,0
7.8,943.8519660792848,529.5874720861208,3.188647291207989,1,0,5,0
7.808333333333334,943.9275181722545,529.7441742500184,3.1790880399864827,1,0,5,0
7.816666666666666,944.0243007003128,530.5719646848453,3.1488517900832043,1,0,5,0
7.825,944.062096576805,530.7798031747125,3.182060805678892,1,0,5,0
7.833333333333333,944.6222538156155,530.783672441018,3.1299179696007373,1,0,5,0
7.841666666666667,945.0787889689456,530.9254106089467,3.174173362613773,1,0,5,0
7.85,945.2319864671555,530.8297742077131,3.1765253431843954,1,0,5,0
7.858333333333333,945.5417489281823,530.7961720835925,3.130750274525418,1,0,5,0
7.866666666666666,945.5419584325803,530.1279773128615,3.193398274503842,1,0,5,0
7.875,944.6334909251843,530.034376569265,3.1404306364267636,1,0,5,0
7.883333333333334,944.3494468288799,530.0218717416283,3.1563536479107968,1,0,5,0
7.891666666666667,944.0465201066226,529.6195801053312,3.146659884710421,1,0,5,0
7.9,944.8143528142004,529.497528146867,3.1745234902801833,1,0,5,0
7.908333333333333,945.4909649421627,528.890889785344,3.203859290006416,1,0,5,0
7.916666666666667,944.9581059853763,528.7297315558126,3.1795253017598886,1,0,5,0
7.925,945.087158268891,529.1568160692698,3.1443086923931918,1,0,5,0
7.933333333333334,945.329631891786,528.9852451902641,3.136333066104325,1,0,5,0
7.941666666666666,945.128982058689,528.1551379418794,3.1485610847591827,1,0,5,0
7.95,945.4398245645651,528.4062108714459,3.1252648802123217,1,0,5,0
7.958333333333333,945.990410583938,528.233129557567,3.1272413517531867,1,0,5,0
7.966666666666667,947.0585887256917,527.6935520697243,3.1374273861840014,1,0,5,0
7.975,947.6460925216918,527.7873262569016,3.1414121260010415,1,0,5,0
7.983333333333333,947.7057159293305,527.595222037329,3.1089981710604344,1,0,5,0
7.991666666666666,948.1265240341676,527.5796769085421,3.1559723278401184,1,0,5,0
8.0,948.3040262812881,528.1206360743817,3.150799226480672,1,0,5,0
8.008333333333333,948.8789716727237,528.7586455156701,3.1417954776910104,1,0,5,0
8.016666666666667,654.6693571883251,578.9969395212246,3.160766617250816,1,0,5,0
8.025,654.9711471937085,578.9245551415449,3.124471467612883,1,0,5,0
8.033333333333333,947.431967384159,530.089183835424,3.1292350062607945,1,0,5,0
8.041666666666666,947.7124387657486,530.2386928269212,3.158695834852696,1,0,5,0
8.05,947.6179118291067,531.0232086893816,3.1226596467963943,1,0,5,0
8.058333333333334,946.4208729425047,531.3684413532806,3.1553179030840024,1,0,5,0
8.066666666666666,946.0035042691584,531.3722964005534,3.115167149178193,1,0,5,0
8.075,945.740083298536,531.7057653775723,3.135289731555522,1,0,5,0
8.083333333333334,946.6989454557065,531.9612823610709,3.138941540035745,1,0,5,0
8.091666666666667,946.5812174092325,533.3525762739371,3.1440918660230412,1,0,5,0
8.1,946.6760908114784,534.2520137010733,3.130284126736722,1,0,5,0
8.108333333333333,944.6177400898061,534.8578217312485,3.110842055703778,1,0,5,0
8.116666666666667,944.463372385414,534.7664114154098,3.1274319062716796,1,0,5,0
8.125,943.9810790564737,534.9555029363922,3.1384427187609756,1,0,5,0
8.133333333333333,943.8115026290029,534.7048953356209,3.1191524034723965,1,0,5,0
8.141666666666667,943.8335965160334,534.8673956430839,3.163431290056543,1,0,5,0
8.15,943.5440437509186,534.9849685297498,3.144972096561919,1,0,5,0
8.158333333333333,943.6045430239035,535.5484093401734,3.1292752510242123,1,0,5,0
8.166666666666666,942.7887346252048,535.110702114255,3.142104817805359,1,0,5,0
8.175,943.0284502609516,535.7811349068959,3.126744311914657,1,0,5,0
8.183333333333334,943.6022007083726,536.3156892919793,3.1200510255454987,1,0,5,0
8.191666666666666,944.1945065601986,535.5851428345463,3.1310826836986525,1,0,5,0
8.2,944.2413651344541,535.0997402320527,3.107731608758009,1,0,5,0
8.208333333333334,944.0188607761676,535.1241508450989,3.110569933257221,1,0,5,0
8.216666666666667,943.2454766676076,535.40021957403,3.144390852536076,1,0,5,0
8.225,943.4507169998475,535.8904663302137,3.1375290869410866,1,0,5,0
8.233333333333333,943.3311584372063,536.2730184472036,3.130759139519591,1,0,5,0
8.241666666666667,943.8568555844746,535.9032349383757,3.1146343321716916,1,0,5,0
8.25,944.1450308012576,536.206516764989,3.1064371203806402,1,0,5,0
8.258333333333333,944.3948470964496,536.3609913858182,3.1328332061282844,1,0,5,0
8.266666666666667,944.4232737775277,537.5135966435853,3.1362846435486658,1,0,5,0
8.275,944.2329989445196,538.2009139794335,3.1484358544352498,1,0,5,0
8.283333333333333,944.5203647419745,538.2709069876126,3.0953490910577663,1,0,5,0
8.291666666666666,943.4017700453421,538.4791579600757,3.149301802310395,1,0,5,0
8.3,943.6258238748778,539.2513475862124,3.140285959096449,1,0,5,0
8.308333333333334,943.4852565468342,539.4102014947404,3.147843380017983,1,0,5,0
8.316666666666666,942.6237957884716,539.7362075094487,3.1316967478333395,1,0,5,0
8.325,943.51070691476,539.4840169751351,3.0882916442041424,1,0,5,0
8.333333333333334,943.5376871058808,540.0444150616016,3.0870693857364047,1,0,5,0
8.341666666666667,943.146476627958,540.4331345601296,3.114854883958356,1,0,5,0
8.35,942.9167188940037,540.5805858440517,3.1103079828446374,1,0,5,0
8.358333333333333,942.9843014615594,540.9943202429585,3.125903589146838,1,0,5,0
8.366666666666667,942.4746811233417,540.8804414582994,3.099428670710815,1,0,5,0
8.375,942.6829953988557,540.0943272236422,3.1527180031463775,1,0,5,0
8.383333333333333,942.9357380849806,540.503669789912,3.106191185486715,1,0,5,0
8.391666666666667,942.1718634154048,539.9649737094621,3.119408720089697,1,0,5,0
8.4,942.2599222318638,540.6146764573755,3.107158532675409,1,0,5,0
8.408333333333333,941.3538871336926,540.6866224439434,3.099419354511164,1,0,5,0
8.416666666666666,941.4995996672197,540.0263310062021,3.0953503463531016,1,0,5,0
8.425,941.4567905613854,539.0294813644888,3.0965634496285546,1,0,5,0
8.433333333333334,941.8521830226247,538.9518016276671,3.1051973935444317,1,0,5,0
8.441666666666666,942.3898241343578,539.0796541964122,3.090476722522081,1,0,5,0
8.45,943.1104812594127,538.6791545981898,3.1002478418983057,1,0,5,0
8.458333333333334,942.7835295767604,537.9877834368307,3.121917714444017,1,0,5,0
8.466666666666667,942.6986531806072,538.5045485350051,3.1138911690846234,1,0,5,0
8.475,943.4199481981634,539.3301236092468,3.0973724906932762,1,0,5,0
8.483333333333333,943.1471129464685,540.1806394983909,3.1227696249031163,1,0,5,0
8.491666666666667,943.2238751243451,540.2754682901957,3.104011578633004,1,0,5,0
8.5,943.5706767815112,540.5925129031639,3.0977574580853564,1,0,5,0
8.508333333333333,943.5022393156169,540.663314482333,3.082390559152614,1,0,5,0
8.516666666666667,943.3739181844356,541.3012264643296,3.097201470391481,1,0,5,0
8.525,942.9425200382788,541.2838096326834,3.11193773944102,1,0,5,0
8.533333333333333,942.9194465780462,541.1746739810508,3.088832224534313,1,0,5,0
8.541666666666666,943.4958861828635,541.7407407315058,3.0907053867410714,1,0,5,0
8.55,943.5405551409366,541.6579536195059,3.125645864931926,1,0,5,0
8.558333333333334,943.4099182911324,541.4829297355292,3.1316783352012134,1,0,5,0
8.566666666666666,943.3967516177842,542.4073943686761,3.1309075673351723,1,0,5,0
8.575,942.9061919960022,541.9332134089715,3.12778045687707,1,0,5,0
8.583333333333334,943.1094782030382,543.0849595817192,3.090873156723608,1,0,5,0
8.591666666666667,943.332262023204,542.8148887589819,3.124116398768775,1,0,5,0
8.6,943.268126286323,541.9491141693907,3.0976875712592107,1,0,5,0
8.608333333333333,943.233854637996,541.1000157926021,3.0960186392124487,1,0,5,0
8.616666666666667,942.1161473796849,540.4773807468844,3.0530349485902777,1,0,5,0
8.625,942.5799217665373,539.7447864469498,3.1003604174291555,1,0,5,0
8.633333333333333,942.3873546998495,539.4611884654238,3.102126274539143,1,0,5,0
8.641666666666667,943.39449671343,539.6480936241373,3.1066277854497706,1,0,5,0
8.65,943.891621378327,540.193865254605,3.0898536877053866,1,0,5,0
8.658333333333333,944.1476398778245,539.8795119199511,3.0895144978446485,1,0,5,0
8.666666666666666,943.858993787266,539.6506546183952,3.084121486589899,1,0,5,0
8.675,944.095715760067,539.768022482157,3.109254572924853,1,0,5,0
8.683333333333334,945.290968758171,538.8033790573097,3.099924063571345,1,0,5,0
8.691666666666666,945.4136946788108,538.6995870753292,3.0953931738294878,1,0,5,0
8.7,945.1508793596861,538.6865046058799,3.100216234513514,1,0,5,0
8.708333333333334,944.6973164223107,538.2533193666806,3.109678047340117,1,0,5,0
8.716666666666667,944.6475847233079,538.7123278635369,3.099741477932227,1,0,5,0
8.725,944.4961636707501,537.981780287213,3.0934052959290894,1,0,5,0
8.733333333333333,945.2650608441643,538.3373217889174,3.1088362822454156,1,0,5,0
8.741666666666667,944.5049765276618,538.1434328434183,3.1028724675825763,1,0,5,0
8.75,944.1817211486212,538.2952900442571,3.067154869944645,1,0,5,0
8.758333333333333,943.9684542124221,537.4346904481858,3.075937873279893,1,0,5,0
8.766666666666667,943.5507607176048,537.3233424813336,3.1045417838604057,1,0,5,0
8.775,944.2069293196924,537.4529238360172,3.08667862480108,1,0,5,0
8.783333333333333,943.4695432266276,537.751313002168,3.1435276435749318,1,0,5,0
8.791666666666666,943.693801811238,538.2866300301508,3.10512394210845,1,0,5,0
8.8,943.5842172058119,538.2439141292198,3.104203856769006,1,0,5,0
8.808333333333334,943.6054159384073,538.8073105615115,3.122097171664987,1,0,5,0
8.816666666666666,943.3599987918675,539.168010666889,3.076474675887361,1,0,5,0
8.825,943.0052916087814,538.2788656305604,3.1102833089812862,1,0,5,0
8.833333333333334,942.9908955898817,537.5718307709976,3.065967802702979,1,0,5,0
8.841666666666667,942.7935215685493,537.9641431536713,3.0989639264843034,1,0,5,0
8.85,638.1592261179314,407.79378259076503,3.093675695321207,1,0,5,0
8.858333333333333,637.7816809409301,407.0914534842887,3.083964415354037,1,0,5,0
8.866666666666667,942.4839147809863,537.0576706728153,3.1050917152227373,1,0,5,0
8.875,942.5297435035458,536.7412931152178,3.130314955974832,1,0,5,0
8.883333333333333,942.5261054413598,536.8444982097263,3.10641180502578,1,0,5,0
8.891666666666667,942.0179516209478,536.3181167600259,3.1026453723111516,1,0,5,0
8.9,941.8648949115008,536.9289963023962,3.104576680307312,1,0,5,0
8.908333333333333,1303.927802746772,395.124320359105,3.106978886402063,1,0,5,0
8.916666666666666,1303.8879921060695,394.96155518838543,3.0926312076505478,1,0,5,0
8.925,940.2734672872938,535.6137757077978,3.1275719063878404,1,0,5,0
8.933333333333334,940.471466855957,535.4086279437124,3.12578345003013,1,0,5,0
8.941666666666666,940.4506506164439,534.6600794050005,3.134665713911523,1,0,5,0
8.95,940.8531203666735,534.5549947030327,3.1309571253202155,1,0,5,0
8.958333333333334,942.4651952142283,535.0865685058344,3.095736621429493,1,0,5,0
8.966666666666667,942.4269208046189,534.6672222071944,3.1422476691318395,1,0,5,0
8.975,942.0192142574463,535.4818302914433,3.1053856324630322,1,0,5,0
8.983333333333333,942.702217531652,534.80550756918,3.11453193008404,1,0,5,0
8.991666666666667,943.6668899710105,534.2818863571583,3.1111114796451784,1,0,5,0
9.0,943.3885968566387,534.8070662019047,3.1388931513660863,1,0,5,0
9.008333333333333,943.8467848375035,534.9121866976188,3.117936036079747,1,0,5,0
9.016666666666667,944.1680594805882,534.5513403525179,3.100427208179442,1,0,5,0
9.025,945.0337672374939,535.0184059018181,3.0883972374669266,1,0,5,0
9.033333333333333,945.3020221489066,535.6409058181991,3.0943118916725063,1,0,5,0
9.041666666666666,944.6599994275739,535.8033539267044,3.117540939564183,1,0,5,0
9.05,944.2720545210734,536.1523583990881,3.1514913897842063,1,0,5,0
9.058333333333334,943.7555241309104,536.6216357562319,3.071307501128375,1,0,5,0
9.066666666666666,944.1492268484132,536.7750220227658,3.1422969602363753,1,0,5,0
9.075,944.4458671834291,537.1230898306037,3.097357894553255,1,0,5,0
9.083333333333334,944.8627615899909,537.4219396523935,3.1119971810832094,1,0,5,0
9.091666666666667,944.5451395546812,537.1431599605822,3.126114435250249,1,0,5,0
9.1,945.9794509175808,536.6792217691167,3.129166701452068,1,0,5,0
9.108333333333333,945.9554389814232,537.2085502336037,3.1056059970911325,1,0,5,0
9.116666666666667,945.6519369297832,537.3093929142377,3.1126628277023753,1,0,5,0
9.125,945.6087380462375,537.2554431572681,3.120071803345778,1,0,5,0
9.133333333333333,944.9406524362753,536.8185048170034,3.148316530974271,1,0,5,0
9.141666666666667,944.9651414345891,537.761588232298,3.102871922910993,1,0,5,0
9.15,945.2209862778182,537.8234107820624,3.115799495433643,1,0,5,0
9.158333333333333,945.4198085202955,537.3296312938697,3.1123518144598825,1,0,5,0
9.166666666666666,944.6459529044802,536.641759726626,3.1631806948319845,1,0,5,0
9.175,945.1201557606429,536.5472601884475,3.125676819375628,1,0,5,0
9.183333333333334,945.0884920376192,536.6258779446653,3.113785312256548,1,0,5,0
9.191666666666666,945.6416243464555,536.8652764338392,3.1226983183356274,1,0,5,0
9.2,945.9990018447085,537.1093479031445,3.104390879275545,1,0,5,0
9.208333333333334,945.1322877559272,536.4964350262447,3.1288831748023163,1,0,5,0
9.216666666666667,944.9431240707011,536.1063225271056,3.081355977377594,1,0,5,0
9.225,946.1485913974024,537.0174516899797,3.197079805385436,1,0,5,0
9.233333333333333,945.6931191968613,536.2068539745889,3.1234818407788283,1,0,5,0
9.241666666666667,1299.1317520699872,282.3991448277584,3.117045202911874,1,0,5,0
9.25,1298.336622083637,281.69100480509906,3.1366450066859657,1,0,5,0
9.258333333333333,944.7747990722418,535.7606956690275,3.0942347977687388,1,0,5,0
9.266666666666667,945.4836152296263,534.8630011415115,3.128569920451062,1,0,5,0
9.275,945.2158863700076,534.6630627340022,3.1362798468082267,1,0,5,0
9.283333333333333,945.5592866079091,534.9738443341595,3.1135543967442465,1,0,5,0
9.291666666666666,945.6170732295957,535.7270331871719,3.1227275865326938,1,0,5,0
9.3,946.3479234218592,535.3013485162676,3.151693051312364,1,0,5,0
9.308333333333334,946.4901441284366,534.3683445417649,3.1163303483301266,1,0,5,0
9.316666666666666,945.8246049762143,534.5748083507276,3.1318879263279786,1,0,5,0
9.325,946.2568052683079,534.1092602053609,3.1348806924660115,1,0,5,0
9.333333333333334,945.955979012894,534.9242638453969,3.108701038922167,1,0,5,0
9.341666666666667,945.8908232538221,535.2524640219044,3.1194544165720486,1,0,5,0
9.35,946.2581603353779,535.1830240851212,3.1247889866089134,1,0,5,0
9.358333333333333,945.6029202762369,535.272665038495,3.092558841523045,1,0,5,0
9.366666666666667,944.445342863313,534.4246631166144,3.122646544742574,1,0,5,0
9.375,944.6695701269105,534.1772340486741,3.148903802520267,1,0,5,0
9.383333333333333,945.2590567987598,534.0064095496706,3.1417560346333566,1,0,5,0
9.391666666666667,945.5841171157413,533.1907705292705,3.12856156758452,1,0,5,0
9.4,946.4439883969924,533.1093102146456,3.1317851667440566,1,0,5,0
9.408333333333333,945.2633324397968,533.4695739245207,3.1275949371600626,1,0,5,0
9.416666666666666,945.7826947004163,533.4990033337037,3.118818175513982,1,0,5,0
9.425,945.7757048732558,533.1798023661312,3.158143348038015,1,0,5,0
9.433333333333334,946.1855567449771,532.709512202953,3.1299585157273837,1,0,5,0
9.441666666666666,946.3029247429382,533.1003605395638,3.109466205685945,1,0,5,0
9.45,946.667237173591,533.3508871312648,3.125090328365932,1,0,5,0
9.458333333333334,947.3741775101412,533.8760829452438,3.126832217101665,1,0,5,0
9.466666666666667,947.3747700025057,533.9978388710538,3.1383985682797473,1,0,5,0
9.475,948.1545781388551,533.7125925348927,3.126490589396403,1,0,5,0
9.483333333333333,948.3199094135276,534.4338814617324,3.138916790547061,1,0,5,0
9.491666666666667,948.0346863553575,533.5752251739016,3.0997295646525114,1,0,5,0
9.5,948.5711793967874,533.9941646683689,3.1644393667476245,1,0,5,0
9.508333333333333,948.3924556310719,533.711424243141,3.1077563355064575,1,0,5,0
9.516666666666667,948.1724872984032,534.7126372909506,3.147290750905993,1,0,5,0
9.525,947.834591313581,535.3202337478448,3.1642466347853695,1,0,5,0
9.533333333333333,946.778271201954,535.7310925250143,3.1224601872299362,1,0,5,0
9.541666666666666,946.9409990306632,535.7829240004529,3.146308479608541,1,0,5,0
9.55,946.7885210567699,536.032384862523,3.138677067581313,1,0,5,0
9.558333333333334,947.073199262606,536.4660163923909,3.1606297770371015,1,0,5,0
9.566666666666666,946.9667587688521,535.8180447821308,3.130457211786887,1,0,5,0
9.575,948.0465323521375,535.4694186357224,3.158758961098774,1,0,5,0
9.583333333333334,948.3393601151263,535.2406724858614,3.162466383857615,1,0,5,0
9.591666666666667,948.3145755205326,535.1857685922279,3.149891038236287,1,0,5,0
9.6,949.7256241168167,535.2092290059899,3.1257793625782004,1,0,5,0
9.608333333333333,949.8554566988937,535.1271226494521,3.2119914763564803,1,0,5,0
9.616666666666667,950.28385187035,535.7159535126367,3.157284072699297,1,0,5,0
9.625,950.7146835726029,534.8244283573457,3.1509745889717506,1,0,5,0
9.633333333333333,951.1678379083737,534.7198048684637,3.1703612103774823,1,0,5,0
9.641666666666667,951.1600890682156,534.3992637700769,3.1508857696275667,1,0,5,0
9.65,951.0995354289696,534.5761728528655,3.1295394775039287,1,0,5,0
9.658333333333333,950.2580795743356,534.9446292591789,3.1377886490410987,1,0,5,0
9.666666666666666,950.5710015857647,535.7090268141721,3.1602290663957984,1,0,5,0
9.675,950.3608029081819,535.5306991060903,3.170739571760553,1,0,5,0
9.683333333333334,950.5305224686479,535.1094363595522,3.1469271071021887,1,0,5,0
9.691666666666666,950.3249623129458,534.8994671970937,3.1694779392028773,1,0,5,0
9.7,951.4013130817643,535.8353661154656,3.1498046819876286,1,0,5,0
9.708333333333334,951.4550939176662,536.5483930100149,3.1588771397790243,1,0,5,0
9.716666666666667,951.4204447968353,536.414983982462,3.167848953737256,1,0,5,0
9.725,951.6358733124798,537.1542268758611,3.160184230115751,1,0,5,0
9.733333333333333,952.1279869715089,537.4542914665049,3.2010224005437893,1,0,5,0
9.741666666666667,951.5273335103691,536.4279324940329,3.146926551083699,1,0,5,0
9.75,951.9655486487228,536.97344600317,3.17861889808058,1,0,5,0
9.758333333333333,952.4034240752954,536.928970523835,3.1521863986387806,1,0,5,0
9.766666666666667,952.2712102854306,537.1438877156206,3.153100581456912,1,0,5,0
9.775,952.5776657057859,537.9624464124179,3.156567020577733,1,0,5,0
9.783333333333333,952.9219529519604,538.0035626842637,3.170610644589588,1,0,5,0
9.791666666666666,953.1310171302301,538.2666333121464,3.1693716466091644,1,0,5,0
9.8,953.4957932307344,538.5403939062295,3.149869299695145,1,0,5,0
9.808333333333334,954.0083812487401,539.0100658125245,3.181768697060887,1,0,5,0
9.816666666666666,954.5998849183924,538.8194084332326,3.182196136635287,1,0,5,0
9.825,954.0570145208891,538.5114294240806,3.174892986796806,1,0,5,0
9.833333333333334,954.4318160293324,539.1323934965184,3.1701195022942104,1,0,5,0
9.841666666666667,955.5620444600453,538.9257002112436,3.1821182762647955,1,0,5,0
9.85,956.434351529651,538.7828799627688,3.185697526906978,1,0,5,0
9.858333333333333,956.3342051402982,538.51539776054,3.1809360964982973,1,0,5,0
9.866666666666667,956.1441242009344,538.3545067568324,3.1641775542744206,1,0,5,0
9.875,955.6478915608732,538.2034409875266,3.195514468620457,1,0,5,0
9.883333333333333,956.2388874443469,538.106559528622,3.15533716576857,1,0,5,0
9.891666666666667,956.0555742018013,537.9490713235609,3.1843328434036984,1,0,5,0
9.9,955.9546439105286,537.8898032140389,3.2300623745452754,1,0,5,0
9.908333333333333,955.8474532008069,538.1135850939436,3.1750447878118906,1,0,5,0
9.916666666666666,955.712632164605,537.6651334105227,3.1752826272453154,1,0,5,0
9.925,955.757051253629,537.0025468810267,3.1930870501115076,1,0,5,0
9.933333333333334,955.9656109132984,536.6988421915455,3.230470842553995,1,0,5,0
9.941666666666666,955.1324907236207,536.6203988360178,3.2262369633845633,1,0,5,0
9.95,953.9801984202994,536.5692658608359,3.224860446523774,1,0,5,0
9.958333333333334,954.064395421032,536.6966304249254,3.2038371600784785,1,0,5,0
9.966666666666667,954.5667023656418,536.5950659402449,3.177357689068347,1,0,5,0
9.975,955.0302044235882,536.9170885440259,3.1987822938264103,1,0,5,0
9.983333333333333,955.5805884173764,536.562239066364,3.1891863578800503,1,0,5,0
9.991666666666667,955.5666202869486,535.8832555178034,3.205951118176554,1,0,5,0
10.0,955.2077449629915,535.991909701603,3.208913392846822,1,0,5,0
10.008333333333333,954.5601754314578,535.7683598857164,3.198158770314992,1,0,5,0
10.016666666666667,954.7252033653039,535.776990189509,3.1831853994856045,1,0,5,0
10.025,954.9746887871858,536.1960060978963,3.2067028439506164,1,0,5,0
10.033333333333333,954.837313076047,536.4683779063085,3.189033083482993,1,0,5,0
10.041666666666666,956.5874440540919,536.2280750790442,3.191170075856414,1,0,5,0
10.05,956.3157161946274,536.8831349131593,3.195924149957368,1,0,5,0
10.058333333333334,956.6347899159387,536.4686028241475,3.2048966090335558,1,0,5,0
10.066666666666666,956.6649290132016,536.3928121334991,3.2035389702926835,1,0,5,0
10.075,956.5236186174271,535.6590636400514,3.1993549510575594,1,0,5,0
10.083333333333334,957.0297947971944,535.740529870564,3.184415022411321,1,0,5,0
10.091666666666667,956.5733529184049,535.5887423455931,3.1791295563747184,1,0,5,0
10.1,956.2174723971086,535.5124325677274,3.2225961610208773,1,0,5,0
10.108333333333333,955.7327218484013,536.0501431711497,3.2105082086754773,1,0,5,0
10.116666666666667,955.5124367175949,535.8137011294458,3.255912778751569,1,0,5,0
10.125,954.8295706745023,536.671731707089,3.2066738695182946,1,0,5,0
10.133333333333333,954.8586781640428,536.586023250363,3.2266860493297838,1,0,5,0
10.141666666666667,955.0663766808959,536.9115663255974,3.2437598641972674,1,0,5,0
10.15,954.8731396753332,536.9203774040357,3.2235403195170904,1,0,5,0
10.158333333333333,955.6632882228209,536.8825303507543,3.2212988038774726,1,0,5,0
10.166666666666666,956.4274511965374,537.1020274637852,3.2238998678011472,1,0,5,0
10.175,956.1029252905407,537.2473516032416,3.196785975832639,1,0,5,0
10.183333333333334,956.448771392547,537.1684203972123,3.2361828828278494,1,0,5,0
10.191666666666666,956.3058859470517,537.6686239676756,3.243088310930637,1,0,5,0
10.2,956.6691261740391,537.546111837332,3.1773721440525016,1,0,5,0
10.208333333333334,957.3313555176848,537.9467059730921,3.2375677413780215,1,0,5,0
10.216666666666667,956.5220808503398,538.360391923574,3.206553631203259,1,0,5,0
10.225,955.6630715938995,538.626610725817,3.253307235206146,1,0,5,0
10.233333333333333,955.7758011382516,538.7224019184763,3.2545029533880245,1,0,5,0
10.241666666666667,955.7836748265593,539.0212852040272,3.2566615008200754,1,0,5,0
10.25,955.6474636958255,538.4613734851428,3.2207545452894966,1,0,5,0
10.258333333333333,955.3191761689508,538.2558823970054,3.2558475932711572,1,0,5,0
10.266666666666667,955.9454230927166,538.8614246569932,3.2484557065506783,1,0,5,0
10.275,955.6990437480554,538.6908737980831,3.2343447056408516,1,0,5,0
10.283333333333333,957.5349696853034,539.474092764336,3.2391578895198125,1,0,5,0
10.291666666666666,957.8538262758506,540.37791129161,3.2148311150709765,1,0,5,0
10.3,957.9234052725184,541.124406821944,3.2440200240319954,1,0,5,0
10.308333333333334,956.9420740516174,541.9268324502184,3.239336348575123,1,0,5,0
10.316666666666666,956.8664693057362,542.1697715710842,3.2447058738646035,1,0,5,0
10.325,956.857991464247,542.6452109460369,3.235256141791781,1,0,5,0
10.333333333333334,956.4334639984879,542.5639350806421,3.2369836923199435,1,0,5,0
10.341666666666667,955.6576438047344,541.7047281591374,3.243180281117872,1,0,5,0
10.35,955.8346029172635,541.9473059495717,3.2412355749354615,1,0,5,0
10.358333333333333,955.7460183027872,541.8187357552057,3.2734484779834037,1,0,5,0
10.366666666666667,956.3214939711902,541.7858534889426,3.2515775975602574,1,0,5,0
10.375,957.5488051921795,541.4537911827864,3.220872569860921,1,0,5,0
10.383333333333333,956.1039682746225,540.9563629541065,3.2575024765180634,1,0,5,0
10.391666666666667,956.8137904696396,540.8603895614673,3.25700440107223,1,0,5,0
10.4,956.3133062702256,540.9720778051566,3.241384639761821,1,0,5,0
10.408333333333333,956.9936443496806,541.4122243659453,3.218338675916638,1,0,5,0
10.416666666666666,956.9934982143137,541.6028361964688,3.298770520612619,1,0,5,0
10.425,955.8590380777064,542.2992264315018,3.217216108143603,1,0,5,0
10.433333333333334,956.0415134358212,543.8159253656187,3.2865552787501895,1,0,5,0
10.441666666666666,956.4633970703186,544.9440849059152,3.254636702572856,1,0,5,0
10.45,956.4088862390407,545.5355468707728,3.275031249370682,1,0,5,0
10.458333333333334,957.048191017912,546.1802450234519,3.2432302004506157,1,0,5,0
10.466666666666667,956.6573270641561,546.5522757801108,3.2557092438578965,1,0,5,0
10.475,956.843312749799,545.0773618024906,3.2838250995597185,1,0,5,0
10.483333333333333,956.7554067659161,545.6455225021007,3.2814178152173077,1,0,5,0
10.491666666666667,956.6706369953127,545.718986469467,3.255700781303625,1,0,5,0
10.5,956.036030121243,545.6979709578417,3.23145663352146,1,0,5,0
10.508333333333333,956.2345486793131,544.0826958723775,3.2450590950014537,1,0,5,0
10.516666666666667,956.3333613275992,543.5684846128061,3.2599818386519432,1,0,5,0
10.525,956.4231105678009,544.0466075600827,3.2627048382452952,1,0,5,0
10.533333333333333,956.4049004930444,543.1914148880317,3.2765099218560585,1,0,5,0
10.541666666666666,956.3444893880605,543.0117168159015,3.2701253361350475,1,0,5,0
10.55,956.0848976268281,543.9844984062962,3.2841079306482217,1,0,5,0
10.558333333333334,955.5352896346517,544.6579707996784,3.298857614147919,1,0,5,0
10.566666666666666,955.6512503860904,543.536651029612,3.279074425171774,1,0,5,0
10.575,954.8578439363002,543.6331607201796,3.2932847958245035,1,0,5,0
10.583333333333334,1028.1315724171463,569.9827047995858,3.281327117601689,1,0,5,0
10.591666666666667,1028.0677089760125,570.4139203875877,3.2957811662617806,1,0,5,0
10.6,954.3764802673411,542.9510128486276,3.2880293325861136,1,0,5,0
10.608333333333333,954.3122595962873,543.1132343942002,3.241167106766299,1,0,5,0
10.616666666666667,955.4772549287572,542.6648932314948,3.2933533884658894,1,0,5,0
10.625,955.8275853048727,542.6123615671136,3.284771787682554,1,0,5,0
10.633333333333333,955.2746755207841,543.4511714221153,3.2703981238691613,1,0,5,0
10.641666666666667,954.9043652063494,543.3483871284737,3.2498426834617495,1,0,5,0
10.65,955.492539568571,543.6617491013707,3.282338694976138,1,0,5,0
10.658333333333333,955.5505002067803,543.241621061407,3.3007926534814946,1,0,5,0
10.666666666666666,954.9045161309265,543.0694001746108,3.286001872883909,1,0,5,0
10.675,954.0967327694484,543.6174882723949,3.288460674336456,1,0,5,0
10.683333333333334,953.953866174486,543.2877465652497,3.2677337722295143,1,0,5,0
10.691666666666666,953.78647075325,542.8644063309112,3.2758975814104074,1,0,5,0
10.7,954.5666298284111,542.7502686138035,3.321634588587275,1,0,5,0
10.708333333333334,954.3132839209247,542.196419487774,3.265133243851297,1,0,5,0
10.716666666666667,953.9098321407888,542.0371014602111,3.274208174056787,1,0,5,0
10.725,954.5674848056285,542.2581988615518,3.277308558507699,1,0,5,0
10.733333333333333,955.0949912965498,541.8459159276624,3.294023803733205,1,0,5,0
10.741666666666667,954.8268504968997,541.7884263921771,3.2731728683666064,1,0,5,0
10.75,954.9129326851245,541.5907882165138,3.3125375411726954,1,0,5,0
10.758333333333333,955.8040836175761,541.6811587615372,3.2788322293112815,1,0,5,0
10.766666666666667,955.095841732407,541.8560091818277,3.257196669738203,1,0,5,0
10.775,955.6119469649502,541.5391071856956,3.2494386446378547,1,0,5,0
10.783333333333333,956.4538253799305,542.1911379676116,3.2567674927326657,1,0,5,0
10.791666666666666,956.4786733727383,541.8735402935077,3.2876822674921926,1,0,5,0
10.8,957.0996231956759,541.7004044009113,3.3054809256662443,1,0,5,0
10.808333333333334,956.8665813786682,541.5407827091475,3.28028184710547,1,0,5,0
10.816666666666666,956.3708357885723,541.5649732708296,3.2564627869447507,1,0,5,0
10.825,956.313062795213,541.3720680420871,3.2896534297734985,1,0,5,0
10.833333333333334,956.1235338672789,540.8229323300873,3.3101448252233925,1,0,5,0
10.841666666666667,956.0536822630055,540.7832571790893,3.2450403945963076,1,0,5,0
10.85,955.7377703279374,541.3814972675458,3.2957213226663944,1,0,5,0
10.858333333333333,955.5780837951501,541.8904407920918,3.294215723867009,1,0,5,0
10.866666666666667,955.23698782274,542.1726631157392,3.27605771777543,1,0,5,0
10.875,954.8450487865542,541.4193442010685,3.2960710834822393,1,0,5,0
10.883333333333333,954.8289104099202,542.283794100943,3.268602204293914,1,0,5,0
10.891666666666667,954.563621441619,542.0766837952806,3.2988813212139907,1,0,5,0
10.9,954.53435138314,541.6590742098808,3.3083216636641186,1,0,5,0
10.908333333333333,953.930235842558,540.6323753447355,3.2646306782173404,1,0,5,0
10.916666666666666,953.9915644530718,540.1314681214313,3.296862852755896,1,0,5,0
10.925,954.3598376106906,539.5563942552998,3.248128127103549,1,0,5,0
10.933333333333334,954.945454671992,539.2134671479434,3.3011442905650874,1,0,5,0
10.941666666666666,954.0751446588539,539.5010444318698,3.3078079035138037,1,0,5,0
10.95,953.9850678714284,539.0856444577819,3.2676004785616275,1,0,5,0
10.958333333333334,953.0346580331983,539.077088892049,3.3178557567934415,1,0,5,0
10.966666666666667,953.3419371785673,539.3815502715443,3.2485247233634027,1,0,5,0
10.975,954.5326037096091,539.0711814344814,3.2626356935130136,1,0,5,0
10.983333333333333,954.6242879749304,538.189944073425,3.31062980900608,1,0,5,0
10.991666666666667,954.7467421100895,540.0056180050669,3.2698464070419964,1,0,5,0
11.0,954.4892970772828,540.1625549425984,3.2800339223598756,1,0,5,0
11.008333333333333,954.4623067646248,540.4399271684899,3.3047237741684663,1,0,5,0
11.016666666666667,954.8097799796129,541.6527937118777,3.302772932671137,1,0,5,0
11.025,954.3827249931876,541.9997635667668,3.3035042306694837,1,0,5,0
11.033333333333333,954.2023459883428,542.559165061809,3.2912452099353535,1,0,5,0
11.041666666666666,953.7834427328181,543.1172431113837,3.3053488230697687,1,0,5,0
11.05,953.4738452374404,542.3570212438458,3.2947213059702194,1,0,5,0
11.058333333333334,953.5762835144859,541.9684598501321,3.2714052704806926,1,0,5,0
11.066666666666666,953.6319112433382,542.6147417663323,3.3288945675274815,1,0,5,0
11.075,953.1990254455422,543.0536583385618,3.296907639886202,1,0,5,0
11.083333333333334,952.5033667111303,543.6417894822317,3.2888202417026693,1,0,5,0
11.091666666666667,952.1815980234189,544.3097642947984,3.3089307358086137,1,0,5,0
11.1,951.4364084669554,544.0590676947394,3.2816636585734167,1,0,5,0
11.108333333333333,951.3384397252333,543.178400729065,3.3332763996838386,1,0,5,0
11.116666666666667,951.0857711787886,543.1950876538239,3.3060369806945036,1,0,5,0
11.125,950.6327233265321,542.7196209458098,3.3523261523251056,1,0,5,0
11.133333333333333,950.1318381129171,542.4185113112859,3.3287751328048634,1,0,5,0
11.141666666666667,949.9881974845724,543.0564544013157,3.2821785559851384,1,0,5,0
11.15,950.4124920491089,543.193973269323,3.3106504109349033,1,0,5,0
11.158333333333333,949.1227969341694,542.5979899535619,3.307592863931115,1,0,5,0
11.166666666666666,948.4622633501685,542.82777912113,3.325250751512785,1,0,5,0
11.175,947.7314760150136,542.2810269641349,3.2681146351149124,1,0,5,0
11.183333333333334,947.1387055003339,541.7188489481298,3.309479079652951,1,0,5,0
11.191666666666666,946.8999861439041,541.7681296469503,3.30868418625337,1,0,5,0
11.2,946.942438713427,541.96845026198,3.2924046032285315,1,0,5,0
11.208333333333334,948.0049612247576,541.9765045865814,3.2887750490862313,1,0,5,0
11.216666666666667,947.4104860257797,542.2673392041357,3.2711110890112223,1,0,5,0
11.225,947.086630488951,542.1235462156777,3.3301954543557173,1,0,5,0
11.233333333333333,946.9287359718958,542.557084770556,3.29948691768092,1,0,5,0
11.241666666666667,946.0163712374838,543.6255233496621,3.3199285195515484,1,0,5,0
11.25,946.3167139399169,544.293392790881,3.3166481415726548,1,0,5,0
11.258333333333333,946.1366736059482,544.4570771097398,3.307681729727857,1,0,5,0
11.266666666666667,946.6259081809518,544.4931534084133,3.339067203974547,1,0,5,0
11.275,946.7646971717768,544.6163719979248,3.305842720795208,1,0,5,0
11.283333333333333,947.3073845460382,544.3023454546175,3.322847636684434,1,0,5,0
11.291666666666666,947.2396511616126,544.252630323639,3.3111212383986697,1,0,5,0
11.3,947.6981332143015,544.5017469939746,3.335914535957844,1,0,5,0
11.308333333333334,947.1276486985945,544.6593109806151,3.29499283125513,1,0,5,0
11.316666666666666,946.7077811825679,544.8966594887389,3.296534065101527,1,0,5,0
11.325,946.9292291223729,545.5178472115063,3.291356333435698,1,0,5,0
11.333333333333334,947.2216636459511,544.8224862030439,3.275544866863093,1,0,5,0
11.341666666666667,946.7272315659067,544.4829872473978,3.3041410030900957,1,0,5,0
11.35,946.6886873327604,544.8033621368475,3.334794818547342,1,0,5,0
11.358333333333333,946.1286570547627,544.984434145782,3.3079629988935193,1,0,5,0
11.366666666666667,946.243131769734,545.7353128794505,3.2959086345077324,1,0,5,0
11.375,945.9470993978244,545.3185539532593,3.2571069856913835,1,0,5,0
11.383333333333333,945.6338414459705,545.872666507218,3.3067404915242027,1,0,5,0
11.391666666666667,946.0794554301152,546.0755600109358,3.2816722583637143,1,0,5,0
11.4,946.5868373032192,546.0741909329772,3.304444473991032,1,0,5,0
11.408333333333333,946.1846956962858,545.0804381609976,3.2708276588765166,1,0,5,0
11.416666666666666,946.4686608007256,545.1314801602502,3.2896259258007756,1,0,5,0
11.425,946.619477646102,544.9840252448654,3.283579576990877,1,0,5,0
11.433333333333334,945.6315704127655,544.4256647179374,3.291772940568329,1,0,5,0
11.441666666666666,946.1936665542638,543.8756053668615,3.322895526683937,1,0,5,0
11.45,946.0925251386303,543.2132553488104,3.2987233856537976,1,0,5,0
11.458333333333334,946.1594032472346,543.2291980013877,3.3012868707404084,1,0,5,0
11.466666666666667,946.2890514137276,543.2341807700137,3.2968550485049923,1,0,5,0
11.475,946.0362505233061,542.6095141844153,3.2702486393705996,1,0,5,0
11.483333333333333,945.9482664566254,542.5561810692303,3.308251009535036,1,0,5,0
11.491666666666667,945.7500179973467,541.6444275273985,3.299140174225508,1,0,5,0
11.5,945.3392749982746,542.0140035303549,3.295099232548561,1,0,5,0
11.508333333333333,945.1995897925639,541.8698857146253,3.3097016465058124,1,0,5,0
11.516666666666667,945.2489544359386,541.0562983577946,3.294417554801432,1,0,5,0
11.525,945.130253549848,541.4527902776598,3.2960207793889724,1,0,5,0
11.533333333333333,945.2964472349647,541.1371321732271,3.294078726932171,1,0,5,0
11.541666666666666,945.5345056325317,540.5864678301759,3.286277949323677,1,0,5,0
11.55,945.5718496476298,539.8872135894356,3.3277685172396905,1,0,5,0
11.558333333333334,945.394809206456,540.6238593184409,3.2928501412056885,1,0,5,0
11.566666666666666,945.8223360939107,540.9285403195609,3.275553037017672,1,0,5,0
11.575,945.55804552173,540.8589139951437,3.25567173281853,1,0,5,0
11.583333333333334,945.4694644011935,540.3029890728496,3.2860077734545245,1,0,5,0
11.591666666666667,945.1510109769021,540.4242314455728,3.2837799229521294,1,0,5,0
11.6,945.3785789738722,540.9989311528026,3.2933544278214972,1,0,5,0
11.608333333333333,944.8066568195748,542.1126817793925,3.323759103485869,1,0,5,0
11.616666666666667,944.403838636383,542.8613000021794,3.311202959254095,1,0,5,0
11.625,944.7393857120026,542.628589627543,3.2832642052212218,1,0,5,0
11.633333333333333,944.7370840299945,542.1957038056261,3.300118769771453,1,0,5,0
11.641666666666667,943.7659221174183,541.0537163278707,3.2920231352433458,1,0,5,0
11.65,944.378000906822,541.3411762038279,3.302657504591538,1,0,5,0
11.658333333333333,944.8078788739936,541.3407414781713,3.3289908652260762,1,0,5,0
11.666666666666666,944.6164508441062,540.7715917613314,3.26555142810019,1,0,5,0
11.675,945.3169997811657,541.3346894962369,3.2831870344593588,1,0,5,0
11.683333333333334,946.2810727078693,541.5996584267772,3.2941192273570246,1,0,5,0
11.691666666666666,946.3133908567453,540.9464239994925,3.3039168319777756,1,0,5,0
11.7,945.5891833942258,541.7859873114754,3.2440194749002504,1,0,5,0
11.708333333333334,945.5401207935157,541.3843078685077,3.2881698609566654,1,0,5,0
11.716666666666667,945.3117140453737,540.6415042789044,3.2874386939747695,1,0,5,0
11.725,944.1231434236189,540.5203720132286,3.301675647034459,1,0,5,0
11.733333333333333,944.0959054534309,540.2525152551739,3.256877301287133,1,0,5,0
11.741666666666667,944.7192968522904,540.2434231910439,3.289486162687296,1,0,5,0
11.75,944.9040026822639,540.3156316836539,3.2891939481983847,1,0,5,0
11.758333333333333,945.1768389373992,539.8299094116641,3.2803539925820804,1,0,5,0
11.766666666666667,945.853003699853,539.9753040671256,3.2536324941675003,1,0,5,0
11.775,945.0742029224069,539.3181731211164,3.303034511269604,1,0,5,0
11.783333333333333,944.9806526771912,539.2941866218499,3.262294829477059,1,0,5,0
11.791666666666666,945.8892556633814,539.2727454438945,3.293489800843706,1,0,5,0
11.8,946.19529108621,539.1651687409043,3.2518946941936395,1,0,5,0
11.808333333333334,946.8056887261308,539.321389607086,3.2774381800166617,1,0,5,0
11.816666666666666,947.3713790614036,539.4496856933747,3.30263203448372,1,0,5,0
11.825,947.5928434733916,540.4148798136309,3.281620496774883,1,0,5,0
11.833333333333334,948.2263817505292,541.1505422102252,3.3005660700940163,1,0,5,0
11.841666666666667,948.7553795801565,540.835940485494,3.2787224037408764,1,0,5,0
11.85,948.9254503364612,540.5611177154409,3.240091179646069,1,0,5,0
11.858333333333333,790.0631226285683,614.6656257264694,3.254834776829302,1,0,5,0
11.866666666666667,790.504236769823,613.6180079062658,3.288190126244512,1,0,5,0
11.875,948.1665749793402,538.8263443215333,3.255085260195037,1,0,5,0
11.883333333333333,947.4770866080642,538.2256297984057,3.299572479085243,1,0,5,0
11.891666666666667,948.2733872179504,537.358595126773,3.3126584525039866,1,0,5,0
11.9,947.9753863443738,537.370351966915,3.2770462557238775,1,0,5,0
11.908333333333333,947.74255085059,537.264026702026,3.2610936363885017,1,0,5,0
11.916666666666666,947.7395011956746,538.3519821503771,3.2971988300465016,1,0,5,0
11.925,946.9235216161889,539.0030848349601,3.2728413973717148,1,0,5,0
11.933333333333334,946.9217054068221,538.5106241513462,3.2792315581319014,1,0,5,0
11.941666666666666,946.4943457962491,538.6309861136441,3.2455714527255086,1,0,5,0
11.95,946.475505065528,539.0297172172337,3.28334489640278,1,0,5,0
11.958333333333334,946.1785627176544,539.7602678585238,3.269785868476059,1,0,5,0
11.966666666666667,945.9154225807966,540.0160365560015,3.2715983319901767,1,0,5,0
11.975,945.9531273489133,540.2740497965959,3.2880917442217394,1,0,5,0
11.983333333333333,946.2824399700337,539.7402470078702,3.249774620994654,1,0,5,0
11.991666666666667,945.6789404341359,538.5168537016674,3.31776505411798,1,0,5,0
12.0,946.3509261530082,538.0875437644613,3.2552024124478884,1,0,5,0
12.008333333333333,946.3456532778379,538.6884129004815,3.285496236097896,1,0,5,0
12.016666666666667,945.5049625650963,538.66845653654,3.295668055719623,1,0,5,0
12.025,944.6165457653925,539.3183944297904,3.2512713981425923,1,0,5,0
12.033333333333333,945.019441952007,539.4721206837156,3.291433006422668,1,0,5,0
12.041666666666666,945.3844522074132,539.5052208995352,3.3201534457296997,1,0,5,0
12.05,946.3083116873584,539.1323070530971,3.2785319777457094,1,0,5,0
12.058333333333334,946.5270172148906,538.1980429626467,3.314403291959401,1,0,5,0
12.066666666666666,945.9720659749107,537.9783830669502,3.2839887971295116,1,0,5,0
12.075,945.7478656733398,537.4916590370548,3.299681015995414,1,0,5,0
12.083333333333334,946.3209235661118,536.5630198464696,3.30303988822168,1,0,5,0
12.091666666666667,946.8957363576396,537.0418887839185,3.292223254745183,1,0,5,0
12.1,947.490871942945,537.0850968300489,3.3401054529006995,1,0,5,0
12.108333333333333,946.9110885849285,536.9713321222954,3.299962914855091,1,0,5,0
12.116666666666667,947.2744261328148,536.5797194474363,3.2697013328481415,1,0,5,0
12.125,947.393955448689,536.4540811360234,3.298487761254346,1,0,5,0
12.133333333333333,947.4153302972854,535.9189754879247,3.3322044550996957,1,0,5,0
12.141666666666667,948.4246533562223,535.2603115908438,3.2713019416231583,1,0,5,0
12.15,1056.5572696170111,729.8554050878688,3.2829025370433516,1,0,5,0
12.158333333333333,1056.8366370980475,730.7417585466037,3.247121883035952,1,0,5,0
12.166666666666666,950.0342293253461,536.9176479522711,3.3138488974267695,1,0,5,0
12.175,949.5491659116666,536.748489057572,3.2769318139595995,1,0,5,0
12.183333333333334,949.6453828674698,536.4804757060894,3.2924898841471744,1,0,5,0
12.191666666666666,949.7032419525426,535.6798052345544,3.2881444124597308,1,0,5,0
12.2,949.3898862025256,535.6321366636581,3.266598195177361,1,0,5,0
12.208333333333334,948.8942563502869,535.0587583778861,3.301857708585848,1,0,5,0
12.216666666666667,948.4411312969606,535.6667951747444,3.255304375988748,1,0,5,0
12.225,948.4022390866129,534.6550236566976,3.297686389540853,1,0,5,0
12.233333333333333,948.4114957018354,534.2582090315813,3.2855943526311413,1,0,5,0
12.241666666666667,947.6059015139193,534.6070142641345,3.2711804795463455,1,0,5,0
12.25,948.2072602774878,535.0477674749179,3.2791799192874094,1,0,5,0
12.258333333333333,947.9261732804225,535.003852700048,3.2876512082552085,1,0,5,0
12.266666666666667,947.5527241490909,535.1523651546134,3.2673678098952035,1,0,5,0
12.275,946.8857967692803,534.6827895525067,3.2676513957557587,1,0,5,0
12.283333333333333,946.4324555381015,535.1220595014556,3.214475283780639,1,0,5,0
12.291666666666666,945.0560163300114,535.9717393082637,3.2361332222137245,1,0,5,0
12.3,945.0794620827336,536.3430375689445,3.2674640143408977,1,0,5,0
12.308333333333334,944.7174025546773,536.2292056107724,3.295155304455009,1,0,5,0
12.316666666666666,945.8976023152502,537.4180419479642,3.237752830533388,1,0,5,0
12.325,944.9758631108475,536.5714903726791,3.247908304343545,1,0,5,0
12.333333333333334,945.4439693852723,535.6090085172733,3.212839251069774,1,0,5,0
12.341666666666667,944.7608529218893,536.2786125136342,3.223346396338131,1,0,5,0
12.35,945.2479235740019,536.3615056116269,3.2192808271424096,1,0,5,0
12.358333333333333,945.570280368283,536.2518202139023,3.1922958142113393,1,0,5,0
12.366666666666667,944.5856350262836,536.430285750018,3.234019618816329,1,0,5,0
12.375,944.41196329599,537.0093181612762,3.2494119471588028,1,0,5,0
12.383333333333333,944.7516352959917,536.0251595443476,3.2279796532095637,1,0,5,0
12.391666666666667,945.0463392100914,536.3898314073772,3.222891693608145,1,0,5,0
12.4,944.99984536442,536.237653895463,3.2225427744959263,1,0,5,0
12.408333333333333,944.9214525073639,536.3872350794018,3.213854568431886,1,0,5,0
12.416666666666666,944.820092502055,536.261887429713,3.20392622623689,1,0,5,0
12.425,944.3620046291302,536.4746029850288,3.2124346087513813,1,0,5,0
12.433333333333334,943.5784884445477,536.2538080284855,3.2126917867368117,1,0,5,0
12.441666666666666,944.355384742359,535.9264567435733,3.233633438244898,1,0,5,0
12.45,944.5495851133444,536.2977436567442,3.186381130728326,1,0,5,0
12.458333333333334,944.2143204056525,536.061273570664,3.209902661206569,1,0,5,0
12.466666666666667,943.0814872516553,535.7300646004921,3.201220349187587,1,0,5,0
12.475,943.4128764399608,534.8851954716803,3.2194913203376063,1,0,5,0
12.483333333333333,943.2655946681992,534.8791265752612,3.150493492432597,1,0,5,0
12.491666666666667,942.6993948450719,533.9117645247321,3.192119524399086,1,0,5,0
12.5,943.0894426068893,534.179221526821,3.1989938462157372,1,0,5,0
12.508333333333333,943.305506083896,533.7254195408593,3.1873285177315878,1,0,5,0
12.516666666666667,943.9088113690192,533.9442139660413,3.2206537966429014,1,0,5,0
12.525,944.018545414128,534.1721060771533,3.1855292024385684,1,0,5,0
12.533333333333333,943.7202602720777,534.0033371517762,3.199966167276126,1,0,5,0
12.541666666666666,943.9428754939546,534.934110093904,3.196867750147003,1,0,5,0
12.55,943.133749620936,535.3973469583632,3.201513002885716,1,0,5,0
12.558333333333334,943.9136268538067,535.2432412048217,3.2144885020701985,1,0,5,0
12.566666666666666,943.9580221552869,534.7994806609282,3.181630222962381,1,0,5,0
12.575,943.8762142539838,534.8861128668431,3.2022730036899287,1,0,5,0
12.583333333333334,943.4881518875222,536.0267942240833,3.223202873069527,1,0,5,0
12.591666666666667,943.6313735614249,535.5589352212875,3.1564173651199456,1,0,5,0
12.6,943.6955236745523,534.8690815030357,3.1864899320769338,1,0,5,0
12.608333333333333,943.4828970529219,535.98233488674,3.1876882700301072,1,0,5,0
12.616666666666667,943.7059933977429,535.8885134282443,3.1999047512336776,1,0,5,0
12.625,942.8632058609112,535.8416143864941,3.186235575314936,1,0,5,0
12.633333333333333,943.0761774516326,535.5390226159574,3.1976221089547314,1,0,5,0
12.641666666666667,943.0629447568143,535.1938793161775,3.208961149026611,1,0,5,0
12.65,943.5090739260975,535.4329031900666,3.1960574802025037,1,0,5,0
12.658333333333333,942.8742415869048,535.916993984756,3.1639033370186214,1,0,5,0
12.666666666666666,943.4356249372812,535.7890498661327,3.1879252706390964,1,0,5,0
12.675,942.9576243607002,535.2456140813902,3.164059436373068,1,0,5,0
12.683333333333334,943.3865325791177,534.6017638919851,3.19090254373444,1,0,5,0
12.691666666666666,943.6219945749095,533.8635681011386,3.1826810933185103,1,0,5,0
12.7,943.4966426219698,533.9207105834424,3.198240199056225,1,0,5,0
12.708333333333334,942.8862448382484,533.4054290417383,3.1994237545959243,1,0,5,0
12.716666666666667,942.4604878503677,534.0921640261582,3.146551806933636,1,0,5,0
12.725,942.4689259552005,533.1225989802983,3.202570384681545,1,0,5,0
12.733333333333333,941.8476831736884,532.6818129435687,3.1533194647629768,1,0,5,0
12.741666666666667,941.722443187054,533.5051941288536,3.1678968071577347,1,0,5,0
12.75,941.0420566912901,533.6202231996499,3.175311300342849,1,0,5,0
12.758333333333333,940.9284453637374,533.0240615823469,3.185220493709671,1,0,5,0
12.766666666666667,940.9394623990983,533.8563456879901,3.174620353087938,1,0,5,0
12.775,941.2040513630548,534.1930947698339,3.1701635674482787,1,0,5,0
12.783333333333333,941.9910250928834,534.6122872094693,3.1673485650854802,1,0,5,0
12.791666666666666,942.3541138131616,534.3671045915553,3.1548575903062175,1,0,5,0
12.8,942.3405743762465,534.3803868545601,3.140989164330712,1,0,5,0
12.808333333333334,942.6398381148011,534.199095122198,3.129183102371247,1,0,5,0
12.816666666666666,943.3149865643426,534.4679348258888,3.1733842318506627,1,0,5,0
12.825,944.5666953885244,534.0835933434951,3.1652317845308535,1,0,5,0
12.833333333333334,944.8100934108137,534.7493574620343,3.15499178019114,1,0,5,0
12.841666666666667,944.893703424846,534.5475434825524,3.144729962689517,1,0,5,0
12.85,944.4262743879581,534.4113332812478,3.145977830542021,1,0,5,0
12.858333333333333,944.2993716358403,534.0456135982399,3.1827702322593354,1,0,5,0
12.866666666666667,943.558591828349,532.7825599905473,3.1500473872001016,1,0,5,0
12.875,943.4395620922306,532.0928642517573,3.1485651234317817,1,0,5,0
12.883333333333333,944.4148695442063,531.5858225886603,3.1534835288117153,1,0,5,0
12.891666666666667,944.581278957537,531.8799562438351,3.1597459939681785,1,0,5,0
12.9,944.9371782340667,531.544980433278,3.132310875189575,1,0,5,0
12.908333333333333,944.7852685728607,531.4212419725212,3.163991630444149,1,0,5,0
12.916666666666666,945.0170486525016,531.1022870844513,3.12908620979916,1,0,5,0
12.925,945.0409839584742,531.1141701260683,3.152496344843403,1,0,5,0
12.933333333333334,945.8178725041439,531.1058492560885,3.1765888855449,1,0,5,0
12.941666666666666,946.1699177256986,531.7209192848266,3.1335063671916306,1,0,5,0
12.95,945.9099840520199,531.0793797648561,3.152708798025129,1,0,5,0
12.958333333333334,946.5106576575057,531.097100093478,3.1883583974801635,1,0,5,0
12.966666666666667,945.8341888908564,531.5161718872199,3.1716098000493553,1,0,5,0
12.975,946.3095303729131,531.2089850043561,3.2017990706089297,1,0,5,0
12.983333333333333,945.1501689651229,531.3731234108621,3.097989861874849,1,0,5,0
12.991666666666667,946.5906187598382,532.0180251091182,3.1456725771456777,1,0,5,0
13.0,946.9208028373948,531.9661401946059,3.13134320331093,1,0,5,0
13.008333333333333,946.9065426336928,532.0936739364529,3.1434502529927495,1,0,5,0
13.016666666666667,946.1656036620083,532.5877889228778,3.154663212621721,1,0,5,0
13.025,946.5232636042666,531.8491364050336,3.143022756672748,1,0,5,0
13.033333333333333,946.2873506295285,532.2916041388152,3.130291511876073,1,0,5,0
13.041666666666666,946.2810734730806,532.6124910441974,3.1298318068954702,1,0,5,0
13.05,946.3727249678238,532.63827383486,3.132773276558617,1,0,5,0
13.058333333333334,946.1955457121329,532.22370782406,3.1364359521846557,1,0,5,0
13.066666666666666,947.1060722890843,532.7002725434847,3.101962965958292,1,0,5,0
13.075,946.8406932591768,532.2196337096792,3.082920635896539,1,0,5,0
13.083333333333334,946.0115925636485,532.7443618106423,3.161202094110599,1,0,5,0
13.091666666666667,946.8774453077145,532.5398165156394,3.1377056147024334,1,0,5,0
13.1,946.5973109872375,532.4217942555894,3.1293323173020737,1,0,5,0
13.108333333333333,946.2449930289982,532.9434204927355,3.132940254851724,1,0,5,0
13.116666666666667,946.5224397144541,532.7264468038345,3.1420963995342603,1,0,5,0
13.125,946.1499387935912,532.6089892107982,3.163754503733232,1,0,5,0
13.133333333333333,945.5985699707536,532.804873263842,3.1532903160664754,1,0,5,0
13.141666666666667,945.5959089383116,532.3666249916386,3.1316121384551647,1,0,5,0
13.15,945.4981447067689,532.3865472130747,3.100674392116029,1,0,5,0
13.158333333333333,945.2025330623496,532.6967363692462,3.145151313091429,1,0,5,0
13.166666666666666,945.0572904373436,532.2229948459328,3.1291812447675413,1,0,5,0
13.175,945.1295576351804,531.7747431709058,3.093796816790413,1,0,5,0
13.183333333333334,945.5254645839572,531.0380334956707,3.0658728362568195,1,0,5,0
13.191666666666666,945.1544494614889,530.9739389901607,3.1580359203004265,1,0,5,0
13.2,945.2500369334401,531.6615057378999,3.124251034913791,1,0,5,0
13.208333333333334,945.0225777978239,531.8588681716581,3.1070323451480397,1,0,5,0
13.216666666666667,946.2511659865797,532.1357050638858,3.1268728468355578,1,0,5,0
13.225,946.5027682543305,531.7970084961021,3.131742859481862,1,0,5,0
13.233333333333333,946.351377337137,532.688466669493,3.0940810290875302,1,0,5,0
13.241666666666667,946.6011501894795,533.0124901923738,3.1376689422077835,1,0,5,0
13.25,945.9076453550525,533.1480806256609,3.1101744822946356,1,0,5,0
13.258333333333333,945.3764658329253,532.9309846967981,3.111304753982632,1,0,5,0
13.266666666666667,945.3892512637922,532.6195322159235,3.1075167146396856,1,0,5,0
13.275,945.122066959999,532.2929686938094,3.113239366470293,1,0,5,0
13.283333333333333,946.1287263503107,532.6184071313554,3.1028596765631193,1,0,5,0
13.291666666666666,947.0683280292095,532.1848905014077,3.118532233013456,1,0,5,0
13.3,946.4857364002588,532.4034407168449,3.092017734256154,1,0,5,0
13.308333333333334,946.2789421397185,532.0452698268324,3.1060604409457215,1,0,5,0
13.316666666666666,946.3529716183722,532.9114408653492,3.1270131000040133,1,0,5,0
13.325,945.4093401105455,532.5906377594537,3.1209585071594073,1,0,5,0
13.333333333333334,944.8321919270264,532.586982376494,3.142991353538872,1,0,5,0
13.341666666666667,944.7032830663201,532.5713414164053,3.1490200270330684,1,0,5,0
13.35,944.7013847317612,532.5628966373438,3.100981866125296,1,0,5,0
13.358333333333333,944.4729154285019,532.709014206252,3.097414893157801,1,0,5,0
13.366666666666667,944.6738103235624,532.2835453025658,3.109216101705428,1,0,5,0
13.375,944.6597212802523,532.4909556850108,3.089026820492442,1,0,5,0
13.383333333333333,944.1381142042687,532.9515595614034,3.1324069306774067,1,0,5,0
13.391666666666667,944.3161310435281,532.4160815674255,3.1140081156084496,1,0,5,0
13.4,944.6616448360502,532.7526794227069,3.105891183216592,1,0,5,0
13.408333333333333,944.5598968647707,533.3601072202895,3.112660470472531,1,0,5,0
13.416666666666666,944.9050366346028,532.4708367932207,3.1052820695588697,1,0,5,0
13.425,944.8580076246915,532.7822288726545,3.120836756336766,1,0,5,0
13.433333333333334,945.5849672295537,532.7421645455524,3.107629744911347,1,0,5,0
13.441666666666666,945.6199415863304,532.01780157866,3.095148306366851,1,0,5,0
13.45,945.1821252449549,531.8230646623342,3.10072775185693,1,0,5,0
13.458333333333334,945.6003742847493,531.9010934521751,3.143104907607088,1,0,5,0
13.466666666666667,945.2064637073742,532.9266459703208,3.104301568178813,1,0,5,0
13.475,944.7822912032834,532.8710951444675,3.1191565545495794,1,0,5,0
13.483333333333333,945.0656067857465,532.5871104710974,3.0951900288909577,1,0,5,0
13.491666666666667,943.9061664797591,532.1974824744244,3.096948082549801,1,0,5,0
13.5,943.3339262351943,532.4482720827023,3.0805054332917794,1,0,5,0
13.508333333333333,943.9075705151951,532.7944932721504,3.108199203675539,1,0,5,0
13.516666666666667,944.301075380737,533.3295169109798,3.099246299447747,1,0,5,0
13.525,944.2200180645673,533.3271073538076,3.0976080791562213,1,0,5,0
13.533333333333333,944.1954632234415,533.0429540545307,3.1130157943613095,1,0,5,0
13.541666666666666,944.0968850698998,532.8877458166121,3.072922707867712,1,0,5,0
13.55,944.5462684556011,533.2436590019923,3.1050708041613215,1,0,5,0
13.558333333333334,944.11614756053,532.7761997018172,3.0964955685762354,1,0,5,0
13.566666666666666,944.6014833502403,532.0885692966779,3.080913524840024,1,0,5,0
13.575,944.136441420364,531.8156358015362,3.0816197073418814,1,0,5,0
13.583333333333334,944.0278432720175,532.2731297971783,3.124176392160679,1,0,5,0
13.591666666666667,942.779478791684,532.3234380114657,3.093362011552187,1,0,5,0
13.6,942.6524851507858,531.5838591482558,3.0765646196925407,1,0,5,0
13.608333333333333,943.0552622692528,531.253388891871,3.1285143778443425,1,0,5,0
13.616666666666667,942.7698741015062,531.8472533617503,3.1135238001211953,1,0,5,0
13.625,942.3016670903123,532.1179804596807,3.1005218337749496,1,0,5,0
13.633333333333333,942.98460185512,532.8816610672229,3.135752083385273,1,0,5,0
13.641666666666667,942.6773676588366,533.0050513087286,3.066464239702077,1,0,5,0
13.65,942.3959920178712,532.9622341925082,3.126348366213477,1,0,5,0
13.658333333333333,942.5939351052897,532.6320991352804,3.1148006751882367,1,0,5,0
13.666666666666666,943.2620278703513,533.5178784829147,3.0777808973583913,1,0,5,0
13.675,943.3977123140379,533.0547475504565,3.110868448619138,1,0,5,0
13.683333333333334,944.1111854799009,533.1168844962939,3.101947591805121,1,0,5,0
13.691666666666666,943.926351821147,533.6165170131317,3.0753779810352806,1,0,5,0
13.7,943.7840908233877,533.5579671729545,3.081743143189583,1,0,5,0
13.708333333333334,943.1524063565048,533.7074252126391,3.09951132318271,1,0,5,0
13.716666666666667,943.323618924685,534.3785413669331,3.0753193248590724,1,0,5,0
13.725,943.3764846033932,534.4409089300134,3.1161434519390574,1,0,5,0
13.733333333333333,943.2070385105383,534.7389921809471,3.1132187612954985,1,0,5,0
13.741666666666667,943.9221160914211,535.0443076685489,3.0822167977353883,1,0,5,0
13.75,943.0015653114261,535.9528981425216,3.1155013582233506,1,0,5,0
13.758333333333333,942.7153457161544,536.5637796528656,3.0811768676823372,1,0,5,0
13.766666666666667,942.6854052493075,536.641120222844,3.0865186078516853,1,0,5,0
13.775,942.1085009350015,536.0972690494077,3.095247213289237,1,0,5,0
13.783333333333333,942.3503088863944,536.0204132378648,3.053362079485562,1,0,5,0
13.791666666666666,941.5902423361923,535.3681117791933,3.1181777530095864,1,0,5,0
13.8,941.6328164994702,536.2458926391438,3.148334466429457,1,0,5,0
13.808333333333334,941.6953130190959,536.190733349662,3.122770351767472,1,0,5,0
13.816666666666666,941.4393063472919,536.0837824330043,3.1177029849151725,1,0,5,0
13.825,941.8932275766186,535.3171544978206,3.0955617297684666,1,0,5,0
13.833333333333334,941.3754805224427,535.4874953906876,3.1108443160560184,1,0,5,0
13.841666666666667,942.1926274741829,535.5071197562058,3.095193564591285,1,0,5,0
13.85,941.8120308511735,535.9250760976857,3.1286979358689413,1,0,5,0
13.858333333333333,941.9856138900288,536.0138400926181,3.0994546682618322,1,0,5,0
13.866666666666667,942.0833418445669,535.5219946493531,3.09791417694925,1,0,5,0
13.875,942.6522543596435,535.4973480981091,3.0670005459534724,1,0,5,0
13.883333333333333,942.4774754279639,535.3429683262432,3.1130679724383246,1,0,5,0
13.891666666666667,941.2344753006165,535.6182908356938,3.1197477737039416,1,0,5,0
13.9,941.0141342295323,535.6630260000309,3.1103557995758373,1,0,5,0
13.908333333333333,941.3755437349105,535.0614562263144,3.0705490876837978,1,0,5,0
13.916666666666666,940.5785237317217,535.1851302282514,3.081007990405889,1,0,5,0
13.925,940.3228920391923,534.6325540050686,3.085975707800234,1,0,5,0
13.933333333333334,939.8026021032489,535.0788514061659,3.099288456100711,1,0,5,0
13.941666666666666,940.3990116677694,535.2398105464682,3.122797962328619,1,0,5,0
13.95,940.8056277086907,535.4027480155992,3.100508651840356,1,0,5,0
13.958333333333334,940.9020824588755,535.541193334349,3.0857562789714823,1,0,5,0
13.966666666666667,940.5119955888716,535.0067919268403,3.115145029099723,1,0,5,0
13.975,940.3923255235502,535.0335834188189,3.091546431702871,1,0,5,0
13.983333333333333,940.744296406819,535.884665003236,3.1110573356680544,1,0,5,0
13.991666666666667,940.9739567245031,535.6187367677175,3.0752040481660354,1,0,5,0
14.0,941.5253556910945,535.0544450609962,3.0948237156715446,1,0,5,0
14.008333333333333,941.830569146322,536.2864876870607,3.1073237274983665,1,0,5,0
14.016666666666667,942.1880088792166,536.5550105832426,3.1032285634467414,1,0,5,0
14.025,941.9992206559469,536.4246352641624,3.082963768461038,1,0,5,0
14.033333333333333,941.5186947596056,536.1752934463709,3.0925567081985927,1,0,5,0
14.041666666666666,942.473838724293,535.5725818981023,3.134904357704294,1,0,5,0
14.05,942.0844025508925,534.1792435625933,3.1252391331498224,1,0,5,0
14.058333333333334,941.4820024157002,534.8110705189782,3.1466672102338222,1,0,5,0
14.066666666666666,941.725963918595,534.3479688155057,3.0604266514318086,1,0,5,0
14.075,941.5486674903858,534.1441573149798,3.095141574510387,1,0,5,0
14.083333333333334,941.0232009989804,533.8376745672567,3.1278688162090327,1,0,5,0
14.091666666666667,940.8807470190371,533.7428902224045,3.114820056861253,1,0,5,0
14.1,940.4569876045974,533.191708327522,3.111886729816573,1,0,5,0
14.108333333333333,940.2896466190056,533.6793865485428,3.1097803865267855,1,0,5,0
14.116666666666667,939.6060671486401,533.2355294413438,3.107480327072558,1,0,5,0
14.125,940.017539339749,532.7588273242833,3.0972581611958945,1,0,5,0
14.133333333333333,940.4141793673662,533.7450388027261,3.1347821337993316,1,0,5,0
14.141666666666667,940.285400154666,533.1199232430216,3.1008655790322477,1,0,5,0
14.15,940.5318265844307,532.7129582344603,3.094873799767919,1,0,5,0
14.158333333333333,940.7302529909936,531.9702400081912,3.1251001209968465,1,0,5,0
14.166666666666666,941.2978375859511,532.6497263322738,3.1238111063718894,1,0,5,0
14.175,941.5417064526657,532.1994832718352,3.1044329456017334,1,0,5,0
14.183333333333334,941.1236443649857,532.50564980969,3.1088901107283258,1,0,5,0
14.191666666666666,940.8532522915627,532.7093188794222,3.126252540966828,1,0,5,0
14.2,941.609556604421,533.2082598739084,3.0888867468332917,1,0,5,0
14.208333333333334,942.0898865600375,532.9578577574616,3.1604928427683983,1,0,5,0
14.216666666666667,941.8399287403063,533.0787283183743,3.1545086702537053,1,0,5,0
14.225,942.1234056213984,532.5286844099094,3.1325776051571195,1,0,5,0
14.233333333333333,941.2326699843959,532.8361938998352,3.080608088725761,1,0,5,0
14.241666666666667,942.2679189894167,532.0169895520934,3.0846657883719977,1,0,5,0
14.25,942.0363563133877,532.7562708193065,3.1070900114809916,1,0,5,0
14.258333333333333,941.7281520794725,532.8015085184887,3.158871586563281,1,0,5,0
14.266666666666667,941.7686747102367,532.4822164689101,3.0823064641743154,1,0,5,0
14.275,941.2246566605688,532.1688455093617,3.123332509700551,1,0,5,0
14.283333333333333,940.974292695695,531.8880395502404,3.1098918603702166,1,0,5,0
14.291666666666666,940.6551385305115,531.8964635279698,3.124399175706117,1,0,5,0
14.3,940.7628969868958,531.6235148357192,3.1220712957486545,1,0,5,0
14.308333333333334,941.1709710106543,531.5644360445633,3.137041689862141,1,0,5,0
14.316666666666666,940.6459989403734,531.4172276704595,3.114895815195279,1,0,5,0
14.325,939.9499984521458,530.9771723009624,3.112631565780378,1,0,5,0
14.333333333333334,939.1380247367555,531.3197926104118,3.130786902664826,1,0,5,0
14.341666666666667,939.0802819275854,530.8854506120583,3.1450558110031994,1,0,5,0
14.35,939.4271515050851,531.2371525160622,3.1280012059789875,1,0,5,0
14.358333333333333,939.065105964549,531.8133360511141,3.124022870274555,1,0,5,0
14.366666666666667,939.2691116238474,531.9378027162419,3.1411488546869863,1,0,5,0
14.375,939.0829688841011,531.8626337025008,3.0893176319461793,1,0,5,0
14.383333333333333,938.6185142277269,532.1268208565862,3.102030336831148,1,0,5,0
14.391666666666667,938.6976590951197,531.9051045005777,3.1314479936923036,1,0,5,0
14.4,939.0299733311949,532.1459091330837,3.1192308277652714,1,0,5,0
14.408333333333333,938.967620049272,532.9156503001357,3.1110743622172032,1,0,5,0
14.416666666666666,939.52389565482,532.8341119066544,3.1032014274187287,1,0,5,0
14.425,940.0852448916152,533.1300806053555,3.1356204306076556,1,0,5,0
14.433333333333334,939.5591307390623,532.9096556273597,3.1522149957865016,1,0,5,0
14.441666666666666,939.5168516608198,533.1796544030736,3.13082310762617,1,0,5,0
14.45,939.6626802297612,533.4649425883415,3.1035077223448093,1,0,5,0
14.458333333333334,939.3695358458561,533.7930991615668,3.1408091417739463,1,0,5,0
14.466666666666667,939.6348569450737,534.7579547895084,3.1247354520331085,1,0,5,0
14.475,939.0158586806568,535.2731526329991,3.1213414269858726,1,0,5,0
14.483333333333333,939.2909538584087,534.6681261232351,3.162313586018214,1,0,5,0
14.491666666666667,939.878928240033,534.6919597666241,3.170404090323788,1,0,5,0
14.5,939.109726163254,534.866654415034,3.178021103382032,1,0,5,0
14.508333333333333,938.8556648793253,534.9155940704123,3.153889321967551,1,0,5,0
14.516666666666667,939.5719723754589,535.1735507853746,3.1254850484353973,1,0,5,0
14.525,939.310468997017,535.0997768351704,3.1088650491965275,1,0,5,0
14.533333333333333,939.4588085219632,535.416256564345,3.1377108501023385,1,0,5,0
14.541666666666666,939.3268371322237,535.0872050806812,3.1531825389450203,1,0,5,0
14.55,937.9042891317509,534.0960765592112,3.167285985355757,1,0,5,0
14.558333333333334,938.0059490929001,533.9860202013286,3.200629755620891,1,0,5,0
14.566666666666666,938.0222468878853,533.4663209460238,3.148082249816086,1,0,5,0
14.575,938.0719171354551,534.949296768347,3.1388665971586867,1,0,5,0
14.583333333333334,938.6725918798431,534.8602403320843,3.131023668378599,1,0,5,0
14.591666666666667,938.8642799764594,534.7035626541361,3.1332001178454436,1,0,5,0
14.6,940.0761521195543,534.4660803096283,3.1633893073320483,1,0,5,0
14.608333333333333,940.142556607644,534.0073185750468,3.1641161249693797,1,0,5,0
14.616666666666667,939.7106274505912,534.385476214788,3.130586711007079,1,0,5,0
14.625,940.0185572515879,534.6669403495122,3.151728428517818,1,0,5,0
14.633333333333333,940.2524822731377,533.9238624622332,3.1377931025627714,1,0,5,0
14.641666666666667,940.2558475979321,534.020751075549,3.1646779369383706,1,0,5,0
14.65,940.042524146969,534.0197422661724,3.157393981437614,1,0,5,0
14.658333333333333,940.3124398027694,533.6581735760907,3.142984055074841,1,0,5,0
14.666666666666666,939.7050390540509,534.1935446747135,3.1842024703877665,1,0,5,0
14.675,939.7134017122279,533.719391792237,3.121200187587961,1,0,5,0
14.683333333333334,939.5722553258634,533.389686140582,3.1216111511348283,1,0,5,0
14.691666666666666,939.4860851257955,533.4242564614445,3.1849938123769213,1,0,5,0
14.7,938.6589106691443,533.4233339852668,3.174769298486299,1,0,5,0
14.708333333333334,939.3057346138193,533.9673439882371,3.1735975037092055,1,0,5,0
14.716666666666667,938.6251947084535,534.1012368477094,3.1462047826218833,1,0,5,0
14.725,938.6093634141226,534.1636895868699,3.1755184739602527,1,0,5,0
14.733333333333333,938.9328134297743,534.2155846798938,3.1857388621585634,1,0,5,0
14.741666666666667,938.5028569736714,534.0165485991762,3.1464498030944226,1,0,5,0
14.75,938.3408911674691,533.9664777263195,3.138549138172588,1,0,5,0
14.758333333333333,938.2235220214352,533.6695941432495,3.182733771593204,1,0,5,0
14.766666666666667,938.8945888872786,534.0395852528268,3.1695771178939287,1,0,5,0
14.775,939.739218568528,533.72845742703,3.188758792032479,1,0,5,0
14.783333333333333,940.4252610549287,533.2385893455835,3.1771967791683653,1,0,5,0
14.791666666666666,940.8199846836837,533.7034749819094,3.178538537496171,1,0,5,0
14.8,941.5474494595555,533.9325475652855,3.159817611392304,1,0,5,0
14.808333333333334,941.8889999591639,534.510982232492,3.188988104493473,1,0,5,0
14.816666666666666,941.8855461433089,535.0634440494141,3.172894275548794,1,0,5,0
14.825,941.6889460060995,534.7329531573786,3.193133512217139,1,0,5,0
14.833333333333334,941.2360834777263,534.5999506703492,3.1663410626038546,1,0,5,0
14.841666666666667,941.0199933830795,534.054268335868,3.2029062504993746,1,0,5,0
14.85,941.0748652240284,534.4547664297255,3.1687650030942454,1,0,5,0
14.858333333333333,941.5274991384459,534.8086570119632,3.1592200426193875,1,0,5,0
14.866666666666667,941.6294037996742,535.3832375853052,3.2104742003777966,1,0,5,0
14.875,941.4549630866953,535.6666783346345,3.1799404249074237,1,0,5,0
14.883333333333333,941.4891274302283,535.6474261148038,3.1664218734843055,1,0,5,0
14.891666666666667,941.8414111336164,535.0510423095939,3.1930092742607963,1,0,5,0
14.9,941.4848832266537,535.4743645725199,3.1670343229985596,1,0,5,0
14.908333333333333,941.5712083081929,535.5234243690494,3.184481072477656,1,0,5,0
14.916666666666666,941.5971963044873,535.4900402502477,3.145562322247981,1,0,5,0
14.925,941.3747915030922,535.3412159017927,3.1952324244245434,1,0,5,0
14.933333333333334,941.3498526976224,535.5506687235231,3.1913473055952486,1,0,5,0
14.941666666666666,940.2691145906031,535.7091430569418,3.183205209563154,1,0,5,0
14.95,940.2122284097481,536.011618689371,3.175036065703664,1,0,5,0
14.958333333333334,938.9195862712005,536.17002567632,3.201011844022772,1,0,5,0
14.966666666666667,939.1473235291503,537.6282883219181,3.1786468544912125,1,0,5,0
14.975,939.4145719935252,538.2132454078356,3.2403295667030263,1,0,5,0
14.983333333333333,938.5872937973685,537.8561426936909,3.209506366277094,1,0,5,0
14.991666666666667,938.946861540711,537.2773895469845,3.228260250444385,1,0,5,0
15.0,939.6549314247583,537.0689009267161,3.2144633748418907,1,0,5,0
15.008333333333333,939.5037240743071,536.1699683729539,3.2075148585173094,1,0,5,0
15.016666666666667,939.5468349606919,535.7140216438332,3.2151819238496904,1,0,5,0
15.025,939.935103253939,535.7643728347059,3.226976347534319,1,0,5,0
15.033333333333333,939.5034463196589,535.8206113008916,3.193401581473627,1,0,5,0
15.041666666666666,938.8481513111084,535.6961992100108,3.2277634410141984,1,0,5,0
15.05,939.1635231293162,535.6808921433452,3.219744055250164,1,0,5,0
15.058333333333334,938.5562605232952,535.4041502588684,3.2011159229897626,1,0,5,0
15.066666666666666,938.9137489004441,535.4291314623166,3.1992441594222294,1,0,5,0
15.075,938.5449070420697,535.0207623310939,3.20451633168387,1,0,5,0
15.083333333333334,938.829529599123,535.2290971830065,3.197090914509465,1,0,5,0
15.091666666666667,939.0175938585429,534.7984020651252,3.183846383539351,1,0,5,0
15.1,939.0183261249521,533.9562166862479,3.228883330227122,1,0,5,0
15.108333333333333,938.0392742079288,533.5971388973564,3.1810198669614347,1,0,5,0
15.116666666666667,938.1611018762296,533.9657006454675,3.225469405489245,1,0,5,0
15.125,937.6749284309407,533.8279099490433,3.2282273424229664,1,0,5,0
15.133333333333333,937.4481930957755,534.194308268902,3.217651973952822,1,0,5,0
15.141666666666667,937.2629179371597,533.3825827695096,3.2113736541524243,1,0,5,0
15.15,937.222175232408,534.2144261104178,3.252551569038901,1,0,5,0
15.158333333333333,936.9799145555326,534.2456355881865,3.1830896431663174,1,0,5,0
15.166666666666666,936.8460861196226,532.8549858210697,3.255292136852709,1,0,5,0
15.175,936.8853193539512,533.4993080239731,3.2382261573686972,1,0,5,0
15.183333333333334,937.0048410221924,533.82565674214,3.253997374938652,1,0,5,0
15.191666666666666,937.0506751547081,533.4936006095852,3.2314835014374506,1,0,5,0
15.2,936.5829789803778,532.4481086178939,3.209715133193886,1,0,5,0
15.208333333333334,935.9886565104864,532.6168893977431,3.2115420730355337,1,0,5,0
15.216666666666667,936.5358226605015,533.0166356629602,3.208789490702708,1,0,5,0
15.225,935.7885785758908,532.3986704738855,3.2267691234079807,1,0,5,0
15.233333333333333,935.434722367905,532.1083669330648,3.2395571562491394,1,0,5,0
15.241666666666667,934.7498327409915,532.812991452564,3.2276633357610116,1,0,5,0
15.25,934.8976637355009,531.769369983101,3.2024404563479876,1,0,5,0
15.258333333333333,934.7986250149222,532.3413175454862,3.2334539046196915,1,0,5,0
15.266666666666667,935.4037084109261,531.3910222252671,3.246535198873376,1,0,5,0
15.275,935.18492809155,531.5151566862581,3.2068931989538405,1,0,5,0
15.283333333333333,935.5071960354039,531.3773061713173,3.222358260054524,1,0,5,0
15.291666666666666,935.4882716026601,531.019501634906,3.2248780982640928,1,0,5,0
15.3,936.0163357495325,530.6544713487177,3.2337581485009217,1,0,5,0
15.308333333333334,936.0134999702148,531.8993051641315,3.2693536096994675,1,0,5,0
15.316666666666666,935.898410912655,531.8516571304226,3.241567306747274,1,0,5,0
15.325,937.1434006084264,532.1895287120534,3.237376222771253,1,0,5,0
15.333333333333334,937.4499354008335,532.8861404094671,3.2563149659921597,1,0,5,0
15.341666666666667,938.1737544835498,532.5377685832594,3.2061048597779043,1,0,5,0
15.35,938.3631803638509,532.1950816388721,3.26260674866848,1,0,5,0
15.358333333333333,937.7849563759198,532.3371374789899,3.261190141118576,1,0,5,0
15.366666666666667,938.1583058797307,532.2548755122168,3.2044148821646066,1,0,5,0
15.375,938.3639595455356,532.4778297669939,3.249806470525285,1,0,5,0
15.383333333333333,937.7260061176919,533.1125006150886,3.2356499808939274,1,0,5,0
15.391666666666667,938.0015565275004,532.4850922182494,3.2690664126090074,1,0,5,0
15.4,938.5111052445524,532.6973739367492,3.2405149665929214,1,0,5,0
15.408333333333333,938.6851417619741,532.0102595722576,3.2382705542487993,1,0,5,0
15.416666666666666,938.0775742713013,532.1630131733343,3.251891729031386,1,0,5,0
15.425,937.8314191263146,531.4874086745418,3.2525113405865995,1,0,5,0
15.433333333333334,937.6867256778864,531.4458481361913,3.2257761350370497,1,0,5,0
15.441666666666666,937.4112696596507,532.0865429577351,3.2537771022062825,1,0,5,0
15.45,937.3949682429178,531.841016375166,3.3004287108410146,1,0,5,0
15.458333333333334,938.1692315243241,530.9435786691497,3.2878775916153504,1,0,5,0
15.466666666666667,938.9281540186073,531.2719410799996,3.2580610442435907,1,0,5,0
15.475,939.158789334781,531.7556189362566,3.2465994181548847,1,0,5,0
15.483333333333333,939.5973942184079,532.1010896044213,3.2256733458275595,1,0,5,0
15.491666666666667,939.8746190158917,532.7436259580597,3.2425799643456994,1,0,5,0
15.5,940.0695674683446,531.8700536038185,3.2109398832511893,1,0,5,0
15.508333333333333,940.9646180600789,532.9003251006714,3.23228030473839,1,0,5,0
15.516666666666667,940.9102748895308,533.3322799710722,3.252737149381951,1,0,5,0
15.525,941.2651037986193,533.3421620251639,3.2533379208968474,1,0,5,0
15.533333333333333,941.7840526267621,533.0585899845059,3.240378923520325,1,0,5,0
15.541666666666666,941.4637127320418,532.6540260672605,3.2667135393841673,1,0,5,0
15.55,941.8957376050887,532.4351826479037,3.198804283686655,1,0,5,0
15.558333333333334,942.1745865003136,533.4761322712978,3.2431181516003083,1,0,5,0
15.566666666666666,941.9185794004993,534.0866910995069,3.273237995126793,1,0,5,0
15.575,941.4021872819824,534.4750274625932,3.268564881617119,1,0,5,0
15.583333333333334,940.9844801205165,534.4736600294231,3.272616377672071,1,0,5,0
15.591666666666667,940.6876478704689,533.4553349160736,3.2634351386416656,1,0,5,0
15.6,940.0088346902222,533.5570640095056,3.2814834787250096,1,0,5,0
15.608333333333333,940.0437355645346,534.0900882326944,3.239969067391768,1,0,5,0
15.616666666666667,940.2803253393308,534.6710247168493,3.2426917856467274,1,0,5,0
15.625,940.2077000389752,534.6301412018423,3.2496467498053794,1,0,5,0
15.633333333333333,940.6840652473495,534.048795891948,3.27121723404628,1,0,5,0
15.641666666666667,941.2417522734366,534.4065678859602,3.2593908531340925,1,0,5,0
15.65,942.4990890362211,534.8092365118886,3.2832968378606178,1,0,5,0
15.658333333333333,942.6544256255384,534.9294991270286,3.3070688129217576,1,0,5,0
15.666666666666666,942.9064724067794,533.8378168187185,3.302346722317395,1,0,5,0
15.675,942.7020764858149,533.5453147014541,3.273844966061203,1,0,5,0
15.683333333333334,942.6588479527262,533.12278949995,3.232711375035307,1,0,5,0
15.691666666666666,942.7513225494664,532.8300447886014,3.233885692806542,1,0,5,0
15.7,942.8388129158774,533.1467726987423,3.270130025477841,1,0,5,0
15.708333333333334,942.4960201729856,533.328432429214,3.271240813300626,1,0,5,0
15.716666666666667,942.8629641897613,533.4915153466069,3.278170754465478,1,0,5,0
15.725,943.1888928829769,533.2136882521419,3.2703626096211247,1,0,5,0
15.733333333333333,942.7658184748901,533.4133141984848,3.279675408938194,1,0,5,0
15.741666666666667,941.9389849148289,533.7699021414124,3.2653627172711404,1,0,5,0
15.75,941.8507228159931,533.4634331294945,3.2886072210499373,1,0,5,0
15.758333333333333,941.6778666821257,532.4053521683851,3.3199768781936547,1,0,5,0
15.766666666666667,942.4919646044126,532.2777207745665,3.277284641792579,1,0,5,0
15.775,942.5050901311995,531.5621658978902,3.2724165945235826,1,0,5,0
15.783333333333333,942.2826456765017,531.7227792388777,3.249211388746736,1,0,5,0
15.791666666666666,941.9554186543452,531.7829730296056,3.2418584054476196,1,0,5,0
15.8,942.361073376742,531.3928670722614,3.285703496250674,1,0,5,0
15.808333333333334,942.2759236302533,531.4287794019028,3.273793902737101,1,0,5,0
15.816666666666666,941.3270355303649,531.9062300125854,3.305657381009492,1,0,5,0
15.825,941.0816332472651,531.6306929079957,3.292207169915205,1,0,5,0
15.833333333333334,941.2142599689441,531.9172600338359,3.326415633073369,1,0,5,0
15.841666666666667,940.686994658672,532.5406581123933,3.2807357915857014,1,0,5,0
15.85,941.2953624749581,532.6419093835264,3.250668471665483,1,0,5,0
15.858333333333333,941.9171213615272,532.0713248122129,3.289873829268406,1,0,5,0
15.866666666666667,941.9127132239497,531.396502681819,3.280723933441353,1,0,5,0
15.875,940.2154911474305,531.6082168006598,3.2528222694580142,1,0,5,0
15.883333333333333,939.5953121112668,531.325745008146,3.3056429747249947,1,0,5,0
15.891666666666667,939.6159649652017,530.7290847030283,3.2803461958833675,1,0,5,0
15.9,939.1546376442418,530.5498277374876,3.2520642607184214,1,0,5,0
15.908333333333333,939.0719052290918,531.5333400858556,3.318590246769507,1,0,5,0
15.916666666666666,938.186813370928,531.6618697912713,3.324396140090798,1,0,5,0
15.925,936.9864403355872,531.1861624219928,3.2708655960036954,1,0,5,0
15.933333333333334,937.3457034290121,531.5803147762218,3.277170021004205,1,0,5,0
15.941666666666666,936.7720433837744,532.1257002913909,3.3499069287757877,1,0,5,0
15.95,937.0256336398676,532.2815219229484,3.3187985673930025,1,0,5,0
15.958333333333334,937.7872213461014,532.8384287893009,3.3098497752442095,1,0,5,0
15.966666666666667,937.4862982342047,532.3149819928592,3.308889770920249,1,0,5,0
15.975,937.3144101066653,532.5573458594185,3.286501043454574,1,0,5,0
15.983333333333333,937.5405634376392,532.4261456080089,3.277448898677925,1,0,5,0
15.991666666666667,937.5300019415683,532.3180442235832,3.3216657205314912,1,0,5,0
16.0,938.3133275671757,532.5105348244387,3.3020868299879984,1,0,5,0
16.008333333333333,939.4654432016779,532.5222109736613,3.2988869145223805,1,0,5,0
16.016666666666666,939.7281553189526,533.415996429996,3.2709244012209115,1,0,5,0
16.025,939.2244052154352,533.0738400765803,3.281974415200745,1,0,5,0
16.033333333333335,939.4029152822146,532.6852573776076,3.2894048206866686,1,0,5,0
16.041666666666668,939.3709329029488,533.0825215586757,3.282134539091921,1,0,5,0
16.05,939.9413713875518,533.3703696482161,3.333310962949796,1,0,5,0
16.058333333333334,939.5561433669674,533.4263743462208,3.2355772824833537,1,0,5,0
16.066666666666666,940.0175239058789,533.4509386677091,3.2657207143574336,1,0,5,0
16.075,939.9801345512503,534.1315120869513,3.300142950402369,1,0,5,0
16.083333333333332,939.4019958716128,533.9770273649468,3.3038076468499264,1,0,5,0
16.091666666666665,939.9500116626269,534.1888780862255,3.3183032618942883,1,0,5,0
16.1,940.2060364181197,533.4177585172587,3.2829661759609223,1,0,5,0
16.108333333333334,940.2139773224819,533.4809840836887,3.3019152484948844,1,0,5,0
16.116666666666667,940.3689998940501,533.930907813819,3.321802429057125,1,0,5,0
16.125,940.1930764076526,534.4317601338495,3.3229995073488148,1,0,5,0
16.133333333333333,941.0488718379039,534.4115783058821,3.3274647176037497,1,0,5,0
16.141666666666666,941.4670403586205,534.5952584992367,3.3104125751675753,1,0,5,0
16.15,941.4554125816121,534.5378190494204,3.2759566883373235,1,0,5,0
16.158333333333335,941.2730044040883,534.2189851128861,3.3304495913301544,1,0,5,0
16.166666666666668,942.1266541451987,533.4767709753855,3.2592197817786444,1,0,5,0
16.175,941.8333030104876,533.307603279239,3.2569919425617897,1,0,5,0
16.183333333333334,942.0762592048271,533.4067185451488,3.2866477701339845,1,0,5,0
16.191666666666666,942.0892333157237,534.2418888752741,3.300897613302484,1,0,5,0
16.2,942.4958879975819,535.4423878458779,3.3110528535323707,1,0,5,0
16.208333333333332,942.3235643183806,535.38642234016,3.2825118485615197,1,0,5,0
16.216666666666665,942.2364616225086,535.4843185226979,3.31372444069059,1,0,5,0
16.225,942.4374990473281,534.5518866446855,3.2955960016702766,1,0,5,0
16.233333333333334,942.1890503587688,534.1074831833511,3.3006459483394974,1,0,5,0
16.241666666666667,942.0665130323529,534.0399477178495,3.3321150688039625,1,0,5,0
16.25,941.936043940123,533.8212634795397,3.3348526972444525,1,0,5,0
16.258333333333333,942.5812876067946,533.9121891689617,3.305547587955676,1,0,5,0
16.266666666666666,839.1395178206063,697.7923550498014,3.29787088484063,1,0,5,0
16.275,838.9477139517867,698.2376038722496,3.300181177743192,1,0,5,0
16.283333333333335,942.2157572710175,535.1008879770783,3.297236626028008,1,0,5,0
16.291666666666668,951.8380673517388,518.4441963705493,3.294675370326039,1,0,5,0
16.3,952.377966654697,518.2693362410324,3.321558575714892,1,0,5,0
16.308333333333334,942.9293964050495,534.8953807428219,3.2975811349436372,1,0,5,0
16.316666666666666,942.9919827755422,534.2430829782417,3.291721033943191,1,0,5,0
16.325,943.1368181627741,534.2581983805172,3.2800100295208736,1,0,5,0
16.333333333333332,943.2981813535124,534.2515913735809,3.283122367173949,1,0,5,0
16.341666666666665,943.4784026566641,534.1028042503946,3.2743000811551886,1,0,5,0
16.35,944.6496513442994,534.1753273301114,3.319071905047152,1,0,5,0
16.358333333333334,945.2196332406288,534.3203431394908,3.3373460214968156,1,0,5,0
16.366666666666667,945.3919786802992,534.3375316833819,3.328869772183696,1,0,5,0
16.375,946.5929015947454,534.5046779202073,3.3145057495694488,1,0,5,0
16.383333333333333,946.9414760475037,534.6924152136419,3.2905075578091303,1,0,5,0
16.391666666666666,946.6494753809164,535.058463027157,3.3049246088285824,1,0,5,0
16.4,946.8545693744899,535.4331320828124,3.3032376863569533,1,0,5,0
16.408333333333335,946.7386493056559,534.4754778828856,3.270874880163778,1,0,5,0
16.416666666666668,947.0367736515565,534.4667401433409,3.2974380875573868,1,0,5,0
16.425,946.8837554222024,534.7475793964379,3.313314332819213,1,0,5,0
16.433333333333334,948.0259054432344,534.7546974664629,3.26067115847019,1,0,5,0
16.441666666666666,948.5389999909008,534.1531990033458,3.310537462111377,1,0,5,0
16.45,948.9798953988729,534.0942018136157,3.3220922255229777,1,0,5,0
16.458333333333332,948.9860222147676,534.340185040287,3.3079876255614242,1,0,5,0
16.466666666666665,948.6742453786835,534.9577626745498,3.3031365002065276,1,0,5,0
16.475,948.4116592351994,534.6739265779182,3.3286171610444146,1,0,5,0
16.483333333333334,947.5803346267124,533.7859364535893,3.315454378992586,1,0,5,0
16.491666666666667,948.2611858599032,533.811533309677,3.3317054336819085,1,0,5,0
16.5,948.6039943933,533.6344290145487,3.333637231295033,1,0,5,0
16.508333333333333,948.3327871483168,533.2788760001696,3.3096012551964105,1,0,5,0
16.516666666666666,948.4883892062094,533.2796162244188,3.2819351741899045,1,0,5,0
16.525,948.5910785205847,533.036387411794,3.333992348134239,1,0,5,0
16.533333333333335,948.7000909939155,533.000309825245,3.2844891086585473,1,0,5,0
16.541666666666668,948.0743423938488,533.0089977095538,3.3418845901894985,1,0,5,0
16.55,947.6566902285873,534.1491621994332,3.2809653872262032,1,0,5,0
16.558333333333334,947.0169108114632,533.9720198476572,3.3154266621702697,1,0,5,0
16.566666666666666,946.8312101153412,534.3423769496258,3.3140229170942717,1,0,5,0
16.575,946.3166408756247,534.430146906717,3.3206990536316536,1,0,5,0
16.583333333333332,946.68171655695,533.4696129256031,3.3069260164938634,1,0,5,0
16.591666666666665,946.0365094273823,533.6999838878385,3.3308259450960986,1,0,5,0
16.6,946.0842926863563,533.0862571945215,3.3382069381857487,1,0,5,0
16.608333333333334,946.0061947523506,533.7864493993047,3.31212201384591,1,0,5,0
16.616666666666667,945.4316192749612,533.2919401249941,3.3443931236145157,1,0,5,0
16.625,944.6717983706043,533.2670953714596,3.343140878211356,1,0,5,0
16.633333333333333,945.0143557143649,534.1162217344842,3.3333809549314,1,0,5,0
16.641666666666666,944.9203187230331,534.3135965228579,3.3442175281763475,1,0,5,0
16.65,944.4237395875342,533.7878673131993,3.3283334653627605,1,0,5,0
16.658333333333335,944.3175088621373,533.1887404263847,3.3079554518012504,1,0,5,0
16.666666666666668,944.1391102039005,533.4130945834428,3.3414385346748325,1,0,5,0
16.675,944.3910189180749,532.9484915341852,3.3387880086005617,1,0,5,0
16.683333333333334,944.2138895622655,533.5049385759138,3.330702358159225,1,0,5,0
16.691666666666666,944.2473299002952,533.3070844599467,3.3426191421702747,1,0,5,0
16.7,944.3011334525326,533.8147312355086,3.340471405458435,1,0,5,0
16.708333333333332,944.4479636803729,534.1253591978426,3.3793597041118173,1,0,5,0
16.716666666666665,944.5702710871651,535.2052755854808,3.3046248730079055,1,0,5,0
16.725,945.2233359517228,535.0495787103598,3.3166590509322864,1,0,5,0
16.733333333333334,945.4035437752996,535.0545150088484,3.3307170331515716,1,0,5,0
16.741666666666667,945.3612687806036,534.8931169776395,3.341243421376442,1,0,5,0
16.75,945.3442869573196,534.5054267536325,3.307392721161816,1,0,5,0
16.758333333333333,945.3353978930922,534.7655634744631,3.328363772232728,1,0,5,0
16.766666666666666,945.5388448067662,535.1406831472768,3.281710095079036,1,0,5,0
16.775,944.7508384462574,535.19494380198,3.305094168993064,1,0,5,0
16.783333333333335,944.6206799593198,534.4164123914285,3.2824818488224587,1,0,5,0
16.791666666666668,944.3564576500722,534.5137058134947,3.3326660842000253,1,0,5,0
16.8,944.1250779992845,535.0702243690324,3.328349208434884,1,0,5,0
16.808333333333334,944.2562034994513,534.8400609096694,3.278985852541735,1,0,5,0
16.816666666666666,944.8692578238115,534.4104051057378,3.2680476253289994,1,0,5,0
16.825,944.7809677327704,534.9303728102996,3.257572135889374,1,0,5,0
16.833333333333332,944.4550516706107,534.0700538171945,3.3296821796462392,1,0,5,0
16.841666666666665,944.3070062647699,533.853307581078,3.290589321841198,1,0,5,0
16.85,944.2645694248525,533.6190978980353,3.2740807532661296,1,0,5,0
16.858333333333334,943.0660894621707,533.9417933414798,3.2761943936109144,1,0,5,0
16.866666666666667,943.0728904980527,534.9823588999869,3.2741055959104552,1,0,5,0
16.875,942.9726338729413,535.7101089206012,3.2557603630173264,1,0,5,0
16.883333333333333,942.5313014892276,535.4946572829956,3.2583147793841696,1,0,5,0
16.891666666666666,944.1560771873193,535.2745728965127,3.31460812836158,1,0,5,0
16.9,943.816812006029,535.2523933845791,3.2745685139697174,1,0,5,0
16.908333333333335,943.3132064491906,536.0072439586222,3.2518684398876636,1,0,5,0
16.916666666666668,942.9539999697033,536.6916895383615,3.258356884002678,1,0,5,0
16.925,941.7473328525491,537.3553069837676,3.26931536460374,1,0,5,0
16.933333333333334,941.7440517483235,537.2640682178242,3.2491415844101788,1,0,5,0
16.941666666666666,941.1114623612875,537.293090997001,3.259064917902623,1,0,5,0
16.95,940.4560789473692,537.0714136522957,3.2589570005976394,1,0,5,0
16.958333333333332,940.7930030975926,537.3095445079538,3.2535116573171905,1,0,5,0
16.966666666666665,940.4006371946704,537.0835058458512,3.2470960720167517,1,0,5,0
16.975,939.4582965158421,535.8359704211389,3.2527520999519144,1,0,5,0
16.983333333333334,939.8209691251832,536.4125514328988,3.262576939047098,1,0,5,0
16.991666666666667,938.5316412615679,536.4856171380607,3.242936349559826,1,0,5,0
17.0,938.8103168695349,536.9141071826979,3.2383853243517695,1,0,5,0
17.008333333333333,938.8300586278842,537.6042627977571,3.272678475245002,1,0,5,0
17.016666666666666,937.9964623776962,537.9143994839857,3.273791232760196,1,0,5,0
17.025,937.7106031155237,537.6412197039439,3.258573097678935,1,0,5,0
17.033333333333335,937.5545724241123,538.1204658548563,3.247635448296707,1,0,5,0
17.041666666666668,937.9965839166093,538.6268350935951,3.2724129472725414,1,0,5,0
17.05,938.4505393740576,538.3329414839334,3.238748514921771,1,0,5,0
17.058333333333334,938.8155327504371,538.3542132906624,3.2354749725524847,1,0,5,0
17.066666666666666,938.9722719209263,538.3611899379255,3.2707802034896334,1,0,5,0
17.075,938.7744336378154,538.744177666277,3.248070313656281,1,0,5,0
17.083333333333332,939.3116535637362,538.5397649795838,3.22481268399609,1,0,5,0
17.091666666666665,939.1619039420663,538.9469490802579,3.256703706329587,1,0,5,0
17.1,939.1691638536831,538.5419404861104,3.2572603595576735,1,0,5,0
17.108333333333334,939.0544923037097,538.9963596752243,3.269811024071034,1,0,5,0
17.116666666666667,939.2144933209192,538.5203237943186,3.2577530936164294,1,0,5,0
17.125,939.8268420401579,538.0417957464796,3.2178766051403116,1,0,5,0
17.133333333333333,940.2567750318412,538.0399489331033,3.249418531140791,1,0,5,0
17.141666666666666,940.2819693790937,537.0694562830427,3.2485296248182967,1,0,5,0
17.15,940.3915975375887,536.784525692577,3.2402921788565755,1,0,5,0
17.158333333333335,939.9891862042144,537.3229143000742,3.2472406631289346,1,0,5,0
17.166666666666668,939.7107968965234,537.3883055548844,3.280372669618354,1,0,5,0
17.175,939.9094139340278,538.4266730712227,3.23520063090072,1,0,5,0
17.183333333333334,940.8153580477567,537.9431418265905,3.2507431523578445,1,0,5,0
17.191666666666666,940.790137935377,538.2700355064034,3.221448396525557,1,0,5,0
17.2,940.6372318393915,539.0801942093996,3.196750237194195,1,0,5,0
17.208333333333332,940.5364985227621,538.360007321738,3.2625130734715313,1,0,5,0
17.216666666666665,939.6229868141539,537.5628921767649,3.222398098332447,1,0,5,0
17.225,939.3378974208584,538.4914314504422,3.2589276417953434,1,0,5,0
17.233333333333334,939.5160266080252,538.48722891787,3.2315156278027053,1,0,5,0
17.241666666666667,939.2411377521635,539.3123757186682,3.2122946832645956,1,0,5,0
17.25,939.172683164555,540.2237805878926,3.250163611107893,1,0,5,0
17.258333333333333,939.8498144274856,539.9210974061734,3.256718443929933,1,0,5,0
17.266666666666666,939.5323740844134,540.4432466621477,3.2419868916267,1,0,5,0
17.275,939.2956075838391,540.2316338765824,3.2240812360695252,1,0,5,0
17.283333333333335,940.4229904735456,539.786427732371,3.214723664188621,1,0,5,0
17.291666666666668,940.675851537933,539.6683366503487,3.2171667639683785,1,0,5,0
17.3,940.7244800535661,539.6550559977059,3.2026085060409004,1,0,5,0
17.308333333333334,941.0133653950483,539.9343590630822,3.255305213923537,1,0,5,0
17.316666666666666,940.8411357641515,539.8023589229821,3.1830961281764827,1,0,5,0
17.325,941.6327010741737,539.4793075482987,3.2211499738577407,1,0,5,0
17.333333333333332,941.7727590056228,539.0488333017968,3.1865614740918065,1,0,5,0
17.341666666666665,941.9428504742917,538.6107440958177,3.2185630981177127,1,0,5,0
17.35,942.5384778483233,538.3826734562491,3.219154725691682,1,0,5,0
17.358333333333334,942.7508273558767,538.6580001780841,3.234017436565512,1,0,5,0
17.366666666666667,942.3991091237679,538.6589511828632,3.219965649580594,1,0,5,0
17.375,941.7479230632723,537.5512212593029,3.2343307218448376,1,0,5,0
17.383333333333333,941.8097785002423,538.0112707377743,3.2185026294978454,1,0,5,0
17.391666666666666,941.7563544672781,537.8198107199357,3.2222100842491823,1,0,5,0
17.4,941.8295176900615,538.26949247407,3.224857197010534,1,0,5,0
17.408333333333335,942.1926814358965,537.7291995716718,3.193782176896531,1,0,5,0
17.416666666666668,942.1880995527032,537.535458935402,3.1929008460130914,1,0,5,0
17.425,941.7989686352128,536.7111837396857,3.2084803643008435,1,0,5,0
17.433333333333334,942.1869034763745,536.8224471662122,3.20058461545055,1,0,5,0
17.441666666666666,942.5385031042522,536.878618333618,3.212474943771636,1,0,5,0
17.45,942.3033707703966,536.4857395520092,3.2286851542110884,1,0,5,0
17.458333333333332,941.8767000176069,536.4164108630645,3.2061609928439045,1,0,5,0
17.466666666666665,941.9723525013729,535.5082748763452,3.210822293955744,1,0,5,0
17.475,941.2396280935347,534.6402669021193,3.226333050923758,1,0,5,0
17.483333333333334,942.0350633112578,534.0990292924132,3.205767898212198,1,0,5,0
17.491666666666667,942.1906612115811,534.8773596474927,3.1775965913801425,1,0,5,0
17.5,941.5683782308573,535.0541751310028,3.1602617367755426,1,0,5,0
17.508333333333333,941.6665353871293,534.4698977333907,3.190534279856586,1,0,5,0
17.516666666666666,941.7198255168654,534.9755030399751,3.1800779343323824,1,0,5,0
17.525,942.2882951025457,534.3875571253966,3.2030735476475747,1,0,5,0
17.533333333333335,941.6401664234191,533.7910930157875,3.2048019982712215,1,0,5,0
17.541666666666668,940.9657381183811,534.3321206748712,3.171970980282415,1,0,5,0
17.55,940.1968648592061,534.2078716625788,3.200637146780722,1,0,5,0
17.558333333333334,940.0762449062418,533.7231745381168,3.1648017817252385,1,0,5,0
17.566666666666666,939.6880318531038,534.7100805618178,3.1896104409211956,1,0,5,0
17.575,939.6979585355824,533.8190032645895,3.183427001246447,1,0,5,0
17.583333333333332,938.9128496708422,532.6429660314278,3.213076523712652,1,0,5,0
17.591666666666665,939.9265006138606,532.323522904062,3.1561887881097723,1,0,5,0
17.6,940.2328738819215,532.7431430519035,3.2047582482844987,1,0,5,0
17.608333333333334,939.753630146822,532.9485762781786,3.185497981229547,1,0,5,0
17.616666666666667,940.4038110086881,532.9356254001663,3.1969873716942314,1,0,5,0
17.625,940.3531161313738,533.028865235429,3.2067154301850964,1,0,5,0
17.633333333333333,940.956293354741,533.5732955184391,3.2125963823976154,1,0,5,0
17.641666666666666,939.704561598455,533.6674573930608,3.1882846857810674,1,0,5,0
17.65,940.3701766161287,533.3906293001371,3.1662546603141983,1,0,5,0
17.658333333333335,940.8650628988207,534.3365626508878,3.16990255233367,1,0,5,0
17.666666666666668,942.1045491503139,534.6159484031002,3.1378081417943933,1,0,5,0
17.675,942.9692550730829,535.6077254698561,3.1834107295332204,1,0,5,0
17.683333333333334,942.8126456053994,536.0954034291651,3.138796366711963,1,0,5,0
17.691666666666666,942.4824295708079,535.5704322357283,3.1879883262619138,1,0,5,0
17.7,942.9601726809047,535.4541602413115,3.1495618695147716,1,0,5,0
17.708333333333332,942.8476922691625,535.6954739199919,3.175774805511817,1,0,5,0
17.716666666666665,942.556038679511,534.8984601772123,3.2055993721263283,1,0,5,0
17.725,942.6446973041392,535.1980041295814,3.180261437838069,1,0,5,0
17.733333333333334,942.1337823229967,535.2449825566777,3.1874979041420035,1,0,5,0
17.741666666666667,942.4052361765913,535.5866189533185,3.155201341122478,1,0,5,0
17.75,942.4879756869698,536.504525663491,3.1630609731816772,1,0,5,0
17.758333333333333,942.1824664084737,536.1460423154595,3.1621041606285125,1,0,5,0
17.766666666666666,942.1517561999553,535.688379768416,3.2031435299763467,1,0,5,0
17.775,941.9522454792847,535.3895234612935,3.1881276942762806,1,0,5,0
17.783333333333335,941.4668319600016,535.1780018207877,3.186718466820165,1,0,5,0
17.791666666666668,941.6041901505503,535.4089630035793,3.150708380551103,1,0,5,0
17.8,941.0690427854084,535.4931325452308,3.137657533722636,1,0,5,0
17.808333333333334,940.2283692195444,536.2070939852455,3.1748264663929278,1,0,5,0
17.816666666666666,940.0046878499112,535.4687214767317,3.1542150819012225,1,0,5,0
17.825,939.4707711757728,536.4046564044716,3.1990593947544905,1,0,5,0
17.833333333333332,940.3002082703742,535.6268289006774,3.1773624217054657,1,0,5,0
17.841666666666665,940.3326211550271,536.4612599963008,3.1089731061776296,1,0,5,0
17.85,940.1851941211455,536.5941825273247,3.1364171875621416,1,0,5,0
17.858333333333334,940.3014157691856,536.8157303966285,3.1307136325821925,1,0,5,0
17.866666666666667,940.1243154109696,536.5122181017767,3.1286944991411456,1,0,5,0
17.875,940.3641033595544,535.6862984250732,3.144458858291937,1,0,5,0
17.883333333333333,940.5365230871612,535.2217233520562,3.118545442350579,1,0,5,0
17.891666666666666,940.6182410506259,536.3959158684901,3.088578571742021,1,0,5,0
17.9,940.9446295169663,536.2820761720573,3.1752369904591466,1,0,5,0
17.908333333333335,940.8011846839009,535.916463319515,3.144602214552354,1,0,5,0
17.916666666666668,939.9612959732235,534.7014362088952,3.1541666845434895,1,0,5,0
17.925,940.7045868739233,534.107804137903,3.1319957495131625,1,0,5,0
17.933333333333334,940.0085215748561,534.5578030557148,3.148659796867721,1,0,5,0
17.941666666666666,941.34882531884,534.9657232353082,3.156445982702394,1,0,5,0
17.95,942.3357412252269,534.4780940468557,3.132220095206537,1,0,5,0
17.958333333333332,940.9630076535994,534.5987422677193,3.126293666596275,1,0,5,0
17.966666666666665,940.4754033678136,534.1538653173895,3.179679823203517,1,0,5,0
17.975,940.3560131353953,534.7555140584973,3.1120830825687413,1,0,5,0
17.983333333333334,938.8953831106718,534.5101390362793,3.1326477075093875,1,0,5,0
17.991666666666667,939.2680684600771,534.2057168982825,3.1615511257054476,1,0,5,0
18.0,939.4713239547642,534.6273069176901,3.152891403074223,1,0,5,0
18.008333333333333,939.3139779440834,533.9676976543619,3.1678737286586816,1,0,5,0
18.016666666666666,938.5830880035455,533.9946819579504,3.143040188892699,1,0,5,0
18.025,938.4831117658581,534.5780214275563,3.1472478292042534,1,0,5,0
18.033333333333335,939.2523479112183,535.6045268352174,3.163513677354604,1,0,5,0
18.041666666666668,940.2435388443465,535.1398897571124,3.1305386157183688,1,0,5,0
18.05,940.1302625203913,535.4190778462603,3.131112877127982,1,0,5,0
18.058333333333334,940.2655925205044,535.0000626139836,3.177213660069465,1,0,5,0
18.066666666666666,940.4066172004691,534.421792480678,3.1496771632603866,1,0,5,0
18.075,939.6294928249177,534.7825054289261,3.109828220771995,1,0,5,0
18.083333333333332,938.5654480052469,535.5104167796306,3.149036305322736,1,0,5,0
18.091666666666665,939.1950532995388,536.2066010257173,3.116622574324134,1,0,5,0
18.1,938.8432758798033,535.8543472721667,3.1674206728609327,1,0,5,0
18.108333333333334,939.2917152838575,535.9489684891905,3.14604307133599,1,0,5,0
18.116666666666667,939.9900990147615,536.3939687315602,3.1344503994110067,1,0,5,0
18.125,940.0654774367208,536.3164710878982,3.125746704580111,1,0,5,0
18.133333333333333,940.0630489442542,534.6143490419485,3.1290193974529745,1,0,5,0
18.141666666666666,940.0319710322551,534.5734796724095,3.1302419210383197,1,0,5,0
18.15,940.7221112552011,535.521866148779,3.106812608016525,1,0,5,0
18.158333333333335,940.4733770726965,535.79814704141,3.10239236064859,1,0,5,0
18.166666666666668,941.2735815632523,535.0282870263543,3.115416846046609,1,0,5,0
18.175,941.5036020043855,535.0150294519791,3.1289609651617325,1,0,5,0
18.183333333333334,941.40861857759,535.1634993079467,3.104394694808297,1,0,5,0
18.191666666666666,941.4507850491253,534.6884846688213,3.0716874313699933,1,0,5,0
18.2,941.3932519512961,534.6558613485265,3.144244031563467,1,0,5,0
18.208333333333332,941.2221754688638,535.3140771667485,3.097902283473056,1,0,5,0
18.216666666666665,940.1462596161529,535.5653261123164,3.131835158267938,1,0,5,0
18.225,939.8394480650611,535.7952121367823,3.1298611840811073,1,0,5,0
18.233333333333334,940.1694332002003,536.8228011095581,3.093394589017516,1,0,5,0
18.241666666666667,940.165040383163,536.902486549218,3.0867406200372005,1,0,5,0
18.25,940.5319561461952,536.3418858454457,3.0941469769073957,1,0,5,0
18.258333333333333,941.2172121455844,535.882635118143,3.1346114643357326,1,0,5,0
18.266666666666666,940.801534606821,535.5571286420645,3.128210632923631,1,0,5,0
18.275,940.2451007894805,535.2508227934893,3.1363696891412216,1,0,5,0
18.283333333333335,940.4738528665832,536.0185568421568,3.106037966878663,1,0,5,0
18.291666666666668,940.9141128205104,535.7060875555719,3.1086127616020636,1,0,5,0
18.3,941.1231818033388,535.591613853094,3.1424712595128437,1,0,5,0
18.308333333333334,940.9066471826995,535.4239844719901,3.109904613056886,1,0,5,0
18.316666666666666,940.6602671194687,535.6670111046905,3.146560947251133,1,0,5,0
18.325,941.0064711228471,536.5157504696326,3.0947279183484357,1,0,5,0
18.333333333333332,941.7844313876728,536.4013299619568,3.1186518670223444,1,0,5,0
18.341666666666665,942.8476699598973,536.1578888465893,3.100200323094312,1,0,5,0
18.35,942.3586012671445,536.0386791216929,3.1074066544870824,1,0,5,0
18.358333333333334,941.6404200844711,536.299559329898,3.1186421790682997,1,0,5,0
18.366666666666667,940.4111708767268,537.5336872832853,3.1152680890879996,1,0,5,0
18.375,940.7920808497602,538.0878232134287,3.102576727580444,1,0,5,0
18.383333333333333,940.4967648898191,538.0624648999362,3.1125742991962437,1,0,5,0
18.391666666666666,939.3577759332366,537.7733857640949,3.11991858620348,1,0,5,0
18.4,938.9068535653536,537.5349792729439,3.1035715870749803,1,0,5,0
18.408333333333335,939.4407578854722,537.218832414213,3.1118221234032415,1,0,5,0
18.416666666666668,939.3924923745752,537.727654667749,3.115438883653151,1,0,5,0
18.425,939.3987094524336,537.572769033535,3.0884777038326057,1,0,5,0
18.433333333333334,939.8338448706238,537.9705386029125,3.0969247379529126,1,0,5,0
18.441666666666666,939.1201357091398,538.1312240212279,3.1347112613328143,1,0,5,0
18.45,938.9016336276903,538.1262707657028,3.114776915427233,1,0,5,0
18.458333333333332,938.4584507350442,537.7119751313306,3.0768937678452137,1,0,5,0
18.466666666666665,938.2554110345836,537.321749551381,3.1031312311227404,1,0,5,0
18.475,673.5610894858956,96.18647995633421,3.1078405949596184,1,0,5,0
18.483333333333334,673.538140090831,95.51300260538721,3.0828806028864357,1,0,5,0
18.491666666666667,939.757875543639,537.9487549498062,3.126394404914747,1,0,5,0
18.5,940.4482852956972,537.7710870361923,3.1106512847466785,1,0,5,0
18.508333333333333,939.5450059662049,538.1564245541417,3.109858891573165,1,0,5,0
18.516666666666666,939.7535115701027,538.9169461629085,3.133789899786272,1,0,5,0
18.525,940.529892302278,539.0543414809073,3.0568491119817116,1,0,5,0
18.533333333333335,940.8857869296204,540.276898979206,3.1215119965587004,1,0,5,0
18.541666666666668,940.9731220106332,540.7415540819063,3.1107179499924382,1,0,5,0
18.55,940.6260555585087,541.7848122518315,3.1185352377879547,1,0,5,0
18.558333333333334,940.0199220902473,541.6700770925861,3.1033361188109128,1,0,5,0
18.566666666666666,939.983602669291,540.6993037325096,3.115547241235463,1,0,5,0
18.575,940.021995658493,541.5166405927246,3.069184043677495,1,0,5,0
18.583333333333332,940.6334061634553,541.3859944885802,3.1238488201369314,1,0,5,0
18.591666666666665,940.9575872545719,541.6381420271903,3.095334827711418,1,0,5,0
18.6,940.5138480842338,541.5562397052033,3.115359729224575,1,0,5,0
18.608333333333334,941.1542026615689,541.5236583446915,3.0431558357290758,1,0,5,0
18.616666666666667,940.9278435551414,541.1865656918901,3.13290901968233,1,0,5,0
18.625,941.6519212682458,540.9732303459358,3.0748189007474536,1,0,5,0
18.633333333333333,941.7521576028164,540.3920785310328,3.141423415650364,1,0,5,0
18.641666666666666,941.8395926088648,540.6266639097167,3.0875299476778926,1,0,5,0
18.65,941.6325585964115,541.627587978444,3.1170439267435053,1,0,5,0
18.658333333333335,941.8637729795885,541.3723385719316,3.0875305530360495,1,0,5,0
18.666666666666668,942.2744892621793,541.367273467634,3.0776048032492,1,0,5,0
18.675,942.1080387671415,540.6121603108091,3.113520186918285,1,0,5,0
18.683333333333334,942.5454380136814,540.3573352369434,3.1286001147071087,1,0,5,0
18.691666666666666,941.6359189025028,541.119047212996,3.0965452296488527,1,0,5,0
18.7,941.0279539552549,540.56224973255,3.0765193777300612,1,0,5,0
18.708333333333332,940.6572133395657,540.4459590228073,3.0958022612484672,1,0,5,0
18.716666666666665,941.1598587564781,541.2855104401989,3.1079850595214924,1,0,5,0
18.725,940.5452057490354,540.7837555679251,3.093715025099963,1,0,5,0
18.733333333333334,940.4116338543568,540.6234639472383,3.0718941835636087,1,0,5,0
18.741666666666667,940.0395056338114,540.3539991427853,3.078459434259812,1,0,5,0
18.75,939.2906549230885,539.6949656690289,3.115020294782071,1,0,5,0
18.758333333333333,938.9701151234816,539.741925356037,3.1031620417557986,1,0,5,0
18.766666666666666,938.746857609047,539.5919788824748,3.117583035824592,1,0,5,0
18.775,938.7577596960231,539.6993353740154,3.0677428702274976,1,0,5,0
18.783333333333335,939.3926524544895,539.3313302588525,3.119153251889216,1,0,5,0
18.791666666666668,939.7765559699869,539.3483549026608,3.08838474842347,1,0,5,0
18.8,939.894797693461,539.6918848365323,3.0921231576949224,1,0,5,0
18.808333333333334,938.9546497663042,539.2571891320041,3.0862794528173727,1,0,5,0
18.816666666666666,939.344313198141,539.8019177698889,3.0909859637108332,1,0,5,0
18.825,938.7877016506163,539.6231822175807,3.10019800787079,1,0,5,0
18.833333333333332,938.1035720250685,539.2181948983467,3.079596741068265,1,0,5,0
18.841666666666665,938.2969700174805,539.0154554788785,3.0889648705512034,1,0,5,0
18.85,939.1016173782393,538.6327585628832,3.1259245964382663,1,0,5,0
18.858333333333334,939.3232214926569,538.3408788493626,3.1112645184412666,1,0,5,0
18.866666666666667,938.7740989671768,538.1205334175738,3.1229018787369824,1,0,5,0
18.875,939.272693078125,538.4152525060811,3.116935154223074,1,0,5,0
18.883333333333333,939.1426021888512,539.0315648738775,3.099636989293971,1,0,5,0
18.891666666666666,938.5643790410547,538.4689265216412,3.0956633757476664,1,0,5,0
18.9,938.6463144995547,538.7940420175236,3.1229634068336507,1,0,5,0
18.908333333333335,938.3651447082354,539.2350403598042,3.0782475268751064,1,0,5,0
18.916666666666668,937.8346083363649,539.0893891059434,3.091571065819479,1,0,5,0
18.925,937.6169530760748,539.2885898991613,3.0793404963079025,1,0,5,0
18.933333333333334,939.076268402126,538.9646873481065,3.104806470589478,1,0,5,0
18.941666666666666,939.2134226459918,538.9431562372931,3.1089619767806553,1,0,5,0
18.95,938.3611961168685,538.3249169904866,3.1343429922162516,1,0,5,0
18.958333333333332,938.3586167059557,537.9348600501233,3.096611089565013,1,0,5,0
18.966666666666665,938.7293323813755,538.3468134342589,3.107272649775568,1,0,5,0
18.975,938.2290725533221,537.6919164118707,3.1269975109028207,1,0,5,0
18.983333333333334,938.354964019075,536.7904841063286,3.105413871303939,1,0,5,0
18.991666666666667,938.5573552572471,536.5348055961618,3.1588765265499017,1,0,5,0
19.0,938.5479574819549,536.9078761212618,3.125061814705455,1,0,5,0
19.008333333333333,938.1319591127022,536.1017830966339,3.119274806182427,1,0,5,0
19.016666666666666,938.153220319745,535.7099049898297,3.0719466123449664,1,0,5,0
19.025,1056.5613128035116,717.2212027904923,3.1249958225191325,1,0,5,0
19.033333333333335,1056.524464650807,717.378866985882,3.0949822181444335,1,0,5,0
19.041666666666668,938.1844998043679,536.2202697944618,3.0884355361114437,1,0,5,0
19.05,937.8397696429815,536.3741499556586,3.0610824585572916,1,0,5,0
19.058333333333334,937.2050979670734,535.8529483407899,3.109449517213864,1,0,5,0
19.066666666666666,937.3901162974739,535.957259466165,3.1040443410714484,1,0,5,0
19.075,936.8148671281253,536.4051234189553,3.0716072498613483,1,0,5,0
19.083333333333332,936.7598090162053,536.2089907415857,3.1155484819285344,1,0,5,0
19.091666666666665,936.6587270293322,535.9236467464192,3.102576700879763,1,0,5,0
19.1,937.6937264810657,536.3157681151945,3.154745439458221,1,0,5,0
19.108333333333334,937.0802585727135,537.0464385015978,3.067731953778235,1,0,5,0
19.116666666666667,936.5268527215834,536.6373120596309,3.0866474740038905,1,0,5,0
19.125,935.7103391718852,536.5108195298143,3.122549286103423,1,0,5,0
19.133333333333333,936.1005506994236,536.5497367131135,3.117991796534317,1,0,5,0
19.141666666666666,936.1642604007237,536.0283620672566,3.088203062777248,1,0,5,0
19.15,936.1219683446659,535.9170210591079,3.0801194148839652,1,0,5,0
19.158333333333335,935.3625676032003,535.684836054526,3.104133292774363,1,0,5,0
19.166666666666668,936.1878197433219,535.4155295102955,3.134875602176268,1,0,5,0
19.175,936.3573542583331,534.824140725329,3.09900261894364,1,0,5,0
19.183333333333334,936.0470715857273,534.5013995792264,3.100478879567519,1,0,5,0
19.191666666666666,934.9221282520247,534.5963140053848,3.1164533320752343,1,0,5,0
19.2,935.0192022802133,535.2057056162914,3.12241126775381,1,0,5,0
19.208333333333332,934.5530132200038,535.3640112629,3.1322262379956314,1,0,5,0
19.216666666666665,934.7290555607002,535.9434813625842,3.124038211061688,1,0,5,0
19.225,935.5415129392622,536.3605413770591,3.1325673007855204,1,0,5,0
19.233333333333334,935.1984435666981,536.3314583932415,3.1340901487030464,1,0,5,0
19.241666666666667,934.4952225810802,536.2854326416874,3.125072247394778,1,0,5,0
19.25,934.7746880791168,536.2754120551903,3.1060297176147054,1,0,5,0
19.258333333333333,935.2781886843563,536.0088614919208,3.101305188419365,1,0,5,0
19.266666666666666,935.0822370544438,536.6943728738956,3.1665242956445363,1,0,5,0
19.275,935.200238283384,536.8391267991719,3.1489873800108503,1,0,5,0
19.283333333333335,935.6442556108265,535.86691039008,3.1182516618795617,1,0,5,0
19.291666666666668,935.2732136531322,536.4966900946764,3.13093513497138,1,0,5,0
19.3,935.4336972112416,536.9817449245896,3.1612625442295217,1,0,5,0
19.308333333333334,934.1789929630555,537.3106535892489,3.1064962584107083,1,0,5,0
19.316666666666666,933.953045534172,536.7324665548424,3.0947946728424025,1,0,5,0
19.325,934.475179186392,536.9096825473201,3.084347521246142,1,0,5,0
19.333333333333332,933.4766908718042,537.8193351781587,3.1229989238777405,1,0,5,0
19.341666666666665,933.2545335048416,537.8541887112935,3.122447685655542,1,0,5,0
19.35,919.4452998663405,883.6688502494871,3.102304560751255,1,0,5,0
19.358333333333334,920.4033181691428,883.1525170640723,3.087027831719814,1,0,5,0
19.366666666666667,934.9825506370678,537.2698254088017,3.1274514734714454,1,0,5,0
19.375,934.6588379908949,538.1705391318443,3.172079226911776,1,0,5,0
19.383333333333333,934.5199841293294,537.9814184291423,3.1766696276360618,1,0,5,0
19.391666666666666,934.4838143008598,538.2059794006169,3.1154365859875495,1,0,5,0
19.4,934.3168806345958,538.0132849527048,3.147680973823734,1,0,5,0
19.408333333333335,933.8617887519708,537.5918707645658,3.1430549343154794,1,0,5,0
19.416666666666668,934.4087821242582,538.0532179703735,3.1193832892763584,1,0,5,0
19.425,933.8243841053965,537.1356222889686,3.127507464629058,1,0,5,0
19.433333333333334,933.2821714785871,537.4763383691359,3.109102265458984,1,0,5,0
19.441666666666666,934.2365066273182,538.0083019464928,3.1590332131392094,1,0,5,0
19.45,934.2095365557582,537.4852342668472,3.1010467715371246,1,0,5,0
19.458333333333332,934.6763476528745,537.6918540081558,3.1343689422735457,1,0,5,0
19.466666666666665,935.1324150510972,538.380585677518,3.1687490881994087,1,0,5,0
19.475,935.0269639196069,537.600347105545,3.1308163275956513,1,0,5,0
19.483333333333334,934.9263235725925,538.4959076267842,3.1514193177784153,1,0,5,0
19.491666666666667,934.3196268494632,538.9227840304137,3.134391876350118,1,0,5,0
19.5,934.6988776896434,538.7435193774862,3.1573927621894584,1,0,5,0
19.508333333333333,935.1599956291484,539.210232186704,3.1472641402398387,1,0,5,0
19.516666666666666,934.7073621601573,539.3664010572973,3.136394651926245,1,0,5,0
19.525,934.5870370897402,539.7592448489776,3.1626190994229804,1,0,5,0
19.533333333333335,934.3020017848852,539.4269770687589,3.139364706124569,1,0,5,0
19.541666666666668,934.6660990816192,539.7865797723227,3.13636893205904,1,0,5,0
19.55,934.6017432545736,539.3733204437533,3.138897268860846,1,0,5,0
19.558333333333334,934.3298660133945,539.6957414758816,3.179611590413764,1,0,5,0
19.566666666666666,934.9651217890616,539.7040054534577,3.1043742840179465,1,0,5,0
19.575,934.4485443893298,540.165434256114,3.153267386911174,1,0,5,0
19.583333333333332,935.0341478085547,539.5456684913318,3.151743900977994,1,0,5,0
19.591666666666665,935.4208787985733,539.486107088209,3.160850095590922,1,0,5,0
19.6,935.2048492676306,538.9771165429079,3.1075974130202093,1,0,5,0
19.608333333333334,935.3821389078893,538.9743096764029,3.1413485543224753,1,0,5,0
19.616666666666667,935.6202404062643,538.993811589156,3.1184108723241923,1,0,5,0
19.625,935.3139673004584,539.4909254581047,3.170774237675035,1,0,5,0
19.633333333333333,934.8357588855089,539.122232414376,3.1523761947976867,1,0,5,0
19.641666666666666,934.6902858694317,539.4129868461973,3.1159038885378223,1,0,5,0
19.65,934.6492973959414,539.7014692953322,3.149681848771952,1,0,5,0
19.658333333333335,934.9701141048527,539.6917244836446,3.184382306046505,1,0,5,0
19.666666666666668,935.5026551573417,539.1245191266923,3.1547575018483833,1,0,5,0
19.675,935.2906455305896,538.3394178846041,3.1305436668232605,1,0,5,0
19.683333333333334,935.5011382839471,538.8613839724677,3.1573903324186787,1,0,5,0
19.691666666666666,935.0620787828228,539.3504527468341,3.142579206578811,1,0,5,0
19.7,934.6435048138962,539.7719310713875,3.130193688326223,1,0,5,0
19.708333333333332,935.4304392963277,540.3527270302095,3.1743993730596864,1,0,5,0
19.716666666666665,935.0522435251874,540.2217115499436,3.1813591524366434,1,0,5,0
19.725,934.7414470581272,540.075210028659,3.1921555500345606,1,0,5,0
19.733333333333334,934.6526216970593,540.0444485843212,3.163001713372014,1,0,5,0
19.741666666666667,934.986188265607,540.3611071371596,3.201774277518328,1,0,5,0
19.75,935.0839732490523,540.3188711611978,3.155278011553249,1,0,5,0
19.758333333333333,934.943695777494,539.4115261428207,3.147316924781804,1,0,5,0
19.766666666666666,935.49339030109,539.8195001807114,3.163644588776495,1,0,5,0
19.775,935.1238615098246,539.3279822984185,3.1587514207175125,1,0,5,0
19.783333333333335,935.5009085235021,540.0163091994001,3.1665482074498676,1,0,5,0
19.791666666666668,934.8757166806186,539.6168569494243,3.183356387442447,1,0,5,0
19.8,935.2689337806178,539.2180634710244,3.1623826039872496,1,0,5,0
19.808333333333334,936.2990386280571,539.477638613503,3.170135264784752,1,0,5,0
19.816666666666666,935.5020335300294,539.9516869336044,3.180880147374028,1,0,5,0
19.825,936.0850780891657,540.2881134871903,3.1876881424690335,1,0,5,0
19.833333333333332,935.7767299999255,540.4599443249821,3.1919631690987624,1,0,5,0
19.841666666666665,935.3116087522983,540.2067321296593,3.195369055029514,1,0,5,0
19.85,935.2045992458599,541.4102402588176,3.1669656456810737,1,0,5,0
19.858333333333334,934.757922217122,541.6269912528018,3.1810334724327287,1,0,5,0
19.866666666666667,934.8942192143797,542.064443824958,3.163719221162617,1,0,5,0
19.875,935.1548712788706,542.0792985093418,3.211859174194511,1,0,5,0
19.883333333333333,935.4062877512752,542.2608232649769,3.162751823395292,1,0,5,0
19.891666666666666,935.4161929618358,542.0979632784298,3.163377268899891,1,0,5,0
19.9,935.3106724184152,542.6947043863873,3.1993681939330623,1,0,5,0
19.908333333333335,935.4367823115296,542.965614792671,3.2070961845694956,1,0,5,0
19.916666666666668,934.8408760358411,543.3864725036607,3.196578097163756,1,0,5,0
19.925,935.2398506136645,543.7528212820422,3.220962148452615,1,0,5,0
19.933333333333334,935.5315517455002,544.4069384562105,3.203808857247081,1,0,5,0
19.941666666666666,935.0749083896225,544.7263782529873,3.158740099112697,1,0,5,0
19.95,936.3010518151268,545.0003164886507,3.1746702742500643,1,0,5,0
19.958333333333332,935.9898631234524,544.8649042961196,3.153675420902811,1,0,5,0
19.966666666666665,936.0049849044069,545.2801215122415,3.178364505005202,1,0,5,0
19.975,936.3869285298545,545.0205403592416,3.1752781693930787,1,0,5,0
19.983333333333334,936.5764730540952,545.3848058034279,3.182104005383041,1,0,5,0
19.991666666666667,936.0061630345675,545.904254689367,3.209124116317253,1,0,5,0
20.0,936.1570390295678,546.029953947918,3.213395216481389,1,0,5,0
20.008333333333333,935.6342671690461,546.60167218936,3.2142815832292664,1,0,5,0
20.016666666666666,935.357488365363,546.3446572049301,3.192366232445399,1,0,5,0
20.025,935.0642498277214,546.1681409586788,3.2353391638728093,1,0,5,0
20.033333333333335,935.0079231324734,546.4790226027126,3.210378276919653,1,0,5,0
20.041666666666668,935.0134613245777,545.6945475680902,3.2166886675886412,1,0,5,0
20.05,934.3303541266005,545.471310353813,3.2082665015400504,1,0,5,0
20.058333333333334,935.3179784289856,545.1305905955342,3.20081632093035,1,0,5,0
20.066666666666666,935.7650825823158,544.7300663562245,3.1703656955992567,1,0,5,0
20.075,936.3388076574884,545.5389641387354,3.199643557558294,1,0,5,0
20.083333333333332,936.5229021407475,545.9623040952918,3.218721477299498,1,0,5,0
20.091666666666665,936.7419000541697,545.3758900554857,3.2524183314160906,1,0,5,0
20.1,936.7809590939264,545.8407865828264,3.2134857801858394,1,0,5,0
20.108333333333334,937.9485643736818,546.2497393004273,3.2056558380792115,1,0,5,0
20.116666666666667,938.011354081305,546.0091011877932,3.1778409528827822,1,0,5,0
20.125,937.8143814373979,546.091481786646,3.2418958687699835,1,0,5,0
20.133333333333333,938.2253644916292,545.9294445633319,3.183869575139185,1,0,5,0
20.141666666666666,938.5779982212505,545.9841522730261,3.162812065478102,1,0,5,0
20.15,938.3900403213984,546.6616080432896,3.199659219070781,1,0,5,0
20.158333333333335,938.8306491943305,545.8108257308712,3.2044528356460504,1,0,5,0
20.166666666666668,938.8469135446173,545.4534128181542,3.23243448225503,1,0,5,0
20.175,939.1737043834697,544.5078525169147,3.2153187847627076,1,0,5,0
20.183333333333334,938.6064642111917,544.4866202843472,3.2204504439553125,1,0,5,0
20.191666666666666,938.0928594219004,544.9472056712324,3.2059280023284793,1,0,5,0
20.2,938.1370054887253,544.6457652771724,3.2125065559388717,1,0,5,0
20.208333333333332,938.1098857714217,545.2528364462,3.2287135445255055,1,0,5,0
20.216666666666665,938.1802393049063,545.2338496974661,3.2395953751548268,1,0,5,0
20.225,938.5261652096856,544.9202123605759,3.1852328844065023,1,0,5,0
20.233333333333334,938.7715146004937,544.9889194553197,3.216133864107017,1,0,5,0
20.241666666666667,939.1477634912709,545.1164168546109,3.239065687429125,1,0,5,0
20.25,938.3339101366422,544.6754094134385,3.253072332622163,1,0,5,0
20.258333333333333,937.6339484792762,545.0239973335475,3.2710821074913285,1,0,5,0
20.266666666666666,937.733294805285,544.8027875243979,3.2225535928710305,1,0,5,0
20.275,937.5463752376439,544.4921400473565,3.2768389958675557,1,0,5,0
20.283333333333335,937.0770292335783,544.7695508179353,3.225921486698065,1,0,5,0
20.291666666666668,936.7946155340392,544.4249243649151,3.2520644414819713,1,0,5,0
20.3,937.4260760682341,545.1112092546666,3.271542908556915,1,0,5,0
20.308333333333334,936.9868119848348,545.0552409716285,3.2363195992885805,1,0,5,0
20.316666666666666,937.1424840162556,545.1531196034512,3.252662509334373,1,0,5,0
20.325,936.6061712975988,544.792072805136,3.2091720180901926,1,0,5,0
20.333333333333332,936.2794568675272,544.5048889403403,3.215505175533484,1,0,5,0
20.341666666666665,935.8610015375608,545.0177720639123,3.246253628849734,1,0,5,0
20.35,934.9553793464263,545.1782942044298,3.2273678856636066,1,0,5,0
20.358333333333334,934.9006940092911,545.6095282396592,3.2280597704520617,1,0,5,0
20.366666666666667,934.1969569938842,545.9451821053113,3.2554010973205623,1,0,5,0
20.375,933.4253360283474,545.7047719375827,3.2601127083665618,1,0,5,0
20.383333333333333,934.1180285675678,545.8680519234507,3.244923992571255,1,0,5,0
20.391666666666666,934.1556031558937,545.1133658196379,3.2556870402619724,1,0,5,0
20.4,934.4127547870365,545.382415950571,3.2481840415279435,1,0,5,0
20.408333333333335,934.6310838367268,545.5890736529517,3.273545377748358,1,0,5,0
20.416666666666668,934.5028102946081,545.2901763441455,3.2345195558001274,1,0,5,0
20.425,934.5472404051333,545.1085669570872,3.270478345996954,1,0,5,0
20.433333333333334,934.9194394853162,545.4697228594617,3.237555559909835,1,0,5,0
20.441666666666666,934.3241653415381,544.8108045859778,3.232229419185715,1,0,5,0
20.45,934.3079427615671,544.9890304973105,3.3017213609296125,1,0,5,0
20.458333333333332,932.9399660580456,544.7661335097631,3.2663611560900656,1,0,5,0
20.466666666666665,932.9207212306123,546.2024060023194,3.282722140557236,1,0,5,0
20.475,934.325264406043,546.1805781532819,3.2532928393231866,1,0,5,0
20.483333333333334,934.7536041775307,546.5976747663891,3.278641153814371,1,0,5,0
20.491666666666667,934.3976677950338,545.6984604552463,3.2592279003677915,1,0,5,0
20.5,934.4484074312528,545.2826346747901,3.2569112369641258,1,0,5,0
20.508333333333333,934.7964400611309,545.603691244178,3.2899440096010357,1,0,5,0
20.516666666666666,935.2985562556411,544.6408209975992,3.2743838239502194,1,0,5,0
20.525,934.8031370180056,544.6525275053699,3.2914382791446535,1,0,5,0
20.533333333333335,935.5724950550051,543.5951902982862,3.3381303341030457,1,0,5,0
20.541666666666668,935.7349701628805,543.8967406425767,3.2870495596180347,1,0,5,0
20.55,935.6733377318333,544.1073384115074,3.317157197609879,1,0,5,0
20.558333333333334,935.2247495049937,543.7514984549802,3.26919619799277,1,0,5,0
20.566666666666666,934.9439723219582,543.1290669459415,3.291453599380496,1,0,5,0
20.575,935.0135136238947,543.7593886933178,3.2948988108376778,1,0,5,0
20.583333333333332,935.4168157991734,543.70231840285,3.3301019630271984,1,0,5,0
20.591666666666665,936.0335262154642,543.1775632941016,3.3527218595191446,1,0,5,0
20.6,936.3068873052472,543.5776881113526,3.309874850587805,1,0,5,0
20.608333333333334,937.0603767760742,542.4032271130802,3.326535248423105,1,0,5,0
20.616666666666667,937.301433340528,542.6620969151178,3.342319467205397,1,0,5,0
20.625,937.8197467817866,543.7189506467947,3.326430142643572,1,0,5,0
20.633333333333333,937.8073101518735,542.4843187885082,3.2946021057627877,1,0,5,0
20.641666666666666,937.5134051117334,541.7964064955546,3.3345924117044574,1,0,5,0
20.65,936.5116696156023,542.1055935676532,3.3346191632949536,1,0,5,0
20.658333333333335,936.6587486174556,542.2616823007623,3.3772318618394603,1,0,5,0
20.666666666666668,937.0723627620771,541.3234158689048,3.312948460181033,1,0,5,0
20.675,937.4396010323469,541.0662769405434,3.3269248660334054,1,0,5,0
20.683333333333334,937.4503908008226,541.7843090027486,3.32491315264855,1,0,5,0
20.691666666666666,937.8476380456887,542.6584884342326,3.304041703277452,1,0,5,0
20.7,937.8774826101303,542.0326641422201,3.349812479809999,1,0,5,0
20.708333333333332,938.3477000569954,542.170692808593,3.297066734773183,1,0,5,0
20.716666666666665,937.6654131001193,542.194177916149,3.298392509345353,1,0,5,0
20.725,937.1850957009652,542.6515717551351,3.312503138842256,1,0,5,0
20.733333333333334,937.9792329556367,543.2718577787166,3.320584390189441,1,0,5,0
20.741666666666667,937.4178323632747,542.9388740192157,3.3398908758279022,1,0,5,0
20.75,937.9725480429051,542.6706361619595,3.345619381283959,1,0,5,0
20.758333333333333,938.7918327226798,542.802185836063,3.3226550217408297,1,0,5,0
20.766666666666666,937.9994358194518,542.4702886870095,3.2961650087627286,1,0,5,0
20.775,937.8008165721665,542.7022357508953,3.293252092473828,1,0,5,0
20.783333333333335,937.3679082928742,543.1260369103834,3.312455972985118,1,0,5,0
20.791666666666668,936.8771250949426,543.3319538513242,3.3170402812049504,1,0,5,0
20.8,937.5771599873609,543.1687748349907,3.3021332427995373,1,0,5,0
20.808333333333334,936.7089186163935,542.8102703338051,3.3378571459464013,1,0,5,0
20.816666666666666,936.6563355722303,542.4714812120542,3.3305906539110244,1,0,5,0
20.825,936.5757235141864,542.741925761815,3.2848154861634744,1,0,5,0
20.833333333333332,936.3715488366968,542.2268431430614,3.3088750652843344,1,0,5,0
20.841666666666665,936.5889245258899,542.45785504528,3.3031416700953535,1,0,5,0
20.85,936.3224225859145,542.5042526810269,3.2909683105601264,1,0,5,0
20.858333333333334,936.4835742820301,542.9222654416674,3.311485522329267,1,0,5,0
20.866666666666667,936.2214062703415,543.0323308540516,3.2897562929243005,1,0,5,0
20.875,935.8212219898459,543.0600356035948,3.3303758137878354,1,0,5,0
20.883333333333333,935.8389203734163,543.1775779765225,3.2892277168165127,1,0,5,0
20.891666666666666,934.7890219154755,543.0711066538656,3.2771906498697603,1,0,5,0
20.9,934.470810949518,542.4308136435868,3.2881885629612455,1,0,5,0
20.908333333333335,934.7749234241094,543.3500048769681,3.291099371272253,1,0,5,0
20.916666666666668,934.0148984746794,543.5567808504449,3.263012523397034,1,0,5,0
20.925,934.5729460065171,543.4541633418829,3.3151035243009614,1,0,5,0
20.933333333333334,934.7714925979965,544.3616931375121,3.2621046202952675,1,0,5,0
20.941666666666666,934.7251292122648,543.6070900027838,3.2905094026190773,1,0,5,0
20.95,934.2037782942474,543.0379546328126,3.2755063800592845,1,0,5,0
20.958333333333332,934.9581222674987,542.6141525073953,3.2884470144088405,1,0,5,0
20.966666666666665,934.7110150901233,543.168151549798,3.273344876313425,1,0,5,0
20.975,935.7308383151819,543.0096475215147,3.2941676676683525,1,0,5,0
20.983333333333334,935.9664520563564,542.9648335011572,3.230924873901717,1,0,5,0
20.991666666666667,936.3875641987235,543.8795911405488,3.2899565223704155,1,0,5,0
21.0,936.6439273269654,544.3273986327545,3.264674255749846,1,0,5,0
21.008333333333333,936.138933620473,544.5576647510668,3.304396817520207,1,0,5,0
21.016666666666666,935.7806958211439,544.0368526117207,3.328588024100824,1,0,5,0
21.025,935.6655938092687,543.316160082732,3.3151397423206186,1,0,5,0
21.033333333333335,935.6975232645964,543.4659912786054,3.236351189851785,1,0,5,0
21.041666666666668,935.5785794906055,543.6553222915026,3.305517868342356,1,0,5,0
21.05,935.7407844216356,544.2378042927209,3.2864272457732264,1,0,5,0
21.058333333333334,934.8979911910022,544.256258837066,3.288542976805133,1,0,5,0
21.066666666666666,934.7450849162126,544.0371045923648,3.3163805374921225,1,0,5,0
21.075,934.7117876434461,544.3150603040551,3.3381582639083773,1,0,5,0
21.083333333333332,934.788446272444,543.3313926874899,3.2873628090101232,1,0,5,0
21.091666666666665,936.2108515483725,543.1651065561083,3.2886877922077566,1,0,5,0
21.1,936.8433422695975,543.9412942158262,3.2885658465591083,1,0,5,0
21.108333333333334,936.6502818203758,543.1927128244325,3.288665765457178,1,0,5,0
21.116666666666667,937.063394998262,543.3247600087171,3.3131422442561,1,0,5,0
21.125,936.3739822200614,542.8262326658829,3.3051897696937265,1,0,5,0
21.133333333333333,936.3700049001003,543.3512818143927,3.3137906988908576,1,0,5,0
21.141666666666666,936.299306499374,543.274775703122,3.289370258401416,1,0,5,0
21.15,936.4740242359338,543.044202894673,3.3501274766800093,1,0,5,0
21.158333333333335,936.2779246725912,542.6331243570853,3.2995781088185865,1,0,5,0
21.166666666666668,936.9017725319808,541.6253950986983,3.297234701538771,1,0,5,0
21.175,937.7064726215226,541.3550512548233,3.286904907113554,1,0,5,0
21.183333333333334,938.2418675497365,542.5906105928526,3.3067538521941224,1,0,5,0
21.191666666666666,938.4019431386915,542.3019198385608,3.3055173737290673,1,0,5,0
21.2,938.4621906372389,542.977671372442,3.2892362103194386,1,0,5,0
21.208333333333332,938.4934107161487,542.3146141286007,3.3578980704727344,1,0,5,0
21.216666666666665,938.2844164750173,543.0893554319132,3.292173314391145,1,0,5,0
21.225,938.0216746147719,542.4130496540846,3.322464840827561,1,0,5,0
21.233333333333334,937.7468695867612,542.8572145827476,3.29589922932964,1,0,5,0
21.241666666666667,937.5882060892997,541.5913054817419,3.318511717412451,1,0,5,0
21.25,937.4818290151657,541.7028913061694,3.2942737021628172,1,0,5,0
21.258333333333333,937.138256160081,542.590476539206,3.302157556553592,1,0,5,0
21.266666666666666,937.312136952903,542.898209457779,3.2982301571344625,1,0,5,0
21.275,937.6592097794723,542.2163406322181,3.341483095407154,1,0,5,0
21.283333333333335,938.3386405396406,542.3359746904231,3.296870595262239,1,0,5,0
21.291666666666668,939.0003210970046,541.8153387685469,3.296045130516209,1,0,5,0
21.3,939.4835161740641,541.8516073410489,3.260876073619447,1,0,5,0
21.308333333333334,939.5743099667555,541.3778454220111,3.3142623479790743,1,0,5,0
21.316666666666666,939.9555690441083,541.3413313816155,3.2914950420409426,1,0,5,0
21.325,939.1955923942097,541.6103154753233,3.3215583346401036,1,0,5,0
21.333333333333332,939.3192231470895,541.6883620605214,3.299068475918659,1,0,5,0
21.341666666666665,939.1400172741685,541.5704632586551,3.275227892387463,1,0,5,0
21.35,939.2562981868109,541.5150279069176,3.283347646308375,1,0,5,0
21.358333333333334,938.9202730894866,541.4149100747483,3.2782705866733823,1,0,5,0
21.366666666666667,938.9378773356818,542.2709534012582,3.2818730856479696,1,0,5,0
21.375,938.6549877455031,542.845831422681,3.3064880983946896,1,0,5,0
21.383333333333333,939.2248006133487,543.2904228649311,3.3004508931702,1,0,5,0
21.391666666666666,938.0331795304311,544.5395368809534,3.3200217731732966,1,0,5,0
21.4,937.773716953985,544.0944872896306,3.2636396416877385,1,0,5,0
21.408333333333335,937.2241471978346,544.7034204484537,3.2871113963905305,1,0,5,0
21.416666666666668,937.4294547559514,545.519664633486,3.2855203564874813,1,0,5,0
21.425,937.0977851572258,545.2470643730508,3.31079264959884,1,0,5,0
21.433333333333334,937.0914613141327,545.119555128511,3.298362413720741,1,0,5,0
21.441666666666666,937.2872520107624,544.6258622229168,3.313177328084242,1,0,5,0
21.45,937.5241366243214,544.6471137500827,3.2975921508958628,1,0,5,0
21.458333333333332,936.8853011031059,544.6586216668727,3.289116779560258,1,0,5,0
21.466666666666665,936.8731129662783,545.4333008657828,3.2995826909015977,1,0,5,0
21.475,937.3366931767306,546.0458604303702,3.3078464317727345,1,0,5,0
21.483333333333334,937.3784489487861,546.3222802632525,3.3179640886540436,1,0,5,0
21.491666666666667,936.8858233384192,546.8912633732605,3.311049692647211,1,0,5,0
21.5,936.7502832984145,547.7560855755987,3.2747415430366864,1,0,5,0
21.508333333333333,936.5127610370932,547.8805621277444,3.3091538003410483,1,0,5,0
21.516666666666666,936.3952629831798,549.1725000179688,3.2825672125365886,1,0,5,0
21.525,935.2794113987746,549.4887290055033,3.2728620492999405,1,0,5,0
21.533333333333335,935.6982358550509,549.2604960072684,3.3215215627543095,1,0,5,0
21.541666666666668,935.4675322152782,548.4554635064659,3.2883732286937692,1,0,5,0
21.55,935.2178107795096,548.7563643050686,3.2881431778807255,1,0,5,0
21.558333333333334,934.5100437689482,548.9458319183044,3.278398663401845,1,0,5,0
21.566666666666666,935.0190690213864,548.0519206623665,3.2945645746152232,1,0,5,0
21.575,934.7220937635001,547.21263363842,3.2880797439927165,1,0,5,0
21.583333333333332,934.8378669138569,546.9113281736192,3.280993527730137,1,0,5,0
21.591666666666665,934.8412726554054,546.3375613255581,3.2770820543666526,1,0,5,0
21.6,934.418367552772,546.2429703352539,3.2792725993824137,1,0,5,0
21.608333333333334,935.2089665392128,546.0784796442449,3.3306235180078514,1,0,5,0
21.616666666666667,934.7738823197114,546.797659222168,3.2272000222750052,1,0,5,0
21.625,934.7067240067596,546.369542970135,3.291894791715764,1,0,5,0
21.633333333333333,935.07301590457,545.9524443575588,3.2814219084544884,1,0,5,0
21.641666666666666,934.68911334034,546.1460344448886,3.3116064729318286,1,0,5,0
21.65,934.4745479876161,545.4604316611066,3.3143938823180403,1,0,5,0
21.658333333333335,935.0212052616348,545.9593006582188,3.2964229910880807,1,0,5,0
21.666666666666668,935.1813903500164,545.598021281725,3.295895487603933,1,0,5,0
21.675,934.8574947853832,545.3275926033988,3.2948096817179118,1,0,5,0
21.683333333333334,935.143014404924,545.5122667536863,3.2569278667433412,1,0,5,0
21.691666666666666,935.1630998479786,544.8565075184187,3.2869749261368026,1,0,5,0
21.7,936.2646815643787,544.3811023453223,3.297610805173256,1,0,5,0
21.708333333333332,936.080147304603,545.0980560616811,3.263043677366133,1,0,5,0
21.716666666666665,,,,0,0,5,0
21.725,,,,0,0,5,0
21.733333333333334,,,,0,0,5,0
21.741666666666667,,,,0,0,5,0
21.75,,,,0,0,5,0
21.758333333333333,,,,0,0,5,0
21.766666666666666,,,,0,0,5,0
21.775,,,,0,0,5,0
21.783333333333335,,,,0,0,5,0
21.791666666666668,,,,0,0,5,0
21.8,933.2909942354627,540.8131477300111,3.2662018562154804,1,0,5,0
21.808333333333334,932.626778183313,541.2387576715125,3.305857414085304,1,0,5,0
21.816666666666666,932.433038843421,540.6608935962339,3.285274642959178,1,0,5,0
21.825,932.1249871498046,540.4352656477547,3.2668326105760075,1,0,5,0
21.833333333333332,931.783593038211,540.9319027035402,3.2597291674874427,1,0,5,0
21.841666666666665,930.9209952284236,540.6015079211276,3.2729339452464887,1,0,5,0
21.85,930.7748514140519,539.9126292446368,3.2697191928119387,1,0,5,0
21.858333333333334,930.8784624388787,540.4281853683975,3.227096270558924,1,0,5,0
21.866666666666667,930.1710791567402,540.0862431675913,3.249697036159445,1,0,5,0
21.875,930.1689214337182,539.8706768671093,3.2714247416375355,1,0,5,0
21.883333333333333,930.3412566633606,540.355749356311,3.2601379486930124,1,0,5,0
21.891666666666666,930.5361024255244,540.7338153008666,3.271306209598996,1,0,5,0
21.9,929.7469164589746,540.7326842700804,3.267716411421328,1,0,5,0
21.908333333333335,929.215965979157,541.4523204517018,3.2425615074938046,1,0,5,0
21.916666666666668,930.1200248193968,541.441206377711,3.2625980851142264,1,0,5,0
21.925,929.2387180594463,541.5981050475272,3.294086195589723,1,0,5,0
21.933333333333334,928.111866714671,541.4553419808697,3.277944174885335,1,0,5,0
21.941666666666666,928.6634301480196,541.2062860069775,3.280766403239488,1,0,5,0
21.95,928.925740708396,540.6633414483435,3.2745464048410176,1,0,5,0
21.958333333333332,928.9616550339608,540.5159871017607,3.3082392658576074,1,0,5,0
21.966666666666665,928.9403745577562,540.1545163844219,3.2459363350197674,1,0,5,0
21.975,928.3865430654369,540.889098983152,3.2111314937118722,1,0,5,0
21.983333333333334,928.2103751115816,540.523700454795,3.258133729827293,1,0,5,0
21.991666666666667,927.5431188520486,540.2597918883906,3.260424511107655,1,0,5,0
22.0,928.317771083936,540.5868204181771,3.254805095496251,1,0,5,0
22.008333333333333,928.8436087552824,541.1603950688514,3.2362869402880183,1,0,5,0
22.016666666666666,929.0792152135024,540.760590746864,3.21398137469226,1,0,5,0
22.025,928.5830077420677,540.8677567947784,3.252927115485702,1,0,5,0
22.033333333333335,929.763276357106,540.1017581315273,3.2582218323873176,1,0,5,0
22.041666666666668,929.8759006602697,540.1973794062361,3.273605749461665,1,0,5,0
22.05,928.9795579581662,540.5094844656259,3.2790748838616404,1,0,5,0
22.058333333333334,929.1741661032191,541.0187368367274,3.25784586546497,1,0,5,0
22.066666666666666,929.9892835587698,542.2351714877133,3.2346781614538918,1,0,5,0
22.075,930.3073671993092,542.2001908708478,3.2725374289699394,1,0,5,0
22.083333333333332,930.5457546076453,541.8153600484735,3.2590070791656958,1,0,5,0
22.091666666666665,930.4251054307844,542.4596052074295,3.2604451496025595,1,0,5,0
22.1,930.4184866946633,542.937401313451,3.2426472339123222,1,0,5,0
22.108333333333334,930.7779352304635,542.8400104338469,3.250927720358563,1,0,5,0
22.116666666666667,931.3014614051556,543.2795577219756,3.2344403013293714,1,0,5,0
22.125,930.7271735572136,543.4676728253843,3.2099418130837214,1,0,5,0
22.133333333333333,929.586869253887,542.8521769148591,3.2689592565450583,1,0,5,0
22.141666666666666,930.2998396730417,542.750575104465,3.2250102065102237,1,0,5,0
22.15,929.8170149064479,542.4387418927913,3.258715094709526,1,0,5,0
22.158333333333335,930.0829729372412,542.768625746697,3.2709481669344753,1,0,5,0
22.166666666666668,929.7585661205003,541.6573590203428,3.212821616874287,1,0,5,0
22.175,929.5370479943508,540.9725434140875,3.2530888187765443,1,0,5,0
22.183333333333334,929.071061605164,541.0865870253825,3.225118388085204,1,0,5,0
22.191666666666666,929.0724419738885,541.693668470269,3.2424769451695794,1,0,5,0
22.2,929.1929143068228,541.4579559298008,3.2310272811784517,1,0,5,0
22.208333333333332,929.7073292859718,540.9402377909403,3.258461688021853,1,0,5,0
22.216666666666665,929.7878998785961,540.6550853319974,3.1843661715912166,1,0,5,0
22.225,929.2147246195193,540.8620407637488,3.2500647931166062,1,0,5,0
22.233333333333334,929.0817586694347,540.2170310502936,3.251078795136878,1,0,5,0
22.241666666666667,928.3613352589143,540.5174183035402,3.2510531991645912,1,0,5,0
22.25,928.6529595876182,541.0832589033537,3.2399449745975177,1,0,5,0
22.258333333333333,929.0464749101412,541.3368338360914,3.2068030313366465,1,0,5,0
22.266666666666666,929.0368025479789,541.0567865829247,3.2075838472733413,1,0,5,0
22.275,929.4038420111203,542.490856435517,3.2507513847909295,1,0,5,0
22.283333333333335,929.5860277612597,542.0745624984214,3.2075367617418773,1,0,5,0
22.291666666666668,929.9085103321601,542.2629829074492,3.211421999031148,1,0,5,0
22.3,929.487957461105,541.4294660806968,3.227039911313093,1,0,5,0
22.308333333333334,928.7430742980675,541.8293739783115,3.249748340949907,1,0,5,0
22.316666666666666,928.3984377926234,541.4038670204591,3.2254246578762142,1,0,5,0
22.325,927.8667949858396,541.219014691863,3.2433003191122016,1,0,5,0
22.333333333333332,928.3803223774324,541.3824142768077,3.2229593818153854,1,0,5,0
22.341666666666665,928.6456383429389,541.2526240112682,3.2113083206104402,1,0,5,0
22.35,928.5784516070956,541.3820884099117,3.226751318897667,1,0,5,0
22.358333333333334,928.418614309559,541.21570629219,3.2121069314809727,1,0,5,0
22.366666666666667,929.1219108359394,540.8314528143725,3.211372642590621,1,0,5,0
22.375,929.3950317365772,539.5507744689133,3.2115525585638385,1,0,5,0
22.383333333333333,929.5175888873515,539.7131790298236,3.232054711263342,1,0,5,0
22.391666666666666,929.4314965799051,539.7808821990186,3.222096106762601,1,0,5,0
22.4,929.5915312529607,539.2698701638819,3.2061038993852216,1,0,5,0
22.408333333333335,929.4882116699581,540.1208325846846,3.2081451812809783,1,0,5,0
22.416666666666668,929.0718395686863,540.452878639464,3.2307394414826547,1,0,5,0
22.425,928.9051758234356,541.5291684575468,3.2359265227293417,1,0,5,0
22.433333333333334,928.9637314135916,541.907083899838,3.1690493229939403,1,0,5,0
22.441666666666666,928.4080124524729,542.9351365913058,3.1804149518303824,1,0,5,0
22.45,927.6733505725406,542.4952289567301,3.196615936124646,1,0,5,0
22.458333333333332,928.3224785461641,542.467397705733,3.2322436641334686,1,0,5,0
22.466666666666665,928.0263188245634,541.869272697048,3.1916063386690334,1,0,5,0
22.475,928.9487427988693,541.741786068873,3.182599463835175,1,0,5,0
22.483333333333334,929.2126355204871,542.6665752519848,3.192669768254243,1,0,5,0
22.491666666666667,929.4002241496747,542.9123314576557,3.1816858738738323,1,0,5,0
22.5,929.4517804624057,542.3722898851642,3.2209450776383766,1,0,5,0
22.508333333333333,929.4054582252592,541.5360981976129,3.191203865997055,1,0,5,0
22.516666666666666,928.0866723885208,541.7219027775205,3.1959670926236843,1,0,5,0
22.525,928.3328952598745,541.7398457816281,3.2404346406573277,1,0,5,0
22.533333333333335,930.1254302474414,541.8546178359286,3.212419453596327,1,0,5,0
22.541666666666668,930.2158212019946,542.0786764882649,3.2148452491215687,1,0,5,0
22.55,930.1605765411623,541.8896642979976,3.19559709345307,1,0,5,0
22.558333333333334,928.9910434766298,541.0779295610168,3.1747155020663587,1,0,5,0
22.566666666666666,929.0915840488042,541.1021807886776,3.204595620095579,1,0,5,0
22.575,929.2537397819259,541.0290425235683,3.20943145453275,1,0,5,0
22.583333333333332,929.4687053475092,541.0691863861937,3.1997880150437035,1,0,5,0
22.591666666666665,929.4674293586095,541.0670188646104,3.1859222800500278,1,0,5,0
22.6,929.8200610225078,542.2373425789254,3.1889974784800916,1,0,5,0
22.608333333333334,929.72735308407,542.4850458460301,3.1603434014208895,1,0,5,0
22.616666666666667,929.304027215766,542.631592063956,3.1919053884116866,1,0,5,0
22.625,929.3954826131855,543.0135358451113,3.1966286453520723,1,0,5,0
22.633333333333333,929.424663474349,543.5172259252316,3.176524573440644,1,0,5,0
22.641666666666666,928.9916976005566,543.1737502080614,3.170994627602778,1,0,5,0
22.65,928.1618872905275,542.5731160696007,3.1806091062775503,1,0,5,0
22.658333333333335,928.1266912939135,541.7450058675935,3.2229370651802376,1,0,5,0
22.666666666666668,928.6029324022928,541.7725053910332,3.16637869558244,1,0,5,0
22.675,928.0402257997866,542.2033524178993,3.155353156491315,1,0,5,0
22.683333333333334,927.9493529375942,542.1201451249669,3.1874451252455036,1,0,5,0
22.691666666666666,927.7385930099017,542.1777719408815,3.1720911351781367,1,0,5,0
22.7,927.6523970119056,542.2104878996586,3.1731271814642374,1,0,5,0
22.708333333333332,928.0849181537286,542.9512894508149,3.1861452407610975,1,0,5,0
22.716666666666665,927.5776307190956,542.4258334465324,3.1588354522952216,1,0,5,0
22.725,926.9519455107252,542.5004324761135,3.1740217695224073,1,0,5,0
22.733333333333334,927.1914926493416,542.6910683218935,3.188052600402117,1,0,5,0
22.741666666666667,927.7689143223511,543.1324999104842,3.1654443080022405,1,0,5,0
22.75,928.3652955500695,543.7406851384873,3.1645037742480215,1,0,5,0
22.758333333333333,927.9971597126068,543.4584162303872,3.197329685076561,1,0,5,0
22.766666666666666,927.2803128059404,543.2758726558851,3.18034515731425,1,0,5,0
22.775,927.410438881677,543.308423155611,3.174061465717376,1,0,5,0
22.783333333333335,,,,0,0,5,0
22.791666666666668,,,,0,0,5,0
22.8,,,,0,0,5,0
22.808333333333334,,,,0,0,5,0
22.816666666666666,,,,0,0,5,0
22.825,,,,0,0,5,0
22.833333333333332,,,,0,0,5,0
22.841666666666665,,,,0,0,5,0
22.85,,,,0,0,5,0
22.858333333333334,927.5783531701193,540.5582810738064,3.18332340275256,1,0,5,0
22.866666666666667,926.5883092028116,539.4000525192189,3.166216024614619,1,0,5,0
22.875,925.8755054254549,539.2601825556101,3.160953425950757,1,0,5,0
22.883333333333333,925.3547371353861,539.3350715923403,3.1412207276902255,1,0,5,0
22.891666666666666,924.9454373298393,539.041653371393,3.1403598554889682,1,0,5,0
22.9,924.9188362898389,539.0269232564998,3.163478785669078,1,0,5,0
22.908333333333335,924.9871405462956,539.4077839379501,3.1315180561705804,1,0,5,0
22.916666666666668,923.9754770110618,539.535276118182,3.156542164364056,1,0,5,0
22.925,923.9898811998422,539.6430400087713,3.1302842263343154,1,0,5,0
22.933333333333334,924.4060337389274,539.9060857649721,3.1397038661763026,1,0,5,0
22.941666666666666,923.8264564442509,539.3122956834412,3.1113430780573665,1,0,5,0
22.95,923.3913103768169,539.2902299026074,3.1419380191317976,1,0,5,0
22.958333333333332,922.4875390422549,539.4739418079696,3.1267294083111734,1,0,5,0
22.966666666666665,923.1695955331901,539.88089025775,3.1647203801021573,1,0,5,0
22.975,922.8685697034256,539.2533724577108,3.149937738514064,1,0,5,0
22.983333333333334,922.837468830444,540.0474657420797,3.15220333977367,1,0,5,0
22.991666666666667,922.1861701546209,539.9665923036165,3.132301346556943,1,0,5,0
23.0,922.7945647530532,540.1790132903762,3.099059017998866,1,0,5,0
23.008333333333333,922.5473870863174,540.9342865905157,3.171939996190317,1,0,5,0
23.016666666666666,922.4150991510447,540.2345060906646,3.12576335832522,1,0,5,0
23.025,922.1675211541209,540.5669329192582,3.1419276148124973,1,0,5,0
23.033333333333335,922.1049983843747,540.3753959067545,3.148406960465846,1,0,5,0
23.041666666666668,922.8093924367496,539.8452567305271,3.1218614914972576,1,0,5,0
23.05,922.6118545555324,539.1987818896787,3.096526691630101,1,0,5,0
23.058333333333334,922.3556761870767,538.7189430021949,3.17715832251967,1,0,5,0
23.066666666666666,922.8600297749263,537.3485274592532,3.1365239547500043,1,0,5,0
23.075,923.2634891092225,538.4640890103555,3.138425343898103,1,0,5,0
23.083333333333332,923.72956411037,538.5462918399625,3.124464862112723,1,0,5,0
23.091666666666665,923.8056100035575,538.3746871329237,3.0934156931010612,1,0,5,0
23.1,923.5345817582777,538.6053312985198,3.150439281467338,1,0,5,0
23.108333333333334,923.9727299802995,538.7494864028185,3.0648848652127767,1,0,5,0
23.116666666666667,924.0610366686637,538.5746871946037,3.1476378914987975,1,0,5,0
23.125,924.0638707497243,539.2531933014927,3.1353550221937643,1,0,5,0
23.133333333333333,923.9384601633774,539.9821109297997,3.126661190333271,1,0,5,0
23.141666666666666,923.0750809339979,539.829949614609,3.159042516889412,1,0,5,0
23.15,923.0857681824072,540.9465256801736,3.1077830928915278,1,0,5,0
23.158333333333335,922.9851352947229,541.1583158965005,3.1560297679157117,1,0,5,0
23.166666666666668,923.7239073896533,541.0761361187175,3.1115241342176825,1,0,5,0
23.175,923.6104271314929,540.3781341744769,3.1149275877216764,1,0,5,0
23.183333333333334,922.9165867773089,541.5207861826739,3.1409909787635093,1,0,5,0
23.191666666666666,921.8564206706442,540.731951216103,3.0764535931115846,1,0,5,0
23.2,921.3784957034577,540.9024319217887,3.1471080179535353,1,0,5,0
23.208333333333332,920.6662591119434,540.0322385554215,3.1211365039562042,1,0,5,0
23.216666666666665,921.0117495692677,540.5755434827414,3.112162699296492,1,0,5,0
23.225,922.3353309174355,540.4271153895904,3.150172208250907,1,0,5,0
23.233333333333334,922.48257367562,540.0366954408281,3.1259999999419845,1,0,5,0
23.241666666666667,922.4957437176255,541.3523367653157,3.1210791098703385,1,0,5,0
23.25,922.2401294777233,541.0501452976599,3.119141198228383,1,0,5,0
23.258333333333333,922.5988482006688,540.5216995527743,3.1141717303976493,1,0,5,0
23.266666666666666,924.3908345158081,540.5391731335608,3.11478509323388,1,0,5,0
23.275,924.2411080181877,540.7676439290617,3.1173198894546226,1,0,5,0
23.283333333333335,923.115238812782,540.7977660596285,3.1323275001952013,1,0,5,0
23.291666666666668,923.1137731926489,540.3018514199293,3.140529723705291,1,0,5,0
23.3,922.967233584941,539.7614245668202,3.109223063752668,1,0,5,0
23.308333333333334,923.2439500695552,539.9315883427812,3.084390032158638,1,0,5,0
23.316666666666666,923.7675707290949,540.6302577370558,3.153292281013832,1,0,5,0
23.325,924.078998743428,540.1488494292519,3.1323686378400164,1,0,5,0
23.333333333333332,923.6375401325081,540.0482056179626,3.0759257265206474,1,0,5,0
23.341666666666665,923.7392440734118,539.3938014660832,3.101665841530493,1,0,5,0
23.35,923.5588294840888,540.1263054629713,3.122022978524815,1,0,5,0
23.358333333333334,924.33762139493,540.6092875875104,3.09178667988811,1,0,5,0
23.366666666666667,925.2605743096289,540.3191263241065,3.149364223221377,1,0,5,0
23.375,924.7852401887949,540.1114091179903,3.1511062338620057,1,0,5,0
23.383333333333333,925.1624038118501,540.1129843218315,3.0632459407570196,1,0,5,0
23.391666666666666,925.2437053823742,540.7192761206013,3.1394654855620643,1,0,5,0
23.4,925.053996806167,540.032578050511,3.108476044430954,1,0,5,0
23.408333333333335,925.8489216008091,540.5278885125014,3.124108728070918,1,0,5,0
23.416666666666668,925.2185450368216,540.210246148616,3.0972869441037854,1,0,5,0
23.425,923.641204303862,540.157127864014,3.134173120961865,1,0,5,0
23.433333333333334,923.9643486829835,539.3325662116039,3.143982400705332,1,0,5,0
23.441666666666666,924.5840790680708,539.2659427837123,3.1004053184447935,1,0,5,0
23.45,924.7923373931566,539.7538931431495,3.0949584915020076,1,0,5,0
23.458333333333332,924.4317840078305,539.6774823593086,3.092847509032852,1,0,5,0
23.466666666666665,924.6153757866116,539.6416487882875,3.0684880923039466,1,0,5,0
23.475,712.6576919017826,445.4683944918436,3.1070379592099995,1,0,5,0
23.483333333333334,712.4737377697256,445.13032302695706,3.0961939344324287,1,0,5,0
23.491666666666667,923.4209919203374,539.980395056211,3.1116346282647576,1,0,5,0
23.5,922.6130174367593,540.5950404018034,3.101782837201504,1,0,5,0
23.508333333333333,922.4612055849931,541.1830820632894,3.0955866258650024,1,0,5,0
23.516666666666666,922.0137216359657,541.1021409217238,3.1265552853454603,1,0,5,0
23.525,921.0776055066401,541.1581646194619,3.0986664547296936,1,0,5,0
23.533333333333335,921.8133772520188,541.7047502780056,3.0790319294981248,1,0,5,0
23.541666666666668,921.621000662589,541.4892076834566,3.1237263339355765,1,0,5,0
23.55,921.1607632786685,541.7503748338567,3.1121554009164396,1,0,5,0
23.558333333333334,920.9092828535572,541.7843743647385,3.0905652340013723,1,0,5,0
23.566666666666666,920.9748912177114,541.2485924486581,3.073674963848424,1,0,5,0
23.575,921.8459542008939,541.0459333570828,3.075843847774546,1,0,5,0
23.583333333333332,921.8367881911404,540.6027767988251,3.139489376355632,1,0,5,0
23.591666666666665,921.2187076068532,540.1942255596188,3.111130678435897,1,0,5,0
23.6,921.554201592407,540.2898835328671,3.0971758288226754,1,0,5,0
23.608333333333334,921.4134865304167,540.075790733085,3.125505383326979,1,0,5,0
23.616666666666667,921.8588165865176,539.163775314196,3.105279807107858,1,0,5,0
23.625,922.2162198652376,539.1774041757241,3.0856707098303704,1,0,5,0
23.633333333333333,922.2543305895549,538.6734738414907,3.087796660096233,1,0,5,0
23.641666666666666,922.410202586884,538.8832512759036,3.1164081088222346,1,0,5,0
23.65,921.7669073338162,539.2657014827982,3.0879059091618535,1,0,5,0
23.658333333333335,921.7481702842156,538.3152694729114,3.1066187583721967,1,0,5,0
23.666666666666668,922.1103134457178,539.6102457690454,3.1159229165052498,1,0,5,0
23.675,921.2234345940567,540.1690007402406,3.071989117098422,1,0,5,0
23.683333333333334,921.4236702613885,540.0595361883077,3.1124811246899515,1,0,5,0
23.691666666666666,920.9089895167452,539.7051931358017,3.0860586136129857,1,0,5,0
23.7,920.4394160295157,539.4580999695809,3.0653852304442255,1,0,5,0
23.708333333333332,920.0664462348626,538.8994134349765,3.081131594775614,1,0,5,0
23.716666666666665,920.2584446376944,539.1689490331698,3.075861593718544,1,0,5,0
23.725,920.2661906442398,539.5961513418672,3.0675685388738456,1,0,5,0
23.733333333333334,919.849379629031,539.5440438449111,3.1250340525940628,1,0,5,0
23.741666666666667,920.9201445708161,540.3557847395067,3.0894399882550054,1,0,5,0
23.75,921.6189046226525,539.7733386714992,3.114372357216405,1,0,5,0
23.758333333333333,922.2188760146169,539.6959783870483,3.1112886588106328,1,0,5,0
23.766666666666666,922.6343343790498,538.9217880837359,3.0846457147223547,1,0,5,0
23.775,922.8709306971643,539.9151876072093,3.1093112031248737,1,0,5,0
23.783333333333335,922.818612143722,539.6542561745224,3.084601490559716,1,0,5,0
23.791666666666668,922.693141547751,539.1556869772853,3.0954464269898523,1,0,5,0
23.8,922.3745911577081,539.3933415088167,3.102349871483636,1,0,5,0
23.808333333333334,922.360908562957,538.9316517585864,3.118975830980852,1,0,5,0
23.816666666666666,922.5820960619362,539.3203268088059,3.0968070161045738,1,0,5,0
23.825,922.0875291347231,539.4231495445359,3.117907108263695,1,0,5,0
23.833333333333332,921.8142321663104,539.375388195453,3.111654066507573,1,0,5,0
23.841666666666665,921.6390969683235,541.0629611568712,3.106774056745722,1,0,5,0
23.85,921.0695313604324,541.3737547297924,3.082701216355131,1,0,5,0
23.858333333333334,920.7998304925778,540.5389479648525,3.113564011213388,1,0,5,0
23.866666666666667,920.3747509559298,540.2167095655891,3.133484098511375,1,0,5,0
23.875,920.1664516948437,540.2443314666715,3.1258367706726418,1,0,5,0
23.883333333333333,919.3884095040713,540.8432595242242,3.1123964536197115,1,0,5,0
23.891666666666666,919.6791018408443,539.7850991864248,3.1084239351261385,1,0,5,0
23.9,919.845548005529,540.2441811479355,3.1037923964573055,1,0,5,0
23.908333333333335,920.4219871747526,540.4084809385696,3.0899583886752793,1,0,5,0
23.916666666666668,919.6482428944392,540.2240339179416,3.0922562048823266,1,0,5,0
23.925,918.9876553964264,540.3039622589712,3.09228248959104,1,0,5,0
23.933333333333334,918.9792998739257,540.9238874559253,3.0981945304912575,1,0,5,0
23.941666666666666,919.2232648044846,541.4448337339002,3.11394370352112,1,0,5,0
23.95,919.1909375852034,541.0291665493717,3.0727378732837365,1,0,5,0
23.958333333333332,919.8024023130391,541.2729360397747,3.043009997919446,1,0,5,0
23.966666666666665,919.7879921863725,540.9793079904961,3.0831782852372305,1,0,5,0
23.975,919.8574078368727,541.2032176534948,3.1066038197006756,1,0,5,0
23.983333333333334,920.1799559506096,541.3424221083311,3.092198895536745,1,0,5,0
23.991666666666667,920.895620041598,541.4434691844209,3.1152151086547106,1,0,5,0
24.0,920.6306811851208,541.6878636632509,3.094857227620662,1,0,5,0
24.008333333333333,921.0683143156341,541.9075929337357,3.0794600609219613,1,0,5,0
24.016666666666666,921.1137548715557,541.4584440573054,3.120422097110026,1,0,5,0
24.025,921.2734087974596,542.223973349973,3.089611600612844,1,0,5,0
24.033333333333335,921.7122651268555,541.0867100878021,3.1297880905480318,1,0,5,0
24.041666666666668,921.698957116377,540.6859160378993,3.107687474263926,1,0,5,0
24.05,921.0736781195034,540.5741163011699,3.0926841096663145,1,0,5,0
24.058333333333334,921.1934787193452,541.0880617971603,3.0866497590172703,1,0,5,0
24.066666666666666,921.791542357254,540.0274197703365,3.098938230343178,1,0,5,0
24.075,921.4482052928322,539.7889249972966,3.1185363770081813,1,0,5,0
24.083333333333332,921.6039836625517,540.2299875857565,3.088816430615316,1,0,5,0
24.091666666666665,921.102833214046,540.8739216901647,3.079572663809782,1,0,5,0
24.1,920.905881522065,541.3558834626587,3.090162008733519,1,0,5,0
24.108333333333334,921.6823568399558,541.9117410828859,3.0723690464786424,1,0,5,0
24.116666666666667,921.3160535588595,541.5897743049311,3.1186977339177906,1,0,5,0
24.125,921.6516059477627,541.0861052460757,3.10368660073728,1,0,5,0
24.133333333333333,,,,0,0,5,0
24.141666666666666,,,,0,0,5,0
24.15,,,,0,0,5,0
24.158333333333335,,,,0,0,5,0
24.166666666666668,,,,0,0,5,0
24.175,,,,0,0,5,0
24.183333333333334,,,,0,0,5,0
24.191666666666666,,,,0,0,5,0
24.2,,,,0,0,5,0
24.208333333333332,,,,0,0,5,0
24.216666666666665,,,,0,0,5,0
24.225,,,,0,0,5,0
24.233333333333334,,,,0,0,5,0
24.241666666666667,,,,0,0,5,0
24.25,,,,0,0,5,0
24.258333333333333,,,,0,0,5,0
24.266666666666666,,,,0,0,5,0
24.275,,,,0,0,5,0
24.283333333333335,,,,0,0,5,0
24.291666666666668,,,,0,0,5,0
24.3,,,,0,0,5,0
24.308333333333334,,,,0,0,5,0
24.316666666666666,,,,0,0,5,0
24.325,918.4357552506024,541.1118032949581,3.119920162090554,1,0,5,0
24.333333333333332,919.8381588055652,540.9185653968848,3.117900076970121,1,0,5,0
24.341666666666665,919.65341450141,540.8727669563107,3.155811817908785,1,0,5,0
24.35,919.673317441237,540.6671072110016,3.1021131026807827,1,0,5,0
24.358333333333334,919.5613769718576,540.4032635384013,3.134315206446094,1,0,5,0
24.366666666666667,919.556239934054,540.0279270548579,3.103831671092321,1,0,5,0
24.375,919.2918555498633,539.1726979283011,3.1039916082748498,1,0,5,0
24.383333333333333,918.7197051448104,539.838034496373,3.1622386086647136,1,0,5,0
24.391666666666666,918.6119799054629,539.901168021966,3.1455238927366995,1,0,5,0
24.4,918.1064419608576,539.9334411230444,3.1118426215541626,1,0,5,0
24.408333333333335,918.3812456159164,540.223085330702,3.1409062878008545,1,0,5,0
24.416666666666668,918.2444416260237,540.8780537684286,3.1232563924185595,1,0,5,0
24.425,918.3876883043421,540.88950357825,3.1452378186260304,1,0,5,0
24.433333333333334,918.2889591671369,540.6110122091244,3.1475522686709043,1,0,5,0
24.441666666666666,919.2100653369603,540.6305553546952,3.1458710647811348,1,0,5,0
24.45,920.0599270947174,541.6786728960192,3.1557968797862124,1,0,5,0
24.458333333333332,919.4810170375201,542.5064473640384,3.1425530942864803,1,0,5,0
24.466666666666665,918.6158291274102,543.1740123896482,3.145628854029298,1,0,5,0
24.475,918.7897931672912,543.549820260383,3.1121261143726704,1,0,5,0
24.483333333333334,919.6640898932009,544.1505858205073,3.149439887853852,1,0,5,0
24.491666666666667,920.0276329112968,544.2470439479514,3.118863227901916,1,0,5,0
24.5,919.6587998325904,544.7763027551568,3.1168164078066796,1,0,5,0
24.508333333333333,919.4297947099222,545.7340513000568,3.120165806683666,1,0,5,0
24.516666666666666,919.5692444764942,545.6898405005937,3.12699324112431,1,0,5,0
24.525,920.1320726337043,545.7382832840425,3.1490472215266165,1,0,5,0
24.533333333333335,919.544485476607,545.7823918250924,3.1647657643832523,1,0,5,0
24.541666666666668,918.7824377047202,545.4177257983567,3.144400107503127,1,0,5,0
24.55,918.602872543807,545.3569839232052,3.1281836342255867,1,0,5,0
24.558333333333334,918.0338770735146,544.81061953813,3.156549799262431,1,0,5,0
24.566666666666666,918.1181121700146,544.6908424323409,3.120216568192264,1,0,5,0
24.575,916.141374977079,545.1857892581705,3.172346758786501,1,0,5,0
24.583333333333332,916.5655622106997,545.3835531241969,3.1244164357862965,1,0,5,0
24.591666666666665,916.982882905591,545.4101519795041,3.1373678711972164,1,0,5,0
24.6,917.5109105683558,545.1429463137365,3.1270966861691734,1,0,5,0
24.608333333333334,917.3650633635998,545.0651726777236,3.130199852199864,1,0,5,0
24.616666666666667,916.3833607507427,545.4197177081965,3.1392585698950284,1,0,5,0
24.625,916.8067211367056,545.602014800439,3.149416733879878,1,0,5,0
24.633333333333333,917.0412829874527,545.8185570447304,3.1937978524447206,1,0,5,0
24.641666666666666,916.6690113704044,546.2839646197765,3.180283405459563,1,0,5,0
24.65,916.8601014476247,545.7888128734716,3.1426548634946068,1,0,5,0
24.658333333333335,916.8952971765473,545.7292213179358,3.184250838447675,1,0,5,0
24.666666666666668,916.6313008591543,546.9100326730982,3.148798565920396,1,0,5,0
24.675,916.2484317486977,546.435585273009,3.1484178208583495,1,0,5,0
24.683333333333334,915.7215940830071,546.373086465253,3.1067479068923625,1,0,5,0
24.691666666666666,916.4322108499247,546.4669866312432,3.199034002306087,1,0,5,0
24.7,916.5509812732056,546.5567758427603,3.1561991381095846,1,0,5,0
24.708333333333332,916.7148512598822,547.3544283676022,3.1824818823548475,1,0,5,0
24.716666666666665,916.934506564474,547.8066944300977,3.1467531505433635,1,0,5,0
24.725,917.0592706569012,547.1747275081285,3.191123185921208,1,0,5,0
24.733333333333334,916.6275213289487,547.5903925947433,3.1784530987518833,1,0,5,0
24.741666666666667,917.7247982226808,547.82780553413,3.160438199779979,1,0,5,0
24.75,918.1082904023446,548.9230522041361,3.1547170270004177,1,0,5,0
24.758333333333333,918.2251669648135,549.226759643999,3.1965619314532994,1,0,5,0
24.766666666666666,917.4604650870943,548.8624489440838,3.1715689736401953,1,0,5,0
24.775,916.4873410335331,548.9490621130199,3.173059678299672,1,0,5,0
24.783333333333335,916.9190777132698,547.9968873494623,3.1700672677046913,1,0,5,0
24.791666666666668,917.4247812097235,547.768932344027,3.1467057699840786,1,0,5,0
24.8,918.2573042977175,548.012337077996,3.1648096832126296,1,0,5,0
24.808333333333334,918.915846417341,547.9914078532844,3.1981594236908957,1,0,5,0
24.816666666666666,920.1648916836276,547.5894102430062,3.1915488907394898,1,0,5,0
24.825,920.9669260904387,547.8665129900064,3.2065564993173177,1,0,5,0
24.833333333333332,919.8479821960967,548.757012225865,3.184468480406148,1,0,5,0
24.841666666666665,919.1203721390252,548.1730277144403,3.2057518687769075,1,0,5,0
24.85,919.5154309676122,547.8684099221277,3.2075909579366324,1,0,5,0
24.858333333333334,919.8587926018031,548.3888848173233,3.1953679664092034,1,0,5,0
24.866666666666667,920.1377582546054,548.9939571785359,3.1657088921952647,1,0,5,0
24.875,920.6948105115048,549.6705642637353,3.1842766150044417,1,0,5,0
24.883333333333333,919.942557346352,549.5021879015927,3.1892633247681244,1,0,5,0
24.891666666666666,919.940410355899,549.1910559562612,3.2068572675903044,1,0,5,0
24.9,919.7251312698708,548.5287065311235,3.177301225734995,1,0,5,0
24.908333333333335,919.5220190775235,548.6391093208877,3.2130854741408306,1,0,5,0
24.916666666666668,918.6809659536355,548.2933807437503,3.1885580111268768,1,0,5,0
24.925,917.9291528444145,548.6799051254724,3.209625873619653,1,0,5,0
24.933333333333334,918.0859488186165,547.5392749216676,3.2047648187018853,1,0,5,0
24.941666666666666,918.350271966543,547.3296514149388,3.1862142985792183,1,0,5,0
24.95,918.5199698211277,546.2348201022911,3.2137991964179777,1,0,5,0
24.958333333333332,918.8577550163868,546.6379059305184,3.1396579800818114,1,0,5,0
24.966666666666665,918.7963469212228,547.3838984083026,3.1887240659554763,1,0,5,0
24.975,918.1402945200643,546.1699212215699,3.2034124497202314,1,0,5,0
24.983333333333334,917.6699362740559,546.0274794163498,3.2202832762728666,1,0,5,0
24.991666666666667,917.8780868189427,545.5889354115775,3.2012156053016163,1,0,5,0
25.0,917.4539847853105,546.5646529346963,3.193859519746836,1,0,5,0
25.008333333333333,917.1847971686626,547.2056532963895,3.2235531516045004,1,0,5,0
25.016666666666666,916.2394075727334,547.0071869004476,3.199132328033027,1,0,5,0
25.025,917.0806725130136,546.6616638459948,3.224513707128005,1,0,5,0
25.033333333333335,917.283341563024,547.0626912606081,3.1862773033146334,1,0,5,0
25.041666666666668,917.373844837684,546.2590180313824,3.1824224690530767,1,0,5,0
25.05,917.2347942700776,546.1314019321245,3.2004275299903546,1,0,5,0
25.058333333333334,917.0467272465627,546.202261738202,3.2044590098398578,1,0,5,0
25.066666666666666,917.2654080876357,545.8060768778168,3.2054092446363587,1,0,5,0
25.075,916.5716551176174,545.3779173287954,3.2268116693857904,1,0,5,0
25.083333333333332,917.2201159115831,545.1737322033671,3.2185530396112894,1,0,5,0
25.091666666666665,916.9450320070584,546.2306608700258,3.237100248623613,1,0,5,0
25.1,916.7952234394082,545.899590699834,3.22804039525982,1,0,5,0
25.108333333333334,917.1995304115376,546.0047751452698,3.2311823209261856,1,0,5,0
25.116666666666667,917.0672150651515,546.2384710745025,3.2429365324036326,1,0,5,0
25.125,916.8549245213809,546.364324874137,3.2291649885728084,1,0,5,0
25.133333333333333,917.0064130130586,546.5749444722977,3.194192496205323,1,0,5,0
25.141666666666666,917.2687174203552,545.6633230779,3.232696047323489,1,0,5,0
25.15,917.0725853966026,545.9566859410963,3.2517947646902963,1,0,5,0
25.158333333333335,916.7759705726596,546.0346270999905,3.2256516383019624,1,0,5,0
25.166666666666668,917.1456328441232,545.6765837630336,3.214076652494793,1,0,5,0
25.175,917.0693205605006,544.6381188881734,3.2509120619511362,1,0,5,0
25.183333333333334,916.9372700949797,545.7069102505994,3.2441880725980723,1,0,5,0
25.191666666666666,916.3206002293769,545.2384928084034,3.2298670266353815,1,0,5,0
25.2,917.1247112902502,545.2291318796456,3.2555708900569393,1,0,5,0
25.208333333333332,917.0830851306275,546.3467553543358,3.2390917215560875,1,0,5,0
25.216666666666665,918.2890222542011,545.2747133318522,3.2399171218387046,1,0,5,0
25.225,918.4262276328176,545.320965781171,3.231542923906089,1,0,5,0
25.233333333333334,918.3736645355681,545.695363023603,3.258200315159304,1,0,5,0
25.241666666666667,918.156984842989,545.6929625949675,3.2342736254764435,1,0,5,0
25.25,917.7361062957265,545.9379548764529,3.243244791315572,1,0,5,0
25.258333333333333,917.610463103676,545.403660573893,3.196950917664075,1,0,5,0
25.266666666666666,917.785874587551,545.0572745572474,3.2459234861379165,1,0,5,0
25.275,917.7631495673091,544.7205725671506,3.2377480085242296,1,0,5,0
25.283333333333335,918.0490790782698,544.6747149760859,3.205412932707308,1,0,5,0
25.291666666666668,917.8444428261384,544.2852207116458,3.2378933333573685,1,0,5,0
25.3,918.1438798044869,543.8898654688404,3.2285253159174068,1,0,5,0
25.308333333333334,918.1509382026468,544.255620558221,3.2523980546234768,1,0,5,0
25.316666666666666,918.7269456952448,544.5822337032707,3.191295611129367,1,0,5,0
25.325,917.1275604809696,544.2188066795286,3.254702837104241,1,0,5,0
25.333333333333332,917.097004150212,544.3310886066224,3.2316351059284876,1,0,5,0
25.341666666666665,916.8868611435928,544.4811995514704,3.2486871437985467,1,0,5,0
25.35,916.6036224246833,544.9746060409568,3.24577216519845,1,0,5,0
25.358333333333334,917.0271857924052,544.90113689862,3.2324177944101486,1,0,5,0
25.366666666666667,917.2612754758301,544.9725979796181,3.241215913614379,1,0,5,0
25.375,918.1990137259945,545.1656747439345,3.279116640317301,1,0,5,0
25.383333333333333,918.525621135511,544.9617951892952,3.246210268612716,1,0,5,0
25.391666666666666,918.175364223132,545.4833603232955,3.2476725356794622,1,0,5,0
25.4,918.7285314630805,545.6754787074335,3.238066154596487,1,0,5,0
25.408333333333335,918.476444450669,546.4650840518782,3.247141857476848,1,0,5,0
25.416666666666668,918.4915182973881,545.4299467772247,3.2495481650961877,1,0,5,0
25.425,918.5471394994356,546.1622958162109,3.2249634602912014,1,0,5,0
25.433333333333334,918.1542197600567,545.8161660141989,3.2615504117719705,1,0,5,0
25.441666666666666,918.375251986143,545.4430958142185,3.257888398756788,1,0,5,0
25.45,918.2368650239758,545.1065182966609,3.2036534296561077,1,0,5,0
25.458333333333332,918.4282756279326,547.1286016811184,3.235005588749245,1,0,5,0
25.466666666666665,918.70304588303,547.0558233870116,3.2772978309490695,1,0,5,0
25.475,918.8018583858359,546.6023011654986,3.2539168763238537,1,0,5,0
25.483333333333334,918.5602828079587,546.3079437239526,3.245269132177919,1,0,5,0
25.491666666666667,919.0317528094139,546.5023134518996,3.2587653999047443,1,0,5,0
25.5,919.5706493736216,547.6671258629259,3.2538269909922297,1,0,5,0
25.508333333333333,953.9141944572124,446.98370366098493,3.2515004387805444,1,0,5,0
25.516666666666666,954.5028739381495,446.843253966916,3.263323259305403,1,0,5,0
25.525,919.585679048638,547.7696717181318,3.291059321929067,1,0,5,0
25.533333333333335,919.3456809472657,547.9485117251543,3.275816071648001,1,0,5,0
25.541666666666668,919.7560752565223,548.4658003651542,3.2856050462126087,1,0,5,0
25.55,919.0484916354502,548.2947779792921,3.2818362702766626,1,0,5,0
25.558333333333334,918.2964290466379,547.3503962865282,3.297680863677338,1,0,5,0
25.566666666666666,918.2816109242308,547.3915128502551,3.242579414095051,1,0,5,0
25.575,919.4633258214536,547.1623336129633,3.256334547373935,1,0,5,0
25.583333333333332,919.370537649012,546.8141278660555,3.256323409312409,1,0,5,0
25.591666666666665,918.9448736602349,546.5292918424533,3.2986677097866415,1,0,5,0
25.6,919.0270632229292,546.0689135128097,3.2550253627549233,1,0,5,0
25.608333333333334,918.6836465181273,546.2454795881146,3.2847417073121568,1,0,5,0
25.616666666666667,918.4728715405399,545.8771734345178,3.272750792557863,1,0,5,0
25.625,918.5251959817252,545.0263458140668,3.2456225577430113,1,0,5,0
25.633333333333333,918.3502168685163,545.3851847609744,3.243862606781054,1,0,5,0
25.641666666666666,917.9181719940207,546.0125006964912,3.265294413779407,1,0,5,0
25.65,917.5918056462485,546.1047363930704,3.2273583037891926,1,0,5,0
25.658333333333335,916.9700369655657,546.6248956454241,3.2711953322156533,1,0,5,0
25.666666666666668,916.5984882381056,547.2154119248787,3.295916454530776,1,0,5,0
25.675,915.8207183614977,546.5639189047693,3.2934802021575544,1,0,5,0
25.683333333333334,916.7616548148203,547.1365663222128,3.3027587503649,1,0,5,0
25.691666666666666,916.3505289106123,547.1891145405594,3.291440170137742,1,0,5,0
25.7,916.1572030932936,547.2594308338178,3.2461374345989515,1,0,5,0
25.708333333333332,915.967548059249,547.5059971570467,3.3059774389976075,1,0,5,0
25.716666666666665,916.2170094564872,548.8243654999321,3.317129163556064,1,0,5,0
25.725,916.1020956891393,549.6085179340075,3.28306628484985,1,0,5,0
25.733333333333334,915.8680100506704,549.5251049453576,3.2782524913140576,1,0,5,0
25.741666666666667,916.3730400586473,549.3424557466301,3.295090969675536,1,0,5,0
25.75,916.5731363103728,549.6716560500098,3.2889365307648144,1,0,5,0
25.758333333333333,916.9473483583838,549.2819981267962,3.2975049927614637,1,0,5,0
25.766666666666666,917.3645429005343,548.776270799111,3.234279153206988,1,0,5,0
25.775,917.7653977528802,548.6462739626896,3.2634232779683607,1,0,5,0
25.783333333333335,917.9376759149468,548.1323476751458,3.281151823590269,1,0,5,0
25.791666666666668,918.734169801643,548.0094184400274,3.3011009483877496,1,0,5,0
25.8,919.1703352104502,548.3454346252561,3.278525500329448,1,0,5,0
25.808333333333334,918.6436489110421,548.9427280280495,3.283857493945958,1,0,5,0
25.816666666666666,918.4914600391498,548.1507347744432,3.278876898936406,1,0,5,0
25.825,917.9164724780137,546.5449688871358,3.2506593364463585,1,0,5,0
25.833333333333332,917.7557036688886,547.1807829926954,3.2704157534496194,1,0,5,0
25.841666666666665,918.7698654086884,547.4436359085297,3.3127721918136173,1,0,5,0
25.85,917.6509614655565,547.5243915215716,3.2671801074663924,1,0,5,0
25.858333333333334,917.9020736820597,547.7726930178411,3.2676655332412508,1,0,5,0
25.866666666666667,917.8298731624775,547.4878800631956,3.2924587971383206,1,0,5,0
25.875,918.5137342867431,547.6482113950455,3.2934398554353836,1,0,5,0
25.883333333333333,918.2433068911466,546.9021819541691,3.2783744600277527,1,0,5,0
25.891666666666666,918.4626980122626,547.1647172029228,3.2628546225425317,1,0,5,0
25.9,919.2740000761148,547.6720170087858,3.2726814290357282,1,0,5,0
25.908333333333335,919.0463280854086,547.2572884402748,3.2988651098017217,1,0,5,0
25.916666666666668,918.738182773183,547.8688588593049,3.2852790454145855,1,0,5,0
25.925,918.6333917996029,547.2760248900125,3.3112625473340813,1,0,5,0
25.933333333333334,918.6277034008043,547.4137512521535,3.3007684165363624,1,0,5,0
25.941666666666666,918.6042226695138,548.3184004379365,3.318421357453367,1,0,5,0
25.95,918.6436119928883,548.4635250665003,3.287056614664622,1,0,5,0
25.958333333333332,918.702921909681,549.2582363738037,3.255858639721136,1,0,5,0
25.966666666666665,918.5164730497434,549.9051837084289,3.2756262144979083,1,0,5,0
25.975,918.5242927572073,550.2752528618198,3.27637320506348,1,0,5,0
25.983333333333334,917.7128244097203,550.7592350541228,3.287043901218508,1,0,5,0
25.991666666666667,919.3129625321416,551.3302963456756,3.2652982832206505,1,0,5,0
26.0,919.4489831083083,551.8677176263094,3.291911762579416,1,0,5,0
26.008333333333333,919.0898505521367,551.4696948769941,3.268625485314846,1,0,5,0
26.016666666666666,918.9409808996148,551.1547164041214,3.309196885396644,1,0,5,0
26.025,918.858850285694,551.0651958147549,3.288964784078614,1,0,5,0
26.033333333333335,918.8006875724799,551.5932984586619,3.2748384444650043,1,0,5,0
26.041666666666668,918.8712712466574,552.3505033676586,3.300168485283699,1,0,5,0
26.05,918.7398954260129,552.099214714822,3.3099296485218,1,0,5,0
26.058333333333334,919.1755830048958,551.880428183858,3.290581420773192,1,0,5,0
26.066666666666666,918.9219395528802,552.4090188187296,3.296104728644064,1,0,5,0
26.075,919.4604342598999,552.4938973538126,3.3051060014632654,1,0,5,0
26.083333333333332,920.4098964532777,553.04126345967,3.3031177746261116,1,0,5,0
26.091666666666665,920.0087422949847,552.4528759997156,3.2847987777180254,1,0,5,0
26.1,919.998701606194,552.5201344930988,3.3042708358145423,1,0,5,0
26.108333333333334,920.0918504286326,552.4797829249202,3.2957418577559796,1,0,5,0
26.116666666666667,919.5617078185376,552.17532376805,3.307687947711164,1,0,5,0
26.125,918.4402169616267,551.5646043839051,3.290799160232516,1,0,5,0
26.133333333333333,918.7106236312769,552.1581875897796,3.307637520009329,1,0,5,0
26.141666666666666,918.457453719616,551.8447006078705,3.2560763476158887,1,0,5,0
26.15,917.9334212696218,551.4280102015811,3.282360959273865,1,0,5,0
26.158333333333335,917.8817507731206,552.4114475694762,3.2390934760124144,1,0,5,0
26.166666666666668,917.7050707650973,553.0598746420712,3.3007515814990454,1,0,5,0
26.175,917.8105905554072,553.0202236199873,3.3344794239461253,1,0,5,0
26.183333333333334,918.5213466064151,553.1319530441692,3.3081351424106207,1,0,5,0
26.191666666666666,917.4214927721412,552.4032654723694,3.310321532327819,1,0,5,0
26.2,918.454519758693,552.2747931167584,3.3015486029363967,1,0,5,0
26.208333333333332,917.9309897302908,551.7474556145012,3.2996426438946345,1,0,5,0
26.216666666666665,917.8509699253755,551.7561377329491,3.286474548743032,1,0,5,0
26.225,918.0965710353368,552.1072171196435,3.327160749818958,1,0,5,0
26.233333333333334,917.5267975512473,552.0673161119095,3.3084482465806593,1,0,5,0
26.241666666666667,917.5525638608173,551.4006164065808,3.2843099527135196,1,0,5,0
26.25,917.2717608978598,552.2185295114093,3.2836373362503823,1,0,5,0
26.258333333333333,917.9328760160441,552.4701312844136,3.3117160598386683,1,0,5,0
26.266666666666666,917.376338883523,552.3398043488046,3.2961479709404546,1,0,5,0
26.275,917.9955396656497,552.8506232680572,3.3235374465172267,1,0,5,0
26.283333333333335,917.5712444756192,552.3296438852935,3.3096281514983814,1,0,5,0
26.291666666666668,917.2298140641994,552.5375546006275,3.2963136834682545,1,0,5,0
26.3,917.0114240117821,552.718493439209,3.2962627204410713,1,0,5,0
26.308333333333334,917.6104625089613,552.3917692545473,3.2634657664170414,1,0,5,0
26.316666666666666,916.6263934204021,552.8752823698269,3.29689920528954,1,0,5,0
26.325,917.2366087633588,552.5321853286133,3.290261723287956,1,0,5,0
26.333333333333332,917.116857614242,552.6367646455057,3.2972483889520805,1,0,5,0
26.341666666666665,918.095693193154,552.3939786567288,3.2751263306930136,1,0,5,0
26.35,917.4205483300599,552.6036241993279,3.2712803807131157,1,0,5,0
26.358333333333334,918.2204461025274,552.7216604264918,3.311823185927656,1,0,5,0
26.366666666666667,918.1176408267755,552.3463463663043,3.3158659880582495,1,0,5,0
26.375,918.2306482587661,552.3061906650822,3.288199931949679,1,0,5,0
26.383333333333333,919.2366146706114,551.7977765936254,3.282236029617474,1,0,5,0
26.391666666666666,919.0525811438358,551.5085996363412,3.3379521447819904,1,0,5,0
26.4,919.9280755851102,552.5041947874773,3.26316196678806,1,0,5,0
26.408333333333335,919.5844349444328,552.5879306634266,3.298477838285062,1,0,5,0
26.416666666666668,918.9180321094834,552.1068234277323,3.3511723194690615,1,0,5,0
26.425,918.7656909062075,552.5671258265571,3.29065112249608,1,0,5,0
26.433333333333334,918.3118940086481,552.5352273805348,3.300451212852063,1,0,5,0
26.441666666666666,918.9084812747219,551.8038032575596,3.312451599938855,1,0,5,0
26.45,918.1857048430155,550.8789285314743,3.2789866838739945,1,0,5,0
26.458333333333332,917.7454327745382,550.8873277859125,3.2979951416824154,1,0,5,0
26.466666666666665,917.9433108361011,550.5707010647097,3.286836043046518,1,0,5,0
26.475,918.1274245623055,550.805484969944,3.306037577702878,1,0,5,0
26.483333333333334,918.5685460540062,551.4038238634093,3.28009523768461,1,0,5,0
26.491666666666667,918.1837772075052,551.4268039864446,3.305694015421172,1,0,5,0
26.5,917.7230340073063,551.062621027894,3.294638666377119,1,0,5,0
26.508333333333333,916.9509129154686,550.6931376612799,3.2977669794514584,1,0,5,0
26.516666666666666,916.1003813436273,550.2151705564147,3.30905225547636,1,0,5,0
26.525,915.9888243967152,549.2431356561798,3.2919126700607992,1,0,5,0
26.533333333333335,915.6691887878247,549.1461674345485,3.3662926165055107,1,0,5,0
26.541666666666668,915.820810370136,548.4798681447937,3.335483781410848,1,0,5,0
26.55,915.459757480039,548.3331432772569,3.302300461844008,1,0,5,0
26.558333333333334,915.4808606132583,547.1847952837611,3.338486164086155,1,0,5,0
26.566666666666666,914.9832723432144,546.8061522304647,3.3462283814871627,1,0,5,0
26.575,914.7742512966447,546.925778395311,3.298720866524942,1,0,5,0
26.583333333333332,914.6194299592946,547.2038108626405,3.3002424535063,1,0,5,0
26.591666666666665,914.864984678484,547.5791269004127,3.3287271474085043,1,0,5,0
26.6,915.5067966156537,547.7611557658095,3.306410550816275,1,0,5,0
26.608333333333334,915.4916315308127,547.9516598827875,3.3206963254229684,1,0,5,0
26.616666666666667,915.1185126712384,548.4733556675283,3.3888413977555927,1,0,5,0
26.625,916.5436610265241,548.5666050498078,3.3028037757032704,1,0,5,0
26.633333333333333,915.8190821251081,548.8588710530527,3.3389016376874783,1,0,5,0
26.641666666666666,915.9671683996598,547.4484862783894,3.317317186933914,1,0,5,0
26.65,916.0058883466492,547.5218172626866,3.346004798883669,1,0,5,0
26.658333333333335,916.0512384810831,546.8143779665053,3.3516882205250536,1,0,5,0
26.666666666666668,915.8818377584581,546.9726092710316,3.349645629440444,1,0,5,0
26.675,915.4900529941572,545.6651583747432,3.31172008256551,1,0,5,0
26.683333333333334,915.073107297977,545.6893789793558,3.3400628900917275,1,0,5,0
26.691666666666666,914.4899941071434,545.8464159105522,3.285240778623241,1,0,5,0
26.7,914.0814229378518,546.1677729035739,3.339464629979644,1,0,5,0
26.708333333333332,913.7333688526064,546.6215670660481,3.375846795810267,1,0,5,0
26.716666666666665,914.118852619362,547.0924502710625,3.3219896498582298,1,0,5,0
26.725,914.8056745290069,547.1088447782676,3.3209423822694832,1,0,5,0
26.733333333333334,914.7887290611886,546.8205937157974,3.335244462730046,1,0,5,0
26.741666666666667,914.8465848600451,546.5694412740479,3.292723854230948,1,0,5,0
26.75,914.3073783212891,546.1963041561046,3.3319090645165668,1,0,5,0
26.758333333333333,913.7346825643242,546.3257879484385,3.3403649964241673,1,0,5,0
26.766666666666666,913.6310254749878,546.7906167052413,3.2941911438501563,1,0,5,0
26.775,912.7860967897376,547.295760909606,3.3589009818361317,1,0,5,0
26.783333333333335,912.6902708882966,547.2370097490448,3.3025998347149543,1,0,5,0
26.791666666666668,911.6006430850383,547.7450577337823,3.3020661425800535,1,0,5,0
26.8,910.9679106869526,547.9098276116032,3.344234076628825,1,0,5,0
26.808333333333334,911.8725739030209,547.5284425797648,3.3496754042834183,1,0,5,0
26.816666666666666,913.0171602544731,547.188991902534,3.321398801685558,1,0,5,0
26.825,913.811622604533,547.340821943112,3.3208554610732763,1,0,5,0
26.833333333333332,913.7886659187029,547.617656744146,3.335306048717684,1,0,5,0
26.841666666666665,913.4885626318026,546.8843730670666,3.3215026651703874,1,0,5,0
26.85,913.8356743891705,547.3320632006194,3.3248558829118995,1,0,5,0
26.858333333333334,914.3437640819517,547.5975366723595,3.29347592951124,1,0,5,0
26.866666666666667,914.304863249151,547.0071504006693,3.2567787435197166,1,0,5,0
26.875,914.7211666598821,546.5593739263584,3.3220388621578696,1,0,5,0
26.883333333333333,915.075910808672,545.762879292095,3.326981065721583,1,0,5,0
26.891666666666666,915.1579167496506,546.7810008859781,3.286314383451576,1,0,5,0
26.9,914.968493916593,546.6583012936202,3.332138004985385,1,0,5,0
26.908333333333335,915.5235331468123,547.2517652841941,3.302235026252018,1,0,5,0
26.916666666666668,915.231943752447,546.970250999498,3.3540067508259113,1,0,5,0
26.925,914.971130753135,547.3325107229746,3.2936115585566115,1,0,5,0
26.933333333333334,914.3271335292272,547.3738360762101,3.2710701454313322,1,0,5,0
26.941666666666666,913.4003702818793,547.4858361220537,3.3040306760436446,1,0,5,0
26.95,913.7413234279502,547.1785712386231,3.275777206005759,1,0,5,0
26.958333333333332,913.946379086266,547.4863825621725,3.2886419303812104,1,0,5,0
26.966666666666665,915.2686952633137,548.0076269442636,3.27048864076905,1,0,5,0
26.975,915.8507763476174,547.3455249423134,3.2638791313180464,1,0,5,0
26.983333333333334,915.8748567155461,547.7584611267689,3.261849492175422,1,0,5,0
26.991666666666667,915.9436108568333,548.1708064569617,3.2660860800744023,1,0,5,0
27.0,915.6076230808392,548.701420623813,3.2501048096158778,1,0,5,0
27.008333333333333,915.6031277842987,548.2236761304696,3.2311976330880676,1,0,5,0
27.016666666666666,915.46655973081,548.4098555003362,3.254658639886937,1,0,5,0
27.025,915.1748185951141,548.0607359129505,3.206469474279289,1,0,5,0
27.033333333333335,915.2944698855963,549.3061955031408,3.2554801222640397,1,0,5,0
27.041666666666668,915.0863769294414,549.0157812913407,3.2327692024542696,1,0,5,0
27.05,915.5817374865517,548.6091232114852,3.2133494672014455,1,0,5,0
27.058333333333334,914.685646145141,549.6026832343279,3.219177802043817,1,0,5,0
27.066666666666666,914.5812279040994,549.9688145610419,3.2764907161695076,1,0,5,0
27.075,914.8103009519925,549.5189015385516,3.294122303739177,1,0,5,0
27.083333333333332,913.191122031888,550.0053991966685,3.240239534612818,1,0,5,0
27.091666666666665,912.8889220488264,550.0282247440539,3.2531631752610313,1,0,5,0
27.1,913.0720925097144,549.869335715205,3.2535533201100217,1,0,5,0
27.108333333333334,912.6622170540411,550.4794020236723,3.23086396674336,1,0,5,0
27.116666666666667,913.0332135089084,551.5009551932205,3.2558502156031843,1,0,5,0
27.125,913.928530378397,551.4194968262883,3.2347046743331664,1,0,5,0
27.133333333333333,914.087316718401,551.1485945645956,3.234390209767655,1,0,5,0
27.141666666666666,914.1886596379279,551.0544089859931,3.2250728886200246,1,0,5,0
27.15,913.672618115274,550.8946551168056,3.2464416698783496,1,0,5,0
27.158333333333335,914.1906335719624,550.1496498922158,3.256866956248463,1,0,5,0
27.166666666666668,914.3657409846215,550.1016756501837,3.25531892811867,1,0,5,0
27.175,914.1763278352851,550.2618257101099,3.2332578500901987,1,0,5,0
27.183333333333334,913.7316884341236,550.0343909308086,3.229153166003355,1,0,5,0
27.191666666666666,913.4128651001466,549.4185256933561,3.2521781305234416,1,0,5,0
27.2,912.824615545814,549.0496207201284,3.2530728033687923,1,0,5,0
27.208333333333332,912.6078228833892,549.1274170796017,3.235217244761774,1,0,5,0
27.216666666666665,912.991870780782,549.4216423950378,3.2571774132413553,1,0,5,0
27.225,913.2640038718982,548.9101817392047,3.2416218503947887,1,0,5,0
27.233333333333334,912.8441865226938,549.2898455247291,3.2657960530479775,1,0,5,0
27.241666666666667,913.2440124255313,548.6749884456141,3.221018927195657,1,0,5,0
27.25,913.748125031904,548.7892142264238,3.245299203598769,1,0,5,0
27.258333333333333,914.3047562464176,549.2860985270368,3.229552702477596,1,0,5,0
27.266666666666666,914.2793682964484,548.4899987231469,3.2201128488458775,1,0,5,0
27.275,914.0390659782485,548.6588078380166,3.201771944392547,1,0,5,0
27.283333333333335,914.7035643067325,548.2706294400681,3.2070567658380753,1,0,5,0
27.291666666666668,914.2783772987146,548.0778475607283,3.2718069080350944,1,0,5,0
27.3,914.3829264601494,547.6796782888764,3.2386581767653664,1,0,5,0
27.308333333333334,913.6829409890652,547.0929727856167,3.221275592807706,1,0,5,0
27.316666666666666,913.645690511604,547.5310254183382,3.242630854067528,1,0,5,0
27.325,913.4431877950698,546.5560394061147,3.2272325658904304,1,0,5,0
27.333333333333332,914.1130539676268,546.2869859316535,3.231214872905523,1,0,5,0
27.341666666666665,913.8157116136673,546.7725314429657,3.239128146560168,1,0,5,0
27.35,913.8464812890537,546.5665616264207,3.1992372860810816,1,0,5,0
27.358333333333334,913.9965993082261,547.3685887451405,3.233175824113463,1,0,5,0
27.366666666666667,912.3183291492134,547.6140961529403,3.2128249842100027,1,0,5,0
27.375,911.840053799636,547.6848181595786,3.2008995263466744,1,0,5,0
27.383333333333333,912.1642893387135,546.607373392185,3.2052615837878062,1,0,5,0
27.391666666666666,911.8895792851206,546.7132023185425,3.233759142936738,1,0,5,0
27.4,912.6623678079644,546.7890938573448,3.20152314109313,1,0,5,0
27.408333333333335,911.786672275805,547.4912780030468,3.220233409331884,1,0,5,0
27.416666666666668,912.3932964578717,546.8714760804621,3.197756153221384,1,0,5,0
27.425,912.4325443840304,546.3066422417623,3.1866525923110673,1,0,5,0
27.433333333333334,912.5116820120472,546.2305339604576,3.1896891175571507,1,0,5,0
27.441666666666666,663.4656922773031,778.6825539447459,3.1909571185056342,1,0,5,0
27.45,663.2467857240317,777.7409107819246,3.213461497727953,1,0,5,0
27.458333333333332,910.6940009702031,544.9854458562193,3.221807684395717,1,0,5,0
27.466666666666665,910.8228519645268,546.0221159198055,3.199738321287864,1,0,5,0
27.475,911.3074654721582,546.4091343498224,3.1822094354820862,1,0,5,0
27.483333333333334,912.025022853296,547.1906681264473,3.215688983059705,1,0,5,0
27.491666666666667,912.033114311229,547.2361479516633,3.2116791978032375,1,0,5,0
27.5,912.2820395158184,546.9487296405706,3.1895744666793204,1,0,5,0
27.508333333333333,911.9575455003283,546.6809881787839,3.208591270251955,1,0,5,0
27.516666666666666,912.4326951684874,547.3183637659099,3.2251105565511415,1,0,5,0
27.525,912.3142909956512,547.6591448490698,3.2130686899426375,1,0,5,0
27.533333333333335,912.6299464873931,547.8570667396585,3.233784168830323,1,0,5,0
27.541666666666668,912.23542988215,547.8667410443344,3.1625724977825795,1,0,5,0
27.55,911.6567569961758,549.3434231749009,3.1934984257074497,1,0,5,0
27.558333333333334,911.4541494088246,549.26179941457,3.1562783835254558,1,0,5,0
27.566666666666666,911.2222965369341,549.2623089568679,3.2405022535332924,1,0,5,0
27.575,910.4090821782232,548.9235935517578,3.2090111968680217,1,0,5,0
27.583333333333332,909.8812398187256,549.3892672119935,3.210530490930579,1,0,5,0
27.591666666666665,909.8205287260819,549.303901045479,3.2002916870183897,1,0,5,0
27.6,909.2470032230497,549.9484388573414,3.206393407431816,1,0,5,0
27.608333333333334,909.3483569462206,550.1939896475286,3.2236250025506763,1,0,5,0
27.616666666666667,909.0537309425134,551.1252743167149,3.1841383363971354,1,0,5,0
27.625,909.322713675755,552.0705803359514,3.1892058967336396,1,0,5,0
27.633333333333333,909.4238953710365,553.3297060103934,3.2089371732370537,1,0,5,0
27.641666666666666,909.8502566747262,553.0704408085169,3.181868037401591,1,0,5,0
27.65,910.1311573886583,553.3227552177187,3.185190399686514,1,0,5,0
27.658333333333335,910.6513068404649,553.6220820729461,3.1850623619528498,1,0,5,0
27.666666666666668,910.6193351976295,553.6488740287837,3.196615626612366,1,0,5,0
27.675,910.8035265551116,554.2848491048192,3.195679648921333,1,0,5,0
27.683333333333334,911.1988314869143,554.3448699004142,3.1536807177438666,1,0,5,0
27.691666666666666,910.372621403427,554.3479008461535,3.205582829107943,1,0,5,0
27.7,910.2748919692981,553.2123388915666,3.1579191283432904,1,0,5,0
27.708333333333332,910.4323863919745,553.4349013471051,3.1688938245520926,1,0,5,0
27.716666666666665,910.2491364138172,553.6136596691938,3.1601715487883806,1,0,5,0
27.725,910.1967871892043,553.138558421588,3.173370152683328,1,0,5,0
27.733333333333334,910.0774127225485,553.3497064820557,3.1306879209903005,1,0,5,0
27.741666666666667,909.5425961093474,553.9852007046863,3.1767601257443197,1,0,5,0
27.75,908.6228693396105,554.4616604543127,3.178647968326156,1,0,5,0
27.758333333333333,908.5230507976805,554.2868142100757,3.1633037956229915,1,0,5,0
27.766666666666666,908.4994115738087,554.2074161437351,3.182444549032413,1,0,5,0
27.775,907.9512871195577,553.4599696825092,3.199786243559029,1,0,5,0
27.783333333333335,908.282869745471,553.173184241482,3.154123411128477,1,0,5,0
27.791666666666668,909.0229366833117,553.6008763740006,3.1332129877719295,1,0,5,0
27.8,909.6290594322132,553.6993310636312,3.1619552726173894,1,0,5,0
27.808333333333334,909.1691009431335,553.958324992481,3.153973117299781,1,0,5,0
27.816666666666666,908.5336511704544,553.2367013828898,3.145322904503498,1,0,5,0
27.825,908.5727250152318,552.1916842515483,3.1803318392344555,1,0,5,0
27.833333333333332,908.2512117389605,552.2396569613776,3.158204397845951,1,0,5,0
27.841666666666665,908.4419349508715,552.0011515222534,3.1633400115215897,1,0,5,0
27.85,908.3109219281359,552.5690439505231,3.1578469605419763,1,0,5,0
27.858333333333334,908.0387322316192,553.9785999113961,3.1483427534663573,1,0,5,0
27.866666666666667,907.5953087501229,553.7923874971357,3.123284964649028,1,0,5,0
27.875,907.9878174615476,554.4691754915416,3.1564794879104454,1,0,5,0
27.883333333333333,907.5735613459403,554.735472839506,3.156583231048168,1,0,5,0
27.891666666666666,907.6110869848163,554.8973047098243,3.158096712274325,1,0,5,0
27.9,906.9608996610297,555.1171981066567,3.146686675790507,1,0,5,0
27.908333333333335,906.7690365377488,555.8281163287222,3.162638526906818,1,0,5,0
27.916666666666668,906.9888664287848,555.9095152518846,3.1567292961252713,1,0,5,0
27.925,906.9081873799248,554.9698660745717,3.1273153317125835,1,0,5,0
27.933333333333334,906.3712132609194,555.6681535384373,3.1402181625249415,1,0,5,0
27.941666666666666,906.1462602814668,555.4443185773564,3.153535563127358,1,0,5,0
27.95,906.7211514805223,555.0137475631021,3.1450226059855755,1,0,5,0
27.958333333333332,907.0828166349656,554.6462222530979,3.1431607712721368,1,0,5,0
27.966666666666665,907.7778466407298,554.8726831017373,3.1220306010667,1,0,5,0
27.975,908.5634372598972,554.920401781963,3.13913793377478,1,0,5,0
27.983333333333334,908.5104042236138,554.1717538482696,3.1675256916422008,1,0,5,0
27.991666666666667,908.5220027463955,553.9413205504264,3.142369643592043,1,0,5,0
28.0,909.3288727983189,554.2940141034127,3.1174618622492627,1,0,5,0
28.008333333333333,909.1734816007416,553.9663230462363,3.135342739139493,1,0,5,0
28.016666666666666,909.2964048372298,553.9236765673119,3.1319903465799963,1,0,5,0
28.025,910.1341048680579,554.4124564920094,3.1192627497312246,1,0,5,0
28.033333333333335,910.856490582875,554.8033572191121,3.1464053918220674,1,0,5,0
28.041666666666668,910.9336909818704,554.7577251838118,3.147428423616712,1,0,5,0
28.05,909.9927814759885,554.989591709232,3.139810373280129,1,0,5,0
28.058333333333334,910.2581504039905,555.6666186343234,3.175460615904824,1,0,5,0
28.066666666666666,909.625241390169,555.673959190729,3.142292315439611,1,0,5,0
28.075,908.6108244431733,555.4182126980907,3.107965964773416,1,0,5,0
28.083333333333332,909.1618362924349,555.5778755162044,3.1510233562252337,1,0,5,0
28.091666666666665,909.4415089479565,555.1568778700151,3.1118349865089736,1,0,5,0
28.1,909.5201955918496,554.5379680992337,3.1152486160148554,1,0,5,0
28.108333333333334,909.750429376393,554.6050176720969,3.092974573269829,1,0,5,0
28.116666666666667,909.6135254899866,555.9519418531986,3.137480908389062,1,0,5,0
28.125,909.6750311431277,555.9308495593752,3.152009745241568,1,0,5,0
28.133333333333333,910.332946599927,554.8712683965274,3.107512792073673,1,0,5,0
28.141666666666666,909.3105000204569,555.1511966583498,3.109976365028221,1,0,5,0
28.15,908.9454503619546,555.4518687666349,3.1308444959919566,1,0,5,0
28.158333333333335,908.8388063700179,555.0259822989008,3.1623740737562382,1,0,5,0
28.166666666666668,908.1513733842546,555.5337028669932,3.12252884986982,1,0,5,0
28.175,908.9387972394327,555.3929653455513,3.142839479877576,1,0,5,0
28.183333333333334,910.0673817987263,556.4009681258075,3.1596550667308283,1,0,5,0
28.191666666666666,909.2849638226585,555.4624900450274,3.1234730827889265,1,0,5,0
28.2,909.7924754196786,555.3640823751184,3.107360122603563,1,0,5,0
28.208333333333332,909.5260526078802,554.68973164492,3.1026561379015907,1,0,5,0
28.216666666666665,908.8048529869906,555.0682364004448,3.1533441413761807,1,0,5,0
28.225,908.679116072635,554.9741064568362,3.122607468001691,1,0,5,0
28.233333333333334,909.6141785791679,554.2248821038255,3.097452353121327,1,0,5,0
28.241666666666667,908.9014990687234,554.5407626141623,3.1062256429481048,1,0,5,0
28.25,909.0818202525885,554.693819687121,3.101400245428414,1,0,5,0
28.258333333333333,909.3554366451061,555.1706315044114,3.1145385492436004,1,0,5,0
28.266666666666666,910.1546718426449,554.7450527768187,3.0956496351937357,1,0,5,0
28.275,910.2348410196796,555.0895714063377,3.1062944016540146,1,0,5,0
28.283333333333335,910.2847930437256,555.0144856214212,3.097662363935849,1,0,5,0
28.291666666666668,910.5081491161366,554.871410594094,3.1245599338358927,1,0,5,0
28.3,910.6174475167719,555.0810683631959,3.102848626307087,1,0,5,0
28.308333333333334,909.8644123494155,554.922632613611,3.0895974912004456,1,0,5,0
28.316666666666666,909.4794284641514,554.86696030312,3.1263102770640323,1,0,5,0
28.325,909.9883295710603,554.8476897448397,3.1095009331503736,1,0,5,0
28.333333333333332,910.5508655687809,554.643088025601,3.0968778875827385,1,0,5,0
28.341666666666665,910.5085260084278,555.6376037692837,3.0974804390684754,1,0,5,0
28.35,910.2671379760578,556.0920912862899,3.1444678082207456,1,0,5,0
28.358333333333334,909.9442309519379,555.9324980116321,3.0818320849625054,1,0,5,0
28.366666666666667,909.9856311678689,555.6034388355457,3.08866467089391,1,0,5,0
28.375,909.5087713049967,555.2995908095936,3.1100672493438757,1,0,5,0
28.383333333333333,909.0107182808449,554.8885563800136,3.1171962489306244,1,0,5,0
28.391666666666666,908.9880477458985,554.3595268177955,3.105539802133869,1,0,5,0
28.4,908.8890048331489,553.762451629452,3.109011677929976,1,0,5,0
28.408333333333335,908.7704815781091,553.9659885559333,3.136416395796247,1,0,5,0
28.416666666666668,909.001267613908,553.3928828273915,3.0701042097040814,1,0,5,0
28.425,910.1138965734741,552.9068894827329,3.119739472688223,1,0,5,0
28.433333333333334,909.8174593489073,552.7333793238823,3.1240707741144638,1,0,5,0
28.441666666666666,910.4697831328593,552.4480848733676,3.103974225533973,1,0,5,0
28.45,911.3663006108318,552.5864926014166,3.1215275502909323,1,0,5,0
28.458333333333332,911.1219107462041,551.8957397992989,3.1096608987187393,1,0,5,0
28.466666666666665,910.8332514379287,551.9124996513333,3.110980890288684,1,0,5,0
28.475,910.3669612706062,552.359990650702,3.1096441927033944,1,0,5,0
28.483333333333334,911.0225349168956,551.4531637016406,3.13576009756176,1,0,5,0
28.491666666666667,910.9784325106284,551.6797004612297,3.112342400770879,1,0,5,0
28.5,909.9937126163705,551.1317429413297,3.1035380906776906,1,0,5,0
28.508333333333333,909.8286192895996,551.5620864897431,3.1039927434969057,1,0,5,0
28.516666666666666,586.518615938118,620.249482316181,3.087063037218705,1,0,5,0
28.525,586.8710391315576,620.7466030660783,3.111738374949444,1,0,5,0
28.533333333333335,908.7924867965936,553.1443701220329,3.0792069520381187,1,0,5,0
28.541666666666668,908.4982798357934,552.894489835014,3.063884697734555,1,0,5,0
28.55,908.5155684897409,553.5997734438698,3.1104015366584745,1,0,5,0
28.558333333333334,907.0203692966754,553.1394535775822,3.1120406804544687,1,0,5,0
28.566666666666666,907.0222920714866,553.2044985153931,3.120233473980331,1,0,5,0
28.575,906.9239761981414,553.5573893213109,3.118020480155053,1,0,5,0
28.583333333333332,907.3829782949892,553.5183091664036,3.1075736468425426,1,0,5,0
28.591666666666665,906.4666018442524,553.5065820351398,3.110476866888653,1,0,5,0
28.6,905.5398520592421,553.5766484062517,3.0907683017629206,1,0,5,0
28.608333333333334,905.1834237543967,552.8190667065342,3.1250639915453218,1,0,5,0
28.616666666666667,904.5907990676635,552.3236056424743,3.090427214525443,1,0,5,0
28.625,904.1538466038611,552.8546094571813,3.1130878162686884,1,0,5,0
28.633333333333333,904.3657234173805,553.4501433768424,3.073351445391583,1,0,5,0
28.641666666666666,904.3491406447419,553.1360808460294,3.0996627134776307,1,0,5,0
28.65,904.8379303633793,553.7500515942035,3.1205371688006127,1,0,5,0
28.658333333333335,905.0463741649392,552.6603415125468,3.068580074758845,1,0,5,0
28.666666666666668,905.1506036365728,552.9583711685564,3.1287223300185625,1,0,5,0
28.675,905.8974828324822,552.54217597974,3.1145484130551218,1,0,5,0
28.683333333333334,906.3554658609796,553.6238345721748,3.088911450958331,1,0,5,0
28.691666666666666,906.5739878847074,553.588798920451,3.0939890393118743,1,0,5,0
28.7,906.9281992550553,553.2118948995529,3.1101916549444484,1,0,5,0
28.708333333333332,907.8293374718223,553.0521767774225,3.1301048189782197,1,0,5,0
28.716666666666665,908.0713156514083,553.6550183806107,3.0895949192722405,1,0,5,0
28.725,909.2843843015687,552.9460370308976,3.107568480146482,1,0,5,0
28.733333333333334,909.1353443747574,553.3237466437132,3.126980268838746,1,0,5,0
28.741666666666667,641.5051272610079,601.5314129665837,3.090651654204325,1,0,5,0
28.75,641.6011631979528,602.1457753666298,3.071852702338673,1,0,5,0
28.758333333333333,909.37280341755,554.622120725609,3.135293396544629,1,0,5,0
28.766666666666666,909.718768056635,554.0257929380055,3.08733865705225,1,0,5,0
28.775,909.441287815126,553.6979281436479,3.082369436251448,1,0,5,0
28.783333333333335,908.4293179891869,552.9406417577992,3.069949584079592,1,0,5,0
28.791666666666668,909.6352054124235,553.4147849723811,3.0845043808340544,1,0,5,0
28.8,908.9304797274684,553.5199426184691,3.102694950358716,1,0,5,0
28.808333333333334,909.1521324204784,552.7224102822087,3.1216252905892348,1,0,5,0
28.816666666666666,909.7655739274844,553.1666463609096,3.0690979886506407,1,0,5,0
28.825,909.9406312384369,552.9986325653616,3.098036891947189,1,0,5,0
28.833333333333332,910.546608970714,552.5883759340313,3.152210337780398,1,0,5,0
28.841666666666665,910.8781629284617,552.3082846237797,3.0602148133891167,1,0,5,0
28.85,910.5555393699606,552.4160143204258,3.1150065502840256,1,0,5,0
28.858333333333334,910.4432355856342,552.4102066302314,3.100937685895085,1,0,5,0
28.866666666666667,910.5228844703225,551.9221197511645,3.1300123384751,1,0,5,0
28.875,910.3031079653051,552.1122115878743,3.0902882756645718,1,0,5,0
28.883333333333333,910.6777020795702,551.3503749936737,3.100703817422404,1,0,5,0
28.891666666666666,910.861276044051,551.8542998642763,3.0777696430428327,1,0,5,0
28.9,910.7742869879136,553.0211808781859,3.100137037854342,1,0,5,0
28.908333333333335,910.3815044725213,553.0724896814671,3.117964314002802,1,0,5,0
28.916666666666668,910.7333436779899,553.5987918627509,3.0922064357063865,1,0,5,0
28.925,910.9401394125957,553.7869111311489,3.1108223208087082,1,0,5,0
28.933333333333334,911.0172466373841,553.8246808463451,3.117271195429149,1,0,5,0
28.941666666666666,911.5796391925359,553.7985487068042,3.1086396420878093,1,0,5,0
28.95,911.0973011374246,553.030886360659,3.0643596698427045,1,0,5,0
28.958333333333332,910.8537814432415,552.936790710562,3.090071402521494,1,0,5,0
28.966666666666665,910.9476252643857,552.5195694429273,3.0889700260823876,1,0,5,0
28.975,911.7717583072853,552.7650195010361,3.0805598097521196,1,0,5,0
28.983333333333334,911.0366559400105,552.9796447110192,3.1120859968889163,1,0,5,0
28.991666666666667,911.0498200645019,553.1033254364153,3.1286965893207666,1,0,5,0
29.0,910.2967722865136,552.4355382387048,3.092867775768223,1,0,5,0
29.008333333333333,910.5840187417948,553.1268906698793,3.1022390320857043,1,0,5,0
29.016666666666666,910.2897948774224,553.4890741293173,3.0774844427343173,1,0,5,0
29.025,909.3739119214158,553.4009907959851,3.1335911644947796,1,0,5,0
29.033333333333335,909.4434183907023,553.0454997747402,3.129883330327019,1,0,5,0
29.041666666666668,909.46625915225,553.017115045123,3.134505129137198,1,0,5,0
29.05,908.1569561364882,551.9866172428236,3.0808802565395874,1,0,5,0
29.058333333333334,907.1081668178188,551.9037965716823,3.086892751171009,1,0,5,0
29.066666666666666,906.7409815226705,552.1304178197136,3.0941509737376816,1,0,5,0
29.075,906.4149317990768,551.985772514661,3.09958040141238,1,0,5,0
29.083333333333332,906.1232938886192,551.714318241593,3.127910436069703,1,0,5,0
29.091666666666665,906.4979410017212,552.617217564893,3.0978715080148316,1,0,5,0
29.1,906.9249332134336,553.046752027303,3.108239122002749,1,0,5,0
29.108333333333334,907.3458459415666,552.7423800129862,3.160728215282944,1,0,5,0
29.116666666666667,906.3742901469998,552.4060539127697,3.1414101641015764,1,0,5,0
29.125,905.5383031759735,552.9244590304653,3.122057245282332,1,0,5,0
29.133333333333333,906.1853840343731,552.9128225622011,3.1088244929022055,1,0,5,0
29.141666666666666,907.0703880108186,553.0542095765059,3.15098812915516,1,0,5,0
29.15,906.9991096887023,552.7174615430806,3.0612166791854505,1,0,5,0
29.158333333333335,905.9434704422442,552.7862134124671,3.0961274720789542,1,0,5,0
29.166666666666668,905.4508026626819,552.7165859761668,3.1001314911692637,1,0,5,0
29.175,905.8347915680748,553.0158575854655,3.0670088440264975,1,0,5,0
29.183333333333334,905.4253785734899,553.3240362650162,3.1430652969504624,1,0,5,0
29.191666666666666,905.7801772843707,552.7631202879415,3.1071076591953806,1,0,5,0
29.2,905.6996753912255,552.4813892763326,3.1255449029305,1,0,5,0
29.208333333333332,905.864520043607,552.6275545324362,3.0582637039674943,1,0,5,0
29.216666666666665,905.5598623123236,552.900857875751,3.1089534321217362,1,0,5,0
29.225,904.6841710929266,552.4934297092861,3.1089179995318426,1,0,5,0
29.233333333333334,904.6823502434555,552.512459956362,3.1091329617799803,1,0,5,0
29.241666666666667,904.6264958531541,552.1367580939367,3.114814521880595,1,0,5,0
29.25,903.694399518155,551.8643044977157,3.1001497155685964,1,0,5,0
29.258333333333333,904.1800849254269,551.7524997299329,3.1430810529775797,1,0,5,0
29.266666666666666,903.7809424901483,551.4983435681352,3.0868864240298253,1,0,5,0
29.275,904.4108251555973,551.483398245498,3.1029560850263063,1,0,5,0
29.283333333333335,904.5106184176157,551.373405306674,3.1082367203813623,1,0,5,0
29.291666666666668,905.7531175934013,551.5176248892511,3.13086935314835,1,0,5,0
29.3,905.7686482088395,551.6914463034394,3.1382903807997398,1,0,5,0
29.308333333333334,906.0850733306537,551.5543499495715,3.100742986727508,1,0,5,0
29.316666666666666,906.2089338837083,552.6055391909889,3.0985361911538734,1,0,5,0
29.325,905.535227065249,552.9308490831176,3.1469281448988187,1,0,5,0
29.333333333333332,904.7769661852645,552.98063555759,3.086905790461808,1,0,5,0
29.341666666666665,903.9495359826279,552.2118895324934,3.127121138815381,1,0,5,0
29.35,904.1472397420885,551.8552166017568,3.1549762133798143,1,0,5,0
29.358333333333334,903.5429653035441,550.7806272532508,3.125490462038547,1,0,5,0
29.366666666666667,903.2713163713305,551.3090666822385,3.150559409540722,1,0,5,0
29.375,903.7699505072509,550.6917943900098,3.108841817972246,1,0,5,0
29.383333333333333,904.4033167982057,550.6528279482588,3.1164070974323645,1,0,5,0
29.391666666666666,904.5449052181439,550.9002730285264,3.1284352301994502,1,0,5,0
29.4,905.3767001848663,550.9884784192276,3.109395532314482,1,0,5,0
29.408333333333335,905.844894198404,551.3096148384369,3.1470865485651855,1,0,5,0
29.416666666666668,905.8089753748812,551.7354648917458,3.1673409378666584,1,0,5,0
29.425,905.7362195726926,551.1595656234439,3.1034159804204875,1,0,5,0
29.433333333333334,906.0367631921248,551.5991951480813,3.1348186803811435,1,0,5,0
29.441666666666666,906.3555865865852,550.8055771752112,3.1520090989486773,1,0,5,0
29.45,905.9788567699793,550.6143044844339,3.1580550833864307,1,0,5,0
29.458333333333332,905.5640072404793,550.7568660252875,3.1158552160536384,1,0,5,0
29.466666666666665,904.6208996969108,550.7603080569078,3.117450111180767,1,0,5,0
29.475,904.5593431726202,550.913019171684,3.1134687652325854,1,0,5,0
29.483333333333334,904.6765630877655,551.0973728782758,3.128247816140479,1,0,5,0
29.491666666666667,904.6767393877807,550.993946821399,3.1425712384093933,1,0,5,0
29.5,905.069596391045,550.7015570149788,3.134976901656935,1,0,5,0
29.508333333333333,904.6983959136492,550.3234764600992,3.1598080898929544,1,0,5,0
29.516666666666666,904.7010692548629,550.3961896418876,3.118106697089698,1,0,5,0
29.525,905.0278060988743,550.1001793432841,3.186729082398695,1,0,5,0
29.533333333333335,905.2736948196224,548.730670918431,3.164022422176751,1,0,5,0
29.541666666666668,904.5967516021044,549.115208528602,3.1646712699881854,1,0,5,0
29.55,904.3596604227133,548.315613138917,3.169741764461609,1,0,5,0
29.558333333333334,904.7444301519376,549.3598704453651,3.1471122313959072,1,0,5,0
29.566666666666666,903.8820589284472,549.6819752235186,3.1487245791549556,1,0,5,0
29.575,903.6558426581316,549.5646053610141,3.1303366168033477,1,0,5,0
29.583333333333332,903.7499534431819,549.4515112532301,3.1499190739053673,1,0,5,0
29.591666666666665,903.9352103832041,549.7354922872024,3.137500707626305,1,0,5,0
29.6,904.6068465638793,550.0932403491396,3.1806262138742483,1,0,5,0
29.608333333333334,905.1900477604528,550.1538951700842,3.128069597619323,1,0,5,0
29.616666666666667,905.2229074974514,551.3548217247563,3.143757781273184,1,0,5,0
29.625,904.5946931524019,550.763575037864,3.150233204581246,1,0,5,0
29.633333333333333,904.4929957343741,550.5522607041257,3.1670069874404345,1,0,5,0
29.641666666666666,905.2457972840737,550.5012277967069,3.153530517071615,1,0,5,0
29.65,904.9328975851125,550.8091694359509,3.1472581590243895,1,0,5,0
29.658333333333335,905.1221712199979,551.1453292499602,3.167884698495755,1,0,5,0
29.666666666666668,906.0955876630738,551.6305286272191,3.213652565005604,1,0,5,0
29.675,906.3304366293343,552.0453760052892,3.1279245764949963,1,0,5,0
29.683333333333334,907.1491347925332,551.7108184777346,3.1893134141127644,1,0,5,0
29.691666666666666,906.7743419356639,551.7760863631711,3.1310831809766215,1,0,5,0
29.7,907.1789576219343,552.1951668170943,3.161464078972361,1,0,5,0
29.708333333333332,906.8244784208594,552.1927181256663,3.1351224611654316,1,0,5,0
29.716666666666665,907.1440706166582,552.3136306175963,3.166380569490238,1,0,5,0
29.725,906.6231992445012,552.9037190218785,3.2009321171791454,1,0,5,0
29.733333333333334,906.3765300711761,552.4945567489317,3.1574592678038003,1,0,5,0
29.741666666666667,906.941546492338,551.8372341641988,3.1680042004141837,1,0,5,0
29.75,907.3024226604093,551.3214858145978,3.1478082133902756,1,0,5,0
29.758333333333333,907.2767483297658,551.3324371804006,3.161265463029842,1,0,5,0
29.766666666666666,906.9421732943233,550.8313972768267,3.1864256617120934,1,0,5,0
29.775,907.1231105657166,550.9953958280865,3.1626841582004928,1,0,5,0
29.783333333333335,906.3357094907403,551.471822638772,3.18592261444842,1,0,5,0
29.791666666666668,906.49335844734,551.1310326830636,3.201111165133742,1,0,5,0
29.8,907.3164624342539,551.9895138103324,3.17071063966979,1,0,5,0
29.808333333333334,907.7297250778764,551.8826620941677,3.160779806130467,1,0,5,0
29.816666666666666,908.777045612434,551.2640660793576,3.1615948099700564,1,0,5,0
29.825,908.4773298575998,551.1393159667788,3.1642726693620173,1,0,5,0
29.833333333333332,908.6845258263319,550.7439204140853,3.1626020581041314,1,0,5,0
29.841666666666665,908.4859998796825,550.8290753430424,3.148306896554866,1,0,5,0
29.85,908.8138859449394,551.5592903648218,3.181074073041025,1,0,5,0
29.858333333333334,908.9441113497691,551.1148091179012,3.131913975551811,1,0,5,0
29.866666666666667,909.0034535355693,550.8557255098998,3.173414843445404,1,0,5,0
29.875,908.2892135456607,550.6496980645463,3.1751644501774163,1,0,5,0
29.883333333333333,908.6055033495611,550.1646089071098,3.171611528484591,1,0,5,0
29.891666666666666,908.1273094845199,550.0828509130084,3.20308397686852,1,0,5,0
29.9,908.2018610147169,550.385878057758,3.2004794559527925,1,0,5,0
29.908333333333335,907.472849379135,550.0033957211571,3.2290100525325154,1,0,5,0
29.916666666666668,907.7096442240403,550.0680654486565,3.2049952256905114,1,0,5,0
29.925,907.7021946252303,549.5349233313486,3.2047835622095735,1,0,5,0
29.933333333333334,907.7494239190148,549.5139094486997,3.1783154414972117,1,0,5,0
29.941666666666666,908.1510068376822,548.7845041517401,3.1815800513976438,1,0,5,0
29.95,908.2187050753548,548.572838225719,3.1975745106957945,1,0,5,0
29.958333333333332,908.0858634314177,548.5214511772941,3.1888520252305046,1,0,5,0
29.966666666666665,908.0865515413788,548.15333732444,3.1943888164046315,1,0,5,0
29.975,907.8349958761113,548.2832840275154,3.2138111186439686,1,0,5,0
29.983333333333334,907.4017359561484,548.0191385931557,3.211337549219768,1,0,5,0
29.991666666666667,907.5726453973499,548.0829996993907,3.175169868921698,1,0,5,0
30.0,908.337306422559,549.0803668274817,3.1778981925106895,1,0,5,0
30.008333333333333,907.9297920847225,549.2244499393934,3.1906941762225913,1,0,5,0
30.016666666666666,908.3234737218505,548.8927029804131,3.22861633583199,1,0,5,0
30.025,908.7278111126,548.5972429872407,3.2161031037247403,1,0,5,0
30.033333333333335,908.6940273920103,548.8445440962005,3.1981702531020795,1,0,5,0
30.041666666666668,908.1712228168236,549.2793247235733,3.2195262362616717,1,0,5,0
30.05,908.6352889819625,549.0786717269721,3.2067840689150224,1,0,5,0
30.058333333333334,909.5883614644231,549.4503293525131,3.2157059502304137,1,0,5,0
30.066666666666666,909.3791561136188,549.1452634332915,3.2171171365909887,1,0,5,0
30.075,908.7681899897879,549.9603729123761,3.215239900412047,1,0,5,0
30.083333333333332,909.6149162164835,550.1531639492808,3.218714928713146,1,0,5,0
30.091666666666665,909.0994338391272,550.1011199898962,3.177784960761056,1,0,5,0
30.1,909.4956747177927,550.1536625686039,3.2425276199360846,1,0,5,0
30.108333333333334,909.8552240646519,550.2265459532512,3.190458606126462,1,0,5,0
30.116666666666667,908.5638398409372,550.452883731895,3.233303315217464,1,0,5,0
30.125,909.0880005577155,549.8466699322797,3.221810027688488,1,0,5,0
30.133333333333333,908.9428549479767,549.8423568886049,3.1953050843181003,1,0,5,0
30.141666666666666,909.2281519996332,550.3869365328875,3.21772450406243,1,0,5,0
30.15,909.5858671961216,551.0051914483206,3.2522570907760535,1,0,5,0
30.158333333333335,909.2764915399979,550.3391979838389,3.2374867067988466,1,0,5,0
30.166666666666668,909.3055722566373,549.8396418941076,3.2148651582895043,1,0,5,0
30.175,908.9359915477241,549.8992789868596,3.228172475190681,1,0,5,0
30.183333333333334,909.4458105937749,549.4077480833554,3.214345251964917,1,0,5,0
30.191666666666666,909.5282717414109,549.1996751267582,3.234428497264742,1,0,5,0
30.2,910.3060869316461,549.8299029826519,3.2228584954764328,1,0,5,0
30.208333333333332,910.4253863582483,549.8517993385716,3.1973677107972596,1,0,5,0
30.216666666666665,909.8141757611346,549.8480666197984,3.255030252011616,1,0,5,0
30.225,909.8809934043261,550.0005250127451,3.2278596544817595,1,0,5,0
30.233333333333334,910.0384336063161,550.1022891167089,3.214241704660085,1,0,5,0
30.241666666666667,909.721869175288,549.5609432812812,3.2452214371332984,1,0,5,0
30.25,909.4950077439429,549.4027158004088,3.2253764402774943,1,0,5,0
30.258333333333333,908.9546776452287,549.1903831006751,3.277555468595168,1,0,5,0
30.266666666666666,909.0417489869246,548.4885208218599,3.2408327177005423,1,0,5,0
30.275,908.4569430107728,548.269270043067,3.2236232720330875,1,0,5,0
30.283333333333335,907.7063126427968,547.6811748035902,3.233661593321398,1,0,5,0
30.291666666666668,906.7734774305482,547.2268247051168,3.1750964171412575,1,0,5,0
30.3,906.5071716676415,546.8488080191506,3.254011305364136,1,0,5,0
30.308333333333334,907.5377118918586,547.48159288497,3.20763393606909,1,0,5,0
30.316666666666666,907.2713667892473,548.1253370211055,3.2484464829440136,1,0,5,0
30.325,908.2705505082919,547.5558495169468,3.227878851915698,1,0,5,0
30.333333333333332,908.4124004230845,548.2446710385748,3.2627296015731195,1,0,5,0
30.341666666666665,908.3477136994763,547.9097570654042,3.2720014386144305,1,0,5,0
30.35,909.1289549186591,548.2835547150834,3.241698117249765,1,0,5,0
30.358333333333334,909.5974158689702,547.4480670678679,3.2133893429694775,1,0,5,0
30.366666666666667,909.9894402681247,547.6044302889325,3.210809828863153,1,0,5,0
30.375,910.0240717147992,547.6684475958269,3.2176266310414228,1,0,5,0
30.383333333333333,910.5932322477298,547.5714458804739,3.2449130068631065,1,0,5,0
30.391666666666666,910.4807527138747,546.7397925733095,3.2306170636629195,1,0,5,0
30.4,909.8111466337449,546.3483980268358,3.249506999894289,1,0,5,0
30.408333333333335,909.7087301794361,546.1449036814381,3.230427705452176,1,0,5,0
30.416666666666668,909.8110297577831,546.3490835580158,3.2551421144991055,1,0,5,0
30.425,909.9378554239406,545.6468319354346,3.2353473142661002,1,0,5,0
30.433333333333334,910.5489831783864,546.2011769129537,3.25410472600419,1,0,5,0
30.441666666666666,909.9053951719173,546.1386679572868,3.273994735920715,1,0,5,0
30.45,910.5844515716756,546.8007049155085,3.2616235886111076,1,0,5,0
30.458333333333332,910.8191774154881,547.35424583376,3.270354361145477,1,0,5,0
30.466666666666665,909.873898668122,546.7716303465834,3.2679710993197326,1,0,5,0
30.475,910.0179310327667,546.8303933672531,3.235083470456233,1,0,5,0
30.483333333333334,909.8333188593506,547.3218774040948,3.2559965795991257,1,0,5,0
30.491666666666667,910.141075161041,547.563272020695,3.260689094367923,1,0,5,0
30.5,909.7821885521216,547.6496338233179,3.2220130824607827,1,0,5,0
30.508333333333333,909.4971595557752,547.9644738757835,3.267299099780853,1,0,5,0
30.516666666666666,910.0818967213933,547.861518260332,3.2754862015290453,1,0,5,0
30.525,910.3988881685158,547.7313099446893,3.273638933528763,1,0,5,0
30.533333333333335,909.4782109552716,547.7150283727724,3.2907324337587522,1,0,5,0
30.541666666666668,909.1278439470409,548.026483061606,3.2969555133411816,1,0,5,0
30.55,910.0405865070094,548.0667484347628,3.2688946314101233,1,0,5,0
30.558333333333334,910.2470063086973,549.3074734952966,3.264395530566524,1,0,5,0
30.566666666666666,911.3918982832339,549.5973463401906,3.2722049235998387,1,0,5,0
30.575,911.1985669681095,550.6892522071796,3.2939930408686005,1,0,5,0
30.583333333333332,911.9808432147355,551.069071969538,3.273542689193706,1,0,5,0
30.591666666666665,911.5055214379249,551.6735901539497,3.251595169856777,1,0,5,0
30.6,911.1384722371572,551.8623234828566,3.2644557469765783,1,0,5,0
30.608333333333334,911.2655150479578,552.7728482724599,3.236080486446521,1,0,5,0
30.616666666666667,910.6898482953276,552.5100308251627,3.2813987363833914,1,0,5,0
30.625,911.223922786715,552.3342082335346,3.287590496203886,1,0,5,0
30.633333333333333,910.5264745876568,552.9142665016034,3.314654407879592,1,0,5,0
30.641666666666666,910.582010652219,552.7678921972134,3.2676799556455673,1,0,5,0
30.65,910.7375165887292,552.4544523387436,3.2601211282332505,1,0,5,0
30.658333333333335,910.8488622585307,551.3245785993032,3.2701654455861626,1,0,5,0
30.666666666666668,910.8837308769137,552.1142485170909,3.270058428819662,1,0,5,0
30.675,911.1560058581049,551.8346941932638,3.281758813798205,1,0,5,0
30.683333333333334,911.0045062217154,551.0698200504006,3.279344010682747,1,0,5,0
30.691666666666666,910.4295107215916,551.3022091981065,3.274406048398532,1,0,5,0
30.7,910.674126327296,551.7396694592478,3.268996428335047,1,0,5,0
30.708333333333332,910.5506193377282,551.7118618527898,3.2635953640375757,1,0,5,0
30.716666666666665,910.503751799464,552.6056085790575,3.287162486850102,1,0,5,0
30.725,910.4483634926147,553.448145010014,3.248770853726627,1,0,5,0
30.733333333333334,910.3004524820377,554.1784057498556,3.2536095549673774,1,0,5,0
30.741666666666667,910.8140759603446,553.6654070271559,3.288161742771056,1,0,5,0
30.75,910.2634518654709,553.4604823256573,3.292382774302113,1,0,5,0
30.758333333333333,910.3954908093367,553.1693751509505,3.281879493746961,1,0,5,0
30.766666666666666,910.6564228683721,553.7014818963254,3.293868368673621,1,0,5,0
30.775,911.2172874084357,553.2542327303211,3.2535377444418443,1,0,5,0
30.783333333333335,911.1169455298053,554.5121131665754,3.2740080792076744,1,0,5,0
30.791666666666668,911.2900611897295,555.1070029040237,3.2644050456676865,1,0,5,0
30.8,911.1902057647119,555.266493162112,3.279829781609896,1,0,5,0
30.808333333333334,911.6436761410907,556.1841812850315,3.3186889609718837,1,0,5,0
30.816666666666666,912.0336206791089,556.736177668937,3.3042100080692722,1,0,5,0
30.825,912.4135827690058,556.8949957288938,3.257121914958351,1,0,5,0
30.833333333333332,913.2302760968958,556.5005560190801,3.3075195452301696,1,0,5,0
30.841666666666665,913.4369906519365,556.3960886349865,3.3140913840383477,1,0,5,0
30.85,912.9516593577241,556.595900348611,3.262562284187701,1,0,5,0
30.858333333333334,912.5173803193206,555.896023042107,3.2739267391787825,1,0,5,0
30.866666666666667,912.1698522246472,555.7772002711822,3.2679031090218076,1,0,5,0
30.875,910.9671050140805,557.0202327912673,3.300273136940103,1,0,5,0
30.883333333333333,911.6767027439329,556.7241783157941,3.2663154786464017,1,0,5,0
30.891666666666666,911.5458384451475,556.5361606451868,3.269179767784111,1,0,5,0
30.9,911.0981681114014,556.1026311315919,3.301337454048481,1,0,5,0
30.908333333333335,910.5208197673358,556.5384295225102,3.297205013769676,1,0,5,0
30.916666666666668,910.9233836339571,557.8281704011831,3.3120558875830923,1,0,5,0
30.925,909.3710477827551,559.1264284989666,3.3038954337833157,1,0,5,0
30.933333333333334,909.1295386656454,559.6236668475647,3.3107726006762124,1,0,5,0
30.941666666666666,908.3467803866025,559.6959724152002,3.2994785385001,1,0,5,0
30.95,909.5022545132582,559.8261638651364,3.3048812823183416,1,0,5,0
30.958333333333332,909.0526960328475,559.3520422231699,3.2985649259086487,1,0,5,0
30.966666666666665,909.2157050575721,560.0347961784269,3.2855674355173328,1,0,5,0
30.975,908.6282955307742,559.7098031502384,3.2903695466199543,1,0,5,0
30.983333333333334,908.5736015956235,559.9109510018598,3.3190526545066734,1,0,5,0
30.991666666666667,908.9394202148835,559.4611704521338,3.2998546922784335,1,0,5,0
31.0,908.6601647880764,559.2481892436598,3.289198381450975,1,0,5,0
31.008333333333333,908.1995674154579,560.0202357791427,3.2875401605799914,1,0,5,0
31.016666666666666,907.8634897822894,559.6231252189358,3.2878965273396012,1,0,5,0
31.025,908.2918681832299,560.5683107757719,3.3018927408273515,1,0,5,0
31.033333333333335,908.3425364497735,560.2837709861091,3.277257640267652,1,0,5,0
31.041666666666668,909.125434689735,560.5137474864638,3.275715088066257,1,0,5,0
31.05,907.6726324119007,560.8287803215628,3.314801325169586,1,0,5,0
31.058333333333334,908.0886922420993,561.267423334026,3.308838322782789,1,0,5,0
31.066666666666666,907.6676787461791,560.913112476178,3.2981876466387456,1,0,5,0
31.075,908.038573141701,561.2740075836656,3.310417207483258,1,0,5,0
31.083333333333332,908.4205209067674,561.1898348288972,3.3181208230101884,1,0,5,0
31.091666666666665,907.1591450234355,561.4299534858798,3.314210124269887,1,0,5,0
31.1,907.3981966051712,561.098719436102,3.2905216066552683,1,0,5,0
31.108333333333334,907.1162724103989,560.5458569063647,3.3076104028467537,1,0,5,0
31.116666666666667,906.9615257652436,560.4792894396002,3.25942167530775,1,0,5,0
31.125,907.3646877160269,560.794143910898,3.277033962219512,1,0,5,0
31.133333333333333,907.1961631951218,561.4383423381379,3.284226885660766,1,0,5,0
31.141666666666666,907.3988521645033,561.2705109963046,3.2988755329062456,1,0,5,0
31.15,907.485002408009,560.7178143784103,3.281006702368388,1,0,5,0
31.158333333333335,907.3724442398689,561.319675490595,3.3368787037036762,1,0,5,0
31.166666666666668,906.7448991505001,560.8326374728783,3.2485605069629044,1,0,5,0
31.175,906.4588734861982,560.5782321539465,3.294451861373317,1,0,5,0
31.183333333333334,906.407747319083,560.9252577487085,3.312056716331256,1,0,5,0
31.191666666666666,906.3481693570563,561.0620999724475,3.3182942936670585,1,0,5,0
31.2,906.0585166766434,560.7591203595946,3.2745917462017924,1,0,5,0
31.208333333333332,905.0328114081515,561.6309438952708,3.321382025042344,1,0,5,0
31.216666666666665,905.1340410008497,561.1803116478125,3.313233969790452,1,0,5,0
31.225,904.6984902164049,560.4084111190186,3.326742667894462,1,0,5,0
31.233333333333334,905.083035555495,561.2383889621384,3.3359920802779337,1,0,5,0
31.241666666666667,904.0338579168275,561.0982124141334,3.3363461533575305,1,0,5,0
31.25,903.4068698125886,560.6566912912801,3.271284792586243,1,0,5,0
31.258333333333333,903.6621770264561,560.9412945230091,3.282658597801761,1,0,5,0
31.266666666666666,903.6048077287649,561.3327929373158,3.3059561811650044,1,0,5,0
31.275,903.8378982720527,561.3637749802836,3.2476982602910525,1,0,5,0
31.283333333333335,903.0755343131739,561.9345656183964,3.273351220287265,1,0,5,0
31.291666666666668,903.4984143210388,561.5602481112933,3.3015314967918945,1,0,5,0
31.3,904.0925085356052,561.3090002621869,3.2924821417534043,1,0,5,0
31.308333333333334,903.9277007932313,561.0006306472308,3.3050464052846253,1,0,5,0
31.316666666666666,903.4160330757035,560.8491049144714,3.337173922335232,1,0,5,0
31.325,903.0649451268692,560.8827702275541,3.292102416067195,1,0,5,0
31.333333333333332,902.9928774773914,561.0087085397519,3.323510994155323,1,0,5,0
31.341666666666665,903.4971307499352,560.6939884309286,3.2789054610810426,1,0,5,0
31.35,904.0342565549216,560.2619689299189,3.312941608392928,1,0,5,0
31.358333333333334,903.1466880914188,559.9655570872584,3.2773354880048053,1,0,5,0
31.366666666666667,904.1740786598963,560.3201473652923,3.3001810328179095,1,0,5,0
31.375,903.5543913725604,559.7629406783681,3.318349320770474,1,0,5,0
31.383333333333333,903.3333646514942,559.4469964932686,3.317964241606978,1,0,5,0
31.391666666666666,903.5101905453582,559.5565949300548,3.3163469151414495,1,0,5,0
31.4,904.2468939519373,558.2831258679861,3.3098598583262726,1,0,5,0
31.408333333333335,904.5060454337133,558.6175495504059,3.271568252935792,1,0,5,0
31.416666666666668,904.5000563914975,558.9933304546373,3.3026306722325294,1,0,5,0
31.425,904.1706827760684,558.9172804558602,3.2949968066541846,1,0,5,0
31.433333333333334,904.4259155788563,559.1641748307642,3.3133539555679086,1,0,5,0
31.441666666666666,904.650015707153,559.1279569217056,3.2718631675450616,1,0,5,0
31.45,904.3311608034141,558.9781151888935,3.2903962536277387,1,0,5,0
31.458333333333332,905.2346849668148,558.9706762420558,3.3021891613441317,1,0,5,0
31.466666666666665,904.3399202095245,559.2068151050705,3.2765526377474203,1,0,5,0
31.475,904.7549893245183,559.363519933164,3.3208658770911894,1,0,5,0
31.483333333333334,903.6333631333995,559.0526587780141,3.300300378340499,1,0,5,0
31.491666666666667,902.8283082732783,558.9504927502829,3.328219390392159,1,0,5,0
31.5,903.4042252946916,558.4361940848079,3.3048592339786707,1,0,5,0
31.508333333333333,903.5330617256145,558.0776530307919,3.341529994065627,1,0,5,0
31.516666666666666,903.1644003750798,558.5805884016352,3.2693709562020876,1,0,5,0
31.525,903.6210939301221,558.936549687789,3.2985018542378017,1,0,5,0
31.533333333333335,903.8569464146117,559.5732529549268,3.281198629510893,1,0,5,0
31.541666666666668,904.178772081278,560.531348928046,3.275272027068431,1,0,5,0
31.55,903.4621230846662,560.4526499417001,3.2983581970981803,1,0,5,0
31.558333333333334,897.0745115064295,696.9124393607717,3.3138726562339915,1,0,5,0
31.566666666666666,896.8937215696454,696.6314216042947,3.2995290373330457,1,0,5,0
31.575,902.4319878049813,560.7199665634906,3.351167605686378,1,0,5,0
31.583333333333332,902.5041889277395,560.3806845316836,3.3078738547334674,1,0,5,0
31.591666666666665,902.2810413395267,560.2429059025454,3.275835755159141,1,0,5,0
31.6,902.6780393855655,560.0928255768993,3.289796748804124,1,0,5,0
31.608333333333334,902.6554800226703,560.3626546261933,3.2962699137054776,1,0,5,0
31.616666666666667,,,,0,0,5,0
31.625,,,,0,0,5,0
31.633333333333333,,,,0,0,5,0
31.641666666666666,,,,0,0,5,0
31.65,,,,0,0,5,0
31.658333333333335,,,,0,0,5,0
31.666666666666668,,,,0,0,5,0
31.675,,,,0,0,5,0
31.683333333333334,,,,0,0,5,0
31.691666666666666,,,,0,0,5,0
31.7,,,,0,0,5,0
31.708333333333332,,,,0,0,5,0
31.716666666666665,902.7281477093084,562.7786035601576,3.270719480223129,1,0,5,0
31.725,902.7267990811642,563.0382154432162,3.2655512003105818,1,0,5,0
31.733333333333334,902.5878863263414,562.8729647728143,3.247260523286414,1,0,5,0
31.741666666666667,902.3216136341115,562.3117572684978,3.2638092604773137,1,0,5,0
31.75,902.8757858662192,563.2175733631303,3.251402719866262,1,0,5,0
31.758333333333333,903.0886727164477,562.9915061380267,3.2743590751787592,1,0,5,0
31.766666666666666,902.7114650355854,562.3442161498001,3.2695766466967386,1,0,5,0
31.775,902.4513552827086,562.7867949829367,3.2804384859559748,1,0,5,0
31.783333333333335,902.7250929947061,562.1276486020203,3.2976787178139797,1,0,5,0
31.791666666666668,902.2469573783544,562.4228037143644,3.2693510798139935,1,0,5,0
31.8,902.0179051844829,561.6559004311977,3.268944330490928,1,0,5,0
31.808333333333334,902.5412749992158,561.2567365397879,3.2558282358833317,1,0,5,0
31.816666666666666,902.188072976358,562.1544969992146,3.275219507059419,1,0,5,0
31.825,902.5874174682173,563.366630433621,3.2724938134123787,1,0,5,0
31.833333333333332,902.2960313938894,563.878929555403,3.2549028631237604,1,0,5,0
31.841666666666665,902.1192985956842,563.4941872371102,3.284811791474969,1,0,5,0
31.85,901.7504428941296,564.5617959859161,3.278007053417133,1,0,5,0
31.858333333333334,901.0634725126915,563.851004361493,3.2800151978649423,1,0,5,0
31.866666666666667,901.9036345107841,564.2610578784582,3.267663634127248,1,0,5,0
31.875,902.4480092934926,564.4341865879654,3.2676195003695585,1,0,5,0
31.883333333333333,901.883588430981,564.3965541547382,3.312580345358007,1,0,5,0
31.891666666666666,901.9243870803145,564.7131306154471,3.2679296521485957,1,0,5,0
31.9,901.9008172618751,565.4537623078734,3.261204435527282,1,0,5,0
31.908333333333335,901.1624823230063,565.9417542194122,3.2571780339558054,1,0,5,0
31.916666666666668,901.1186113505158,565.4136074745825,3.26030222302766,1,0,5,0
31.925,901.3803901682141,565.3628659510289,3.2261794208603067,1,0,5,0
31.933333333333334,901.2088498636354,565.8106552313152,3.267344385300442,1,0,5,0
31.941666666666666,900.3422563441928,566.4087537669716,3.249558789274954,1,0,5,0
31.95,900.4877645227881,566.1907090440291,3.2601115696100837,1,0,5,0
31.958333333333332,900.0088753140883,567.1704274410123,3.271330943708238,1,0,5,0
31.966666666666665,900.2821026132627,566.7390026829232,3.26775381383416,1,0,5,0
31.975,900.0490054850655,567.2753680075972,3.247596538888786,1,0,5,0
31.983333333333334,899.6436644384596,567.9411806706231,3.258830327339992,1,0,5,0
31.991666666666667,900.684666587086,568.603072737856,3.257562633918262,1,0,5,0
32.0,900.8614671641614,569.039459376879,3.26015363740384,1,0,5,0
32.00833333333333,901.0084801464587,569.030841870727,3.2264541216737506,1,0,5,0
32.016666666666666,901.3074944446904,569.7226152431869,3.2560317467175244,1,0,5,0
32.025,902.21507601878,570.2508347640119,3.279045666015225,1,0,5,0
32.03333333333333,902.0451506415799,570.551991375749,3.2772245352633327,1,0,5,0
32.041666666666664,901.745021033767,570.1629879037931,3.249167308066572,1,0,5,0
32.05,901.0487634741057,570.138087869261,3.242223278235024,1,0,5,0
32.05833333333333,901.5294781825669,570.271293234728,3.2621576290112646,1,0,5,0
32.06666666666667,,,,0,0,5,0
32.075,,,,0,0,5,0
32.083333333333336,,,,0,0,5,0
32.09166666666667,,,,0,0,5,0
32.1,,,,0,0,5,0
32.108333333333334,,,,0,0,5,0
32.11666666666667,,,,0,0,5,0
32.125,,,,0,0,5,0
32.13333333333333,,,,0,0,5,0
32.141666666666666,,,,0,0,5,0
32.15,,,,0,0,5,0
32.15833333333333,,,,0,0,5,0
32.166666666666664,,,,0,0,5,0
32.175,,,,0,0,5,0
32.18333333333333,,,,0,0,5,0
32.19166666666667,,,,0,0,5,0
32.2,,,,0,0,5,0
32.208333333333336,901.4957107139379,567.95197898312,3.2382397974267567,1,0,5,0
32.21666666666667,900.9677669471957,567.8870302037053,3.24628958299068,1,0,5,0
32.225,901.4451318637189,567.6274628147913,3.2444558021946506,1,0,5,0
32.233333333333334,900.634451653829,567.2166164231613,3.2336923177903536,1,0,5,0
32.24166666666667,901.6266702169949,567.199197581658,3.2542751290430365,1,0,5,0
32.25,900.8360291685673,567.4621293258978,3.256451459701989,1,0,5,0
32.25833333333333,901.1640250921982,567.9569728519787,3.229076989193525,1,0,5,0
32.266666666666666,901.3338612805879,567.8858473694049,3.222214159577892,1,0,5,0
32.275,901.3353756412639,568.4151999850558,3.2277226747121914,1,0,5,0
32.28333333333333,901.6742735497699,569.2263412068247,3.197201266076927,1,0,5,0
32.291666666666664,901.7593582818308,569.7363170710204,3.209987535075398,1,0,5,0
32.3,901.8061723583627,570.2858347696331,3.2176191419609323,1,0,5,0
32.30833333333333,901.5431868795449,571.1096502839521,3.2323479573267484,1,0,5,0
32.31666666666667,901.9067843689821,570.0177996064177,3.2238022260491097,1,0,5,0
32.325,901.8806646654599,569.9927080615723,3.227073380517884,1,0,5,0
32.333333333333336,902.3588668001508,570.5697494762264,3.182056217091055,1,0,5,0
32.34166666666667,901.8337914257193,570.7472992328547,3.2565042915594464,1,0,5,0
32.35,901.754858197675,570.3917153425166,3.2225508374638308,1,0,5,0
32.358333333333334,901.7816149767376,570.7935253182051,3.199819967032202,1,0,5,0
32.36666666666667,901.6663161969816,570.8477267992283,3.2130092705967632,1,0,5,0
32.375,901.8356902008983,570.4764896960083,3.2130211235734443,1,0,5,0
32.38333333333333,901.769463610786,571.1868499154479,3.233024471684363,1,0,5,0
32.391666666666666,901.7977850644235,570.9204403936714,3.227677990041589,1,0,5,0
32.4,902.9442992260477,570.4119839009242,3.195639266088685,1,0,5,0
32.40833333333333,902.817911576453,570.025662056951,3.2190109298274483,1,0,5,0
32.416666666666664,902.8364099804337,570.2081912918981,3.1915773568808437,1,0,5,0
32.425,903.0842821512249,570.5111384907328,3.2203735922488135,1,0,5,0
32.43333333333333,903.3056831849387,570.6176348129133,3.1877403051071274,1,0,5,0
32.44166666666667,904.1223075420859,569.7037173307255,3.214694878459565,1,0,5,0
32.45,905.0836080102555,569.7104593207422,3.241763480071173,1,0,5,0
32.458333333333336,904.470479944303,569.3985903790992,3.2161783893037708,1,0,5,0
32.46666666666667,903.2735619451295,569.6954139248558,3.2234528962308473,1,0,5,0
32.475,904.3778634298724,569.8099682665,3.2100013729177843,1,0,5,0
32.483333333333334,904.4883902914172,570.1773292965663,3.197190576195284,1,0,5,0
32.49166666666667,904.9275015215779,569.6798685808099,3.1778941634103104,1,0,5,0
32.5,906.540446494951,570.0397600932396,3.2116673911489313,1,0,5,0
32.50833333333333,906.6650302633773,570.4656502407099,3.203709318050712,1,0,5,0
32.516666666666666,907.1848028033312,570.2260976980626,3.1979453378762437,1,0,5,0
32.525,907.2056493494844,569.7576985893303,3.190320007557277,1,0,5,0
32.53333333333333,907.5883401562944,570.5503130901411,3.1978203386555375,1,0,5,0
32.541666666666664,907.5300765616449,570.9654876553617,3.21486926675136,1,0,5,0
32.55,906.6276759423074,571.7770541532055,3.200348114921489,1,0,5,0
32.55833333333333,906.3673718952073,571.5974466259607,3.229024658445443,1,0,5,0
32.56666666666667,905.7722848964231,571.14388005306,3.205331645110941,1,0,5,0
32.575,905.6986888815824,570.4811699915213,3.1888983728362064,1,0,5,0
32.583333333333336,905.906628341548,570.0691342796786,3.149759458231726,1,0,5,0
32.59166666666667,905.5249370355605,570.0575277825227,3.1951117952260244,1,0,5,0
32.6,905.6657186461797,570.2942376402212,3.142065512119042,1,0,5,0
32.608333333333334,905.5047750583462,570.0118680763825,3.191897901139513,1,0,5,0
32.61666666666667,905.7437579850854,569.9305839441395,3.219752064162739,1,0,5,0
32.625,905.5385747180408,569.446166312373,3.1889408272238136,1,0,5,0
32.63333333333333,905.5894282996945,569.5755561065149,3.202258197940365,1,0,5,0
32.641666666666666,904.5570274215418,569.4751125515185,3.1951581454247067,1,0,5,0
32.65,905.4782604122859,569.3136956258596,3.203309119021783,1,0,5,0
32.65833333333333,905.6836564986119,569.3882113044724,3.169321548762083,1,0,5,0
32.666666666666664,906.388317948301,569.4888672924725,3.200693829289268,1,0,5,0
32.675,906.1075720926195,569.405501794017,3.15497647323268,1,0,5,0
32.68333333333333,906.5491329246298,569.2873231790816,3.164451407350034,1,0,5,0
32.69166666666667,906.5148289164017,569.8375070809566,3.1591590441453135,1,0,5,0
32.7,906.5251283477394,569.8153658877862,3.1517166973557336,1,0,5,0
32.708333333333336,906.5624608747871,569.3550026555058,3.1549951077346865,1,0,5,0
32.71666666666667,905.9512306550782,568.6546438560665,3.1346483281254707,1,0,5,0
32.725,904.978964878477,568.9272040649824,3.169905518055521,1,0,5,0
32.733333333333334,904.6882779017275,568.9193217758296,3.1566541284996417,1,0,5,0
32.74166666666667,905.1803638667745,568.8088923480101,3.1888778133747637,1,0,5,0
32.75,905.5082576152963,568.6137390273628,3.185248880053009,1,0,5,0
32.75833333333333,905.5908623714178,568.9054975530348,3.173600393038923,1,0,5,0
32.766666666666666,906.0382160864452,568.7756154960123,3.1467738860428964,1,0,5,0
32.775,906.1394329766422,568.7183652963424,3.133065425654394,1,0,5,0
32.78333333333333,905.8532192473115,568.1295472063007,3.1753410624595513,1,0,5,0
32.791666666666664,905.9126611285767,567.6822157530314,3.209975734563751,1,0,5,0
32.8,905.2230757024709,566.6004156583463,3.1546904322459355,1,0,5,0
32.80833333333333,905.4161319585619,566.4762309389941,3.1794248825694273,1,0,5,0
32.81666666666667,905.4721884803623,566.7483302562358,3.1616961239844765,1,0,5,0
32.825,906.0284148258656,567.1777474754048,3.1631582216853897,1,0,5,0
32.833333333333336,906.1316517703282,567.2076471983811,3.130208148309369,1,0,5,0
32.84166666666667,905.8254225603923,566.461642070792,3.1349632366457896,1,0,5,0
32.85,905.8783770784893,566.447449109485,3.161080324203785,1,0,5,0
32.858333333333334,906.2341467137147,567.3341461058533,3.1295937452618383,1,0,5,0
32.86666666666667,905.7352487677995,567.2551139407202,3.174112525393011,1,0,5,0
32.875,904.5232480457981,567.6685662421186,3.1490155128565003,1,0,5,0
32.88333333333333,905.0776329121722,567.6416404999749,3.141864105946207,1,0,5,0
32.891666666666666,904.7962329313768,567.158556884048,3.143000936000762,1,0,5,0
32.9,904.7214910151948,567.5240063996022,3.153202809905843,1,0,5,0
32.90833333333333,904.3751691519103,567.8439073539197,3.168939028491323,1,0,5,0
32.916666666666664,903.6180157117196,568.1212755227846,3.1713310489079083,1,0,5,0
32.925,903.3052935528012,568.7016333571574,3.135466514508329,1,0,5,0
32.93333333333333,903.6678371737318,569.1506682842135,3.1785811015117296,1,0,5,0
32.94166666666667,903.2112718124519,568.5538966292313,3.141019915471116,1,0,5,0
32.95,903.6081263791848,568.6166768952021,3.1664289794152647,1,0,5,0
32.958333333333336,903.1821504529854,568.7470948043363,3.1594192228991123,1,0,5,0
32.96666666666667,903.18639176168,568.385079241158,3.1194962403593616,1,0,5,0
32.975,903.3020358973811,568.160789745637,3.1542538008613947,1,0,5,0
32.983333333333334,903.1785229613442,567.15087087382,3.145369590255937,1,0,5,0
32.99166666666667,903.334629184179,567.7081490639055,3.1648791201537834,1,0,5,0
