t,gx,gy,pupil,valid,subj,trial,label
0.0,960.027870856251,540.053558330094,3.2166928773816403,1,6,6,0
0.008333333333333333,960.3003792963411,539.6389497353117,3.2209231637988642,1,6,6,0
0.016666666666666666,959.7917994510163,539.5911804267705,3.174560099166871,1,6,6,0
0.025,960.1125150143271,540.1022034867133,3.221266934008634,1,6,6,0
0.03333333333333333,959.9904262422187,540.2819631492043,3.2048378856866417,1,6,6,0
0.041666666666666664,959.3773787060312,540.2213049513741,3.189380073608902,1,6,6,0
0.05,959.5769146863444,540.0954866280604,3.2039001015551034,1,6,6,0
0.058333333333333334,959.5022790832584,540.3437454989067,3.2078798512643654,1,6,6,0
0.06666666666666667,958.956272271797,541.2428345359571,3.203869920744719,1,6,6,0
0.075,958.7878639385626,541.4272941088484,3.2242602690288154,1,6,6,0
0.08333333333333333,958.2554606837732,542.3999408810669,3.210155901274009,1,6,6,0
0.09166666666666666,957.9002237986256,542.9716539632998,3.249554144542687,1,6,6,0
0.1,957.9366284474111,543.883612064375,3.2569228334687548,1,6,6,0
0.10833333333333334,956.9951258368862,543.6075331777864,3.1996851007932157,1,6,6,0
0.11666666666666667,956.8639052665636,543.5620362491782,3.2605541712708654,1,6,6,0
0.125,957.1254593569311,542.9654236193973,3.2162451123322424,1,6,6,0
0.13333333333333333,956.5131071632139,543.2335114703019,3.204571359876211,1,6,6,0
0.14166666666666666,956.1638175858609,544.0049230744377,3.1958008876129353,1,6,6,0
0.15,955.7271293468056,543.9529376639026,3.243244106727405,1,6,6,0
0.15833333333333333,955.0674061753257,544.2665651034657,3.220933714490368,1,6,6,0
0.16666666666666666,955.097640676433,543.5706998867106,3.196618082629753,1,6,6,0
0.175,955.2824193197891,543.8158194355652,3.2543035423959736,1,6,6,0
0.18333333333333332,955.3366552821523,543.9314122830556,3.1872253698932633,1,6,6,0
0.19166666666666668,955.4957622354125,544.5819076635524,3.213001196876083,1,6,6,0
0.2,955.2351521926848,544.4606586780202,3.2354183868350113,1,6,6,0
0.20833333333333334,954.8805219314429,545.3716102806762,3.221176025579824,1,6,6,0
0.21666666666666667,954.9067603146908,545.1263851924194,3.2519911903352603,1,6,6,0
0.225,955.1925747128166,544.8885894401468,3.2199445582512394,1,6,6,0
0.23333333333333334,955.1044948751256,544.4135560860145,3.2703557915827695,1,6,6,0
0.24166666666666667,955.5279884115017,543.9879508029134,3.223528385801245,1,6,6,0
0.25,956.0310658457821,544.3833122893667,3.236027115731901,1,6,6,0
0.25833333333333336,956.6059754986599,543.6258265549823,3.213090632061799,1,6,6,0
0.26666666666666666,957.0011705169187,543.5333210453266,3.223898014738451,1,6,6,0
0.275,956.3574309040495,543.1399039795303,3.237304477781743,1,6,6,0
0.2833333333333333,957.0459357164791,542.8601687636282,3.2330993459464286,1,6,6,0
0.2916666666666667,957.2027712326995,542.9278393824223,3.266189476730127,1,6,6,0
0.3,957.1562179099478,542.9535501610258,3.2069342586080687,1,6,6,0
0.30833333333333335,957.1117124240528,542.9608030462515,3.250053829358299,1,6,6,0
0.31666666666666665,956.5564357242624,543.3127397416453,3.230466935923607,1,6,6,0
0.325,957.40549061251,543.6629669691005,3.2377173984458527,1,6,6,0
0.3333333333333333,957.1498607644828,543.5643251918357,3.2232253659139545,1,6,6,0
0.3416666666666667,956.4813863610741,543.1064926484868,3.231034172434422,1,6,6,0
0.35,956.0737328406235,543.8690719665881,3.2125166805834455,1,6,6,0
0.35833333333333334,956.2954383086882,543.3012782380177,3.258907310704167,1,6,6,0
0.36666666666666664,956.4745021669119,542.5461866483085,3.2355881097976877,1,6,6,0
0.375,956.880322185492,542.5381496366664,3.250655606381758,1,6,6,0
0.38333333333333336,956.4668557857599,542.5825419366396,3.214791056354079,1,6,6,0
0.39166666666666666,956.9382109834311,542.419574152885,3.2528940671941293,1,6,6,0
0.4,957.4561877025844,541.5196521671181,3.2605791575745458,1,6,6,0
0.4083333333333333,957.0240234892372,541.7590374182463,3.232210658798867,1,6,6,0
0.4166666666666667,957.5941274717177,541.804992160129,3.262801827015596,1,6,6,0
0.425,957.334967339926,542.7431593922935,3.25369099259518,1,6,6,0
0.43333333333333335,956.4433694332846,542.806173470247,3.2688375169061468,1,6,6,0
0.44166666666666665,956.790845395441,542.3652360787205,3.236059275719653,1,6,6,0
0.45,955.6098411001789,542.734742105132,3.250246158392106,1,6,6,0
0.4583333333333333,955.4452203772094,543.0880170156694,3.2724588719337935,1,6,6,0
0.4666666666666667,955.2786819640336,542.9473514186602,3.2441721807056165,1,6,6,0
0.475,954.9306269172455,543.0767570310907,3.2816697705033357,1,6,6,0
0.48333333333333334,956.1708996578362,543.2072419015362,3.2788502907415973,1,6,6,0
0.49166666666666664,956.3461764828365,543.9588714584742,3.2413923136343477,1,6,6,0
0.5,956.1502629133615,543.9311135445481,3.2581362312208317,1,6,6,0
0.5083333333333333,955.7047694572838,544.109836281455,3.275390361240343,1,6,6,0
0.5166666666666667,956.3880915635638,543.8312891791795,3.2450569321288003,1,6,6,0
0.525,956.7565901657432,544.4538314281416,3.2209124372591633,1,6,6,0
0.5333333333333333,956.235444215151,544.5419165839626,3.246863272990419,1,6,6,0
0.5416666666666666,956.7204619303169,545.1270894547997,3.267690129580344,1,6,6,0
0.55,956.6324011100211,544.6421590256928,3.264545152544314,1,6,6,0
0.5583333333333333,957.1894586282393,543.5336261509358,3.256647622577309,1,6,6,0
0.5666666666666667,956.8655768168957,543.7684283339514,3.2609657130493033,1,6,6,0
0.575,956.668655361412,544.7664765565038,3.251080441852568,1,6,6,0
0.5833333333333334,957.1675923582511,544.7658695876247,3.2840749719416205,1,6,6,0
0.5916666666666667,957.5174905187542,544.4717128249132,3.2623041875559164,1,6,6,0
0.6,957.3172598937997,544.7408627311473,3.258136453237527,1,6,6,0
0.6083333333333333,956.3524702370133,544.8666225083161,3.2560728897989826,1,6,6,0
0.6166666666666667,955.6422559916344,546.2597309467044,3.2563269039760847,1,6,6,0
0.625,955.7018215453874,546.4041976404478,3.2778696284339355,1,6,6,0
0.6333333333333333,955.899167315707,547.0521449808211,3.256051963181538,1,6,6,0
0.6416666666666667,955.4377841514806,546.9352130986074,3.272072116534893,1,6,6,0
0.65,955.0764585012083,546.8244270779112,3.2746813739586362,1,6,6,0
0.6583333333333333,954.4674466489108,546.5202973034791,3.2818403024582645,1,6,6,0
0.6666666666666666,954.5217194135928,546.4802172686653,3.2887912868895173,1,6,6,0
0.675,954.9033925523229,546.0890879077039,3.2923467884255637,1,6,6,0
0.6833333333333333,955.5344367407733,546.4902200809922,3.299355501275434,1,6,6,0
0.6916666666666667,955.5353035548537,546.2491772427501,3.255498418347547,1,6,6,0
0.7,955.334780854433,546.0338618488208,3.275588372011017,1,6,6,0
0.7083333333333334,1515.3744181174422,432.4350833856785,3.29299968194602,1,6,6,0
0.7166666666666667,1515.6142111893882,432.43255531825326,3.2605549432671825,1,6,6,0
0.725,956.5274272383487,546.3751572436165,3.2747141123065653,1,6,6,0
0.7333333333333333,956.860446408382,546.2887867867942,3.2694095734128923,1,6,6,0
0.7416666666666667,955.9747931492199,545.5552534192931,3.2593505242862375,1,6,6,0
0.75,956.4864926173565,546.5319153978749,3.279454927414649,1,6,6,0
0.7583333333333333,956.5297638094137,546.5601639221389,3.2703291861334725,1,6,6,0
0.7666666666666667,957.1990302346267,546.53310003389,3.278058997385114,1,6,6,0
0.775,958.105397526273,546.3799970864945,3.2294719505729326,1,6,6,0
0.7833333333333333,957.8924440122862,546.6086601565383,3.3205769375350878,1,6,6,0
0.7916666666666666,957.4042754513177,546.2038524360977,3.2888808269694914,1,6,6,0
0.8,957.3064651497887,545.3672826016032,3.2755671997460936,1,6,6,0
0.8083333333333333,957.6979587248544,546.1963990248098,3.2549732313604727,1,6,6,0
0.8166666666666667,956.8871736817337,546.4729266181236,3.2929744431989625,1,6,6,0
0.825,956.8320615559641,547.0877165689425,3.2959462699215045,1,6,6,0
0.8333333333333334,956.6937966063315,547.2209227786286,3.2684359870469573,1,6,6,0
0.8416666666666667,955.8488413214534,547.0025826403617,3.2966221856814233,1,6,6,0
0.85,956.0921862321347,547.4318597941335,3.3100810552486255,1,6,6,0
0.8583333333333333,955.9223226220039,547.8881129963004,3.3141749370438167,1,6,6,0
0.8666666666666667,956.0396850397153,548.4548439879187,3.2798874032917196,1,6,6,0
0.875,956.0449638974002,548.1343669240404,3.304837103316862,1,6,6,0
0.8833333333333333,956.198451518885,548.2689839133222,3.3073186227461497,1,6,6,0
0.8916666666666667,956.512314217648,547.962169536459,3.28365299338364,1,6,6,0
0.9,956.9435462513076,548.2034227027101,3.245299251675685,1,6,6,0
0.9083333333333333,957.0566111115876,547.6060082583954,3.2714320679797133,1,6,6,0
0.9166666666666666,957.370700703465,547.3678061685894,3.3019900293240925,1,6,6,0
0.925,957.6829115007409,548.1257120420319,3.3042036835449116,1,6,6,0
0.9333333333333333,958.0624208985873,548.4299618024796,3.3097130870543867,1,6,6,0
0.9416666666666667,958.4175990821426,549.1436414570538,3.2893904204167623,1,6,6,0
0.95,958.5992889434287,549.1274920378064,3.3021951449594953,1,6,6,0
0.9583333333333334,959.0077846666045,549.2384886448058,3.3323813713747685,1,6,6,0
0.9666666666666667,959.9250585789994,549.0521868804556,3.302436701579131,1,6,6,0
0.975,960.1984837793747,548.9600878121379,3.2966230080407724,1,6,6,0
0.9833333333333333,960.3975567768163,548.4324626457619,3.288943582165164,1,6,6,0
0.9916666666666667,960.5869534620965,547.3906869682678,3.286338785286299,1,6,6,0
1.0,961.3595509410907,547.3835512574693,3.3013676043082003,1,6,6,0
1.0083333333333333,961.6176762191926,547.5578857870732,3.322213494409655,1,6,6,0
1.0166666666666666,961.8871022987897,546.8890532402761,3.275912575901161,1,6,6,0
1.025,960.6540184352436,546.6398847942154,3.274683005835765,1,6,6,0
1.0333333333333334,960.7466008550474,548.0686913428087,3.2672614538995086,1,6,6,0
1.0416666666666667,960.7216706857713,547.655318718683,3.3193134100494,1,6,6,0
1.05,961.1542846036311,547.9227532803642,3.2929546711485265,1,6,6,0
1.0583333333333333,961.6542702115355,547.713980138581,3.3085396000572773,1,6,6,0
1.0666666666666667,961.9140263198053,548.0082033378128,3.2738125018780053,1,6,6,0
1.075,962.637690343407,548.9940584653715,3.329264202033385,1,6,6,0
1.0833333333333333,962.3082385482489,548.3549555212956,3.261583145124468,1,6,6,0
1.0916666666666666,962.6052130326485,547.5661039328751,3.268422446155134,1,6,6,0
1.1,962.5530093805131,546.994951276404,3.300017437172648,1,6,6,0
1.1083333333333334,962.0695697358146,547.5082480632304,3.283379843548115,1,6,6,0
1.1166666666666667,962.4271897904549,547.6619113594202,3.315199980180483,1,6,6,0
1.125,963.0346524934754,547.7587867759726,3.29886800030727,1,6,6,0
1.1333333333333333,963.8643474803978,546.9103672329113,3.3332896753937016,1,6,6,0
1.1416666666666666,963.7392692576295,546.9552569816639,3.3126541781944856,1,6,6,0
1.15,963.8414013790346,546.4817863732121,3.3008450211334144,1,6,6,0
1.1583333333333334,964.2134332870246,546.6968878762549,3.3112581714336105,1,6,6,0
1.1666666666666667,963.3522204206972,546.4984534308255,3.3193069173036496,1,6,6,0
1.175,963.4354423777805,546.1959467354473,3.3117277199365884,1,6,6,0
1.1833333333333333,963.6001558484502,546.6943216215134,3.303423816011606,1,6,6,0
1.1916666666666667,963.6505544651266,546.3164621822233,3.2962130593997814,1,6,6,0
1.2,964.083049012857,546.7240500137196,3.2893425445850135,1,6,6,0
1.2083333333333333,964.4267089803313,547.34566852614,3.272319261042282,1,6,6,0
1.2166666666666666,964.8616868343855,547.3809838943021,3.2637407127939846,1,6,6,0
1.225,964.8164552541,547.460736354438,3.2912497397836202,1,6,6,0
1.2333333333333334,963.618041880672,547.1067409667606,3.310883454582763,1,6,6,0
1.2416666666666667,964.0387388978891,546.4075388192963,3.276979162981123,1,6,6,0
1.25,964.2223708372443,547.0367395982004,3.292234726802938,1,6,6,0
1.2583333333333333,964.7169708419851,547.086708546111,3.2741513996380287,1,6,6,0
1.2666666666666666,964.9318965682801,547.4472518754222,3.2960532012337462,1,6,6,0
1.275,964.9691773357246,546.9099150871091,3.3018943908721505,1,6,6,0
1.2833333333333334,964.6748683257941,546.6078010567849,3.3093562851580196,1,6,6,0
1.2916666666666667,965.1977036553608,546.6299433769847,3.27853594640964,1,6,6,0
1.3,965.4148323028113,546.4106669742548,3.286825864555882,1,6,6,0
1.3083333333333333,965.3912353541801,545.4172441582945,3.282609647094372,1,6,6,0
1.3166666666666667,965.4156337174716,546.4165791826196,3.309394180431998,1,6,6,0
1.325,965.1750029786598,546.9205417427405,3.294939834547923,1,6,6,0
1.3333333333333333,966.0187947882104,546.8563680559075,3.3061721019522667,1,6,6,0
1.3416666666666666,965.7517461387349,547.6688741313561,3.2997738154543903,1,6,6,0
1.35,965.9282724135614,546.983028088347,3.2973247513231603,1,6,6,0
1.3583333333333334,965.8494189359174,546.8202319578163,3.326489132825049,1,6,6,0
1.3666666666666667,965.0388327844814,546.9849903483232,3.287447346208601,1,6,6,0
1.375,964.7319267257524,546.6992195056209,3.2892222649051837,1,6,6,0
1.3833333333333333,964.905058516441,546.8879206151314,3.313792741034297,1,6,6,0
1.3916666666666666,964.9928107931999,547.2215739161622,3.324456506814353,1,6,6,0
1.4,964.6263547137447,546.3252586751289,3.311029037277714,1,6,6,0
1.4083333333333334,964.1439931551233,545.7367987782754,3.2969436632575153,1,6,6,0
1.4166666666666667,964.0840331246087,545.275620114394,3.255108160420275,1,6,6,0
1.425,963.9956442576919,546.4346246362883,3.3229385859228073,1,6,6,0
1.4333333333333333,964.2042215563066,546.4811099441256,3.3486055687312812,1,6,6,0
1.4416666666666667,964.1058091214849,546.0676152399113,3.3188880861003445,1,6,6,0
1.45,964.3974917106046,545.8373462763667,3.311486047601469,1,6,6,0
1.4583333333333333,964.5564299742508,546.1637693285593,3.301021587417283,1,6,6,0
1.4666666666666666,965.2615171998168,546.3954783207562,3.278780950749002,1,6,6,0
1.475,965.544209443608,546.137824894999,3.31702323485518,1,6,6,0
1.4833333333333334,965.2372891921134,546.5714650127477,3.314145094007357,1,6,6,0
1.4916666666666667,964.8079740696404,546.1014955022508,3.312720257672823,1,6,6,0
1.5,964.4406397443915,546.2546972206153,3.307303573657664,1,6,6,0
1.5083333333333333,963.7280967030005,545.3567997237761,3.3536418322395547,1,6,6,0
1.5166666666666666,963.3359754828484,545.7028682277944,3.3286184139126678,1,6,6,0
1.525,963.5484983651411,546.035515298795,3.309795211627128,1,6,6,0
1.5333333333333334,963.6106565916137,546.209541273639,3.328422618594385,1,6,6,0
1.5416666666666667,963.4955911981519,546.4232156319509,3.332961456716811,1,6,6,0
1.55,963.0195617200513,546.5520517656659,3.3327303093211618,1,6,6,0
1.5583333333333333,962.3615770323704,546.757842472881,3.3132094825843486,1,6,6,0
1.5666666666666667,961.3169760467429,547.3627860235194,3.3633473095394923,1,6,6,0
1.575,962.2864790857428,547.5525746069634,3.3045977816384178,1,6,6,0
1.5833333333333333,962.6126928002722,547.1992082849137,3.3510445083564093,1,6,6,0
1.5916666666666666,962.3056134876035,546.5073622490016,3.33661449822052,1,6,6,0
1.6,961.9011992342452,547.3579339773271,3.3548094979579166,1,6,6,0
1.6083333333333334,962.225765906957,547.1144874379105,3.317715785385001,1,6,6,0
1.6166666666666667,963.3483453139402,547.256637090017,3.3520631855169976,1,6,6,0
1.625,962.9498407232467,547.5111574221236,3.306529864291859,1,6,6,0
1.6333333333333333,962.3328229129078,547.6198258156517,3.3398325790780534,1,6,6,0
1.6416666666666666,962.6110275318925,546.5512355131826,3.370573998348604,1,6,6,0
1.65,963.0318179509097,545.8765905994815,3.314251789794846,1,6,6,0
1.6583333333333334,962.7772790463538,546.0286320086336,3.3431647543240004,1,6,6,0
1.6666666666666667,961.9705146716171,545.5516550847179,3.360639228000303,1,6,6,0
1.675,961.6278113546169,544.9747214220749,3.348470994378725,1,6,6,0
1.6833333333333333,961.6091691035735,544.3422504609613,3.292071360454959,1,6,6,0
1.6916666666666667,1160.2274875989297,630.7952759507051,3.337667256723725,1,6,6,0
1.7,1160.3469163415327,630.2617448019197,3.30164266939314,1,6,6,0
1.7083333333333333,962.3387806732243,544.0103480499681,3.336655096881856,1,6,6,0
1.7166666666666666,962.206434890932,543.8911628821999,3.361783944363824,1,6,6,0
1.725,961.2884937742266,543.5139615807527,3.2944432708007714,1,6,6,0
1.7333333333333334,961.6242119360276,544.2405535589504,3.277742524937384,1,6,6,0
1.7416666666666667,962.1393527469576,544.5541741097223,3.313008349340922,1,6,6,0
1.75,962.3619728910033,545.1573130164487,3.3435180339662613,1,6,6,0
1.7583333333333333,962.0638187362023,544.1679434890933,3.27162441139028,1,6,6,0
1.7666666666666666,962.5339275763706,543.8536993117243,3.345545873124152,1,6,6,0
1.775,962.5060103766381,543.4641359361759,3.304921893271762,1,6,6,0
1.7833333333333334,962.6134206821406,543.8420096947732,3.2747126505926403,1,6,6,0
1.7916666666666667,961.9602594950607,543.6653405081905,3.2740127621277924,1,6,6,0
1.8,961.7913857679632,544.0802911464298,3.266711855932136,1,6,6,0
1.8083333333333333,961.9771242324497,544.438642875619,3.2887147311497995,1,6,6,0
1.8166666666666667,962.2250680616811,544.423882418721,3.28052945913206,1,6,6,0
1.825,962.3357283522522,544.8812972780077,3.2919897012986867,1,6,6,0
1.8333333333333333,961.7521810471127,545.2852606117523,3.272041517787844,1,6,6,0
1.8416666666666666,961.6074990962269,545.4615769432648,3.3005057642898037,1,6,6,0
1.85,962.2255570543775,546.1873442146152,3.2900207485294684,1,6,6,0
1.8583333333333334,962.7709154521941,546.6845520545419,3.2973526938366544,1,6,6,0
1.8666666666666667,962.3770527792316,545.8806467255201,3.3179617112529343,1,6,6,0
1.875,961.870556046112,546.41076423396,3.2821037737679783,1,6,6,0
1.8833333333333333,961.9272375965741,546.2809303131243,3.2825678112247596,1,6,6,0
1.8916666666666666,961.4097912096089,545.6456209119134,3.2903504360197924,1,6,6,0
1.9,960.806079829556,544.7903581853291,3.2949792525084405,1,6,6,0
1.9083333333333334,961.3862664230803,544.6164822134801,3.2656791615678986,1,6,6,0
1.9166666666666667,960.9500625355929,544.4547021444614,3.2894899962277404,1,6,6,0
1.925,961.0474795041288,545.465930692903,3.269385230199542,1,6,6,0
1.9333333333333333,960.9117017465377,546.0435103724967,3.261037798334523,1,6,6,0
1.9416666666666667,960.2669818415917,545.9882221200645,3.2661699905246997,1,6,6,0
1.95,960.1449496570765,546.7303262990282,3.2601604194719194,1,6,6,0
1.9583333333333333,960.2974060684473,546.8603933564997,3.2767848634402035,1,6,6,0
1.9666666666666666,960.4282799962172,547.1371083267571,3.295493979315175,1,6,6,0
1.975,960.7070240001071,546.405149180194,3.243861703947234,1,6,6,0
1.9833333333333334,961.1540009832482,546.9960974572122,3.2490985519976365,1,6,6,0
1.9916666666666667,961.4782162597439,546.8545579875193,3.2735116301779414,1,6,6,0
2.0,961.931602161247,546.3720363797432,3.255064701713034,1,6,6,0
2.0083333333333333,963.0570822150536,546.189282232839,3.250212622484135,1,6,6,0
2.0166666666666666,962.8939809303345,544.9317624265948,3.2343598810726837,1,6,6,0
2.025,962.3014264072466,545.158564999122,3.2198294088156136,1,6,6,0
2.033333333333333,962.315100056361,545.224394068402,3.2450723698049804,1,6,6,0
2.0416666666666665,962.654796082703,545.2850340205609,3.256021313581847,1,6,6,0
2.05,963.1030183478782,544.8161798818086,3.240763667556002,1,6,6,0
2.058333333333333,962.9361180919898,544.8581563296046,3.276438117605608,1,6,6,0
2.066666666666667,962.8673042433389,545.7372695738728,3.28501421402962,1,6,6,0
2.075,962.5781651967472,545.1337339678984,3.266236919519381,1,6,6,0
2.0833333333333335,962.1313825228186,545.9415297157595,3.279031671932792,1,6,6,0
2.091666666666667,961.7369264955388,545.4364360115725,3.2232459163776888,1,6,6,0
2.1,962.1778985275992,545.4914071602403,3.2520371080826833,1,6,6,0
2.1083333333333334,962.0501931827702,544.4882690772282,3.2635897410144032,1,6,6,0
2.1166666666666667,962.2082844027808,544.4575384245973,3.2746505219342916,1,6,6,0
2.125,961.4155178356976,544.3210882188984,3.240798645115135,1,6,6,0
2.1333333333333333,961.028280654698,544.513538418134,3.2560199997523807,1,6,6,0
2.1416666666666666,961.1938507947791,544.8666128798045,3.2479444177435353,1,6,6,0
2.15,961.3601531552258,544.615616516819,3.2476549209055237,1,6,6,0
2.158333333333333,961.0309269149268,545.0228584666708,3.2396753510929184,1,6,6,0
2.1666666666666665,961.0263253542292,545.8236186029562,3.2483141896710452,1,6,6,0
2.175,961.3310744534845,546.3481081793491,3.2204083099784646,1,6,6,0
2.183333333333333,961.415051643643,546.7593697774739,3.230254042471058,1,6,6,0
2.191666666666667,960.8876825544731,547.0441029038752,3.259069198931668,1,6,6,0
2.2,960.9345312100069,547.6851147768173,3.2729290197095526,1,6,6,0
2.2083333333333335,960.9439990362383,548.2258138218097,3.2536538046166683,1,6,6,0
2.216666666666667,960.7004530124178,548.0600637412641,3.2520775305442,1,6,6,0
2.225,960.454810673003,547.8762062760055,3.2757092157136785,1,6,6,0
2.2333333333333334,960.3832392546697,548.4638941202062,3.2348609650915106,1,6,6,0
2.2416666666666667,961.2554524493281,548.1667054149184,3.2105091356468347,1,6,6,0
2.25,960.6947888095558,548.2314103643517,3.2423297085800904,1,6,6,0
2.2583333333333333,960.665392838804,548.2028165376335,3.207536570072023,1,6,6,0
2.2666666666666666,960.6463302645499,548.1219537497562,3.253373999634354,1,6,6,0
2.275,960.3379503330268,548.2241406654465,3.277230168143407,1,6,6,0
2.283333333333333,960.9740254583562,548.9445465063407,3.2516801757275733,1,6,6,0
2.2916666666666665,961.710834546717,548.8482772227331,3.2309533416390894,1,6,6,0
2.3,962.8867092326553,548.9806509808268,3.209664683474363,1,6,6,0
2.308333333333333,962.7538288663068,549.0519581592022,3.2531533182544714,1,6,6,0
2.316666666666667,962.4315573374988,548.8356124396395,3.2050290619812056,1,6,6,0
2.325,962.0033504081528,548.9571390503681,3.2407135362433896,1,6,6,0
2.3333333333333335,962.4100384011077,548.7878832305136,3.245860736402273,1,6,6,0
2.341666666666667,961.6931921528345,549.2102365825959,3.1996069920230066,1,6,6,0
2.35,961.2277800146951,548.4886568886919,3.216176959486221,1,6,6,0
2.3583333333333334,960.6433233596958,547.9718956710868,3.2223376712393046,1,6,6,0
2.3666666666666667,960.6153119893934,548.7375452866968,3.2124443808100756,1,6,6,0
2.375,960.6433710761862,548.634648400243,3.209488922300491,1,6,6,0
2.3833333333333333,959.9465204520222,547.9434178472764,3.2137371268853525,1,6,6,0
2.3916666666666666,960.4877716662699,548.7952362219169,3.203764646598802,1,6,6,0
2.4,960.5199060484154,549.2154672125724,3.2221728766985436,1,6,6,0
2.408333333333333,960.1095386172977,548.3334840976338,3.1819507504922577,1,6,6,0
2.4166666666666665,960.3001825833352,547.6309715718795,3.2038144319696285,1,6,6,0
2.425,959.7404499511717,547.5066897096384,3.1997186344893973,1,6,6,0
2.433333333333333,959.4305952266578,547.6291247385033,3.2094982124294456,1,6,6,0
2.441666666666667,959.306063774314,547.9325585975032,3.204932157060107,1,6,6,0
2.45,959.2872777009516,548.904233107664,3.1771628394025906,1,6,6,0
2.4583333333333335,959.277071176038,548.4457683288961,3.2035667925666935,1,6,6,0
2.466666666666667,959.386836890378,547.8473214072079,3.203705019946877,1,6,6,0
2.475,958.667471663022,548.5249554923764,3.2138989476787785,1,6,6,0
2.4833333333333334,958.3346666553056,547.9905669524474,3.244626055317686,1,6,6,0
2.4916666666666667,958.7195349549426,547.5372567001414,3.2197667166580577,1,6,6,0
2.5,958.3389945288934,547.9071499410771,3.1929831394189363,1,6,6,0
2.5083333333333333,958.1686685598604,547.3725227756013,3.1933816685892404,1,6,6,0
2.5166666666666666,957.5623699462942,548.1327969291259,3.2026866706833563,1,6,6,0
2.525,957.5113422178331,548.2530719359161,3.2358000814812984,1,6,6,0
2.533333333333333,957.672687132853,548.7212269498574,3.1487606408558295,1,6,6,0
2.5416666666666665,957.745557963888,548.5704866325794,3.187902200248381,1,6,6,0
2.55,957.8091548735667,548.0790152950007,3.1834891116193784,1,6,6,0
2.558333333333333,957.8992460101674,547.4066296229564,3.1913382882582835,1,6,6,0
2.566666666666667,957.8432567210707,547.3637343151142,3.2102336487262133,1,6,6,0
2.575,958.0031831089306,546.8004582398462,3.2040443280934694,1,6,6,0
2.5833333333333335,958.4875804510425,546.6665542651372,3.191377128925897,1,6,6,0
2.591666666666667,958.0785236436282,546.2316161156051,3.1742069167906086,1,6,6,0
2.6,957.8015248980115,546.6321473850112,3.17647360489951,1,6,6,0
2.6083333333333334,958.2506977768578,546.5185166297513,3.2020975876943054,1,6,6,0
2.6166666666666667,957.4114612617102,547.1986816481125,3.1685073816527063,1,6,6,0
2.625,957.992073818707,546.997569783487,3.1763302729554788,1,6,6,0
2.6333333333333333,957.0151305641351,546.6410953986771,3.168208618204461,1,6,6,0
2.6416666666666666,956.4299569459114,547.1018195714514,3.16401578018277,1,6,6,0
2.65,957.0487840060007,546.5229423385732,3.1811290241902688,1,6,6,0
2.658333333333333,956.1628007720091,546.3417563150665,3.1806659591426993,1,6,6,0
2.6666666666666665,956.1121094044929,546.6348475579008,3.1874411482657847,1,6,6,0
2.675,955.7320636769517,547.3855361441193,3.194805729436097,1,6,6,0
2.683333333333333,955.6377916501255,547.9146582569817,3.191594095811559,1,6,6,0
2.691666666666667,956.2176954221002,547.3881350999147,3.15848976909874,1,6,6,0
2.7,956.3963862476522,547.67313997515,3.187442196288011,1,6,6,0
2.7083333333333335,956.170626345073,547.9639314199071,3.165977877581904,1,6,6,0
2.716666666666667,955.966066379806,547.9058887458926,3.16427769350474,1,6,6,0
2.725,956.3799313572001,547.517684679768,3.1701804458314298,1,6,6,0
2.7333333333333334,956.042938888653,547.7483742141272,3.2018366945979393,1,6,6,0
2.7416666666666667,955.4889361357849,547.4632968898173,3.1756387948227074,1,6,6,0
2.75,956.1506536128725,547.4926078475556,3.150998677446138,1,6,6,0
2.7583333333333333,956.7777272558844,547.4874124816589,3.183205206622036,1,6,6,0
2.7666666666666666,956.8717049717304,547.4549721529825,3.2044206541569458,1,6,6,0
2.775,956.9618491667262,547.1685510703487,3.17342678896908,1,6,6,0
2.783333333333333,957.9343525290493,547.0784612323631,3.1232977425523627,1,6,6,0
2.7916666666666665,957.2474806128358,546.9660976435259,3.1832574003219998,1,6,6,0
2.8,956.8650831547868,547.4231506554172,3.1655323949175616,1,6,6,0
2.808333333333333,956.7967164797665,547.1440105948104,3.138001416115871,1,6,6,0
2.816666666666667,956.7407191411077,547.741973691381,3.1604758136323685,1,6,6,0
2.825,956.6601041183523,548.225097098984,3.134753844554486,1,6,6,0
2.8333333333333335,956.5181448378781,548.081614680263,3.1110174793498926,1,6,6,0
2.841666666666667,956.6189307306203,548.4913392680285,3.183172029356887,1,6,6,0
2.85,957.2001512201745,548.2532274386788,3.1532662838597116,1,6,6,0
2.8583333333333334,957.0424028777513,549.0929645564856,3.159715229355335,1,6,6,0
2.8666666666666667,957.90745925176,549.5564162754878,3.1453830517724155,1,6,6,0
2.875,958.2557107152313,549.0697734010994,3.1329825675751706,1,6,6,0
2.8833333333333333,957.2177295555085,549.0133464018542,3.158437182282653,1,6,6,0
2.8916666666666666,957.7148930332813,549.3359592153676,3.1989182612703324,1,6,6,0
2.9,958.1122837511026,548.5733177229451,3.1501859761314237,1,6,6,0
2.908333333333333,958.2811928622956,548.278527909048,3.177179319146465,1,6,6,0
2.9166666666666665,958.2144180934343,547.5138073434598,3.1262358463637003,1,6,6,0
2.925,957.4419619679902,547.7372930318963,3.1562440869558728,1,6,6,0
2.933333333333333,957.8674822951677,548.5132020439506,3.1335170721802137,1,6,6,0
2.941666666666667,957.6861901962194,548.0988639871935,3.133623091851031,1,6,6,0
2.95,957.4021158321899,547.7702971515857,3.1517492029611898,1,6,6,0
2.9583333333333335,957.9824268591377,547.3680679067561,3.148391821435905,1,6,6,0
2.966666666666667,957.5999433551632,547.137348748117,3.1436838190752647,1,6,6,0
2.975,957.4228645409554,547.7331407505552,3.1587287668220947,1,6,6,0
2.9833333333333334,956.9383718758377,547.5891513994588,3.1315353375726973,1,6,6,0
2.9916666666666667,956.4502058309664,547.6055589162557,3.1358485818797157,1,6,6,0
3.0,956.6539513779959,547.5372273360049,3.1372023250650094,1,6,6,0
3.0083333333333333,956.3909007292813,547.5056210788521,3.1050908919111735,1,6,6,0
3.0166666666666666,956.5429221049889,547.8234539875367,3.1232894982443153,1,6,6,0
3.025,956.4649640856926,547.9602749962037,3.1194635674791593,1,6,6,0
3.033333333333333,955.5705051445593,548.3874721023365,3.151057797118252,1,6,6,0
3.0416666666666665,955.3962841302488,547.5938439752869,3.106408429282592,1,6,6,0
3.05,955.4328613287186,547.3841647416348,3.145230301195011,1,6,6,0
3.058333333333333,955.7537307067757,547.2285556371057,3.138652603257395,1,6,6,0
3.066666666666667,955.1787167920078,547.223782663881,3.1464056333690786,1,6,6,0
3.075,954.9751945877872,547.070709859975,3.151988988863241,1,6,6,0
3.0833333333333335,955.1560702108031,547.080777113684,3.128974941103312,1,6,6,0
3.091666666666667,954.1245669095981,546.9670951004318,3.1294488187164533,1,6,6,0
3.1,954.5313760846924,546.6186035241363,3.092848136973026,1,6,6,0
3.1083333333333334,955.012134793729,546.2451495038184,3.107001364723912,1,6,6,0
3.1166666666666667,954.2750301995427,546.2315489955025,3.1560433734279716,1,6,6,0
3.125,954.0255367116216,546.4336946643074,3.1121450097214014,1,6,6,0
3.1333333333333333,954.297895829794,546.5758134354605,3.1510160756801135,1,6,6,0
3.1416666666666666,954.1364453616004,546.9659756875769,3.1096637183390836,1,6,6,0
3.15,954.7612436914548,547.5613629670422,3.095773831290751,1,6,6,0
3.158333333333333,954.7301940728931,547.9618514433357,3.1249515348922348,1,6,6,0
3.1666666666666665,955.1167745863659,548.5625427495402,3.148717580938232,1,6,6,0
3.175,954.892149299576,548.6666018770226,3.1613377640155464,1,6,6,0
3.183333333333333,954.8821936380543,548.0116696087305,3.1187433582273045,1,6,6,0
3.191666666666667,954.5642829565377,547.2653702488979,3.114256103982362,1,6,6,0
3.2,954.9989480666197,547.1052127468485,3.133500560782423,1,6,6,0
3.2083333333333335,954.8132695437456,547.6466231303865,3.11788089663029,1,6,6,0
3.216666666666667,954.2615034473077,547.2389731237428,3.098766354858153,1,6,6,0
3.225,954.2363684183488,547.1184114942075,3.1358696181661005,1,6,6,0
3.2333333333333334,954.5182105088642,548.2103612696344,3.135286768568317,1,6,6,0
3.2416666666666667,954.2969648233193,548.5205593816806,3.1538827300738226,1,6,6,0
3.25,954.3989656074332,547.9407775059758,3.12344425983471,1,6,6,0
3.2583333333333333,954.412994338995,546.4867515693833,3.129270806996677,1,6,6,0
3.2666666666666666,954.8648643499382,546.6533601339274,3.1277480879075874,1,6,6,0
3.275,953.2351103432884,546.2491564113192,3.1002952841186904,1,6,6,0
3.283333333333333,953.5920131967914,546.0100914118477,3.1173408159310054,1,6,6,0
3.2916666666666665,953.3862245004359,545.8713672885442,3.1524068204328994,1,6,6,0
3.3,953.4113605399594,545.5829482217828,3.1222500831841966,1,6,6,0
3.308333333333333,952.9413394314358,545.8384659199886,3.0974559444700964,1,6,6,0
3.316666666666667,952.4857008754033,546.0615780236931,3.1306146541835855,1,6,6,0
3.325,951.9443379299297,545.7455547615823,3.1420377365796317,1,6,6,0
3.3333333333333335,951.5475279164766,545.3946494671626,3.116664790111298,1,6,6,0
3.341666666666667,951.3672085232811,545.9515795703933,3.1055608327340334,1,6,6,0
3.35,950.697431577747,545.6755111301683,3.0972815620155245,1,6,6,0
3.3583333333333334,949.688160041859,545.6372006435471,3.1062156305942508,1,6,6,0
3.3666666666666667,950.2442066209865,546.7749404180425,3.09738436550079,1,6,6,0
3.375,949.9584141581554,547.7641313788437,3.111773361419439,1,6,6,0
3.3833333333333333,948.9244687124581,547.9167987823762,3.093096968881203,1,6,6,0
3.3916666666666666,948.0816574667323,548.3158537715221,3.1066577969134834,1,6,6,0
3.4,947.3296668258571,547.7763796894797,3.139546159142886,1,6,6,0
3.408333333333333,947.6124720194774,548.1147096151251,3.099605186394656,1,6,6,0
3.4166666666666665,947.5949479518036,548.096577098362,3.1031097555623135,1,6,6,0
3.425,947.25458991266,548.5134923015992,3.107440583783726,1,6,6,0
3.433333333333333,946.6926621073196,549.1422627852398,3.12539992142266,1,6,6,0
3.441666666666667,946.5061731507178,548.2757288674238,3.1067765029840304,1,6,6,0
3.45,946.3032713029999,547.8637623804885,3.1237024504653768,1,6,6,0
3.4583333333333335,945.9472803501161,548.6689738328641,3.1205766950586256,1,6,6,0
3.466666666666667,945.4359695262596,549.19194212908,3.136974848722505,1,6,6,0
3.475,945.8991087564747,549.2697261339257,3.0776121926918716,1,6,6,0
3.4833333333333334,946.1912839128798,549.7991321255184,3.0877157281832335,1,6,6,0
3.4916666666666667,946.5768850043232,548.7352006104085,3.128514156543851,1,6,6,0
3.5,946.6430211683161,549.0697470802488,3.1005154693719117,1,6,6,0
3.5083333333333333,946.2296070785684,549.6619144483667,3.1060301466728246,1,6,6,0
3.5166666666666666,946.3559347154929,550.511937265666,3.1102545835016024,1,6,6,0
3.525,946.326489632313,550.6332881690275,3.0902954389360997,1,6,6,0
3.533333333333333,946.8168155908332,550.0571184382294,3.077915013210638,1,6,6,0
3.5416666666666665,947.3049806155731,549.8486965691005,3.0929370168229764,1,6,6,0
3.55,948.0467472315264,549.8536602951825,3.084951323091236,1,6,6,0
3.558333333333333,948.0431311106727,549.7034476696689,3.1043373052942798,1,6,6,0
3.566666666666667,947.6442508237863,548.9692530287268,3.087835051595049,1,6,6,0
3.575,947.3669249485799,548.5150059052364,3.11398694463662,1,6,6,0
3.5833333333333335,947.7348371291386,548.3869603208578,3.142417502314354,1,6,6,0
3.591666666666667,758.469311051275,471.4885840286167,3.0900094691956848,1,6,6,0
3.6,758.1896386933786,470.6005012642917,3.09843931419262,1,6,6,0
3.6083333333333334,948.8537217457148,547.0744077957194,3.0951977723759874,1,6,6,0
3.6166666666666667,948.5603626763473,547.4109882707661,3.079890365143386,1,6,6,0
3.625,948.1453724606492,547.2803254496187,3.122905056425558,1,6,6,0
3.6333333333333333,948.4270580862327,547.0762941373328,3.1024584728360294,1,6,6,0
3.6416666666666666,948.3227832711344,546.7643321257236,3.094987495261268,1,6,6,0
3.65,949.3451166417284,546.1002670390449,3.114000935539715,1,6,6,0
3.658333333333333,948.7590083079684,546.5429514104312,3.09932146172932,1,6,6,0
3.6666666666666665,948.9452959215789,546.4568320434063,3.0895285063686475,1,6,6,0
3.675,948.853768646644,546.2996766648913,3.0826815534703984,1,6,6,0
3.683333333333333,949.5457056508815,546.4796640026237,3.0834408500180674,1,6,6,0
3.691666666666667,949.7343235450847,546.879127726231,3.0977732023864517,1,6,6,0
3.7,949.0907947035386,546.5160185200399,3.0684898819553403,1,6,6,0
3.7083333333333335,948.728227478092,546.8833805868197,3.1180347962778465,1,6,6,0
3.716666666666667,948.6214962436505,547.0786802599943,3.107855472696914,1,6,6,0
3.725,949.2690857168654,548.3827169745163,3.123179424028458,1,6,6,0
3.7333333333333334,949.4942401469109,548.9806428702492,3.09082996304146,1,6,6,0
3.7416666666666667,949.5669043707938,549.2967367400919,3.1116692968316597,1,6,6,0
3.75,949.9590293755431,549.802512169808,3.0978112392117567,1,6,6,0
3.7583333333333333,950.0911246930486,550.2696891897692,3.0820087009941317,1,6,6,0
3.7666666666666666,950.58376559667,549.982716231085,3.088087953025942,1,6,6,0
3.775,950.5502967935251,550.6355680743359,3.118984528666564,1,6,6,0
3.783333333333333,950.2154128764713,550.7008037989403,3.066581792911708,1,6,6,0
3.7916666666666665,950.2864712267382,551.9899187187057,3.094393212526436,1,6,6,0
3.8,950.2377494282998,552.4506864652326,3.071753602517459,1,6,6,0
3.808333333333333,950.5770343132571,551.8158381759342,3.1296493481445955,1,6,6,0
3.816666666666667,951.6344012899955,552.168282748757,3.096709492105604,1,6,6,0
3.825,952.3510070068103,551.3576642534903,3.094524241667227,1,6,6,0
3.8333333333333335,952.3193067610091,551.4253775363914,3.0958362447359145,1,6,6,0
3.841666666666667,952.5842694607766,551.3530464858127,3.128596464199983,1,6,6,0
3.85,951.8640836368915,551.9690991237495,3.075306717899994,1,6,6,0
3.8583333333333334,952.3402405963411,551.1317220271928,3.0767435348587893,1,6,6,0
3.8666666666666667,952.5745569293102,550.6990586794149,3.1502406846920583,1,6,6,0
3.875,952.2330393260329,551.3941118249276,3.0847301883050426,1,6,6,0
3.8833333333333333,952.7119144551993,551.6507629243257,3.098669630196463,1,6,6,0
3.8916666666666666,953.0220818974217,551.6741990631444,3.0965420132200374,1,6,6,0
3.9,953.845469231163,551.9726570296392,3.1024329285877257,1,6,6,0
3.908333333333333,953.7879923651889,551.4386976240854,3.1020728638318573,1,6,6,0
3.9166666666666665,953.837299001151,551.2657155143762,3.1083738384870374,1,6,6,0
3.925,953.9891738284194,551.885949965688,3.127370833794827,1,6,6,0
3.933333333333333,953.9349214550355,551.2342936960886,3.132063473066039,1,6,6,0
3.941666666666667,953.9841728658993,550.6063254497789,3.1111828306278504,1,6,6,0
3.95,953.4269850974009,550.0747369174605,3.0850706725118378,1,6,6,0
3.9583333333333335,953.5873784721144,549.508718651217,3.0831984044144862,1,6,6,0
3.966666666666667,953.8852034437593,548.4316393186044,3.094011346633945,1,6,6,0
3.975,953.6428113067695,548.3187387743434,3.0994424408813024,1,6,6,0
3.9833333333333334,953.7299032998403,548.0081238601001,3.1009142695725536,1,6,6,0
3.9916666666666667,953.4365318627096,547.8001768787414,3.1177221345916997,1,6,6,0
4.0,952.9745023840887,547.8771481994232,3.1203325937242354,1,6,6,0
4.008333333333334,953.4149079565627,547.6186136588922,3.1036612374530184,1,6,6,0
4.016666666666667,953.6277996863435,547.3244704235102,3.086571090297043,1,6,6,0
4.025,953.1667733964601,547.4803491190289,3.067838119499213,1,6,6,0
4.033333333333333,952.8349406500332,547.1990455623383,3.102477311891114,1,6,6,0
4.041666666666667,953.1444950140409,546.9440999724271,3.1043370024575556,1,6,6,0
4.05,951.7033908841289,547.4273062638056,3.118634882372484,1,6,6,0
4.058333333333334,951.9160958897186,548.5258145716043,3.1085309534944017,1,6,6,0
4.066666666666666,951.3040429791848,548.6670361554185,3.082500925469236,1,6,6,0
4.075,951.6130596115015,548.0228897779723,3.1086052444469754,1,6,6,0
4.083333333333333,951.5545905079478,547.7298042263787,3.0877138747075086,1,6,6,0
4.091666666666667,952.2329502818682,548.1282159451125,3.10243780504603,1,6,6,0
4.1,952.6483975115194,547.3816496663735,3.0962325934350123,1,6,6,0
4.108333333333333,952.8586935830117,547.5766774806866,3.103836836064847,1,6,6,0
4.116666666666666,953.196692634416,546.9810607609068,3.0772017798283064,1,6,6,0
4.125,952.5934326467153,546.1981946557951,3.11096761600874,1,6,6,0
4.133333333333334,952.7778834969685,545.8818361604789,3.1467478384209158,1,6,6,0
4.141666666666667,942.0841523153964,695.8615217371645,3.103989328223007,1,6,6,0
4.15,942.6274345780892,695.4300132623357,3.133576334734592,1,6,6,0
4.158333333333333,953.275338677689,544.139608083248,3.1157091740636162,1,6,6,0
4.166666666666667,953.8616380991602,543.9280410642601,3.127126256311451,1,6,6,0
4.175,953.9808658749091,543.8551612495608,3.10574685386229,1,6,6,0
4.183333333333334,953.7626707905048,543.2788400872421,3.1536902551527155,1,6,6,0
4.191666666666666,954.5528396592359,543.6400951805297,3.122773494491416,1,6,6,0
4.2,953.398487049625,543.4915126065746,3.1058579723316053,1,6,6,0
4.208333333333333,952.6527066590743,543.9290463690846,3.123237763171201,1,6,6,0
4.216666666666667,953.2493541536212,544.7342374266523,3.0996790135912686,1,6,6,0
4.225,953.196953653578,544.750079820974,3.1031454756354475,1,6,6,0
4.233333333333333,953.4292807266506,544.4152822691685,3.110059124767818,1,6,6,0
4.241666666666666,954.3825040431783,544.4953899306167,3.1003060190605867,1,6,6,0
4.25,954.0864885726759,544.409024412646,3.161194398775934,1,6,6,0
4.258333333333334,954.5553426990056,544.7462201213939,3.1115200390866016,1,6,6,0
4.266666666666667,954.7845635076472,544.8089678322729,3.1485564680483566,1,6,6,0
4.275,955.3557132272764,545.3490565665934,3.1109259353926393,1,6,6,0
4.283333333333333,954.7368287930127,544.9153307480831,3.1092070758682233,1,6,6,0
4.291666666666667,955.5740542356839,545.5681546598356,3.101814962157802,1,6,6,0
4.3,957.1682263042679,545.3268231914508,3.1295788883851903,1,6,6,0
4.308333333333334,957.524193325109,544.5823785558538,3.099564384292037,1,6,6,0
4.316666666666666,957.729514664716,544.5380939829023,3.1335354523470866,1,6,6,0
4.325,956.8393158910328,544.3243298022358,3.1225665087727728,1,6,6,0
4.333333333333333,955.9515326210495,545.3625072022121,3.1084025153894697,1,6,6,0
4.341666666666667,955.8280416028414,545.7057009984319,3.1263320758200237,1,6,6,0
4.35,955.5596624875434,545.8309809439991,3.137195842762673,1,6,6,0
4.358333333333333,956.5389802214651,546.2308631013713,3.1208097794279293,1,6,6,0
4.366666666666666,955.3601820182436,546.8754554617321,3.1414794629382157,1,6,6,0
4.375,954.7809613828547,547.170768140759,3.106299573345727,1,6,6,0
4.383333333333334,955.3035091392534,547.3464273195938,3.109725592605964,1,6,6,0
4.391666666666667,955.6527674950186,546.9690236064218,3.1215038635272983,1,6,6,0
4.4,955.8053343751566,546.7565099121898,3.131905458186261,1,6,6,0
4.408333333333333,954.9032069991067,547.4523372221539,3.1458544187545203,1,6,6,0
4.416666666666667,955.2164223512384,547.2557040288328,3.146846952746663,1,6,6,0
4.425,955.8890682640715,549.0583932650401,3.141112733916153,1,6,6,0
4.433333333333334,956.6732086327187,549.1736365875336,3.145146221054279,1,6,6,0
4.441666666666666,956.3859637501034,549.4253550641381,3.108831657961988,1,6,6,0
4.45,956.1426781778276,548.727957273542,3.130538903710292,1,6,6,0
4.458333333333333,955.8137851791121,549.7107834209694,3.1404017031163125,1,6,6,0
4.466666666666667,955.7059355402267,549.0295396976937,3.1680985044485492,1,6,6,0
4.475,956.0306246254157,549.3786371512758,3.111737420061424,1,6,6,0
4.483333333333333,956.0264525929498,548.7972244389014,3.166362499179167,1,6,6,0
4.491666666666666,955.7506907424826,547.7767629705144,3.133652954290435,1,6,6,0
4.5,955.6987702397687,548.0197108853547,3.130580933815352,1,6,6,0
4.508333333333334,955.5644628535363,547.9880681029861,3.150957650040249,1,6,6,0
4.516666666666667,955.8353626179991,547.7713760013528,3.152980560845312,1,6,6,0
4.525,955.5853048855796,547.0820560797633,3.171612756607924,1,6,6,0
4.533333333333333,955.7666357564509,545.9448805083045,3.1266921588208465,1,6,6,0
4.541666666666667,955.3019743987678,545.2003103671993,3.104175423815742,1,6,6,0
4.55,955.1463088606176,545.209049903512,3.1291101178088243,1,6,6,0
4.558333333333334,954.852870877385,545.1773382893555,3.1771357914870446,1,6,6,0
4.566666666666666,955.8415734392744,545.2154145717878,3.1553252648072876,1,6,6,0
4.575,955.9167848732184,544.549120521576,3.135972672204052,1,6,6,0
4.583333333333333,956.2765450423632,545.0241819510281,3.155619436915445,1,6,6,0
4.591666666666667,956.2954622525414,545.5289913117463,3.1543925136498565,1,6,6,0
4.6,955.9856934860679,546.314253655352,3.1514147363443783,1,6,6,0
4.608333333333333,955.9840432823161,545.3510100719084,3.1672858524862293,1,6,6,0
4.616666666666666,955.9788315180078,544.9201535718895,3.163239556788053,1,6,6,0
4.625,956.0894681239757,544.9200969628562,3.1349893848916945,1,6,6,0
4.633333333333334,956.5636771792645,543.7562115359817,3.150323949571094,1,6,6,0
4.641666666666667,955.9396410485065,544.6275895936783,3.1299878217202988,1,6,6,0
4.65,956.6878636890776,544.7258006521113,3.143900879306548,1,6,6,0
4.658333333333333,955.9406292343402,545.706771339428,3.1335745449044716,1,6,6,0
4.666666666666667,955.8672220186606,544.685677509461,3.180173167122593,1,6,6,0
4.675,955.783331371651,544.596931776104,3.177415127224142,1,6,6,0
4.683333333333334,955.5924828533363,545.5621098572675,3.213103680341052,1,6,6,0
4.691666666666666,956.0265311641184,545.6996411273208,3.15855293788464,1,6,6,0
4.7,956.2366700448946,545.8903526266516,3.151253049601031,1,6,6,0
4.708333333333333,956.5316349193635,546.4837883862721,3.1511297177562567,1,6,6,0
4.716666666666667,956.0087054588843,546.4413570437763,3.168071884689983,1,6,6,0
4.725,956.1321531238048,546.3098193319519,3.2050502690589355,1,6,6,0
4.733333333333333,955.8933491605802,546.5905005515793,3.1593735744873745,1,6,6,0
4.741666666666666,955.9055154928027,545.6874196408226,3.1499122884302486,1,6,6,0
4.75,955.9249331072101,546.3137668760594,3.1594125952520855,1,6,6,0
4.758333333333334,956.8938454417618,545.5168704208768,3.201560997249704,1,6,6,0
4.766666666666667,956.5714328069142,545.3378214412269,3.1678768124867576,1,6,6,0
4.775,956.620984201853,545.4048711340566,3.1625296990129406,1,6,6,0
4.783333333333333,956.1830588438164,545.5873985881594,3.1706943302459343,1,6,6,0
4.791666666666667,956.357735384096,545.42076483721,3.210706696106271,1,6,6,0
4.8,955.8922743763164,545.147069494547,3.1701603270328125,1,6,6,0
4.808333333333334,956.3565572106113,544.8558604388712,3.1991494266541505,1,6,6,0
4.816666666666666,956.1831998357253,545.0316542446176,3.163087344179615,1,6,6,0
4.825,956.1882283946999,545.154529819652,3.190296837253931,1,6,6,0
4.833333333333333,1443.5915008764864,541.1725060975953,3.2185775578228486,1,6,6,0
4.841666666666667,1443.5808994457198,541.0719132515317,3.163104834570883,1,6,6,0
4.85,956.572498288041,545.9591347632112,3.188101819556277,1,6,6,0
4.858333333333333,957.3353678265808,546.2668995640594,3.147915766987983,1,6,6,0
4.866666666666666,958.0706225975758,547.5253670544134,3.170261811871638,1,6,6,0
4.875,958.2721094223693,547.6027640269817,3.1678337374171073,1,6,6,0
4.883333333333334,958.0478005244632,547.7341286154123,3.1790988512237193,1,6,6,0
4.891666666666667,958.5865447977337,547.9452932847148,3.134021957213755,1,6,6,0
4.9,958.1806567971587,548.0965360448729,3.2004628835489135,1,6,6,0
4.908333333333333,958.7401907593772,548.9666831045366,3.188544839605805,1,6,6,0
4.916666666666667,958.9635044678084,548.4554662491512,3.189163675390265,1,6,6,0
4.925,958.6772965490943,549.356192274432,3.20174577552369,1,6,6,0
4.933333333333334,958.7485261968657,550.2453899872422,3.2063089080054383,1,6,6,0
4.941666666666666,958.4159649838931,550.1814484683034,3.2064722695671066,1,6,6,0
4.95,958.410204975772,550.3158893920406,3.1611937112278543,1,6,6,0
4.958333333333333,958.5093075181298,551.3084175600453,3.184010953091417,1,6,6,0
4.966666666666667,958.360502124824,551.3503874354293,3.2176621557272256,1,6,6,0
4.975,957.7326238283613,551.3664883044008,3.234313531044905,1,6,6,0
4.983333333333333,957.987800874671,551.4786862910754,3.1949746813100037,1,6,6,0
4.991666666666666,959.0544035647541,552.360100107633,3.1956988748355397,1,6,6,0
5.0,958.918837940002,552.5256494246844,3.190671965551516,1,6,6,0
5.008333333333334,959.3867025129701,552.1067577452446,3.1940240217140814,1,6,6,0
5.016666666666667,958.8721951083587,551.3170857099676,3.2095212049931923,1,6,6,0
5.025,959.0262684405485,550.0899594898812,3.2134980181858404,1,6,6,0
5.033333333333333,958.9325928573971,549.2378371939755,3.198089865534351,1,6,6,0
5.041666666666667,960.2363564816567,548.7256011012093,3.2199422776946456,1,6,6,0
5.05,960.9750414127382,548.5419555923096,3.2147367123332,1,6,6,0
5.058333333333334,960.9508106153249,548.9259898846266,3.218448878580774,1,6,6,0
5.066666666666666,960.9162111603371,548.9788328292275,3.181546433213627,1,6,6,0
5.075,961.1298856848767,548.7364770540034,3.210246717110693,1,6,6,0
5.083333333333333,1209.929659434232,582.5637525781492,3.239541752248057,1,6,6,0
5.091666666666667,1209.412595593241,582.874562326263,3.23636078009187,1,6,6,0
5.1,959.449105131799,549.8530972647866,3.2009350407432784,1,6,6,0
5.108333333333333,960.2249443955948,549.7439022915764,3.2158796303289185,1,6,6,0
5.116666666666666,960.0657440444567,550.0537618503294,3.245254841732249,1,6,6,0
5.125,959.4753722227541,550.2941857172889,3.1885744747424227,1,6,6,0
5.133333333333334,959.3536485595965,550.1221020225605,3.2035813653686946,1,6,6,0
5.141666666666667,959.4772992913544,550.3630128814763,3.2632670403617885,1,6,6,0
5.15,959.1063582707708,550.4486523590299,3.2422755942215455,1,6,6,0
5.158333333333333,958.9280618479419,550.3657748393908,3.2377230190414057,1,6,6,0
5.166666666666667,957.9341224940308,551.0270669422043,3.2284390843602417,1,6,6,0
5.175,957.7481741683846,549.8788527044067,3.254386939201692,1,6,6,0
5.183333333333334,958.3641018500165,550.0638081936165,3.213103350611667,1,6,6,0
5.191666666666666,957.3688762181552,550.0616701103946,3.214540635056235,1,6,6,0
5.2,957.0143116507687,548.5504917738544,3.2418738871224524,1,6,6,0
5.208333333333333,957.5446499160726,548.9360470831795,3.223595694865911,1,6,6,0
5.216666666666667,957.936826521761,548.5810758709449,3.23241532171812,1,6,6,0
5.225,958.0919784001585,549.5681739277791,3.2361899524681923,1,6,6,0
5.233333333333333,958.121617992376,549.9842200918184,3.23736527066106,1,6,6,0
5.241666666666666,957.8983358097449,549.8162052684723,3.250306199640939,1,6,6,0
5.25,957.1551933111214,550.2136300922892,3.2471597903138942,1,6,6,0
5.258333333333334,958.3875635109692,550.3541670965342,3.2697638085987157,1,6,6,0
5.266666666666667,958.2162290788033,550.0848776336652,3.281179488116357,1,6,6,0
5.275,958.5669546215403,549.9999035161128,3.210712148124595,1,6,6,0
5.283333333333333,959.0525186380261,549.985911682909,3.251971769955702,1,6,6,0
5.291666666666667,959.8595539117573,549.8735580360108,3.272563660939342,1,6,6,0
5.3,958.9482060931787,550.0990771769048,3.2635397452338957,1,6,6,0
5.308333333333334,958.9553718716528,549.6197452748052,3.268640533380387,1,6,6,0
5.316666666666666,958.4308615157229,549.5904469703498,3.2691464161698267,1,6,6,0
5.325,958.7514258773268,550.4194264545923,3.3065257843272513,1,6,6,0
5.333333333333333,958.7831894615451,550.7225769098387,3.2556250568465512,1,6,6,0
5.341666666666667,957.8218359946576,550.5699407156291,3.286253949362002,1,6,6,0
5.35,957.6525971604509,550.8185022680597,3.2935495339601757,1,6,6,0
5.358333333333333,958.1590738072065,551.6881189716207,3.290810207882927,1,6,6,0
5.366666666666666,958.4937065238516,550.8070135968987,3.2813844271292725,1,6,6,0
5.375,958.3154652816236,550.5721153616852,3.307054040734865,1,6,6,0
5.383333333333334,958.3488114027135,551.3379583077037,3.3031367095370756,1,6,6,0
5.391666666666667,958.3383932708658,551.6677978842015,3.2867230957338793,1,6,6,0
5.4,958.2224588712796,551.0747040930279,3.291478210759246,1,6,6,0
5.408333333333333,958.2614574416207,550.9892961723376,3.28986913825173,1,6,6,0
5.416666666666667,957.7671525131855,551.3816368984191,3.3085986732246204,1,6,6,0
5.425,957.637365469752,551.2012580002988,3.3043165472884173,1,6,6,0
5.433333333333334,957.0838402731772,551.6712841362996,3.282726216843123,1,6,6,0
5.441666666666666,957.7054063564083,552.1638479194479,3.2977675409796294,1,6,6,0
5.45,957.433581592727,551.1328602992384,3.312889532465241,1,6,6,0
5.458333333333333,957.4626937022038,551.6947301355942,3.2839903210336754,1,6,6,0
5.466666666666667,956.8371679013011,552.8149022630706,3.313216153587894,1,6,6,0
5.475,957.1567501268336,552.338461588496,3.29679400493669,1,6,6,0
5.483333333333333,956.9186644249368,552.0546655543885,3.272799936898625,1,6,6,0
5.491666666666666,957.1587120963233,551.516762515213,3.2744833286016406,1,6,6,0
5.5,957.8324086636089,552.0432606304871,3.319180992530895,1,6,6,0
5.508333333333334,958.544050826016,551.8962782513557,3.3073049161035524,1,6,6,0
5.516666666666667,959.164695049884,551.9749223844905,3.2472745738765108,1,6,6,0
5.525,959.1048881635379,551.305332058939,3.2589657013808573,1,6,6,0
5.533333333333333,958.8919070696501,550.6823068724162,3.306363126994266,1,6,6,0
5.541666666666667,957.9590821131651,551.160402638254,3.269591484516571,1,6,6,0
5.55,957.6776000942151,551.2423974574241,3.2687755285447295,1,6,6,0
5.558333333333334,957.3758356976793,552.1394258751504,3.310645891388152,1,6,6,0
5.566666666666666,956.6853971941583,552.6648841425678,3.306394014542823,1,6,6,0
5.575,956.1534071350225,552.366829997011,3.263755291668186,1,6,6,0
5.583333333333333,955.7089438177021,553.4638509364175,3.255056516100266,1,6,6,0
5.591666666666667,956.4710527013455,553.1897314693039,3.2976096736991725,1,6,6,0
5.6,956.0319654752005,552.8974247143432,3.276354046286307,1,6,6,0
5.608333333333333,955.8636163907254,553.3502435405513,3.2779952387459415,1,6,6,0
5.616666666666666,956.1001837643967,553.4484371985376,3.329449352826134,1,6,6,0
5.625,955.814776872163,553.4754438539888,3.2696945096644168,1,6,6,0
5.633333333333334,955.6561270040289,553.5834575110069,3.274212833434971,1,6,6,0
5.641666666666667,955.7907673670617,552.5502712081843,3.281056983681337,1,6,6,0
5.65,956.4105207326221,552.4148634688204,3.286224732844606,1,6,6,0
5.658333333333333,956.5300473242831,552.1045155107439,3.3172440046465725,1,6,6,0
5.666666666666667,957.0724920518484,552.535583741517,3.2976743522277143,1,6,6,0
5.675,957.5779811412273,552.46334134728,3.208926963561574,1,6,6,0
5.683333333333334,957.5943711497287,552.039406495238,3.2907815789545265,1,6,6,0
5.691666666666666,957.1907672192092,552.5036867262022,3.2967751247176236,1,6,6,0
5.7,957.1592771559091,552.9430935218109,3.26104074655571,1,6,6,0
5.708333333333333,956.9074617723014,552.9713593468343,3.264510271090644,1,6,6,0
5.716666666666667,956.8191695100276,551.4003603717584,3.2960804181129113,1,6,6,0
5.725,956.46547784813,551.129063279926,3.2596496845149026,1,6,6,0
5.733333333333333,956.5269802448975,552.1581134497529,3.2958634875436346,1,6,6,0
5.741666666666666,956.6480295766819,552.7409547484124,3.2741590404092724,1,6,6,0
5.75,956.6589384126405,552.5420805198381,3.2959384850861793,1,6,6,0
5.758333333333334,956.186191699381,552.3404463770278,3.3229204684067812,1,6,6,0
5.766666666666667,956.1871027342744,552.4869934402585,3.255992182908966,1,6,6,0
5.775,955.4163877507631,552.4094336740906,3.282760553216888,1,6,6,0
5.783333333333333,955.2749008223687,552.4755984437893,3.2747091756311555,1,6,6,0
5.791666666666667,955.8235182265097,552.168787611922,3.3111026278153854,1,6,6,0
5.8,955.4822090281722,552.2436842284576,3.287790761416738,1,6,6,0
5.808333333333334,955.0984859146541,552.3477985584025,3.283420749822989,1,6,6,0
5.816666666666666,954.7441649336035,551.8824678528154,3.312445299626044,1,6,6,0
5.825,954.2636712147472,551.901176630211,3.321265330232697,1,6,6,0
5.833333333333333,955.2077816458044,551.9844634860389,3.3194366650958855,1,6,6,0
5.841666666666667,954.8171450589509,553.2015445180825,3.2814411165245496,1,6,6,0
5.85,955.302895884972,553.9251776860842,3.2894991856579465,1,6,6,0
5.858333333333333,955.4331743040377,553.944063577248,3.287009918575007,1,6,6,0
5.866666666666666,956.3559502807975,554.221356419716,3.297111526551477,1,6,6,0
5.875,956.4530855924316,554.1673621515,3.2778877393427837,1,6,6,0
5.883333333333334,956.5888657632771,553.6927283442565,3.2874352855709836,1,6,6,0
5.891666666666667,957.1223458175208,553.9109134344571,3.303633132582297,1,6,6,0
5.9,956.6486590380498,553.7342117618277,3.328289328239677,1,6,6,0
5.908333333333333,957.3215296735249,554.1419057925442,3.322277287813063,1,6,6,0
5.916666666666667,956.902949951562,554.0256550412846,3.2664467360737937,1,6,6,0
5.925,956.3992171056017,555.1191381455053,3.2781783164516165,1,6,6,0
5.933333333333334,957.1534497258795,554.3416546821073,3.2890215902168074,1,6,6,0
5.941666666666666,957.9561796922957,553.601082267734,3.2836662973883715,1,6,6,0
5.95,957.0880737594565,553.700764959647,3.2856284424068583,1,6,6,0
5.958333333333333,956.6215170357092,553.5401256717879,3.2745797216260115,1,6,6,0
5.966666666666667,956.5536608221789,553.8013051913288,3.269833172354074,1,6,6,0
5.975,956.6238323888463,552.4261474773656,3.2981312301480967,1,6,6,0
5.983333333333333,865.1862389206019,284.3970264003182,3.2871776752366175,1,6,6,0
5.991666666666666,865.8867602046519,284.27959499515947,3.2959059539633304,1,6,6,0
6.0,957.6784915884482,552.7379009109037,3.30558927206337,1,6,6,0
6.008333333333334,958.265894410847,552.526147286203,3.294939150591971,1,6,6,0
6.016666666666667,957.9263596093705,552.3467682329641,3.2618865851356382,1,6,6,0
6.025,957.8838211379029,552.5052545932498,3.3001320045186575,1,6,6,0
6.033333333333333,957.9512854294077,553.0770338204117,3.2790646328304827,1,6,6,0
6.041666666666667,957.2242897064024,552.7380581890471,3.3184374554955633,1,6,6,0
6.05,956.9590432624128,552.5082629131077,3.3015755914041827,1,6,6,0
6.058333333333334,956.5040662514643,552.7667767702509,3.3105909753966554,1,6,6,0
6.066666666666666,956.2435120046358,552.879947807536,3.2895710113382934,1,6,6,0
6.075,955.9779245195209,551.6213880928838,3.3230360361021494,1,6,6,0
6.083333333333333,955.7177453926045,551.7869856304346,3.286745393535434,1,6,6,0
6.091666666666667,956.4864329051554,552.2327195597065,3.281690122929888,1,6,6,0
6.1,955.5636692813994,551.9577732605775,3.2939656289467223,1,6,6,0
6.108333333333333,955.212823094747,551.8255964414687,3.297660830915321,1,6,6,0
6.116666666666666,955.0856256006432,551.300575999113,3.275716862242045,1,6,6,0
6.125,954.1709456157112,551.9090846832905,3.3016150120287473,1,6,6,0
6.133333333333334,954.2794029933451,551.252141861153,3.308973615453842,1,6,6,0
6.141666666666667,954.8268936019274,552.1457102069253,3.243276428048354,1,6,6,0
6.15,955.7136393165541,552.3700270619055,3.275046105002976,1,6,6,0
6.158333333333333,955.0826863878535,551.9774109524066,3.3124414274484657,1,6,6,0
6.166666666666667,955.8353696291601,551.4429185257999,3.303484579750848,1,6,6,0
6.175,955.9722893674323,550.7918005435511,3.3115769265191504,1,6,6,0
6.183333333333334,956.5369781148568,550.6163130132834,3.2811519156972717,1,6,6,0
6.191666666666666,1016.1580960633916,964.4022245061832,3.3124406988888393,1,6,6,0
6.2,1016.1345538526555,964.7286614628478,3.325472509335162,1,6,6,0
6.208333333333333,956.5378430579209,550.498746581425,3.295282081928418,1,6,6,0
6.216666666666667,956.6145112188069,551.1973490461536,3.2717175627288677,1,6,6,0
6.225,956.88770811959,551.4916556555561,3.3096904767446547,1,6,6,0
6.233333333333333,956.9231987161049,550.4069871240151,3.3010955232439936,1,6,6,0
6.241666666666666,956.9472122211823,551.2169894049521,3.3078314209096185,1,6,6,0
6.25,957.2093776418967,550.8441246755016,3.2799602415152513,1,6,6,0
6.258333333333334,956.5035640248176,550.9070924608694,3.296439768824451,1,6,6,0
6.266666666666667,956.5869107243212,550.5615042861137,3.317315191474699,1,6,6,0
6.275,956.189681888584,550.9589601145059,3.2897153574176436,1,6,6,0
6.283333333333333,956.1420222289627,550.5250166066559,3.30792982406295,1,6,6,0
6.291666666666667,955.5492019426046,550.8093948595313,3.298826356927494,1,6,6,0
6.3,956.0139638201384,550.7321083116512,3.2849995656794784,1,6,6,0
6.308333333333334,956.0347996417989,550.9483830165924,3.2863790087820837,1,6,6,0
6.316666666666666,956.5928817845025,550.9082809090717,3.2661149541730223,1,6,6,0
6.325,956.3094980525726,551.0393727138314,3.2859495103199983,1,6,6,0
6.333333333333333,956.5434108520869,551.2459241236664,3.3004375791727862,1,6,6,0
6.341666666666667,956.4754544490919,550.8115074761253,3.2801732740047775,1,6,6,0
6.35,956.2904401764482,550.7887755522542,3.2826434943124316,1,6,6,0
6.358333333333333,957.0683016250285,550.7178282487326,3.284159924932335,1,6,6,0
6.366666666666666,957.2237439557935,550.6124960405708,3.3090774800968146,1,6,6,0
6.375,956.8490268886271,550.9986673055106,3.2757755063699956,1,6,6,0
6.383333333333334,956.0776900032438,550.5865945209752,3.3146925421485154,1,6,6,0
6.391666666666667,956.0161726586695,551.1067039506697,3.313156126016661,1,6,6,0
6.4,955.5761085832522,550.5324988189411,3.2854655771677015,1,6,6,0
6.408333333333333,954.9855488583402,551.5387364109699,3.249737892177047,1,6,6,0
6.416666666666667,955.9419170032044,551.9006420607817,3.3127020258883304,1,6,6,0
6.425,956.8742056114238,552.2120423976755,3.3164646001001574,1,6,6,0
6.433333333333334,955.8458470831754,553.3142074678091,3.2880708077045475,1,6,6,0
6.441666666666666,955.5044802463634,553.329170495155,3.294890984967356,1,6,6,0
6.45,955.115524218063,554.6498979277995,3.272165664195266,1,6,6,0
6.458333333333333,954.659401429575,554.1487821659935,3.301521078596822,1,6,6,0
6.466666666666667,953.9083928214218,554.602974826938,3.310535339738915,1,6,6,0
6.475,953.5773219388378,555.6349851340432,3.2967884052261938,1,6,6,0
6.483333333333333,954.2905611267927,555.5187673248972,3.301061045242452,1,6,6,0
6.491666666666666,954.2127675273791,555.7037159929404,3.322361699820047,1,6,6,0
6.5,953.8957056118886,555.6422669971472,3.2752083046993103,1,6,6,0
6.508333333333334,952.8688154585989,556.164987893116,3.303678056988313,1,6,6,0
6.516666666666667,952.7120329541876,556.1206332990089,3.2836256588068173,1,6,6,0
6.525,952.2758148178182,556.3009833243026,3.3223787452504903,1,6,6,0
6.533333333333333,952.8974123195935,555.8970329398744,3.2843534823361784,1,6,6,0
6.541666666666667,952.6331656798244,555.489041388452,3.2984001230076427,1,6,6,0
6.55,953.0701885863472,554.7018667812923,3.266995321078381,1,6,6,0
6.558333333333334,952.4897559605527,554.6801652270425,3.2370576366341006,1,6,6,0
6.566666666666666,952.7837314978681,555.1744702552296,3.281679018572252,1,6,6,0
6.575,953.038022878458,554.3415799053122,3.2792888334883594,1,6,6,0
6.583333333333333,952.8331596846826,553.7801426447484,3.2841049680583034,1,6,6,0
6.591666666666667,952.6623132647723,553.5836853800565,3.2949694248900503,1,6,6,0
6.6,953.1850795889959,553.493656159948,3.2846587488550085,1,6,6,0
6.608333333333333,953.0074325008472,553.2510192285134,3.31541125811739,1,6,6,0
6.616666666666666,953.8699833245026,553.1402077365547,3.2944258559814963,1,6,6,0
6.625,953.2998321939344,552.6102301110493,3.2691442946089846,1,6,6,0
6.633333333333334,953.2238321950259,553.6211092721156,3.2715267578359546,1,6,6,0
6.641666666666667,952.9835936353394,553.8960973408188,3.2882144920079814,1,6,6,0
6.65,953.3355720368501,554.1163187268734,3.270164471394575,1,6,6,0
6.658333333333333,954.0487459616413,555.3821843542255,3.2920682640941594,1,6,6,0
6.666666666666667,954.4323917166774,555.9836224631354,3.2914257196878953,1,6,6,0
6.675,954.7624945203152,556.6029231437649,3.305641397583612,1,6,6,0
6.683333333333334,954.6411722079769,556.3787272199326,3.276480010173419,1,6,6,0
6.691666666666666,955.2267354578845,555.6276803450581,3.290660017513531,1,6,6,0
6.7,953.9421049312483,555.6179155357597,3.2617866737857053,1,6,6,0
6.708333333333333,953.9387995463289,555.1129220491305,3.273157561295183,1,6,6,0
6.716666666666667,954.1324106205767,555.2226703175742,3.2928884188986847,1,6,6,0
6.725,954.9849480026397,555.0555273572795,3.2750377875706937,1,6,6,0
6.733333333333333,954.0720859175395,554.9531531143717,3.286658146370375,1,6,6,0
6.741666666666666,953.9977819057794,554.9721480303701,3.286174235886471,1,6,6,0
6.75,955.0205444452153,555.1529615438126,3.2714845350878465,1,6,6,0
6.758333333333334,955.2056928658548,555.0636837525624,3.254627837106179,1,6,6,0
6.766666666666667,955.4936904706235,554.6477244727078,3.2617288162058258,1,6,6,0
6.775,955.017767356699,555.3530884946059,3.287952971460007,1,6,6,0
6.783333333333333,955.1923464409921,555.1617077073306,3.2606989008320166,1,6,6,0
6.791666666666667,955.4153426049235,555.0683270616329,3.2857400242446433,1,6,6,0
6.8,955.7008039274614,555.0580399938668,3.288567273486452,1,6,6,0
6.808333333333334,956.2572588961286,555.0604584908599,3.310863261482179,1,6,6,0
6.816666666666666,956.1214692031693,555.0899802146342,3.2757803606650766,1,6,6,0
6.825,955.8361934897908,554.6944269436055,3.273430154615626,1,6,6,0
6.833333333333333,955.0351095122245,555.3717952117717,3.2799488614881454,1,6,6,0
6.841666666666667,954.7953971431781,554.7739509259777,3.2566380397302988,1,6,6,0
6.85,955.1901093822751,554.8558020256858,3.300054387399559,1,6,6,0
6.858333333333333,955.5392421719366,555.5035490802773,3.2607593109910393,1,6,6,0
6.866666666666666,954.6839385332422,555.2805031340334,3.278572950199894,1,6,6,0
6.875,953.7476037209537,555.1640429057982,3.296868504398979,1,6,6,0
6.883333333333334,954.2753146798827,554.5828632775356,3.2791240059398348,1,6,6,0
6.891666666666667,954.3479125097481,554.1775800593605,3.2583402298771222,1,6,6,0
6.9,953.9303704285976,553.6993390571536,3.24583077180306,1,6,6,0
6.908333333333333,954.3930746775228,554.6448114282374,3.2751987784776007,1,6,6,0
6.916666666666667,954.7008574147376,554.9072089612409,3.2660256207466585,1,6,6,0
6.925,954.5657322345926,554.9837104618396,3.272635228011664,1,6,6,0
6.933333333333334,953.9948584212037,554.4558352059989,3.249378828225904,1,6,6,0
6.941666666666666,954.141872647366,553.6285898118974,3.273831792029063,1,6,6,0
6.95,953.9794577689797,552.8300729762459,3.2886516366856355,1,6,6,0
6.958333333333333,953.5339194790114,553.0398662368079,3.243511959360034,1,6,6,0
6.966666666666667,954.11693586062,553.3697519750269,3.2470750391417047,1,6,6,0
6.975,954.9093264473948,553.179206896843,3.246117786031629,1,6,6,0
6.983333333333333,955.7630381807243,553.4553471947572,3.2664298673853818,1,6,6,0
6.991666666666666,955.1614236723764,553.3527247225876,3.2876704368221916,1,6,6,0
7.0,954.146561207268,554.0817944657482,3.2618187414436948,1,6,6,0
7.008333333333334,953.94464613396,553.9366814203048,3.246526272411835,1,6,6,0
7.016666666666667,953.6370138110435,553.7498452085932,3.2374196585090194,1,6,6,0
7.025,953.8433498706477,553.224755944316,3.2779955582378415,1,6,6,0
7.033333333333333,953.3992635710692,552.928792272979,3.24581542052581,1,6,6,0
7.041666666666667,953.2281320446667,553.0859370810313,3.260244577743762,1,6,6,0
7.05,952.8358672113029,552.2677979749556,3.248084511588333,1,6,6,0
7.058333333333334,953.3857868337017,552.1442542605928,3.254378586191316,1,6,6,0
7.066666666666666,953.5251422184302,552.0068510430383,3.24618598582879,1,6,6,0
7.075,953.843273911157,551.8647799331773,3.257180139351602,1,6,6,0
7.083333333333333,954.7875863774979,551.1569733372078,3.256794258057475,1,6,6,0
7.091666666666667,954.6184627362148,550.6364009432173,3.2297989268116662,1,6,6,0
7.1,954.1783497466083,550.9167877513066,3.2875573490817076,1,6,6,0
7.108333333333333,953.9517340180511,551.3053707835586,3.29374455031236,1,6,6,0
7.116666666666666,954.119585685533,551.9322390941251,3.2186901585982723,1,6,6,0
7.125,954.5325046001944,551.918413652383,3.2551990016062904,1,6,6,0
7.133333333333334,953.878926234464,552.2512634821629,3.2286346517524973,1,6,6,0
7.141666666666667,953.3112114807374,552.0360414657953,3.2498505954496895,1,6,6,0
7.15,953.5507104505114,552.0705786058849,3.2295547874523978,1,6,6,0
7.158333333333333,953.5346520432994,552.8312861554137,3.2419975901844476,1,6,6,0
7.166666666666667,953.136923011225,553.4299292144896,3.218213601794544,1,6,6,0
7.175,952.7192096317696,553.3376767989148,3.27135888655921,1,6,6,0
7.183333333333334,953.0441188263372,553.0891702210428,3.218875512439532,1,6,6,0
7.191666666666666,952.6370119893373,553.4389019382647,3.2085611914390095,1,6,6,0
7.2,952.8154828930162,553.5726487795635,3.2175499760058908,1,6,6,0
7.208333333333333,953.5537717616542,553.003857176291,3.276956893129493,1,6,6,0
7.216666666666667,954.1437196889434,553.4429856274414,3.226022334668745,1,6,6,0
7.225,954.4939171130326,552.9200565549087,3.2287704673923856,1,6,6,0
7.233333333333333,954.2304033318964,553.3958972643575,3.2471818156546353,1,6,6,0
7.241666666666666,953.8291971745127,553.2719851973958,3.24309193590611,1,6,6,0
7.25,954.0165694678593,553.4414074689872,3.2278064242009976,1,6,6,0
7.258333333333334,953.7646719916347,553.2846055665752,3.2461559060132363,1,6,6,0
7.266666666666667,953.4875906591527,552.8345240278413,3.199528365325359,1,6,6,0
7.275,953.3980016804057,552.4428322315857,3.240394038720801,1,6,6,0
7.283333333333333,953.4188091547492,553.4168699066186,3.233594852478315,1,6,6,0
7.291666666666667,953.8916188062444,553.4300650178668,3.2103981785412077,1,6,6,0
7.3,953.7878303288446,553.6628177805475,3.2496861257081964,1,6,6,0
7.308333333333334,954.2235846218866,552.8580919524928,3.21357967063276,1,6,6,0
7.316666666666666,954.0217635560956,551.7343933468519,3.1956004890316447,1,6,6,0
7.325,953.8380611184347,552.3275097997605,3.2173198138065326,1,6,6,0
7.333333333333333,953.8010316872042,552.6608172784488,3.2294839379315072,1,6,6,0
7.341666666666667,954.2361976577643,552.7379674427937,3.170772581487453,1,6,6,0
7.35,954.1863290592049,552.4795314574967,3.2211449829084793,1,6,6,0
7.358333333333333,954.3017552448445,551.9830404721486,3.2143873665899583,1,6,6,0
7.366666666666666,954.2679625043912,551.5423147764799,3.2026963053096775,1,6,6,0
7.375,954.6706937941619,552.2791295864952,3.2147578356365885,1,6,6,0
7.383333333333334,954.9076559440061,552.0861896614737,3.2405752785392954,1,6,6,0
7.391666666666667,955.1209212318086,552.9592093226458,3.1970334034977155,1,6,6,0
7.4,954.8904747375905,553.4175410216653,3.199304660225855,1,6,6,0
7.408333333333333,955.1606358003627,553.3726427934591,3.207870991515796,1,6,6,0
7.416666666666667,956.4573262128629,552.4991128524987,3.18847751697404,1,6,6,0
7.425,955.9668840636523,552.1056744424085,3.2218105061459017,1,6,6,0
7.433333333333334,956.9749003362928,552.4694203152646,3.248937831848957,1,6,6,0
7.441666666666666,956.9696360283783,553.002255024471,3.2058296831280235,1,6,6,0
7.45,957.5968574715741,552.5408423115719,3.1918295897875923,1,6,6,0
7.458333333333333,957.3437810060301,552.3936368653214,3.194704420737018,1,6,6,0
7.466666666666667,957.4849937972242,552.9202518774184,3.1814933819244637,1,6,6,0
7.475,957.3787861767536,552.5976669806225,3.2006028916537526,1,6,6,0
7.483333333333333,957.2749431624633,552.5556825393967,3.199076649820799,1,6,6,0
7.491666666666666,956.7018936463265,552.6800929952572,3.169187289726484,1,6,6,0
7.5,957.0636515763831,552.5768199172066,3.2001740091172035,1,6,6,0
7.508333333333334,957.0827854128455,552.9736349318354,3.2281390452391547,1,6,6,0
7.516666666666667,956.3366013850722,553.3107407790919,3.222833139606798,1,6,6,0
7.525,955.6040888291502,553.5809168704614,3.2016035614506992,1,6,6,0
7.533333333333333,955.7933631680462,554.1431577606849,3.164930068617254,1,6,6,0
7.541666666666667,954.7377497325639,554.0502826704559,3.189332423827493,1,6,6,0
7.55,954.5789894979821,554.3631594436224,3.1986279892387386,1,6,6,0
7.558333333333334,954.7407965310105,555.2470054598028,3.22245708871542,1,6,6,0
7.566666666666666,954.8248483572986,555.7063416346883,3.235205914865887,1,6,6,0
7.575,954.6798278428911,556.4836185498078,3.1792929997488746,1,6,6,0
7.583333333333333,955.0295090155887,557.4229513244945,3.162603080501083,1,6,6,0
7.591666666666667,954.7746184749265,556.8108304232251,3.163442018492505,1,6,6,0
7.6,954.6383637523245,556.592228206522,3.183568042322842,1,6,6,0
7.608333333333333,954.4503405551818,557.015358253585,3.2005007336975004,1,6,6,0
7.616666666666666,954.0933668684323,557.2949765375772,3.2196155731506058,1,6,6,0
7.625,953.4894676345288,557.599350982357,3.20919720257916,1,6,6,0
7.633333333333334,953.9850454412024,557.7246742357603,3.1773004797721214,1,6,6,0
7.641666666666667,953.9476781643556,557.2387534348782,3.126796578865668,1,6,6,0
7.65,953.3068209951509,556.7371764225898,3.1977620743955315,1,6,6,0
7.658333333333333,952.9568291307162,556.6780896100645,3.178915409342285,1,6,6,0
7.666666666666667,952.6800801124456,556.2791155789795,3.172309170463694,1,6,6,0
7.675,953.1220566884607,556.6870218307023,3.183163235277596,1,6,6,0
7.683333333333334,952.2072429695205,557.2168373579741,3.1935115401441543,1,6,6,0
7.691666666666666,952.3060355209803,557.026243931188,3.208313911066657,1,6,6,0
7.7,952.0521937341953,556.80700606596,3.143385249252765,1,6,6,0
7.708333333333333,950.8077671948729,557.8940599681287,3.195778712554564,1,6,6,0
7.716666666666667,951.4513371450881,557.6142277788651,3.155068070156596,1,6,6,0
7.725,951.2811198953066,557.7170775820488,3.1595374034492427,1,6,6,0
7.733333333333333,952.3586597033582,556.9160685491369,3.1559239339959615,1,6,6,0
7.741666666666666,952.002606682817,557.165709447515,3.191808374042931,1,6,6,0
7.75,952.1178014886282,556.8214550123989,3.152818670264759,1,6,6,0
7.758333333333334,952.4307994596883,557.5637257134919,3.1715313517512205,1,6,6,0
7.766666666666667,952.1186838729452,558.1855294690444,3.1956226962020113,1,6,6,0
7.775,951.0290454652344,558.1725993559222,3.1848928209775975,1,6,6,0
7.783333333333333,950.4520795928566,558.0167847924994,3.1524932467948377,1,6,6,0
7.791666666666667,950.8547169731228,558.799353068811,3.148290325036008,1,6,6,0
7.8,950.6486704744476,558.7310247589753,3.137991713193912,1,6,6,0
7.808333333333334,950.4398647354666,559.2665930395419,3.2012533078825878,1,6,6,0
7.816666666666666,950.1778751053747,559.9205407229944,3.157965383910037,1,6,6,0
7.825,950.1065930340383,559.8319970335161,3.156533452692925,1,6,6,0
7.833333333333333,949.9894459976931,559.2669974070592,3.174635969578917,1,6,6,0
7.841666666666667,950.608896530631,559.475124275971,3.160182573884119,1,6,6,0
7.85,951.1697909196619,558.9149729778821,3.173009290446973,1,6,6,0
7.858333333333333,949.9111027048638,559.3375587481221,3.14554928398238,1,6,6,0
7.866666666666666,949.2960559578164,559.4615017134133,3.135839071675064,1,6,6,0
7.875,949.4652542930959,559.6354843881626,3.2088719193485593,1,6,6,0
7.883333333333334,949.2141675783457,559.4320172408218,3.1555866256495784,1,6,6,0
7.891666666666667,900.3612223695645,335.42322211213065,3.164851424315215,1,6,6,0
7.9,900.037063305541,335.84005766566196,3.162626461654188,1,6,6,0
7.908333333333333,948.0354436350558,559.3523730339009,3.170348768176133,1,6,6,0
7.916666666666667,947.5328014061647,559.3545454387455,3.187847627466793,1,6,6,0
7.925,743.0583124330767,367.63546809842387,3.1222245978432435,1,6,6,0
7.933333333333334,743.8697132059663,367.2057271111888,3.15254394952755,1,6,6,0
7.941666666666666,948.3445095774387,558.4633712894025,3.153660692935134,1,6,6,0
7.95,948.7565849963327,558.7814339558914,3.1225016945879402,1,6,6,0
7.958333333333333,949.7999002601082,558.1478474369842,3.1480900213134984,1,6,6,0
7.966666666666667,950.437491692098,558.1691189602581,3.161240113660237,1,6,6,0
7.975,950.6091859427473,558.8598662020545,3.1695582767048234,1,6,6,0
7.983333333333333,950.5985643839768,559.1239341297357,3.1262410664108082,1,6,6,0
7.991666666666666,950.4371121843307,559.0251321594372,3.152254858913943,1,6,6,0
8.0,950.497135025235,558.4684738138108,3.1469798573527994,1,6,6,0
8.008333333333333,951.1255104625988,559.1064548606678,3.183042141197653,1,6,6,0
8.016666666666667,951.2371287444653,558.2275513567846,3.133575077266234,1,6,6,0
8.025,950.5105334856162,558.3076844730892,3.153710766978966,1,6,6,0
8.033333333333333,949.8790127733372,558.6790647809468,3.120706825062643,1,6,6,0
8.041666666666666,949.1901856932352,557.971458484687,3.1319998862414,1,6,6,0
8.05,948.6887955620982,557.4599403812023,3.1356707738956024,1,6,6,0
8.058333333333334,948.2624783190169,558.4141635570127,3.1406637884975472,1,6,6,0
8.066666666666666,947.9000362439454,558.5160156889876,3.1284445999766226,1,6,6,0
8.075,947.7899407462428,559.0707250706826,3.1344710271753757,1,6,6,0
8.083333333333334,947.4954943305349,558.0546612537813,3.13726365639966,1,6,6,0
8.091666666666667,948.0306840992133,557.196655807799,3.09694249949068,1,6,6,0
8.1,947.8976489287637,556.9851268700884,3.1262269170781263,1,6,6,0
8.108333333333333,948.0854346000119,556.5856989121387,3.151090137731409,1,6,6,0
8.116666666666667,947.85128053646,556.7677505405688,3.150841891882743,1,6,6,0
8.125,948.3961827768131,556.4264483087934,3.182263803788126,1,6,6,0
8.133333333333333,948.1196299298774,556.1805250712711,3.131169565047854,1,6,6,0
8.141666666666667,947.155419099976,556.7174749864807,3.118463946458841,1,6,6,0
8.15,946.8955534719228,556.4478453610033,3.129914928370681,1,6,6,0
8.158333333333333,946.5537798208536,556.1122789072504,3.095246883869385,1,6,6,0
8.166666666666666,946.8529129453715,555.89453318146,3.132449910206165,1,6,6,0
8.175,946.896686113666,555.8670152728697,3.134767675691306,1,6,6,0
8.183333333333334,946.7849287158604,555.4752939510138,3.114773052645826,1,6,6,0
8.191666666666666,946.196768203278,555.0790524258266,3.1538245774660334,1,6,6,0
8.2,946.3480547207404,554.8383408807572,3.1186324188287102,1,6,6,0
8.208333333333334,946.027811391587,554.1590711506273,3.091106903551121,1,6,6,0
8.216666666666667,946.3852450201321,553.5673047876342,3.142726052127776,1,6,6,0
8.225,946.6786631910418,553.6499806220078,3.106203944520357,1,6,6,0
8.233333333333333,945.9681354556867,553.7825395730971,3.1069575372685354,1,6,6,0
8.241666666666667,947.0535948342985,552.429558869984,3.1065689030954906,1,6,6,0
8.25,947.3807036360331,552.9158871511881,3.108472698837975,1,6,6,0
8.258333333333333,947.6229866875768,552.3643262324854,3.164036502254393,1,6,6,0
8.266666666666667,946.6856168561663,552.3803744078261,3.1226466949083505,1,6,6,0
8.275,946.2433158537805,552.6041719281068,3.149055341206596,1,6,6,0
8.283333333333333,947.10889122096,551.8711382192679,3.115728650918215,1,6,6,0
8.291666666666666,946.9246257487388,552.1245710128627,3.0941156447494307,1,6,6,0
8.3,947.0517648169557,551.8614917096779,3.1314468007308554,1,6,6,0
8.308333333333334,947.3978671176441,551.2959473196337,3.0786319013537025,1,6,6,0
8.316666666666666,1045.2259950862538,313.2959995652018,3.1340675766416823,1,6,6,0
8.325,1045.6168620676185,313.24018306766743,3.105517063179371,1,6,6,0
8.333333333333334,948.5928861302312,550.6901001812726,3.119571951936271,1,6,6,0
8.341666666666667,948.6377738589384,549.9422199254473,3.1422278489520004,1,6,6,0
8.35,948.5881611567132,550.4928275125206,3.1320799954371665,1,6,6,0
8.358333333333333,948.468488117362,551.4756745150535,3.0687224532095474,1,6,6,0
8.366666666666667,947.9324083950563,551.3819689052782,3.120957175033388,1,6,6,0
8.375,947.8120120055345,550.8302482589631,3.107518467228491,1,6,6,0
8.383333333333333,948.2865781949897,551.1158383109664,3.090016421830833,1,6,6,0
8.391666666666667,948.214533806171,551.4687877791378,3.149105274988602,1,6,6,0
8.4,947.746405784358,551.5602378981196,3.121888698525653,1,6,6,0
8.408333333333333,947.4374589177324,551.2232208145341,3.1557903170838464,1,6,6,0
8.416666666666666,947.1907872785617,551.1170915036652,3.106084011874064,1,6,6,0
8.425,947.6164891496978,551.6189406643515,3.0857469970050726,1,6,6,0
8.433333333333334,947.8022456608797,551.4667154691226,3.1114790051005077,1,6,6,0
8.441666666666666,947.0961531049348,551.14291964673,3.1065210274495767,1,6,6,0
8.45,947.2917900178577,550.6685306340938,3.093024680575769,1,6,6,0
8.458333333333334,947.611902767753,550.0394006174367,3.1146540254807737,1,6,6,0
8.466666666666667,947.7206262205133,549.9632082986057,3.096763219548756,1,6,6,0
8.475,947.6892289515646,550.3749880234824,3.106790556341853,1,6,6,0
8.483333333333333,947.7838557556701,550.7276190058706,3.062179823995931,1,6,6,0
8.491666666666667,947.880118804992,551.1771378937946,3.0824290764403806,1,6,6,0
8.5,947.2166226241553,549.8706694492432,3.1339902716415375,1,6,6,0
8.508333333333333,947.6576087694095,549.602691708361,3.112864965288824,1,6,6,0
8.516666666666667,947.3092354106424,548.9321462833088,3.09340005501784,1,6,6,0
8.525,947.7130076599971,549.7508231433642,3.1275882985635537,1,6,6,0
8.533333333333333,947.4581039098427,549.9906910640539,3.0839285781888033,1,6,6,0
8.541666666666666,947.3065470784852,549.7327743896059,3.1057462224779604,1,6,6,0
8.55,947.7751568944237,549.0021654522595,3.1088362380273122,1,6,6,0
8.558333333333334,947.9303809695367,549.1760855417392,3.103704694209901,1,6,6,0
8.566666666666666,948.6117232047002,549.8223168174804,3.1204912385952026,1,6,6,0
8.575,949.3467462341656,549.18700132055,3.096122253996521,1,6,6,0
8.583333333333334,949.2222852798012,548.8697620439069,3.13307594562595,1,6,6,0
8.591666666666667,950.4485283136376,549.1075482444853,3.095182194683707,1,6,6,0
8.6,950.0752972199265,550.0896412630494,3.121174584885369,1,6,6,0
8.608333333333333,949.8659702382647,550.0879762923148,3.0762229540900843,1,6,6,0
8.616666666666667,950.2377548252138,549.8254650282522,3.1000170994406226,1,6,6,0
8.625,950.1224447410051,549.3655503589939,3.107945410117789,1,6,6,0
8.633333333333333,950.5937447649538,549.7567407378057,3.1093032853332554,1,6,6,0
8.641666666666667,950.8587061703246,550.0519005793954,3.0939727851601506,1,6,6,0
8.65,950.9893526192502,550.494371800475,3.0927863604400163,1,6,6,0
8.658333333333333,951.3565931718765,551.521279509133,3.1149282283207254,1,6,6,0
8.666666666666666,951.660463027555,551.3528231081809,3.089534785614478,1,6,6,0
8.675,951.1849687760803,551.8233978401935,3.085414406650209,1,6,6,0
8.683333333333334,951.2506978782989,551.8299383291334,3.0925153834170267,1,6,6,0
8.691666666666666,952.0075082372234,552.2353691866874,3.109502896860036,1,6,6,0
8.7,951.9608871524104,551.8109664415418,3.095737581933185,1,6,6,0
8.708333333333334,952.1046118446751,551.8767824810794,3.122555536925703,1,6,6,0
8.716666666666667,952.0043279310493,551.5206932283667,3.082266158757843,1,6,6,0
8.725,951.7385940067423,552.1650215553775,3.0825938853940884,1,6,6,0
8.733333333333333,951.6260810371318,552.39787188675,3.1117500494350794,1,6,6,0
8.741666666666667,952.3571043427997,551.7104299475992,3.1083046396813416,1,6,6,0
8.75,952.0123207604138,551.1655952264687,3.120968892825422,1,6,6,0
8.758333333333333,952.1312207242711,550.9897910937786,3.1023824614302753,1,6,6,0
8.766666666666667,952.4370405444137,551.3054409955058,3.074318891729391,1,6,6,0
8.775,952.2378372681692,551.3844700298833,3.0801644616376604,1,6,6,0
8.783333333333333,952.7292672462731,551.719289592269,3.114284252591506,1,6,6,0
8.791666666666666,952.3717381468044,552.233135864803,3.1078566038001463,1,6,6,0
8.8,952.031807284754,552.9580297245275,3.0837344032288825,1,6,6,0
8.808333333333334,951.4226944934231,552.830289725828,3.099460633228654,1,6,6,0
8.816666666666666,950.2260410694541,553.2222233064919,3.0718930973757836,1,6,6,0
8.825,950.2277462972571,553.7019230023694,3.1231658108878295,1,6,6,0
8.833333333333334,950.0922029100069,553.9937964101342,3.0803553688297907,1,6,6,0
8.841666666666667,950.0203015176629,554.0813477278092,3.1007458066373093,1,6,6,0
8.85,949.3567379847384,554.1592850767856,3.1126873518738667,1,6,6,0
8.858333333333333,950.2330096398626,553.906448046675,3.102127404584974,1,6,6,0
8.866666666666667,604.0114773958983,404.4427751173648,3.112450816253517,1,6,6,0
8.875,604.0703439977864,404.950276019852,3.1191992149658683,1,6,6,0
8.883333333333333,950.6882184216797,555.1554420322992,3.1040394605908963,1,6,6,0
8.891666666666667,949.922665258317,555.4761080045932,3.1143112071039023,1,6,6,0
8.9,949.3775304927001,555.1461968382845,3.0847872983084463,1,6,6,0
8.908333333333333,949.4608510857875,554.198567434434,3.097796348070976,1,6,6,0
8.916666666666666,949.7375771434338,554.4849178073831,3.0502227612920554,1,6,6,0
8.925,949.6168391948238,555.4347183620098,3.0944309959649865,1,6,6,0
8.933333333333334,949.8017549652103,554.980930590197,3.1530908317236834,1,6,6,0
8.941666666666666,949.9953598955278,554.5776960673695,3.102668917952103,1,6,6,0
8.95,949.5417394578429,554.4498338990501,3.107720979651392,1,6,6,0
8.958333333333334,950.100176252551,554.6893187571228,3.1148880360207083,1,6,6,0
8.966666666666667,950.4516330812837,554.7093174601338,3.1216739932601425,1,6,6,0
8.975,949.9551208677767,553.7659180996895,3.1216375850344122,1,6,6,0
8.983333333333333,949.9249694159322,553.1044695045189,3.084518987882511,1,6,6,0
8.991666666666667,950.3431516123692,553.2474573585288,3.1170105117833122,1,6,6,0
9.0,949.8809965665919,553.8721913800749,3.0994495198812606,1,6,6,0
9.008333333333333,949.1463867741608,554.3979024511341,3.1150257001123487,1,6,6,0
9.016666666666667,949.1323363777359,554.2259286511112,3.136272348332398,1,6,6,0
9.025,948.1965466263853,554.7357274162962,3.0999171018698677,1,6,6,0
9.033333333333333,948.6773280535239,555.2512670414727,3.0887205051472497,1,6,6,0
9.041666666666666,948.8718689047682,555.3367446006231,3.11473250612097,1,6,6,0
9.05,949.6786743420028,556.2407701101972,3.0827928078270364,1,6,6,0
9.058333333333334,949.4787257230456,556.2418854910621,3.1188593344968853,1,6,6,0
9.066666666666666,948.7322306723185,555.5332835412472,3.146173975256391,1,6,6,0
9.075,948.8653798566921,556.2357383216996,3.089120204634082,1,6,6,0
9.083333333333334,948.8132748406033,556.5174116495357,3.1152200546319095,1,6,6,0
9.091666666666667,948.7972080470755,556.3255578639744,3.0940300891276378,1,6,6,0
9.1,949.6414976957794,557.184502216547,3.0994668079393666,1,6,6,0
9.108333333333333,949.721899764801,556.6921723839151,3.1116828325496573,1,6,6,0
9.116666666666667,949.3759130447783,556.2345128123256,3.0910561066231734,1,6,6,0
9.125,949.3017426907462,556.4000564917744,3.1002735501545255,1,6,6,0
9.133333333333333,949.3779594675661,556.479917958346,3.1105451088045295,1,6,6,0
9.141666666666667,949.7636256595837,556.5386069219329,3.099850941241587,1,6,6,0
9.15,949.8586514646106,556.1172571045101,3.1045853926240596,1,6,6,0
9.158333333333333,948.9515892606661,556.0888671913077,3.1276669725195347,1,6,6,0
9.166666666666666,949.4584620097006,556.3790432153119,3.128730656679094,1,6,6,0
9.175,949.033245368299,557.048009204379,3.1311226538969867,1,6,6,0
9.183333333333334,948.9036998643837,557.0951827891372,3.1029861635681675,1,6,6,0
9.191666666666666,948.728366634688,557.1504816357829,3.1205011756248804,1,6,6,0
9.2,947.6664776718098,556.9538734861444,3.1307022716664417,1,6,6,0
9.208333333333334,948.2447368285635,556.6926271667493,3.1193792775794114,1,6,6,0
9.216666666666667,947.4824375382809,556.4422082194312,3.1011794061465974,1,6,6,0
9.225,947.6132817520821,556.7119040819321,3.1085741004975573,1,6,6,0
9.233333333333333,947.4038184795751,556.0176918341795,3.116917397340558,1,6,6,0
9.241666666666667,947.4743560050811,556.042195070844,3.1013125100008074,1,6,6,0
9.25,946.4747657495617,555.9552822414958,3.1309118937679297,1,6,6,0
9.258333333333333,946.8055381381112,555.8194665849161,3.132320203733185,1,6,6,0
9.266666666666667,947.2134823872728,556.4631942868212,3.1175566895674187,1,6,6,0
9.275,947.653719122082,557.1931578794248,3.1578598223318934,1,6,6,0
9.283333333333333,947.9659204473949,557.7888614740912,3.1534758516801116,1,6,6,0
9.291666666666666,948.5056827934785,557.5661028676261,3.1443047345663175,1,6,6,0
9.3,948.4784701710702,558.0928227882323,3.1452979340156735,1,6,6,0
9.308333333333334,948.2674057439077,557.9182419838129,3.1408315162414575,1,6,6,0
9.316666666666666,948.5097681616738,558.1306081623296,3.0977843879822466,1,6,6,0
9.325,947.9034156367222,558.3053993248245,3.1237389427917313,1,6,6,0
9.333333333333334,947.9263804587556,559.2853063310408,3.1131342075906034,1,6,6,0
9.341666666666667,946.9357292298477,559.7085985751476,3.116691517564699,1,6,6,0
9.35,946.7561690081486,559.8667613630312,3.145948369848976,1,6,6,0
9.358333333333333,946.7571024805679,559.8578833911095,3.1488561653262326,1,6,6,0
9.366666666666667,945.9310122267848,558.9716248147158,3.142582342400312,1,6,6,0
9.375,946.0620022252676,559.1865540006568,3.114181667667616,1,6,6,0
9.383333333333333,946.5078514507537,559.5538211526164,3.1524313675278126,1,6,6,0
9.391666666666667,945.8323326343454,559.8330844436755,3.1309371320143677,1,6,6,0
9.4,945.8659817980213,559.9735105850833,3.1290500238255046,1,6,6,0
9.408333333333333,946.3741778050498,559.5257727944388,3.1375019321844477,1,6,6,0
9.416666666666666,945.5968268457466,559.6694418376791,3.118979304608224,1,6,6,0
9.425,944.866350345201,559.0822703457064,3.12298406076857,1,6,6,0
9.433333333333334,944.8721145099626,559.3831482100874,3.0933286230820753,1,6,6,0
9.441666666666666,944.1790376002909,559.3883414276858,3.1471665625491463,1,6,6,0
9.45,944.5075755894268,558.7876093073037,3.1161560728909516,1,6,6,0
9.458333333333334,943.9689263071449,558.8921124029234,3.1165970802138143,1,6,6,0
9.466666666666667,943.4020808205643,558.8229214121261,3.1480792516250062,1,6,6,0
9.475,942.9470963875478,558.3898704999094,3.135224133073812,1,6,6,0
9.483333333333333,942.7458545045799,558.4346110899897,3.146609350977736,1,6,6,0
9.491666666666667,942.7284358901896,558.6572403249379,3.140423235623822,1,6,6,0
9.5,942.0971866986462,558.6923592229804,3.1102782736244916,1,6,6,0
9.508333333333333,941.896636448416,558.4541137747792,3.1176924693141475,1,6,6,0
9.516666666666667,941.8774364850254,558.226504117956,3.116722408414922,1,6,6,0
9.525,942.0500083517433,557.7199943045551,3.166143598956108,1,6,6,0
9.533333333333333,941.7842094834672,556.9122502245496,3.1157428734030397,1,6,6,0
9.541666666666666,941.505992110627,556.7092728062814,3.1245753424490585,1,6,6,0
9.55,940.959533496398,555.4290871813455,3.1642084849113257,1,6,6,0
9.558333333333334,941.2746652139263,555.784824399636,3.142383331700492,1,6,6,0
9.566666666666666,941.9516366669467,555.146142622674,3.1643874764191593,1,6,6,0
9.575,941.560648585269,554.8893106786999,3.1305139462785947,1,6,6,0
9.583333333333334,942.1182320285578,554.1923142230327,3.126264615284035,1,6,6,0
9.591666666666667,942.1584517932374,554.3945560964416,3.1276172352473037,1,6,6,0
9.6,941.7898600303096,554.6252564622108,3.142193127881901,1,6,6,0
9.608333333333333,942.0856004681666,555.1537114298399,3.166309709565473,1,6,6,0
9.616666666666667,941.3101752614613,555.2540950125391,3.1316785274556667,1,6,6,0
9.625,941.7674569677985,555.3202589145375,3.1442537508041077,1,6,6,0
9.633333333333333,941.6679874487937,555.5860982421358,3.16552638192285,1,6,6,0
9.641666666666667,941.508912464363,555.6125283341902,3.150253429771178,1,6,6,0
9.65,942.39179638731,554.8363884093881,3.176335257156566,1,6,6,0
9.658333333333333,942.3682238954806,554.8446996188324,3.1520816405274297,1,6,6,0
9.666666666666666,942.6623426249863,554.5539276346526,3.1480414325839443,1,6,6,0
9.675,942.344293941884,554.5802861775607,3.171841099354337,1,6,6,0
9.683333333333334,942.713667605085,555.1274330961887,3.1582666228445064,1,6,6,0
9.691666666666666,942.7963097913647,554.6645761923788,3.167777319017156,1,6,6,0
9.7,942.7047731001594,554.2348360814825,3.1293789751237284,1,6,6,0
9.708333333333334,941.4903934297946,553.8759916227496,3.14218328258484,1,6,6,0
9.716666666666667,941.7149567921151,553.8126794695204,3.162636618345316,1,6,6,0
9.725,941.120316422666,554.7931321696987,3.1003327875554434,1,6,6,0
9.733333333333333,940.8753948514172,554.8935483784802,3.1870202542713706,1,6,6,0
9.741666666666667,941.3503362441019,555.7508073705795,3.1823178911137644,1,6,6,0
9.75,940.2305822954075,555.906019006592,3.1618825776652804,1,6,6,0
9.758333333333333,940.3921031479227,555.6717689578902,3.2036858821182626,1,6,6,0
9.766666666666667,941.1447145377043,556.2579972117575,3.1602969233211753,1,6,6,0
9.775,940.6619676247809,555.3049146494816,3.2036830073058713,1,6,6,0
9.783333333333333,941.1133200005036,555.2397703716621,3.1971287770853385,1,6,6,0
9.791666666666666,941.5176716311927,556.0735878312441,3.1762407608467593,1,6,6,0
9.8,942.0369539882438,555.8211401788996,3.185743939750438,1,6,6,0
9.808333333333334,941.6028158257407,555.6460291898566,3.1760008424719413,1,6,6,0
9.816666666666666,941.180133379634,555.6509993747886,3.2025861514455896,1,6,6,0
9.825,941.5889149334398,555.3065117911908,3.15477816515946,1,6,6,0
9.833333333333334,942.197910798245,555.1627575061799,3.178754215303204,1,6,6,0
9.841666666666667,942.0425961856178,555.6472900900327,3.172173047083631,1,6,6,0
9.85,941.9987942600326,555.5385143014513,3.159759240573917,1,6,6,0
9.858333333333333,942.2504359880826,555.5325929633061,3.1629897965613867,1,6,6,0
9.866666666666667,942.7273617538477,555.1059301751674,3.142775130607945,1,6,6,0
9.875,941.9916693988421,555.2740204790982,3.198666047104246,1,6,6,0
9.883333333333333,942.4859057517764,555.0229736133903,3.163118271325324,1,6,6,0
9.891666666666667,942.8909010808428,555.2446926941111,3.2043132335427664,1,6,6,0
9.9,943.197576954296,555.0836059384741,3.2275494124986426,1,6,6,0
9.908333333333333,943.1151661522536,554.5002707474795,3.197230594302114,1,6,6,0
9.916666666666666,943.3489660269983,554.7698425064161,3.1694982264362395,1,6,6,0
9.925,943.3089932911266,555.0443004100132,3.195405652152323,1,6,6,0
9.933333333333334,943.0008435127272,554.6845457592915,3.2345413486364754,1,6,6,0
9.941666666666666,943.1962805869572,554.3316088285592,3.200006420332115,1,6,6,0
9.95,943.3466333767898,554.2378008747603,3.1953154754970314,1,6,6,0
9.958333333333334,943.429155602562,554.7150780358544,3.171261027058228,1,6,6,0
9.966666666666667,943.9582314892385,554.105549973658,3.1869733629709645,1,6,6,0
9.975,943.9852949386426,554.3164506712335,3.191550348613349,1,6,6,0
9.983333333333333,943.4999449575603,554.5705702017599,3.1835922604238998,1,6,6,0
9.991666666666667,943.2336272883178,554.5167993138178,3.221112080461596,1,6,6,0
10.0,943.607917019175,554.7427376209415,3.2067147800635127,1,6,6,0
10.008333333333333,943.9807817282799,554.5494275237327,3.1820424001696015,1,6,6,0
10.016666666666667,943.9740955328647,554.8832533300731,3.2069694306800502,1,6,6,0
10.025,943.5140975641964,555.4449697350582,3.21416096920706,1,6,6,0
10.033333333333333,944.297139614477,555.7446937914347,3.2105801298915586,1,6,6,0
10.041666666666666,767.9953664023835,343.9528460578791,3.2192759804957842,1,6,6,0
10.05,768.5019354451092,344.0818196874211,3.206962331960362,1,6,6,0
10.058333333333334,943.6195712993558,554.6319576565852,3.224212664569044,1,6,6,0
10.066666666666666,943.8466876069792,554.6038741295445,3.1882511727415057,1,6,6,0
10.075,944.2011035366218,555.2583819045917,3.2047790545244763,1,6,6,0
10.083333333333334,944.6302149747014,554.7982181034424,3.176919939694465,1,6,6,0
10.091666666666667,945.4444899557673,555.5888313729741,3.203015933843574,1,6,6,0
10.1,945.1007997184622,555.2263019921229,3.220033766162333,1,6,6,0
10.108333333333333,945.2256250268323,554.7954871395988,3.195717744713156,1,6,6,0
10.116666666666667,945.5763621844704,554.5554351617409,3.199128118649676,1,6,6,0
10.125,944.7880931865495,555.2035682569331,3.2312069899002687,1,6,6,0
10.133333333333333,944.5983751506069,555.8029545990673,3.2179750366926307,1,6,6,0
10.141666666666667,943.8119112143788,556.3012769903964,3.212545523559493,1,6,6,0
10.15,943.3511387170843,555.736821632587,3.2083839051680223,1,6,6,0
10.158333333333333,942.9497220701273,555.6233671460963,3.2014774534308477,1,6,6,0
10.166666666666666,943.1521851177623,555.8862349236973,3.1986457906477055,1,6,6,0
10.175,943.1687109620669,555.8706893250466,3.225228857848726,1,6,6,0
10.183333333333334,942.6280317471089,556.1589804224382,3.235047151309937,1,6,6,0
10.191666666666666,942.0095305644619,556.6518684225263,3.2293377759997677,1,6,6,0
10.2,941.5895143594386,556.1882590328752,3.225340966813224,1,6,6,0
10.208333333333334,941.2804276110425,557.3491712071093,3.2582617830504734,1,6,6,0
10.216666666666667,941.2140238658812,556.9474942014295,3.2210498783133024,1,6,6,0
10.225,941.4831643120691,556.0383939577771,3.2191696118267834,1,6,6,0
10.233333333333333,940.8673036294875,556.1529133053712,3.215731055407133,1,6,6,0
10.241666666666667,940.7692412538211,556.0545387772166,3.241053390751871,1,6,6,0
10.25,940.3431424813461,556.4939025303527,3.2522411113089476,1,6,6,0
10.258333333333333,940.9094294173185,557.0958889152538,3.2560522263073475,1,6,6,0
10.266666666666667,940.6101890742348,556.8744213722989,3.215052487091894,1,6,6,0
10.275,940.5004707104788,557.2152512723158,3.2042204513059986,1,6,6,0
10.283333333333333,941.1917356849115,556.6624029031327,3.249613064086408,1,6,6,0
10.291666666666666,940.8459352197766,556.5271331895264,3.19877680623461,1,6,6,0
10.3,940.1643429634153,556.0982878383566,3.22253859477598,1,6,6,0
10.308333333333334,939.4104167156164,556.0221967010584,3.2114376045819664,1,6,6,0
10.316666666666666,939.6288117166008,556.3907961506834,3.2315219201092344,1,6,6,0
10.325,939.5001224393014,556.0935858245698,3.252085554448109,1,6,6,0
10.333333333333334,939.8771491349737,555.6115018806504,3.2623096404372864,1,6,6,0
10.341666666666667,939.4204850512733,555.3271317547211,3.2761979493140063,1,6,6,0
10.35,939.4648671671911,554.7753149618127,3.2256363505131973,1,6,6,0
10.358333333333333,940.1926205354821,555.3806410943454,3.260090617555034,1,6,6,0
10.366666666666667,941.0625786035231,554.5181096087385,3.266017085363576,1,6,6,0
10.375,940.3540013091363,555.060900862897,3.25423434773991,1,6,6,0
10.383333333333333,939.8086594164603,555.1855076989615,3.2160068187192143,1,6,6,0
10.391666666666667,940.7248039424506,555.1765083978,3.2785469751395815,1,6,6,0
10.4,940.3916535562776,555.2051183113201,3.259134882472688,1,6,6,0
10.408333333333333,940.1658583717225,554.7449103613325,3.2692765694681114,1,6,6,0
10.416666666666666,940.3693742927163,554.0924609509703,3.2812678695961797,1,6,6,0
10.425,940.7760450224577,553.1306742816998,3.248054787497208,1,6,6,0
10.433333333333334,940.9845125683513,552.8217445657939,3.2274166287605293,1,6,6,0
10.441666666666666,940.2957790024312,552.8758811274969,3.2319960570051545,1,6,6,0
10.45,940.7282711992157,552.88869952894,3.2107592652237216,1,6,6,0
10.458333333333334,940.2587212434572,553.1377772737925,3.2686132817703406,1,6,6,0
10.466666666666667,940.6809974756762,553.0297083955876,3.2608171235098604,1,6,6,0
10.475,941.2719900166951,552.4232249821604,3.2720585016828587,1,6,6,0
10.483333333333333,941.1553418756587,551.6205228116194,3.273090945749522,1,6,6,0
10.491666666666667,940.8913605401733,550.950586454188,3.2500402710672827,1,6,6,0
10.5,940.1437465570261,551.5764502499837,3.2789653138462724,1,6,6,0
10.508333333333333,940.7762264834,551.6148131777289,3.2403737761430578,1,6,6,0
10.516666666666667,939.9342484543271,552.4416791011361,3.274032191161951,1,6,6,0
10.525,939.9599427101457,552.3805305719436,3.2596528561031843,1,6,6,0
10.533333333333333,940.410736034634,552.7974655218483,3.2441668031956397,1,6,6,0
10.541666666666666,939.2769019905652,552.2919670231579,3.3243026324437412,1,6,6,0
10.55,939.604538276061,552.7882134739245,3.260675557993779,1,6,6,0
10.558333333333334,940.6481317782736,553.5509461840154,3.255315223595474,1,6,6,0
10.566666666666666,939.7515560334095,553.490000186865,3.2375924376354037,1,6,6,0
10.575,939.3658811238776,552.9594627159256,3.2741872283377984,1,6,6,0
10.583333333333334,938.6982952347607,552.8292182731019,3.2958028759413596,1,6,6,0
10.591666666666667,938.50970577774,552.4897527217494,3.259435428569828,1,6,6,0
10.6,938.9807960677617,553.1414535874759,3.274808005720076,1,6,6,0
10.608333333333333,938.1017438813317,553.3436352993828,3.256088191112937,1,6,6,0
10.616666666666667,937.6668821974188,553.7983495830912,3.2828846136665435,1,6,6,0
10.625,937.4487236655543,554.3343107082451,3.270433327847312,1,6,6,0
10.633333333333333,936.9640914759034,554.400427510993,3.304045287223216,1,6,6,0
10.641666666666667,937.1066388593877,555.6751312854644,3.319764666834832,1,6,6,0
10.65,937.2547296393855,556.0581586102273,3.225427116697653,1,6,6,0
10.658333333333333,936.7510282524037,556.1965628179697,3.281047798481102,1,6,6,0
10.666666666666666,937.3370402482077,556.5019192840452,3.2746092392940573,1,6,6,0
10.675,937.6786094240592,555.8080265597841,3.246024695468073,1,6,6,0
10.683333333333334,938.2669620267901,555.4066320057755,3.3079024617876724,1,6,6,0
10.691666666666666,937.4480814807214,555.8850327959317,3.2539195106046392,1,6,6,0
10.7,937.7872361940233,554.988043081031,3.2786351366658595,1,6,6,0
10.708333333333334,938.0039506153012,555.5651036769234,3.2799628251184667,1,6,6,0
10.716666666666667,937.8061196775037,555.7972369930136,3.2850073386702623,1,6,6,0
10.725,937.2268136571039,555.0445030862718,3.2773941789120493,1,6,6,0
10.733333333333333,936.5855136435306,555.5555070373757,3.3015965885036764,1,6,6,0
10.741666666666667,936.1678013215796,555.2413867467927,3.280263567563382,1,6,6,0
10.75,936.2980575177668,554.9984007138586,3.261203904637102,1,6,6,0
10.758333333333333,935.3095400991307,555.5824663565224,3.2757720333228355,1,6,6,0
10.766666666666667,935.1950722319846,555.5898384761025,3.2791977833130335,1,6,6,0
10.775,934.4396981775587,555.1058524676431,3.283202584563903,1,6,6,0
10.783333333333333,935.1067299969513,554.1950220385097,3.3018945609291293,1,6,6,0
10.791666666666666,935.2852990544347,554.4960233512124,3.2966241104668916,1,6,6,0
10.8,934.7289181737525,553.8295967207494,3.277574580445812,1,6,6,0
10.808333333333334,933.574833521521,554.066692275481,3.292116623801683,1,6,6,0
10.816666666666666,933.9057134854224,554.6756452815786,3.3146704228012545,1,6,6,0
10.825,933.7530374131674,554.1430160931675,3.2614639908610283,1,6,6,0
10.833333333333334,933.4542442048829,554.2999510273627,3.2985588756528825,1,6,6,0
10.841666666666667,933.1490471349567,554.1549067815441,3.285856806840958,1,6,6,0
10.85,932.6169251970302,554.5622570853898,3.295539400540872,1,6,6,0
10.858333333333333,932.0547487745555,555.053118679202,3.289285446883101,1,6,6,0
10.866666666666667,931.9877540998023,554.8542556244628,3.286412615021586,1,6,6,0
10.875,932.4136350723759,553.8438640809468,3.292011992860254,1,6,6,0
10.883333333333333,932.9060645706671,554.3476984765209,3.2583336076390386,1,6,6,0
10.891666666666667,932.4326837264642,554.437274070346,3.2882821669021594,1,6,6,0
10.9,932.5557316104524,554.3746571578802,3.2797637129505848,1,6,6,0
10.908333333333333,932.8733058107982,554.8050823692433,3.305019267196729,1,6,6,0
10.916666666666666,933.7933242172144,554.0261920693347,3.3127070891508903,1,6,6,0
10.925,934.8268436122413,553.6303609189052,3.287364593306717,1,6,6,0
10.933333333333334,933.8549578348978,553.4681137567592,3.271727951205191,1,6,6,0
10.941666666666666,934.4402332284823,554.0787841140473,3.3105913350741534,1,6,6,0
10.95,934.5158990731397,553.7147024408422,3.3312819716960878,1,6,6,0
10.958333333333334,935.4187911943827,553.9612232969494,3.2767390648548727,1,6,6,0
10.966666666666667,934.6348197027637,554.8574072456311,3.2989900605253277,1,6,6,0
10.975,933.6514555785687,554.5083817870234,3.2875310454346476,1,6,6,0
10.983333333333333,933.1828046793028,554.3834752778395,3.2673979723084194,1,6,6,0
10.991666666666667,934.2781350146075,553.8060536483407,3.3227789690202,1,6,6,0
11.0,934.1624583802019,553.2175541054378,3.285553868520767,1,6,6,0
11.008333333333333,934.4999783472572,553.1135296807018,3.2653970387201006,1,6,6,0
11.016666666666667,934.038775191109,552.5188341289755,3.343112048874712,1,6,6,0
11.025,933.9305436064276,552.7380363036814,3.322768503173097,1,6,6,0
11.033333333333333,933.8589572224062,551.7562189244097,3.283454726757472,1,6,6,0
11.041666666666666,934.702099521642,551.1399292967914,3.3099964433807862,1,6,6,0
11.05,935.025383698173,551.1542626597939,3.322702248295896,1,6,6,0
11.058333333333334,935.4795534201794,551.1331982810075,3.2743029492711364,1,6,6,0
11.066666666666666,935.1684354154793,551.8727982299425,3.2916113985395157,1,6,6,0
11.075,935.31891619224,552.7589532616774,3.2846591350205334,1,6,6,0
11.083333333333334,934.873424716897,551.8215526175193,3.298704602525606,1,6,6,0
11.091666666666667,935.3036301314279,551.9208621968419,3.318909076481783,1,6,6,0
11.1,935.8192115497689,552.5833461163799,3.3153483414731877,1,6,6,0
11.108333333333333,934.8937095728671,552.6814522445675,3.3073757757945024,1,6,6,0
11.116666666666667,935.4041308370126,551.6481926215862,3.293128087886144,1,6,6,0
11.125,,,,0,6,6,0
11.133333333333333,,,,0,6,6,0
11.141666666666667,,,,0,6,6,0
11.15,,,,0,6,6,0
11.158333333333333,,,,0,6,6,0
11.166666666666666,,,,0,6,6,0
11.175,,,,0,6,6,0
11.183333333333334,,,,0,6,6,0
11.191666666666666,,,,0,6,6,0
11.2,,,,0,6,6,0
11.208333333333334,,,,0,6,6,0
11.216666666666667,,,,0,6,6,0
11.225,,,,0,6,6,0
11.233333333333333,,,,0,6,6,0
11.241666666666667,,,,0,6,6,0
11.25,,,,0,6,6,0
11.258333333333333,,,,0,6,6,0
11.266666666666667,,,,0,6,6,0
11.275,,,,0,6,6,0
11.283333333333333,,,,0,6,6,0
11.291666666666666,935.5400456213354,551.9648035553603,3.3076978846733947,1,6,6,0
11.3,935.6553484172035,551.2735220986883,3.2813671181866964,1,6,6,0
11.308333333333334,935.6362726911213,550.6099885156888,3.3388079449689774,1,6,6,0
11.316666666666666,935.553342386778,551.4724557470801,3.2865434570130905,1,6,6,0
11.325,935.2252221242277,552.0066157192471,3.331447919599003,1,6,6,0
11.333333333333334,935.0419801414205,552.1531622145482,3.2852886018815957,1,6,6,0
11.341666666666667,935.154271056503,552.0502523819106,3.279178966168808,1,6,6,0
11.35,934.5831302608156,552.1439862073639,3.2990972056074397,1,6,6,0
11.358333333333333,934.5425712544157,551.9096949836493,3.3104702902808385,1,6,6,0
11.366666666666667,934.3338305152374,551.5160829301196,3.2842159799632946,1,6,6,0
11.375,935.3265942119774,551.596056551961,3.3064661916331417,1,6,6,0
11.383333333333333,935.6822766201657,551.9260595434793,3.304888869141557,1,6,6,0
11.391666666666667,935.5241486267595,551.6679326014294,3.302794745575789,1,6,6,0
11.4,935.6354171291692,552.0090571575569,3.301627309599055,1,6,6,0
11.408333333333333,935.8433829087912,552.1885311160063,3.2840150406055137,1,6,6,0
11.416666666666666,936.3859757249245,551.9712686531117,3.3084738405015663,1,6,6,0
11.425,935.6337828164912,551.2943001217882,3.2862604346171937,1,6,6,0
11.433333333333334,935.6820910491742,551.1817416112541,3.304473535675917,1,6,6,0
11.441666666666666,935.7122543220682,551.8223238903344,3.2796588524739643,1,6,6,0
11.45,936.1610839248539,550.6884386036099,3.309937467787297,1,6,6,0
11.458333333333334,935.7605364109057,550.0470237095209,3.303258163271589,1,6,6,0
11.466666666666667,936.5312001639422,550.9261165112437,3.316646508443778,1,6,6,0
11.475,937.5534705615323,550.3527592209595,3.29507145625599,1,6,6,0
11.483333333333333,937.0177951449413,549.8140532152123,3.31299737386619,1,6,6,0
11.491666666666667,937.5882247058437,549.5349111791533,3.3378902592343938,1,6,6,0
11.5,938.8269307661528,549.9760881104625,3.303528610472004,1,6,6,0
11.508333333333333,938.4192747683497,549.9326804600877,3.343101738878321,1,6,6,0
11.516666666666667,938.3052242390835,550.098038798829,3.3402068361743624,1,6,6,0
11.525,938.4305252112097,549.9539215967029,3.3186540310488764,1,6,6,0
11.533333333333333,938.2073602410255,549.8876434431768,3.3295373685775242,1,6,6,0
11.541666666666666,938.3892958262583,549.5896740852766,3.3110833272317817,1,6,6,0
11.55,939.2211829454077,549.6204203440998,3.310275792930737,1,6,6,0
11.558333333333334,939.2857491390685,548.6407216370543,3.356201781329395,1,6,6,0
11.566666666666666,939.1548184872356,548.3586547917523,3.330495853634618,1,6,6,0
11.575,938.2302786244671,547.9664892841275,3.3357563567946897,1,6,6,0
11.583333333333334,938.1259708616226,548.1064516199036,3.302858539740087,1,6,6,0
11.591666666666667,938.0354339370175,548.2864370541578,3.3636121124601117,1,6,6,0
11.6,938.184963003898,548.5016704740433,3.3323311627110734,1,6,6,0
11.608333333333333,937.9400061420683,548.6048542010162,3.29925403457453,1,6,6,0
11.616666666666667,938.6226574948629,548.5027919617895,3.3269199995047,1,6,6,0
11.625,939.1669086154963,548.6917693572266,3.3281551396179543,1,6,6,0
11.633333333333333,939.7218569645045,548.405187306952,3.3399576079847737,1,6,6,0
11.641666666666667,940.1359693156697,548.6203007145036,3.3185717530250445,1,6,6,0
11.65,940.3010957801739,548.8718479073018,3.3624103179603,1,6,6,0
11.658333333333333,939.795541158907,549.784776128949,3.359851057876986,1,6,6,0
11.666666666666666,939.5521630235326,549.4928927652063,3.3584866174866534,1,6,6,0
11.675,939.7435881753255,548.9554293588237,3.326827096491749,1,6,6,0
11.683333333333334,938.5565069484156,548.7520151068516,3.3298797777937863,1,6,6,0
11.691666666666666,938.6387395514948,547.9745168393482,3.3150847510041945,1,6,6,0
11.7,938.445432988528,548.3403831886236,3.3206013173346136,1,6,6,0
11.708333333333334,938.7447656208486,547.7659523072831,3.3336629454508544,1,6,6,0
11.716666666666667,938.240997550422,547.8851591531245,3.334358913233774,1,6,6,0
11.725,938.2949284891491,547.6567338015717,3.341456253469655,1,6,6,0
11.733333333333333,939.0849182976423,547.3863765257643,3.3353554815561073,1,6,6,0
11.741666666666667,939.5356961479711,546.8265407319249,3.333152996546112,1,6,6,0
11.75,939.827701815961,547.4041674529628,3.3290322061027777,1,6,6,0
11.758333333333333,938.9516889582687,547.8427860916833,3.3361279507187076,1,6,6,0
11.766666666666667,939.4758390732846,548.0614549020239,3.314754173745265,1,6,6,0
11.775,938.6804516929793,548.5146407856199,3.3055297781320405,1,6,6,0
11.783333333333333,938.6585991752456,547.5886352183602,3.3226323386951426,1,6,6,0
11.791666666666666,937.5330194570467,547.8438612052397,3.3492125143041336,1,6,6,0
11.8,937.9513148195631,548.0692722221526,3.3185240153500057,1,6,6,0
11.808333333333334,938.5055088254826,548.5301517498648,3.309850078717885,1,6,6,0
11.816666666666666,938.6357500201817,549.2467509355193,3.3107442610039683,1,6,6,0
11.825,939.9372922077481,548.9727156761799,3.281000485520885,1,6,6,0
11.833333333333334,940.8249847419258,548.7909112088777,3.2802962449726865,1,6,6,0
11.841666666666667,941.5897227697828,548.6425230738042,3.299003001463722,1,6,6,0
11.85,941.1646351850528,548.1698552503825,3.2494344298155173,1,6,6,0
11.858333333333333,940.7303139013742,547.6202414101635,3.320388402992686,1,6,6,0
11.866666666666667,940.7467795906166,547.4108280826771,3.269358388336503,1,6,6,0
11.875,941.0078213218666,547.2133623363096,3.253761977324668,1,6,6,0
11.883333333333333,940.8298251538573,547.644655800469,3.285456476293652,1,6,6,0
11.891666666666667,940.5489353957955,547.8617928921961,3.277778310184444,1,6,6,0
11.9,941.0078954152443,547.571158113148,3.269701387694545,1,6,6,0
11.908333333333333,940.4958082714774,547.2994938703528,3.268658330641271,1,6,6,0
11.916666666666666,941.0892936370279,546.9908723103307,3.284077527561067,1,6,6,0
11.925,941.1352385031212,547.4074423475749,3.275017645907258,1,6,6,0
11.933333333333334,941.7459325929105,547.3146830959864,3.248849036368325,1,6,6,0
11.941666666666666,941.8460909402553,547.7743400739126,3.290621855304236,1,6,6,0
11.95,940.9329921474888,547.2667333563701,3.2730353524930527,1,6,6,0
11.958333333333334,940.5742422389269,547.1686314757644,3.272733925641058,1,6,6,0
11.966666666666667,940.3396964324651,547.3166545024483,3.276001614229334,1,6,6,0
11.975,940.4275381821906,547.075960633727,3.251347837166332,1,6,6,0
11.983333333333333,941.0256082674942,547.0213513224927,3.258108286803007,1,6,6,0
11.991666666666667,941.239838305201,546.3609362519842,3.295399008542889,1,6,6,0
12.0,940.8079313438603,546.1071307791818,3.2215816632048653,1,6,6,0
12.008333333333333,1221.328937816934,672.4184442471951,3.242254734442608,1,6,6,0
12.016666666666667,1221.6309229823783,672.1550947621363,3.2489107414258207,1,6,6,0
12.025,940.9899373568951,545.9588554542995,3.2606709346738545,1,6,6,0
12.033333333333333,940.2074053181067,545.7669797761571,3.2729997858317703,1,6,6,0
12.041666666666666,940.3601150748924,545.3100412820228,3.2643766000687586,1,6,6,0
12.05,940.5916693120843,545.3085206928151,3.2374256600847473,1,6,6,0
12.058333333333334,940.5059935255949,545.417175634625,3.2234776584752023,1,6,6,0
12.066666666666666,940.3746197884051,544.5427762914794,3.2523536544409866,1,6,6,0
12.075,939.786783664872,544.5164731917248,3.207605539716782,1,6,6,0
12.083333333333334,939.264724656818,544.9503914822907,3.309108159171702,1,6,6,0
12.091666666666667,939.1027238313831,545.4632776547714,3.2412826275309827,1,6,6,0
12.1,938.9552304065022,545.0390991382787,3.2372925767670306,1,6,6,0
12.108333333333333,938.7494031356107,545.8250655429674,3.2716981504662206,1,6,6,0
12.116666666666667,938.8350186942741,545.3670452283517,3.2503100585148075,1,6,6,0
12.125,938.720612183065,545.1992335046898,3.22516058466322,1,6,6,0
12.133333333333333,938.5866664020361,545.671873438955,3.2319774729363764,1,6,6,0
12.141666666666667,937.8389562100726,546.37302678173,3.232751344404789,1,6,6,0
12.15,938.3233846312297,546.1459484435062,3.2558599597905107,1,6,6,0
12.158333333333333,938.0336345149798,547.2189193879065,3.242293818929917,1,6,6,0
12.166666666666666,937.7335168949552,547.0712892515348,3.2338545205521085,1,6,6,0
12.175,937.6334239721474,546.9595415396449,3.2347976458217707,1,6,6,0
12.183333333333334,938.1463444502324,546.902736519819,3.215735118793933,1,6,6,0
12.191666666666666,937.7359715901935,546.0346143390132,3.211637139885736,1,6,6,0
12.2,938.7431624662496,546.1838443443642,3.2590391830181407,1,6,6,0
12.208333333333334,937.5942348696309,545.1071094637365,3.2299920308148726,1,6,6,0
12.216666666666667,936.6856354979742,545.5082927713376,3.2872547355714183,1,6,6,0
12.225,936.6775400070883,546.1670416958998,3.225608566176477,1,6,6,0
12.233333333333333,936.8200867118675,545.9784113439371,3.2415595498730747,1,6,6,0
12.241666666666667,936.7634243257808,544.1946396531425,3.2426266746494132,1,6,6,0
12.25,936.8308426210453,542.9732034568065,3.2354848881426355,1,6,6,0
12.258333333333333,935.8275546137403,543.2152202701061,3.2178118320095237,1,6,6,0
12.266666666666667,935.8857105246569,542.6086949063488,3.2523976726532,1,6,6,0
12.275,936.191712684172,541.9766242508744,3.2468615664123965,1,6,6,0
12.283333333333333,936.5115605347477,541.5795330770229,3.223396242183088,1,6,6,0
12.291666666666666,936.750576866737,541.8562741115666,3.235647767929168,1,6,6,0
12.3,935.3746810708147,542.5115250981836,3.216154185795987,1,6,6,0
12.308333333333334,936.4665627148493,542.8852649705975,3.2489796979660324,1,6,6,0
12.316666666666666,936.9215959699828,543.0599610156488,3.2526966754477575,1,6,6,0
12.325,936.2638595544483,543.0465144412705,3.234557476465805,1,6,6,0
12.333333333333334,936.3095612107213,543.4869429928846,3.2523510741838497,1,6,6,0
12.341666666666667,936.4651897280912,542.8372178789175,3.184495557717551,1,6,6,0
12.35,936.300188843858,543.1421863559963,3.212938258176799,1,6,6,0
12.358333333333333,935.6813177929654,542.8465978072646,3.2313946869761234,1,6,6,0
12.366666666666667,935.1414186509887,541.959517619942,3.22506216818607,1,6,6,0
12.375,935.0603382358953,541.6770173629534,3.2209308042258176,1,6,6,0
12.383333333333333,933.5887494505239,541.5960613223496,3.2259943063114958,1,6,6,0
12.391666666666667,933.2469158533659,542.0441482917408,3.183233930465369,1,6,6,0
12.4,933.0711028923923,541.7604040055786,3.2002977020025916,1,6,6,0
12.408333333333333,933.392701079379,541.2170959631145,3.233768027876108,1,6,6,0
12.416666666666666,932.6731671664185,541.8918522366232,3.2180902762930916,1,6,6,0
12.425,932.9332785768046,541.9063289279604,3.184610586268561,1,6,6,0
12.433333333333334,933.4507338935641,541.1895465600378,3.2060384204086096,1,6,6,0
12.441666666666666,933.1273474631834,541.0406759784943,3.221594663234546,1,6,6,0
12.45,932.7875212399758,540.950536635736,3.2143242548725692,1,6,6,0
12.458333333333334,932.4628044905745,540.6005188163772,3.2051888091025584,1,6,6,0
12.466666666666667,933.1507523401335,539.9514763998314,3.160625775166942,1,6,6,0
12.475,931.8742152057985,540.518785061947,3.153023269153703,1,6,6,0
12.483333333333333,931.9065312442749,540.0181664889963,3.2143682716747,1,6,6,0
12.491666666666667,931.7747419638841,540.1705086784191,3.207337678708757,1,6,6,0
12.5,932.405953454625,539.2868046712455,3.1769811464396436,1,6,6,0
12.508333333333333,932.2417286376066,539.3198411792328,3.1853010618534627,1,6,6,0
12.516666666666667,932.546430212464,538.9429130745345,3.180691980422969,1,6,6,0
12.525,932.6486250650904,540.44401919269,3.2016093439263438,1,6,6,0
12.533333333333333,932.156653515779,540.7108364216011,3.197463154487451,1,6,6,0
12.541666666666666,932.2237823234211,540.9159219448716,3.1950353879753908,1,6,6,0
12.55,931.2298204662717,540.3051179542974,3.1547832153502706,1,6,6,0
12.558333333333334,931.7320182869239,540.1227956344737,3.198430281782214,1,6,6,0
12.566666666666666,932.2196605686964,540.1924524607516,3.2319072684264554,1,6,6,0
12.575,932.2906671646217,541.0265065646249,3.19406755227231,1,6,6,0
12.583333333333334,932.6525298215631,541.0546818710777,3.232286031105865,1,6,6,0
12.591666666666667,932.86692887638,540.7711151239454,3.231974749226374,1,6,6,0
12.6,932.7058008104079,540.3828356114143,3.1585013262782664,1,6,6,0
12.608333333333333,932.8818181348253,540.7339111786005,3.20957848429912,1,6,6,0
12.616666666666667,932.1978096983138,540.2716543918424,3.1779966633339645,1,6,6,0
12.625,931.3186575055672,540.040552672035,3.184790994647247,1,6,6,0
12.633333333333333,931.8813834062751,540.5643654910272,3.183959701171446,1,6,6,0
12.641666666666667,931.9778045890394,540.4380188224695,3.19237755401902,1,6,6,0
12.65,932.5375543895982,540.893688887346,3.1805152738791977,1,6,6,0
12.658333333333333,932.9399808471705,541.0478892131288,3.167917981591423,1,6,6,0
12.666666666666666,932.6668243763622,541.4815122961679,3.1850103060609514,1,6,6,0
12.675,932.9695679432447,540.2367903107845,3.1871995079161373,1,6,6,0
12.683333333333334,933.6531774686318,540.1885441940855,3.151232437571242,1,6,6,0
12.691666666666666,933.740261262486,540.1884616952829,3.1508920965531724,1,6,6,0
12.7,933.4276102517185,539.231019633041,3.181506703950269,1,6,6,0
12.708333333333334,933.1625606534901,539.527259590223,3.1506613235743504,1,6,6,0
12.716666666666667,933.4210090106127,539.6661053587779,3.2150919121241452,1,6,6,0
12.725,932.5412863709017,540.1965134548,3.1579721479064085,1,6,6,0
12.733333333333333,932.2112190755236,539.897690779877,3.19286280617462,1,6,6,0
12.741666666666667,931.6829243296442,539.1280289283642,3.175676372156439,1,6,6,0
12.75,932.2215467515382,539.6944102079202,3.186383238453595,1,6,6,0
12.758333333333333,931.9615367498754,540.1904838840419,3.20015251229214,1,6,6,0
12.766666666666667,932.1966029002226,540.4724933992612,3.164775865331962,1,6,6,0
12.775,931.0997293201104,540.3339304068317,3.1601644623893703,1,6,6,0
12.783333333333333,931.179682187016,539.7640176250087,3.1333942346840034,1,6,6,0
12.791666666666666,931.3773522728685,538.622371469053,3.1610105067186467,1,6,6,0
12.8,931.4841237631772,537.9666279300978,3.1732511023591052,1,6,6,0
12.808333333333334,931.9593809499005,537.5905095481256,3.1972650123394275,1,6,6,0
12.816666666666666,931.5099867212357,537.7098838021367,3.159240209437663,1,6,6,0
12.825,931.4304016254998,537.9105150947923,3.1643546852161863,1,6,6,0
12.833333333333334,930.5203104130242,537.336565143176,3.1742814569434468,1,6,6,0
12.841666666666667,930.3030432595857,537.1917564149433,3.140168771715869,1,6,6,0
12.85,930.3547290910556,536.0730214489847,3.177562467101866,1,6,6,0
12.858333333333333,929.9823907795505,536.340044833571,3.1831979214618844,1,6,6,0
12.866666666666667,930.4307377270774,535.9478667053812,3.132345318185267,1,6,6,0
12.875,,,,0,6,6,0
12.883333333333333,,,,0,6,6,0
12.891666666666667,,,,0,6,6,0
12.9,,,,0,6,6,0
12.908333333333333,,,,0,6,6,0
12.916666666666666,,,,0,6,6,0
12.925,,,,0,6,6,0
12.933333333333334,,,,0,6,6,0
12.941666666666666,,,,0,6,6,0
12.95,,,,0,6,6,0
12.958333333333334,,,,0,6,6,0
12.966666666666667,,,,0,6,6,0
12.975,,,,0,6,6,0
12.983333333333333,,,,0,6,6,0
12.991666666666667,,,,0,6,6,0
13.0,,,,0,6,6,0
13.008333333333333,,,,0,6,6,0
13.016666666666667,,,,0,6,6,0
13.025,931.4440202420873,536.0036057832652,3.138117341907367,1,6,6,0
13.033333333333333,960.0914905923803,179.5452683416645,3.120380459315878,1,6,6,0
13.041666666666666,959.417110724682,179.34461465177333,3.1350522829358938,1,6,6,0
13.05,931.4320078419997,537.3745277657978,3.1252602065114274,1,6,6,0
13.058333333333334,931.7542564640517,537.6635855443659,3.1601334309998914,1,6,6,0
13.066666666666666,932.4133616363695,537.8654246603215,3.1447706831689732,1,6,6,0
13.075,932.5514514306897,538.2573815719975,3.129162082544499,1,6,6,0
13.083333333333334,932.6996971336188,538.6925200686547,3.1495034989365225,1,6,6,0
13.091666666666667,933.3805057073737,538.6312539394115,3.1562384290974923,1,6,6,0
13.1,933.0720937034641,538.6398522046212,3.1543339305018803,1,6,6,0
13.108333333333333,933.1101827873595,538.3465786197099,3.159667916417612,1,6,6,0
13.116666666666667,932.46335586976,537.4513841425526,3.1252857190819188,1,6,6,0
13.125,932.7401494312782,537.471528068319,3.134366831258969,1,6,6,0
13.133333333333333,932.3757071313247,537.5040669940983,3.124740358121358,1,6,6,0
13.141666666666667,933.1841259890913,537.4133918749984,3.129721824857632,1,6,6,0
13.15,933.4017154635638,538.1980709204352,3.125816646091313,1,6,6,0
13.158333333333333,933.2161251849803,538.0147091425544,3.1301496407644973,1,6,6,0
13.166666666666666,933.4800546985177,537.6937125038074,3.157282596536456,1,6,6,0
13.175,932.9759331195288,537.295282491714,3.100321518979676,1,6,6,0
13.183333333333334,932.6909768490829,538.4588075714043,3.09884868996989,1,6,6,0
13.191666666666666,932.9276386452885,538.4984099721959,3.138438506034461,1,6,6,0
13.2,933.7000936166544,538.0987536527616,3.1464033322364613,1,6,6,0
13.208333333333334,933.8132450869364,538.2560879755474,3.114541373026372,1,6,6,0
13.216666666666667,933.6922593524866,538.5009921551697,3.1232849652521026,1,6,6,0
13.225,933.7351316173033,538.8103528738692,3.1736938417328178,1,6,6,0
13.233333333333333,933.5147739211351,538.8668519675834,3.106387057741737,1,6,6,0
13.241666666666667,933.5051787893996,538.352613989491,3.146480868626608,1,6,6,0
13.25,933.512986668765,538.5234318408125,3.109475113449355,1,6,6,0
13.258333333333333,932.9653870919684,539.0582777236746,3.080370004352959,1,6,6,0
13.266666666666667,933.0370631144272,539.0895484995559,3.1202411389620663,1,6,6,0
13.275,932.7470354125803,539.2082827062768,3.127310850005089,1,6,6,0
13.283333333333333,932.4460745359946,539.1809770802162,3.1198617482702673,1,6,6,0
13.291666666666666,932.4052677201971,539.7269672212551,3.09643705647657,1,6,6,0
13.3,931.4779406051879,539.823415019357,3.0933285386900384,1,6,6,0
13.308333333333334,931.9054200052543,539.4370685871851,3.129460142727871,1,6,6,0
13.316666666666666,931.9559251554483,539.4889563889782,3.109093571753144,1,6,6,0
13.325,931.1400578240117,539.4596474282214,3.1075051285455664,1,6,6,0
13.333333333333334,930.7711182842722,539.4027876258419,3.1224815321643544,1,6,6,0
13.341666666666667,931.5112478365903,539.8799920870723,3.1291332688286073,1,6,6,0
13.35,931.5202951367829,540.0370520725621,3.1033323988544144,1,6,6,0
13.358333333333333,931.178089928419,539.7118417616696,3.108411607005078,1,6,6,0
13.366666666666667,931.7695131784684,539.4805136719011,3.1323136811251806,1,6,6,0
13.375,931.2581532134363,539.0408973466045,3.08839107151414,1,6,6,0
13.383333333333333,931.1810932453465,539.5800059441806,3.093074007109218,1,6,6,0
13.391666666666667,932.1755521950502,539.5023790970033,3.1279034221776523,1,6,6,0
13.4,931.4632684786279,538.7211069114896,3.0830644158823914,1,6,6,0
13.408333333333333,931.7146399149523,538.4041577798436,3.0821023973453316,1,6,6,0
13.416666666666666,932.1071005356137,537.9298748720443,3.136321353385554,1,6,6,0
13.425,931.3919109736112,537.7288775571312,3.1096782369625955,1,6,6,0
13.433333333333334,1397.8185119316,225.68635589164097,3.0734313426823525,1,6,6,0
13.441666666666666,1398.028816161518,225.10862449484233,3.1128382195582947,1,6,6,0
13.45,931.9260752901041,535.9058346984602,3.1087594999133445,1,6,6,0
13.458333333333334,932.1115461033924,535.4489721813992,3.138363792110879,1,6,6,0
13.466666666666667,932.1771357465702,534.3701626934171,3.106772048554252,1,6,6,0
13.475,932.3406253846059,533.9186774727214,3.1161598621267967,1,6,6,0
13.483333333333333,932.0590622658283,533.2630445064732,3.1058397204034724,1,6,6,0
13.491666666666667,932.5209068697068,532.7581856805517,3.121029956391948,1,6,6,0
13.5,932.9669846800008,533.2642258451172,3.0964455239348645,1,6,6,0
13.508333333333333,932.6925967049342,533.9015769976326,3.158911793437743,1,6,6,0
13.516666666666667,931.6051791503161,534.4959198109286,3.096181046782952,1,6,6,0
13.525,930.8127188580262,534.5207014720693,3.119247672385861,1,6,6,0
13.533333333333333,931.1272215186161,535.0179332443523,3.06556087703482,1,6,6,0
13.541666666666666,931.6914106211434,534.6315690520114,3.1485414435834373,1,6,6,0
13.55,931.3515457454224,534.5298821945772,3.099064647522619,1,6,6,0
13.558333333333334,931.4989312473091,534.41715898844,3.0901442297289403,1,6,6,0
13.566666666666666,931.7493283972369,535.2244126552151,3.1026336822601097,1,6,6,0
13.575,932.2945058974534,535.1237384374929,3.1289202910315455,1,6,6,0
13.583333333333334,932.1363751587991,535.6735671884322,3.113193853313207,1,6,6,0
13.591666666666667,933.2686687238814,535.6410616919474,3.0903862109737754,1,6,6,0
13.6,933.4465219379076,534.6281484415987,3.1077977985313523,1,6,6,0
13.608333333333333,933.6057086780188,534.6607179720705,3.107745968704697,1,6,6,0
13.616666666666667,933.3673876624056,534.7948424127906,3.0689092754289162,1,6,6,0
13.625,934.0731535460634,533.5260175248603,3.111584891998314,1,6,6,0
13.633333333333333,934.2112434629901,533.7816628765731,3.1385336786675246,1,6,6,0
13.641666666666667,933.8281641706492,533.4394609349584,3.121950465571761,1,6,6,0
13.65,934.005092739139,533.7037275266058,3.1009855018657655,1,6,6,0
13.658333333333333,934.4964882877046,533.6892283822776,3.0717686046922705,1,6,6,0
13.666666666666666,933.9436852039994,533.9536753915355,3.126600185797851,1,6,6,0
13.675,934.4501652875051,533.8574122963316,3.084060877597374,1,6,6,0
13.683333333333334,934.7204127078883,534.4310778087977,3.068808770121512,1,6,6,0
13.691666666666666,934.4290694058301,534.2213351031886,3.058867464501676,1,6,6,0
13.7,933.7245313797303,534.2783052460535,3.0849428591553574,1,6,6,0
13.708333333333334,933.9191295652937,533.7896508425583,3.0599343790253624,1,6,6,0
13.716666666666667,933.9596255586229,533.567192005452,3.139835464523762,1,6,6,0
13.725,933.528421551663,534.0441571204159,3.108618523213235,1,6,6,0
13.733333333333333,933.8720238224464,534.4721466598353,3.105154008417784,1,6,6,0
13.741666666666667,933.881000564528,533.2654963072479,3.098905022955287,1,6,6,0
13.75,933.5521756958692,533.3677520456798,3.0656798593856456,1,6,6,0
13.758333333333333,934.1552326991188,533.066062134691,3.1142924161737566,1,6,6,0
13.766666666666667,933.8090146728113,533.5863645683489,3.0811952393379696,1,6,6,0
13.775,933.4311654510099,533.3825777023451,3.1149523104341785,1,6,6,0
13.783333333333333,933.3032569234109,532.3671801625344,3.095444039177871,1,6,6,0
13.791666666666666,932.9814285191713,532.1803403055727,3.1074912736714473,1,6,6,0
13.8,932.5358616322267,531.2012183878827,3.1087125239935016,1,6,6,0
13.808333333333334,933.1297644554999,531.7322558366221,3.0796673677412567,1,6,6,0
13.816666666666666,933.4995939457801,531.9566856044519,3.06406278598941,1,6,6,0
13.825,933.7586535527174,532.7482573391198,3.110898755304048,1,6,6,0
13.833333333333334,934.1092536529823,533.6470932380715,3.0612985472728163,1,6,6,0
13.841666666666667,933.505250140133,533.6144557008857,3.102934136673693,1,6,6,0
13.85,933.3508388608526,534.5504577238634,3.1320879846768155,1,6,6,0
13.858333333333333,934.339069827919,535.1933951852335,3.0970315662168093,1,6,6,0
13.866666666666667,934.368310825232,535.2460616265645,3.076736937944216,1,6,6,0
13.875,934.1245407696908,534.6848137078481,3.0894854492563253,1,6,6,0
13.883333333333333,933.2074246346166,535.0264607353487,3.0887653135530995,1,6,6,0
13.891666666666667,933.5544698187252,534.2795517783625,3.0931606237312166,1,6,6,0
13.9,933.7992110275828,534.8527900146161,3.095768904448444,1,6,6,0
13.908333333333333,934.487010103138,535.8678274941065,3.0825952839891424,1,6,6,0
13.916666666666666,934.3880116644182,535.17690675062,3.133206751130991,1,6,6,0
13.925,934.1927467028605,534.7664001685669,3.1008979442535636,1,6,6,0
13.933333333333334,933.9688306882755,534.9947333815874,3.0997091442991263,1,6,6,0
13.941666666666666,933.9629405432987,535.7434869947374,3.092214197077778,1,6,6,0
13.95,933.8616691664419,535.7416053317924,3.1326544510794836,1,6,6,0
13.958333333333334,933.341999870265,535.5377099781194,3.1144651309767157,1,6,6,0
13.966666666666667,932.8048547066286,535.532675328162,3.1083047061816806,1,6,6,0
13.975,933.0311602412072,536.1863616541997,3.0813068021332852,1,6,6,0
13.983333333333333,932.7875480582462,535.5051264742898,3.08709478065011,1,6,6,0
13.991666666666667,933.2473384393578,534.6030039050293,3.085400579893965,1,6,6,0
14.0,933.3934288626708,534.3921941138293,3.1020098552347277,1,6,6,0
14.008333333333333,933.7858905056808,534.5062294300607,3.082444630107239,1,6,6,0
14.016666666666667,933.3753714302131,534.7003843850878,3.119922446248444,1,6,6,0
14.025,933.7195718195259,534.533670191036,3.1442256655603464,1,6,6,0
14.033333333333333,933.0532958367664,532.8416934301412,3.084686292203724,1,6,6,0
14.041666666666666,933.3671357253788,532.7226646707363,3.123047650532642,1,6,6,0
14.05,932.0434095602587,532.2723269556018,3.1184562553435153,1,6,6,0
14.058333333333334,931.4978667489285,531.8530642998105,3.1085981347398133,1,6,6,0
14.066666666666666,931.7375422567311,532.1546245259103,3.1028959476089573,1,6,6,0
14.075,932.6129306012172,532.8345368903385,3.121455537298863,1,6,6,0
14.083333333333334,931.8715464048357,532.4272244318724,3.128681235482448,1,6,6,0
14.091666666666667,932.2418354641549,532.4044664307087,3.098519275241636,1,6,6,0
14.1,931.8607509661033,531.7778451421792,3.087586634609486,1,6,6,0
14.108333333333333,932.3549460243714,532.1409514162897,3.094811269486954,1,6,6,0
14.116666666666667,932.4541112766613,532.8550197718014,3.102701964866248,1,6,6,0
14.125,932.182517484458,533.0807829990227,3.1034578956537366,1,6,6,0
14.133333333333333,932.6551068232885,532.6286379131448,3.1056002500036315,1,6,6,0
14.141666666666667,931.4993392882,531.4234416140075,3.10125652045959,1,6,6,0
14.15,931.205722908278,531.9781708325884,3.0817806179496565,1,6,6,0
14.158333333333333,930.4476026293613,531.8463684727111,3.122151587008347,1,6,6,0
14.166666666666666,929.6232279077469,531.49523578798,3.1320021541444536,1,6,6,0
14.175,929.7127521919748,532.0162525031395,3.086655318410939,1,6,6,0
14.183333333333334,929.7837148393322,531.9570874564403,3.117622893895617,1,6,6,0
14.191666666666666,930.2311159553034,530.5854180085493,3.117330455800394,1,6,6,0
14.2,930.0800087938333,531.0721445820723,3.1085764499467587,1,6,6,0
14.208333333333334,929.9157513363189,530.4885814855892,3.1170944028153533,1,6,6,0
14.216666666666667,929.4947819625609,530.0918907230679,3.14903903352097,1,6,6,0
14.225,929.1359450141127,529.8234764613223,3.1166143383198897,1,6,6,0
14.233333333333333,930.118642743897,529.7126426357514,3.129380735554562,1,6,6,0
14.241666666666667,930.3189702658215,530.4969061199262,3.155011484383966,1,6,6,0
14.25,930.5606397101708,530.4159461228026,3.110915798504856,1,6,6,0
14.258333333333333,930.7971553077128,531.1585938702459,3.1429377642558487,1,6,6,0
14.266666666666667,930.7518683040777,530.6160543263619,3.122515640499307,1,6,6,0
14.275,930.4470063832146,530.6999026585481,3.153899166335196,1,6,6,0
14.283333333333333,930.3569084444968,531.1059815699181,3.1086094278463436,1,6,6,0
14.291666666666666,930.2295624944874,531.0728630265764,3.1010269796351633,1,6,6,0
14.3,929.4549300902584,531.0754245340546,3.1206799437533195,1,6,6,0
14.308333333333334,929.5996443294753,531.3326836139124,3.107660335231648,1,6,6,0
14.316666666666666,929.4324858955446,530.6132628305564,3.1314741199276175,1,6,6,0
14.325,929.2958726691136,530.7667939456579,3.125915535720111,1,6,6,0
14.333333333333334,929.0526052349542,531.0217957771556,3.104589881486696,1,6,6,0
14.341666666666667,928.9159969621825,531.2767567907674,3.126616504613015,1,6,6,0
14.35,929.2313616900718,531.3204923697695,3.1454712362993686,1,6,6,0
14.358333333333333,929.2497220226769,531.2244638712951,3.1532053469897843,1,6,6,0
14.366666666666667,929.6204522573399,531.6596101638199,3.1425928469749635,1,6,6,0
14.375,929.3720927018102,530.9442305410457,3.1370954923846295,1,6,6,0
14.383333333333333,929.4786411769776,530.8248070225115,3.1340613456951827,1,6,6,0
14.391666666666667,929.6444962995022,530.7211557943687,3.1739885484728965,1,6,6,0
14.4,929.3364810505077,530.959072880044,3.1334754409309875,1,6,6,0
14.408333333333333,930.3690278558926,531.7345754190961,3.1440863849645204,1,6,6,0
14.416666666666666,931.9378783440528,531.9534382835019,3.113831533050761,1,6,6,0
14.425,931.5837142562932,532.1978132079252,3.1693406302952356,1,6,6,0
14.433333333333334,932.1341189047228,533.1008664774274,3.1655814015829624,1,6,6,0
14.441666666666666,932.5502334650971,534.1423033159464,3.122044213927783,1,6,6,0
14.45,932.2815302283773,534.9804024713625,3.156852928937628,1,6,6,0
14.458333333333334,932.683139601566,535.1762797115202,3.1439930194520036,1,6,6,0
14.466666666666667,931.1885797149021,535.1051731792361,3.16118385760518,1,6,6,0
14.475,930.2825736637196,535.074577111573,3.1261711887702717,1,6,6,0
14.483333333333333,930.652048857237,534.637077887372,3.1052807772842215,1,6,6,0
14.491666666666667,930.7866494014924,534.611503570945,3.156858123219965,1,6,6,0
14.5,930.7982293524608,535.2118951697778,3.128239384183265,1,6,6,0
14.508333333333333,930.3853935673268,535.5720137599062,3.1614241464278883,1,6,6,0
14.516666666666667,930.5351816441112,536.2003683630553,3.157322113666477,1,6,6,0
14.525,930.2646962780798,536.1305301451499,3.110438337811316,1,6,6,0
14.533333333333333,930.7067481150647,536.1588650990094,3.147577357314345,1,6,6,0
14.541666666666666,930.0512177171827,535.6533682065772,3.1369893936637827,1,6,6,0
14.55,930.0190714664495,535.5630364590336,3.1458498471413936,1,6,6,0
14.558333333333334,930.0122792103804,534.7927844151707,3.162221422049287,1,6,6,0
14.566666666666666,930.2409282910261,534.4518877213277,3.110715854299679,1,6,6,0
14.575,929.5497950860423,533.5295004396869,3.144161838649171,1,6,6,0
14.583333333333334,930.0093410780547,533.0462266351306,3.1372414729939346,1,6,6,0
14.591666666666667,930.631186360621,532.7117656122872,3.1503088581454515,1,6,6,0
14.6,930.9710715851064,532.0010841613919,3.1203940216698056,1,6,6,0
14.608333333333333,931.3085425211199,532.3052720650234,3.127063616155128,1,6,6,0
14.616666666666667,930.4248523989683,532.6796579853526,3.1781222441853414,1,6,6,0
14.625,930.3005697825658,533.232405560053,3.1914610497047784,1,6,6,0
14.633333333333333,930.4950423090199,533.3385327262273,3.147939163341285,1,6,6,0
14.641666666666667,930.5436306634049,532.5056061814997,3.208253870923618,1,6,6,0
14.65,931.1956025902463,532.7437168310279,3.1422829928344362,1,6,6,0
14.658333333333333,931.3952250268649,533.270135584038,3.1638974482369626,1,6,6,0
14.666666666666666,931.7968994049295,532.9230838679968,3.1319166148613453,1,6,6,0
14.675,932.4715572974558,532.1848451950525,3.1656972739171443,1,6,6,0
14.683333333333334,931.6395945528506,532.0982003674529,3.1534540304571252,1,6,6,0
14.691666666666666,931.9394680962092,531.8786490094318,3.151150677171661,1,6,6,0
14.7,932.2701638719612,531.7531944715647,3.2059348079076786,1,6,6,0
14.708333333333334,932.1306096595906,531.8487064167826,3.1643906456619697,1,6,6,0
14.716666666666667,931.1552663433883,532.4896099387439,3.1722192069494244,1,6,6,0
14.725,931.3551479958936,532.8170547017055,3.1596506594500737,1,6,6,0
14.733333333333333,932.110420440983,532.8272915727566,3.1446330381291157,1,6,6,0
14.741666666666667,931.5986291471147,532.9768460552559,3.1821629511672693,1,6,6,0
14.75,932.9726212327764,532.674009694875,3.188217853556756,1,6,6,0
14.758333333333333,933.7556905614938,533.7419327454646,3.1982677787649667,1,6,6,0
14.766666666666667,933.4463902817467,534.5587538322854,3.1856899092120834,1,6,6,0
14.775,933.3981011268976,534.6498158243039,3.182457990929074,1,6,6,0
14.783333333333333,933.5030425151905,534.3408705616948,3.1483236240964514,1,6,6,0
14.791666666666666,933.7590546858894,534.0225535463449,3.1323633150483445,1,6,6,0
14.8,933.5170380283071,533.6770862667328,3.1572093622843305,1,6,6,0
14.808333333333334,933.1803309146474,533.1010654775698,3.128319695120902,1,6,6,0
14.816666666666666,933.728686199751,532.5476942894686,3.1953373460486754,1,6,6,0
14.825,934.0664835786016,532.8775467662074,3.1606565924617986,1,6,6,0
14.833333333333334,934.8428795874122,532.9787269355414,3.1962053210728154,1,6,6,0
14.841666666666667,935.5728040491882,533.1175983995511,3.1758892547339697,1,6,6,0
14.85,935.5771598368551,533.4596084951845,3.156559727209853,1,6,6,0
14.858333333333333,936.4616768289139,533.2752112434482,3.162381618615499,1,6,6,0
14.866666666666667,936.0688234591545,533.4648019003722,3.1687161416323555,1,6,6,0
14.875,935.5315422590379,534.4508456683485,3.163157915961104,1,6,6,0
14.883333333333333,934.9871651270112,534.3163990413798,3.175443570450675,1,6,6,0
14.891666666666667,934.8214240933505,534.4486457779616,3.1940694112465025,1,6,6,0
14.9,933.8191518204598,534.7561897478051,3.1897922041748834,1,6,6,0
14.908333333333333,934.2658728756205,534.7174986480109,3.191425461352253,1,6,6,0
14.916666666666666,933.9708360283296,533.8707877774344,3.1856987963700245,1,6,6,0
14.925,934.9846632023633,534.3196150993316,3.201151275836747,1,6,6,0
14.933333333333334,934.7918204103698,534.3177011105666,3.184086198645464,1,6,6,0
14.941666666666666,935.4542164404583,534.4010858458197,3.2025119701153835,1,6,6,0
14.95,934.6032396997144,534.9580343063795,3.183892285159059,1,6,6,0
14.958333333333334,934.7310974908653,534.6978706730708,3.2038050126008657,1,6,6,0
14.966666666666667,934.7585647426307,534.3385318754916,3.2122725302152384,1,6,6,0
14.975,936.195775087729,534.3425551928273,3.218278408777037,1,6,6,0
14.983333333333333,936.1205561358248,534.7903033976831,3.193539133658975,1,6,6,0
14.991666666666667,935.8765084432929,534.091347277678,3.2108528548913804,1,6,6,0
15.0,935.5448468182295,534.3703778591245,3.1876157388839164,1,6,6,0
15.008333333333333,935.2416635401719,534.1390387300045,3.2003334626533353,1,6,6,0
15.016666666666667,935.3019063753171,534.3551583850816,3.1937523182375434,1,6,6,0
15.025,935.6773611155476,533.532516617053,3.2055088281153323,1,6,6,0
15.033333333333333,936.0129321449026,533.3136483884921,3.22906855145386,1,6,6,0
15.041666666666666,936.0948154949875,532.7565266351871,3.219473944325003,1,6,6,0
15.05,936.0637983852663,532.6441436190167,3.199762137315441,1,6,6,0
15.058333333333334,936.3719683975788,533.0326820314823,3.2047922183651045,1,6,6,0
15.066666666666666,937.2824938358056,532.9121783476926,3.2340348751551926,1,6,6,0
15.075,936.4575509371934,533.5549935001382,3.188911833206312,1,6,6,0
15.083333333333334,936.7703683360364,533.4452308370707,3.199229837870227,1,6,6,0
15.091666666666667,937.7694178438851,534.1763293606552,3.228454933666658,1,6,6,0
15.1,937.1818764689725,534.5189097914968,3.213170478781336,1,6,6,0
15.108333333333333,938.5544715480728,534.8985523560088,3.209902762486523,1,6,6,0
15.116666666666667,939.0360215548488,534.5903211256933,3.185065385479693,1,6,6,0
15.125,939.2277764183086,534.5467665418987,3.224857222144446,1,6,6,0
15.133333333333333,939.7021015700467,534.453200571124,3.206131245321799,1,6,6,0
15.141666666666667,1791.3067110426607,514.1740940427602,3.176045845893774,1,6,6,0
15.15,1791.427328688234,513.7799910018553,3.2028285124306577,1,6,6,0
15.158333333333333,939.7935282549001,535.1247953777415,3.2115767418411902,1,6,6,0
15.166666666666666,939.7420084912727,535.0646959488815,3.2299863902163986,1,6,6,0
15.175,938.7088006240875,535.9323237493484,3.213269909086715,1,6,6,0
15.183333333333334,939.5769878932103,536.6327954136333,3.2209556760057843,1,6,6,0
15.191666666666666,939.7477114013745,535.6513481255378,3.213586237757626,1,6,6,0
15.2,939.0849869752201,535.2299245289748,3.211120002949486,1,6,6,0
15.208333333333334,938.7343557720495,534.0927002248196,3.2242568012850854,1,6,6,0
15.216666666666667,938.9087524364783,534.3145716084834,3.191337440961089,1,6,6,0
15.225,939.4481236375225,534.2071358640784,3.2085044773329234,1,6,6,0
15.233333333333333,939.2076253805454,534.400241163722,3.222261063796154,1,6,6,0
15.241666666666667,939.1848757884574,534.1624435456088,3.231285017144592,1,6,6,0
15.25,939.0018055610542,534.4448067316549,3.235944571598913,1,6,6,0
15.258333333333333,939.3685239230413,534.2903523390083,3.2410153742734225,1,6,6,0
15.266666666666667,939.1344495968297,533.6921364214094,3.2694866532421374,1,6,6,0
15.275,939.4474621522829,533.2508886634399,3.231381500706252,1,6,6,0
15.283333333333333,939.968981511189,533.8876497026702,3.2419946724755935,1,6,6,0
15.291666666666666,939.6825389063799,533.7662535294568,3.2192939225778594,1,6,6,0
15.3,938.6059828434012,533.8829769283608,3.2552577959897078,1,6,6,0
15.308333333333334,937.9431161889851,533.8141552824095,3.2185719831634154,1,6,6,0
15.316666666666666,939.3467734369078,533.7104696105772,3.2006570588093597,1,6,6,0
15.325,939.2818943601642,533.5397356356101,3.2271593123220814,1,6,6,0
15.333333333333334,938.6512207504688,533.3129989663598,3.23491150467251,1,6,6,0
15.341666666666667,938.7907953475044,531.8732787688144,3.2808343845576178,1,6,6,0
15.35,939.6418651142296,532.2814393232583,3.2529806330706768,1,6,6,0
15.358333333333333,939.6367911579819,532.8955560139552,3.231270499725294,1,6,6,0
15.366666666666667,940.3853470296311,532.423548297501,3.2656102077640887,1,6,6,0
15.375,940.7844043282025,531.5811580159627,3.2353084244138017,1,6,6,0
15.383333333333333,941.5770629452488,530.7918465042867,3.2537940758510016,1,6,6,0
15.391666666666667,942.0061930689011,531.1770363398515,3.24652681682759,1,6,6,0
15.4,942.452581139265,531.2073956862067,3.2683448177992176,1,6,6,0
15.408333333333333,943.1143589197134,531.570811973846,3.244015686790686,1,6,6,0
15.416666666666666,942.9812174386901,531.9103085427591,3.2725004438130636,1,6,6,0
15.425,943.5847663392593,531.7877717420579,3.256785371540934,1,6,6,0
15.433333333333334,943.3728852379613,531.3647158381852,3.244590100242272,1,6,6,0
15.441666666666666,943.0393770340964,532.3975462590308,3.260659061183319,1,6,6,0
15.45,942.5782926940124,532.6050972574817,3.2294971245325153,1,6,6,0
15.458333333333334,942.8155129046797,533.4600394631932,3.2498678796451594,1,6,6,0
15.466666666666667,943.2868031470794,531.9145315772266,3.258612338775555,1,6,6,0
15.475,944.5114402103911,532.234072363532,3.2639071295151347,1,6,6,0
15.483333333333333,944.6492074184208,532.8451943940722,3.244034022725506,1,6,6,0
15.491666666666667,944.2547530665448,533.789955755991,3.256094269335428,1,6,6,0
15.5,943.838725285002,532.5121876037961,3.256486348217868,1,6,6,0
15.508333333333333,944.1976174437622,531.855391510765,3.284042048336539,1,6,6,0
15.516666666666667,943.9368292803299,531.7632720718881,3.266617698520547,1,6,6,0
15.525,944.5584020855285,531.4444648133182,3.2388131087055414,1,6,6,0
15.533333333333333,944.5251969287796,531.4235153782924,3.2853859284586866,1,6,6,0
15.541666666666666,943.3647617229497,531.1960232362035,3.230874179894067,1,6,6,0
15.55,943.8736859249914,529.8887204349229,3.27063438757432,1,6,6,0
15.558333333333334,943.9388077483266,530.0866590393534,3.2738383584664486,1,6,6,0
15.566666666666666,943.8533834108164,529.710542636361,3.2761719229638273,1,6,6,0
15.575,943.5137391866499,529.3701944574539,3.242283543762037,1,6,6,0
15.583333333333334,942.0558837030259,529.4980532298802,3.227320096795987,1,6,6,0
15.591666666666667,941.912174671843,528.9274804161944,3.2506730572091636,1,6,6,0
15.6,941.6948271874523,528.7431924583072,3.2671424389221793,1,6,6,0
15.608333333333333,941.0158411980839,528.3584588816867,3.244492405472614,1,6,6,0
15.616666666666667,941.0227571693375,527.757820332409,3.2604512166765214,1,6,6,0
15.625,941.191111223054,527.1689899696497,3.2685257022985614,1,6,6,0
15.633333333333333,941.350480410062,527.9742455198282,3.246072696717982,1,6,6,0
15.641666666666667,941.5204502383586,527.9311141161162,3.30097519139424,1,6,6,0
15.65,941.0283843577535,527.3344498451822,3.2631819512388835,1,6,6,0
15.658333333333333,941.1473101494682,526.7511849615253,3.282885918691579,1,6,6,0
15.666666666666666,940.5937757483133,527.3840019613347,3.2509743800046715,1,6,6,0
15.675,940.009675705266,527.403713695461,3.291960031858331,1,6,6,0
15.683333333333334,939.8840348043143,527.6737196845595,3.294524438503407,1,6,6,0
15.691666666666666,939.8089554726389,528.4873865647302,3.242976424011696,1,6,6,0
15.7,939.5079306297389,528.8236319835327,3.2975585202304054,1,6,6,0
15.708333333333334,939.0007672388178,529.1806856034369,3.267610116452265,1,6,6,0
15.716666666666667,939.1768830274194,528.8291992771789,3.2773288786457284,1,6,6,0
15.725,939.0194355914649,528.7505350293719,3.2659698807296635,1,6,6,0
15.733333333333333,939.4584272822624,530.2149831625942,3.241472939278986,1,6,6,0
15.741666666666667,940.3160782382832,530.9725669406384,3.2629864924103353,1,6,6,0
15.75,939.8129231703244,531.0576563894788,3.3084494248301706,1,6,6,0
15.758333333333333,939.4746393714836,531.4167991218123,3.297209403395082,1,6,6,0
15.766666666666667,939.1826887424953,532.0383467923111,3.264156115181878,1,6,6,0
15.775,939.5560680769063,532.0618169070551,3.269015332036124,1,6,6,0
15.783333333333333,940.0458154059601,531.47889277137,3.287499160233754,1,6,6,0
15.791666666666666,940.7953166838313,531.6326737083922,3.2701233184261245,1,6,6,0
15.8,940.0485279603043,531.9302379314977,3.2807688360094,1,6,6,0
15.808333333333334,940.07493451359,532.2200673662126,3.3114108958711492,1,6,6,0
15.816666666666666,940.0774280200404,531.9193414348033,3.2739076457495253,1,6,6,0
15.825,939.4054206137307,531.9727583154416,3.2978372423429385,1,6,6,0
15.833333333333334,938.8506052244309,531.7513274663102,3.2784377656861063,1,6,6,0
15.841666666666667,938.2945323743645,531.8689699923691,3.3298083362418507,1,6,6,0
15.85,937.4455577484849,531.5725708925536,3.3029405490600845,1,6,6,0
15.858333333333333,937.5370946862527,532.1384059111908,3.3185835954240677,1,6,6,0
15.866666666666667,937.4735027816191,531.2666822632823,3.3168227247296564,1,6,6,0
15.875,937.3105047648476,531.5162056234336,3.338670715507349,1,6,6,0
15.883333333333333,937.1549461984271,531.3065744187415,3.3191385328373006,1,6,6,0
15.891666666666667,937.1840162784903,531.5535243618431,3.3274478824403326,1,6,6,0
15.9,937.6627512999017,531.5548346801198,3.333390613642372,1,6,6,0
15.908333333333333,937.9130510337221,532.1373127537718,3.3289056238636703,1,6,6,0
15.916666666666666,936.536193957168,531.9414770341082,3.3228351560562297,1,6,6,0
15.925,936.2969538570592,532.7322425356292,3.3293675150477,1,6,6,0
15.933333333333334,936.7625503980198,532.9256515699259,3.3545491704416817,1,6,6,0
15.941666666666666,937.1861575651843,533.0955607751398,3.32924688355013,1,6,6,0
15.95,936.5045568197476,533.1355639192784,3.304053131129796,1,6,6,0
15.958333333333334,936.4755297164575,532.9784901434523,3.3339466143776426,1,6,6,0
15.966666666666667,936.3188383789692,532.8958874454585,3.345324741784298,1,6,6,0
15.975,935.2671110885182,532.37600746521,3.3271568380338308,1,6,6,0
15.983333333333333,934.8375859130109,531.9165315262936,3.358638937091775,1,6,6,0
15.991666666666667,935.0055961222341,531.2785721479863,3.327255945089161,1,6,6,0
16.0,936.1058588786549,531.9288042514834,3.3702997786739726,1,6,6,0
16.008333333333333,936.3130493916899,531.7398600573189,3.3584787892601637,1,6,6,0
16.016666666666666,936.4308587322092,531.2940401344275,3.346955070858559,1,6,6,0
16.025,936.4591542730601,531.7314153334157,3.36285882413707,1,6,6,0
16.033333333333335,936.4431340396301,531.5260014490706,3.3325074343325976,1,6,6,0
16.041666666666668,937.2399612514619,531.0048448140161,3.3695183829778554,1,6,6,0
16.05,937.6549517690598,531.5633508031093,3.3480455105724185,1,6,6,0
16.058333333333334,937.966310423432,530.827210412216,3.3468024668038714,1,6,6,0
16.066666666666666,938.7821549613943,530.8238262440382,3.356891280522289,1,6,6,0
16.075,938.4299083278054,530.1190752519071,3.3413857834644376,1,6,6,0
16.083333333333332,938.059770196654,530.4300004113882,3.3549790600021483,1,6,6,0
16.091666666666665,937.8484947673262,530.388864943285,3.316174733345367,1,6,6,0
16.1,937.8910353916929,529.7520843349765,3.3298681345557952,1,6,6,0
16.108333333333334,938.061096992876,530.5690789475817,3.347944373748122,1,6,6,0
16.116666666666667,937.6522080365663,530.5413219873485,3.364302314114238,1,6,6,0
16.125,936.589772578853,530.6671550414871,3.386639747108344,1,6,6,0
16.133333333333333,936.8502620016986,530.6095651907837,3.340942808472551,1,6,6,0
16.141666666666666,936.8638989921158,530.4501025425802,3.3479028322176885,1,6,6,0
16.15,937.1093019715729,530.7030357890862,3.307845899631567,1,6,6,0
16.158333333333335,936.6613178475272,529.6408668108066,3.2979683240554425,1,6,6,0
16.166666666666668,936.7658883264638,529.470201239959,3.3363028374459827,1,6,6,0
16.175,937.2735192505473,528.9750010978769,3.3326347306033037,1,6,6,0
16.183333333333334,936.5107223804823,528.7201465679881,3.3106128268447663,1,6,6,0
16.191666666666666,937.1819270934984,528.6199478428833,3.3163417531529182,1,6,6,0
16.2,937.319538446735,529.197092128743,3.29951787175166,1,6,6,0
16.208333333333332,937.3171966239174,530.2469878930028,3.2768138400990963,1,6,6,0
16.216666666666665,937.40736937886,529.5644115869973,3.3014825334162863,1,6,6,0
16.225,937.2658516977403,530.2839158536048,3.316601678124344,1,6,6,0
16.233333333333334,937.2184779369908,530.720059723271,3.310316606534389,1,6,6,0
16.241666666666667,936.4531196974135,529.9820403229186,3.2830310894617996,1,6,6,0
16.25,936.4472540169307,530.4382101404448,3.31107646951281,1,6,6,0
16.258333333333333,936.0627360241407,530.3696829640494,3.3076174337300284,1,6,6,0
16.266666666666666,936.6869169895646,530.4216200714023,3.2816212313908952,1,6,6,0
16.275,936.268259960137,531.0671289730656,3.2942033488744524,1,6,6,0
16.283333333333335,936.6986674812001,530.8933895473182,3.2861563638575677,1,6,6,0
16.291666666666668,937.1388638678092,530.4342172056275,3.2779521333429287,1,6,6,0
16.3,937.3863281986701,529.8552810644826,3.2977328987352705,1,6,6,0
16.308333333333334,938.0587648907303,529.9047987416892,3.283790324019384,1,6,6,0
16.316666666666666,937.9066071856315,530.7944347719919,3.295875069531407,1,6,6,0
16.325,936.9112214479608,530.7994642915313,3.337170576796274,1,6,6,0
16.333333333333332,936.8405294994474,530.5114065704255,3.288885442446806,1,6,6,0
16.341666666666665,936.352388399079,530.4175014607405,3.2994993586719015,1,6,6,0
16.35,936.670731727174,531.1503995159939,3.2724578405771108,1,6,6,0
16.358333333333334,936.9921213879492,531.6217428140188,3.2976148462195765,1,6,6,0
16.366666666666667,937.9164572502596,532.3488929240649,3.315034345844472,1,6,6,0
16.375,937.713682735403,532.8775379688956,3.302858659185376,1,6,6,0
16.383333333333333,937.0424524565153,532.9373896105614,3.303622705522507,1,6,6,0
16.391666666666666,936.7642206484537,532.665989139936,3.308446439307638,1,6,6,0
16.4,936.5984719753949,531.6832002899582,3.2853609107897084,1,6,6,0
16.408333333333335,936.5808808935919,531.7580274569026,3.273761498273924,1,6,6,0
16.416666666666668,936.9279933677285,531.6910977545937,3.2860208298741247,1,6,6,0
16.425,936.9753040639429,531.9162357028614,3.285179178355916,1,6,6,0
16.433333333333334,936.98068730428,532.9880136379879,3.306818594428288,1,6,6,0
16.441666666666666,937.2128078134215,532.8766216047853,3.277161266084828,1,6,6,0
16.45,937.015654981067,533.8220954312794,3.3234054811463,1,6,6,0
16.458333333333332,936.9904989745576,533.6174724320268,3.2902680257606027,1,6,6,0
16.466666666666665,937.4665780558338,533.4070045430933,3.2902440395547603,1,6,6,0
16.475,937.740062024924,533.4566131478681,3.270191125891277,1,6,6,0
16.483333333333334,937.8635302912941,531.9878864382422,3.3275670706769223,1,6,6,0
16.491666666666667,938.5107580398709,532.3450372209239,3.2993271794522987,1,6,6,0
16.5,938.125115689187,531.4620841472333,3.2906729393267464,1,6,6,0
16.508333333333333,938.2241004556084,531.355276128639,3.2914377951734046,1,6,6,0
16.516666666666666,937.4602686516788,532.0134086180079,3.279191435370712,1,6,6,0
16.525,938.5472659857406,532.9676526482133,3.282824984246516,1,6,6,0
16.533333333333335,937.9413867523288,533.0973364666463,3.3003880130442083,1,6,6,0
16.541666666666668,938.642659845046,532.7337689760169,3.2536447278124414,1,6,6,0
16.55,939.6682205506854,533.049377473963,3.3183654666303766,1,6,6,0
16.558333333333334,939.5154208967889,533.9523330635517,3.2941213622260843,1,6,6,0
16.566666666666666,938.7513090450003,533.9320967222793,3.2801501714171906,1,6,6,0
16.575,938.4408263733577,533.2818760672938,3.332090996471472,1,6,6,0
16.583333333333332,937.7985809888694,532.6261436543823,3.2913533708250857,1,6,6,0
16.591666666666665,937.2560613918391,532.5314307793935,3.2952011366823597,1,6,6,0
16.6,936.8626545090087,532.1009944580478,3.307338404815044,1,6,6,0
16.608333333333334,937.2703160598961,531.9067759639066,3.312891183415642,1,6,6,0
16.616666666666667,937.2485353533195,531.8166279355339,3.280954075676394,1,6,6,0
16.625,938.0012403854373,531.4429289309585,3.311994222515737,1,6,6,0
16.633333333333333,938.3359932273577,532.1595649515864,3.2976340094425693,1,6,6,0
16.641666666666666,938.8930966050278,530.8928798955857,3.2659818833519845,1,6,6,0
16.65,938.669935826591,532.0892015289903,3.2768869315692197,1,6,6,0
16.658333333333335,938.5726605051983,531.71960268695,3.3021432500001238,1,6,6,0
16.666666666666668,938.9397524849292,532.3953667183562,3.284583852212315,1,6,6,0
16.675,938.980543280728,532.6151667774218,3.2630768258612837,1,6,6,0
16.683333333333334,940.1469668430659,532.4206570065401,3.3156928699479975,1,6,6,0
16.691666666666666,941.1175421896844,531.986859272526,3.302850686827229,1,6,6,0
16.7,941.3671185612776,533.0635746497986,3.2959253787822447,1,6,6,0
16.708333333333332,941.3288513955044,533.1430305833973,3.2782324476092617,1,6,6,0
16.716666666666665,941.2933543656566,533.8742707822639,3.304584579404415,1,6,6,0
16.725,940.9542898505244,533.8439236716735,3.2701022357415526,1,6,6,0
16.733333333333334,941.6519651876038,533.7968041976623,3.2857586991213408,1,6,6,0
16.741666666666667,941.8575210124395,533.6819328902603,3.283209593635244,1,6,6,0
16.75,942.6657936955006,533.5991737018794,3.304407315755474,1,6,6,0
16.758333333333333,942.5726150914538,533.5954196890098,3.27914323761661,1,6,6,0
16.766666666666666,942.9853104477169,534.6990548735739,3.2696061753120764,1,6,6,0
16.775,943.0151054592757,534.7556585488635,3.2903834710558506,1,6,6,0
16.783333333333335,943.0015556426506,534.5448425424164,3.3172401878793525,1,6,6,0
16.791666666666668,942.7311730679965,534.8998910042217,3.294543081378345,1,6,6,0
16.8,943.6776637314325,535.4734303368531,3.2812548234581604,1,6,6,0
16.808333333333334,943.99236557137,535.7091335287422,3.2710229735657053,1,6,6,0
16.816666666666666,943.9159392331086,536.0587281386895,3.2899087743262907,1,6,6,0
16.825,944.4953675108214,536.2582880727639,3.285946927893431,1,6,6,0
16.833333333333332,944.1660716895183,536.2939176192377,3.28234022231456,1,6,6,0
16.841666666666665,944.6481388360712,537.0144815816535,3.263900690851041,1,6,6,0
16.85,944.1144306147979,537.4283889758844,3.246875825178938,1,6,6,0
16.858333333333334,943.3199864391546,537.205000701244,3.2663348381457498,1,6,6,0
16.866666666666667,942.5275785551092,536.407744839857,3.266060289329732,1,6,6,0
16.875,942.4091338766331,536.6523605475109,3.2898979717403556,1,6,6,0
16.883333333333333,942.5717881782842,535.6008155028082,3.29391982798561,1,6,6,0
16.891666666666666,941.9702224534144,535.4432343976941,3.2681621045021556,1,6,6,0
16.9,942.0011359581687,536.5140666750317,3.246704159603465,1,6,6,0
16.908333333333335,941.8502033384829,536.5297603869203,3.292888993560728,1,6,6,0
16.916666666666668,942.1338424294846,536.5770586276282,3.2450346777342456,1,6,6,0
16.925,941.6732614673134,537.1620228230177,3.263388485905158,1,6,6,0
16.933333333333334,942.0928906894493,537.5474991116045,3.299838889765637,1,6,6,0
16.941666666666666,942.4692814094344,537.1981325116743,3.266238370993416,1,6,6,0
16.95,942.5121226924534,537.272479665944,3.268104728274259,1,6,6,0
16.958333333333332,941.6557723728451,536.9498002704796,3.2710652695476243,1,6,6,0
16.966666666666665,942.1234495309773,535.654793479344,3.2676002123295693,1,6,6,0
16.975,942.161862424438,535.4618884241333,3.2691795420130707,1,6,6,0
16.983333333333334,942.509890925811,535.7620118837443,3.225247527498157,1,6,6,0
16.991666666666667,943.4180320531369,536.3196205302739,3.225892849696405,1,6,6,0
17.0,941.9458826119504,536.6899558265608,3.288061291206543,1,6,6,0
17.008333333333333,941.7579416449285,537.1084065397293,3.245882703705237,1,6,6,0
17.016666666666666,941.1872224369296,536.2909316293893,3.2513560617171664,1,6,6,0
17.025,940.8122395756419,536.4913656818057,3.20897274699098,1,6,6,0
17.033333333333335,941.0708708741829,536.8516343416645,3.2359648503452068,1,6,6,0
17.041666666666668,940.4590281402329,537.2110607058656,3.2400953506163725,1,6,6,0
17.05,940.3769868537872,536.7566303889504,3.2820390755284494,1,6,6,0
17.058333333333334,940.1926524632499,537.4494713783398,3.248024205095357,1,6,6,0
17.066666666666666,939.7199281302404,536.675088383324,3.235409275527099,1,6,6,0
17.075,939.8120212993776,537.1550368868182,3.2579954563346365,1,6,6,0
17.083333333333332,939.3605017639015,536.4937017228958,3.242211811550003,1,6,6,0
17.091666666666665,938.9618205747337,536.869693828462,3.2550948799853052,1,6,6,0
17.1,938.5512151253565,536.558758952072,3.2613743370375796,1,6,6,0
17.108333333333334,938.5689865570196,535.6567858724198,3.2282294502374755,1,6,6,0
17.116666666666667,938.7345580218943,535.2844396044921,3.2689882413416917,1,6,6,0
17.125,938.6306819857542,535.3468204137291,3.237743113909809,1,6,6,0
17.133333333333333,939.5542755799142,535.6920638551306,3.2496322765864645,1,6,6,0
17.141666666666666,939.242558014767,536.4712157855721,3.271388056702762,1,6,6,0
17.15,938.9463493729545,535.7863642373692,3.2590315251442776,1,6,6,0
17.158333333333335,938.709306289635,535.9491050330352,3.219493153724091,1,6,6,0
17.166666666666668,937.811078021316,536.741190042618,3.240013376194037,1,6,6,0
17.175,937.5236015607634,536.2121869734467,3.2311774018188917,1,6,6,0
17.183333333333334,937.757741754576,535.7146198144784,3.264752459365211,1,6,6,0
17.191666666666666,937.4918134010388,535.8081195969606,3.228480587252432,1,6,6,0
17.2,937.680307274846,535.6054208072247,3.208301422738111,1,6,6,0
17.208333333333332,937.6344662307631,535.3698167004327,3.2430182077721112,1,6,6,0
17.216666666666665,937.7505273263557,535.4129539524552,3.2611452158853336,1,6,6,0
17.225,938.177504519354,535.5293605172494,3.2470076825534195,1,6,6,0
17.233333333333334,938.2579540155537,536.2175363568585,3.2500354639729783,1,6,6,0
17.241666666666667,938.6610374730566,536.1364356042557,3.213836802470977,1,6,6,0
17.25,939.5144613945686,534.9209126459067,3.23696450137722,1,6,6,0
17.258333333333333,939.3272454931962,534.2568203788414,3.2332510372814887,1,6,6,0
17.266666666666666,939.0168931245753,534.4432533886046,3.2189836868766726,1,6,6,0
17.275,938.9915574382147,534.1150731634061,3.2208921606456857,1,6,6,0
17.283333333333335,938.5631222539045,534.866657894874,3.188635905682891,1,6,6,0
17.291666666666668,938.3619744031447,534.1761756683189,3.267136482486262,1,6,6,0
17.3,938.3334391369448,533.9941550020437,3.2151355391033025,1,6,6,0
17.308333333333334,937.8641600072242,534.3812994432305,3.2404320502201482,1,6,6,0
17.316666666666666,938.0256910050349,533.41507832702,3.2375994559641827,1,6,6,0
17.325,938.3357476943855,533.5181134647712,3.217951899273213,1,6,6,0
17.333333333333332,938.4935599548002,533.7914200352772,3.250723070137972,1,6,6,0
17.341666666666665,938.5124185791205,533.3663276769007,3.215715903206701,1,6,6,0
17.35,938.9155757375811,533.7503594313695,3.222292803674542,1,6,6,0
17.358333333333334,939.6743338450933,533.3527804170448,3.197675262933302,1,6,6,0
17.366666666666667,939.3528011655889,532.7455035835667,3.2272162239624125,1,6,6,0
17.375,939.7936624064487,533.3198284818505,3.2173109599132177,1,6,6,0
17.383333333333333,939.8381576577736,532.4432944771638,3.1906867624161155,1,6,6,0
17.391666666666666,941.1641636886447,532.3986545922328,3.1997057278231824,1,6,6,0
17.4,941.2459400746911,532.9656059879658,3.200640414785568,1,6,6,0
17.408333333333335,941.1332031187868,532.6476187423405,3.1990736494625764,1,6,6,0
17.416666666666668,940.129724030284,533.0699660790395,3.2530136201637907,1,6,6,0
17.425,940.0763193377256,533.741297464913,3.2087533977378104,1,6,6,0
17.433333333333334,940.2613210738747,532.6068460617615,3.2246329392355118,1,6,6,0
17.441666666666666,940.8088662950498,532.7460999960148,3.197854378386696,1,6,6,0
17.45,940.8396223601096,532.8418180479737,3.227066443992521,1,6,6,0
17.458333333333332,940.9767502197469,533.0418606704609,3.2348276007596977,1,6,6,0
17.466666666666665,940.3347901427675,532.1949427041446,3.260736961575164,1,6,6,0
17.475,939.2367365109765,532.1108184356536,3.1961226174281148,1,6,6,0
17.483333333333334,939.185867649699,531.8737801980687,3.214897234338569,1,6,6,0
17.491666666666667,939.3114374481464,533.3378455563504,3.2234502282767847,1,6,6,0
17.5,940.089508927082,532.8580942405915,3.2022204032976576,1,6,6,0
17.508333333333333,940.3742688875616,532.6422703404828,3.216701262780498,1,6,6,0
17.516666666666666,940.3686340654515,533.4390330420387,3.160311298544188,1,6,6,0
17.525,940.8475294914459,532.9550582900775,3.257159579941058,1,6,6,0
17.533333333333335,941.4752267270572,533.4394375232713,3.2249934394605284,1,6,6,0
17.541666666666668,941.8439971202308,534.0125206601946,3.1981541143932315,1,6,6,0
17.55,941.1537293670149,533.5035889052746,3.2104119902792903,1,6,6,0
17.558333333333334,941.2858359266734,533.2565314249234,3.190680366821221,1,6,6,0
17.566666666666666,940.7395986128596,532.9540176734265,3.1957991835376385,1,6,6,0
17.575,,,,0,6,6,0
17.583333333333332,,,,0,6,6,0
17.591666666666665,,,,0,6,6,0
17.6,,,,0,6,6,0
17.608333333333334,,,,0,6,6,0
17.616666666666667,,,,0,6,6,0
17.625,,,,0,6,6,0
17.633333333333333,,,,0,6,6,0
17.641666666666666,,,,0,6,6,0
17.65,,,,0,6,6,0
17.658333333333335,940.2965771818207,530.9573506868888,3.1808501079205946,1,6,6,0
17.666666666666668,940.0588308376459,530.003029997469,3.1661545792676624,1,6,6,0
17.675,939.7419531877304,529.734432561781,3.1315201163044817,1,6,6,0
17.683333333333334,939.8275245900405,529.6696761287784,3.161949027781385,1,6,6,0
17.691666666666666,939.4801327157894,530.6927055233294,3.17209666267952,1,6,6,0
17.7,939.3308195931447,531.5931270406819,3.192565327491224,1,6,6,0
17.708333333333332,939.3632330738956,531.083917981389,3.2062936621332656,1,6,6,0
17.716666666666665,939.3280913446035,530.3506425376434,3.2149406966170817,1,6,6,0
17.725,939.0910283158015,530.4966732012833,3.1690588588961544,1,6,6,0
17.733333333333334,939.0962243514888,530.6027364711331,3.2285885742856335,1,6,6,0
17.741666666666667,939.3663195447905,530.315914937823,3.176747581146305,1,6,6,0
17.75,939.729386816714,530.1425293013803,3.1632630763568894,1,6,6,0
17.758333333333333,940.0119676615775,529.0808417957704,3.166908412548433,1,6,6,0
17.766666666666666,939.8392326501578,528.7035143925409,3.157037941271264,1,6,6,0
17.775,939.9156395797928,527.6566202800293,3.12377539473339,1,6,6,0
17.783333333333335,939.7752543331868,527.2104621080463,3.149263670574887,1,6,6,0
17.791666666666668,940.3994783423169,527.3361625534445,3.1928044892119005,1,6,6,0
17.8,940.5376433917304,527.164350104708,3.1275515273754873,1,6,6,0
17.808333333333334,940.2567748799632,526.9307046428856,3.127726621442507,1,6,6,0
17.816666666666666,940.1124658538877,526.5046599814452,3.172787903078757,1,6,6,0
17.825,939.9554023295531,525.7740538068913,3.161040340368929,1,6,6,0
17.833333333333332,941.000006168325,526.2315101574311,3.116287210379046,1,6,6,0
17.841666666666665,941.629477312341,525.88168008553,3.157231454807382,1,6,6,0
17.85,942.116301498988,525.8589939085584,3.1737915519068545,1,6,6,0
17.858333333333334,941.4387702871442,524.7627193079242,3.1199634069441657,1,6,6,0
17.866666666666667,941.7472128987727,525.7693174765204,3.171136299949439,1,6,6,0
17.875,942.3948906007244,526.1986575155348,3.127977006782522,1,6,6,0
17.883333333333333,942.2689884917959,526.0475233703891,3.159099036655415,1,6,6,0
17.891666666666666,941.598662845692,525.9235232830212,3.128227408064784,1,6,6,0
17.9,941.5332405698742,525.7535195736901,3.169589703855774,1,6,6,0
17.908333333333335,940.8852541912818,525.1215930066193,3.184200320566694,1,6,6,0
17.916666666666668,941.1256060954822,525.1806869987281,3.138209402637689,1,6,6,0
17.925,940.8566837476443,525.2943957709422,3.1520619200203583,1,6,6,0
17.933333333333334,941.3959026391159,525.4498853276929,3.159217278514995,1,6,6,0
17.941666666666666,941.3135165276825,524.6974776505378,3.1611300612420488,1,6,6,0
17.95,941.5556611850752,524.275875544592,3.156097584321351,1,6,6,0
17.958333333333332,941.570742142676,524.0729765576513,3.1657993181702677,1,6,6,0
17.966666666666665,942.0751330941717,524.6695413428773,3.133051975286619,1,6,6,0
17.975,942.3588588703255,524.7607269272415,3.1469101265304653,1,6,6,0
17.983333333333334,942.4997575536424,524.5976526549152,3.17363135409355,1,6,6,0
17.991666666666667,942.329520505846,524.6813790772161,3.1567293417344207,1,6,6,0
18.0,942.7352647413529,524.3668126169395,3.1242031245444153,1,6,6,0
18.008333333333333,943.1856036432921,523.2175353848351,3.1304549339962042,1,6,6,0
18.016666666666666,942.7030294905903,523.0925433614398,3.123509567276149,1,6,6,0
18.025,943.4343529758526,523.0672249389054,3.135005929735507,1,6,6,0
18.033333333333335,943.7132428620015,523.1295260331794,3.131729338182176,1,6,6,0
18.041666666666668,943.9671425331259,523.4807050324098,3.142417239548728,1,6,6,0
18.05,944.7556571130259,524.2852645001442,3.1182590318573222,1,6,6,0
18.058333333333334,944.4262121609411,524.2918934233268,3.1749621665481667,1,6,6,0
18.066666666666666,944.4199191408134,524.2443388513065,3.1014408030171707,1,6,6,0
18.075,945.0531229990668,523.9692741137571,3.137265158256695,1,6,6,0
18.083333333333332,946.0353719044265,523.6296439450934,3.1431132700488114,1,6,6,0
18.091666666666665,946.3768648165558,523.2362522540358,3.142621286215902,1,6,6,0
18.1,946.9536498452493,522.8351702326441,3.144705596144291,1,6,6,0
18.108333333333334,946.1356412145202,522.9167625691825,3.1495412185909526,1,6,6,0
18.116666666666667,945.3522904124409,522.7635465513321,3.131587582805068,1,6,6,0
18.125,946.2824268161023,523.3928752139559,3.155288061578441,1,6,6,0
18.133333333333333,945.9258832605695,523.2114353054145,3.130392519178453,1,6,6,0
18.141666666666666,945.9243946845676,522.8871179165401,3.119937666123795,1,6,6,0
18.15,945.2240228463828,522.7797904181745,3.12021297368128,1,6,6,0
18.158333333333335,945.2097748819457,523.2765382432428,3.137166620183692,1,6,6,0
18.166666666666668,945.4242267381717,523.4752634247627,3.128485468063336,1,6,6,0
18.175,945.0289013847143,523.1436402126577,3.142961988772117,1,6,6,0
18.183333333333334,945.0998641265262,523.5435706922192,3.116144403877093,1,6,6,0
18.191666666666666,944.636160737901,523.2900898447411,3.1173689339732724,1,6,6,0
18.2,943.6949379830484,523.7612327865778,3.118054248593427,1,6,6,0
18.208333333333332,943.5538075425497,523.6597716089885,3.1084108025891637,1,6,6,0
18.216666666666665,943.9343857849153,523.5679322003433,3.1572809269649618,1,6,6,0
18.225,943.3840592300161,523.9046435098676,3.1490549683958173,1,6,6,0
18.233333333333334,942.4280961895225,524.332324290707,3.1133204480938534,1,6,6,0
18.241666666666667,941.8261495341776,524.270220627647,3.086314250655305,1,6,6,0
18.25,941.7218253713066,524.1426673656557,3.1134657212508285,1,6,6,0
18.258333333333333,940.8594016711895,524.7591686412311,3.1027385943231507,1,6,6,0
18.266666666666666,941.2976172749065,524.888730307712,3.0823950159752007,1,6,6,0
18.275,941.7917749236094,524.3672237987237,3.1220075501515354,1,6,6,0
18.283333333333335,942.2197076089968,524.9453785664216,3.1338660125715796,1,6,6,0
18.291666666666668,942.7239413527844,525.4504379270552,3.1426400319954975,1,6,6,0
18.3,941.9199631309596,526.2064097458098,3.136575614709764,1,6,6,0
18.308333333333334,941.7989982394168,526.1422468946415,3.093613404469092,1,6,6,0
18.316666666666666,942.4230180259595,526.8635581128564,3.139235068679003,1,6,6,0
18.325,942.8326783894009,527.0899660101153,3.1371455382313314,1,6,6,0
18.333333333333332,943.3025908275655,528.0158363490833,3.0748191446134387,1,6,6,0
18.341666666666665,943.7264108179463,528.2942548361536,3.088410731755647,1,6,6,0
18.35,943.5895339534534,528.4170374507864,3.085694189721497,1,6,6,0
18.358333333333334,942.9165990650115,528.2444234201915,3.1243897740988564,1,6,6,0
18.366666666666667,942.2110530991697,527.9763543176983,3.093519940422251,1,6,6,0
18.375,942.2487069671258,527.8903076490128,3.0848830267125256,1,6,6,0
18.383333333333333,942.7983792539317,527.5577045677743,3.118889387625377,1,6,6,0
18.391666666666666,941.6664626404581,526.8109169754458,3.107944350463602,1,6,6,0
18.4,941.5364320009647,526.5739502797187,3.1076939396632572,1,6,6,0
18.408333333333335,941.4555103843029,526.8215444686725,3.13420551352521,1,6,6,0
18.416666666666668,941.2817905225485,526.9345582889252,3.1204652956265995,1,6,6,0
18.425,940.6045701325942,526.3812592263356,3.104102278903959,1,6,6,0
18.433333333333334,940.569828647379,526.379008950158,3.1101965315979156,1,6,6,0
18.441666666666666,940.5180937964366,526.062639407186,3.097870944595348,1,6,6,0
18.45,940.0916488825679,525.8191850993618,3.1085776618483467,1,6,6,0
18.458333333333332,940.3317788067528,525.4365441669737,3.102572780499435,1,6,6,0
18.466666666666665,940.5102141567156,525.3558140483153,3.0953929842314003,1,6,6,0
18.475,940.7843435637932,525.407041843781,3.1137604062883124,1,6,6,0
18.483333333333334,941.337899547985,524.8031847151465,3.1071804339144866,1,6,6,0
18.491666666666667,941.8006283203129,524.9142198953675,3.152449777464876,1,6,6,0
18.5,941.0459491614174,525.1223353028994,3.0613491190714557,1,6,6,0
18.508333333333333,940.6058491717565,524.8996659159848,3.1173869242521595,1,6,6,0
18.516666666666666,940.4698000493715,524.5189341706447,3.0810931107445163,1,6,6,0
18.525,939.4698867681427,524.4656345999905,3.1087384125507334,1,6,6,0
18.533333333333335,939.3745714186908,522.9786438923219,3.075898448069132,1,6,6,0
18.541666666666668,939.0459092230465,522.2775345328854,3.1089325672456756,1,6,6,0
18.55,939.803686507538,522.8629538697006,3.0942095659747526,1,6,6,0
18.558333333333334,940.2088794987526,522.9287030973045,3.0937688518526936,1,6,6,0
18.566666666666666,940.0282025946191,522.0883777321752,3.129247558313761,1,6,6,0
18.575,940.290196973046,522.114148092534,3.07701400400856,1,6,6,0
18.583333333333332,939.5171276929972,523.0371890422699,3.0704471613557374,1,6,6,0
18.591666666666665,938.7178381077238,523.024065938928,3.1056852543290607,1,6,6,0
18.6,939.0515674718508,522.8849942219275,3.130677088277357,1,6,6,0
18.608333333333334,939.0165544067236,522.6543363606766,3.0819406307354895,1,6,6,0
18.616666666666667,938.477697501398,522.7872094116173,3.101944524585291,1,6,6,0
18.625,939.0155168891679,522.3825328827762,3.1016853935388213,1,6,6,0
18.633333333333333,938.1357923151367,522.6012239103488,3.1086916544677847,1,6,6,0
18.641666666666666,937.8887486240462,522.6132451071304,3.120672173860031,1,6,6,0
18.65,936.8053593112573,523.0917591561479,3.084765493350951,1,6,6,0
18.658333333333335,936.8143679749263,522.4161209053035,3.131035115199944,1,6,6,0
18.666666666666668,936.24776057872,522.7752941138332,3.0552703078823673,1,6,6,0
18.675,936.0754948539605,522.0099077763977,3.0767295648350625,1,6,6,0
18.683333333333334,936.4480979286842,521.9281619875178,3.1045772791703636,1,6,6,0
18.691666666666666,936.6040010886969,522.0835141376625,3.10136780594576,1,6,6,0
18.7,936.6362032171589,521.2648079634439,3.0661852530308797,1,6,6,0
18.708333333333332,936.8480090792739,521.3346302682081,3.137109082430401,1,6,6,0
18.716666666666665,935.9549302160775,521.8084718706199,3.108021391160621,1,6,6,0
18.725,935.4253359566828,522.31104577719,3.1252059256366578,1,6,6,0
18.733333333333334,935.7404673839325,522.2623190319583,3.124427545938882,1,6,6,0
18.741666666666667,936.1538319563044,522.3157104954751,3.1112893402076085,1,6,6,0
18.75,935.7413264329341,521.9236814013952,3.0791365634903105,1,6,6,0
18.758333333333333,935.4331684948758,521.7695087239472,3.0883238068662253,1,6,6,0
18.766666666666666,934.9707642133602,521.1483876702475,3.119176731423557,1,6,6,0
18.775,935.1897175382626,520.7840420719394,3.0796633233612174,1,6,6,0
18.783333333333335,935.603589650856,520.2661461583211,3.0913597101680805,1,6,6,0
18.791666666666668,935.7632053244183,520.5774087707423,3.123569520150439,1,6,6,0
18.8,935.6548737035409,520.5606635357237,3.0941692938356584,1,6,6,0
18.808333333333334,935.61393103991,521.2040494027161,3.088178229064706,1,6,6,0
18.816666666666666,934.8861401903786,520.4723134243203,3.0754463617300165,1,6,6,0
18.825,935.2251738986357,520.5480015618037,3.098771938921208,1,6,6,0
18.833333333333332,935.5461444758822,521.0466355235066,3.098554584066694,1,6,6,0
18.841666666666665,935.9627145575491,520.8761726010491,3.111750047885843,1,6,6,0
18.85,936.3044211090075,520.2962494146652,3.103320117264739,1,6,6,0
18.858333333333334,936.9625048085277,519.5047274549315,3.0973837300907454,1,6,6,0
18.866666666666667,937.0077076743238,520.0061996907566,3.1035856941182747,1,6,6,0
18.875,937.0607700383887,519.6150028342527,3.110403231971121,1,6,6,0
18.883333333333333,937.4682831620235,520.3874692242775,3.1029572959505423,1,6,6,0
18.891666666666666,937.4554538405675,520.3855128541566,3.1161218702249296,1,6,6,0
18.9,937.1189544086169,520.8933778474735,3.0842962332758947,1,6,6,0
18.908333333333335,937.1467825575464,521.3333849032964,3.1088915501448975,1,6,6,0
18.916666666666668,937.7911501409977,521.5078507106517,3.1156013859734917,1,6,6,0
18.925,937.642620364466,521.5434056340011,3.108393077491789,1,6,6,0
18.933333333333334,937.6958975149097,521.1719471570185,3.091397272478675,1,6,6,0
18.941666666666666,937.9199251245145,521.3734375539183,3.128048766314501,1,6,6,0
18.95,938.1405357923204,521.9899370007773,3.1197938253193813,1,6,6,0
18.958333333333332,938.0400296577997,521.5871194893888,3.1027538527676657,1,6,6,0
18.966666666666665,938.3184440792983,522.021207376756,3.1143334992221674,1,6,6,0
18.975,937.7509261875881,521.52800621684,3.1288971095517057,1,6,6,0
18.983333333333334,937.3332526069034,521.4133191857948,3.1400757354809574,1,6,6,0
18.991666666666667,936.6815271509516,521.044095093614,3.1036643503037324,1,6,6,0
19.0,937.1762721298282,520.8925820832372,3.145904931365326,1,6,6,0
19.008333333333333,936.7534570543106,520.8069529726705,3.099016305399222,1,6,6,0
19.016666666666666,936.3310185780423,521.02740385265,3.107151512507287,1,6,6,0
19.025,935.6354983446528,521.0865141324431,3.104242466724494,1,6,6,0
19.033333333333335,935.1516314983318,521.470399663215,3.0892308734000467,1,6,6,0
19.041666666666668,935.347559048364,521.7873644601399,3.1171673801163604,1,6,6,0
19.05,935.5685165149073,522.4764134902199,3.1191358153160444,1,6,6,0
19.058333333333334,935.6461589557337,523.011147244151,3.103384582885365,1,6,6,0
19.066666666666666,935.0862210211661,523.2651914922665,3.0958627104737637,1,6,6,0
19.075,1203.7308952038668,347.26008920583524,3.054577316863321,1,6,6,0
19.083333333333332,1203.442445983144,346.75287858129957,3.109254671038131,1,6,6,0
19.091666666666665,933.6366676680691,524.1512905204546,3.1205664773552004,1,6,6,0
19.1,932.8314793995271,523.5006089505752,3.090932282912372,1,6,6,0
19.108333333333334,932.7135637122453,523.1125790137236,3.131029415560588,1,6,6,0
19.116666666666667,933.0708897359603,521.880629089671,3.1229722309335806,1,6,6,0
19.125,934.310977476409,521.6949521978922,3.130793612659946,1,6,6,0
19.133333333333333,933.977534082832,520.741622566375,3.090228766701226,1,6,6,0
19.141666666666666,934.2213954566054,521.4281684437185,3.096479660954668,1,6,6,0
19.15,933.379402875684,521.0581164424834,3.115035001151387,1,6,6,0
19.158333333333335,933.6694710936639,520.1174751502512,3.105581356026895,1,6,6,0
19.166666666666668,934.466975030529,519.993119525634,3.1031845335177213,1,6,6,0
19.175,934.3630522927527,520.2857290362264,3.099376765167447,1,6,6,0
19.183333333333334,934.5726665839774,520.9032356619895,3.1156353261743783,1,6,6,0
19.191666666666666,935.6423709306174,519.4237835414307,3.1694918591295878,1,6,6,0
19.2,936.1893905816565,519.2056299233955,3.1333829366774837,1,6,6,0
19.208333333333332,935.4517027623332,519.9104580119033,3.1273282004153136,1,6,6,0
19.216666666666665,935.2670866724412,519.6082544851162,3.1608721868053733,1,6,6,0
19.225,935.5348925418524,518.8542537051259,3.095794142363912,1,6,6,0
19.233333333333334,936.0081456670019,518.7936240587604,3.124776809151565,1,6,6,0
19.241666666666667,935.2801774082338,518.7708563459198,3.134652494814226,1,6,6,0
19.25,934.8369214767243,519.5379739104321,3.094432450258933,1,6,6,0
19.258333333333333,933.5419191870998,519.2330615244902,3.1095564481814137,1,6,6,0
19.266666666666666,934.3024006817413,519.5328478339202,3.1066246840975755,1,6,6,0
19.275,935.5036572694515,518.8092208581114,3.179154233123514,1,6,6,0
19.283333333333335,934.914617576739,518.9883998530805,3.1166228067212853,1,6,6,0
19.291666666666668,934.4074102959844,519.1563346690955,3.1305509804923948,1,6,6,0
19.3,933.8854789259918,519.6206214217596,3.1267515097361436,1,6,6,0
19.308333333333334,933.6201838256447,519.1914402636534,3.103774341447446,1,6,6,0
19.316666666666666,934.3795801469693,519.6009582220809,3.132875583648597,1,6,6,0
19.325,934.6878395589615,520.1681152074108,3.170203918244329,1,6,6,0
19.333333333333332,934.8409368572446,520.8476273094147,3.1409558690250305,1,6,6,0
19.341666666666665,934.98512053872,520.6712495139685,3.1089419914462657,1,6,6,0
19.35,934.5470310645597,521.2286180777925,3.1580127024722793,1,6,6,0
19.358333333333334,935.5685579478364,520.6728317102469,3.136226053621656,1,6,6,0
19.366666666666667,935.3641120024216,522.000949643668,3.1249956658158946,1,6,6,0
19.375,935.5075243923748,521.2332511959494,3.1300325375680407,1,6,6,0
19.383333333333333,934.4514588616868,520.797506599067,3.1385859659524895,1,6,6,0
19.391666666666666,934.4621614924836,520.9425339113983,3.1634071308452616,1,6,6,0
19.4,934.5403525474346,520.9611329766026,3.125009085791756,1,6,6,0
19.408333333333335,934.5867268086478,521.2029108873165,3.135337337000279,1,6,6,0
19.416666666666668,933.9054065947882,520.9600040957032,3.150471398674354,1,6,6,0
19.425,933.9938542375206,520.5128036143338,3.151367165032008,1,6,6,0
19.433333333333334,934.725557462398,520.3067966680014,3.118633987353914,1,6,6,0
19.441666666666666,935.7475270873965,520.0976607239671,3.1328939703144836,1,6,6,0
19.45,935.8016176952761,519.9255586140883,3.122269195403402,1,6,6,0
19.458333333333332,935.9274384371976,520.1448243424595,3.1211526121579394,1,6,6,0
19.466666666666665,935.5214832983687,520.5439220614938,3.1497341958915825,1,6,6,0
19.475,935.0248577587693,520.926644552352,3.1146552821296587,1,6,6,0
19.483333333333334,935.9613013099506,520.6707226119304,3.1638931372445893,1,6,6,0
19.491666666666667,936.6647983479407,520.7333295228623,3.117322831877304,1,6,6,0
19.5,936.8736022466529,521.052196457413,3.182607079270663,1,6,6,0
19.508333333333333,935.860451349161,521.353680446331,3.102020806721272,1,6,6,0
19.516666666666666,936.4925995660825,521.1614012102432,3.1570622946117672,1,6,6,0
19.525,937.4112213260887,520.5868738242154,3.1621010895215442,1,6,6,0
19.533333333333335,936.6457292815453,521.3520264706007,3.1229067695008985,1,6,6,0
19.541666666666668,935.9323053400864,521.5242903469444,3.136220102058818,1,6,6,0
19.55,934.7296911694413,521.7378221949227,3.1747607000913303,1,6,6,0
19.558333333333334,935.1940105065626,522.1414288737976,3.1645366533343418,1,6,6,0
19.566666666666666,935.7778531659261,522.4222879276678,3.12189660051293,1,6,6,0
19.575,935.5936152685454,522.6046394461781,3.1639209367272927,1,6,6,0
19.583333333333332,935.5476087710005,522.4126683012322,3.153164921493118,1,6,6,0
19.591666666666665,935.121100793302,522.5896620721518,3.1450116298503366,1,6,6,0
19.6,935.7536592088817,522.6531348530116,3.158487518547462,1,6,6,0
19.608333333333334,935.3662513976261,521.6878085935505,3.1380469892797382,1,6,6,0
19.616666666666667,935.3479732730389,521.2213403622707,3.16085096080571,1,6,6,0
19.625,935.6562750827011,521.5458280915096,3.179401086154907,1,6,6,0
19.633333333333333,935.0512691394886,521.3266591947776,3.1110130631226456,1,6,6,0
19.641666666666666,935.7939085506423,521.773865406884,3.157650142547642,1,6,6,0
19.65,935.4146817741862,522.0810825340938,3.1375170380965822,1,6,6,0
19.658333333333335,935.2188734190164,522.0136807695603,3.1725580675522456,1,6,6,0
19.666666666666668,935.2246087854711,522.273474720411,3.1708801007402894,1,6,6,0
19.675,935.1924848947727,522.3522843739202,3.1710721886868236,1,6,6,0
19.683333333333334,934.8753553017516,521.9388955171194,3.1186929304816253,1,6,6,0
19.691666666666666,934.7023037133542,521.3351442375678,3.134470704717343,1,6,6,0
19.7,934.1096889693094,521.9740437717837,3.160578608857963,1,6,6,0
19.708333333333332,934.5164133852217,522.4042337587757,3.184129785442463,1,6,6,0
19.716666666666665,933.3826118088402,522.614954169206,3.1716925200201342,1,6,6,0
19.725,934.3246762530737,522.238708094381,3.1764263198895493,1,6,6,0
19.733333333333334,934.3864306014004,521.5795432607706,3.181966108215976,1,6,6,0
19.741666666666667,933.8214921675354,520.6293618129276,3.1526998295049795,1,6,6,0
19.75,933.4741065968792,520.973532404594,3.155003319011711,1,6,6,0
19.758333333333333,932.7647940053656,521.447140185348,3.170644187170807,1,6,6,0
19.766666666666666,932.756717189807,521.5568497038154,3.167161620938627,1,6,6,0
19.775,932.6164359770166,521.3663468398554,3.175826369395778,1,6,6,0
19.783333333333335,932.0454959418403,521.0911717387467,3.1681752303154673,1,6,6,0
19.791666666666668,931.8059489802534,520.4985330964887,3.196797407786923,1,6,6,0
19.8,932.0743576251449,520.3535568312702,3.1769216090931107,1,6,6,0
19.808333333333334,932.0065549906881,519.9536304383435,3.193106121693044,1,6,6,0
19.816666666666666,930.9742142592775,519.2502695426092,3.198077502825927,1,6,6,0
19.825,930.6249564548855,518.867648387786,3.1864963587452046,1,6,6,0
19.833333333333332,930.6439672706898,519.1090855868256,3.1830472313578766,1,6,6,0
19.841666666666665,931.1787740053732,518.4733436521774,3.225203645611569,1,6,6,0
19.85,930.7930330831338,518.9480849660764,3.1862265442888633,1,6,6,0
19.858333333333334,930.7272626193454,519.1572768097758,3.2146796140208407,1,6,6,0
19.866666666666667,930.7075118130798,519.2997346222496,3.1541764628719564,1,6,6,0
19.875,931.3400667399723,519.108135106625,3.2245760203498564,1,6,6,0
19.883333333333333,931.6740326942678,519.1986407944404,3.149743274458602,1,6,6,0
19.891666666666666,931.9946169206827,519.2230897361591,3.191181192551164,1,6,6,0
19.9,931.7830302101273,519.5328796355261,3.1926839240181115,1,6,6,0
19.908333333333335,932.4768895737794,519.9388460638476,3.1739605904834676,1,6,6,0
19.916666666666668,933.0488609963841,519.4339112283501,3.1801035963382596,1,6,6,0
19.925,933.1880733364677,519.374554348593,3.18855367963828,1,6,6,0
19.933333333333334,932.6502462825764,519.0894372069835,3.1855459346618424,1,6,6,0
19.941666666666666,932.227911715235,519.26237319992,3.2425709262359415,1,6,6,0
19.95,932.5130071092569,519.5071786603868,3.1591707281018686,1,6,6,0
19.958333333333332,932.4253992423986,519.0583904873208,3.1649197643396456,1,6,6,0
19.966666666666665,932.5167660911982,518.6782761064668,3.20329489262863,1,6,6,0
19.975,933.4538717187422,518.282250969931,3.1855308302839367,1,6,6,0
19.983333333333334,933.6298303460951,516.9803015535626,3.219752191605157,1,6,6,0
19.991666666666667,934.233603452947,517.1666800454152,3.1995434084774406,1,6,6,0
20.0,933.8095921599238,517.3839887519536,3.1895911991133863,1,6,6,0
20.008333333333333,934.5948507346969,517.2806029052862,3.2026933538472893,1,6,6,0
20.016666666666666,934.2127805309981,516.7144606301757,3.19324585910768,1,6,6,0
20.025,934.8635210575037,515.9076724514034,3.204052026759348,1,6,6,0
20.033333333333335,935.1200377320401,515.031784202451,3.1964590724558604,1,6,6,0
20.041666666666668,934.848997058632,515.7653179201042,3.2030979319223034,1,6,6,0
20.05,935.5553565806567,516.0722507189496,3.1809150469807177,1,6,6,0
20.058333333333334,935.2203876989566,516.5700155881739,3.1723061150864735,1,6,6,0
20.066666666666666,935.3730218953677,516.5908112792525,3.239493142357533,1,6,6,0
20.075,935.9983155594189,516.8700492317131,3.2322488948306582,1,6,6,0
20.083333333333332,935.899238342248,517.0189236562186,3.1855340752670243,1,6,6,0
20.091666666666665,935.5383657014171,516.2103202440101,3.2185559541939788,1,6,6,0
20.1,934.614004079676,516.2340939841871,3.175721341798248,1,6,6,0
20.108333333333334,935.5907736695862,515.5082543399121,3.199142021789085,1,6,6,0
20.116666666666667,935.7635875860996,515.76739568396,3.1928763436136003,1,6,6,0
20.125,935.8706284422657,515.6445853845817,3.1957943842675705,1,6,6,0
20.133333333333333,936.2989647462421,515.4275938810695,3.185980893219552,1,6,6,0
20.141666666666666,936.4041245428565,515.7679308724812,3.205678726177927,1,6,6,0
20.15,936.9412921762408,515.8812099019581,3.227466965134692,1,6,6,0
20.158333333333335,936.8181842722786,515.5329656876822,3.2489795431265915,1,6,6,0
20.166666666666668,936.4848923609471,515.3329109196491,3.1995506414347883,1,6,6,0
20.175,936.265285061597,514.7503069812193,3.2274093011325933,1,6,6,0
20.183333333333334,935.7673285277654,515.2159061700862,3.201565441677807,1,6,6,0
20.191666666666666,935.6832700640259,515.4813243604394,3.254585393337991,1,6,6,0
20.2,934.8525704023227,514.9725115049596,3.270736178050948,1,6,6,0
20.208333333333332,934.7704744434762,515.287689539502,3.205136308814854,1,6,6,0
20.216666666666665,934.3258488025682,515.5185311541738,3.2501274083476055,1,6,6,0
20.225,934.3558388040194,515.5879160794291,3.1742366474529202,1,6,6,0
20.233333333333334,934.7352770249895,515.6096029424707,3.236563263766942,1,6,6,0
20.241666666666667,934.8507286929557,515.5096215099343,3.21970833775914,1,6,6,0
20.25,934.693330281755,515.9828822078298,3.264597018160644,1,6,6,0
20.258333333333333,934.5842940581888,515.5490798618824,3.242121984043121,1,6,6,0
20.266666666666666,934.4972057191047,515.8590270818403,3.2303427014707125,1,6,6,0
20.275,,,,0,6,6,0
20.283333333333335,,,,0,6,6,0
20.291666666666668,,,,0,6,6,0
20.3,,,,0,6,6,0
20.308333333333334,,,,0,6,6,0
20.316666666666666,,,,0,6,6,0
20.325,,,,0,6,6,0
20.333333333333332,,,,0,6,6,0
20.341666666666665,,,,0,6,6,0
20.35,,,,0,6,6,0
20.358333333333334,,,,0,6,6,0
20.366666666666667,,,,0,6,6,0
20.375,,,,0,6,6,0
20.383333333333333,,,,0,6,6,0
20.391666666666666,,,,0,6,6,0
20.4,,,,0,6,6,0
20.408333333333335,,,,0,6,6,0
20.416666666666668,,,,0,6,6,0
20.425,,,,0,6,6,0
20.433333333333334,,,,0,6,6,0
20.441666666666666,935.392801005189,518.9756679070891,3.221730506924215,1,6,6,0
20.45,935.6167632376213,518.6728353076633,3.249177342008541,1,6,6,0
20.458333333333332,936.0572534844827,518.5946703298715,3.2427915577354667,1,6,6,0
20.466666666666665,936.2608515474285,518.3603311718035,3.2623413747033747,1,6,6,0
20.475,935.9627888402429,519.1121672306646,3.297319667881905,1,6,6,0
20.483333333333334,936.0359782812113,519.0989909590458,3.2581255120507433,1,6,6,0
20.491666666666667,935.9784398162105,518.9259097827598,3.2698597058711067,1,6,6,0
20.5,935.355385592389,518.1715584368518,3.234687240154332,1,6,6,0
20.508333333333333,935.2970683664602,517.979504446763,3.2740987097797754,1,6,6,0
20.516666666666666,935.4078955599851,517.9428795336617,3.2736434303363566,1,6,6,0
20.525,936.0173152411347,517.0946843333525,3.2691540532520578,1,6,6,0
20.533333333333335,936.217290995998,517.2075081420655,3.269109024310848,1,6,6,0
20.541666666666668,936.7141720667989,517.7423809180067,3.2934136405107832,1,6,6,0
20.55,936.6311114412489,518.5007694691369,3.2835023908899883,1,6,6,0
20.558333333333334,936.9046024131709,518.4107409181739,3.2456386197558866,1,6,6,0
20.566666666666666,936.1318025134651,518.0351832083022,3.2782411708883745,1,6,6,0
20.575,934.853039090033,517.9237661232019,3.288866900300873,1,6,6,0
20.583333333333332,934.6543217483543,519.0304805183963,3.2481209305248373,1,6,6,0
20.591666666666665,935.3788471566656,518.6091861736263,3.2491929144707052,1,6,6,0
20.6,935.2698653694586,518.587081098018,3.2675642541919703,1,6,6,0
20.608333333333334,934.5295644345115,518.3964349028842,3.2628311468797713,1,6,6,0
20.616666666666667,934.1517850873192,518.408345614481,3.259524584457338,1,6,6,0
20.625,933.7011335670844,517.4048283206705,3.261185471184823,1,6,6,0
20.633333333333333,933.8863620679929,516.9503082745804,3.2563887936682057,1,6,6,0
20.641666666666666,934.3531338420754,517.07869028347,3.272703244468903,1,6,6,0
20.65,934.5656401102952,516.9754686418039,3.2422311049874546,1,6,6,0
20.658333333333335,933.9093232440342,516.9028871363041,3.280906211381718,1,6,6,0
20.666666666666668,933.9822316437126,517.0250970810707,3.261420065503162,1,6,6,0
20.675,933.5024569590663,516.8187560563514,3.261444058267101,1,6,6,0
20.683333333333334,933.5695803107608,516.5706324061704,3.268278774511395,1,6,6,0
20.691666666666666,933.2663299154995,516.6885329666625,3.2761823443797042,1,6,6,0
20.7,934.0554221824158,516.4897633087988,3.291383701057536,1,6,6,0
20.708333333333332,933.2904597668854,516.2511404474585,3.323880740413167,1,6,6,0
20.716666666666665,933.4671513906967,517.21073616884,3.260723393150922,1,6,6,0
20.725,932.9261562638111,517.1395341876411,3.275887674730816,1,6,6,0
20.733333333333334,932.7013017493329,517.0229724722079,3.278085975513874,1,6,6,0
20.741666666666667,931.7421008203677,516.6765211319488,3.306327483912615,1,6,6,0
20.75,931.4213203822593,515.531897189153,3.2976254984348943,1,6,6,0
20.758333333333333,931.4139640450958,516.5855234904087,3.301033586598863,1,6,6,0
20.766666666666666,931.0858996913095,516.4488412332098,3.3128768111252116,1,6,6,0
20.775,931.3659648322248,516.467973525709,3.276701804256035,1,6,6,0
20.783333333333335,931.5319113321345,516.1557068636249,3.283089799131889,1,6,6,0
20.791666666666668,931.2691444177378,515.8107743802738,3.297443838077296,1,6,6,0
20.8,931.1906126542855,515.9038788523359,3.313606278037992,1,6,6,0
20.808333333333334,931.1641521087072,515.9377620287779,3.3142367848080188,1,6,6,0
20.816666666666666,931.0710228744902,515.5230098089953,3.3312423657009607,1,6,6,0
20.825,930.2237429506532,515.1850068525055,3.33237619910465,1,6,6,0
20.833333333333332,930.2805185190809,515.263607435593,3.3308975650226476,1,6,6,0
20.841666666666665,930.8458399053819,515.1386612257052,3.2871032926335553,1,6,6,0
20.85,931.0624864932242,515.7144500703321,3.3194719708665197,1,6,6,0
20.858333333333334,930.5150602112108,515.7496334242728,3.3396134125445878,1,6,6,0
20.866666666666667,930.0776880050892,515.2191602640942,3.382458729902376,1,6,6,0
20.875,930.3845490777651,514.5928010289057,3.359236254049922,1,6,6,0
20.883333333333333,930.4746893234687,515.250311795448,3.30942496695424,1,6,6,0
20.891666666666666,930.0490766809869,515.4462786594466,3.336485003053044,1,6,6,0
20.9,929.3476588022828,515.1385722227392,3.3587852405537566,1,6,6,0
20.908333333333335,929.7049380484884,514.6931169293481,3.353383009097942,1,6,6,0
20.916666666666668,929.7649461309936,513.8424369745924,3.3760841347084987,1,6,6,0
20.925,930.4541668964813,513.4085782848806,3.3658663279948957,1,6,6,0
20.933333333333334,930.5029147570893,512.9648753567528,3.345678064079807,1,6,6,0
20.941666666666666,930.2651358335188,513.4702701918462,3.3477626701611376,1,6,6,0
20.95,930.551607651203,513.6220801797265,3.3208296793480705,1,6,6,0
20.958333333333332,930.2357310553988,512.9320770426397,3.3567754285637967,1,6,6,0
20.966666666666665,930.156408254493,513.3827987757636,3.3625395236360247,1,6,6,0
20.975,929.6543484458973,513.2607310633765,3.352074607289612,1,6,6,0
20.983333333333334,929.5274126347038,512.8651671172761,3.3427632618249294,1,6,6,0
20.991666666666667,929.3106129904368,512.0968821248357,3.3176491435442395,1,6,6,0
21.0,929.7858383452199,511.85074836261145,3.3692889924133054,1,6,6,0
21.008333333333333,929.5497815731499,512.3934953492881,3.3676323170286593,1,6,6,0
21.016666666666666,929.6578161613843,511.8184905147809,3.362540878249356,1,6,6,0
21.025,929.8900548313899,510.87375597979866,3.3330502010956375,1,6,6,0
21.033333333333335,930.2815591731727,510.8940722272625,3.361885546031702,1,6,6,0
21.041666666666668,929.0028232254978,511.5009554116423,3.336077012525936,1,6,6,0
21.05,929.8706880819516,512.1411592050023,3.311919628262248,1,6,6,0
21.058333333333334,930.517973447383,512.0130924325937,3.359096486644431,1,6,6,0
21.066666666666666,930.2128096841398,511.77864917238577,3.3428300992178253,1,6,6,0
21.075,929.7204948424725,511.63765099760803,3.3195016933562984,1,6,6,0
21.083333333333332,929.1413547557313,512.6021882772088,3.3235311102904355,1,6,6,0
21.091666666666665,928.9707928973298,513.0961984985317,3.3383249764316485,1,6,6,0
21.1,928.7950180681254,513.3449840252716,3.3160622082803477,1,6,6,0
21.108333333333334,927.9328289273338,513.8622031700979,3.3598823589489464,1,6,6,0
21.116666666666667,927.512606982366,514.3422580345873,3.331049390376785,1,6,6,0
21.125,927.1917224473755,515.0343157126009,3.3490601966422724,1,6,6,0
21.133333333333333,926.9889739060717,514.9299801164834,3.3075354376021626,1,6,6,0
21.141666666666666,926.4754794845281,515.3066744152317,3.3133756483936287,1,6,6,0
21.15,926.1901899490334,514.8208144319727,3.278435003610156,1,6,6,0
21.158333333333335,926.1300864120255,515.5917851152014,3.3134640520426446,1,6,6,0
21.166666666666668,926.1157186534888,515.1758740723994,3.299837223985976,1,6,6,0
21.175,925.7207066261653,515.2936921576953,3.2685852674359763,1,6,6,0
21.183333333333334,925.6806155956571,515.9972330243172,3.3006118378204574,1,6,6,0
21.191666666666666,925.4842391513325,516.6607943542336,3.284369901308769,1,6,6,0
21.2,925.3289068119085,516.4923883815056,3.2955271477288366,1,6,6,0
21.208333333333332,924.9719437523279,517.1929843547229,3.3183576173534552,1,6,6,0
21.216666666666665,924.8828096014512,516.1080603085492,3.304020145461553,1,6,6,0
21.225,924.5644555935862,515.8327911087587,3.311468556903901,1,6,6,0
21.233333333333334,924.9085478402927,515.7708467021946,3.2876286628432454,1,6,6,0
21.241666666666667,924.7126611899567,515.6116710487352,3.2873345296336844,1,6,6,0
21.25,925.5309564121807,516.0399627181703,3.2845452688877486,1,6,6,0
21.258333333333333,925.49914839055,515.9686668555643,3.3164248319895404,1,6,6,0
21.266666666666666,924.9329904463357,515.5253923152246,3.313660998181,1,6,6,0
21.275,924.4759647154726,515.3260061138908,3.326472678909886,1,6,6,0
21.283333333333335,924.7973588077161,516.001433803551,3.2808405672482808,1,6,6,0
21.291666666666668,925.2885767268262,515.67572150151,3.292765912948107,1,6,6,0
21.3,925.3146837367009,516.7257885893484,3.3150068027043025,1,6,6,0
21.308333333333334,925.1191924643414,517.3160443529016,3.286436900816635,1,6,6,0
21.316666666666666,925.3942167850385,517.8010999393164,3.308388179965763,1,6,6,0
21.325,925.5863941744542,517.9898780169999,3.2895394303753185,1,6,6,0
21.333333333333332,926.1291069465655,517.228094818154,3.2891843960822937,1,6,6,0
21.341666666666665,925.7686987820128,517.5329381226433,3.2796284043924935,1,6,6,0
21.35,925.8241421409663,518.1079034891712,3.3017948163643007,1,6,6,0
21.358333333333334,926.5037218247971,518.1115139968467,3.29906137990845,1,6,6,0
21.366666666666667,926.4778553557127,517.4369783553491,3.2681453570399217,1,6,6,0
21.375,1593.8887488717087,635.6537080767301,3.329215129131921,1,6,6,0
21.383333333333333,1594.2830533386928,635.5087265871641,3.3212721994063714,1,6,6,0
21.391666666666666,927.0653000515202,517.1498689500795,3.296719395992782,1,6,6,0
21.4,927.3979290763807,517.9578440761443,3.264148828230459,1,6,6,0
21.408333333333335,928.1558594433156,517.3691214474547,3.279378517738529,1,6,6,0
21.416666666666668,928.5767713402984,516.6738945718637,3.31685131535459,1,6,6,0
21.425,929.2428120475149,516.7311559995524,3.259442930596014,1,6,6,0
21.433333333333334,930.2084495582338,516.752412248023,3.337253891274651,1,6,6,0
21.441666666666666,928.8572689795848,517.1408581867473,3.271910918993124,1,6,6,0
21.45,929.1320232560781,517.4580351946986,3.27835545449999,1,6,6,0
21.458333333333332,929.3348131233366,518.2546581136497,3.321073166646812,1,6,6,0
21.466666666666665,929.6497304193949,518.4991137482946,3.3025353299645075,1,6,6,0
21.475,930.4660167617169,518.0467651662964,3.2989740990476744,1,6,6,0
21.483333333333334,930.4528109124075,517.7807501318385,3.275647619464916,1,6,6,0
21.491666666666667,930.1196639962353,518.404386985337,3.2961599535531843,1,6,6,0
21.5,930.1593550334865,518.521887386467,3.305195645760409,1,6,6,0
21.508333333333333,929.9434104261129,518.9614357173139,3.285887507199017,1,6,6,0
21.516666666666666,929.4720755699162,519.0722365890315,3.296016671523759,1,6,6,0
21.525,930.200057977708,519.409605268081,3.2823833531503843,1,6,6,0
21.533333333333335,929.1561922691229,518.7530158663025,3.3296978403331736,1,6,6,0
21.541666666666668,928.8007254563728,518.6721640487904,3.2975299821507793,1,6,6,0
21.55,928.5884007100253,518.9880699156764,3.2570076218720962,1,6,6,0
21.558333333333334,928.7744670209855,519.5531252188879,3.3016235222103947,1,6,6,0
21.566666666666666,928.053895730466,519.6015206800726,3.2928212312444582,1,6,6,0
21.575,927.2891122844047,519.7063202456362,3.3046896701436688,1,6,6,0
21.583333333333332,927.4706543227614,520.4465728022808,3.3141936872263593,1,6,6,0
21.591666666666665,927.5308473702886,520.1590788205555,3.277934959457613,1,6,6,0
21.6,928.1816442910422,519.1761650632546,3.3105936673028196,1,6,6,0
21.608333333333334,928.820829612313,519.7881599542318,3.2963542916522757,1,6,6,0
21.616666666666667,929.0669552180196,519.6930076290133,3.262464351595024,1,6,6,0
21.625,928.9574295537051,519.6460425009988,3.2747702492483395,1,6,6,0
21.633333333333333,929.2057159050247,518.8652553834837,3.276351942083584,1,6,6,0
21.641666666666666,929.5190586982787,518.9461535557801,3.2518053262728057,1,6,6,0
21.65,929.2107324607533,519.9590238951313,3.2945381385201333,1,6,6,0
21.658333333333335,929.0396692324443,519.3815809262894,3.3371822219473017,1,6,6,0
21.666666666666668,929.1733226175404,519.3860790192335,3.3045976334307343,1,6,6,0
21.675,929.6831630729658,518.272173317227,3.2573970118097897,1,6,6,0
21.683333333333334,929.4908890614039,518.2429291979465,3.272661571109788,1,6,6,0
21.691666666666666,929.7379926055918,518.3308963902424,3.3090607668546483,1,6,6,0
21.7,928.9206678342904,517.7379167219557,3.255710674392505,1,6,6,0
21.708333333333332,928.9298251591068,517.2922704995211,3.279135367500657,1,6,6,0
21.716666666666665,928.053308269119,517.6479153091311,3.2675738676214268,1,6,6,0
21.725,928.2832177749658,517.2148103609087,3.3055762837164298,1,6,6,0
21.733333333333334,928.5365088657815,517.0768651963057,3.267714011952514,1,6,6,0
21.741666666666667,928.6132149731046,516.9666783726955,3.256820909558021,1,6,6,0
21.75,928.1740008041035,517.2972708131551,3.302504850963866,1,6,6,0
21.758333333333333,928.1961153343973,516.7679227384781,3.271861174975276,1,6,6,0
21.766666666666666,927.910730474283,516.1892509982176,3.3117916937689826,1,6,6,0
21.775,927.5703067675961,516.4095073548684,3.25065831558439,1,6,6,0
21.783333333333335,927.6043683922743,518.0937014549038,3.274481455049084,1,6,6,0
21.791666666666668,928.1051439751294,517.8583395411974,3.2974100600941854,1,6,6,0
21.8,927.9300230583317,517.6225086939837,3.309196860551114,1,6,6,0
21.808333333333334,928.3499354583184,518.8636129636733,3.260160849544255,1,6,6,0
21.816666666666666,928.9194345204272,518.3643216007881,3.277974248932781,1,6,6,0
21.825,929.235745519314,518.5160573430012,3.189465133157172,1,6,6,0
21.833333333333332,930.323435622456,518.6596044061997,3.196940996430424,1,6,6,0
21.841666666666665,929.8592624915874,518.095235957743,3.2550324383016735,1,6,6,0
21.85,930.5632810058444,518.5028159632645,3.2525850884120566,1,6,6,0
21.858333333333334,930.4765243036338,517.9331295347511,3.284101604025981,1,6,6,0
21.866666666666667,929.7917591111327,516.8046926999895,3.2429585634025084,1,6,6,0
21.875,929.3940392701872,516.4644829009164,3.249228706489384,1,6,6,0
21.883333333333333,928.880909965647,516.259207972592,3.294194333818864,1,6,6,0
21.891666666666666,928.8793757149225,515.5335930207843,3.2711587012040892,1,6,6,0
21.9,928.678900852989,515.3262884214927,3.253916889482388,1,6,6,0
21.908333333333335,928.3604208595453,515.8867739004004,3.263012945983424,1,6,6,0
21.916666666666668,928.9717623502567,516.1705355433338,3.3005347840993142,1,6,6,0
21.925,928.4292336913902,515.6937099406828,3.25424695654799,1,6,6,0
21.933333333333334,928.7892545247178,515.186979073294,3.261183000277977,1,6,6,0
21.941666666666666,928.0893546618101,514.8538098231899,3.28635481280477,1,6,6,0
21.95,927.9711611149938,514.5584582059046,3.254392685177893,1,6,6,0
21.958333333333332,927.8620698589508,514.3887237174097,3.291788326326652,1,6,6,0
21.966666666666665,928.4374965614228,515.0118807262822,3.2779410807568947,1,6,6,0
21.975,928.9595644122026,514.7145018320725,3.2487843685840625,1,6,6,0
21.983333333333334,928.9824473417283,513.9841500689016,3.28091162349231,1,6,6,0
21.991666666666667,929.8184575469691,513.5178601315733,3.259924764970164,1,6,6,0
22.0,929.032762764634,512.8994685208341,3.279882884255587,1,6,6,0
22.008333333333333,929.3255147731736,513.8094006154917,3.274380952402128,1,6,6,0
22.016666666666666,929.3850926328647,514.0206715664015,3.2735256015230085,1,6,6,0
22.025,929.1304199298925,513.5626773378374,3.248910392328873,1,6,6,0
22.033333333333335,929.7122686169984,514.0238927644332,3.261443819186841,1,6,6,0
22.041666666666668,931.2617955804994,514.4202303075208,3.239721856121012,1,6,6,0
22.05,931.0672827715944,514.6621073966994,3.253305637467792,1,6,6,0
22.058333333333334,931.6943984906543,514.6848998804951,3.249175597539376,1,6,6,0
22.066666666666666,931.6690137677099,514.1252093217621,3.2318198822591007,1,6,6,0
22.075,932.1667820422986,513.6813280685807,3.273055854575649,1,6,6,0
22.083333333333332,932.5021710691238,513.5798071291399,3.222818001996958,1,6,6,0
22.091666666666665,933.0433788672435,513.5307114900468,3.258224324626133,1,6,6,0
22.1,932.4004435111715,513.7340285322841,3.2342063175508486,1,6,6,0
22.108333333333334,932.5491348508586,513.8046478614087,3.254141125720356,1,6,6,0
22.116666666666667,931.8220037665918,513.3743379834176,3.216827893881393,1,6,6,0
22.125,930.8862070237217,513.2120790817862,3.258223362523335,1,6,6,0
22.133333333333333,931.2871461051866,513.2425221389769,3.278938201970234,1,6,6,0
22.141666666666666,931.5059245075153,512.9328319425946,3.2030211616535436,1,6,6,0
22.15,931.098715535386,513.3374241503391,3.222640380207067,1,6,6,0
22.158333333333335,930.5586092207257,513.4967857859039,3.256598464934332,1,6,6,0
22.166666666666668,930.8344265683747,513.7817374480057,3.1866784066414855,1,6,6,0
22.175,929.9329274308917,514.1446505219559,3.2256736598746096,1,6,6,0
22.183333333333334,929.8105679535655,514.3645704532128,3.237196155578998,1,6,6,0
22.191666666666666,929.5627878463131,513.9842280073907,3.2708917249304377,1,6,6,0
22.2,929.4946835709328,515.0061104449949,3.240360742545252,1,6,6,0
22.208333333333332,929.7306600528746,515.5986123176173,3.2541912828474397,1,6,6,0
22.216666666666665,929.1186608815676,514.5192943454033,3.2156861897816604,1,6,6,0
22.225,928.5720252637685,513.9237058470075,3.250743628020982,1,6,6,0
22.233333333333334,928.2516006269657,513.3777449143448,3.234402384021675,1,6,6,0
22.241666666666667,927.3143989059942,513.7853643757169,3.1937380352743614,1,6,6,0
22.25,926.6163673788869,513.797164254575,3.256083348676636,1,6,6,0
22.258333333333333,716.5370891183879,679.5787466578466,3.2201184188407432,1,6,6,0
22.266666666666666,716.2116021920635,679.7549982104047,3.20620460790469,1,6,6,0
22.275,925.0463565214328,513.8914189319478,3.2237527140556406,1,6,6,0
22.283333333333335,924.8142554316825,513.0040085084994,3.247283598014755,1,6,6,0
22.291666666666668,925.326572573271,512.1523860349844,3.2286262248020168,1,6,6,0
22.3,926.1210011594655,512.6468806545963,3.19718677746003,1,6,6,0
22.308333333333334,925.4107428705768,512.3712689344384,3.2239961142836306,1,6,6,0
22.316666666666666,924.768005478742,512.3761232508463,3.2222808584966716,1,6,6,0
22.325,925.0899906173078,512.2563774922195,3.2071846805718827,1,6,6,0
22.333333333333332,924.9294155426927,512.0655160846973,3.233771528619552,1,6,6,0
22.341666666666665,924.7074502720147,512.0113273666044,3.2399852993747893,1,6,6,0
22.35,925.6450243682042,512.5876869159713,3.224692647586634,1,6,6,0
22.358333333333334,926.2523228721001,512.8736088883761,3.2384322424443033,1,6,6,0
22.366666666666667,927.075287586828,513.3367494643908,3.209944530116261,1,6,6,0
22.375,926.5666471098197,512.4808067045914,3.2342079878293943,1,6,6,0
22.383333333333333,926.6561874760492,512.868570508707,3.222001931391433,1,6,6,0
22.391666666666666,926.293382081183,513.5238512979315,3.1916902278046075,1,6,6,0
22.4,926.8894328631757,513.0951509042143,3.2466087974396465,1,6,6,0
22.408333333333335,927.3949910005624,513.5864688177649,3.230853928266298,1,6,6,0
22.416666666666668,927.2355044081053,512.9568702800948,3.2043278236722306,1,6,6,0
22.425,926.739490419324,513.2503338905068,3.2472223634966326,1,6,6,0
22.433333333333334,926.5331303839882,512.7411833553897,3.225453346622865,1,6,6,0
22.441666666666666,927.3771527376741,511.946748020881,3.192489533084643,1,6,6,0
22.45,927.0613138311861,512.5273584933803,3.19310813194725,1,6,6,0
22.458333333333332,926.5844091230414,511.80430914824217,3.213486526142143,1,6,6,0
22.466666666666665,926.436575538284,512.5498448448633,3.2173933026529387,1,6,6,0
22.475,926.910975654266,511.58398924736144,3.2283967621367293,1,6,6,0
22.483333333333334,926.3032811630442,511.08240792796323,3.2146087541287915,1,6,6,0
22.491666666666667,925.7575822055978,511.0896963507488,3.213645365142992,1,6,6,0
22.5,925.7598799046671,511.03451788463605,3.2121572113064527,1,6,6,0
22.508333333333333,925.9676591709712,511.6801356119825,3.179024375885493,1,6,6,0
22.516666666666666,925.2699846869332,511.5666497592624,3.210254729807818,1,6,6,0
22.525,925.747095120597,511.09578908514345,3.1892469142108424,1,6,6,0
22.533333333333335,926.7237909302268,511.00703740180023,3.182861827097303,1,6,6,0
22.541666666666668,926.727488753759,510.53764526104345,3.1864537667568253,1,6,6,0
22.55,927.710642731818,510.36723565621264,3.178876128497869,1,6,6,0
22.558333333333334,927.6862045422662,511.0234070306235,3.2031148748454563,1,6,6,0
22.566666666666666,927.6055703704466,511.0994425788581,3.178348525399407,1,6,6,0
22.575,926.8031570208763,510.8086901276917,3.19299260365597,1,6,6,0
22.583333333333332,926.5364819673646,511.13095359456486,3.188234653200781,1,6,6,0
22.591666666666665,925.5152352864869,510.3445670834514,3.2088445230713725,1,6,6,0
22.6,925.4873930059813,510.13197034462604,3.222900826729708,1,6,6,0
22.608333333333334,925.681325937805,510.8620280606085,3.1989989734202946,1,6,6,0
22.616666666666667,925.640297778713,511.2015130784289,3.1683209763386713,1,6,6,0
22.625,925.1717717714894,511.5759600508338,3.17308064057669,1,6,6,0
22.633333333333333,925.0937064202764,512.3666454794493,3.190792993233296,1,6,6,0
22.641666666666666,925.7132008198796,513.2101176638697,3.174800511257389,1,6,6,0
22.65,925.7285003413975,513.1476834574777,3.1920174255508806,1,6,6,0
22.658333333333335,925.6196573573925,513.6636888492985,3.20108303005579,1,6,6,0
22.666666666666668,924.9559497357783,513.1929548443499,3.178072299664405,1,6,6,0
22.675,925.7148293225903,512.9842955029873,3.1827264902394155,1,6,6,0
22.683333333333334,926.9496469544349,513.7019439954739,3.1528710349566555,1,6,6,0
22.691666666666666,926.6335007533755,513.3882702756938,3.1582136369075187,1,6,6,0
22.7,926.5187898179582,513.3823263755452,3.1685136283515103,1,6,6,0
22.708333333333332,927.4737670329209,513.2649327240988,3.202528237967554,1,6,6,0
22.716666666666665,927.3966060785156,512.7723412020177,3.163507048366329,1,6,6,0
22.725,927.6449562197105,512.898332105331,3.216263453030399,1,6,6,0
22.733333333333334,927.9418404867913,513.8224615146097,3.1329751815888196,1,6,6,0
22.741666666666667,926.8482187495036,513.9183196218008,3.1418700239325896,1,6,6,0
22.75,926.0341198967346,513.0141390147987,3.1634838875671063,1,6,6,0
22.758333333333333,925.7752353122225,512.6704361353925,3.1482539171313877,1,6,6,0
22.766666666666666,925.4339394201297,512.3025879474142,3.170688225143572,1,6,6,0
22.775,924.934341826941,512.7219419370305,3.191602425732064,1,6,6,0
22.783333333333335,925.1744269212878,511.9005014875207,3.15085637657864,1,6,6,0
22.791666666666668,924.5526700586614,511.93882354057234,3.163218409074925,1,6,6,0
22.8,924.758686839118,511.9094728072922,3.188757935289994,1,6,6,0
22.808333333333334,924.5731275950083,512.1042393205508,3.1680255118424308,1,6,6,0
22.816666666666666,923.7989349727137,510.8764764541239,3.1493520832068125,1,6,6,0
22.825,924.6145912657369,510.8769514383696,3.1510366763414464,1,6,6,0
22.833333333333332,923.9073311475213,510.8926060790518,3.1358742680343723,1,6,6,0
22.841666666666665,924.2844054830182,511.32492045835323,3.1386123121977376,1,6,6,0
22.85,924.3964054691703,510.6530535538584,3.1738852358889016,1,6,6,0
22.858333333333334,923.85346575055,510.9812981812293,3.129328174063268,1,6,6,0
22.866666666666667,924.4486680306877,511.83892671171105,3.1272269453343644,1,6,6,0
22.875,923.6538830635765,511.6407605926298,3.1151905652142777,1,6,6,0
22.883333333333333,923.4107868460159,511.5171868353982,3.1669516215715174,1,6,6,0
22.891666666666666,922.8400494159852,511.48895843319076,3.1404489000341336,1,6,6,0
22.9,922.95978778124,511.90328275911327,3.1567379083091955,1,6,6,0
22.908333333333335,923.2784612550658,512.1756851686221,3.155547175961661,1,6,6,0
22.916666666666668,922.7751299465448,511.97771722157796,3.172613814454778,1,6,6,0
22.925,923.0485706555431,511.20305625413374,3.1597797963219305,1,6,6,0
22.933333333333334,923.399258776954,511.0362844859566,3.150354809086075,1,6,6,0
22.941666666666666,924.2287601519297,511.4827697163854,3.1233405181217333,1,6,6,0
22.95,924.1743537452314,511.1380612926357,3.1429291510020287,1,6,6,0
22.958333333333332,924.4968192541584,512.4544014617003,3.1123908340007347,1,6,6,0
22.966666666666665,924.7189780184674,513.2978302688201,3.1132430020327333,1,6,6,0
22.975,923.7450362871915,513.0365261568805,3.168046041296181,1,6,6,0
22.983333333333334,924.2083018565941,513.1298398010639,3.1869966474496882,1,6,6,0
22.991666666666667,924.627455224827,513.3403014296674,3.1750989444929667,1,6,6,0
23.0,925.0618526831894,512.3197208548261,3.1307215444798566,1,6,6,0
23.008333333333333,924.5579983732447,512.8495437574543,3.140358890181427,1,6,6,0
23.016666666666666,924.6635041475067,512.8965524549592,3.147823443844471,1,6,6,0
23.025,924.9419187231364,513.7590430039153,3.176994066366315,1,6,6,0
23.033333333333335,925.3710567148187,513.4417232828482,3.1407277691319653,1,6,6,0
23.041666666666668,924.4428028789886,513.1110142002694,3.1266531565662166,1,6,6,0
23.05,923.8654671211676,512.5566917030245,3.1145343557999396,1,6,6,0
23.058333333333334,924.700547828898,512.6243975721113,3.1593385156503,1,6,6,0
23.066666666666666,924.0832065133467,512.2529585804754,3.1282535933518667,1,6,6,0
23.075,923.4894569947464,511.91219253642396,3.1006503796039673,1,6,6,0
23.083333333333332,923.9095030790421,512.4745649833229,3.146227051547201,1,6,6,0
23.091666666666665,924.4725209525384,511.8657981195304,3.141193044929854,1,6,6,0
23.1,924.7162256589853,511.5752780564168,3.1427599680000293,1,6,6,0
23.108333333333334,925.1479010077651,511.5343901409383,3.140201089598248,1,6,6,0
23.116666666666667,925.5554746494856,511.6524282647266,3.114371805871003,1,6,6,0
23.125,925.195976774128,511.23088137019715,3.085629143520884,1,6,6,0
23.133333333333333,925.3220293144522,511.68819411444076,3.1342182671742065,1,6,6,0
23.141666666666666,925.7565608641019,511.47072741980367,3.1673299325595887,1,6,6,0
23.15,925.2106253144249,511.2404138572832,3.089208303285252,1,6,6,0
23.158333333333335,925.2570648832082,510.9766519716799,3.1290529524181503,1,6,6,0
23.166666666666668,926.0072295683993,510.86875768004467,3.0761758055298873,1,6,6,0
23.175,925.8786706034573,511.9727304147691,3.1843246437303456,1,6,6,0
23.183333333333334,925.5533544972087,511.3357641460337,3.103711558340126,1,6,6,0
23.191666666666666,925.8508363339719,511.19908205393256,3.150228297869223,1,6,6,0
23.2,926.2889705226248,511.4261807779421,3.1338276496949335,1,6,6,0
23.208333333333332,925.9632692620045,511.9075683937865,3.0995658426689707,1,6,6,0
23.216666666666665,925.8876999665158,511.54618504773674,3.156205862773479,1,6,6,0
23.225,925.5635380908802,510.94224005714904,3.1216250538819503,1,6,6,0
23.233333333333334,925.2392563517417,510.6598112978452,3.121031857693673,1,6,6,0
23.241666666666667,925.3814820216494,510.759855307334,3.098186267621153,1,6,6,0
23.25,924.7950402200794,510.81015107449707,3.126935413900401,1,6,6,0
23.258333333333333,924.6259073134303,511.22506813808945,3.1031246272637882,1,6,6,0
23.266666666666666,924.5432805772963,511.2676455222609,3.1047381787813393,1,6,6,0
23.275,923.8113671739575,510.6904755153846,3.0943705916774165,1,6,6,0
23.283333333333335,924.2249924481239,510.6957247205209,3.104808981199512,1,6,6,0
23.291666666666668,923.6023945398798,511.26517598793635,3.126619203663808,1,6,6,0
23.3,924.0007941160476,510.55626318815064,3.117596993859796,1,6,6,0
23.308333333333334,923.7875720204006,510.9248909318478,3.103442120427484,1,6,6,0
23.316666666666666,923.1899830049881,511.1546352974724,3.1261371697504514,1,6,6,0
23.325,923.5866485315985,511.3746440055831,3.153613293599372,1,6,6,0
23.333333333333332,924.0584162295463,510.42372568372036,3.0964835603611642,1,6,6,0
23.341666666666665,923.6741421864673,509.772121989553,3.1014767468623585,1,6,6,0
23.35,923.2843956510247,509.7998007604776,3.1368878359485453,1,6,6,0
23.358333333333334,923.5294904385527,510.2188674379985,3.0966298079440797,1,6,6,0
23.366666666666667,923.9588857216355,509.7336641542523,3.118850129878432,1,6,6,0
23.375,923.4607522649592,510.3218936345413,3.132915514212217,1,6,6,0
23.383333333333333,923.3741578547305,510.88820911966,3.0884289631792967,1,6,6,0
23.391666666666666,922.9379905593606,510.6463228527266,3.091668668309575,1,6,6,0
23.4,922.3048416199703,510.1489877375283,3.1119442490254867,1,6,6,0
23.408333333333335,922.6534314817475,510.3201658369517,3.1169823489463524,1,6,6,0
23.416666666666668,922.5042538509463,510.84538990911784,3.0888570369642854,1,6,6,0
23.425,923.1442096930436,510.94019763087215,3.0890843073517784,1,6,6,0
23.433333333333334,923.7709437508638,509.90681580584794,3.0857595703215055,1,6,6,0
23.441666666666666,,,,0,6,6,0
23.45,,,,0,6,6,0
23.458333333333332,,,,0,6,6,0
23.466666666666665,,,,0,6,6,0
23.475,,,,0,6,6,0
23.483333333333334,,,,0,6,6,0
23.491666666666667,,,,0,6,6,0
23.5,,,,0,6,6,0
23.508333333333333,,,,0,6,6,0
23.516666666666666,,,,0,6,6,0
23.525,,,,0,6,6,0
23.533333333333335,,,,0,6,6,0
23.541666666666668,,,,0,6,6,0
23.55,,,,0,6,6,0
23.558333333333334,,,,0,6,6,0
23.566666666666666,,,,0,6,6,0
23.575,,,,0,6,6,0
23.583333333333332,,,,0,6,6,0
23.591666666666665,927.5643349029847,508.1316615643453,3.1080039921239537,1,6,6,0
23.6,928.0939495430465,507.71686988700026,3.108822120449964,1,6,6,0
23.608333333333334,928.5096330719014,508.13324633455255,3.1051336343881646,1,6,6,0
23.616666666666667,928.1295507887182,508.6880824227126,3.095603340493395,1,6,6,0
23.625,927.1791898562926,508.4618041551326,3.0399569480003397,1,6,6,0
23.633333333333333,926.7182137434038,509.55550232970063,3.0849100196547705,1,6,6,0
23.641666666666666,926.7572417051368,509.79403675410555,3.1129498013597057,1,6,6,0
23.65,927.2314750518588,510.01667587056556,3.09041913403198,1,6,6,0
23.658333333333335,927.0605546982878,510.1660421320526,3.085756060732416,1,6,6,0
23.666666666666668,927.0653051923734,511.0199439199332,3.0826709913032495,1,6,6,0
23.675,926.3658746582888,510.57103061638423,3.115456434590706,1,6,6,0
23.683333333333334,925.2825090999568,510.11039660745706,3.102383015319254,1,6,6,0
23.691666666666666,924.7483620338189,510.17995014995023,3.051925146352793,1,6,6,0
23.7,924.8927174170054,510.8115883505069,3.100966195353311,1,6,6,0
23.708333333333332,924.6297557194038,510.49943160383316,3.1092485731402144,1,6,6,0
23.716666666666665,924.1473588417936,510.4247953754517,3.104921127209712,1,6,6,0
23.725,924.0558818447392,510.93177043898476,3.1084044158829345,1,6,6,0
23.733333333333334,924.3110511645878,510.72423052742505,3.1298008852395416,1,6,6,0
23.741666666666667,923.530075044734,510.4757876645816,3.101404832925433,1,6,6,0
23.75,923.6523304476673,509.9083871123351,3.089547922855875,1,6,6,0
23.758333333333333,923.8400621130936,509.8907172944839,3.0848718185549986,1,6,6,0
23.766666666666666,924.1378539541724,509.75708158816246,3.1256943567347815,1,6,6,0
23.775,924.4245414478416,509.27422762738536,3.0866031405921794,1,6,6,0
23.783333333333335,924.2848026713641,508.8310537604911,3.095192209242753,1,6,6,0
23.791666666666668,924.3718288368259,507.969861327584,3.0985961043619,1,6,6,0
23.8,924.0750252713365,507.63581895759376,3.1232161017370976,1,6,6,0
23.808333333333334,924.3080470411785,508.38513435315826,3.072835663696825,1,6,6,0
23.816666666666666,924.2998388281468,508.9341605197615,3.0705313301150405,1,6,6,0
23.825,924.5961141514101,508.4035748427078,3.087327270271697,1,6,6,0
23.833333333333332,924.2872468215916,508.37373739275887,3.1025488259106835,1,6,6,0
23.841666666666665,923.7355555541093,508.2975618604966,3.1121276366572244,1,6,6,0
23.85,923.8881457413737,507.7476301320949,3.084638852313887,1,6,6,0
23.858333333333334,924.4017328133407,507.23757835611957,3.120443591361046,1,6,6,0
23.866666666666667,923.9714038146047,508.1673504890303,3.098435200256119,1,6,6,0
23.875,923.7261585100837,508.31902393234935,3.0770204755184927,1,6,6,0
23.883333333333333,924.1574566016627,507.68835388111387,3.131715835384731,1,6,6,0
23.891666666666666,924.4353279430709,507.76775994410974,3.113497877899699,1,6,6,0
23.9,923.7490902586768,507.919335079239,3.121009116331986,1,6,6,0
23.908333333333335,924.2121816502865,508.92648911038776,3.1507821996790217,1,6,6,0
23.916666666666668,924.0346724639915,509.29024772763984,3.0962265332991987,1,6,6,0
23.925,923.9525247975655,509.2244352773299,3.075305862125567,1,6,6,0
23.933333333333334,923.8196302887617,509.84295790585674,3.109289076466263,1,6,6,0
23.941666666666666,923.1715822164788,509.954145416881,3.1097281943977153,1,6,6,0
23.95,923.0204246721443,510.45668233286494,3.086684465422916,1,6,6,0
23.958333333333332,923.5065681262238,510.4339900187065,3.0754361620937027,1,6,6,0
23.966666666666665,923.8664888009474,509.94610310431057,3.0724566527031714,1,6,6,0
23.975,923.7355360175826,510.93676304650904,3.093979254278429,1,6,6,0
23.983333333333334,924.2904389600837,510.9515652277567,3.071115469297407,1,6,6,0
23.991666666666667,924.6376270716931,510.9601729241841,3.0883182718262674,1,6,6,0
24.0,924.0669130137339,511.3532623913764,3.1066428197125497,1,6,6,0
24.008333333333333,924.5017271084217,512.2375861416821,3.1104491818292375,1,6,6,0
24.016666666666666,924.8916695154123,512.8853505618032,3.1136246278467525,1,6,6,0
24.025,685.7021318798442,587.132838251938,3.098194048422417,1,6,6,0
24.033333333333335,685.5780072619676,586.9411470392103,3.1339094492099844,1,6,6,0
24.041666666666668,924.9669230409745,513.171346550325,3.0926798851044635,1,6,6,0
24.05,925.0665751554477,512.871035613515,3.135585752024686,1,6,6,0
24.058333333333334,924.9826030021762,512.4034825311846,3.0906163699982683,1,6,6,0
24.066666666666666,925.2074886435771,512.7770571557584,3.078576837762599,1,6,6,0
24.075,925.4865068001841,512.8274862470646,3.131315506405009,1,6,6,0
24.083333333333332,925.9275492693199,513.0644221158393,3.066992873910264,1,6,6,0
24.091666666666665,925.8918889856932,513.4435625080392,3.0938696702966806,1,6,6,0
24.1,925.8207127064246,513.0426023983431,3.0968504489689144,1,6,6,0
24.108333333333334,925.4293339083983,512.6173995956962,3.1189256570236377,1,6,6,0
24.116666666666667,925.6040880189745,513.2681498642572,3.0847330236627446,1,6,6,0
24.125,925.3294351704142,513.659173858979,3.1125805738439722,1,6,6,0
24.133333333333333,926.2590945302177,513.8208604474668,3.1093280256929936,1,6,6,0
24.141666666666666,926.2832908378523,513.4687078001691,3.1010032633242264,1,6,6,0
24.15,925.7299590286514,513.3098682545451,3.1030119487272314,1,6,6,0
24.158333333333335,925.5485991418573,513.2439516182793,3.157676551923087,1,6,6,0
24.166666666666668,925.730715492793,512.6840379805654,3.1235455587969385,1,6,6,0
24.175,925.8751366087628,512.7328145353513,3.1445807706868747,1,6,6,0
24.183333333333334,925.5698713392403,512.7408156124977,3.0855560615307605,1,6,6,0
24.191666666666666,925.8911250487056,513.0720154904395,3.1173684398219494,1,6,6,0
24.2,926.2280163445357,512.6212828437111,3.116244217075063,1,6,6,0
24.208333333333332,926.3957478167151,513.131307424134,3.127797943928071,1,6,6,0
24.216666666666665,926.9554997587296,513.3043664718597,3.124197953357103,1,6,6,0
24.225,928.0422890990576,513.1681783733176,3.124421407047393,1,6,6,0
24.233333333333334,928.1635868705508,513.1462209561171,3.1086906488501502,1,6,6,0
24.241666666666667,927.2427976190407,513.1269321920801,3.1288680933374895,1,6,6,0
24.25,926.9307950659153,512.6542568139254,3.0764587532182914,1,6,6,0
24.258333333333333,927.2383415729495,513.410302691297,3.134630939915222,1,6,6,0
24.266666666666666,927.8675670853098,513.3566091812619,3.120477617408533,1,6,6,0
24.275,929.313278729934,513.3168949709079,3.0976225064387934,1,6,6,0
24.283333333333335,929.5573458012395,514.2266780636958,3.1140529558208634,1,6,6,0
24.291666666666668,930.5538342614616,514.1366643606691,3.09356296836081,1,6,6,0
24.3,930.4181165146899,513.8618008408904,3.149482163299437,1,6,6,0
24.308333333333334,930.9159331120221,513.735945977017,3.13323565735726,1,6,6,0
24.316666666666666,930.6089566854433,514.1223255043221,3.1160957326052117,1,6,6,0
24.325,930.8850331170836,513.8132959610999,3.1429015882907487,1,6,6,0
24.333333333333332,931.1676772334996,513.9332455438306,3.1292370907509257,1,6,6,0
24.341666666666665,931.8522978635444,513.6885998239802,3.1094336826834246,1,6,6,0
24.35,931.5723042426793,514.3855414403932,3.1641587505799547,1,6,6,0
24.358333333333334,931.74179604107,514.7698807470391,3.101294156031969,1,6,6,0
24.366666666666667,931.5245854227243,514.3612095460929,3.112235236639387,1,6,6,0
24.375,931.0351137761396,514.0969366374,3.1108428260692853,1,6,6,0
24.383333333333333,930.8970379788508,513.983358951578,3.130776682967258,1,6,6,0
24.391666666666666,931.1585045356162,515.2372308343638,3.1292982346579974,1,6,6,0
24.4,931.2256842654779,515.9265705024751,3.149069993833629,1,6,6,0
24.408333333333335,931.7512258256725,515.6337623507592,3.0932002682249085,1,6,6,0
24.416666666666668,932.1145302186569,514.753267671368,3.1512016225033608,1,6,6,0
24.425,931.6280424663718,514.8096424300601,3.1226034339269058,1,6,6,0
24.433333333333334,931.3546268110736,514.5137479141298,3.150035816012688,1,6,6,0
24.441666666666666,932.1298318722346,514.0818283628223,3.140980803615715,1,6,6,0
24.45,932.6141874007168,513.910149302121,3.131102048588676,1,6,6,0
24.458333333333332,932.1417148848865,513.951526171307,3.1261921866726365,1,6,6,0
24.466666666666665,932.7320854614482,513.4716179156861,3.11238294794086,1,6,6,0
24.475,932.9606190954697,513.8180910646025,3.1280336441545016,1,6,6,0
24.483333333333334,932.1068146493006,513.7721340753865,3.12515272740414,1,6,6,0
24.491666666666667,932.2109441374608,513.1130758274315,3.1520382200552994,1,6,6,0
24.5,931.7522948412499,512.8657761049501,3.1329775746563397,1,6,6,0
24.508333333333333,930.9567718805495,512.8982671404998,3.1555874245490596,1,6,6,0
24.516666666666666,930.8273043908974,513.3387900611749,3.1259611931176563,1,6,6,0
24.525,930.5565264729531,512.7889833965212,3.1355634879978824,1,6,6,0
24.533333333333335,930.5463071924183,512.5245643434707,3.1677548818018693,1,6,6,0
24.541666666666668,930.362333997214,512.1086916913806,3.1330296898771666,1,6,6,0
24.55,930.2067745512371,511.71919352451727,3.1327698563457576,1,6,6,0
24.558333333333334,930.7175297177163,511.63767926282395,3.157686262641248,1,6,6,0
24.566666666666666,930.6556076385828,511.94422967608205,3.1503972936772935,1,6,6,0
24.575,930.0643666554969,511.4416863875023,3.1740197498969476,1,6,6,0
24.583333333333332,930.1423793203431,510.58861009752775,3.1343865793879484,1,6,6,0
24.591666666666665,931.082618359175,511.0501513915341,3.134514398719072,1,6,6,0
24.6,931.36014186054,510.6278748360034,3.158409093979227,1,6,6,0
24.608333333333334,930.3992390964053,510.8026223370777,3.139144838758219,1,6,6,0
24.616666666666667,930.0523243398859,511.0006292514181,3.1412992526544548,1,6,6,0
24.625,930.7261845662428,511.40681855866967,3.1539799855543325,1,6,6,0
24.633333333333333,930.322392499197,511.73402334422764,3.174997725110122,1,6,6,0
24.641666666666666,930.0088943593121,512.4810140586962,3.151518022405801,1,6,6,0
24.65,929.4074871628633,512.7152428087691,3.1348429139058367,1,6,6,0
24.658333333333335,928.7632630606452,512.0268805561938,3.1500006586980955,1,6,6,0
24.666666666666668,929.5575452974657,512.1314522112024,3.139266742017859,1,6,6,0
24.675,929.0252545363373,512.6886608945496,3.1548706688361516,1,6,6,0
24.683333333333334,929.3365465225353,512.5502677486346,3.1630006388895087,1,6,6,0
24.691666666666666,929.8356340318576,512.4431849018417,3.1757874401017068,1,6,6,0
24.7,929.605316134964,512.6743729654993,3.1797329170838107,1,6,6,0
24.708333333333332,930.3833329013388,512.8510079866884,3.1630604896080152,1,6,6,0
24.716666666666665,930.0072421154705,514.128596849555,3.1676279421106184,1,6,6,0
24.725,930.3558269490777,514.3960344837191,3.1936803548963675,1,6,6,0
24.733333333333334,929.4114260548133,514.6715063090003,3.162064880201811,1,6,6,0
24.741666666666667,929.6190226945733,514.4857233427239,3.202838581986115,1,6,6,0
24.75,929.4247109646285,514.5271021243849,3.151651703055352,1,6,6,0
24.758333333333333,929.8975833397459,514.841798105644,3.1712124054306563,1,6,6,0
24.766666666666666,929.7069917877529,515.6720688389507,3.16867454091836,1,6,6,0
24.775,930.3750404801516,515.2546124538424,3.163090933577866,1,6,6,0
24.783333333333335,929.8100141037629,514.9269579180024,3.1451844652451095,1,6,6,0
24.791666666666668,930.5398975409114,514.2769473807449,3.1386392671885415,1,6,6,0
24.8,931.3772418915306,513.1535782651853,3.1408238050072814,1,6,6,0
24.808333333333334,931.531950566065,513.3255255272628,3.188321324220171,1,6,6,0
24.816666666666666,932.3927829663802,513.5786234719674,3.1755342566493407,1,6,6,0
24.825,932.1343763616762,513.1865355444504,3.159915940377527,1,6,6,0
24.833333333333332,931.964400445155,513.3854761230049,3.1873277857104023,1,6,6,0
24.841666666666665,931.5942488084784,513.3402554010179,3.172034556851075,1,6,6,0
24.85,931.3337512047542,512.3852955441791,3.166958708920463,1,6,6,0
24.858333333333334,930.9844327561128,512.2943211051333,3.202822004541285,1,6,6,0
24.866666666666667,931.314196016348,512.7994241182435,3.174289507476527,1,6,6,0
24.875,931.7919148648489,512.8550564448099,3.184460650734664,1,6,6,0
24.883333333333333,932.2968198701193,513.154487760238,3.1575990766730673,1,6,6,0
24.891666666666666,931.7743502968231,512.7814474674133,3.1768239282934654,1,6,6,0
24.9,932.4727982252193,512.8576935466848,3.1552622792900142,1,6,6,0
24.908333333333335,932.6295509251217,512.7734454298884,3.2027824992100036,1,6,6,0
24.916666666666668,932.8797710774899,512.6245627749397,3.159227031218864,1,6,6,0
24.925,932.9449135367495,512.3592054748553,3.194427624713512,1,6,6,0
24.933333333333334,933.8576903336012,512.3904488828746,3.23705075293185,1,6,6,0
24.941666666666666,933.5719861288245,512.0242307785275,3.215388912072173,1,6,6,0
24.95,934.064051477015,512.0411264688934,3.2115382708065314,1,6,6,0
24.958333333333332,932.8174819057747,510.73925139120365,3.2194767360914964,1,6,6,0
24.966666666666665,932.7866770153156,510.7401587707942,3.176313825643388,1,6,6,0
24.975,933.3260419339624,511.1095606825348,3.2216937231960134,1,6,6,0
24.983333333333334,933.0661493530592,511.65986791287804,3.179083634811918,1,6,6,0
24.991666666666667,932.3496004093603,511.1781796462893,3.190879024868222,1,6,6,0
25.0,931.6971011832352,510.8458340926436,3.200961645789513,1,6,6,0
25.008333333333333,931.6899831587691,510.7459934786631,3.239749638804956,1,6,6,0
25.016666666666666,931.9914702864138,510.91778664053834,3.1940497729379334,1,6,6,0
25.025,932.3595849730142,510.1443888346844,3.2130026576112267,1,6,6,0
25.033333333333335,932.0594101705351,509.91822935393435,3.2022064450421643,1,6,6,0
25.041666666666668,932.5241181451754,509.9435057217602,3.197192965212187,1,6,6,0
25.05,932.5787107112271,510.4694396846404,3.2033984658782506,1,6,6,0
25.058333333333334,932.2709065370244,510.27965258677136,3.2154190454510854,1,6,6,0
25.066666666666666,931.9182277212236,510.24580859246703,3.2029225586142402,1,6,6,0
25.075,931.8754041612478,510.3021576499496,3.1855380101872046,1,6,6,0
25.083333333333332,932.097738703985,509.8051901230879,3.217158624086285,1,6,6,0
25.091666666666665,932.3417254999588,510.14981068445115,3.2025157304574403,1,6,6,0
25.1,932.1798970548733,509.76446940724924,3.2099396394876156,1,6,6,0
25.108333333333334,932.302972083848,509.77495313989186,3.2261465767712116,1,6,6,0
25.116666666666667,932.4294200175896,509.49291319392887,3.227057405791398,1,6,6,0
25.125,931.8847899587761,509.59633843286326,3.204370116441773,1,6,6,0
25.133333333333333,931.1985032052994,509.1590404021984,3.2304804488068433,1,6,6,0
25.141666666666666,930.1765419365397,508.77369318517407,3.205082343904222,1,6,6,0
25.15,930.0729862279175,509.3716334317793,3.22383559025315,1,6,6,0
25.158333333333335,929.31091473561,509.67493201089655,3.244278067391676,1,6,6,0
25.166666666666668,929.6046302303505,509.93842095937435,3.226314671188964,1,6,6,0
25.175,929.3012976486613,509.9381885920076,3.214201219037747,1,6,6,0
25.183333333333334,930.1329630879505,509.91837142974794,3.214783676767392,1,6,6,0
25.191666666666666,931.0102726271462,509.2210952938358,3.2095064996449043,1,6,6,0
25.2,931.1155753868493,508.76669728863493,3.220931671813029,1,6,6,0
25.208333333333332,930.9814813499812,508.2510262014148,3.218143471655638,1,6,6,0
25.216666666666665,931.0293755360651,508.8034466969494,3.257393171926672,1,6,6,0
25.225,931.4338218655002,509.45571308994795,3.2307629916005056,1,6,6,0
25.233333333333334,930.8422505499891,510.25683004416743,3.219382111421416,1,6,6,0
25.241666666666667,930.8664434547478,509.79284366805615,3.265004886286172,1,6,6,0
25.25,930.7810082623565,510.0042848034242,3.2058406420599437,1,6,6,0
25.258333333333333,930.2390470410112,509.88821636896904,3.235178018039349,1,6,6,0
25.266666666666666,930.4369424427573,509.9072521180532,3.2781985634939246,1,6,6,0
25.275,929.6979270011807,509.71243239480947,3.217901021641863,1,6,6,0
25.283333333333335,929.7363621927725,509.1307378259033,3.245466243139107,1,6,6,0
25.291666666666668,929.0753291462054,509.93990865850856,3.241987755516351,1,6,6,0
25.3,929.3772458746553,509.9653917838494,3.2370376085119887,1,6,6,0
25.308333333333334,929.2821448717992,509.81715584475063,3.250925754881241,1,6,6,0
25.316666666666666,929.9199183133613,510.04736976651697,3.2541178883927584,1,6,6,0
25.325,929.6513044229696,508.94191807537527,3.249559560009499,1,6,6,0
25.333333333333332,929.805945866295,508.3414530934028,3.244096086601274,1,6,6,0
25.341666666666665,929.5048068450039,508.55038751418186,3.233699146042281,1,6,6,0
25.35,929.4575795703588,509.3996427800153,3.2387602579100947,1,6,6,0
25.358333333333334,929.5577999301577,509.41176149340623,3.229996432439237,1,6,6,0
25.366666666666667,929.6757087967044,509.2157813322604,3.2418002177333602,1,6,6,0
25.375,929.8824806588577,509.27969175286296,3.2447080801690604,1,6,6,0
25.383333333333333,929.8444651862393,509.766405324002,3.2511822797749783,1,6,6,0
25.391666666666666,929.3200944580334,509.6731539902698,3.2736799311561096,1,6,6,0
25.4,929.4257756974777,509.9266740227845,3.2597003296743483,1,6,6,0
25.408333333333335,928.891335531269,509.6122260240096,3.26597358916472,1,6,6,0
25.416666666666668,928.462309289967,508.9978225485912,3.2191813036725265,1,6,6,0
25.425,929.557323999171,508.5911487711212,3.2474257102203894,1,6,6,0
25.433333333333334,930.024773897672,508.9522551912269,3.2554318589033286,1,6,6,0
25.441666666666666,930.2019027851762,509.9141314380983,3.2795925547278606,1,6,6,0
25.45,930.5036020999228,510.42846045587504,3.226560412560799,1,6,6,0
25.458333333333332,930.8512328882617,510.41935046914693,3.216253823848499,1,6,6,0
25.466666666666665,930.9105277696124,511.2350093908821,3.241698973593074,1,6,6,0
25.475,930.5803378016302,510.6551293184939,3.1862001669599653,1,6,6,0
25.483333333333334,929.9690762494132,510.6849050877257,3.23691333117794,1,6,6,0
25.491666666666667,930.1358822494467,509.84518352356145,3.2883362325784105,1,6,6,0
25.5,929.5263376967187,509.8635123316618,3.268182989748052,1,6,6,0
25.508333333333333,929.515127451095,510.5078597991785,3.2827991579313878,1,6,6,0
25.516666666666666,929.544636828934,511.0837632143131,3.254752710139303,1,6,6,0
25.525,928.9933303237808,511.9175838016289,3.2792209943788118,1,6,6,0
25.533333333333335,929.5798954366821,511.35991260780713,3.25747499187568,1,6,6,0
25.541666666666668,930.2394683326769,511.50582197703005,3.254509003893809,1,6,6,0
25.55,929.8212210223045,511.63129274866856,3.257461473656168,1,6,6,0
25.558333333333334,930.1110283016595,512.1348858911239,3.294122027251192,1,6,6,0
25.566666666666666,930.4633573229092,512.1257024891008,3.2391840123445323,1,6,6,0
25.575,930.5010686421141,511.1249994946525,3.2559968172614386,1,6,6,0
25.583333333333332,930.9202486850463,511.33169987692827,3.266290746267142,1,6,6,0
25.591666666666665,930.713692757855,511.3983566191611,3.2376985204371755,1,6,6,0
25.6,929.489023688586,511.65539298452217,3.2894392176140412,1,6,6,0
25.608333333333334,930.207977628189,511.10003371040864,3.280734160711275,1,6,6,0
25.616666666666667,929.9908538658894,510.84035604232923,3.257165500845428,1,6,6,0
25.625,929.659705354116,510.2108001170773,3.258861893593183,1,6,6,0
25.633333333333333,928.9658823158456,510.1191237822882,3.286014340777991,1,6,6,0
25.641666666666666,929.3663056348432,509.68327404477856,3.315527305310967,1,6,6,0
25.65,930.427405514878,510.18677570587613,3.263837078732727,1,6,6,0
25.658333333333335,930.0905552921539,510.1234836905699,3.27385374643609,1,6,6,0
25.666666666666668,929.6717207186122,510.05256010499374,3.246651084853731,1,6,6,0
25.675,929.0815124869905,510.6793406241604,3.2226401154947886,1,6,6,0
25.683333333333334,928.3880278706558,511.02741506376697,3.2634812765212606,1,6,6,0
25.691666666666666,928.5620142687548,510.91929507928,3.2987067959479592,1,6,6,0
25.7,928.8068264543525,511.149272530644,3.300182346295302,1,6,6,0
25.708333333333332,928.6386714414499,511.9769851268052,3.2697411157581926,1,6,6,0
25.716666666666665,928.1844648529094,512.4488814612885,3.2574648376735866,1,6,6,0
25.725,927.9277411163511,512.9893201976671,3.257928536099798,1,6,6,0
25.733333333333334,927.9133139863784,513.0649453039662,3.2874136180508815,1,6,6,0
25.741666666666667,926.8101709608742,513.7341067545079,3.2817734121728823,1,6,6,0
25.75,927.6092585338018,513.478092932087,3.2870035302434744,1,6,6,0
25.758333333333333,927.6002804825849,514.6331623681682,3.2599886958293287,1,6,6,0
25.766666666666666,926.9224744461061,514.3519677466693,3.2751247811379702,1,6,6,0
25.775,926.4079852546049,514.4826787742393,3.2966109547296165,1,6,6,0
25.783333333333335,926.3554418222576,514.6482134566776,3.281298610242464,1,6,6,0
25.791666666666668,925.823763559783,514.6166289131124,3.2776460616284977,1,6,6,0
25.8,926.590193718308,514.8410808069448,3.3248553368228295,1,6,6,0
25.808333333333334,926.4058542885867,514.5971244589891,3.2990567507946085,1,6,6,0
25.816666666666666,926.2957076687896,515.2819468963332,3.292006218933454,1,6,6,0
25.825,925.5781398905414,515.2437722568859,3.271407917927408,1,6,6,0
25.833333333333332,924.8493427100263,515.2723793299152,3.2697010853637636,1,6,6,0
25.841666666666665,924.7334778807394,515.1161513961835,3.2784625964650993,1,6,6,0
25.85,924.2483235580647,516.0966946880983,3.262475459860076,1,6,6,0
25.858333333333334,924.7847757786851,515.5060954623242,3.2911134355718024,1,6,6,0
25.866666666666667,925.1594100336483,515.3675787899051,3.28146032032896,1,6,6,0
25.875,925.0844250138136,515.8832252270342,3.2757902525247777,1,6,6,0
25.883333333333333,924.7895234022322,515.6338503411769,3.277363045309907,1,6,6,0
25.891666666666666,924.4640492795432,515.6597009123368,3.2901725168673575,1,6,6,0
25.9,924.8666038806209,516.0204378489852,3.258600285929259,1,6,6,0
25.908333333333335,924.3673824366989,515.9108482477658,3.2884462354775312,1,6,6,0
25.916666666666668,924.0043224095718,515.9634304428182,3.305407362555611,1,6,6,0
25.925,923.83994940558,516.5224029988683,3.313898119424009,1,6,6,0
25.933333333333334,923.3556197097679,515.496944939194,3.2664799194645426,1,6,6,0
25.941666666666666,923.073477282505,515.9621409685495,3.2602919589324917,1,6,6,0
25.95,923.677194033076,515.7183307726215,3.310107623201413,1,6,6,0
25.958333333333332,923.3675219649818,515.8421785253748,3.3068740037615885,1,6,6,0
25.966666666666665,923.0267680104507,516.0672471987046,3.2848950184223096,1,6,6,0
25.975,922.601803038466,516.4592433885688,3.3225649683992766,1,6,6,0
25.983333333333334,922.4505800129767,517.1035179528375,3.284900249706216,1,6,6,0
25.991666666666667,922.815445238116,516.9094871987683,3.2940061029462493,1,6,6,0
26.0,922.8723649250053,516.166766110428,3.2845345017421703,1,6,6,0
26.008333333333333,922.1490690599358,515.7430774282392,3.294621896961205,1,6,6,0
26.016666666666666,922.2606283766064,516.2137247242493,3.2910762496902572,1,6,6,0
26.025,922.5358872037476,515.7928399031398,3.329375365582422,1,6,6,0
26.033333333333335,922.1930140840559,515.6655678838159,3.3034148577670996,1,6,6,0
26.041666666666668,921.5531005853632,514.8848436555506,3.3224213737132944,1,6,6,0
26.05,922.4788681626,514.8783478240908,3.279736371639638,1,6,6,0
26.058333333333334,922.7237207798329,514.9174061937404,3.3061423213680214,1,6,6,0
26.066666666666666,922.3388730400702,515.4315548785614,3.2943968602462532,1,6,6,0
26.075,922.4311930346286,515.5526017824513,3.286108683863171,1,6,6,0
26.083333333333332,922.7642448228785,515.6907506540886,3.3402892438920526,1,6,6,0
26.091666666666665,922.1535549302553,516.1153259316951,3.3255647392598915,1,6,6,0
26.1,922.1606924601335,515.0272666935851,3.3260001646107185,1,6,6,0
26.108333333333334,922.9569683552869,514.8165685274512,3.3329247628023864,1,6,6,0
26.116666666666667,922.9815997683177,515.1903951415318,3.2927143772564182,1,6,6,0
26.125,922.9788763215402,515.3168656401236,3.3046463407432483,1,6,6,0
26.133333333333333,922.550465178526,515.4882588456192,3.3358512833437666,1,6,6,0
26.141666666666666,923.5638588646442,515.532095543443,3.3208200403247385,1,6,6,0
26.15,922.9446534150195,515.2310350556797,3.3265748420870853,1,6,6,0
26.158333333333335,923.0445365829618,515.2043359009255,3.3756768384897295,1,6,6,0
26.166666666666668,922.3155666261887,515.7462594220881,3.3153502272482274,1,6,6,0
26.175,923.574767639752,516.1098660195642,3.376617189612932,1,6,6,0
26.183333333333334,923.7089371446287,517.4370843777585,3.3540591786404286,1,6,6,0
26.191666666666666,923.5653890845583,516.5746970154973,3.350066792250975,1,6,6,0
26.2,923.6401820970015,517.5422812060244,3.308757838465001,1,6,6,0
26.208333333333332,923.3720516430503,517.5883509287529,3.3541803672520114,1,6,6,0
26.216666666666665,923.5385197236673,517.3045594976498,3.3548688711535823,1,6,6,0
26.225,923.5507535784457,517.3041429731389,3.362233039148824,1,6,6,0
26.233333333333334,923.9843132322745,516.8413854170134,3.323154758201086,1,6,6,0
26.241666666666667,924.3228578598822,517.0611019533312,3.3505436956148733,1,6,6,0
26.25,924.7329087171704,516.34941008794,3.3418938880134865,1,6,6,0
26.258333333333333,924.5133696263507,516.8608394798512,3.302630885657606,1,6,6,0
26.266666666666666,923.8249168101827,517.1748161663631,3.360847314738048,1,6,6,0
26.275,923.7727817072213,517.1508898600777,3.354834627825758,1,6,6,0
26.283333333333335,923.8928338958078,516.8401435766325,3.3166853261345177,1,6,6,0
26.291666666666668,923.686122459419,517.4220175645354,3.357094748218953,1,6,6,0
26.3,923.0403346292071,517.495555144195,3.3387485063603,1,6,6,0
26.308333333333334,922.7300131385028,518.1976254483944,3.3709101718544425,1,6,6,0
26.316666666666666,923.4511614960356,519.2783840875775,3.3430891430229837,1,6,6,0
26.325,924.4803998141143,519.4304774614719,3.351533841205036,1,6,6,0
26.333333333333332,925.0483776138942,519.7502249896844,3.3473458304828325,1,6,6,0
26.341666666666665,924.7723842834872,519.8164163838587,3.3575550718390166,1,6,6,0
26.35,924.9012068175257,520.0143099517176,3.377454392333042,1,6,6,0
26.358333333333334,924.5222876188461,520.9931340919383,3.3404461371282936,1,6,6,0
26.366666666666667,924.7877004518468,520.5369221594982,3.380233169540884,1,6,6,0
26.375,924.1745356339347,521.0881810460355,3.338594512645191,1,6,6,0
26.383333333333333,925.0081119811539,520.6244882571185,3.354085059952607,1,6,6,0
26.391666666666666,924.4279235898963,520.7338938599718,3.336168155362686,1,6,6,0
26.4,923.9437982917113,522.0547222680184,3.340985516016335,1,6,6,0
26.408333333333335,923.2013621977626,522.4549371981384,3.3585508051090605,1,6,6,0
26.416666666666668,922.4152780095561,521.9473039082932,3.345306858538464,1,6,6,0
26.425,922.5948103666905,522.3746517306412,3.3232856446485664,1,6,6,0
26.433333333333334,922.2015179093221,521.8198243625617,3.344181966926411,1,6,6,0
26.441666666666666,922.8409082604279,521.3725308839163,3.3093786621594767,1,6,6,0
26.45,922.7927921322885,520.726053957012,3.3138165819399963,1,6,6,0
26.458333333333332,923.9343898869056,519.7083210203759,3.3129342487507647,1,6,6,0
26.466666666666665,922.5451237009391,519.7738633738284,3.339564038960919,1,6,6,0
26.475,922.2261185747878,519.2135445685211,3.272743624956897,1,6,6,0
26.483333333333334,920.8484124325024,519.1873923612353,3.2896480422005685,1,6,6,0
26.491666666666667,920.9597675207591,518.7181032366818,3.284246695989017,1,6,6,0
26.5,920.6649993089662,518.8182024867178,3.288048189337846,1,6,6,0
26.508333333333333,921.3535410549065,518.8342139751942,3.3175380294585866,1,6,6,0
26.516666666666666,921.8627558753961,518.5972258991237,3.2930247518314393,1,6,6,0
26.525,922.4163811463002,518.2558289356242,3.3326706369301027,1,6,6,0
26.533333333333335,922.316735217326,518.7215023518758,3.2978048140881806,1,6,6,0
26.541666666666668,921.6837505859919,518.9123114079576,3.3198292623153307,1,6,6,0
26.55,921.4971546320372,518.8380660477005,3.2851766757174503,1,6,6,0
26.558333333333334,921.2719235802754,517.6149968029331,3.270228165324264,1,6,6,0
26.566666666666666,921.5339069055544,517.609537188081,3.304509785306414,1,6,6,0
26.575,921.6583518440839,518.2789454887568,3.2704310974738573,1,6,6,0
26.583333333333332,922.5003048348063,518.8011761329932,3.284287900647066,1,6,6,0
26.591666666666665,922.6733025229962,519.5390409526598,3.278085575463422,1,6,6,0
26.6,922.7638497624185,519.6787961964264,3.2593451366304373,1,6,6,0
26.608333333333334,922.1330690160353,519.031254461317,3.330482069399376,1,6,6,0
26.616666666666667,921.6879973077952,519.370850468178,3.312615056406771,1,6,6,0
26.625,921.2489181586469,519.8778410933962,3.2771828939517857,1,6,6,0
26.633333333333333,920.7294293078924,519.8485097460812,3.2864824801829737,1,6,6,0
26.641666666666666,920.4401761207899,520.5092942972108,3.288014501715484,1,6,6,0
26.65,919.8912955095184,520.353825349377,3.2665655031227305,1,6,6,0
26.658333333333335,919.4631400867155,519.8175386277273,3.2558094279258474,1,6,6,0
26.666666666666668,919.946058465035,519.6346481364808,3.302284106358456,1,6,6,0
26.675,920.4279600485537,520.5201561981272,3.2929374135164196,1,6,6,0
26.683333333333334,920.5901503897583,519.9886505259218,3.303303013487381,1,6,6,0
26.691666666666666,920.3807486431201,520.9686375956159,3.2849741452487877,1,6,6,0
26.7,920.0688428319122,521.2824531914082,3.252899541358765,1,6,6,0
26.708333333333332,920.3204154110875,521.7341454438048,3.270235293604039,1,6,6,0
26.716666666666665,920.1349588444244,522.3605037379443,3.278043872651158,1,6,6,0
26.725,919.6337514209746,521.6365146552254,3.278395209472911,1,6,6,0
26.733333333333334,919.8883068101333,522.3744910477793,3.278459941585955,1,6,6,0
26.741666666666667,920.209942472966,522.3663010014537,3.2898898961652976,1,6,6,0
26.75,921.1793629099946,523.1696693267851,3.2792392154399916,1,6,6,0
26.758333333333333,921.0740952303802,523.3292575278857,3.2912343988634944,1,6,6,0
26.766666666666666,921.0013245478908,523.5025952879126,3.2503690580991798,1,6,6,0
26.775,920.5782857378757,523.6037908254003,3.290587245258231,1,6,6,0
26.783333333333335,920.1070709007889,524.3990366006541,3.2706606735699686,1,6,6,0
26.791666666666668,920.6177379064558,525.1213628548896,3.269492984735405,1,6,6,0
26.8,920.4838194395688,526.035511519079,3.2598509140057015,1,6,6,0
26.808333333333334,920.6500008073338,526.1711176299482,3.286505050562535,1,6,6,0
26.816666666666666,921.8706879242166,526.7939221751238,3.2687485596889547,1,6,6,0
26.825,921.5935623345233,526.8885444526148,3.2786751464838564,1,6,6,0
26.833333333333332,921.0766715831156,527.2386153339648,3.2499371272533413,1,6,6,0
26.841666666666665,920.7359322215336,527.1276609991268,3.2708562504557714,1,6,6,0
26.85,920.6628421572689,527.8765555285541,3.2757728599641975,1,6,6,0
26.858333333333334,921.257456662275,527.5267650206741,3.238566202871099,1,6,6,0
26.866666666666667,921.3885093936437,527.9656021314346,3.2781908745554578,1,6,6,0
26.875,921.4019262378,529.3113228557227,3.2579563336752817,1,6,6,0
26.883333333333333,921.9664618539133,529.0081931100646,3.2623385398963167,1,6,6,0
26.891666666666666,921.6531467641257,528.4987315500607,3.2816120642563935,1,6,6,0
26.9,921.6523870825516,528.2215985698739,3.261678476070664,1,6,6,0
26.908333333333335,922.0668200263631,528.430265898279,3.234288130688931,1,6,6,0
26.916666666666668,921.8271956009645,528.3695603345844,3.2129169881535034,1,6,6,0
26.925,921.6894274532265,528.6924003987253,3.2781177996535553,1,6,6,0
26.933333333333334,921.1133474646003,528.7626271023321,3.284879410497129,1,6,6,0
26.941666666666666,921.2447599053608,528.822063576075,3.260546821114197,1,6,6,0
26.95,921.7857002915259,528.2670806448164,3.218665811691894,1,6,6,0
26.958333333333332,921.8661078024617,527.907371129303,3.257185328232634,1,6,6,0
26.966666666666665,922.7449700195493,527.5903298642021,3.2440425122312044,1,6,6,0
26.975,923.5015170674579,527.7395073686605,3.252874329564499,1,6,6,0
26.983333333333334,923.6334737751748,528.4684263981875,3.2542419805649434,1,6,6,0
26.991666666666667,924.4804518098072,528.8981632788257,3.274817917233452,1,6,6,0
27.0,924.2334267933958,528.6378122445512,3.230542870787296,1,6,6,0
27.008333333333333,924.1778963072528,528.3128869642344,3.25601214950858,1,6,6,0
27.016666666666666,923.9455216538919,527.7446967234024,3.2810088136893576,1,6,6,0
27.025,924.3931879070966,528.2508003591491,3.210627589118917,1,6,6,0
27.033333333333335,924.3958127290696,527.7443017627384,3.283141606844009,1,6,6,0
27.041666666666668,925.2342820318286,528.7111406295177,3.243224422453975,1,6,6,0
27.05,925.4525277941808,528.1938430115569,3.263668884310902,1,6,6,0
27.058333333333334,925.8490186310067,527.8520172269666,3.2390897808810513,1,6,6,0
27.066666666666666,925.6442901064735,528.1357594165811,3.229635719667767,1,6,6,0
27.075,925.0521930392225,527.976216651138,3.2281265604151903,1,6,6,0
27.083333333333332,924.850072582597,527.3627998376908,3.198468140293103,1,6,6,0
27.091666666666665,925.5721362196874,527.8847693412097,3.2179929913822134,1,6,6,0
27.1,924.9023202050719,528.3546449546217,3.2621524594444224,1,6,6,0
27.108333333333334,924.7241820000984,528.3684866794737,3.242392347977996,1,6,6,0
27.116666666666667,924.9221289950133,528.0623907878953,3.2679383723267894,1,6,6,0
27.125,924.3242211864912,527.9347589687709,3.291647325241871,1,6,6,0
27.133333333333333,924.743306891032,527.4704383953832,3.2601177635905776,1,6,6,0
27.141666666666666,924.8325383520079,527.2625880907018,3.2404631015429657,1,6,6,0
27.15,923.7325240509434,527.2750852085167,3.2664448861850457,1,6,6,0
27.158333333333335,923.9107488083897,526.7726663483651,3.2389577099148625,1,6,6,0
27.166666666666668,924.0564869730708,526.2742656873279,3.228736774736417,1,6,6,0
27.175,923.3326904162067,526.4408817043915,3.262216826503594,1,6,6,0
27.183333333333334,922.8920219695741,526.6569185043164,3.234224667870402,1,6,6,0
27.191666666666666,922.6132241632583,526.3462360567275,3.232660421076541,1,6,6,0
27.2,922.1614555517612,525.5238808864831,3.2301928969083193,1,6,6,0
27.208333333333332,922.7578341095175,524.813705849236,3.246240941445781,1,6,6,0
27.216666666666665,921.9864505065939,525.1184836871611,3.22349617967245,1,6,6,0
27.225,922.4248423263459,526.0060227339562,3.2292247527603877,1,6,6,0
27.233333333333334,921.9483693107703,525.8440804225743,3.230171274271734,1,6,6,0
27.241666666666667,922.2055614298113,524.5914840693799,3.248596898921777,1,6,6,0
27.25,922.0090207512837,523.9478817837888,3.232603223810178,1,6,6,0
27.258333333333333,922.0510803817363,523.4773871080563,3.2522642053789017,1,6,6,0
27.266666666666666,921.9986402009241,522.7900950731987,3.203022174677301,1,6,6,0
27.275,922.3990525219323,522.8661696912999,3.203431290681255,1,6,6,0
27.283333333333335,922.9858865834024,522.9475945617977,3.2201680292025263,1,6,6,0
27.291666666666668,922.6038575831608,523.3580617993499,3.2067251153466008,1,6,6,0
27.3,923.6387519526148,522.2843401721462,3.19562330150221,1,6,6,0
27.308333333333334,923.7382121493928,522.8546968427067,3.240663723538055,1,6,6,0
27.316666666666666,924.3392754772151,523.1641359122992,3.1788668370305975,1,6,6,0
27.325,923.8181499377474,523.08651711236,3.2466575431980242,1,6,6,0
27.333333333333332,924.681024923655,522.9176836370447,3.2077889740541936,1,6,6,0
27.341666666666665,924.0017820123899,523.3453138155844,3.230418355845587,1,6,6,0
27.35,923.0781301633577,522.6393871184716,3.2502720511129763,1,6,6,0
27.358333333333334,923.580228930553,523.3540091660242,3.2078418470343646,1,6,6,0
27.366666666666667,924.224825606247,522.6691967680222,3.199973279721107,1,6,6,0
27.375,923.6988260009379,522.1372988080602,3.2193485120937555,1,6,6,0
27.383333333333333,924.5802423226573,521.9746392218804,3.190820949196308,1,6,6,0
27.391666666666666,925.0297867122559,521.7717773875282,3.19036285203049,1,6,6,0
27.4,925.5833156760044,522.1030548927168,3.1801765706984693,1,6,6,0
27.408333333333335,925.5442815417874,522.1318278979712,3.222956824651325,1,6,6,0
27.416666666666668,925.9668083200557,521.6912717338256,3.2097108810930646,1,6,6,0
27.425,926.261341294345,521.4192196677834,3.1889496156654076,1,6,6,0
27.433333333333334,926.2634811768716,521.5224121707047,3.2105022667749066,1,6,6,0
27.441666666666666,926.4589160793006,521.2378271943337,3.2030698036115517,1,6,6,0
27.45,926.2967209891125,521.9536349324627,3.1913320183582385,1,6,6,0
27.458333333333332,926.0516020998325,521.8052346654983,3.213050322139992,1,6,6,0
27.466666666666665,925.999271211209,521.6265241199592,3.2025848063562004,1,6,6,0
27.475,926.0774298178976,521.2736642207979,3.2098076244354643,1,6,6,0
27.483333333333334,926.4603038018703,520.9741297420929,3.2180900865643802,1,6,6,0
27.491666666666667,926.1352057107758,520.3642424186884,3.2172173026010054,1,6,6,0
27.5,925.3398365362689,520.269150123958,3.168887388637491,1,6,6,0
27.508333333333333,925.622680234473,520.5008043745328,3.1920553678465367,1,6,6,0
27.516666666666666,924.9350111155535,520.3295358223935,3.210545324494149,1,6,6,0
27.525,925.0412456791429,519.4636854229586,3.1914500736830718,1,6,6,0
27.533333333333335,925.2255155415994,519.6541116939386,3.2094873841144023,1,6,6,0
27.541666666666668,925.4795080744566,519.6717292948802,3.2075216850603607,1,6,6,0
27.55,924.7109447693797,519.3023884204754,3.236557240548389,1,6,6,0
27.558333333333334,924.6432468812011,518.4590120644363,3.19912055873936,1,6,6,0
27.566666666666666,924.1557254129427,518.7933295377754,3.176016180982659,1,6,6,0
27.575,924.9137771202777,519.4027816883114,3.1921697563964244,1,6,6,0
27.583333333333332,924.8891539921415,519.2715400946447,3.156845548798616,1,6,6,0
27.591666666666665,925.5854527762511,518.7204525481546,3.1900918151630933,1,6,6,0
27.6,925.8952248261116,518.6772571531478,3.205167960146344,1,6,6,0
27.608333333333334,926.5444462816165,518.6657371704705,3.167101201276416,1,6,6,0
27.616666666666667,926.5387488809961,518.5891898125574,3.211264703413594,1,6,6,0
27.625,925.7695445115028,519.3617410461657,3.168597832394967,1,6,6,0
27.633333333333333,925.951280557236,519.3545305397614,3.217777565180994,1,6,6,0
27.641666666666666,925.6507625750664,519.2479353696391,3.178429819833727,1,6,6,0
27.65,926.5513627972462,518.8443682497959,3.1755038014385546,1,6,6,0
27.658333333333335,927.3081064534485,517.5896459926586,3.1719851415444325,1,6,6,0
27.666666666666668,926.7331967282615,517.2516152783255,3.174245213829539,1,6,6,0
27.675,926.4027115536013,516.7140982506049,3.185932973874125,1,6,6,0
27.683333333333334,926.8357461170056,516.8710635382886,3.1938021485176216,1,6,6,0
27.691666666666666,927.0011272293251,517.1927118349344,3.155136717106473,1,6,6,0
27.7,926.6857235202588,516.7218876129277,3.1404700399520338,1,6,6,0
27.708333333333332,926.9407363643662,516.8472550356189,3.1881730691693684,1,6,6,0
27.716666666666665,927.3435789867623,517.6600944804836,3.1781358474594494,1,6,6,0
27.725,926.9125130792628,517.7208305959774,3.15387630471481,1,6,6,0
27.733333333333334,926.5058565703829,517.698483052955,3.1700911079853324,1,6,6,0
27.741666666666667,926.4910278154239,519.3692639717074,3.171998540906914,1,6,6,0
27.75,926.3398524864133,519.8747364713015,3.1807059671298923,1,6,6,0
27.758333333333333,926.6552065608678,520.6964382025952,3.1556047958398232,1,6,6,0
27.766666666666666,926.0705752799812,520.506897013725,3.139573786871127,1,6,6,0
27.775,925.1088053670046,520.5490627711279,3.1594003036641687,1,6,6,0
27.783333333333335,925.6468261528196,521.1628518620239,3.1787006039018206,1,6,6,0
27.791666666666668,924.9372410933091,521.5080695833302,3.179993209881725,1,6,6,0
27.8,924.4399067036743,522.0035683229279,3.186869547663477,1,6,6,0
27.808333333333334,924.8117835375829,521.7063270674302,3.1722161272806844,1,6,6,0
27.816666666666666,924.0096409452216,522.5994501311139,3.1770687255601358,1,6,6,0
27.825,923.4260052758701,522.9512772890997,3.1835500781348376,1,6,6,0
27.833333333333332,923.4331571328721,523.6585425234474,3.150375690455476,1,6,6,0
27.841666666666665,923.7180246903971,523.773025514681,3.19888172178749,1,6,6,0
27.85,923.1452739776025,523.8427966842723,3.1719059409885686,1,6,6,0
27.858333333333334,923.2142232628318,523.8936530489824,3.1848064168207753,1,6,6,0
27.866666666666667,923.0940177304991,524.0065934282871,3.148665877278512,1,6,6,0
27.875,922.8803812865298,524.9474457046277,3.193481900873204,1,6,6,0
27.883333333333333,922.1150983262231,525.2240532317805,3.1796525572590113,1,6,6,0
27.891666666666666,922.2130114791943,524.8590357659883,3.136386274701803,1,6,6,0
27.9,921.7929555607973,524.9337887881627,3.1772158142514644,1,6,6,0
27.908333333333335,921.9485068861442,524.4044019987157,3.15024186894954,1,6,6,0
27.916666666666668,922.3041163990092,524.8794521704971,3.175491168315098,1,6,6,0
27.925,922.3605026114421,525.4546980150528,3.1401164077514574,1,6,6,0
27.933333333333334,922.834598303337,525.1514806874308,3.1198065737976215,1,6,6,0
27.941666666666666,922.3419687939846,525.1958876173034,3.142019740168059,1,6,6,0
27.95,921.8503881668227,524.6112885772459,3.1104226620318007,1,6,6,0
27.958333333333332,922.0937416312549,524.7118399024823,3.154559349401196,1,6,6,0
27.966666666666665,921.1889433984911,524.3437872571636,3.1366126908884726,1,6,6,0
27.975,920.7991876301567,523.5139761713267,3.1300956273671545,1,6,6,0
27.983333333333334,921.7340289369799,521.8532539542354,3.1485904357038517,1,6,6,0
27.991666666666667,922.4158229791697,521.6233279310815,3.1091741296163637,1,6,6,0
28.0,922.0100417730312,521.5572603858756,3.143921843425351,1,6,6,0
28.008333333333333,922.6272912402512,521.4229767287006,3.128449912366225,1,6,6,0
28.016666666666666,923.033027777413,521.600770103467,3.1507946020892117,1,6,6,0
28.025,921.9815943130756,521.4382231043821,3.1444454007275957,1,6,6,0
28.033333333333335,921.9684716170549,521.7071015236936,3.139674697429416,1,6,6,0
28.041666666666668,921.0588223467244,522.4313964931974,3.1554996974696747,1,6,6,0
28.05,920.4564323771872,522.832172453627,3.1140039178084424,1,6,6,0
28.058333333333334,920.7289731840939,522.6413240406025,3.2017614525859894,1,6,6,0
28.066666666666666,920.5381786176107,522.4586109872837,3.1183564027159143,1,6,6,0
28.075,920.5093668034793,522.9421138176766,3.130659069599103,1,6,6,0
28.083333333333332,920.7931137643216,522.8088306534679,3.154554727188873,1,6,6,0
28.091666666666665,920.400190224631,523.6040221918208,3.121144664163937,1,6,6,0
28.1,920.7966271446201,523.4273283275995,3.148923547653823,1,6,6,0
28.108333333333334,920.8722380478938,524.0879420633503,3.1405557862430307,1,6,6,0
28.116666666666667,921.2003391263602,525.0979525549347,3.121036895214918,1,6,6,0
28.125,920.8715450821995,525.0485199487744,3.113755367926268,1,6,6,0
28.133333333333333,920.7869787549329,525.6816292710649,3.0650671872614432,1,6,6,0
28.141666666666666,921.5403836594887,525.4374446109729,3.1249004210784648,1,6,6,0
28.15,921.0668593987135,525.058365267356,3.1034548275674947,1,6,6,0
28.158333333333335,921.3824143389256,524.681438402127,3.1193021711919817,1,6,6,0
28.166666666666668,920.6868139411406,524.7008603065323,3.1402312320251973,1,6,6,0
28.175,920.7127756007147,524.610502284173,3.134768033376851,1,6,6,0
28.183333333333334,920.1649842164304,524.952520653918,3.1356262457594353,1,6,6,0
28.191666666666666,920.1805945291462,524.5945848546122,3.12956693254832,1,6,6,0
28.2,920.6226762628866,524.8154087323592,3.1163627512562515,1,6,6,0
28.208333333333332,920.4283789186845,524.7832196008638,3.133836617755464,1,6,6,0
28.216666666666665,921.1680632581739,524.9674689955378,3.1061129943593815,1,6,6,0
28.225,920.6545519884822,525.0485338323276,3.082814877001018,1,6,6,0
28.233333333333334,920.7692328041538,524.9277816729202,3.1157034433709168,1,6,6,0
28.241666666666667,921.6356097791385,525.0648204236055,3.090776958301598,1,6,6,0
28.25,921.1995353538779,525.2548799704018,3.117353139478637,1,6,6,0
28.258333333333333,921.2499801702523,525.0064620972834,3.0961432104712716,1,6,6,0
28.266666666666666,921.1733657629401,524.025375261673,3.0919057046493377,1,6,6,0
28.275,921.3411696376256,523.6886919173669,3.1055009160945044,1,6,6,0
28.283333333333335,921.4964371876605,523.386037482755,3.1176389176452464,1,6,6,0
28.291666666666668,921.7685566570508,522.5742901450018,3.1191318608861236,1,6,6,0
28.3,922.1298163798544,522.9567715290875,3.116221265950195,1,6,6,0
28.308333333333334,922.4940833877666,522.7709829990747,3.129458832777174,1,6,6,0
28.316666666666666,922.6348874149401,523.1742104840988,3.1336747079018807,1,6,6,0
28.325,922.3484938917954,523.2908429176479,3.0904338316099884,1,6,6,0
28.333333333333332,922.4601252318024,523.1195474294419,3.1279696749982415,1,6,6,0
28.341666666666665,921.8650680862743,523.1435756367835,3.11705823220375,1,6,6,0
28.35,922.0920240690891,524.0895924590365,3.1310971532940526,1,6,6,0
28.358333333333334,921.4735912686675,523.6508640278817,3.117953657052815,1,6,6,0
28.366666666666667,921.4860069727539,522.9576361642523,3.0814282584139727,1,6,6,0
28.375,921.21021671455,523.4119443165299,3.121539626076062,1,6,6,0
28.383333333333333,920.6269321633043,523.2906606117541,3.12947847971091,1,6,6,0
28.391666666666666,920.0122745685933,523.4597681418988,3.10029998865628,1,6,6,0
28.4,919.8895887243061,523.8527492605496,3.1013834710211463,1,6,6,0
28.408333333333335,919.8905666640953,523.8758410062358,3.106519390181679,1,6,6,0
28.416666666666668,919.5781198807103,523.8120753471599,3.1077676702734545,1,6,6,0
28.425,919.6921813385371,523.7358831367803,3.0972534619788616,1,6,6,0
28.433333333333334,919.8443532546999,523.6390985287372,3.110733251570188,1,6,6,0
28.441666666666666,918.4771376488686,524.1470759786388,3.120742038157955,1,6,6,0
28.45,918.1544545840712,524.0902174299446,3.109190527782081,1,6,6,0
28.458333333333332,917.9895580062707,524.174194253021,3.1196942602972606,1,6,6,0
28.466666666666665,918.6764473953915,523.8756192613006,3.0857322402047638,1,6,6,0
28.475,918.0863771186438,524.1560206839733,3.1075522904674973,1,6,6,0
28.483333333333334,917.9354253716704,523.6395063478212,3.1151220998476647,1,6,6,0
28.491666666666667,918.0372938485294,523.6534247902329,3.1021440035803867,1,6,6,0
28.5,917.4598795677609,523.1195219702364,3.1071353543547637,1,6,6,0
28.508333333333333,917.8522407517856,523.7366258534873,3.1048990078260235,1,6,6,0
28.516666666666666,917.6526888948755,524.3265372285018,3.0871605938865945,1,6,6,0
28.525,917.2868081232294,524.1199498980828,3.1279672332506614,1,6,6,0
28.533333333333335,917.4728149045,523.7435731182959,3.0918401005171905,1,6,6,0
28.541666666666668,917.7494304150437,523.6940416532663,3.111119478070099,1,6,6,0
28.55,918.2362255912551,524.1081114011788,3.1104222512505126,1,6,6,0
28.558333333333334,919.104260403085,523.652771089155,3.1156938732786523,1,6,6,0
28.566666666666666,919.1963684291617,523.9670595363336,3.0917225434625997,1,6,6,0
28.575,919.2782466225643,523.5391604013814,3.123062922472145,1,6,6,0
28.583333333333332,918.5926370990051,523.12200830737,3.0670149052778295,1,6,6,0
28.591666666666665,918.9493738524717,522.8651788096003,3.0758909887164863,1,6,6,0
28.6,919.2833957432113,522.2900044574035,3.1416824423811813,1,6,6,0
28.608333333333334,918.1140621556389,521.9983737904669,3.0912837628632084,1,6,6,0
28.616666666666667,917.7499033582133,521.7400305184634,3.136109040167056,1,6,6,0
28.625,917.1269752926843,521.7729977947897,3.0933627866279902,1,6,6,0
28.633333333333333,916.6220093875222,521.5184582336591,3.1077690943057994,1,6,6,0
28.641666666666666,916.1103690120694,521.5862466407909,3.139354265475959,1,6,6,0
28.65,915.6616142694099,521.2728199058489,3.117363260142573,1,6,6,0
28.658333333333335,915.4360505716921,521.4727340165732,3.0508288313563914,1,6,6,0
28.666666666666668,915.3281753718582,522.6770709022577,3.118552891230341,1,6,6,0
28.675,915.0431955628809,522.603396569114,3.078098118248756,1,6,6,0
28.683333333333334,915.4001196251331,522.3315101327017,3.128502050661067,1,6,6,0
28.691666666666666,915.669540806502,522.5317584914845,3.0787568166828425,1,6,6,0
28.7,916.1404957684731,521.4779183051485,3.085976796015241,1,6,6,0
28.708333333333332,915.714556725177,521.3861541051366,3.1029409134590127,1,6,6,0
28.716666666666665,915.1985786485019,521.4938589627876,3.1388144473260735,1,6,6,0
28.725,915.6445238922928,522.581998843435,3.089235277854374,1,6,6,0
28.733333333333334,916.0099534559096,522.1099586944861,3.0634914280153196,1,6,6,0
28.741666666666667,915.751840009835,521.2314003629315,3.095081879565833,1,6,6,0
28.75,916.2201998898722,521.7868884552785,3.0922497590354285,1,6,6,0
28.758333333333333,916.5341461698213,522.012293570283,3.0943808036430362,1,6,6,0
28.766666666666666,916.5556979230505,521.145587366734,3.1058380824522125,1,6,6,0
28.775,916.0968710862364,521.034316719814,3.110647924543791,1,6,6,0
28.783333333333335,916.731985673043,520.0684609159721,3.1391505077655624,1,6,6,0
28.791666666666668,916.3471833096708,519.7067749613742,3.085292688880541,1,6,6,0
28.8,916.4215929358907,519.8350120664933,3.1183499506215373,1,6,6,0
28.808333333333334,916.7419066489882,520.3531622912566,3.10106072248828,1,6,6,0
28.816666666666666,1114.1137926717106,270.2399796657466,3.080006288921608,1,6,6,0
28.825,1113.6141584769903,270.41150028114197,3.093012805000393,1,6,6,0
28.833333333333332,916.9294056185176,521.2293764141035,3.116882225725588,1,6,6,0
28.841666666666665,917.3203649425402,521.5935273918409,3.0842469872705918,1,6,6,0
28.85,916.8047936986691,521.8154879370776,3.1242461972853293,1,6,6,0
28.858333333333334,917.0546443797107,521.6501591460192,3.0514235592916736,1,6,6,0
28.866666666666667,917.0572191654711,522.3068561603422,3.089731130825657,1,6,6,0
28.875,917.1428755077313,521.2231334852607,3.138480451630277,1,6,6,0
28.883333333333333,916.5566904830667,521.369617894581,3.1148136034426215,1,6,6,0
28.891666666666666,916.9419270441774,520.7711398490978,3.1079564134574444,1,6,6,0
28.9,917.8180968718168,521.0142714053115,3.1055272738776765,1,6,6,0
28.908333333333335,916.8618247213142,521.1592635280823,3.0922790216400755,1,6,6,0
28.916666666666668,917.6778251400413,521.1449928100211,3.124324317890817,1,6,6,0
28.925,917.5848972431985,521.3509107102375,3.0826401251561135,1,6,6,0
28.933333333333334,917.2320457811734,520.8751763512931,3.103856083434575,1,6,6,0
28.941666666666666,916.8895028950202,520.7280146810509,3.0897343797978722,1,6,6,0
28.95,917.4425201620493,520.7635552959315,3.0770566134462847,1,6,6,0
28.958333333333332,917.8649326092668,520.6894387695241,3.1192623598628564,1,6,6,0
28.966666666666665,918.4417828492763,520.5237385971868,3.0866544624061723,1,6,6,0
28.975,918.2979589160477,520.5073103184042,3.118354569903456,1,6,6,0
28.983333333333334,918.1762302552883,520.1302141473975,3.1221940572217686,1,6,6,0
28.991666666666667,917.0164631871922,520.5449648893424,3.09168136318248,1,6,6,0
29.0,916.9858618490242,520.545383097006,3.1061605328289237,1,6,6,0
29.008333333333333,917.1882372559965,520.4699267120561,3.112794357722054,1,6,6,0
29.016666666666666,916.9211860301457,519.5199140235779,3.1205154127779533,1,6,6,0
29.025,915.8512983476363,519.0152931971306,3.0679051995301574,1,6,6,0
29.033333333333335,915.4722625025533,519.3811714890205,3.09645558433283,1,6,6,0
29.041666666666668,916.225327509936,519.0776318823112,3.08356108074999,1,6,6,0
29.05,916.6482344249844,519.5160087341205,3.087887988214122,1,6,6,0
29.058333333333334,916.9344115100846,519.5622587161536,3.109600825052328,1,6,6,0
29.066666666666666,917.5199736767016,519.4489870463788,3.083844098413885,1,6,6,0
29.075,918.3280739877077,519.0925436313438,3.102992585329597,1,6,6,0
29.083333333333332,918.2764844819967,519.4553089935131,3.1337930148858,1,6,6,0
29.091666666666665,918.1896500871948,519.0666512562466,3.109646979099227,1,6,6,0
29.1,918.2629603238515,519.5537052507951,3.122617943834895,1,6,6,0
29.108333333333334,917.6074617991587,518.9201356505416,3.1272826547682153,1,6,6,0
29.116666666666667,916.9536203681062,518.7691452679989,3.0930104320139473,1,6,6,0
29.125,916.6752261861621,518.5530339450462,3.1023637735290843,1,6,6,0
29.133333333333333,916.7184016323118,518.7367726808733,3.1133782966264585,1,6,6,0
29.141666666666666,916.6467656173461,519.2704423761147,3.1321668356717596,1,6,6,0
29.15,916.1525850397326,519.936052838227,3.0807587363155835,1,6,6,0
29.158333333333335,916.203727402858,519.595466118977,3.102240034660761,1,6,6,0
29.166666666666668,915.9424499534449,518.815894241228,3.132145194070311,1,6,6,0
29.175,916.2980568312714,519.69786503977,3.117874305913747,1,6,6,0
29.183333333333334,915.5257631993957,519.6542010895026,3.101034123585496,1,6,6,0
29.191666666666666,914.4062564733695,520.0727897031272,3.1017592712443283,1,6,6,0
29.2,914.8516852543863,519.9865484093957,3.129816176907321,1,6,6,0
29.208333333333332,914.8067518523654,519.7512774732372,3.185003098290381,1,6,6,0
29.216666666666665,914.9201018050773,519.0867710748381,3.1109075791432113,1,6,6,0
29.225,913.9588724124211,519.8800861286447,3.126854892926423,1,6,6,0
29.233333333333334,913.4440060819738,519.3047777452374,3.0864999212470114,1,6,6,0
29.241666666666667,912.6174932989996,519.2742892663455,3.067618015766184,1,6,6,0
29.25,912.445602925251,519.6569895188106,3.098590520707766,1,6,6,0
29.258333333333333,912.6103242339792,519.681763937989,3.1273730330072067,1,6,6,0
29.266666666666666,912.8442579364525,519.1229044426499,3.0998627801153513,1,6,6,0
29.275,912.5290855439216,519.9384155635812,3.133118078908969,1,6,6,0
29.283333333333335,912.8251063099968,520.173945170696,3.112167545128508,1,6,6,0
29.291666666666668,912.4282314499718,520.4213069965231,3.175338927531562,1,6,6,0
29.3,912.69421890554,520.713403623488,3.122405786540304,1,6,6,0
29.308333333333334,913.3689823708963,521.605001282771,3.1152132175985474,1,6,6,0
29.316666666666666,914.2005133010204,521.992301702599,3.1240206697698487,1,6,6,0
29.325,913.3794912305508,522.4354072443361,3.1473747363131435,1,6,6,0
29.333333333333332,913.0252965175764,522.3661109500862,3.1114832784301383,1,6,6,0
29.341666666666665,912.6726567912115,523.2487937373834,3.1075890485554343,1,6,6,0
29.35,912.2022188993869,523.8178117179024,3.11643955513816,1,6,6,0
29.358333333333334,912.1469156615569,524.2636786207167,3.105574202110929,1,6,6,0
29.366666666666667,913.3353391889549,524.189725278409,3.1392826195932613,1,6,6,0
29.375,913.6010808547179,523.9471194710513,3.1047456295514984,1,6,6,0
29.383333333333333,913.1244991707707,524.1538639477629,3.131803361919329,1,6,6,0
29.391666666666666,913.677741315149,524.6014449636837,3.0919456879992806,1,6,6,0
29.4,913.5464338970002,524.464228767175,3.1379105734704593,1,6,6,0
29.408333333333335,913.1531249671818,524.5491351781615,3.140254421280682,1,6,6,0
29.416666666666668,911.9350521402902,525.0120287406762,3.107040694735609,1,6,6,0
29.425,912.4693472503952,524.8176296730971,3.1194791053730393,1,6,6,0
29.433333333333334,912.532756214901,524.4802026895134,3.173866697340738,1,6,6,0
29.441666666666666,912.6951844728613,523.9478666127851,3.13559977412966,1,6,6,0
29.45,912.9465929557475,523.5611077462517,3.1488947688281463,1,6,6,0
29.458333333333332,912.5520367099768,523.2218794510574,3.1314044164196972,1,6,6,0
29.466666666666665,913.1223454966646,523.7517155043594,3.1514612319045976,1,6,6,0
29.475,912.7776070967245,524.0543282207194,3.1260104925762855,1,6,6,0
29.483333333333334,913.8666626378409,523.7810401771013,3.1469602271217987,1,6,6,0
29.491666666666667,913.6167186642522,523.7115783644992,3.1673968571590914,1,6,6,0
29.5,913.6497321627072,524.0263771555306,3.121623840939626,1,6,6,0
29.508333333333333,913.0531853770365,524.1062088844536,3.1561528848476494,1,6,6,0
29.516666666666666,913.4776133716816,523.7829145964629,3.1681976777393333,1,6,6,0
29.525,913.7202914244338,523.5410698878486,3.1489769110078276,1,6,6,0
29.533333333333335,912.5770070605009,524.5366150014112,3.147463502055061,1,6,6,0
29.541666666666668,912.9539431038097,524.138600069977,3.137013564101883,1,6,6,0
29.55,913.8107407929305,524.5651549560882,3.152000452037904,1,6,6,0
29.558333333333334,913.8771499555398,525.4660016683955,3.125301212835744,1,6,6,0
29.566666666666666,913.7677956885979,525.2500154403828,3.1658438749259883,1,6,6,0
29.575,913.790043468395,525.569613827241,3.179707508885417,1,6,6,0
29.583333333333332,914.2746087085892,525.3766256072556,3.136101669738033,1,6,6,0
29.591666666666665,913.7236439729498,525.9008049905941,3.1677018125105896,1,6,6,0
29.6,914.3028743257004,525.9893328784855,3.1940364518397817,1,6,6,0
29.608333333333334,914.8345777398222,525.8056569152589,3.1698146223024075,1,6,6,0
29.616666666666667,914.5777774860596,526.5609662505716,3.1622358097650576,1,6,6,0
29.625,913.625089381823,527.0158192748406,3.111548511895694,1,6,6,0
29.633333333333333,913.7758805115739,526.962937481281,3.1547545974901703,1,6,6,0
29.641666666666666,913.0678609616715,527.4449331612341,3.1760581617226524,1,6,6,0
29.65,913.1182432638234,527.7133872396599,3.12483985619817,1,6,6,0
29.658333333333335,913.4828240934572,527.2761839285457,3.147984007168252,1,6,6,0
29.666666666666668,912.5972988491668,526.9631152290658,3.197538689501808,1,6,6,0
29.675,912.7193744413412,526.8844955928906,3.1514338035675618,1,6,6,0
29.683333333333334,912.900189869979,527.0820958761751,3.1838344633667233,1,6,6,0
29.691666666666666,913.3337923179225,526.7120278340143,3.1664381381649847,1,6,6,0
29.7,912.7820321016073,526.5346846204545,3.1643902023013224,1,6,6,0
29.708333333333332,912.2896204998802,526.494713448573,3.178009994325308,1,6,6,0
29.716666666666665,912.6445253350232,526.6561590358765,3.1706202951323017,1,6,6,0
29.725,651.7596686695815,247.5120265784363,3.1723353265044736,1,6,6,0
29.733333333333334,651.4599958379924,247.9831645174275,3.1650129942036727,1,6,6,0
29.741666666666667,912.5989343765259,527.9889250968407,3.160964172201843,1,6,6,0
29.75,913.5433593568557,528.0521055046828,3.118837086208434,1,6,6,0
29.758333333333333,912.903245254741,527.6843019035086,3.1544580581290793,1,6,6,0
29.766666666666666,912.7055449110997,527.4306123887725,3.1825364020451348,1,6,6,0
29.775,912.3661651506675,527.9174212607265,3.16219061471046,1,6,6,0
29.783333333333335,912.1892297914152,528.3366131398919,3.2065105389836774,1,6,6,0
29.791666666666668,911.9680487439235,528.3525568923186,3.1940010664616207,1,6,6,0
29.8,912.7007683815832,528.352940542327,3.178773751181067,1,6,6,0
29.808333333333334,912.5031240658762,527.6922485283574,3.1749421266580984,1,6,6,0
29.816666666666666,912.1557158513847,527.0215576147583,3.2050015261115106,1,6,6,0
29.825,912.1378548861463,527.1102317301096,3.1795724983163853,1,6,6,0
29.833333333333332,912.2159849590741,526.981405288556,3.184022377409982,1,6,6,0
29.841666666666665,912.1777694902462,527.3266147581295,3.1884133127478385,1,6,6,0
29.85,912.1875034387715,527.826087196039,3.1860303799016574,1,6,6,0
29.858333333333334,912.0381572009065,527.2631658548493,3.191720984790099,1,6,6,0
29.866666666666667,911.8646189428011,526.1621409861601,3.1673555314865554,1,6,6,0
29.875,911.5196151582319,525.878280288533,3.2302612552433914,1,6,6,0
29.883333333333333,911.1135741511636,526.684342749855,3.1923574377819857,1,6,6,0
29.891666666666666,910.3568030161778,527.5810218591286,3.1786989295807,1,6,6,0
29.9,910.0928457687635,526.854612034813,3.1994581441040304,1,6,6,0
29.908333333333335,910.4098769915348,527.3329907938617,3.1951273575598185,1,6,6,0
29.916666666666668,909.8775435351827,526.2896957157949,3.186597544194904,1,6,6,0
29.925,909.5831828163499,525.3983062735247,3.1926859815687667,1,6,6,0
29.933333333333334,909.4127010996652,525.3052768519264,3.1617934437311623,1,6,6,0
29.941666666666666,909.4989877571918,525.9133280826622,3.2093308634696616,1,6,6,0
29.95,909.0273050973657,526.0219912397683,3.189199994554566,1,6,6,0
29.958333333333332,908.9749317934718,525.5270245069065,3.20137374774565,1,6,6,0
29.966666666666665,908.4491629587512,525.9035127385997,3.2056610302019557,1,6,6,0
29.975,908.0194865984241,526.609696929945,3.177293428099453,1,6,6,0
29.983333333333334,907.5450757507499,526.4564308775861,3.2019162627852733,1,6,6,0
29.991666666666667,906.5560399344498,526.1534768160174,3.205430153962186,1,6,6,0
30.0,905.7129609965663,525.6144270860673,3.205574315038067,1,6,6,0
30.008333333333333,905.2148803580196,524.8429453036532,3.216528003186991,1,6,6,0
30.016666666666666,905.3162987949096,524.8091687568988,3.2062106995129493,1,6,6,0
30.025,906.0163274735811,524.6187635159126,3.2013939292376126,1,6,6,0
30.033333333333335,905.9744800747912,525.2160397447349,3.1795898195192867,1,6,6,0
30.041666666666668,905.9979364386425,525.6422693407386,3.2106741266189234,1,6,6,0
30.05,905.2032805600309,526.2044393547783,3.194647985998799,1,6,6,0
30.058333333333334,905.069605983352,526.4835791697772,3.245334301328321,1,6,6,0
30.066666666666666,904.2746978530173,526.1431511255978,3.2155651578925193,1,6,6,0
30.075,904.7366330997588,525.300547979586,3.185786998918063,1,6,6,0
30.083333333333332,904.4990308829226,525.608852246492,3.22428263991571,1,6,6,0
30.091666666666665,904.2298591612797,525.5877821090518,3.216424982620676,1,6,6,0
30.1,905.0551424467753,525.1658969339454,3.1925913759669218,1,6,6,0
30.108333333333334,904.9403920159493,524.9275453823825,3.220928124534824,1,6,6,0
30.116666666666667,904.5860272230522,524.8548277143434,3.2510916274491253,1,6,6,0
30.125,904.8268910556114,524.9771599984936,3.1975742697087033,1,6,6,0
30.133333333333333,904.642615562622,525.9922615124692,3.2229014959832454,1,6,6,0
30.141666666666666,904.886475903126,525.3659699035592,3.2109053231237237,1,6,6,0
30.15,904.8383147226183,524.6855719772433,3.220536677773874,1,6,6,0
30.158333333333335,905.2168922839418,524.3563120855805,3.2072541564575703,1,6,6,0
30.166666666666668,905.0478043612825,524.9370320725297,3.2263243721584978,1,6,6,0
30.175,904.9894887408196,524.6638607341187,3.2231776840703206,1,6,6,0
30.183333333333334,905.0239593355059,524.1249157663233,3.1996938242861392,1,6,6,0
30.191666666666666,905.6471546154892,524.5047501930214,3.2378761689415145,1,6,6,0
30.2,905.5574991812603,524.5002704025427,3.246851889734832,1,6,6,0
30.208333333333332,904.9780467015102,524.1451696730265,3.1950451355091443,1,6,6,0
30.216666666666665,905.6657187753931,523.629391423949,3.221825993466177,1,6,6,0
30.225,905.7433054618632,524.5845518510138,3.208622171913144,1,6,6,0
30.233333333333334,906.5032832058728,525.6322701345078,3.2174140248503176,1,6,6,0
30.241666666666667,907.0097623493951,525.9803250676213,3.21216966344507,1,6,6,0
30.25,907.0269944600607,525.7852832750096,3.2190982706886966,1,6,6,0
30.258333333333333,907.7231481871587,525.758830408354,3.2012347628012434,1,6,6,0
30.266666666666666,907.2718273638327,526.2049501832469,3.213875080165375,1,6,6,0
30.275,907.6343977505742,525.3191490598513,3.2744318904325245,1,6,6,0
30.283333333333335,907.446326492883,525.5498113168493,3.2319578456607774,1,6,6,0
30.291666666666668,907.3944399689913,525.8127701422096,3.2404193876234824,1,6,6,0
30.3,906.9843560957992,525.4862408174994,3.2290824605745208,1,6,6,0
30.308333333333334,906.7958874017688,524.5247383200206,3.238232664132901,1,6,6,0
30.316666666666666,906.4655926118536,524.997954053451,3.2632382639558375,1,6,6,0
30.325,906.117812020615,525.5860224758878,3.2280061498906827,1,6,6,0
30.333333333333332,905.2249972420324,525.6939837304132,3.2163773400624507,1,6,6,0
30.341666666666665,905.2230171243054,525.2636311176979,3.228199360110055,1,6,6,0
30.35,905.0338171770026,524.6553553351696,3.259708634309575,1,6,6,0
30.358333333333334,905.4471255971605,524.5038947572908,3.2891196369226665,1,6,6,0
30.366666666666667,905.2005450240949,524.938287864755,3.2718139152596284,1,6,6,0
30.375,904.8986787466225,524.9600518914376,3.2311876255703273,1,6,6,0
30.383333333333333,905.6371802517956,525.2995022160889,3.2477659239297876,1,6,6,0
30.391666666666666,905.829428153208,525.7674605963396,3.234438401227757,1,6,6,0
30.4,907.7870149585887,526.3539651864847,3.242544240324458,1,6,6,0
30.408333333333335,907.8527666366169,525.9531452201248,3.2439096515254917,1,6,6,0
30.416666666666668,907.7156538758912,525.3734227098005,3.2711367353909755,1,6,6,0
30.425,908.5389828823656,524.6577019651164,3.252610478565734,1,6,6,0
30.433333333333334,908.1556544259546,525.6705281437813,3.2377074783225757,1,6,6,0
30.441666666666666,907.7353606757999,525.8527007004907,3.249397808244627,1,6,6,0
30.45,907.6110367262044,525.6439422533823,3.2806831295384153,1,6,6,0
30.458333333333332,908.2559682122428,526.1725551971488,3.2653205644541545,1,6,6,0
30.466666666666665,908.2266066194896,526.2326782608761,3.245978729485177,1,6,6,0
30.475,908.1711807501043,526.7493584163553,3.2516703202610673,1,6,6,0
30.483333333333334,907.5694601275507,527.1283153475157,3.2658267718056115,1,6,6,0
30.491666666666667,907.0786291509198,527.2086621275087,3.2511528896434503,1,6,6,0
30.5,907.655398996406,526.4557239360868,3.2545009903043214,1,6,6,0
30.508333333333333,907.0066266117477,527.2772887639376,3.234873834564959,1,6,6,0
30.516666666666666,907.5319926719445,527.5362412280375,3.249963623986078,1,6,6,0
30.525,907.2545000301498,526.9273228441857,3.260291526462285,1,6,6,0
30.533333333333335,907.32509475618,526.9889742870479,3.2735738867142543,1,6,6,0
30.541666666666668,907.3191790905813,527.3290857695615,3.23226519534231,1,6,6,0
30.55,907.0216782941808,527.0981794788878,3.241485763395482,1,6,6,0
30.558333333333334,907.0654908090047,527.1244725069968,3.2152140731840895,1,6,6,0
30.566666666666666,907.064801014771,527.6528027156133,3.3074993781246733,1,6,6,0
30.575,906.7062190582703,527.2690910660617,3.2945953145246905,1,6,6,0
30.583333333333332,906.5610274843862,527.46843387913,3.265387610738034,1,6,6,0
30.591666666666665,906.5391666685965,527.6674413861201,3.2752740016862933,1,6,6,0
30.6,906.894559301944,527.9173730788075,3.2751310698457496,1,6,6,0
30.608333333333334,906.3820205626184,527.9351311128548,3.283502627468502,1,6,6,0
30.616666666666667,906.5030582691915,528.3863950038289,3.2551480857627437,1,6,6,0
30.625,906.2858429398032,528.5796542825392,3.2491152453770185,1,6,6,0
30.633333333333333,905.8941925535634,527.1402399676087,3.247606034308042,1,6,6,0
30.641666666666666,905.7482302490987,527.6082177586756,3.299480519911154,1,6,6,0
30.65,905.4996986437582,527.0892031346436,3.3074542416875228,1,6,6,0
30.658333333333335,904.6396607220865,526.2901867964205,3.3404896304168203,1,6,6,0
30.666666666666668,904.5142586022158,525.5452089244358,3.265391005197152,1,6,6,0
30.675,904.729869572772,525.452455171828,3.2999248522698164,1,6,6,0
30.683333333333334,904.719649759482,526.6653807174084,3.2524506839608733,1,6,6,0
30.691666666666666,904.681934451932,526.5147138960924,3.271073934418341,1,6,6,0
30.7,905.4164876709821,525.876499793417,3.3068535085296262,1,6,6,0
30.708333333333332,905.4454214762291,524.6098630211787,3.2772406534747156,1,6,6,0
30.716666666666665,905.4310332711595,524.738207542235,3.2809040360473896,1,6,6,0
30.725,905.2540396918328,525.1836632805058,3.320754340459699,1,6,6,0
30.733333333333334,904.2406246543774,525.6751703791109,3.2647391172738867,1,6,6,0
30.741666666666667,905.4629147963967,526.1805789425891,3.245177619986189,1,6,6,0
30.75,905.9283696570627,526.9625066865264,3.3031822991200963,1,6,6,0
30.758333333333333,905.5742699021937,526.8110667066969,3.294717996508334,1,6,6,0
30.766666666666666,905.5559469430551,527.3102809928489,3.2983666936321794,1,6,6,0
30.775,905.9687810385814,527.4229843114875,3.261373015272203,1,6,6,0
30.783333333333335,906.1803126854537,527.2838479133529,3.2959436068002628,1,6,6,0
30.791666666666668,907.081915112619,527.2902837241323,3.275542790563873,1,6,6,0
30.8,906.5224567710065,527.6969254814642,3.2815563816358395,1,6,6,0
30.808333333333334,906.1577950657173,526.8420915586871,3.316478991967731,1,6,6,0
30.816666666666666,906.1332695262998,526.6629374879622,3.2737406012715544,1,6,6,0
30.825,906.3413841947073,527.686839442812,3.2752424863464626,1,6,6,0
30.833333333333332,907.3783131780242,528.0296860138196,3.290996839009694,1,6,6,0
30.841666666666665,907.3066041352275,528.5972574214283,3.293527809987098,1,6,6,0
30.85,907.1004170362297,528.1558566012158,3.3104267434980272,1,6,6,0
30.858333333333334,907.1936142958234,528.518718290989,3.266714279740484,1,6,6,0
30.866666666666667,906.8557626182519,528.23873754258,3.321223038754589,1,6,6,0
30.875,906.4825215405992,528.8734704672991,3.279426908837865,1,6,6,0
30.883333333333333,906.8445107767272,528.9179916874698,3.3035890097181917,1,6,6,0
30.891666666666666,906.5880868691983,527.9616010532444,3.300331079308909,1,6,6,0
30.9,907.1733582843281,527.5959644503779,3.270904950119866,1,6,6,0
30.908333333333335,907.6369183930656,527.1904042081662,3.2893362622974953,1,6,6,0
30.916666666666668,907.3957455550074,526.4073476312886,3.280517501056772,1,6,6,0
30.925,906.621399416298,526.9127712769657,3.2874606449120063,1,6,6,0
30.933333333333334,906.4224677913218,527.0988760252409,3.2856374867689913,1,6,6,0
30.941666666666666,907.931306807312,527.3524575172542,3.262668044302864,1,6,6,0
30.95,908.3011050089513,527.5573946916605,3.286577127877115,1,6,6,0
30.958333333333332,908.4760236883573,527.3036723858855,3.281642426538883,1,6,6,0
30.966666666666665,908.2149189277729,526.5528146942559,3.31207165882204,1,6,6,0
30.975,908.913110766916,526.3658221276728,3.2775518054202513,1,6,6,0
30.983333333333334,908.351926824313,525.9105704018025,3.2840668370944908,1,6,6,0
30.991666666666667,908.0255529983789,525.7788338427351,3.286261718655795,1,6,6,0
31.0,907.9685679325474,526.0717181979344,3.285281926420311,1,6,6,0
31.008333333333333,907.6558405269668,526.4617728686471,3.319047728526939,1,6,6,0
31.016666666666666,907.9847191344791,526.7479699195026,3.28854708886226,1,6,6,0
31.025,908.531837392155,526.377220026393,3.3026862694960495,1,6,6,0
31.033333333333335,908.339177565567,526.5256550151719,3.3050220994914827,1,6,6,0
31.041666666666668,908.6627556624005,526.8227889539396,3.297677387003164,1,6,6,0
31.05,908.8959531858617,526.6309205779605,3.2907335931091897,1,6,6,0
31.058333333333334,908.5896550836519,525.8971176654436,3.282274967229954,1,6,6,0
31.066666666666666,908.5010807296344,525.6507383588119,3.29994382040819,1,6,6,0
31.075,908.0575158009602,525.8369804289104,3.3386617153697506,1,6,6,0
31.083333333333332,908.08509150689,526.1872133616813,3.2977202405650683,1,6,6,0
31.091666666666665,908.5389024171382,525.4944529728746,3.311733522302353,1,6,6,0
31.1,908.5005543077119,525.2998246616744,3.2605957626439954,1,6,6,0
31.108333333333334,908.8325449067597,524.7998018336898,3.334314023756001,1,6,6,0
31.116666666666667,908.5727072575156,524.9996886235274,3.3126419434731336,1,6,6,0
31.125,908.2330408058106,525.169569348051,3.2858450840888396,1,6,6,0
31.133333333333333,908.6148631300005,526.1861699104055,3.301511415297801,1,6,6,0
31.141666666666666,908.8286604727282,525.55458769424,3.296914529615669,1,6,6,0
31.15,908.0256734048512,525.4246502015781,3.2838680714824138,1,6,6,0
31.158333333333335,908.4668334197719,524.9981469855705,3.3012859322899253,1,6,6,0
31.166666666666668,908.7172714262869,525.5439648281849,3.2514601335520017,1,6,6,0
31.175,908.8623491009229,525.269529338,3.2944872158834944,1,6,6,0
31.183333333333334,909.4534892697341,525.8742213881814,3.275864867894706,1,6,6,0
31.191666666666666,910.0635731477909,525.0054689014843,3.322115271437914,1,6,6,0
31.2,910.4783070691757,525.4539194557995,3.332934184861899,1,6,6,0
31.208333333333332,911.0509767094017,525.0992091160829,3.3113663000777396,1,6,6,0
31.216666666666665,911.4970470227985,525.3511960232565,3.3083144535235878,1,6,6,0
31.225,910.7476552830616,525.054946989459,3.2997092975959603,1,6,6,0
31.233333333333334,911.0146289137167,525.0824494974376,3.3130810080527793,1,6,6,0
31.241666666666667,911.7264361481766,525.1441967931119,3.3208188874301285,1,6,6,0
31.25,911.5588935691791,524.6933299303935,3.3074404785180396,1,6,6,0
31.258333333333333,911.3704203877606,524.8817237598131,3.293507174889175,1,6,6,0
31.266666666666666,909.9667307540808,525.9474792242943,3.29366532363753,1,6,6,0
31.275,910.6965703740331,525.9265786363809,3.26433201953502,1,6,6,0
31.283333333333335,910.6640354471365,526.1889733573468,3.3147016508481695,1,6,6,0
31.291666666666668,911.1100045771473,526.1359585927322,3.2845462934778857,1,6,6,0
31.3,911.623252605025,525.6841134707886,3.276609397402401,1,6,6,0
31.308333333333334,911.4171065119682,525.1487308165259,3.307511697346853,1,6,6,0
31.316666666666666,911.3513149338866,525.5521542060189,3.31866546603923,1,6,6,0
31.325,912.1967238881598,525.438120510735,3.29247133582111,1,6,6,0
31.333333333333332,912.6764969177165,525.1781091260788,3.2716220430043643,1,6,6,0
31.341666666666665,913.4590669042323,524.0949621485794,3.280425112044885,1,6,6,0
31.35,913.8856417254069,524.7063619079318,3.2918470248877445,1,6,6,0
31.358333333333334,914.0121900447223,523.5248520096011,3.281097545810633,1,6,6,0
31.366666666666667,913.9675268003812,524.7925779019364,3.2826075049681926,1,6,6,0
31.375,913.8086735046666,524.7796791723246,3.2927775938214,1,6,6,0
31.383333333333333,914.9067673271446,524.8148690023766,3.310377278870549,1,6,6,0
31.391666666666666,915.0448591783286,524.7170751872017,3.329187770595999,1,6,6,0
31.4,914.6018375215426,525.1650908010768,3.285225490057961,1,6,6,0
31.408333333333335,914.7170145513767,525.7652559366536,3.322552515817329,1,6,6,0
31.416666666666668,914.2729602437605,525.8088001295846,3.3187576283712796,1,6,6,0
31.425,914.211992494693,525.3947709285927,3.2645261469331426,1,6,6,0
31.433333333333334,914.8812764450482,524.9078523402878,3.2800842891910116,1,6,6,0
31.441666666666666,914.6768323056914,524.2908128802504,3.318432996027933,1,6,6,0
31.45,914.526871379225,523.7440898821469,3.3270754676579206,1,6,6,0
31.458333333333332,914.4688773974726,523.7879858339754,3.298314895605912,1,6,6,0
31.466666666666665,914.2120792070915,523.7892516166742,3.2694353126325253,1,6,6,0
31.475,914.1644988146469,524.4085241068227,3.2937061870899367,1,6,6,0
31.483333333333334,914.7793399772092,524.9814041626843,3.289146736427468,1,6,6,0
31.491666666666667,914.8953234917307,524.2943210737263,3.298277688811369,1,6,6,0
31.5,915.5262547280007,524.7095861811844,3.3154641656094643,1,6,6,0
31.508333333333333,915.936258180012,525.3918817510187,3.285054081903124,1,6,6,0
31.516666666666666,916.3005228772524,525.3550899310331,3.3250981758684035,1,6,6,0
31.525,917.0604409239313,525.1319453911645,3.283238444021322,1,6,6,0
31.533333333333335,916.5590052178189,524.6664927123732,3.2729802133529846,1,6,6,0
31.541666666666668,916.0771053668234,524.0777919865825,3.3227625098909006,1,6,6,0
31.55,916.5104124686123,524.4042026744783,3.2799687319794115,1,6,6,0
31.558333333333334,916.2757025767751,525.0983840072976,3.3003051238952716,1,6,6,0
31.566666666666666,916.881254567855,525.2197154692957,3.248369540448768,1,6,6,0
31.575,917.4082395344773,524.7544262694005,3.3038007873164243,1,6,6,0
31.583333333333332,917.4546083701783,523.6524536724608,3.27747248043346,1,6,6,0
31.591666666666665,917.7935867770087,523.0304097269137,3.2953326554778415,1,6,6,0
31.6,917.2691634916633,523.3415231837647,3.276867159578035,1,6,6,0
31.608333333333334,918.3044139531071,524.2437553051155,3.2728966851923063,1,6,6,0
31.616666666666667,918.2371222926706,524.9895024586581,3.3128175706997895,1,6,6,0
31.625,918.6004328145434,524.8912094403421,3.302077644347713,1,6,6,0
31.633333333333333,918.7478156306366,525.4667098813997,3.264646188531776,1,6,6,0
31.641666666666666,919.2899805065078,525.7063489154039,3.2762440736289187,1,6,6,0
31.65,919.4485902834705,526.3352145861983,3.2969991197127237,1,6,6,0
31.658333333333335,919.6016979291023,526.6105995552001,3.261752526358751,1,6,6,0
31.666666666666668,919.1489766568459,526.4867177870115,3.293197239199591,1,6,6,0
31.675,918.6763802333973,526.0385890404664,3.283024753767133,1,6,6,0
31.683333333333334,918.6311099219674,526.040199854727,3.2740247391371384,1,6,6,0
31.691666666666666,918.2247687721704,526.6539975050255,3.2813804784421627,1,6,6,0
31.7,918.2252112308242,527.357784772413,3.251553401116939,1,6,6,0
31.708333333333332,918.1011496990466,527.6723254010128,3.2511890246715955,1,6,6,0
31.716666666666665,918.3475721439636,528.1101865203159,3.2256488564291317,1,6,6,0
31.725,918.369372810009,527.6179630964681,3.2826587272837693,1,6,6,0
31.733333333333334,918.4012641368008,527.6124615493621,3.263914507863062,1,6,6,0
31.741666666666667,918.286074831626,528.2199397703786,3.249579684699059,1,6,6,0
31.75,918.2674747214721,528.1168041310373,3.2741613333383093,1,6,6,0
31.758333333333333,917.9415247484972,528.7038955544933,3.262023194527432,1,6,6,0
31.766666666666666,917.9776784263216,528.6301634643451,3.297561095920307,1,6,6,0
31.775,917.1499151245671,528.1340738457374,3.294740137603242,1,6,6,0
31.783333333333335,917.3588141543668,527.7622506034022,3.281143636747529,1,6,6,0
31.791666666666668,917.2130611968151,527.656560076711,3.28270356027547,1,6,6,0
31.8,916.1151384156125,527.8997631135983,3.3029610251500983,1,6,6,0
31.808333333333334,916.005491781361,528.524209417218,3.3185630036543516,1,6,6,0
31.816666666666666,915.7876374084478,528.4893367177771,3.2770318307706168,1,6,6,0
31.825,915.555011224781,528.5496352102109,3.3257441902256417,1,6,6,0
31.833333333333332,915.979504429759,528.7364868325595,3.2871947414568874,1,6,6,0
31.841666666666665,916.1140898775584,528.8273234071955,3.2972145292914155,1,6,6,0
31.85,916.5481617009858,529.0422263573848,3.266034027933269,1,6,6,0
31.858333333333334,916.6902529624513,528.8935833145351,3.3072604706813253,1,6,6,0
31.866666666666667,916.6195812360471,529.3850084458212,3.265659471866396,1,6,6,0
31.875,916.6606138513819,528.2376290559727,3.2609671136367924,1,6,6,0
31.883333333333333,916.9993055727823,528.1832858693945,3.2689364454606213,1,6,6,0
31.891666666666666,917.1252233059149,528.2654083623244,3.28082537418486,1,6,6,0
31.9,917.0297234924532,528.3088795517991,3.2562267856282228,1,6,6,0
31.908333333333335,917.0617288850221,527.9737079837823,3.247932839900836,1,6,6,0
31.916666666666668,916.6490601663448,528.0933610887306,3.270207732785649,1,6,6,0
31.925,916.0548855480047,527.8930792752982,3.235094455632282,1,6,6,0
31.933333333333334,916.892384875593,528.2747443082484,3.2770530254836823,1,6,6,0
31.941666666666666,916.3486369340947,528.6305197727919,3.285968383415025,1,6,6,0
31.95,916.5988045177061,528.282817129201,3.2292771786600487,1,6,6,0
31.958333333333332,915.8767470574627,528.5689920542089,3.2792667994119507,1,6,6,0
31.966666666666665,915.8047441269696,528.2040578846205,3.246350133595993,1,6,6,0
31.975,916.0384771269102,527.7940422157559,3.2517550346544244,1,6,6,0
31.983333333333334,916.0279269378523,527.6555985502033,3.2777003880571898,1,6,6,0
31.991666666666667,915.8506000633619,527.3857010976932,3.228919802261073,1,6,6,0
32.0,915.9838522280075,527.4817682365955,3.258697190828831,1,6,6,0
32.00833333333333,916.7713077086231,527.0246193402309,3.26363559475921,1,6,6,0
32.016666666666666,918.1495979053303,527.5258677869709,3.235018375040506,1,6,6,0
32.025,918.3312088863436,527.2199720119982,3.224693682357724,1,6,6,0
32.03333333333333,917.4513582019094,527.5096131774293,3.255826862485382,1,6,6,0
32.041666666666664,917.1278918102012,527.890298370825,3.2331100955153222,1,6,6,0
32.05,917.634098174254,528.0206910930796,3.2300815742160185,1,6,6,0
32.05833333333333,917.1266407034966,527.677968078234,3.257400776158419,1,6,6,0
32.06666666666667,916.7856023401384,527.2911473867306,3.2545152841576495,1,6,6,0
32.075,916.1774482581271,527.2663166737345,3.2704591420689244,1,6,6,0
32.083333333333336,916.3128710114855,527.5772045107526,3.224434856839072,1,6,6,0
32.09166666666667,916.3926988522329,527.5337615725637,3.2295994499752436,1,6,6,0
32.1,915.6040357026747,527.6936308552645,3.2351094982803312,1,6,6,0
32.108333333333334,914.9647363192246,526.7240862166814,3.26259053960472,1,6,6,0
32.11666666666667,915.4476818978314,526.3592736375767,3.2728716630090617,1,6,6,0
32.125,915.3967164389421,526.1895511633242,3.2489363192449807,1,6,6,0
32.13333333333333,915.2762824401593,525.7954882348856,3.2402220109839273,1,6,6,0
32.141666666666666,915.131982597661,525.9257052316312,3.2323661385534455,1,6,6,0
32.15,915.477575308417,526.0661909798268,3.224203578513523,1,6,6,0
32.15833333333333,915.2053507746177,525.6756714184227,3.2696891256470657,1,6,6,0
32.166666666666664,915.6372328834601,526.2579870073391,3.2775100431416955,1,6,6,0
32.175,915.6376225265077,526.8285953597433,3.2629332575325725,1,6,6,0
32.18333333333333,915.5899999532325,526.8589554534134,3.252589672018672,1,6,6,0
32.19166666666667,916.2403721405973,526.625912748056,3.2222542508971026,1,6,6,0
32.2,916.5073940749518,527.2120429447511,3.2563656923314706,1,6,6,0
32.208333333333336,916.9330462887641,527.5685560167956,3.248431828477946,1,6,6,0
32.21666666666667,917.112835584149,527.8528002966389,3.228142921903149,1,6,6,0
32.225,917.3980950317193,527.2450937218999,3.2217404616398304,1,6,6,0
32.233333333333334,916.677597676973,527.3943649102498,3.251933160204444,1,6,6,0
32.24166666666667,917.1183001681229,527.0186171137365,3.21987597707975,1,6,6,0
32.25,917.2018586742033,526.7424948368996,3.2001019479211372,1,6,6,0
32.25833333333333,917.6362409486045,527.0305984998265,3.176851184403974,1,6,6,0
32.266666666666666,917.158541070694,527.0716040585464,3.2072106569583028,1,6,6,0
32.275,917.0672008335371,527.0047983628692,3.258714387766599,1,6,6,0
32.28333333333333,916.5813239978211,526.7480472119344,3.245291358999603,1,6,6,0
32.291666666666664,917.0833915955972,526.8977961912883,3.229813431813687,1,6,6,0
32.3,916.459097320644,526.8477282144473,3.2443982882698705,1,6,6,0
32.30833333333333,916.5575701782026,526.7997585405567,3.233279208531627,1,6,6,0
32.31666666666667,916.6832585548818,526.566755107323,3.2013131039642824,1,6,6,0
32.325,916.4262988954854,526.6226477062144,3.2267654618740758,1,6,6,0
32.333333333333336,916.8116780270682,527.5131839465614,3.201942091785048,1,6,6,0
32.34166666666667,916.9341999797253,527.5233148669035,3.2165022088497772,1,6,6,0
32.35,916.9709683219041,527.552386826358,3.2285045001128636,1,6,6,0
32.358333333333334,917.6765436802505,528.3232236582022,3.239405692360895,1,6,6,0
32.36666666666667,918.1423841681546,529.0738729183257,3.1975149586694345,1,6,6,0
32.375,918.6031407339444,528.9948181104825,3.2151446171648943,1,6,6,0
32.38333333333333,918.3451211149741,529.213405092514,3.2149714878221705,1,6,6,0
32.391666666666666,919.1385678932922,529.7583189274725,3.1991651608687426,1,6,6,0
32.4,919.1287242690213,529.7019309727983,3.192292786251787,1,6,6,0
32.40833333333333,919.4192154522286,529.9835245134922,3.243039934969517,1,6,6,0
32.416666666666664,920.2172316584343,530.1261826410823,3.1878407145639045,1,6,6,0
32.425,920.0011506768997,530.7244131146604,3.2293310169782234,1,6,6,0
32.43333333333333,921.0783805374001,531.7891387989334,3.245113801463557,1,6,6,0
32.44166666666667,921.2300668258193,531.3067112806547,3.1891328595709667,1,6,6,0
32.45,921.47583524935,531.998032029381,3.201884844761112,1,6,6,0
32.458333333333336,920.7274118954207,532.2286052435816,3.2262604581244636,1,6,6,0
32.46666666666667,920.744043974656,532.1198320805516,3.1898012557887405,1,6,6,0
32.475,920.743029546957,532.2689154901317,3.190004301106129,1,6,6,0
32.483333333333334,921.3180982299541,531.0265211526156,3.194026807658114,1,6,6,0
32.49166666666667,921.5016682490174,531.3765271629004,3.1973882595744976,1,6,6,0
32.5,921.6428832361796,531.2912519396555,3.20358161233703,1,6,6,0
32.50833333333333,922.1357787933978,530.8305764244751,3.1724752012674102,1,6,6,0
32.516666666666666,922.745597933155,530.1626616525376,3.1769860392942904,1,6,6,0
32.525,922.9534407944,530.7944524426947,3.2333979868352847,1,6,6,0
32.53333333333333,922.3733704003124,530.7642093649449,3.198641832352507,1,6,6,0
32.541666666666664,921.0284808093325,531.282972506479,3.219980993963707,1,6,6,0
32.55,921.1473260042609,530.965148303533,3.175928090837149,1,6,6,0
32.55833333333333,921.1221903489053,531.81857048373,3.2136288691345793,1,6,6,0
32.56666666666667,922.2361859365778,531.8032829723601,3.1954570156630013,1,6,6,0
32.575,921.5136835520087,531.9360456583039,3.1827967473136827,1,6,6,0
32.583333333333336,922.0678555685896,531.216522689627,3.20857474136209,1,6,6,0
32.59166666666667,922.1524210043245,530.4361037276237,3.1865518067156104,1,6,6,0
32.6,922.7281842349627,530.0986593135158,3.1650453388121695,1,6,6,0
32.608333333333334,922.7198608755695,529.8227261489368,3.1762313839587155,1,6,6,0
32.61666666666667,923.1349723477439,529.5798888464054,3.210367378298103,1,6,6,0
32.625,923.2279566436656,529.3203793334316,3.2158173699597086,1,6,6,0
32.63333333333333,922.3061852929964,529.2451341671696,3.1292900411161733,1,6,6,0
32.641666666666666,472.2775412712182,392.85835992245586,3.148737361110984,1,6,6,0
32.65,472.3982665945382,393.66713157885033,3.2040619929691925,1,6,6,0
32.65833333333333,923.7376118047873,530.1817160903988,3.179706346517997,1,6,6,0
32.666666666666664,923.0072210098347,529.3695278782052,3.1866196115621648,1,6,6,0
32.675,922.718223217724,529.3528337032408,3.1886366596433544,1,6,6,0
32.68333333333333,922.2611547981422,530.1486009938076,3.1514394408441224,1,6,6,0
32.69166666666667,921.7318143951907,530.1546733733327,3.1972282619011785,1,6,6,0
32.7,921.9578824147018,529.1610908182297,3.172131669587087,1,6,6,0
32.708333333333336,921.8708160940503,529.1047692246767,3.1391996492430163,1,6,6,0
32.71666666666667,921.3932870393714,528.9733278106906,3.181233173216778,1,6,6,0
32.725,921.1369489442898,528.902228578598,3.1387349126265662,1,6,6,0
32.733333333333334,921.5473353087194,527.6159120713879,3.2012006618618223,1,6,6,0
32.74166666666667,921.1278841791568,528.7814183546202,3.173773430444526,1,6,6,0
32.75,921.4210467041003,527.6654843963356,3.1656759656985574,1,6,6,0
32.75833333333333,920.7425257841246,527.582303150934,3.187450628024089,1,6,6,0
32.766666666666666,921.3488366101969,527.8316171252129,3.1448082043262753,1,6,6,0
32.775,920.87181629575,527.7764525169831,3.1679620609421604,1,6,6,0
32.78333333333333,921.5437343738272,527.0615450260806,3.1399219266696026,1,6,6,0
32.791666666666664,921.3273242773417,526.8462962037152,3.16702434039513,1,6,6,0
32.8,400.6809510828904,364.71247349315274,3.1781587862629928,1,6,6,0
32.80833333333333,400.8971110214543,363.72830597721884,3.1667095705934787,1,6,6,0
32.81666666666667,920.6537031813949,526.0507564563537,3.1678343840605563,1,6,6,0
32.825,920.6160297368576,525.5029493656651,3.1594535236464654,1,6,6,0
32.833333333333336,920.5898893389543,526.1329401467158,3.1686238798152635,1,6,6,0
32.84166666666667,920.988267707681,526.1503452210062,3.1620278194574487,1,6,6,0
32.85,921.7861287231041,526.1754193116166,3.1640869828335827,1,6,6,0
32.858333333333334,921.5032756680336,526.5943261183862,3.139743078746037,1,6,6,0
32.86666666666667,922.2713024873923,527.6897261694816,3.1835064612415382,1,6,6,0
32.875,921.7418698905699,528.037530551616,3.157871844684206,1,6,6,0
32.88333333333333,921.6296231772884,527.9579432694178,3.178423187569315,1,6,6,0
32.891666666666666,921.8227838777009,528.4818091545991,3.15539262012769,1,6,6,0
32.9,922.5618548946119,528.4310705988132,3.144500475344346,1,6,6,0
32.90833333333333,922.5979937306046,528.9320251407926,3.183451118628381,1,6,6,0
32.916666666666664,923.1915352592977,529.1890093907645,3.0958351182890307,1,6,6,0
32.925,923.2970293490923,529.1637976575413,3.1458432306685356,1,6,6,0
32.93333333333333,923.6827725325509,529.5809520528977,3.162204447239222,1,6,6,0
32.94166666666667,923.4445076287761,530.2507668735427,3.122005411001365,1,6,6,0
32.95,924.0066508695403,530.4142353354703,3.1708896692750823,1,6,6,0
32.958333333333336,923.6144045594133,530.2523141446892,3.1363497335627617,1,6,6,0
32.96666666666667,924.1837937308673,530.3529208517713,3.1549590690226985,1,6,6,0
32.975,924.9752438806227,530.5443474756502,3.1491569471201006,1,6,6,0
32.983333333333334,924.7611500975141,530.0899345223136,3.1376360255018887,1,6,6,0
32.99166666666667,925.1280752320714,529.7590071197076,3.1825267809968203,1,6,6,0
