t,gx,gy,pupil,valid,subj,trial,label
0.0,959.9634137267302,539.8659603702721,3.182165212579425,1,5,8,0
0.008333333333333333,959.8655853060906,539.307480822614,3.195533085830776,1,5,8,0
0.016666666666666666,959.8059571557583,538.8099701194907,3.1994208811313944,1,5,8,0
0.025,960.4243085181866,538.3171503073143,3.2117669629415473,1,5,8,0
0.03333333333333333,959.4793684041827,537.4769090808724,3.238956722828133,1,5,8,0
0.041666666666666664,960.5175294858575,537.7992057846691,3.226152359397278,1,5,8,0
0.05,960.5294210726628,538.0930675697019,3.247958812325427,1,5,8,0
0.058333333333333334,960.0418829061966,539.3443742107595,3.1562518549283967,1,5,8,0
0.06666666666666667,960.5078214968602,538.9997776671833,3.215903930389702,1,5,8,0
0.075,960.7351457065784,539.6213207886447,3.2332502787133484,1,5,8,0
0.08333333333333333,961.3541520072952,539.9800219380718,3.2388729258081104,1,5,8,0
0.09166666666666666,961.4275548965363,539.5428272725469,3.2368334617647627,1,5,8,0
0.1,962.3201620755535,538.8806189350529,3.1877560330026657,1,5,8,0
0.10833333333333334,961.9336226019876,539.3864653218017,3.1754984159734563,1,5,8,0
0.11666666666666667,961.7915068250923,539.4048516414003,3.223986480743767,1,5,8,0
0.125,961.1958533247808,539.2668252702091,3.1915985858031894,1,5,8,0
0.13333333333333333,961.3911327248238,539.4064146677138,3.191745536514027,1,5,8,0
0.14166666666666666,960.9987846178849,538.7220735051944,3.2223831738672377,1,5,8,0
0.15,960.3119189644582,538.4118681752881,3.2069088136196378,1,5,8,0
0.15833333333333333,960.9690006512203,538.1407495732808,3.216130720352165,1,5,8,0
0.16666666666666666,961.2880745454167,538.5762483449303,3.220735748387498,1,5,8,0
0.175,961.8848498633989,539.0324004423017,3.260327050007453,1,5,8,0
0.18333333333333332,962.0281259291278,538.7357913940031,3.1887867320345356,1,5,8,0
0.19166666666666668,962.0612594043922,538.8327214308215,3.243426706612174,1,5,8,0
0.2,962.0818665675155,539.3452815929226,3.2485026085331024,1,5,8,0
0.20833333333333334,961.4233625582514,538.8484787445068,3.225249708628705,1,5,8,0
0.21666666666666667,962.0942282203979,538.6808588620738,3.2202217123349817,1,5,8,0
0.225,961.5219468717112,539.0347199065135,3.2149513652844544,1,5,8,0
0.23333333333333334,962.5324865196876,538.7862243171045,3.2573241080747963,1,5,8,0
0.24166666666666667,962.6936886562609,538.5375803271119,3.248603128672157,1,5,8,0
0.25,963.3235925520491,538.8179669951595,3.2497887686930786,1,5,8,0
0.25833333333333336,963.3523365982483,538.8111619631724,3.2207791296841783,1,5,8,0
0.26666666666666666,963.479986761093,538.670339109153,3.252199163083833,1,5,8,0
0.275,963.2628092106426,538.5734494500588,3.2250779210451004,1,5,8,0
0.2833333333333333,963.2897510848339,538.9136117823339,3.3036213769371674,1,5,8,0
0.2916666666666667,963.3365255710196,538.9236539430276,3.2573577464763326,1,5,8,0
0.3,964.3790563089728,538.7449831432526,3.259017249281415,1,5,8,0
0.30833333333333335,964.3422281408882,538.506168398737,3.2698555171368837,1,5,8,0
0.31666666666666665,964.75259991584,539.262181343175,3.256983464214912,1,5,8,0
0.325,965.2455585822529,539.5595211040456,3.3246052967374826,1,5,8,0
0.3333333333333333,966.2110354793941,539.882471226924,3.313783103968523,1,5,8,0
0.3416666666666667,966.3889950605466,539.3778340352667,3.2695734050567227,1,5,8,0
0.35,965.4319758848962,539.2534328203096,3.3031638918737993,1,5,8,0
0.35833333333333334,965.6917027642318,539.4373931997161,3.3208983202849245,1,5,8,0
0.36666666666666664,965.9138705891968,539.2442271004951,3.3087500559052248,1,5,8,0
0.375,965.7439946756928,539.5974416943312,3.278467140111463,1,5,8,0
0.38333333333333336,966.1155291943736,539.1604012436162,3.2774225320720176,1,5,8,0
0.39166666666666666,966.2556147895612,539.14676099953,3.288505716185075,1,5,8,0
0.4,966.0029260649757,538.8414659095337,3.2850048241981824,1,5,8,0
0.4083333333333333,964.7902118560899,539.1318606799357,3.279149731263111,1,5,8,0
0.4166666666666667,963.8127784728354,539.4685216183633,3.299056327633697,1,5,8,0
0.425,963.9686184984633,539.8350187967397,3.342447379517978,1,5,8,0
0.43333333333333335,963.6072873821346,539.1683657700033,3.3070087496480167,1,5,8,0
0.44166666666666665,963.7185308933447,539.5423815823054,3.298427883915153,1,5,8,0
0.45,963.8215357186374,539.3410744322855,3.352414837202457,1,5,8,0
0.4583333333333333,964.0925321072458,539.0143113542379,3.299621919030311,1,5,8,0
0.4666666666666667,963.6550403024753,538.5189440992926,3.2979948202965494,1,5,8,0
0.475,963.56081778461,539.2681194179571,3.3108143012325435,1,5,8,0
0.48333333333333334,962.6623874024872,538.4451301623917,3.3041321121977734,1,5,8,0
0.49166666666666664,962.9450499854403,538.6709849918656,3.2737957986472557,1,5,8,0
0.5,961.5811686002452,538.491423038694,3.2722707778421136,1,5,8,0
0.5083333333333333,960.9817227218603,539.2263402412002,3.3160082049020057,1,5,8,0
0.5166666666666667,961.244828283057,538.574796487474,3.3127195830647955,1,5,8,0
0.525,961.3176468316846,538.7326868761894,3.3209254284857597,1,5,8,0
0.5333333333333333,961.8368035896775,539.000096182703,3.329248216977396,1,5,8,0
0.5416666666666666,961.3833913544722,539.6011475967572,3.300595911808178,1,5,8,0
0.55,961.4403432132475,539.6464439008336,3.3150710170126345,1,5,8,0
0.5583333333333333,961.1102796193429,540.3974416309821,3.279892484007564,1,5,8,0
0.5666666666666667,960.6203959568705,540.4712099942512,3.294421434601255,1,5,8,0
0.575,961.2881203471273,540.0565313389178,3.2942548242442,1,5,8,0
0.5833333333333334,961.1628583736053,539.753994973148,3.266093167020902,1,5,8,0
0.5916666666666667,960.5895842900359,539.1784781772415,3.324557249423514,1,5,8,0
0.6,960.3556667909357,538.9708681771108,3.3247496031721817,1,5,8,0
0.6083333333333333,959.6284557023407,539.2829754927327,3.266026047287943,1,5,8,0
0.6166666666666667,960.2122946283605,539.1798853283476,3.270277480342893,1,5,8,0
0.625,960.5070900027223,539.157577740807,3.2879856723227037,1,5,8,0
0.6333333333333333,960.0373236669699,538.693594528331,3.29388626293133,1,5,8,0
0.6416666666666667,960.5735688023939,539.1389773955333,3.245863674384725,1,5,8,0
0.65,960.7030116539431,538.709337851313,3.26987774838105,1,5,8,0
0.6583333333333333,961.6191859293326,539.2823006485147,3.2770973106752472,1,5,8,0
0.6666666666666666,961.1661376457891,539.3826005002558,3.3043395904156516,1,5,8,0
0.675,961.7210735258018,539.0188381622427,3.2673510185254804,1,5,8,0
0.6833333333333333,962.0818463205621,538.8505426627448,3.299577879686072,1,5,8,0
0.6916666666666667,963.3955467083562,538.4905621709264,3.2554129568827785,1,5,8,0
0.7,963.2448057761447,539.0895443205764,3.261530474608088,1,5,8,0
0.7083333333333334,964.0761664192596,539.1580288014471,3.2915984389556368,1,5,8,0
0.7166666666666667,964.0520903264185,538.2571702974653,3.275228055688115,1,5,8,0
0.725,963.928070706434,537.4588981217009,3.308512395672843,1,5,8,0
0.7333333333333333,963.6069916471428,537.6912479273908,3.27660034688141,1,5,8,0
0.7416666666666667,963.3733655569167,537.8622866775439,3.2681731549461466,1,5,8,0
0.75,962.7340187618397,537.311603383855,3.2752216235092124,1,5,8,0
0.7583333333333333,962.6789388108724,536.8902290409064,3.2957604405915273,1,5,8,0
0.7666666666666667,962.5443912599874,536.4523019577923,3.2866964849175084,1,5,8,0
0.775,962.5191631735694,537.3253350434958,3.3189306457367964,1,5,8,0
0.7833333333333333,961.6949102500053,536.8553027220436,3.274365613527835,1,5,8,0
0.7916666666666666,961.3947107785161,536.3264982504636,3.2783215431684156,1,5,8,0
0.8,962.5329544267504,536.2043959259015,3.287751369907073,1,5,8,0
0.8083333333333333,962.8383988859364,536.6148944823393,3.3026929914394154,1,5,8,0
0.8166666666666667,963.444226067659,537.0139673103458,3.275481275779902,1,5,8,0
0.825,963.2989245696472,537.8473134974635,3.260768880499669,1,5,8,0
0.8333333333333334,962.899890865085,538.0198279377413,3.3106915121507634,1,5,8,0
0.8416666666666667,963.5812864524376,537.7033557709652,3.260400941862826,1,5,8,0
0.85,963.9227202935016,537.6373452904129,3.294488150367619,1,5,8,0
0.8583333333333333,963.5122055616091,537.8017332329313,3.338572767252175,1,5,8,0
0.8666666666666667,962.8543889030435,537.4446126274555,3.2997790116223564,1,5,8,0
0.875,963.6665012507628,537.9566500298461,3.2754742018889504,1,5,8,0
0.8833333333333333,963.8849308316675,538.0050974978319,3.2853090639178033,1,5,8,0
0.8916666666666667,964.2861889846602,538.0116877833943,3.3053619311845743,1,5,8,0
0.9,964.1595473183833,538.0158828769985,3.2940880991452217,1,5,8,0
0.9083333333333333,964.2245357573532,538.2100077893554,3.2664209000004774,1,5,8,0
0.9166666666666666,963.20907422192,538.3101316880665,3.296928094054483,1,5,8,0
0.925,963.3879264053663,538.0167263617686,3.294199489540037,1,5,8,0
0.9333333333333333,963.3400253817772,537.9913981526416,3.293333968115999,1,5,8,0
0.9416666666666667,963.6175112095701,537.0413434707269,3.254721112405585,1,5,8,0
0.95,963.0725713727768,537.2941422730679,3.298560309404019,1,5,8,0
0.9583333333333334,963.2305138126003,537.6047210352439,3.2729865147101904,1,5,8,0
0.9666666666666667,963.2335658467539,537.8981256241383,3.2619752306109406,1,5,8,0
0.975,962.7255148756412,538.1061220209181,3.270394597046652,1,5,8,0
0.9833333333333333,963.2904186541549,538.8415077978606,3.3015600112520955,1,5,8,0
0.9916666666666667,963.836238084466,539.0709354730701,3.3047932476568054,1,5,8,0
1.0,963.3446039921984,538.7643233704757,3.28897291279287,1,5,8,0
1.0083333333333333,963.4311082169858,539.8834803493021,3.2993939694724106,1,5,8,0
1.0166666666666666,964.0169795153997,540.3251772229373,3.281327265527049,1,5,8,0
1.025,963.9126561363751,540.2591935755082,3.3084073162221688,1,5,8,0
1.0333333333333334,963.6599927597933,540.529370752304,3.3102969329743823,1,5,8,0
1.0416666666666667,697.7231927472853,312.8633228263683,3.2911945070611215,1,5,8,0
1.05,697.4659266718274,312.7601329174389,3.296664832501623,1,5,8,0
1.0583333333333333,962.6838445422535,540.5455944462868,3.2660567540487375,1,5,8,0
1.0666666666666667,963.4240778771264,540.7783933647756,3.310282523380223,1,5,8,0
1.075,962.9733302172186,541.5087733271032,3.3021502320544993,1,5,8,0
1.0833333333333333,963.1836124207749,541.9835664573349,3.3164384768799913,1,5,8,0
1.0916666666666666,963.0343029285299,542.7053943939582,3.302940064348374,1,5,8,0
1.1,963.0778364921438,542.5574033579004,3.3035353961153495,1,5,8,0
1.1083333333333334,962.6290510552774,542.3830629663153,3.3168991235283882,1,5,8,0
1.1166666666666667,962.5280301108297,542.520635084077,3.2830399351386923,1,5,8,0
1.125,962.7404364989383,542.5139513343132,3.3085951761200385,1,5,8,0
1.1333333333333333,963.3387327101944,542.5423046812995,3.287141361781865,1,5,8,0
1.1416666666666666,962.8722436376079,541.9099218572499,3.2742725426104275,1,5,8,0
1.15,962.8399311100055,541.9270142472124,3.3274329485960967,1,5,8,0
1.1583333333333334,963.3102527348924,541.3665264659139,3.253375737331893,1,5,8,0
1.1666666666666667,963.4086079788832,540.095944844772,3.3445262853395747,1,5,8,0
1.175,963.7929981890769,540.1631006352077,3.301508458387067,1,5,8,0
1.1833333333333333,964.3271788530151,539.2159780432355,3.305355502009329,1,5,8,0
1.1916666666666667,963.8079978020405,539.3737276327485,3.2778168728921013,1,5,8,0
1.2,962.7993094679312,539.454665005069,3.283715327070441,1,5,8,0
1.2083333333333333,962.9494052427515,539.0180188309014,3.2929873258031352,1,5,8,0
1.2166666666666666,963.4367518031897,537.9740565433143,3.343061825975781,1,5,8,0
1.225,963.380737385757,538.4418619509624,3.271640558279036,1,5,8,0
1.2333333333333334,963.1129681680209,538.3272716813273,3.261260773244564,1,5,8,0
1.2416666666666667,963.2694451527211,538.4176256567849,3.2954305439454936,1,5,8,0
1.25,962.770048822107,538.1718059019432,3.334103175091262,1,5,8,0
1.2583333333333333,962.7074315826185,537.9206386278146,3.3038880639503803,1,5,8,0
1.2666666666666666,962.4774897998494,538.0951206723448,3.2653261061481786,1,5,8,0
1.275,961.4570046510041,538.3912728372723,3.309835698335639,1,5,8,0
1.2833333333333334,961.1433959710891,538.5991907250823,3.291678276367338,1,5,8,0
1.2916666666666667,1468.622497498124,712.6045976773771,3.3072894364083805,1,5,8,0
1.3,1468.6963007958188,713.2196699281203,3.2647848530528125,1,5,8,0
1.3083333333333333,961.67775098316,537.9826359934932,3.2765309892550674,1,5,8,0
1.3166666666666667,961.9141726005778,537.9430586646612,3.3006859173440035,1,5,8,0
1.325,962.1812033245883,538.0739501588847,3.3282973470243933,1,5,8,0
1.3333333333333333,962.6011713674495,538.0097814522462,3.3020058586691103,1,5,8,0
1.3416666666666666,962.757315513937,538.2992808464883,3.298831565168319,1,5,8,0
1.35,961.7042773725632,538.8393098289346,3.323708662175036,1,5,8,0
1.3583333333333334,961.179789012428,538.6910357366595,3.29315205567453,1,5,8,0
1.3666666666666667,961.0842523720833,538.4542576223452,3.326493166040252,1,5,8,0
1.375,960.846339459625,537.4862326944971,3.2991727874532133,1,5,8,0
1.3833333333333333,961.1666316294525,537.7273343716655,3.268596938962311,1,5,8,0
1.3916666666666666,961.1047888803483,537.8003256390517,3.268135559440115,1,5,8,0
1.4,960.2384187149013,537.5775998255658,3.287393677004385,1,5,8,0
1.4083333333333334,959.7773939086204,537.5465753892488,3.3152751955449142,1,5,8,0
1.4166666666666667,961.01859187004,537.678268053313,3.3139482574052526,1,5,8,0
1.425,959.7307531797635,538.0016679873474,3.3070305859090525,1,5,8,0
1.4333333333333333,959.4385680414986,539.1822814367506,3.2866420347482292,1,5,8,0
1.4416666666666667,959.0159968069884,538.6761599256648,3.3253945881146145,1,5,8,0
1.45,959.7441142402884,538.168683115914,3.302335122242675,1,5,8,0
1.4583333333333333,959.8657940955082,538.2908138431818,3.287479061318955,1,5,8,0
1.4666666666666666,959.4884802410539,538.9736722677407,3.2702028677749366,1,5,8,0
1.475,959.8081925489387,538.7028207640486,3.2778169629762366,1,5,8,0
1.4833333333333334,959.7139284352335,538.4827484433994,3.2816785580223633,1,5,8,0
1.4916666666666667,959.9186259673202,538.0423843529373,3.3156498014588096,1,5,8,0
1.5,960.9404409200633,538.5319381965372,3.2985852142462515,1,5,8,0
1.5083333333333333,961.5692680613486,538.5751012708579,3.303480478246974,1,5,8,0
1.5166666666666666,961.6015456605772,539.6077943166749,3.2625006910578063,1,5,8,0
1.525,961.7080963752727,539.3464855797126,3.2796009818719987,1,5,8,0
1.5333333333333334,961.5232113133079,539.7087474691026,3.2920791875988256,1,5,8,0
1.5416666666666667,962.1003959387162,539.7492407688419,3.298673749836989,1,5,8,0
1.55,962.5171519227047,540.3222811406371,3.288576811953138,1,5,8,0
1.5583333333333333,962.7296080480007,539.3602276762413,3.3217551386118767,1,5,8,0
1.5666666666666667,963.2157138681362,539.7586778221701,3.357255551665806,1,5,8,0
1.575,963.4445096511815,539.8176315217014,3.308727526189615,1,5,8,0
1.5833333333333333,962.958820771828,539.7761893723831,3.292878974580913,1,5,8,0
1.5916666666666666,963.1796476298641,539.5831387219441,3.3106067421028484,1,5,8,0
1.6,962.4999052823424,539.1325777054816,3.293400338395279,1,5,8,0
1.6083333333333334,962.646377512771,539.4217071327392,3.289126166003157,1,5,8,0
1.6166666666666667,963.2559578291138,539.7202551000557,3.2619788730697787,1,5,8,0
1.625,964.2060910003102,539.8925200165841,3.291019400838,1,5,8,0
1.6333333333333333,964.941879017294,539.7848783093468,3.290712781903978,1,5,8,0
1.6416666666666666,964.2422283309724,540.3563926004521,3.2817141760145336,1,5,8,0
1.65,963.7630075828562,540.5065125283085,3.284400279720613,1,5,8,0
1.6583333333333334,964.3870807509619,541.2386637699599,3.3161979203846568,1,5,8,0
1.6666666666666667,965.2748798604562,541.4582488572848,3.280947817271908,1,5,8,0
1.675,964.8372774209533,541.5607381818146,3.3012206409199987,1,5,8,0
1.6833333333333333,965.127602273565,542.4988822038428,3.2992304039706752,1,5,8,0
1.6916666666666667,965.7771398680825,542.3337686131894,3.2848205659770313,1,5,8,0
1.7,724.3141923152061,565.5754234601777,3.289961753466986,1,5,8,0
1.7083333333333333,724.4169649451503,565.7697854598009,3.263163030453756,1,5,8,0
1.7166666666666666,965.2921303470309,543.7070535695989,3.2868580440881026,1,5,8,0
1.725,964.7740587706434,543.3950867893855,3.2897195702338746,1,5,8,0
1.7333333333333334,965.0710286249844,543.4757458658308,3.2428290524360786,1,5,8,0
1.7416666666666667,964.7824582326293,542.3265413513191,3.311153623343636,1,5,8,0
1.75,964.8758528613287,542.4502849352119,3.2943620944174477,1,5,8,0
1.7583333333333333,965.0287740689137,541.8093576445106,3.294849973966346,1,5,8,0
1.7666666666666666,965.0344544757639,541.9926265120167,3.2491867485703656,1,5,8,0
1.775,964.3487019751263,541.5921957139612,3.29253197707741,1,5,8,0
1.7833333333333334,964.1897125429534,541.3172232504247,3.2662210448813016,1,5,8,0
1.7916666666666667,963.9252050164375,541.5961636074858,3.307815797549559,1,5,8,0
1.8,963.9977804035329,540.4854628891806,3.290736134771754,1,5,8,0
1.8083333333333333,963.8155915084662,540.0657546808952,3.327747701888876,1,5,8,0
1.8166666666666667,964.1369370679847,540.1325352396303,3.29459135627079,1,5,8,0
1.825,964.8103706584451,540.4617209684827,3.2576480305323963,1,5,8,0
1.8333333333333333,963.8102094912995,540.814434906685,3.297076596184751,1,5,8,0
1.8416666666666666,964.6444072443397,540.8556255299249,3.2631530622561953,1,5,8,0
1.85,964.7365234153765,540.94323198635,3.2817846127439143,1,5,8,0
1.8583333333333334,963.659604239223,540.6838649964635,3.26728824309309,1,5,8,0
1.8666666666666667,963.8794099714468,540.395235774718,3.2646981687786796,1,5,8,0
1.875,963.5158979880357,540.2613523174815,3.237012990900256,1,5,8,0
1.8833333333333333,963.35091634977,540.479282325024,3.259969678793513,1,5,8,0
1.8916666666666666,962.31074471471,539.7994140541551,3.2672814262750633,1,5,8,0
1.9,961.8897613139882,540.1624622106339,3.274511809801042,1,5,8,0
1.9083333333333334,960.6064958955895,540.703545367463,3.3210653407719253,1,5,8,0
1.9166666666666667,960.6339700670537,540.6097857283629,3.267811431873613,1,5,8,0
1.925,960.8204469558334,541.1851939226732,3.259091600861453,1,5,8,0
1.9333333333333333,960.3950174518073,541.7903788130384,3.2712208902516258,1,5,8,0
1.9416666666666667,960.482291247142,542.2421536272786,3.254801389306608,1,5,8,0
1.95,959.7619870883161,543.1697014119657,3.254166467834257,1,5,8,0
1.9583333333333333,959.9432883485962,543.7548072379228,3.242624148598132,1,5,8,0
1.9666666666666666,959.6587243478261,543.2867146746122,3.24701430994268,1,5,8,0
1.975,960.3112881675978,542.8886988449885,3.276722055072771,1,5,8,0
1.9833333333333334,961.0389522941812,542.6829151511856,3.229878210939101,1,5,8,0
1.9916666666666667,961.485816580536,543.229084450738,3.2426050215854128,1,5,8,0
2.0,961.8025663294917,543.358775742172,3.2506938200164868,1,5,8,0
2.0083333333333333,961.0629796806176,543.4938433763186,3.239736443660795,1,5,8,0
2.0166666666666666,961.667439144203,543.8080400424141,3.2441298583693863,1,5,8,0
2.025,961.0461091303223,544.1746107462775,3.2651640278329976,1,5,8,0
2.033333333333333,960.9500182548534,544.0151959877625,3.2676004227163156,1,5,8,0
2.0416666666666665,960.3927542621673,543.8263231824475,3.259565899029345,1,5,8,0
2.05,959.8818032369736,543.440420728067,3.24861912713351,1,5,8,0
2.058333333333333,959.4230445720302,543.7147555999089,3.230763271784852,1,5,8,0
2.066666666666667,959.3540621387139,543.4010334044905,3.2919935056184553,1,5,8,0
2.075,959.463897322849,543.1430932036636,3.2589160747757306,1,5,8,0
2.0833333333333335,959.5090054397087,543.097214494067,3.2650636822941825,1,5,8,0
2.091666666666667,959.9105317658541,543.3387941731323,3.2294100150439853,1,5,8,0
2.1,959.5988423753726,543.8067859500809,3.2580693988629346,1,5,8,0
2.1083333333333334,959.3526688154919,544.1055356166129,3.197565627721305,1,5,8,0
2.1166666666666667,959.688569357183,543.8487154291297,3.2562142027380316,1,5,8,0
2.125,959.586198222638,543.2263112863282,3.2630793587801863,1,5,8,0
2.1333333333333333,959.4687599098683,543.9054190868115,3.2375103404180785,1,5,8,0
2.1416666666666666,959.4841238168898,543.5768937122031,3.210541061480282,1,5,8,0
2.15,958.8593150017942,542.7314586971609,3.2332700489394672,1,5,8,0
2.158333333333333,958.5415972703627,542.812901096834,3.2515840170511217,1,5,8,0
2.1666666666666665,959.032866112242,543.3274014149428,3.2179158944885535,1,5,8,0
2.175,958.7289591418827,543.4397563906232,3.2316681683574053,1,5,8,0
2.183333333333333,958.7174774407856,543.9477696308091,3.218815265626946,1,5,8,0
2.191666666666667,959.1385694573582,543.9754494038307,3.2536820657226153,1,5,8,0
2.2,959.442416055837,544.2696280988298,3.2493194534098926,1,5,8,0
2.2083333333333335,959.6818013070518,544.1467076724372,3.252673639906506,1,5,8,0
2.216666666666667,959.5528722728797,543.5396976234609,3.2398983357891034,1,5,8,0
2.225,959.6306314282391,543.8238178883879,3.231397085495286,1,5,8,0
2.2333333333333334,959.5414995723291,543.5906759509888,3.2124869056416685,1,5,8,0
2.2416666666666667,959.5879177878181,543.1969950904743,3.2098265015865963,1,5,8,0
2.25,959.9944137859462,542.6608980980822,3.254479564475697,1,5,8,0
2.2583333333333333,960.1988186989846,542.3227138181636,3.2127446784281695,1,5,8,0
2.2666666666666666,959.9401722856276,542.5601695736933,3.2413799376825745,1,5,8,0
2.275,960.49373358728,542.626803330505,3.2355134381837,1,5,8,0
2.283333333333333,961.1200556225514,542.9648504577925,3.2576264153987275,1,5,8,0
2.2916666666666665,961.0439824179056,542.8794516298177,3.2364907203254027,1,5,8,0
2.3,960.3415629751345,543.1741988715722,3.213593531847575,1,5,8,0
2.308333333333333,962.0864078956104,542.2847513715021,3.2464228610300507,1,5,8,0
2.316666666666667,962.2106599715945,541.5846421167884,3.2357329624224267,1,5,8,0
2.325,962.5520354148025,541.7071746160063,3.2064936586715964,1,5,8,0
2.3333333333333335,962.0391259294378,541.493374068558,3.240869164286502,1,5,8,0
2.341666666666667,962.5413758649762,541.2927874347203,3.19703929866184,1,5,8,0
2.35,962.2942991185673,540.9779385519622,3.228343311037345,1,5,8,0
2.3583333333333334,961.790617485489,540.4220535934654,3.181126506768553,1,5,8,0
2.3666666666666667,961.5842822605948,540.2445430663187,3.1895705583104643,1,5,8,0
2.375,961.5061135203331,540.0469663762658,3.2547143303409904,1,5,8,0
2.3833333333333333,961.5403347139619,540.3881503874321,3.2277467339308843,1,5,8,0
2.3916666666666666,961.9167179469287,539.3995708969377,3.1991544507080003,1,5,8,0
2.4,961.5938834309761,539.5197716676339,3.196197429965649,1,5,8,0
2.408333333333333,960.9517299572353,539.4556070773386,3.2220536127345056,1,5,8,0
2.4166666666666665,960.3580123497984,539.5912253768291,3.2069149346199817,1,5,8,0
2.425,960.3678642939067,540.0418749973875,3.1991127430844273,1,5,8,0
2.433333333333333,960.4733371103424,540.7265498461647,3.232709376987645,1,5,8,0
2.441666666666667,960.5018115978424,541.2805720941581,3.2131429756805896,1,5,8,0
2.45,960.9526988405809,540.397820549344,3.2223323453313935,1,5,8,0
2.4583333333333335,961.1229038315942,540.3275848556098,3.211053656605245,1,5,8,0
2.466666666666667,961.121031467322,540.5821653192348,3.2284052068530906,1,5,8,0
2.475,960.9639939914808,540.8016421011897,3.2050688693392178,1,5,8,0
2.4833333333333334,961.1838648962282,541.6095888585718,3.260757530390939,1,5,8,0
2.4916666666666667,961.1650219126628,541.9389611659616,3.134733965884288,1,5,8,0
2.5,961.3395034069484,542.9697594142467,3.2459474196935965,1,5,8,0
2.5083333333333333,961.1691028569016,543.0833273945923,3.2130865156106565,1,5,8,0
2.5166666666666666,961.0624047731975,543.4410555572632,3.1737345830731223,1,5,8,0
2.525,961.0142987459841,543.2970044673019,3.173419691849218,1,5,8,0
2.533333333333333,961.5024167574213,543.5055900301123,3.205061500063578,1,5,8,0
2.5416666666666665,961.7721428419076,543.4313721175808,3.1876417214502455,1,5,8,0
2.55,962.083573391939,543.6304374664622,3.236595271290666,1,5,8,0
2.558333333333333,961.782037193248,543.3227582994311,3.193175572370486,1,5,8,0
2.566666666666667,962.4978886729133,543.4590656257325,3.176509986225256,1,5,8,0
2.575,1158.4987787688417,368.5937124504296,3.2100302193025643,1,5,8,0
2.5833333333333335,1157.895029744728,368.3700934827548,3.174207440665709,1,5,8,0
2.591666666666667,961.0926050818073,542.1829261148351,3.1895171380360625,1,5,8,0
2.6,961.2237782144422,541.2681063189481,3.175031572716056,1,5,8,0
2.6083333333333334,961.268214218875,541.459837889183,3.1675453690789546,1,5,8,0
2.6166666666666667,960.9117629200418,541.6877599846845,3.211503073582032,1,5,8,0
2.625,960.7933138992157,541.8358482171069,3.171434173508138,1,5,8,0
2.6333333333333333,960.8990950447629,542.0579478324769,3.201655719174691,1,5,8,0
2.6416666666666666,960.9969185598223,542.0449588458064,3.1690194903558675,1,5,8,0
2.65,961.0608657485664,542.6742906460878,3.1687900769646404,1,5,8,0
2.658333333333333,960.757193738933,542.7229893971821,3.1844673674243076,1,5,8,0
2.6666666666666665,960.1661021771001,543.0759239227729,3.1543442839386113,1,5,8,0
2.675,960.1794603485536,542.2700610729145,3.1902886159973813,1,5,8,0
2.683333333333333,961.0725654092556,542.3345463911178,3.1847133435561825,1,5,8,0
2.691666666666667,959.6244491297947,542.0005549302214,3.1588407229863784,1,5,8,0
2.7,960.2139180330805,542.5849581911203,3.1789457899738673,1,5,8,0
2.7083333333333335,959.6369336175165,542.5144748266487,3.1818693730222924,1,5,8,0
2.716666666666667,960.3790438911558,541.2167384435966,3.1531727280612714,1,5,8,0
2.725,960.3041630069524,541.9535744983979,3.156754963427251,1,5,8,0
2.7333333333333334,960.6065334812813,542.9697168320158,3.1504270219752573,1,5,8,0
2.7416666666666667,960.0349339481157,543.0306855201346,3.159294903316956,1,5,8,0
2.75,959.2331184882061,542.433497135244,3.179862202357179,1,5,8,0
2.7583333333333333,959.7059339555084,542.381170289846,3.1332381206809643,1,5,8,0
2.7666666666666666,960.3224160241375,541.7712654684503,3.1660865528835407,1,5,8,0
2.775,959.6895304623811,541.7884880441303,3.176028568238936,1,5,8,0
2.783333333333333,959.8644062101649,541.9805005827036,3.14507837608165,1,5,8,0
2.7916666666666665,960.023160643964,540.9750195447727,3.1585921667844556,1,5,8,0
2.8,959.8449669254061,541.0116319284089,3.1683187434569735,1,5,8,0
2.808333333333333,960.5216164326439,539.3892789058793,3.167559073456128,1,5,8,0
2.816666666666667,960.4317765262507,539.7262365795111,3.16298630677267,1,5,8,0
2.825,959.63562607289,539.6426105007057,3.172837069515852,1,5,8,0
2.8333333333333335,958.9048304716838,540.4431250385926,3.177168611770136,1,5,8,0
2.841666666666667,958.7149767471334,540.4456773965591,3.2006511966582836,1,5,8,0
2.85,958.5102324457147,539.8044314758814,3.0975115459163485,1,5,8,0
2.8583333333333334,958.6583535579675,540.4542514924706,3.115926835612519,1,5,8,0
2.8666666666666667,958.2287650080148,539.686627215349,3.1813792013940305,1,5,8,0
2.875,958.6747967558138,539.409755190218,3.139051321500004,1,5,8,0
2.8833333333333333,958.659554969895,539.4569807865033,3.1674415574814248,1,5,8,0
2.8916666666666666,959.034904962801,538.4654881774084,3.134718958181639,1,5,8,0
2.9,959.4766500794045,538.5642902023623,3.1517488624514494,1,5,8,0
2.908333333333333,960.158133559466,538.0887563010431,3.140806474186949,1,5,8,0
2.9166666666666665,959.9303262584557,537.9464044253133,3.160435788733622,1,5,8,0
2.925,959.9385294367621,537.5487200119197,3.130203021002374,1,5,8,0
2.933333333333333,959.2424480740531,536.2913057548676,3.1499378480018483,1,5,8,0
2.941666666666667,959.4263520295135,536.4387444771855,3.1219352526054753,1,5,8,0
2.95,959.6269491035628,536.1104939491756,3.1382624351187483,1,5,8,0
2.9583333333333335,960.4152625482259,535.7663222788822,3.1260252620679365,1,5,8,0
2.966666666666667,961.0854173084823,536.1048136784556,3.140632004332486,1,5,8,0
2.975,961.8152461410149,536.3212767980389,3.1388177649065674,1,5,8,0
2.9833333333333334,962.0467411023893,536.1475351456429,3.1305859909325306,1,5,8,0
2.9916666666666667,962.368578828785,536.5510947944043,3.1078767765942223,1,5,8,0
3.0,962.9384079728181,536.6386975151737,3.094737773740122,1,5,8,0
3.0083333333333333,963.1546206086364,536.6120895512558,3.1693010153980037,1,5,8,0
3.0166666666666666,963.0578090331369,535.9264888757888,3.1433354170936703,1,5,8,0
3.025,962.3590335885406,536.4529501711305,3.1357686090921852,1,5,8,0
3.033333333333333,962.4383487806409,536.3439712649225,3.1370221182282805,1,5,8,0
3.0416666666666665,961.5137096023184,536.2994082919346,3.1557098704050106,1,5,8,0
3.05,961.312678825194,536.7701152494653,3.134645916663367,1,5,8,0
3.058333333333333,961.237503558824,537.0954222194421,3.117492552264886,1,5,8,0
3.066666666666667,961.5766347839841,536.5027670560399,3.125543021250985,1,5,8,0
3.075,962.0714675755993,536.1070799620252,3.1335566470130036,1,5,8,0
3.0833333333333335,962.3275826609611,537.0240808863152,3.178702422931339,1,5,8,0
3.091666666666667,962.3229095765289,536.8763524191846,3.1099742826211787,1,5,8,0
3.1,963.0390376050865,537.5091562485218,3.1066175737996735,1,5,8,0
3.1083333333333334,962.5751864566882,537.6519839146634,3.1184286287533536,1,5,8,0
3.1166666666666667,962.5387680245706,537.7381803014646,3.119740600384418,1,5,8,0
3.125,963.0576888204159,537.9004191840138,3.1237611579778894,1,5,8,0
3.1333333333333333,962.4801058525433,538.0683257705854,3.1063227870748626,1,5,8,0
3.1416666666666666,962.7342030423296,538.5110044013284,3.146478268518318,1,5,8,0
3.15,962.6028466717796,538.1980954633025,3.110183472931319,1,5,8,0
3.158333333333333,962.2585029723261,537.4152899178544,3.1004924666663967,1,5,8,0
3.1666666666666665,962.3986250861244,537.4266557730616,3.1077048779145184,1,5,8,0
3.175,962.3528651399835,537.561533233754,3.148078471994557,1,5,8,0
3.183333333333333,962.0248575887182,537.7510110804589,3.1316329924058466,1,5,8,0
3.191666666666667,962.0458006305587,537.1106578242949,3.123758588388334,1,5,8,0
3.2,962.0303600294645,537.9444722783666,3.1087067585535784,1,5,8,0
3.2083333333333335,961.2257722367241,538.1310961634796,3.099589699658107,1,5,8,0
3.216666666666667,961.6088639533758,538.1317462913146,3.123285223808981,1,5,8,0
3.225,961.88916144878,537.6100506132705,3.133344495799532,1,5,8,0
3.2333333333333334,962.3732580469824,538.0297912477172,3.137153751893902,1,5,8,0
3.2416666666666667,962.1387821547887,538.0605251273979,3.113373873122068,1,5,8,0
3.25,962.85004321275,537.2483776137504,3.1031503021631144,1,5,8,0
3.2583333333333333,962.3546784100181,537.1541937945954,3.1070337483667934,1,5,8,0
3.2666666666666666,962.1056362451966,538.0894870127612,3.0909769836161725,1,5,8,0
3.275,962.686888029216,537.9417818464298,3.0916013027008074,1,5,8,0
3.283333333333333,962.1192301300009,538.5292952872866,3.096258865230043,1,5,8,0
3.2916666666666665,961.9349523206585,538.3589704537477,3.0815184196073275,1,5,8,0
3.3,963.0514042428593,537.8412465660258,3.1139761435034563,1,5,8,0
3.308333333333333,963.4247732480549,538.3577525819637,3.1185760565124387,1,5,8,0
3.316666666666667,963.0888837574129,538.9719185169529,3.0845568679049515,1,5,8,0
3.325,962.744418376139,538.0669791359686,3.089607030285691,1,5,8,0
3.3333333333333335,963.1466196839144,537.6236537183903,3.1170202731951746,1,5,8,0
3.341666666666667,962.8821060893922,538.4801012057708,3.1404910629308573,1,5,8,0
3.35,962.6917655254861,539.3223644884264,3.081429145556746,1,5,8,0
3.3583333333333334,962.8669854538748,540.0051480304458,3.107361237095077,1,5,8,0
3.3666666666666667,963.5444955910917,540.2034584799947,3.098462546020211,1,5,8,0
3.375,963.9470672405322,540.1548088101918,3.0877954766068023,1,5,8,0
3.3833333333333333,963.9649827148043,540.424480206256,3.1380709111151064,1,5,8,0
3.3916666666666666,963.6135537736711,540.5240093273201,3.103067693247591,1,5,8,0
3.4,963.3150342133122,539.7877091463257,3.119259663853453,1,5,8,0
3.408333333333333,964.1629168851359,540.4110581940097,3.1213643154849913,1,5,8,0
3.4166666666666665,964.261385985308,539.8267036247894,3.130303905847588,1,5,8,0
3.425,964.8071490825057,539.679496484451,3.0931263498455888,1,5,8,0
3.433333333333333,964.5858557013045,539.5815403296136,3.1184948883227457,1,5,8,0
3.441666666666667,963.6513810291955,539.7261681033659,3.080830241781938,1,5,8,0
3.45,963.3383789888612,540.6018572787183,3.1105377350182923,1,5,8,0
3.4583333333333335,963.3174754144858,540.1894858309851,3.1103226360141156,1,5,8,0
3.466666666666667,963.2608273622427,539.7577501832541,3.102657495107947,1,5,8,0
3.475,963.2656343243863,540.5537676378232,3.077718641998781,1,5,8,0
3.4833333333333334,963.3644318575508,540.1023583566651,3.1021067671715654,1,5,8,0
3.4916666666666667,963.3143063486858,540.1759663483413,3.1184011975596433,1,5,8,0
3.5,962.8363017453419,539.8183967293166,3.0961258339047935,1,5,8,0
3.5083333333333333,962.6503991979209,538.4870972180471,3.120587824762366,1,5,8,0
3.5166666666666666,962.3931852522724,538.7491677203844,3.1061646861928485,1,5,8,0
3.525,962.1465484451461,539.1024759500548,3.0957881844098796,1,5,8,0
3.533333333333333,961.9927039130819,539.3644916253176,3.1443944166328692,1,5,8,0
3.5416666666666665,962.2998680852859,539.312267554898,3.1108893959029613,1,5,8,0
3.55,962.6780775095725,539.5196155258844,3.143851070383502,1,5,8,0
3.558333333333333,963.7609543738545,540.5110213873094,3.078148854065559,1,5,8,0
3.566666666666667,963.987632924131,540.0303065320758,3.1709031190684684,1,5,8,0
3.575,963.3369497042308,539.7441497770591,3.0725425198980743,1,5,8,0
3.5833333333333335,962.3840134401339,539.6123128106242,3.1177282612944364,1,5,8,0
3.591666666666667,962.1336003875879,539.1829867867815,3.08397905549304,1,5,8,0
3.6,962.9860527217221,538.9465650735217,3.088930482921968,1,5,8,0
3.6083333333333334,962.8576237964157,538.2980716731495,3.094922214791791,1,5,8,0
3.6166666666666667,962.5200898158464,538.6340692024278,3.1288557696378696,1,5,8,0
3.625,962.280487459166,538.8823801169445,3.1256630193663075,1,5,8,0
3.6333333333333333,962.359571649288,537.9456191454447,3.068141811226153,1,5,8,0
3.6416666666666666,962.6126707215689,537.0833505277045,3.0951921604806243,1,5,8,0
3.65,962.2823800093057,537.7471005266772,3.1111430353373235,1,5,8,0
3.658333333333333,962.6047909024248,538.1421494488249,3.1195352384697688,1,5,8,0
3.6666666666666665,962.7105289423296,538.897427723993,3.104133340100369,1,5,8,0
3.675,962.2816570763333,538.2086524885322,3.108173597617837,1,5,8,0
3.683333333333333,961.3516423037388,539.0944476680405,3.0999062187609634,1,5,8,0
3.691666666666667,960.4849930325137,538.7325022620598,3.1142055799229023,1,5,8,0
3.7,960.5836009684712,538.8901497578526,3.115449055105352,1,5,8,0
3.7083333333333335,959.9474319009323,538.5259561436287,3.0926099324027594,1,5,8,0
3.716666666666667,960.9967241073524,538.3228656749033,3.1209209100188016,1,5,8,0
3.725,960.721296254008,538.4054681172076,3.066607491935593,1,5,8,0
3.7333333333333334,960.0515405847517,538.2250387477917,3.1174980239385417,1,5,8,0
3.7416666666666667,959.5118461459193,538.7408335107795,3.0923511239477532,1,5,8,0
3.75,959.3388200187366,537.9030744548064,3.089438651319774,1,5,8,0
3.7583333333333333,959.9014871223179,537.3644162951292,3.091735193142976,1,5,8,0
3.7666666666666666,959.9156199387568,537.2694876308452,3.089282468479258,1,5,8,0
3.775,959.6867330951702,536.7498783517667,3.085071577722665,1,5,8,0
3.783333333333333,959.5249500238594,537.3411044816564,3.105707895106038,1,5,8,0
3.7916666666666665,959.9129691711149,537.4481137114869,3.1446270225080504,1,5,8,0
3.8,959.7272365003527,536.9938669080783,3.1038225971788465,1,5,8,0
3.808333333333333,960.514253592179,536.8342274514156,3.089857376319514,1,5,8,0
3.816666666666667,960.4860280772303,538.1894244424067,3.099772670352376,1,5,8,0
3.825,961.2107897772306,538.1976989071645,3.1174374721447995,1,5,8,0
3.8333333333333335,961.0139854392618,537.3135132427574,3.0882414627561268,1,5,8,0
3.841666666666667,961.2019359903264,536.826592502434,3.101832877413425,1,5,8,0
3.85,961.903869876802,536.2417290004105,3.087193569559744,1,5,8,0
3.8583333333333334,961.7630249399701,536.4697989003175,3.102155814702397,1,5,8,0
3.8666666666666667,962.1276265805029,536.2143902520415,3.1048886527213986,1,5,8,0
3.875,962.3680594756541,537.3214647316292,3.074202749118539,1,5,8,0
3.8833333333333333,962.0280589092699,537.0657897815178,3.1069770777231347,1,5,8,0
3.8916666666666666,961.9808909723239,536.4864533232031,3.107443273389647,1,5,8,0
3.9,961.6774974298721,537.1644616560308,3.139419105408145,1,5,8,0
3.908333333333333,961.8162294830611,536.8349579003393,3.0814715551682537,1,5,8,0
3.9166666666666665,961.7733051469309,536.7200428086848,3.104786145963159,1,5,8,0
3.925,961.5214889285469,536.0927993748695,3.129673611592067,1,5,8,0
3.933333333333333,961.0391280740052,536.098504999239,3.1142827191910425,1,5,8,0
3.941666666666667,961.84260121232,536.1191670693911,3.12518893666946,1,5,8,0
3.95,962.7981561026565,536.5701573865172,3.040046149816163,1,5,8,0
3.9583333333333335,962.6781909405082,536.4135264713804,3.0913837711892453,1,5,8,0
3.966666666666667,962.5497918832164,535.3565107262211,3.0872927423745984,1,5,8,0
3.975,962.479845863781,535.8902414055996,3.1190971560070833,1,5,8,0
3.9833333333333334,963.1619068364193,535.8019691828949,3.1055759237601173,1,5,8,0
3.9916666666666667,963.1449151431688,535.1640245176293,3.0652449471820593,1,5,8,0
4.0,963.2560497857835,535.3115519819876,3.0687147867279245,1,5,8,0
4.008333333333334,963.2480996654697,535.4877160789315,3.114055278981306,1,5,8,0
4.016666666666667,963.7623753089892,536.2213135860594,3.1173159500483103,1,5,8,0
4.025,963.7275004945133,535.7183434818445,3.102282478667059,1,5,8,0
4.033333333333333,963.8135344461032,535.7681259495291,3.126973245949567,1,5,8,0
4.041666666666667,964.3857229460217,536.0408532151425,3.1487279288913808,1,5,8,0
4.05,964.0712364470927,536.1172849196113,3.0919993564965824,1,5,8,0
4.058333333333334,964.2438307823568,535.6158502407689,3.092850394731181,1,5,8,0
4.066666666666666,964.4668323327942,535.729007406721,3.109304991264788,1,5,8,0
4.075,963.8448781241366,536.2044954866909,3.092722870958407,1,5,8,0
4.083333333333333,964.3722817471672,536.32707951816,3.104139677108029,1,5,8,0
4.091666666666667,964.6694917414401,535.9575947833505,3.1092026574059184,1,5,8,0
4.1,965.1598638627893,535.6021874736131,3.1139459854212985,1,5,8,0
4.108333333333333,965.0988684704969,535.1541440102641,3.120239639933812,1,5,8,0
4.116666666666666,964.8256157286488,535.4266958818198,3.1407622050711264,1,5,8,0
4.125,964.1721389942534,535.461086097157,3.1295024133499947,1,5,8,0
4.133333333333334,964.0800976347402,535.523323362127,3.1318522535117834,1,5,8,0
4.141666666666667,964.0819290684836,535.4592018321907,3.100908615970864,1,5,8,0
4.15,963.891484694757,535.098275443338,3.098308150730337,1,5,8,0
4.158333333333333,963.8446362426821,534.9288557001984,3.1020769777842636,1,5,8,0
4.166666666666667,963.7120251926862,534.8343382908508,3.1120850131302285,1,5,8,0
4.175,964.1220667204357,534.9779448651788,3.082893912039472,1,5,8,0
4.183333333333334,964.1574458625656,536.0900278786845,3.1384807190382937,1,5,8,0
4.191666666666666,964.4299250815494,536.3724680925513,3.083288437339232,1,5,8,0
4.2,963.7398899866973,535.8706065883779,3.1266602409017867,1,5,8,0
4.208333333333333,964.7404208309016,536.1429950121318,3.1174806964208948,1,5,8,0
4.216666666666667,964.6406808984251,537.0132996538518,3.1275813302171014,1,5,8,0
4.225,965.2078563177029,536.9664703509206,3.113814337953787,1,5,8,0
4.233333333333333,965.1330615905068,535.8727082264709,3.1160385383186324,1,5,8,0
4.241666666666666,965.0058441360211,535.3163797525335,3.112742721044588,1,5,8,0
4.25,965.1740321311166,535.0735675068748,3.145378575258549,1,5,8,0
4.258333333333334,964.2535684775926,535.5235455431379,3.10920825147255,1,5,8,0
4.266666666666667,963.5805133118743,535.5790701141319,3.1455508725568695,1,5,8,0
4.275,961.5646705622175,535.0521832946552,3.137052717551403,1,5,8,0
4.283333333333333,961.4429066493525,534.7962771046953,3.130966493553301,1,5,8,0
4.291666666666667,962.4088703981291,534.1412280756924,3.1452374139469303,1,5,8,0
4.3,962.2470802908548,534.4854296172931,3.1306439004790048,1,5,8,0
4.308333333333334,961.7414393183143,534.794870835018,3.1601893727750467,1,5,8,0
4.316666666666666,961.0379025848337,535.0032569085322,3.1502230630085197,1,5,8,0
4.325,961.4051921672775,534.8077538939137,3.138953793437236,1,5,8,0
4.333333333333333,961.2534075552448,534.4065839062415,3.132871664881232,1,5,8,0
4.341666666666667,961.6550486996754,534.1159453162564,3.124684660149134,1,5,8,0
4.35,960.5956233229374,533.6504726030811,3.120638976880878,1,5,8,0
4.358333333333333,960.7855204826832,533.9021145870604,3.141438193644785,1,5,8,0
4.366666666666666,960.8311488487901,534.0167247824056,3.129793025177215,1,5,8,0
4.375,960.7103059919673,535.2334702140034,3.1430563948831924,1,5,8,0
4.383333333333334,960.7128777231138,535.5497357664277,3.1398470852036984,1,5,8,0
4.391666666666667,960.3824835067351,535.0374976873652,3.1296436437721353,1,5,8,0
4.4,960.9108173783902,535.7082089760547,3.114378810190884,1,5,8,0
4.408333333333333,962.2276490338467,535.9236569933954,3.164639858106254,1,5,8,0
4.416666666666667,961.9799152691177,536.3036450728571,3.15700612050717,1,5,8,0
4.425,961.4795415273807,536.2914779270707,3.135351099769244,1,5,8,0
4.433333333333334,961.4038367468615,536.5986338453649,3.1681666951745795,1,5,8,0
4.441666666666666,961.3247984868224,536.7417739538608,3.1352662906394855,1,5,8,0
4.45,960.9311029040133,536.7673701553977,3.1164713071322043,1,5,8,0
4.458333333333333,960.4452311192691,536.7364547850475,3.1275621136944194,1,5,8,0
4.466666666666667,960.7837818581469,536.648342703424,3.1299283954885952,1,5,8,0
4.475,960.3765338355695,536.2581391727833,3.145475976773631,1,5,8,0
4.483333333333333,961.0881170758709,535.9994257955933,3.151904032240325,1,5,8,0
4.491666666666666,960.925034301729,536.8922192340106,3.121215627467442,1,5,8,0
4.5,961.2272563951153,537.1060766517156,3.144383313691425,1,5,8,0
4.508333333333334,961.4597757161271,537.50188468754,3.1240751304185084,1,5,8,0
4.516666666666667,962.344302353571,536.6901074398721,3.144548407836945,1,5,8,0
4.525,962.3715811444598,537.1260898432798,3.136083562262057,1,5,8,0
4.533333333333333,962.262654755538,537.4234558509659,3.1356406969249004,1,5,8,0
4.541666666666667,962.8236806004525,537.606784970914,3.127198633825219,1,5,8,0
4.55,963.039611120753,537.9705576498178,3.124339866943696,1,5,8,0
4.558333333333334,962.9747554431164,538.3711363778757,3.1829139200327283,1,5,8,0
4.566666666666666,963.312743928295,538.6490434146035,3.123492099533752,1,5,8,0
4.575,963.4833891206873,538.8401685295656,3.1448355080949852,1,5,8,0
4.583333333333333,963.5864769476043,538.7962872977712,3.1633151956874292,1,5,8,0
4.591666666666667,963.302451898576,539.5966916238731,3.1424124270450715,1,5,8,0
4.6,963.5393507617717,539.7123783104834,3.1559700727180395,1,5,8,0
4.608333333333333,963.0529229324658,538.8803692413886,3.146588541741216,1,5,8,0
4.616666666666666,964.1161305795101,538.1887638853054,3.1652378812476196,1,5,8,0
4.625,964.5856890695484,538.3522823732599,3.1696887438621264,1,5,8,0
4.633333333333334,965.0016238050247,537.4667021560738,3.1279797389269492,1,5,8,0
4.641666666666667,964.971804697151,537.6979528820602,3.175078229747047,1,5,8,0
4.65,966.4475491581499,537.9712950625205,3.1331009483394454,1,5,8,0
4.658333333333333,966.7471975224664,538.1500621050445,3.138223759770768,1,5,8,0
4.666666666666667,967.2548476305581,538.6460852817231,3.1744432726863576,1,5,8,0
4.675,967.1563098574835,538.793351806245,3.15812967045936,1,5,8,0
4.683333333333334,967.1771052142401,538.8776603307729,3.1542319788908872,1,5,8,0
4.691666666666666,966.963386736796,538.5881942614012,3.166010543614764,1,5,8,0
4.7,966.5323200322387,537.978392591324,3.150924163560624,1,5,8,0
4.708333333333333,966.4660675887185,538.0922038346662,3.16953316047882,1,5,8,0
4.716666666666667,965.9374639549912,538.3378144836588,3.177495797655253,1,5,8,0
4.725,966.0254701820493,537.3135246778838,3.17105002438592,1,5,8,0
4.733333333333333,965.6239832422142,536.6717030171155,3.1849682035527795,1,5,8,0
4.741666666666666,965.0703234329192,536.7573644892217,3.1856884836663824,1,5,8,0
4.75,964.5911673831936,536.3831774615521,3.1804539515989956,1,5,8,0
4.758333333333334,964.4668133195648,536.868894465929,3.193794371397353,1,5,8,0
4.766666666666667,964.242507387681,537.6209443178284,3.1774547253030243,1,5,8,0
4.775,964.6087885089012,537.8528160945807,3.1711882976674532,1,5,8,0
4.783333333333333,965.3898049009682,537.0773773817845,3.1795878546929712,1,5,8,0
4.791666666666667,964.6729334628766,537.6712181998191,3.1570328637811196,1,5,8,0
4.8,964.5170916283076,537.3582594897034,3.201702332451408,1,5,8,0
4.808333333333334,964.7722875919064,538.012847787574,3.1792406479756963,1,5,8,0
4.816666666666666,965.1193381706332,538.3325959755398,3.1910736507893276,1,5,8,0
4.825,964.3344113696685,538.389082042671,3.211635954027787,1,5,8,0
4.833333333333333,963.4013470464961,537.8555908042375,3.1319016784261478,1,5,8,0
4.841666666666667,964.2025564548383,538.0171960649392,3.1659692107021082,1,5,8,0
4.85,963.9365560588484,537.6095784084557,3.188769308434459,1,5,8,0
4.858333333333333,964.1417740876174,537.2980992523871,3.144826155399206,1,5,8,0
4.866666666666666,964.0155225306864,537.1066961514738,3.1940231075363106,1,5,8,0
4.875,961.9441256444013,537.4150664320694,3.1887399346272187,1,5,8,0
4.883333333333334,961.5439586589166,537.6034123847923,3.15998372190254,1,5,8,0
4.891666666666667,960.4058947400499,537.2173744119066,3.1633466933870205,1,5,8,0
4.9,960.3887966744591,536.8956068363469,3.1549655271824157,1,5,8,0
4.908333333333333,960.5161343219689,535.9478291162865,3.1860907488293564,1,5,8,0
4.916666666666667,960.6746761388532,535.5698532919438,3.2155824062832377,1,5,8,0
4.925,959.9600208734471,535.7184523735579,3.2060101281715006,1,5,8,0
4.933333333333334,959.2449651780296,535.0738681715375,3.205756186196214,1,5,8,0
4.941666666666666,958.8800007790686,534.9345652887441,3.1855144756017535,1,5,8,0
4.95,958.3629994472092,535.0195440878293,3.215385146815518,1,5,8,0
4.958333333333333,957.7858036243217,534.6141972024564,3.19279735932575,1,5,8,0
4.966666666666667,957.38681617375,534.921602648239,3.187364174688484,1,5,8,0
4.975,957.1632129374672,534.9276402001552,3.2099887712994626,1,5,8,0
4.983333333333333,956.7831798389303,534.8116032091281,3.2090565180266277,1,5,8,0
4.991666666666666,957.3945848788859,535.1121320764355,3.204193187689826,1,5,8,0
5.0,957.4394690691465,534.3221730199771,3.2147446576117793,1,5,8,0
5.008333333333334,957.6249346627516,534.6874143210514,3.183360996661517,1,5,8,0
5.016666666666667,957.4288716344785,535.1805144003222,3.1905962452748304,1,5,8,0
5.025,957.3685588504848,536.4668233584621,3.222976237496489,1,5,8,0
5.033333333333333,956.4241019470861,535.5863118473951,3.181580589946097,1,5,8,0
5.041666666666667,955.7897247638034,535.6130332309966,3.2338656605877483,1,5,8,0
5.05,955.4543413435212,535.7634832558283,3.182329220002768,1,5,8,0
5.058333333333334,955.7190836222615,535.6824750024016,3.199815617616406,1,5,8,0
5.066666666666666,956.0583615336243,535.5192089825316,3.174347889077525,1,5,8,0
5.075,956.1348294192585,536.3246949177787,3.212050884874306,1,5,8,0
5.083333333333333,956.4486201210599,536.0614970861434,3.2245119611936364,1,5,8,0
5.091666666666667,956.260579913006,535.7582699180826,3.189539745439944,1,5,8,0
5.1,955.9057036814544,535.8647548182083,3.1882159287024114,1,5,8,0
5.108333333333333,956.5236391288751,537.337375495234,3.214153372317195,1,5,8,0
5.116666666666666,956.0266559880323,537.5924897767776,3.2152525267852674,1,5,8,0
5.125,955.9272151406147,537.2935496474536,3.2093939022858033,1,5,8,0
5.133333333333334,955.7408754513921,537.436896448814,3.198765698315941,1,5,8,0
5.141666666666667,956.0303505376129,536.8375203258723,3.245081388055645,1,5,8,0
5.15,956.801510819178,536.8881567690091,3.2217924839485548,1,5,8,0
5.158333333333333,956.3403620483546,536.9892114580668,3.204032455372927,1,5,8,0
5.166666666666667,956.4816151681217,536.6319233133269,3.2344102835868873,1,5,8,0
5.175,956.8518057731874,535.8956294459396,3.2513312501985396,1,5,8,0
5.183333333333334,956.5327041775166,534.9109664193709,3.2417651123976827,1,5,8,0
5.191666666666666,956.2756018738197,535.3278370746938,3.2250574454818186,1,5,8,0
5.2,956.0712050895332,536.1934773653142,3.1942654831875816,1,5,8,0
5.208333333333333,955.787438837311,535.9157502535052,3.2278831935330556,1,5,8,0
5.216666666666667,955.6835597113502,536.2964079602898,3.2053669578997193,1,5,8,0
5.225,955.408174256114,536.1275764186086,3.21272737249556,1,5,8,0
5.233333333333333,955.5926604774149,535.2630020800167,3.1987749190883976,1,5,8,0
5.241666666666666,955.7090637543117,535.9455908465732,3.200298235544626,1,5,8,0
5.25,955.3902169343944,536.2033986321744,3.2345586244175704,1,5,8,0
5.258333333333334,955.1391524502642,536.3096001254703,3.2063913383355134,1,5,8,0
5.266666666666667,955.2939239397608,535.8359276156937,3.2639278740036017,1,5,8,0
5.275,955.6957219192433,535.7321622985176,3.2250561745346547,1,5,8,0
5.283333333333333,734.1974143561067,652.4910858690139,3.2473664605350914,1,5,8,0
5.291666666666667,733.8982859800631,652.5424345315632,3.236209049849905,1,5,8,0
5.3,954.7819437890623,534.2397077761926,3.209483854815205,1,5,8,0
5.308333333333334,955.3733651979368,535.1782651136399,3.2344054464238186,1,5,8,0
5.316666666666666,955.8772911244605,535.2686136416139,3.2085966861951385,1,5,8,0
5.325,956.0656321469082,535.9551144272683,3.252015947411704,1,5,8,0
5.333333333333333,956.8719923604342,535.884065035991,3.241646147319945,1,5,8,0
5.341666666666667,955.9666055987989,534.8635030364644,3.2129011089660615,1,5,8,0
5.35,956.1269988079245,534.7148797782156,3.2171663979392013,1,5,8,0
5.358333333333333,955.2689193995625,534.6830798960307,3.224157247323313,1,5,8,0
5.366666666666666,955.566051305216,534.768602944552,3.2263693833876244,1,5,8,0
5.375,954.8265150467683,534.5363351119455,3.2509627845141806,1,5,8,0
5.383333333333334,954.9328662051796,534.2057133020242,3.250832279039226,1,5,8,0
5.391666666666667,955.1578677654734,534.6324930002979,3.240301451384776,1,5,8,0
5.4,955.8326475855278,534.6126955088173,3.243763846704701,1,5,8,0
5.408333333333333,954.9832413774243,533.9509187164236,3.266139935569817,1,5,8,0
5.416666666666667,954.1948053023182,534.5697189178413,3.2912429567694454,1,5,8,0
5.425,954.3864955264818,534.6339159001968,3.245419437134149,1,5,8,0
5.433333333333334,953.511162888549,533.6812642721376,3.267925635539025,1,5,8,0
5.441666666666666,952.7733142030004,533.7739293901087,3.249788750205695,1,5,8,0
5.45,952.767182898893,534.102628947609,3.255321231281382,1,5,8,0
5.458333333333333,952.4299333948866,533.8452040144404,3.2695146674715434,1,5,8,0
5.466666666666667,952.4178718314479,534.3457390445346,3.2339027653758325,1,5,8,0
5.475,953.0780324289902,534.2505642087253,3.2671331771469196,1,5,8,0
5.483333333333333,953.3211778135287,533.6106943470422,3.2757929490810045,1,5,8,0
5.491666666666666,953.5247487340017,533.5548641640742,3.2408924604864384,1,5,8,0
5.5,953.9654710531662,533.5853974419434,3.289202803251189,1,5,8,0
5.508333333333334,954.5577454176366,534.7953454769091,3.268352626281515,1,5,8,0
5.516666666666667,954.3244915227099,534.5348045308441,3.261120284829017,1,5,8,0
5.525,954.8066037101266,534.3999657499929,3.2747946739217926,1,5,8,0
5.533333333333333,955.3881327846133,534.0711062911873,3.2521306996259187,1,5,8,0
5.541666666666667,955.3451920460732,534.1921609482706,3.2373094543746155,1,5,8,0
5.55,956.0706217534606,533.8799701641417,3.273021592247195,1,5,8,0
5.558333333333334,956.9939008182301,533.1860653106766,3.2764977411270246,1,5,8,0
5.566666666666666,957.7931275242183,532.9221706685714,3.2591717181907063,1,5,8,0
5.575,957.7993505550626,533.1350844971709,3.2551449702796575,1,5,8,0
5.583333333333333,958.8419599883001,533.021636123473,3.280901252414001,1,5,8,0
5.591666666666667,959.1539964502502,532.8324391398421,3.302208287174761,1,5,8,0
5.6,958.9452690680662,532.7594428612736,3.2548946968421957,1,5,8,0
5.608333333333333,959.1682592917778,532.233185551914,3.322957981055835,1,5,8,0
5.616666666666666,958.9117310995492,532.8143905936623,3.2664313497473194,1,5,8,0
5.625,959.2222220552035,532.7382013814805,3.2516048607728716,1,5,8,0
5.633333333333334,958.9467257784105,532.6719446509472,3.3156228550746274,1,5,8,0
5.641666666666667,959.1566063823701,532.4932568838223,3.2619814906403297,1,5,8,0
5.65,959.3946358567828,531.9470847385759,3.2507642674158856,1,5,8,0
5.658333333333333,959.474796391183,531.7984272161324,3.272811752252062,1,5,8,0
5.666666666666667,959.0487059781175,531.9540510364941,3.2777779925188217,1,5,8,0
5.675,959.1249924936807,531.5430260984733,3.238671217386671,1,5,8,0
5.683333333333334,958.7631266824924,531.5647608402352,3.273967315894579,1,5,8,0
5.691666666666666,958.9500824305014,532.2252354383481,3.2617267753217556,1,5,8,0
5.7,958.1448689995173,532.6644239867811,3.2605916758482296,1,5,8,0
5.708333333333333,958.4301543873017,532.242056217661,3.2573120755110105,1,5,8,0
5.716666666666667,958.3576090222754,532.298619414858,3.2557159932842374,1,5,8,0
5.725,958.5262289067254,532.6222892798494,3.2737286097218665,1,5,8,0
5.733333333333333,959.6773826867484,532.7009494636009,3.286151646136889,1,5,8,0
5.741666666666666,959.6663243075229,532.3366431975955,3.2877002351387277,1,5,8,0
5.75,959.5647460100404,532.1075494243485,3.2717122974242034,1,5,8,0
5.758333333333334,959.3193387596799,532.548128123803,3.2949052264641017,1,5,8,0
5.766666666666667,959.7116902540865,533.4008385376136,3.3127412693751066,1,5,8,0
5.775,959.9422852607308,533.2354365641266,3.269677544254488,1,5,8,0
5.783333333333333,959.3551307699674,532.6866411844891,3.241740655828909,1,5,8,0
5.791666666666667,958.7525953719086,533.3009619417966,3.2530981692426266,1,5,8,0
5.8,958.6337615319146,533.7018865768995,3.2747505503267864,1,5,8,0
5.808333333333334,959.6931299967908,533.0684424796051,3.3091501026503605,1,5,8,0
5.816666666666666,959.3321596126532,533.8893784526986,3.287860855384477,1,5,8,0
5.825,959.0145273168279,534.8750386599661,3.2934022200150928,1,5,8,0
5.833333333333333,958.7830864751322,534.8633484019289,3.273131674236346,1,5,8,0
5.841666666666667,958.9661163424287,533.5941637549146,3.33321463332104,1,5,8,0
5.85,958.2636701943409,533.7921140756894,3.2979176864294604,1,5,8,0
5.858333333333333,958.4174393080588,533.3213884777085,3.292887752377845,1,5,8,0
5.866666666666666,959.2604517012926,532.5854024654494,3.2946887693060605,1,5,8,0
5.875,959.7237089235496,533.3641949595971,3.2861500423062315,1,5,8,0
5.883333333333334,959.8165769165433,533.2992179190853,3.2838770466925684,1,5,8,0
5.891666666666667,958.7583215833606,532.8013605731537,3.2966391285234966,1,5,8,0
5.9,958.6902933524747,531.9134302201961,3.3027858180062366,1,5,8,0
5.908333333333333,957.8879285655438,531.4766142786942,3.2888375831391645,1,5,8,0
5.916666666666667,956.7371827001084,530.7442152675053,3.3017664881973867,1,5,8,0
5.925,956.1254718760965,530.4622192118088,3.251932170649586,1,5,8,0
5.933333333333334,957.0299210217854,529.1680892705541,3.294088334466418,1,5,8,0
5.941666666666666,957.1058149644923,529.0427627550348,3.2597611134392506,1,5,8,0
5.95,957.3053068171181,528.4837128976477,3.306496406316835,1,5,8,0
5.958333333333333,957.5087832952354,528.2270479563784,3.3310988403716917,1,5,8,0
5.966666666666667,957.1601138056308,528.2397976579508,3.2682409235632743,1,5,8,0
5.975,957.3091452114453,528.1779937236192,3.282013896460178,1,5,8,0
5.983333333333333,957.2924265395714,527.8901034022459,3.2880895094390983,1,5,8,0
5.991666666666666,957.2632907783519,527.8801158921588,3.2923743395638603,1,5,8,0
6.0,957.1624025419183,527.3287434234492,3.278675994935863,1,5,8,0
6.008333333333334,957.7156766208675,526.5718069760691,3.2974424455822513,1,5,8,0
6.016666666666667,957.909819269322,526.7887434457846,3.312121767040369,1,5,8,0
6.025,957.5487901512108,526.5002680927216,3.271814322496503,1,5,8,0
6.033333333333333,958.1175325255563,526.0309347609036,3.306411009450964,1,5,8,0
6.041666666666667,958.5362102550376,526.1089274502738,3.29739127861348,1,5,8,0
6.05,957.7569380144978,526.4188030857076,3.269071741111022,1,5,8,0
6.058333333333334,957.2990646644471,525.6561584211502,3.349024776581049,1,5,8,0
6.066666666666666,957.4397850996342,525.5279230195081,3.322128923882325,1,5,8,0
6.075,957.2504399860389,526.1493859205979,3.328333163777372,1,5,8,0
6.083333333333333,956.442798378002,525.7610909225045,3.298701105763806,1,5,8,0
6.091666666666667,956.4833163487046,525.3485647629825,3.3110711100572194,1,5,8,0
6.1,956.9044598525072,525.5903767489244,3.3133993781590383,1,5,8,0
6.108333333333333,956.5360440202376,525.4404613384787,3.2912699639970087,1,5,8,0
6.116666666666666,957.4241688819984,525.727134671926,3.293285714138527,1,5,8,0
6.125,958.060092784892,524.8445509975255,3.269869991182705,1,5,8,0
6.133333333333334,957.646442378479,524.5155314377389,3.294024942161566,1,5,8,0
6.141666666666667,957.7429933946222,524.0891899413426,3.3270212838724493,1,5,8,0
6.15,958.5212268663249,524.0481836087406,3.2913794896206703,1,5,8,0
6.158333333333333,958.5431303924286,523.8439693410473,3.3088695266437504,1,5,8,0
6.166666666666667,958.278623242843,524.5674624816188,3.279635860467931,1,5,8,0
6.175,958.9767321446332,523.7548432669321,3.3411656116815616,1,5,8,0
6.183333333333334,959.0529148507529,523.6051436561819,3.3006653370804933,1,5,8,0
6.191666666666666,959.1282021146575,524.3118751730784,3.3088271320457827,1,5,8,0
6.2,959.3783331665758,524.371821251303,3.3455747792063772,1,5,8,0
6.208333333333333,959.4243455431035,524.2744010362006,3.309399844223182,1,5,8,0
6.216666666666667,959.0790606425973,524.0893416299801,3.283329129002121,1,5,8,0
6.225,959.1251468152327,524.2430066806018,3.3307025349213375,1,5,8,0
6.233333333333333,958.943499095674,524.3597823608573,3.317028886587199,1,5,8,0
6.241666666666666,958.6079428021027,523.7177054183338,3.3084062382385855,1,5,8,0
6.25,958.547702090163,524.2358552466736,3.3124613815575943,1,5,8,0
6.258333333333334,957.835867728884,524.5993314083903,3.351950442447496,1,5,8,0
6.266666666666667,958.7115812298845,524.6763617025845,3.3381072037765755,1,5,8,0
6.275,959.2645675179098,524.6150881744487,3.311736632138094,1,5,8,0
6.283333333333333,959.3439978303263,524.1989790571793,3.3289016770475914,1,5,8,0
6.291666666666667,958.4729842722721,524.5873975371732,3.3495047021391398,1,5,8,0
6.3,958.1924069680047,524.1229591041222,3.3376399253899,1,5,8,0
6.308333333333334,957.5761075797653,523.3664878823671,3.314141763228935,1,5,8,0
6.316666666666666,956.7797375395837,523.8277329428676,3.320597660351769,1,5,8,0
6.325,957.2855355584002,523.9659436173342,3.3256654137457025,1,5,8,0
6.333333333333333,957.2403853320434,524.2202928618143,3.3161253289837376,1,5,8,0
6.341666666666667,957.3077295420162,524.7457449861067,3.3332835773403273,1,5,8,0
6.35,957.3451170258763,525.1667008913064,3.347565264911663,1,5,8,0
6.358333333333333,957.0219104306332,525.7697320293477,3.4044549699716535,1,5,8,0
6.366666666666666,956.262674626401,526.0226397809822,3.321415829834489,1,5,8,0
6.375,956.6493456964477,525.9963930392196,3.35224092754883,1,5,8,0
6.383333333333334,956.8062758317243,526.5408962917254,3.3343064846656847,1,5,8,0
6.391666666666667,956.269264612278,526.840999166215,3.302397461437947,1,5,8,0
6.4,956.6830367696145,526.77630538941,3.3638567321658224,1,5,8,0
6.408333333333333,957.1410669613715,526.2672961096224,3.3584996397922495,1,5,8,0
6.416666666666667,956.4743033145347,527.6458531536541,3.3876774974311483,1,5,8,0
6.425,955.617575001787,527.1118698793881,3.3557617728044957,1,5,8,0
6.433333333333334,955.3319206436445,527.3121841216779,3.347749957799292,1,5,8,0
6.441666666666666,955.8674924066212,528.2348710799648,3.337456089771721,1,5,8,0
6.45,954.6919548962534,527.5907235817168,3.3471753208087036,1,5,8,0
6.458333333333333,954.9922018741693,527.6802320775965,3.3685875953372197,1,5,8,0
6.466666666666667,955.8187690020915,528.4468927555708,3.312685655329469,1,5,8,0
6.475,955.7676988385563,528.2600738993619,3.3594056919663435,1,5,8,0
6.483333333333333,955.8717912905287,528.2366882833194,3.3346946851735053,1,5,8,0
6.491666666666666,955.9159485715367,528.562428277012,3.3195431160338007,1,5,8,0
6.5,955.7846369064555,529.2199736668182,3.3402723581374714,1,5,8,0
6.508333333333334,955.5623541983651,529.5042208385512,3.321358576856023,1,5,8,0
6.516666666666667,955.6741530459816,529.6434187969518,3.322771465368082,1,5,8,0
6.525,955.039382957646,529.2650551403029,3.3549236298912257,1,5,8,0
6.533333333333333,955.5685377990264,528.8496698258373,3.318023089556363,1,5,8,0
6.541666666666667,955.4394551517518,529.4016131476084,3.3516853468077716,1,5,8,0
6.55,955.6210437849792,528.5351991695783,3.3393283099496047,1,5,8,0
6.558333333333334,955.2367721512368,528.3154271509053,3.3323096778314,1,5,8,0
6.566666666666666,955.3251094515884,529.0306142552851,3.302438940623667,1,5,8,0
6.575,956.2232909215287,528.8440083699544,3.312575642805398,1,5,8,0
6.583333333333333,955.6492283889193,528.2218340490022,3.2825308635922372,1,5,8,0
6.591666666666667,955.2144197293611,528.9088356475271,3.3115201744895497,1,5,8,0
6.6,955.7728735323175,528.8088241255024,3.325774636487634,1,5,8,0
6.608333333333333,955.4965707549471,528.9215153186409,3.326727183198922,1,5,8,0
6.616666666666666,955.951782115805,527.8549497297955,3.3218949338600465,1,5,8,0
6.625,956.121546151698,527.5328830910386,3.322520996887446,1,5,8,0
6.633333333333334,956.1814510981147,527.6866050013566,3.317407713664284,1,5,8,0
6.641666666666667,956.298289551762,527.3501730060685,3.282737827514478,1,5,8,0
6.65,956.1364602797363,527.5573547106411,3.321934759724545,1,5,8,0
6.658333333333333,957.3431003773907,526.6770906679475,3.3213047855930826,1,5,8,0
6.666666666666667,957.4474376753395,527.5959688405255,3.2600758091417545,1,5,8,0
6.675,957.669191509551,526.5797919705809,3.282572136345232,1,5,8,0
6.683333333333334,957.2716520401103,526.5877245323628,3.308521496399671,1,5,8,0
6.691666666666666,957.4338184391014,525.91531211441,3.2764270160108935,1,5,8,0
6.7,957.1960450874712,525.5951226365681,3.2602645734135476,1,5,8,0
6.708333333333333,957.460610176224,525.750713786139,3.283076369280029,1,5,8,0
6.716666666666667,957.3372934382525,525.5529000212384,3.2922223617279456,1,5,8,0
6.725,957.126293435345,526.0888084249458,3.311089345524416,1,5,8,0
6.733333333333333,957.3860700371642,526.4302004546877,3.2651680359439434,1,5,8,0
6.741666666666666,957.992192815661,525.8611096794959,3.2796786022112165,1,5,8,0
6.75,958.281106944093,526.1082502668808,3.268694012654163,1,5,8,0
6.758333333333334,957.9680318422359,526.4971817798522,3.319644691325554,1,5,8,0
6.766666666666667,957.8218350451682,526.6858414215839,3.28427138085162,1,5,8,0
6.775,956.7703883523889,525.193834690397,3.2564090693280234,1,5,8,0
6.783333333333333,956.662201369359,524.6491945469375,3.2669330741695513,1,5,8,0
6.791666666666667,956.2701394686779,525.2870435295791,3.2556612743312403,1,5,8,0
6.8,956.0739135204599,525.4546707313342,3.2970797436167256,1,5,8,0
6.808333333333334,956.9507736640899,524.6222459361816,3.2754999642173748,1,5,8,0
6.816666666666666,956.9836841944475,525.1800460254145,3.241441977492708,1,5,8,0
6.825,956.7960305198459,526.1257052117958,3.23334243370862,1,5,8,0
6.833333333333333,957.7502153287197,526.9170350268826,3.304715979179018,1,5,8,0
6.841666666666667,957.7922238849189,526.3064439490541,3.313932116552575,1,5,8,0
6.85,958.164311385515,525.7727970669413,3.277585294643874,1,5,8,0
6.858333333333333,958.320252304011,525.780272016245,3.2529810681045666,1,5,8,0
6.866666666666666,958.1354523240053,524.8273788452386,3.2676019759628043,1,5,8,0
6.875,958.032843092236,524.8279902203309,3.2618475981047164,1,5,8,0
6.883333333333334,956.6803740613556,525.0055657353096,3.2883059821105602,1,5,8,0
6.891666666666667,956.8850957384013,524.8269173247872,3.2547236614719086,1,5,8,0
6.9,956.5147262727393,525.2302597170127,3.2518433895698755,1,5,8,0
6.908333333333333,956.4619635091619,526.0232846878009,3.2555022011361476,1,5,8,0
6.916666666666667,956.8862847189462,526.3370325608762,3.2200381222674013,1,5,8,0
6.925,956.8767203282843,526.7797064133581,3.2488553334498693,1,5,8,0
6.933333333333334,957.0569407577635,526.9381982535305,3.2499385176455884,1,5,8,0
6.941666666666666,957.2775525306392,527.6971017207122,3.2692799112706434,1,5,8,0
6.95,957.6922864177373,528.1735632916437,3.25397379532386,1,5,8,0
6.958333333333333,957.3777507536083,527.3781854924547,3.2765292991144683,1,5,8,0
6.966666666666667,957.0306951670334,527.2440147142112,3.2917560517858893,1,5,8,0
6.975,955.8722233190002,526.3610576915609,3.277121418490161,1,5,8,0
6.983333333333333,955.5869615962197,526.1693210155665,3.201794282160039,1,5,8,0
6.991666666666666,956.1970408260065,526.0848885914788,3.2745026389792495,1,5,8,0
7.0,956.56305398135,526.237506163805,3.263463178342222,1,5,8,0
7.008333333333334,956.0845336808292,526.4419682770371,3.2666991082759056,1,5,8,0
7.016666666666667,956.4206085096083,526.7170883331304,3.249856211840752,1,5,8,0
7.025,957.050227731173,527.4955297192034,3.2496694440265386,1,5,8,0
7.033333333333333,957.310668944664,527.9503099473754,3.2525073335308203,1,5,8,0
7.041666666666667,957.7779824028383,527.2796585709814,3.2369389461775455,1,5,8,0
7.05,958.4107346767627,528.0302725503647,3.238423156227079,1,5,8,0
7.058333333333334,958.9688252268687,527.4825995590309,3.234811711562208,1,5,8,0
7.066666666666666,958.3847312132878,527.4533324529622,3.2417357928351285,1,5,8,0
7.075,959.2759007544267,527.6018294913092,3.276193245411874,1,5,8,0
7.083333333333333,959.178182275437,527.5933458725949,3.278426905434306,1,5,8,0
7.091666666666667,958.7056107779124,528.6999351300972,3.239177391612476,1,5,8,0
7.1,959.5027356812213,528.5890196814265,3.2571087218271537,1,5,8,0
7.108333333333333,959.8814912650372,529.2548792744765,3.2326590171673883,1,5,8,0
7.116666666666666,959.9024715280692,529.108429688139,3.259911627135355,1,5,8,0
7.125,960.1287170885075,529.0566961037125,3.2330307191564356,1,5,8,0
7.133333333333334,960.6886113526116,528.5397207208035,3.2087891491335756,1,5,8,0
7.141666666666667,960.5569676354575,528.6384831729588,3.25535767421578,1,5,8,0
7.15,960.8915102520579,528.513760911938,3.2397996281313723,1,5,8,0
7.158333333333333,960.9960177946019,528.7379855474572,3.2448692174226683,1,5,8,0
7.166666666666667,960.158178852495,528.1269432220256,3.2600874401505964,1,5,8,0
7.175,960.4421461167649,528.479798263658,3.212464647989136,1,5,8,0
7.183333333333334,959.7970642752246,527.6359807979452,3.210508423797378,1,5,8,0
7.191666666666666,958.9725098443644,527.65973656448,3.2324204250922057,1,5,8,0
7.2,959.0476425551698,527.6802597561748,3.249761415920593,1,5,8,0
7.208333333333333,958.3116053390028,527.6902925647206,3.246549289107665,1,5,8,0
7.216666666666667,959.5741068154553,527.2642454965443,3.273655956004172,1,5,8,0
7.225,958.6007885698722,527.3369417054967,3.257171306518002,1,5,8,0
7.233333333333333,958.2568306648055,528.2543372909184,3.272748845453044,1,5,8,0
7.241666666666666,958.3500929618283,528.2498703130298,3.2410146228386254,1,5,8,0
7.25,959.1736975724791,527.7255670201882,3.2464434579737946,1,5,8,0
7.258333333333334,960.0673043132578,527.7842263238972,3.262822935180082,1,5,8,0
7.266666666666667,959.8053551697162,527.9848475683374,3.2254393385996654,1,5,8,0
7.275,959.6452250503122,527.7010045127457,3.2135014387896317,1,5,8,0
7.283333333333333,,,,0,5,8,0
7.291666666666667,,,,0,5,8,0
7.3,,,,0,5,8,0
7.308333333333334,,,,0,5,8,0
7.316666666666666,,,,0,5,8,0
7.325,,,,0,5,8,0
7.333333333333333,,,,0,5,8,0
7.341666666666667,,,,0,5,8,0
7.35,,,,0,5,8,0
7.358333333333333,,,,0,5,8,0
7.366666666666666,,,,0,5,8,0
7.375,,,,0,5,8,0
7.383333333333334,,,,0,5,8,0
7.391666666666667,,,,0,5,8,0
7.4,,,,0,5,8,0
7.408333333333333,957.0524441801076,523.7755516592053,3.2208114871160833,1,5,8,0
7.416666666666667,957.280249390802,523.8641940253613,3.23748324689118,1,5,8,0
7.425,957.4300972062072,524.0676997620186,3.2312979360299487,1,5,8,0
7.433333333333334,956.9105796586779,524.1706262981498,3.218262478586016,1,5,8,0
7.441666666666666,956.9707235675769,524.0249416726713,3.192572499525932,1,5,8,0
7.45,957.025319405214,524.0923296875258,3.183081895279877,1,5,8,0
7.458333333333333,957.1689583021938,523.739502633803,3.2100488515926564,1,5,8,0
7.466666666666667,957.4913450620375,522.4815246833775,3.2129555801984147,1,5,8,0
7.475,957.69073246251,522.0182127072502,3.2029456550271806,1,5,8,0
7.483333333333333,958.208768008764,522.1347606018502,3.191740614449302,1,5,8,0
7.491666666666666,958.1104825779818,522.5496303067791,3.1579621765902,1,5,8,0
7.5,957.4695251513838,522.0195295846893,3.206154442815524,1,5,8,0
7.508333333333334,957.320728229997,522.5177685741189,3.23030748739169,1,5,8,0
7.516666666666667,957.73679550835,522.5773889124551,3.212395627870801,1,5,8,0
7.525,957.4153841331129,522.502853694644,3.1822428991805776,1,5,8,0
7.533333333333333,957.3505991266054,521.6131982913355,3.206550564658443,1,5,8,0
7.541666666666667,957.3770776730819,521.3637517357912,3.2185207730046295,1,5,8,0
7.55,957.0321028737824,521.1994144218452,3.1982727565619458,1,5,8,0
7.558333333333334,956.8078923977982,520.5681494142821,3.19924441311524,1,5,8,0
7.566666666666666,956.5746258874032,520.12611563579,3.1975621958400597,1,5,8,0
7.575,956.1183771466681,520.6120932565423,3.2003014720276752,1,5,8,0
7.583333333333333,956.650542227456,520.4395030086201,3.170814734304607,1,5,8,0
7.591666666666667,955.8039648932329,520.2081291157148,3.1805451475232016,1,5,8,0
7.6,956.1292453301935,519.1190068781682,3.203602668589688,1,5,8,0
7.608333333333333,956.2619527974944,518.9727152312735,3.1845357780956975,1,5,8,0
7.616666666666666,956.0062746152992,519.8625147440902,3.181262056543638,1,5,8,0
7.625,956.4454397414513,519.2621718209017,3.142599810988011,1,5,8,0
7.633333333333334,955.4861970592164,519.098742288749,3.1660030328478026,1,5,8,0
7.641666666666667,955.6107006482846,518.6998588105631,3.1670305834509036,1,5,8,0
7.65,955.1066595445435,519.083735097589,3.214731849814256,1,5,8,0
7.658333333333333,955.1412008100538,518.6371372525389,3.164148502082252,1,5,8,0
7.666666666666667,955.1602858887908,519.0230998601656,3.185627997983744,1,5,8,0
7.675,955.0082900235724,519.208271605761,3.186790507138687,1,5,8,0
7.683333333333334,954.2801256343238,519.1758226641509,3.185572589750835,1,5,8,0
7.691666666666666,954.4885317126052,519.7590003857397,3.2326569564476793,1,5,8,0
7.7,954.0336673398847,519.0105955691489,3.164293485487788,1,5,8,0
7.708333333333333,953.7774108294038,519.3073308046062,3.1506397031215325,1,5,8,0
7.716666666666667,954.8246379523688,518.9735965804064,3.1900377375347877,1,5,8,0
7.725,954.9603548026217,519.452503758527,3.1600627868524094,1,5,8,0
7.733333333333333,955.5892087460927,519.8231026032076,3.1557405677478507,1,5,8,0
7.741666666666666,955.233480020543,519.7925451262112,3.1954071799603203,1,5,8,0
7.75,954.8084873129174,519.2328520711001,3.146298772835949,1,5,8,0
7.758333333333334,955.7466239465699,518.8495293205001,3.1867565874786443,1,5,8,0
7.766666666666667,955.8791388069804,518.7762945373311,3.169385597430595,1,5,8,0
7.775,956.3912418884836,518.8281906640931,3.1579794269784465,1,5,8,0
7.783333333333333,957.0907631999221,518.3394618976939,3.1867585105561353,1,5,8,0
7.791666666666667,957.2603346476009,518.8193161015464,3.1875637797188126,1,5,8,0
7.8,956.8197015940494,518.8768285493207,3.1801841488738356,1,5,8,0
7.808333333333334,957.0285239070237,518.4211154544158,3.1375694288262195,1,5,8,0
7.816666666666666,956.4452880115814,518.2319258340652,3.1599309962826307,1,5,8,0
7.825,956.6151378397905,517.5115893910714,3.129536481349374,1,5,8,0
7.833333333333333,956.3916296000156,516.8493121433024,3.1491241104967966,1,5,8,0
7.841666666666667,955.8010884330207,517.1131111928304,3.185050348075822,1,5,8,0
7.85,955.8371212724074,517.5943206344755,3.1601997571959544,1,5,8,0
7.858333333333333,955.6972658768806,517.3709306602607,3.1424621607539884,1,5,8,0
7.866666666666666,956.6173647290203,518.479169681397,3.132647578600924,1,5,8,0
7.875,956.8595258544641,519.0087525711554,3.135713546108125,1,5,8,0
7.883333333333334,956.7024835718539,518.1477953854971,3.1643024990788966,1,5,8,0
7.891666666666667,957.2104345153435,518.1286466693532,3.124191015770331,1,5,8,0
7.9,957.8884600980242,518.0102173908562,3.1368663253452076,1,5,8,0
7.908333333333333,958.3321700714133,518.4285456394504,3.1588434704131503,1,5,8,0
7.916666666666667,958.8572367330875,519.4197078517594,3.102097539720717,1,5,8,0
7.925,958.2695050613133,519.349075824836,3.1602052936310474,1,5,8,0
7.933333333333334,957.7294159009101,519.5067542230784,3.116451839227702,1,5,8,0
7.941666666666666,957.2912115724482,519.2415643364413,3.1657009113429133,1,5,8,0
7.95,957.0903656902118,519.6792928661908,3.1529986091383777,1,5,8,0
7.958333333333333,957.1514723418346,519.8792266946828,3.164001045360914,1,5,8,0
7.966666666666667,957.0053558195563,519.5242557846842,3.1645559572644273,1,5,8,0
7.975,956.2178851866654,519.7697257078304,3.1798545514035608,1,5,8,0
7.983333333333333,956.2353877781474,520.715017078106,3.1531816467150304,1,5,8,0
7.991666666666666,956.6361567301016,520.336745132506,3.158826858875671,1,5,8,0
8.0,957.1210318218576,520.154645710339,3.141025957303772,1,5,8,0
8.008333333333333,956.6466781641006,520.8160032528143,3.1279699909735923,1,5,8,0
8.016666666666667,957.1546429956234,520.8627238740622,3.1455897187923987,1,5,8,0
8.025,956.696754406638,520.6216270682537,3.1222843034191983,1,5,8,0
8.033333333333333,955.7733977848721,519.691681661205,3.131457935333519,1,5,8,0
8.041666666666666,956.4544408204472,519.0578801068544,3.1382713315275472,1,5,8,0
8.05,956.2828545548525,518.4710988974224,3.1175925399893902,1,5,8,0
8.058333333333334,956.2327551705105,518.5530976726196,3.1371030035009855,1,5,8,0
8.066666666666666,956.2268265205731,519.1169655135193,3.181547332578071,1,5,8,0
8.075,956.7416130239665,519.1680114531905,3.146010754887018,1,5,8,0
8.083333333333334,956.5394905306058,519.2607323569539,3.125280801056523,1,5,8,0
8.091666666666667,956.6437506505384,519.8089152421974,3.0940003030780945,1,5,8,0
8.1,956.5488960150492,520.2383219034434,3.1166749170590125,1,5,8,0
8.108333333333333,956.7268334904239,520.5570740413077,3.1461752214120873,1,5,8,0
8.116666666666667,957.307403305953,519.8820936225056,3.1650723074548752,1,5,8,0
8.125,956.6731042648261,519.2878664809838,3.1156533963132698,1,5,8,0
8.133333333333333,956.7782845482384,519.3948812793531,3.1346383456596616,1,5,8,0
8.141666666666667,956.0423313306522,519.1939019013702,3.155303063465551,1,5,8,0
8.15,956.3529579413181,518.7705583176596,3.1175096433346754,1,5,8,0
8.158333333333333,955.3879001302342,518.4285760005528,3.1435549436362553,1,5,8,0
8.166666666666666,955.8149208064619,518.3985989073165,3.1526464219138126,1,5,8,0
8.175,956.2165013328075,519.563332006289,3.1326873952633076,1,5,8,0
8.183333333333334,956.2754655807317,519.3957702254468,3.1515394391705285,1,5,8,0
8.191666666666666,955.9143114034599,519.8057553142494,3.101043183942509,1,5,8,0
8.2,955.2538360213816,520.5186328508896,3.091030210342008,1,5,8,0
8.208333333333334,955.470616858547,520.5899435539397,3.1291160324939544,1,5,8,0
8.216666666666667,955.5676756022835,520.225107617887,3.145852888605315,1,5,8,0
8.225,955.6338737729585,519.6339435993218,3.1373067572921545,1,5,8,0
8.233333333333333,955.8624830498491,519.3404901845632,3.1442507500086982,1,5,8,0
8.241666666666667,955.4749474226862,519.1767370938329,3.0876677734096116,1,5,8,0
8.25,955.7477907672255,519.4516322820637,3.1530432502984462,1,5,8,0
8.258333333333333,955.2124826406841,518.7823221038537,3.1310576777477603,1,5,8,0
8.266666666666667,955.316867799628,518.2519411155347,3.1328139005925295,1,5,8,0
8.275,955.8354075240109,518.6463376718042,3.1235840731104974,1,5,8,0
8.283333333333333,956.3688755784734,519.7243763437456,3.1181332503313564,1,5,8,0
8.291666666666666,957.4870147212928,520.1611360886623,3.1099119171861176,1,5,8,0
8.3,957.5042964555892,520.6778527143508,3.139445895677595,1,5,8,0
8.308333333333334,958.0587837796528,520.8998240260001,3.1286558957122996,1,5,8,0
8.316666666666666,957.870309539222,520.542450648723,3.1275863380742805,1,5,8,0
8.325,957.7405559489739,520.583208888006,3.130884874242293,1,5,8,0
8.333333333333334,958.2822751456027,520.2701602048967,3.1000000143487023,1,5,8,0
8.341666666666667,957.3335530404819,519.9547917537162,3.1114835927270943,1,5,8,0
8.35,957.3142486025241,519.5769730851341,3.169022050818647,1,5,8,0
8.358333333333333,957.2143296670495,519.5941352586606,3.1141225298643755,1,5,8,0
8.366666666666667,957.5967132288658,519.8313189783889,3.1220226203516797,1,5,8,0
8.375,958.25916685116,519.3106527668676,3.09643125234591,1,5,8,0
8.383333333333333,958.573741617498,519.7423719761159,3.0959101927061567,1,5,8,0
8.391666666666667,958.3753042953589,519.7644907596099,3.107036741079453,1,5,8,0
8.4,959.0171752680053,520.067668841926,3.109661595198097,1,5,8,0
8.408333333333333,958.776063714505,521.0406439404254,3.114160053478853,1,5,8,0
8.416666666666666,958.2576145197087,520.1724637791834,3.1157497491885344,1,5,8,0
8.425,957.8985505867671,520.1427430461308,3.1270065255778823,1,5,8,0
8.433333333333334,957.568680886086,520.3156106212249,3.0916514209155066,1,5,8,0
8.441666666666666,957.3184887485145,520.5396845809219,3.092974367306361,1,5,8,0
8.45,956.4127812219202,521.3135927922706,3.113254630537857,1,5,8,0
8.458333333333334,956.4375985123581,519.9398895861236,3.1179173636079045,1,5,8,0
8.466666666666667,956.5699240842619,519.6034937789817,3.1221191947628633,1,5,8,0
8.475,956.380034022079,519.3416587299404,3.095086903797252,1,5,8,0
8.483333333333333,955.9640804607117,519.8216598382958,3.0864689319712717,1,5,8,0
8.491666666666667,955.7410587328985,520.5499922315648,3.0911492199197217,1,5,8,0
8.5,954.859448055538,520.8924939445882,3.1037297112651565,1,5,8,0
8.508333333333333,954.9189650421654,520.3421626974737,3.0850912980352643,1,5,8,0
8.516666666666667,953.719570537657,520.472410716633,3.1177387753477843,1,5,8,0
8.525,954.1727589280547,521.7642863971327,3.0809254272806865,1,5,8,0
8.533333333333333,953.9204289261946,522.2086102539196,3.109490790488184,1,5,8,0
8.541666666666666,953.8491221589311,522.3491173970002,3.0987664270042368,1,5,8,0
8.55,954.1659388822771,522.7132289351097,3.1319246041736304,1,5,8,0
8.558333333333334,954.45476171771,523.8736385156303,3.1078067129746554,1,5,8,0
8.566666666666666,954.2951744383145,523.4559146280818,3.1072738728936153,1,5,8,0
8.575,953.7284127610266,523.7838371444776,3.119459527598727,1,5,8,0
8.583333333333334,953.6416429940842,524.013315269282,3.096398014790098,1,5,8,0
8.591666666666667,953.5673034339906,523.969827637686,3.0535534374055313,1,5,8,0
8.6,953.7961912967139,523.9057293839601,3.1275448407621136,1,5,8,0
8.608333333333333,953.3201181210302,523.771040576482,3.0848743759857307,1,5,8,0
8.616666666666667,953.8475645979162,524.0013257071772,3.135185172612334,1,5,8,0
8.625,953.6286679437861,524.066528462928,3.1157117345455183,1,5,8,0
8.633333333333333,953.4654341065235,523.8807827804741,3.1161686259335397,1,5,8,0
8.641666666666667,953.270107644586,523.2512220730385,3.1167344561431443,1,5,8,0
8.65,952.2958408661043,523.3689355785692,3.0506158361328155,1,5,8,0
8.658333333333333,952.6230818860553,522.3993798304184,3.111802827570894,1,5,8,0
8.666666666666666,952.941579288677,522.2173434643081,3.0795182091089517,1,5,8,0
8.675,953.0605393684228,522.5198603883019,3.0651550835507533,1,5,8,0
8.683333333333334,952.6853415153547,523.1106025052142,3.063759395621364,1,5,8,0
8.691666666666666,952.117641587307,523.7432330731283,3.096088970502273,1,5,8,0
8.7,951.7995141141104,523.983404310438,3.067466889085255,1,5,8,0
8.708333333333334,952.2382669141713,523.871411048321,3.123007949632967,1,5,8,0
8.716666666666667,952.036017954064,524.3010514353633,3.081510953894334,1,5,8,0
8.725,952.1207315450403,524.2415329451927,3.112289525609244,1,5,8,0
8.733333333333333,952.2451098607388,523.7532126267399,3.0910936915770533,1,5,8,0
8.741666666666667,951.738940475431,524.7808021014902,3.0936627627179125,1,5,8,0
8.75,951.6820661409259,524.5222878536761,3.1034583337587205,1,5,8,0
8.758333333333333,952.6508034542755,523.8556297615671,3.1104353363121096,1,5,8,0
8.766666666666667,951.8731354958772,524.8927418660085,3.0691320302209113,1,5,8,0
8.775,951.4971292934398,525.0533987633411,3.105537452422893,1,5,8,0
8.783333333333333,951.2754616009852,525.3936613514487,3.0954421474105542,1,5,8,0
8.791666666666666,950.6902379896044,525.462900036834,3.078939680979104,1,5,8,0
8.8,950.8945180552848,525.0674661966974,3.055983916860483,1,5,8,0
8.808333333333334,950.1143325982711,524.9586249579395,3.0860720020428807,1,5,8,0
8.816666666666666,950.4294175705874,526.0460886075796,3.0930397929600675,1,5,8,0
8.825,950.6730896175408,526.0886182459822,3.11396200504543,1,5,8,0
8.833333333333334,950.596442184757,526.1829236411986,3.103686102452537,1,5,8,0
8.841666666666667,950.2824735661496,526.2002630611623,3.086034963010762,1,5,8,0
8.85,950.1713080914261,526.3801708041514,3.118873269512628,1,5,8,0
8.858333333333333,950.3163646841468,526.8772503567712,3.1210351567688788,1,5,8,0
8.866666666666667,950.0635334319466,525.5697080488296,3.1276679351959773,1,5,8,0
8.875,950.4227157214398,526.7819243525148,3.11483837412947,1,5,8,0
8.883333333333333,950.6601830050948,526.5778928243154,3.1120904750626646,1,5,8,0
8.891666666666667,951.2949342082038,526.7425517497041,3.0848987315509913,1,5,8,0
8.9,951.6608504919188,526.5959233251164,3.0860613604894582,1,5,8,0
8.908333333333333,951.9484455909204,526.028691830742,3.1209450954722677,1,5,8,0
8.916666666666666,951.4554915391639,525.4290480773776,3.1338734814983438,1,5,8,0
8.925,951.549157175175,525.3596073732468,3.125200839508746,1,5,8,0
8.933333333333334,950.7535299096807,526.0277867778515,3.121336190437329,1,5,8,0
8.941666666666666,951.3786203388592,526.0141406789411,3.116388035993697,1,5,8,0
8.95,952.1807114415743,525.2849401081239,3.1007508115696694,1,5,8,0
8.958333333333334,951.864766052117,525.5340588779608,3.092984864383359,1,5,8,0
8.966666666666667,950.8948467504126,525.3938466461959,3.096980607288573,1,5,8,0
8.975,950.7354926940423,526.2269857506345,3.1028471771757213,1,5,8,0
8.983333333333333,950.1112051722899,526.3195217548968,3.0701318599473435,1,5,8,0
8.991666666666667,950.9631514714317,526.2466333713629,3.0804184886438493,1,5,8,0
9.0,950.4282275585125,525.6619036921683,3.0975966377224484,1,5,8,0
9.008333333333333,951.0736231205847,525.4618208870536,3.0647996106586297,1,5,8,0
9.016666666666667,951.0263144039868,524.5506089863736,3.098121870498624,1,5,8,0
9.025,951.1826488688029,523.601877209348,3.1463071314837756,1,5,8,0
9.033333333333333,950.4414210758832,523.3490116354519,3.0859773092956493,1,5,8,0
9.041666666666666,950.5563575662013,523.8879643930811,3.087063771916563,1,5,8,0
9.05,950.5888661087623,522.4766609313693,3.109866795533538,1,5,8,0
9.058333333333334,950.7673872569259,522.385620694395,3.0958293478074106,1,5,8,0
9.066666666666666,951.6905575638461,521.5142477801338,3.0948801252708398,1,5,8,0
9.075,951.3756413147613,520.8988881096889,3.062202152700918,1,5,8,0
9.083333333333334,951.8459235201202,521.0012697341425,3.131416009030144,1,5,8,0
9.091666666666667,951.6571704198611,521.5720520595403,3.1134672076390073,1,5,8,0
9.1,951.5585151877596,522.4478819537553,3.1160576449716317,1,5,8,0
9.108333333333333,951.8689751296415,522.669843636546,3.1056615959301346,1,5,8,0
9.116666666666667,952.0894622663418,523.1847407172875,3.1119355588109667,1,5,8,0
9.125,952.6561998181004,523.7264159999263,3.0834467165782087,1,5,8,0
9.133333333333333,952.7030874297706,524.1019417581366,3.0647301271934926,1,5,8,0
9.141666666666667,952.2818834089754,523.596245646809,3.0754950760193056,1,5,8,0
9.15,952.3747177330717,524.472456782035,3.1049077625416146,1,5,8,0
9.158333333333333,953.2938602007961,523.4894626651,3.136579461612255,1,5,8,0
9.166666666666666,952.8759477189002,524.2523099549875,3.115513769324486,1,5,8,0
9.175,953.7747793248753,523.7851396670055,3.153030520733388,1,5,8,0
9.183333333333334,953.8529167658626,523.7943110366296,3.126639044593362,1,5,8,0
9.191666666666666,953.893972483437,523.382472124275,3.123431805440394,1,5,8,0
9.2,954.4270163282632,523.816583958793,3.1285618335804117,1,5,8,0
9.208333333333334,953.7249172291325,523.5332095037202,3.118391200944459,1,5,8,0
9.216666666666667,954.2698974192539,522.9774983173869,3.0858314823586297,1,5,8,0
9.225,954.7514528231045,523.3159875183694,3.162025225856325,1,5,8,0
9.233333333333333,953.756815508895,522.9889281121735,3.1187804002263624,1,5,8,0
9.241666666666667,954.0318118147841,523.5879335699099,3.1209866844354757,1,5,8,0
9.25,954.5583837732629,523.160716763073,3.1029898153005897,1,5,8,0
9.258333333333333,954.8332890827223,523.3954957484333,3.161486702801823,1,5,8,0
9.266666666666667,954.5486956710467,523.8278699463923,3.1258890261232923,1,5,8,0
9.275,954.56609933511,524.8008779649347,3.1301024314997847,1,5,8,0
9.283333333333333,954.3116048301811,525.0706855966919,3.1398368225008957,1,5,8,0
9.291666666666666,954.1601548517913,525.5811895677385,3.0927379527302814,1,5,8,0
9.3,954.4061868777156,525.1823027553154,3.1342207161471496,1,5,8,0
9.308333333333334,954.4725775589386,525.3394738681628,3.1286245156668797,1,5,8,0
9.316666666666666,954.0364416858969,526.0816766050037,3.124466294704539,1,5,8,0
9.325,954.4187768498832,526.2481387958534,3.125436872189441,1,5,8,0
9.333333333333334,954.3488472890965,525.8648153878216,3.1248899750363055,1,5,8,0
9.341666666666667,845.9395653718101,464.24563107864225,3.1253337486304966,1,5,8,0
9.35,846.6927267215791,464.51167027520574,3.117348994408478,1,5,8,0
9.358333333333333,954.2061498800798,525.7096951205082,3.128189675822276,1,5,8,0
9.366666666666667,953.8618476896767,524.9515649636747,3.115963560426758,1,5,8,0
9.375,954.7091251073066,523.8128535536198,3.1233746911280025,1,5,8,0
9.383333333333333,954.0813954719456,524.1547634136737,3.1915331615972535,1,5,8,0
9.391666666666667,953.7720418004923,523.3707144206442,3.1366007453305067,1,5,8,0
9.4,954.0584922069175,523.4691290194196,3.101492597963394,1,5,8,0
9.408333333333333,953.4402284777515,522.5242338254642,3.132056083550694,1,5,8,0
9.416666666666666,953.1060068627107,521.5922424022192,3.128843599183831,1,5,8,0
9.425,954.2215636859413,521.6867532208283,3.1375888414151736,1,5,8,0
9.433333333333334,954.3306839037267,521.6819267738724,3.1614593598011265,1,5,8,0
9.441666666666666,954.8199612803439,521.7510715103167,3.1193042643668534,1,5,8,0
9.45,955.0616294629756,522.0893475788833,3.1751613500216442,1,5,8,0
9.458333333333334,954.4811644264854,522.1604225723767,3.151926472073671,1,5,8,0
9.466666666666667,954.5307254931339,522.2493879927622,3.144194045193037,1,5,8,0
9.475,955.0696639472128,521.7559177574071,3.1134297684051986,1,5,8,0
9.483333333333333,955.6815959386955,521.7975261325346,3.1010757465892786,1,5,8,0
9.491666666666667,893.6036335921268,500.5671604054926,3.173595929144223,1,5,8,0
9.5,893.5526156415767,500.331430853969,3.0977788813108704,1,5,8,0
9.508333333333333,955.7123204590721,521.2872694254529,3.13400067475866,1,5,8,0
9.516666666666667,954.995502645096,521.241375664323,3.139129245753145,1,5,8,0
9.525,954.7314358512135,520.3806588220493,3.1285363037025595,1,5,8,0
9.533333333333333,954.5689907749655,520.8732203458328,3.1472118203645714,1,5,8,0
9.541666666666666,954.8935630240934,521.1549982814116,3.14847518667794,1,5,8,0
9.55,954.8561253339439,520.5945382326119,3.1822671546072954,1,5,8,0
9.558333333333334,954.1472003630762,520.7208582300414,3.1658404699424234,1,5,8,0
9.566666666666666,954.0631230340824,521.0242457435085,3.166541897815692,1,5,8,0
9.575,954.7774648451782,521.2402912918301,3.1195532697946358,1,5,8,0
9.583333333333334,953.871657185848,520.6382965183028,3.142686699685345,1,5,8,0
9.591666666666667,954.5047088379931,520.6332742417034,3.167575372774366,1,5,8,0
9.6,955.4321218583483,520.8652213656145,3.1668983791732863,1,5,8,0
9.608333333333333,955.8802983438206,521.2283031631421,3.1594696233497515,1,5,8,0
9.616666666666667,956.9244571200628,521.8393726669302,3.106773295502732,1,5,8,0
9.625,957.389295605819,521.056583252123,3.138692254997344,1,5,8,0
9.633333333333333,957.6168343980459,521.3779476863713,3.1600601750139594,1,5,8,0
9.641666666666667,958.1897655648913,521.520162278295,3.159803333203412,1,5,8,0
9.65,958.624113822379,521.8594315675161,3.1499173771084807,1,5,8,0
9.658333333333333,958.4676082717511,521.9344028632261,3.1435834757817984,1,5,8,0
9.666666666666666,957.9716891339269,522.1875154843109,3.157553973292266,1,5,8,0
9.675,957.9526249732002,522.1649589343283,3.176718970398215,1,5,8,0
9.683333333333334,957.8242289350057,522.3954118225458,3.1600351545723013,1,5,8,0
9.691666666666666,957.778981238172,521.8184088467513,3.1752335954310023,1,5,8,0
9.7,957.7531927204891,522.3109942466476,3.1618262208223724,1,5,8,0
9.708333333333334,958.17567914088,522.9196798027901,3.178533201910893,1,5,8,0
9.716666666666667,958.2812147421038,522.890534941577,3.1724216585167193,1,5,8,0
9.725,957.3324863637138,522.6068921753802,3.1685183487427113,1,5,8,0
9.733333333333333,956.8996427343218,522.3742203886783,3.2032670957518885,1,5,8,0
9.741666666666667,956.2668712694052,521.4813569222739,3.1433104764753477,1,5,8,0
9.75,956.0541221573258,522.0369898437488,3.1435898108313904,1,5,8,0
9.758333333333333,955.8898753462554,522.1486292672917,3.1228456540975422,1,5,8,0
9.766666666666667,955.849418498031,521.8578332721324,3.1754294990095797,1,5,8,0
9.775,956.5302136947355,521.4494581501333,3.1871685854244505,1,5,8,0
9.783333333333333,956.3013339838157,520.6821609420595,3.168216534019819,1,5,8,0
9.791666666666666,956.5461757616802,520.9543368136704,3.183597974194803,1,5,8,0
9.8,956.5956899907417,520.492159765876,3.1615545423215607,1,5,8,0
9.808333333333334,956.3166535086395,521.4172335936137,3.203687261349967,1,5,8,0
9.816666666666666,956.258927862702,521.4419626420598,3.177408126755202,1,5,8,0
9.825,956.9761326517571,521.2637028703193,3.1712268610841674,1,5,8,0
9.833333333333334,957.3006509327447,521.6655206948265,3.2152289412143245,1,5,8,0
9.841666666666667,957.6556991802333,522.1960438314949,3.193393094026616,1,5,8,0
9.85,957.272220501721,522.4110812740408,3.1779350007114657,1,5,8,0
9.858333333333333,957.5585432714996,522.6756202670124,3.1914469383110053,1,5,8,0
9.866666666666667,957.5901892080574,522.8572979867962,3.2103395989316437,1,5,8,0
9.875,957.0166176870803,523.0895796134415,3.2219873061504747,1,5,8,0
9.883333333333333,957.5292109646274,522.8601118482039,3.212701387846018,1,5,8,0
9.891666666666667,957.820514911582,522.11925618643,3.2118367438839974,1,5,8,0
9.9,957.9333038183454,521.5211755368658,3.2043520675531307,1,5,8,0
9.908333333333333,958.1460587285809,521.9507804651621,3.195495076630384,1,5,8,0
9.916666666666666,957.7989345889249,522.1474674706072,3.1880218833201703,1,5,8,0
9.925,957.2860192698288,521.848194403502,3.183106873228225,1,5,8,0
9.933333333333334,,,,0,5,8,0
9.941666666666666,,,,0,5,8,0
9.95,,,,0,5,8,0
9.958333333333334,,,,0,5,8,0
9.966666666666667,,,,0,5,8,0
9.975,,,,0,5,8,0
9.983333333333333,,,,0,5,8,0
9.991666666666667,957.0666659873713,520.9258516870057,3.2261628567383474,1,5,8,0
10.0,957.0702810018663,520.8184942480067,3.2042034339893637,1,5,8,0
10.008333333333333,956.8242945306405,520.5466529586827,3.2210027755257187,1,5,8,0
10.016666666666667,957.6095001788004,519.9719802552197,3.229141814681508,1,5,8,0
10.025,957.1388649760385,519.9675550742894,3.2122381731509595,1,5,8,0
10.033333333333333,956.736731621091,520.0619389924174,3.2131392972898505,1,5,8,0
10.041666666666666,956.4098631620061,519.8075285045178,3.1819126176563683,1,5,8,0
10.05,956.233919749752,520.1738320198865,3.208512622205719,1,5,8,0
10.058333333333334,955.7911065710339,520.2287457491042,3.22396608852748,1,5,8,0
10.066666666666666,955.6371303894285,520.5377582060571,3.18683320739472,1,5,8,0
10.075,955.6510456864895,520.9649763562514,3.228800664034594,1,5,8,0
10.083333333333334,957.0275283574,520.7401648171817,3.1921984341615848,1,5,8,0
10.091666666666667,957.5201257025032,520.6749588940551,3.2380143500983998,1,5,8,0
10.1,958.1005305573007,520.2763187514508,3.2258560008599595,1,5,8,0
10.108333333333333,957.9661079932908,520.1404198731284,3.2443821486078384,1,5,8,0
10.116666666666667,957.9404323329393,520.3698058000105,3.2086158290634126,1,5,8,0
10.125,957.2976523799547,520.2994042816264,3.2401916079858015,1,5,8,0
10.133333333333333,957.3037439840714,520.2132803014906,3.2026233086539904,1,5,8,0
10.141666666666667,956.9665210705473,519.6767978745949,3.211908534575822,1,5,8,0
10.15,956.7243663561105,519.9132715482854,3.196323326823189,1,5,8,0
10.158333333333333,956.5055266188051,520.438636321764,3.230154544927053,1,5,8,0
10.166666666666666,956.6828999360298,519.2327148341463,3.194785145666834,1,5,8,0
10.175,956.5794933306925,518.944410882418,3.204109680146714,1,5,8,0
10.183333333333334,955.115953212601,518.5272432525799,3.2064440501836446,1,5,8,0
10.191666666666666,954.7666114594766,519.0611106168888,3.1889926691234485,1,5,8,0
10.2,954.4762841665973,519.2765433627927,3.241489587154023,1,5,8,0
10.208333333333334,954.1060881818057,519.4628540672621,3.240716475637043,1,5,8,0
10.216666666666667,953.095158192705,519.3607715433063,3.236161316254249,1,5,8,0
10.225,953.4436318360747,519.2220591672785,3.230867223932786,1,5,8,0
10.233333333333333,953.2048826850685,519.7023899289973,3.21992948820658,1,5,8,0
10.241666666666667,954.4693738229481,519.5261423578613,3.2241224432523143,1,5,8,0
10.25,954.2285974698382,519.2473028450896,3.2270772851548686,1,5,8,0
10.258333333333333,954.6247045669668,519.4213954884268,3.215154536150525,1,5,8,0
10.266666666666667,954.413284580065,519.3451930909602,3.2244046814824014,1,5,8,0
10.275,955.249722998902,518.327446251396,3.21344060807772,1,5,8,0
10.283333333333333,954.9311443963202,518.667175923782,3.2503387040386977,1,5,8,0
10.291666666666666,954.2678780551117,518.0168652038948,3.268412535313975,1,5,8,0
10.3,953.9698085986333,517.8948257049726,3.2266348650106007,1,5,8,0
10.308333333333334,953.6670993741842,518.5911768965643,3.275183283832331,1,5,8,0
10.316666666666666,953.0154025257344,518.7056290871419,3.251879794392075,1,5,8,0
10.325,952.4455956763063,518.1707649717756,3.280962570223356,1,5,8,0
10.333333333333334,952.4023698879238,517.8296062036495,3.2648336806863147,1,5,8,0
10.341666666666667,952.9424545939163,518.4639518349784,3.2855316113615562,1,5,8,0
10.35,952.6464051008012,518.7074741288134,3.2293087044395508,1,5,8,0
10.358333333333333,951.2205499758574,517.8677876695592,3.260222262231924,1,5,8,0
10.366666666666667,951.4897721735687,518.788566491853,3.263443730699188,1,5,8,0
10.375,951.536766228399,518.8578624511259,3.2848257066048494,1,5,8,0
10.383333333333333,951.558554601704,518.9552719519332,3.2686098350873225,1,5,8,0
10.391666666666667,951.8845246127221,519.7070268516767,3.3040987949024645,1,5,8,0
10.4,951.3845913083952,519.8220379195408,3.2841304743367092,1,5,8,0
10.408333333333333,952.3155334521115,519.8456378283882,3.3065643078674127,1,5,8,0
10.416666666666666,952.4566063604806,519.4955491455373,3.2854840710324034,1,5,8,0
10.425,952.5896629303081,520.1930492514258,3.2768100585964293,1,5,8,0
10.433333333333334,952.4708707446898,519.9721433869546,3.2782592421532706,1,5,8,0
10.441666666666666,952.7974688104042,519.5432612742817,3.3289261964309897,1,5,8,0
10.45,953.1068602090577,520.0235285932208,3.3160474755167932,1,5,8,0
10.458333333333334,952.965325505317,520.6029371718753,3.285819727243097,1,5,8,0
10.466666666666667,952.2412401302544,519.7966094229184,3.2737100598089244,1,5,8,0
10.475,951.9709950457708,519.4202113604499,3.297717978164689,1,5,8,0
10.483333333333333,952.0771440874272,519.3816429341384,3.315035757127866,1,5,8,0
10.491666666666667,952.3525121290415,519.3590480753727,3.304348218655775,1,5,8,0
10.5,952.1629685207087,519.4280346374331,3.343021678150192,1,5,8,0
10.508333333333333,951.735349529292,519.0351124813649,3.323767916511939,1,5,8,0
10.516666666666667,951.7753355200396,518.2369926004717,3.2639710380515585,1,5,8,0
10.525,951.9727156338466,518.0537709784013,3.3572830690530524,1,5,8,0
10.533333333333333,952.2485679128482,517.8354912182439,3.2687095951724174,1,5,8,0
10.541666666666666,1313.4714186478548,538.4002070122118,3.315153029990579,1,5,8,0
10.55,1312.7598631197877,538.192978081887,3.318872941911376,1,5,8,0
10.558333333333334,950.9636894342433,517.879431060445,3.3086115505935045,1,5,8,0
10.566666666666666,951.7348334366176,518.3814021633275,3.280177979852544,1,5,8,0
10.575,951.0355249898605,517.7703632599907,3.3208875240697946,1,5,8,0
10.583333333333334,950.2838187013218,517.5199762199011,3.3007846407973145,1,5,8,0
10.591666666666667,949.9039308319989,516.7571019049697,3.3330046439774863,1,5,8,0
10.6,950.5051884378687,517.479011513856,3.3354558485940724,1,5,8,0
10.608333333333333,950.5960688141447,516.6922956717702,3.306969890339807,1,5,8,0
10.616666666666667,949.7913381586632,517.1168603057464,3.2724220703259275,1,5,8,0
10.625,949.6727864610359,517.0022610106049,3.3074410319651184,1,5,8,0
10.633333333333333,949.5902180257564,515.7635186719817,3.311026391810996,1,5,8,0
10.641666666666667,949.8520830794776,516.2486356162219,3.263261530212113,1,5,8,0
10.65,949.9669630079261,515.8035687762256,3.2943640324788,1,5,8,0
10.658333333333333,949.7087468541397,515.9577314186793,3.2837446240720722,1,5,8,0
10.666666666666666,949.5854074905601,516.0070902595995,3.2947029968404036,1,5,8,0
10.675,950.0427736302828,515.6358671213488,3.3119053032026384,1,5,8,0
10.683333333333334,950.4784973465278,515.5547762536182,3.298706629088764,1,5,8,0
10.691666666666666,950.5550112391853,516.2501126600338,3.27558114411456,1,5,8,0
10.7,950.3743613693513,516.235181489607,3.304521490683052,1,5,8,0
10.708333333333334,950.5612961095376,516.6615348889637,3.278221121285077,1,5,8,0
10.716666666666667,950.4734172575987,516.4952513072907,3.281629815039564,1,5,8,0
10.725,951.411339080253,516.4660405439909,3.266805827871882,1,5,8,0
10.733333333333333,951.745739773956,515.9140608548416,3.2757736382931526,1,5,8,0
10.741666666666667,952.463618173927,515.3811427440933,3.2865284070882455,1,5,8,0
10.75,952.146070224204,515.4364867248343,3.2878406959673763,1,5,8,0
10.758333333333333,951.3988024303359,515.8302012213184,3.2711104318881756,1,5,8,0
10.766666666666667,951.8982142773827,515.7940459836705,3.2820176834962504,1,5,8,0
10.775,952.4792447465039,515.9679893121903,3.240842594433815,1,5,8,0
10.783333333333333,952.0162304594849,515.6908848156618,3.3215667859655746,1,5,8,0
10.791666666666666,952.8700652739356,515.4904733974034,3.288090719570653,1,5,8,0
10.8,953.2628366434021,515.4239157624137,3.2610909944655697,1,5,8,0
10.808333333333334,952.8112893684049,515.1182872568454,3.2683706544228763,1,5,8,0
10.816666666666666,952.3049413578791,515.6794581507816,3.2673020199504563,1,5,8,0
10.825,952.1688719990336,514.8396698003093,3.2864986144594877,1,5,8,0
10.833333333333334,952.4925026315677,515.0684898110819,3.2990634776817913,1,5,8,0
10.841666666666667,952.427520961998,514.3855857846045,3.290319456251828,1,5,8,0
10.85,952.8919512407097,514.7227714693372,3.2847072425181594,1,5,8,0
10.858333333333333,952.4983640067187,515.2837794709627,3.2473091982664566,1,5,8,0
10.866666666666667,953.181106057849,516.1963782899359,3.2453832048707802,1,5,8,0
10.875,953.0805762500156,515.6181735042366,3.247869197777918,1,5,8,0
10.883333333333333,951.8957536812057,515.8978177918624,3.2767310236174576,1,5,8,0
10.891666666666667,951.6407099194855,516.0382577761058,3.269894764699062,1,5,8,0
10.9,950.3893579676895,516.8137455485036,3.274445886757263,1,5,8,0
10.908333333333333,950.230577856841,517.2346663421802,3.291910134598234,1,5,8,0
10.916666666666666,951.3814159136416,517.7837089930902,3.2869606942996072,1,5,8,0
10.925,951.6239431707526,517.7666523844124,3.3030924030770024,1,5,8,0
10.933333333333334,950.8393567132028,517.0444646675272,3.300700013817831,1,5,8,0
10.941666666666666,951.0128843009078,516.4381181372771,3.3194724128859794,1,5,8,0
10.95,951.3001924262111,515.9599173357651,3.2864699684621717,1,5,8,0
10.958333333333334,952.0110875163728,515.7593812142559,3.3333351016116253,1,5,8,0
10.966666666666667,952.6482551023284,515.0734656712555,3.2449215053920137,1,5,8,0
10.975,953.0872843574263,514.3142887722377,3.2629162453633933,1,5,8,0
10.983333333333333,952.89250313698,514.1114522550104,3.290790232929918,1,5,8,0
10.991666666666667,952.3887291484568,513.8771971328488,3.263061647224504,1,5,8,0
11.0,952.0538599438963,513.9845940545189,3.287407030645705,1,5,8,0
11.008333333333333,951.7709798750142,513.3836850794363,3.280939146847148,1,5,8,0
11.016666666666667,951.4690786692066,512.300814068991,3.2822965342529784,1,5,8,0
11.025,950.8405988895423,511.5184157944536,3.295840505437915,1,5,8,0
11.033333333333333,950.1694812833099,511.4291946271508,3.28581494368237,1,5,8,0
11.041666666666666,950.7797953537356,511.47710156116733,3.323659367981651,1,5,8,0
11.05,950.5822690771994,511.4137016875571,3.306405271083708,1,5,8,0
11.058333333333334,950.7231954904096,511.6392890874495,3.3011674017367376,1,5,8,0
11.066666666666666,950.6949744892955,512.1614661252687,3.3375071762429647,1,5,8,0
11.075,950.3771215324788,512.6502539774222,3.3051241113330017,1,5,8,0
11.083333333333334,950.8937226330604,512.4018238185217,3.280850754751762,1,5,8,0
11.091666666666667,951.1506204325377,511.5032301217771,3.2718782563541002,1,5,8,0
11.1,950.7629297207768,511.89099873026817,3.3049279607894677,1,5,8,0
11.108333333333333,950.7179154092802,511.1936836623144,3.3182716717000273,1,5,8,0
11.116666666666667,950.7890638163256,510.78749714007773,3.306230303431912,1,5,8,0
11.125,950.2535015308781,510.5161732923302,3.2891436915755956,1,5,8,0
11.133333333333333,950.7565393829954,510.2941632486743,3.300403624289143,1,5,8,0
11.141666666666667,950.9097781302953,509.38391939932865,3.272309136721987,1,5,8,0
11.15,951.3418767151616,509.03316519359896,3.3215811176245094,1,5,8,0
11.158333333333333,951.1073849461673,508.69362459435746,3.3132240981654193,1,5,8,0
11.166666666666666,951.0912785867816,508.6204472639627,3.288457608249343,1,5,8,0
11.175,951.2894209038261,508.4789629030938,3.2947975460527434,1,5,8,0
11.183333333333334,951.0470348371297,508.8714673292663,3.3089778285839255,1,5,8,0
11.191666666666666,951.8941475913431,508.5141123655116,3.275789011988642,1,5,8,0
11.2,952.1641033828466,508.7684242728781,3.302157856254261,1,5,8,0
11.208333333333334,952.5417232554745,508.40240641657806,3.2759803654154513,1,5,8,0
11.216666666666667,953.0569483932205,508.53797366118886,3.2922650243348808,1,5,8,0
11.225,953.1737996432125,508.10978430406107,3.2909413302216293,1,5,8,0
11.233333333333333,952.4601015237839,508.10943426946045,3.25097892961298,1,5,8,0
11.241666666666667,952.7889419303323,508.3285293126901,3.281300885791648,1,5,8,0
11.25,953.3908003852222,507.7959665177485,3.266142749829105,1,5,8,0
11.258333333333333,953.5192624442798,507.68557462783883,3.3020851776276263,1,5,8,0
11.266666666666667,954.2856847126139,507.4594795395444,3.309568546556543,1,5,8,0
11.275,954.488601823218,507.39008403633886,3.2752319720840783,1,5,8,0
11.283333333333333,953.8220403644327,507.399863167126,3.277659517747864,1,5,8,0
11.291666666666666,953.9915700971972,508.2040530914451,3.307340261699057,1,5,8,0
11.3,953.8844954756505,508.06033661254014,3.2805743130985325,1,5,8,0
11.308333333333334,953.3579425069869,508.3188879103131,3.323619587471959,1,5,8,0
11.316666666666666,954.0512450366274,508.94539952877324,3.259094176569742,1,5,8,0
11.325,953.9663339721892,509.01111120704496,3.2983702395943535,1,5,8,0
11.333333333333334,953.454216852518,509.7407141729599,3.3208696654078453,1,5,8,0
11.341666666666667,953.0885925479996,510.1216416966242,3.317413017317939,1,5,8,0
11.35,952.4990144426433,510.3276791822917,3.285654882473834,1,5,8,0
11.358333333333333,952.3711526191018,510.15932474172513,3.2799738061690387,1,5,8,0
11.366666666666667,952.0603922274522,509.7814521058466,3.271679156423654,1,5,8,0
11.375,951.6761196051411,510.44439657476744,3.304431485268353,1,5,8,0
11.383333333333333,952.9705245610193,510.62925406058065,3.2942745493412637,1,5,8,0
11.391666666666667,953.1536654617702,511.16724331416,3.2948577202492992,1,5,8,0
11.4,953.616274849535,511.56919847517844,3.2705558646889084,1,5,8,0
11.408333333333333,954.4270931058292,511.39266916833725,3.2780276302726796,1,5,8,0
11.416666666666666,954.7119772764584,511.9414445240465,3.2974845966347637,1,5,8,0
11.425,954.6501426099264,511.6936876537333,3.2785246616362866,1,5,8,0
11.433333333333334,955.0201188347202,511.69567457978064,3.283611994593347,1,5,8,0
11.441666666666666,,,,0,5,8,0
11.45,,,,0,5,8,0
11.458333333333334,,,,0,5,8,0
11.466666666666667,,,,0,5,8,0
11.475,,,,0,5,8,0
11.483333333333333,,,,0,5,8,0
11.491666666666667,,,,0,5,8,0
11.5,,,,0,5,8,0
11.508333333333333,954.6517471088914,510.69126253945814,3.2932608178905793,1,5,8,0
11.516666666666667,955.4337809089071,511.3497284100515,3.2568673203675313,1,5,8,0
11.525,955.7005106557176,511.448536917103,3.278362972172849,1,5,8,0
11.533333333333333,955.7785622789928,510.36203693402905,3.293853836287884,1,5,8,0
11.541666666666666,955.1263971926791,511.8201100502914,3.3117175930198277,1,5,8,0
11.55,954.9386037938397,511.74500732642844,3.285541389536258,1,5,8,0
11.558333333333334,955.0659376895422,510.8956491589511,3.25972279355426,1,5,8,0
11.566666666666666,954.9772649864923,510.13405365713044,3.2828810235506607,1,5,8,0
11.575,954.5159523544891,510.3333959675724,3.281670280256128,1,5,8,0
11.583333333333334,953.9845311806433,510.4553844517355,3.274959397522446,1,5,8,0
11.591666666666667,954.6274409991805,510.9158284811905,3.2948766964171567,1,5,8,0
11.6,954.5560054032292,509.8771173217748,3.2982708927233104,1,5,8,0
11.608333333333333,954.9147105786219,509.94448284117186,3.2896972988922535,1,5,8,0
11.616666666666667,955.4389425034855,509.6979181103913,3.30757505249632,1,5,8,0
11.625,955.4330617793496,508.99123702862113,3.284435603779894,1,5,8,0
11.633333333333333,955.3554483568643,509.0141866046381,3.283470293745041,1,5,8,0
11.641666666666667,955.2287315807556,509.27399337869116,3.279865196845072,1,5,8,0
11.65,955.149052341453,509.47267161453567,3.2684683763281113,1,5,8,0
11.658333333333333,954.3632456618163,509.48138541990585,3.2658903626059232,1,5,8,0
11.666666666666666,954.6439717737205,508.79173020830444,3.3077337889288287,1,5,8,0
11.675,954.2907468700214,509.66700210663373,3.3199567318685608,1,5,8,0
11.683333333333334,954.465703664292,509.5583458298912,3.2992814939136488,1,5,8,0
11.691666666666666,954.9308186172004,508.6784796966064,3.2547051677492695,1,5,8,0
11.7,954.8670890194459,508.1096012179409,3.3028555352460636,1,5,8,0
11.708333333333334,954.544564506264,508.5388011526445,3.2733143275696337,1,5,8,0
11.716666666666667,954.4750814883902,508.8557914862968,3.301689783524125,1,5,8,0
11.725,954.6394641840596,508.2624805078618,3.278472826167814,1,5,8,0
11.733333333333333,954.5545565179257,509.78600928069005,3.3137826758258337,1,5,8,0
11.741666666666667,953.9555804053705,509.9845227377539,3.2527226023929634,1,5,8,0
11.75,954.266762208624,509.2380951956943,3.2632968814530936,1,5,8,0
11.758333333333333,954.6461828760813,509.0243016946557,3.2821558472557375,1,5,8,0
11.766666666666667,954.3644710078333,508.8819055040755,3.2683674721757323,1,5,8,0
11.775,954.5281287305412,508.23153102820277,3.3016829945374964,1,5,8,0
11.783333333333333,954.9544572368118,507.74438368121207,3.252593027714392,1,5,8,0
11.791666666666666,954.182211973078,507.61883351922546,3.2897070625221483,1,5,8,0
11.8,953.835924535611,507.8766162601481,3.292155500534919,1,5,8,0
11.808333333333334,954.4235913403675,508.00015841713827,3.289073952887004,1,5,8,0
11.816666666666666,954.3288821732922,507.7436274888154,3.3058030133850944,1,5,8,0
11.825,954.1439991248637,507.84974766223434,3.2458624467118105,1,5,8,0
11.833333333333334,954.323689951623,507.4170242916634,3.250909478799127,1,5,8,0
11.841666666666667,954.6031494517924,506.66733252863395,3.2606912325569324,1,5,8,0
11.85,954.808729464724,506.70539771847257,3.2357612505661444,1,5,8,0
11.858333333333333,954.4364678470035,507.086431222364,3.2612241865452702,1,5,8,0
11.866666666666667,954.336744088638,507.59925534584204,3.2676413666486575,1,5,8,0
11.875,954.5922802833614,507.35342661288814,3.285251108598595,1,5,8,0
11.883333333333333,954.025767839429,507.2640893369644,3.2893150969440192,1,5,8,0
11.891666666666667,954.7871206764294,507.3384420792729,3.2893424589946063,1,5,8,0
11.9,954.6966104696635,507.5317080128291,3.2801580795860867,1,5,8,0
11.908333333333333,955.3733705708823,507.9630881416259,3.254306726186235,1,5,8,0
11.916666666666666,954.9267003496587,508.86070537786054,3.2543331824166866,1,5,8,0
11.925,954.8636882173677,508.6540188256481,3.2627723741731307,1,5,8,0
11.933333333333334,954.524962635814,509.5678941284915,3.293575507394538,1,5,8,0
11.941666666666666,954.37239510597,509.04564088513496,3.260498877889255,1,5,8,0
11.95,953.6197155661347,509.4284586649802,3.2402045768057843,1,5,8,0
11.958333333333334,954.9284810090601,508.47413779316184,3.2671338887277828,1,5,8,0
11.966666666666667,954.6159264918149,508.9604308944673,3.2473412297907993,1,5,8,0
11.975,954.2128010697633,508.649149615258,3.2528286572052547,1,5,8,0
11.983333333333333,954.1055525183762,507.9969280237331,3.253865067759138,1,5,8,0
11.991666666666667,954.4617010611976,507.6541151812635,3.2694064217298813,1,5,8,0
12.0,955.1908596124573,507.74141782746926,3.2248753419311877,1,5,8,0
12.008333333333333,955.3093351466541,507.95578500195893,3.2860730606946276,1,5,8,0
12.016666666666667,955.0940046938342,507.25447550290846,3.27354384966193,1,5,8,0
12.025,955.7551505272139,507.933452305473,3.258018565322112,1,5,8,0
12.033333333333333,955.2635489608862,508.3054791073397,3.2780841260714926,1,5,8,0
12.041666666666666,955.1001041465648,507.6314919438663,3.2952910492413148,1,5,8,0
12.05,954.9801567321317,507.3656782829237,3.247724626181612,1,5,8,0
12.058333333333334,954.2651398828348,507.96876236613684,3.2413702972573173,1,5,8,0
12.066666666666666,954.4729709127406,508.53076814103486,3.257426613337127,1,5,8,0
12.075,953.9125569046506,508.37357945140394,3.2111733851858646,1,5,8,0
12.083333333333334,953.4883398582086,507.8895487474475,3.255913339341785,1,5,8,0
12.091666666666667,953.504206457466,506.9010943542433,3.2614641861210436,1,5,8,0
12.1,953.5224186111752,507.4455542696786,3.2257502106069857,1,5,8,0
12.108333333333333,952.874273211122,506.9833799600151,3.242501925700315,1,5,8,0
12.116666666666667,952.995447660833,506.70678091752836,3.2407893515062725,1,5,8,0
12.125,953.010839889964,506.54167217695556,3.2651660018844084,1,5,8,0
12.133333333333333,952.7061869275312,506.9446314193625,3.249515996460417,1,5,8,0
12.141666666666667,953.2736096330395,506.4175855227256,3.220411113497051,1,5,8,0
12.15,953.6774895329211,507.01354305155246,3.227514306115461,1,5,8,0
12.158333333333333,952.9719850046177,507.1816853133123,3.225540462965284,1,5,8,0
12.166666666666666,952.7314931819365,506.8047426053429,3.248978291024783,1,5,8,0
12.175,953.4427441089422,506.6735870858284,3.2402369525360477,1,5,8,0
12.183333333333334,953.4725943782737,507.449951512949,3.280850780179223,1,5,8,0
12.191666666666666,954.1398902965892,506.9161454206934,3.2832311961978786,1,5,8,0
12.2,953.9341357764682,507.36470657214585,3.2544388351006104,1,5,8,0
12.208333333333334,954.0880260420641,507.4418080851968,3.1938543802565036,1,5,8,0
12.216666666666667,953.6154525962472,508.12010847436477,3.253857670248362,1,5,8,0
12.225,953.7393553333683,508.45187414225376,3.208332518628272,1,5,8,0
12.233333333333333,953.5767303503885,508.4719038506665,3.2212245720029022,1,5,8,0
12.241666666666667,954.6288801344499,509.1115755290032,3.2201998389530835,1,5,8,0
12.25,954.9581220001243,509.18058925717105,3.2287743398263666,1,5,8,0
12.258333333333333,955.0477275611769,509.49372307359454,3.202553359752383,1,5,8,0
12.266666666666667,955.1284841189653,509.536281889582,3.2346936639578128,1,5,8,0
12.275,955.6462716219395,509.5971500700193,3.228294103464939,1,5,8,0
12.283333333333333,955.6176871688035,509.64735984399687,3.224031506058252,1,5,8,0
12.291666666666666,955.0534934655132,509.19265625170175,3.219965686066014,1,5,8,0
12.3,955.5037376852874,508.86651637456316,3.2513844875341222,1,5,8,0
12.308333333333334,955.4061088485109,509.1106705885095,3.2348220510516286,1,5,8,0
12.316666666666666,954.9693311688882,509.5121860524453,3.237337842629019,1,5,8,0
12.325,954.2290679978106,509.0934908385062,3.1859067938507226,1,5,8,0
12.333333333333334,954.541296265734,509.226250480709,3.2196447206628527,1,5,8,0
12.341666666666667,954.6834227052746,509.4863461205396,3.21770472603336,1,5,8,0
12.35,954.7685342310255,508.5495557440467,3.2162424035204844,1,5,8,0
12.358333333333333,955.4492598423411,509.03801647497323,3.174840145627279,1,5,8,0
12.366666666666667,955.4392464277823,509.31387543330203,3.188199330772037,1,5,8,0
12.375,955.6531805967126,509.14259132100244,3.198600110847951,1,5,8,0
12.383333333333333,956.1344114412676,510.24639528455197,3.230122973194317,1,5,8,0
12.391666666666667,955.9251684462273,509.89865714319524,3.2467756226668625,1,5,8,0
12.4,956.1243654115877,510.20036325546874,3.196102300631448,1,5,8,0
12.408333333333333,956.3640905735226,509.63480208255874,3.220673191488506,1,5,8,0
12.416666666666666,956.784622228645,510.1111197667746,3.241141918510812,1,5,8,0
12.425,956.7648894793288,510.5371120909748,3.2045442397684196,1,5,8,0
12.433333333333334,958.2164339078871,510.15189024391265,3.1981279972049683,1,5,8,0
12.441666666666666,957.8933601962918,510.1742942101537,3.1643668025565876,1,5,8,0
12.45,958.1307852535626,509.34009218978565,3.247804875227294,1,5,8,0
12.458333333333334,957.9398490602737,510.19867786741736,3.1891693564173647,1,5,8,0
12.466666666666667,958.1417542307925,511.071605744975,3.190866644751356,1,5,8,0
12.475,957.8992271802675,511.32737272128793,3.189621278903314,1,5,8,0
12.483333333333333,957.5498431968585,511.6538266949824,3.186925125703739,1,5,8,0
12.491666666666667,958.0107435914632,511.6937756576752,3.1896386235315375,1,5,8,0
12.5,957.0666531362019,511.9963468203781,3.198265653404896,1,5,8,0
12.508333333333333,956.8154286459438,511.4850177256559,3.1933360418217522,1,5,8,0
12.516666666666667,956.8114232334777,511.48542974801444,3.2386215354564545,1,5,8,0
12.525,957.1488017006403,511.7391951921506,3.1973020264016188,1,5,8,0
12.533333333333333,957.0107399489697,511.6596187259848,3.169869401451555,1,5,8,0
12.541666666666666,956.3757963880468,511.6397660155647,3.2320660015060065,1,5,8,0
12.55,954.997457831734,512.085386121194,3.2141953828220773,1,5,8,0
12.558333333333334,954.7003665081819,512.226450037389,3.1921721042374305,1,5,8,0
12.566666666666666,954.5032828902181,512.0957140126219,3.217542065830259,1,5,8,0
12.575,955.1785467176003,512.559380089372,3.1813767991978894,1,5,8,0
12.583333333333334,955.1304120735293,512.091468902004,3.2234813064058634,1,5,8,0
12.591666666666667,955.2336749412093,512.9648238234695,3.178076171600995,1,5,8,0
12.6,954.8687434069546,514.0045187012762,3.188523592142843,1,5,8,0
12.608333333333333,954.7099558521475,513.8371611008379,3.1736172805532705,1,5,8,0
12.616666666666667,954.5744654819772,514.1458887245396,3.164418165832491,1,5,8,0
12.625,954.1349621759365,513.7933040244161,3.179756621024365,1,5,8,0
12.633333333333333,955.1192537143127,514.0445004644865,3.187311639895218,1,5,8,0
12.641666666666667,954.2536205828828,514.8301367274263,3.1980360419404152,1,5,8,0
12.65,955.2936102345428,514.6783422054004,3.210950840798531,1,5,8,0
12.658333333333333,954.3926876317867,515.4145802944341,3.1678161218150906,1,5,8,0
12.666666666666666,,,,0,5,8,0
12.675,,,,0,5,8,0
12.683333333333334,,,,0,5,8,0
12.691666666666666,,,,0,5,8,0
12.7,,,,0,5,8,0
12.708333333333334,,,,0,5,8,0
12.716666666666667,,,,0,5,8,0
12.725,,,,0,5,8,0
12.733333333333333,,,,0,5,8,0
12.741666666666667,,,,0,5,8,0
12.75,,,,0,5,8,0
12.758333333333333,,,,0,5,8,0
12.766666666666667,,,,0,5,8,0
12.775,,,,0,5,8,0
12.783333333333333,,,,0,5,8,0
12.791666666666666,,,,0,5,8,0
12.8,,,,0,5,8,0
12.808333333333334,,,,0,5,8,0
12.816666666666666,953.2065112317108,516.164433454399,3.142595495033607,1,5,8,0
12.825,953.8088864155192,517.0141863215018,3.1633060023909705,1,5,8,0
12.833333333333334,953.9873520553429,516.1787818981081,3.179571311685103,1,5,8,0
12.841666666666667,953.5605217240468,516.2798663789446,3.1653774615145935,1,5,8,0
12.85,953.5745253691744,515.9984124059681,3.136790745797602,1,5,8,0
12.858333333333333,954.3576509533045,515.537884727832,3.1786466146642756,1,5,8,0
12.866666666666667,953.8499178022017,515.7600668238194,3.158196162793492,1,5,8,0
12.875,953.4773174267177,515.4117196143328,3.127936784802729,1,5,8,0
12.883333333333333,953.8262866027823,514.6749893206921,3.1441195255299657,1,5,8,0
12.891666666666667,954.2907474117482,514.4151535333065,3.1486862926838133,1,5,8,0
12.9,954.2075131542665,514.839976176744,3.167911150536682,1,5,8,0
12.908333333333333,953.9212088602379,514.6393426093027,3.16576293422611,1,5,8,0
12.916666666666666,954.2141308710015,514.1096054874693,3.16109269096001,1,5,8,0
12.925,954.198852295436,515.3714965819922,3.1541315913972987,1,5,8,0
12.933333333333334,954.0155133765976,515.5956839357616,3.180774788748609,1,5,8,0
12.941666666666666,953.875189678893,514.6702864302111,3.1317317427280704,1,5,8,0
12.95,953.5876517459089,514.284910534741,3.1502408337246885,1,5,8,0
12.958333333333334,953.304852294588,513.2752856555342,3.156253785273839,1,5,8,0
12.966666666666667,953.289077591172,513.388534111501,3.1780688921744944,1,5,8,0
12.975,953.0891243933474,514.0774169930152,3.1744811995380364,1,5,8,0
12.983333333333333,953.1711821786602,514.2248043016826,3.136962525000955,1,5,8,0
12.991666666666667,953.1877060058818,513.4213488320322,3.1062944107629464,1,5,8,0
13.0,954.0881687887304,512.8278228915277,3.1644108110434863,1,5,8,0
13.008333333333333,954.1656517273298,512.8014834302434,3.1454568699888354,1,5,8,0
13.016666666666667,954.1203839325957,513.7561976262717,3.152724132500152,1,5,8,0
13.025,953.9335588909618,513.8077993773542,3.1254245900716873,1,5,8,0
13.033333333333333,954.1111185648693,513.4769363261822,3.127929278569508,1,5,8,0
13.041666666666666,954.6701167125361,513.3777896529966,3.1190947255362893,1,5,8,0
13.05,953.8647437192614,513.5117204275006,3.1442359303888643,1,5,8,0
13.058333333333334,953.5263651041577,513.7616068996141,3.138000497641089,1,5,8,0
13.066666666666666,953.692586280142,514.1214180669873,3.151636856556887,1,5,8,0
13.075,709.3349095999536,289.0453635226732,3.107474823100145,1,5,8,0
13.083333333333334,708.5587993868908,288.6648420580586,3.1492295764072336,1,5,8,0
13.091666666666667,954.0457529246569,513.8188160910737,3.1105573999503733,1,5,8,0
13.1,953.5332595890433,513.9067063802488,3.159339967503983,1,5,8,0
13.108333333333333,953.7028078580529,513.9271360096947,3.1323858077766666,1,5,8,0
13.116666666666667,954.4375263167858,513.9021883974785,3.1300456117606097,1,5,8,0
13.125,955.1904964642283,513.9350670908136,3.1442251701196167,1,5,8,0
13.133333333333333,954.9327205912849,514.5791058769055,3.140934735275128,1,5,8,0
13.141666666666667,954.2964800718635,515.2617971899606,3.1104162261534514,1,5,8,0
13.15,953.447612055415,514.9785189686052,3.112839249905612,1,5,8,0
13.158333333333333,952.949004586167,515.7228738133446,3.1616960211585208,1,5,8,0
13.166666666666666,953.2191605590757,515.4635558248476,3.1023751580762213,1,5,8,0
13.175,953.6642339671697,515.8587579724415,3.1243781911744386,1,5,8,0
13.183333333333334,954.1975388406767,515.5693283926574,3.1329442463514594,1,5,8,0
13.191666666666666,954.6538889751819,516.0112687652849,3.12625052915192,1,5,8,0
13.2,953.7438957542073,516.1140977178898,3.1183288768798687,1,5,8,0
13.208333333333334,954.5592151909523,515.5861507100509,3.11866507139487,1,5,8,0
13.216666666666667,955.0198962818599,515.0720561685199,3.1092323526191,1,5,8,0
13.225,954.9838121573198,515.3917098472319,3.123179769206007,1,5,8,0
13.233333333333333,955.3083422665718,515.5141484020073,3.1636570045445014,1,5,8,0
13.241666666666667,955.0239624189023,515.0732790312529,3.0988780150507322,1,5,8,0
13.25,954.5558987185029,514.9122451337911,3.1068114671980585,1,5,8,0
13.258333333333333,955.13715159583,514.7720526301408,3.0771121162660036,1,5,8,0
13.266666666666667,955.0446509705461,514.0983185755082,3.1391374214434644,1,5,8,0
13.275,955.4467958013003,513.0903259648429,3.128811243852827,1,5,8,0
13.283333333333333,955.8686809217937,513.2185109239833,3.106469512261585,1,5,8,0
13.291666666666666,955.5881074545498,512.1264945765674,3.133166484098992,1,5,8,0
13.3,956.0068314676128,511.93418864186106,3.114984328047454,1,5,8,0
13.308333333333334,955.2206459646403,512.4514760609261,3.1133919014175486,1,5,8,0
13.316666666666666,955.0325040826701,511.9285422208777,3.134202771038972,1,5,8,0
13.325,954.9686894487265,513.4807867605539,3.1143574201434596,1,5,8,0
13.333333333333334,954.7084700761109,513.2766803121114,3.122014869330339,1,5,8,0
13.341666666666667,954.4998327673479,512.903049788458,3.07043517912292,1,5,8,0
13.35,954.6035092261673,512.8280332838484,3.101567041346169,1,5,8,0
13.358333333333333,954.651718227521,513.4431297117932,3.1072841268486036,1,5,8,0
13.366666666666667,954.8193036800471,513.2752063891493,3.1002101345743895,1,5,8,0
13.375,954.5122059159036,512.9459026245211,3.113372059720895,1,5,8,0
13.383333333333333,954.345272965606,512.7319462923872,3.1105705548967855,1,5,8,0
13.391666666666667,955.2459302854242,511.3246802567783,3.0948460677384384,1,5,8,0
13.4,955.6714747464672,511.4018379601775,3.1261103208385803,1,5,8,0
13.408333333333333,956.1384110055394,511.75451464771146,3.1254084038786774,1,5,8,0
13.416666666666666,955.4703219903658,511.62526474054505,3.098747704062322,1,5,8,0
13.425,956.1037086773999,512.058304565058,3.1195246505723926,1,5,8,0
13.433333333333334,955.7118907473131,512.3674531851522,3.0696871708241233,1,5,8,0
13.441666666666666,955.4206022954166,512.3292458209671,3.1167813016436106,1,5,8,0
13.45,955.7725598789381,512.15757022577,3.1355183605008325,1,5,8,0
13.458333333333334,955.4803612333639,512.5256824119434,3.068571063966402,1,5,8,0
13.466666666666667,955.4992581727762,512.2622406174107,3.1163191831312127,1,5,8,0
13.475,956.4040942871038,512.145078341552,3.093643195704135,1,5,8,0
13.483333333333333,957.6720404135141,512.4093031520338,3.122932545915924,1,5,8,0
13.491666666666667,957.4670608961559,513.4056804214644,3.0721245136242543,1,5,8,0
13.5,956.492369474789,514.1017750861686,3.099930836860582,1,5,8,0
13.508333333333333,955.7665448664098,514.0140957063488,3.094794223716957,1,5,8,0
13.516666666666667,956.7263265942838,513.4504117638241,3.121315714526701,1,5,8,0
13.525,956.8218673156537,512.8076364882293,3.0865446484154835,1,5,8,0
13.533333333333333,957.2287846528413,512.429436722531,3.1185618528842194,1,5,8,0
13.541666666666666,956.7216182864942,512.1244481327614,3.113204175543033,1,5,8,0
13.55,956.5616493055365,512.5786364454192,3.1500957320341545,1,5,8,0
13.558333333333334,956.5805887180125,511.96898155630834,3.110983685973227,1,5,8,0
13.566666666666666,955.8918664028755,511.88541641219257,3.0797857054993,1,5,8,0
13.575,956.2707701412982,511.687938303206,3.0736224104272436,1,5,8,0
13.583333333333334,956.6433363064918,511.7879640819487,3.0974768851255203,1,5,8,0
13.591666666666667,956.9103245666148,512.814944933413,3.1211392481763633,1,5,8,0
13.6,956.6359669180499,513.2213177201228,3.1029141817841595,1,5,8,0
13.608333333333333,956.6464723605013,512.331554309579,3.1259701581138244,1,5,8,0
13.616666666666667,956.7892609987106,512.3341736803144,3.0620737761966486,1,5,8,0
13.625,956.7078294565576,513.0513565410733,3.112457921384758,1,5,8,0
13.633333333333333,956.9590968444711,512.8066630726578,3.1233556302441503,1,5,8,0
13.641666666666667,957.3609831704932,513.0330275593816,3.125661901790688,1,5,8,0
13.65,957.8380991013686,512.5922151537533,3.1122971812959777,1,5,8,0
13.658333333333333,957.453508148581,512.5607722661869,3.114068724226835,1,5,8,0
13.666666666666666,956.3686416656765,511.65271770851905,3.0607191849640727,1,5,8,0
13.675,957.2714169716659,511.1045213708192,3.118662664572545,1,5,8,0
13.683333333333334,956.2506817337396,510.52181489978574,3.1018368425494853,1,5,8,0
13.691666666666666,956.0673503511478,510.3422142527537,3.1120008546600246,1,5,8,0
13.7,955.0158745293517,510.5051236853255,3.1152577342951115,1,5,8,0
13.708333333333334,954.641189774039,510.3517687369198,3.098546308407832,1,5,8,0
13.716666666666667,954.1589174739794,510.86346860807237,3.1020337746842532,1,5,8,0
13.725,953.8062345036848,511.1959410057961,3.129955450241037,1,5,8,0
13.733333333333333,954.5219998342876,511.02380537389655,3.123323503422984,1,5,8,0
13.741666666666667,954.8014671223398,511.58594069714866,3.1323350010562407,1,5,8,0
13.75,955.6429899517312,511.43810550132093,3.0631004467186616,1,5,8,0
13.758333333333333,955.9569880695334,511.3647188659199,3.0910905394201103,1,5,8,0
13.766666666666667,956.600631767394,512.2513775124106,3.114924396052784,1,5,8,0
13.775,956.5904601003184,511.7072490836027,3.109946881014032,1,5,8,0
13.783333333333333,955.9717060365914,511.3681900495662,3.1193042689005326,1,5,8,0
13.791666666666666,955.9042883859191,511.0755518495499,3.1166054338924774,1,5,8,0
13.8,955.6583962086751,511.13087410135125,3.082423090747166,1,5,8,0
13.808333333333334,956.1630220573812,511.1749618894063,3.110366527490019,1,5,8,0
13.816666666666666,956.949162167362,511.3532571204703,3.0886022839976723,1,5,8,0
13.825,956.8135420151889,510.8236758165779,3.09318702909705,1,5,8,0
13.833333333333334,956.2846783532564,510.3397612554887,3.0823085432536836,1,5,8,0
13.841666666666667,955.3996419507639,509.96940369125673,3.0872506233130204,1,5,8,0
13.85,955.982631101818,508.6450237663887,3.085593687157462,1,5,8,0
13.858333333333333,955.7372650007491,508.9873713248888,3.086423633704957,1,5,8,0
13.866666666666667,955.1514261125837,507.95391544937365,3.0773138075252806,1,5,8,0
13.875,955.2517601507668,507.73784848633085,3.0860715026732786,1,5,8,0
13.883333333333333,955.7865571888999,507.6701098401547,3.0884674437764237,1,5,8,0
13.891666666666667,956.1501557572686,507.2536661081202,3.1023609083230355,1,5,8,0
13.9,955.3202374237623,507.24311825040786,3.0665031017307958,1,5,8,0
13.908333333333333,955.8322918051871,507.64629389630085,3.109116063918526,1,5,8,0
13.916666666666666,955.7758347129126,508.1518366748741,3.0734074965173703,1,5,8,0
13.925,956.4639674772571,508.0685166845523,3.0784622099630186,1,5,8,0
13.933333333333334,957.8473012459242,508.3548843276286,3.09720283440585,1,5,8,0
13.941666666666666,958.6720369772828,508.0728942033699,3.100291346433216,1,5,8,0
13.95,958.8742312526113,508.65039756475784,3.1137243973337676,1,5,8,0
13.958333333333334,959.3454961183066,508.66005221170053,3.0731071475746745,1,5,8,0
13.966666666666667,960.6043352617008,507.4679162067121,3.12119230228658,1,5,8,0
13.975,960.6380476110627,508.259955221106,3.1107304499562,1,5,8,0
13.983333333333333,960.6189018281805,507.79597525947287,3.1263932738813116,1,5,8,0
13.991666666666667,960.5228047787875,507.28039787690454,3.0975968042367734,1,5,8,0
14.0,961.2868395771864,507.02943018248516,3.0667242795755545,1,5,8,0
14.008333333333333,961.698910387245,506.1013007021552,3.0816449084979483,1,5,8,0
14.016666666666667,961.5364231125246,505.78590003265634,3.1221560748109867,1,5,8,0
14.025,960.9453319178959,504.8783962272308,3.1184559714610685,1,5,8,0
14.033333333333333,961.048345859011,504.3332261819318,3.1018250769210534,1,5,8,0
14.041666666666666,960.0857617805515,505.5509008932571,3.113766089171602,1,5,8,0
14.05,959.7760691249244,505.5461389585275,3.070276755251829,1,5,8,0
14.058333333333334,959.0537529613814,505.6943713908481,3.0801958966173912,1,5,8,0
14.066666666666666,959.1289854337266,506.268217805861,3.075526140743027,1,5,8,0
14.075,959.2267521745018,506.3122087161747,3.111340737773795,1,5,8,0
14.083333333333334,959.9549765149881,506.88713607196576,3.1076761375088653,1,5,8,0
14.091666666666667,960.8912885321052,506.0727037326896,3.135950647342772,1,5,8,0
14.1,961.7912572106899,506.53104787994204,3.0795707816309634,1,5,8,0
14.108333333333333,961.6246481962353,506.3001672547903,3.1269293548910353,1,5,8,0
14.116666666666667,961.1151043247319,506.4344964206639,3.0952643311684547,1,5,8,0
14.125,960.9048000332201,506.30601970225484,3.1358746765631187,1,5,8,0
14.133333333333333,961.6947505372565,506.49801241971426,3.1175733354874606,1,5,8,0
14.141666666666667,962.1987413760487,506.84919390437545,3.1270882993226228,1,5,8,0
14.15,963.9947765603683,507.04597676946617,3.144939997951982,1,5,8,0
14.158333333333333,963.6419805333275,507.9144326308675,3.131876061904825,1,5,8,0
14.166666666666666,964.1346272015245,507.7310344620346,3.1271174513224675,1,5,8,0
14.175,964.5122834788069,508.34757800672037,3.1440986954062784,1,5,8,0
14.183333333333334,963.266367233114,508.3651788612101,3.122445436360712,1,5,8,0
14.191666666666666,962.9852264070196,507.98512115107644,3.1024346657880217,1,5,8,0
14.2,963.7826204391214,508.1599058129064,3.1313720589933225,1,5,8,0
14.208333333333334,964.1209083427243,507.35895863755815,3.09577809664995,1,5,8,0
14.216666666666667,964.1727933820584,507.83255177766245,3.132759470173586,1,5,8,0
14.225,964.7871226355574,507.46587935188893,3.1042416696987964,1,5,8,0
14.233333333333333,964.4005382816679,507.4102103299573,3.1372877393216125,1,5,8,0
14.241666666666667,964.4161118682694,507.9458729458479,3.150243539635963,1,5,8,0
14.25,964.5604080081097,507.3773065692582,3.0966172009587947,1,5,8,0
14.258333333333333,964.8866961408438,507.9976325637175,3.102178056421714,1,5,8,0
14.266666666666667,965.4788627188184,507.6833295113462,3.1364302324566298,1,5,8,0
14.275,966.0278426157275,507.0980161054271,3.0827674962812566,1,5,8,0
14.283333333333333,965.8212852193841,506.4778180473709,3.1037370497805847,1,5,8,0
14.291666666666666,966.7865291979097,506.9260042235437,3.100579123194394,1,5,8,0
14.3,966.2621773142672,506.41734869271426,3.1277763544058828,1,5,8,0
14.308333333333334,966.9062620868197,506.5347079820634,3.1005627250999885,1,5,8,0
14.316666666666666,966.8958118110679,507.1148751459299,3.136727163453736,1,5,8,0
14.325,967.2358798224052,507.1455215359141,3.1390903279867315,1,5,8,0
14.333333333333334,1195.0405932000835,500.49437971458906,3.1273576487122807,1,5,8,0
14.341666666666667,1195.5034647527173,499.9816926795994,3.105898281020059,1,5,8,0
14.35,966.7852962225707,507.874036118072,3.1432553401685337,1,5,8,0
14.358333333333333,966.7441973958648,508.03685665249816,3.127927628607219,1,5,8,0
14.366666666666667,967.1518954668437,507.716894596365,3.162869023515146,1,5,8,0
14.375,967.4439790216725,507.9012315053874,3.1467259427344265,1,5,8,0
14.383333333333333,1491.685145728825,790.0912126668154,3.1061704882204264,1,5,8,0
14.391666666666667,1492.5361839412258,790.0910250925731,3.111834169534585,1,5,8,0
14.4,805.5877274888402,610.2603769073788,3.1446726114859334,1,5,8,0
14.408333333333333,805.9291904191766,610.4408474514489,3.098920130079706,1,5,8,0
14.416666666666666,967.7219139160811,508.9247568314105,3.122099599472511,1,5,8,0
14.425,967.411305687443,508.5901778029744,3.1111959961058426,1,5,8,0
14.433333333333334,967.1986164496258,509.2485854382136,3.1579425816727222,1,5,8,0
14.441666666666666,967.4325974983021,509.907021064651,3.122431645673488,1,5,8,0
14.45,967.4938834861401,510.0803877469418,3.142772556305096,1,5,8,0
14.458333333333334,967.9140952357021,511.24808884969383,3.1071135186222394,1,5,8,0
14.466666666666667,967.784343903659,511.3835050386151,3.1244964191726625,1,5,8,0
14.475,967.9720789896256,511.69127850304363,3.1582426876528618,1,5,8,0
14.483333333333333,967.3445670977544,511.74915800724744,3.154817775049864,1,5,8,0
14.491666666666667,967.4607819183647,511.99030996788616,3.161486878467799,1,5,8,0
14.5,967.325112007878,512.0685218612881,3.149078465233068,1,5,8,0
14.508333333333333,966.7865749986327,511.8189977827113,3.14310343403243,1,5,8,0
14.516666666666667,966.1510080620491,511.092209052729,3.127489613372544,1,5,8,0
14.525,965.43909924516,510.87520235837445,3.1109158025236443,1,5,8,0
14.533333333333333,965.3356682641578,511.2909436897066,3.0994448200368705,1,5,8,0
14.541666666666666,965.4674968199876,510.4288689443044,3.1268063781468283,1,5,8,0
14.55,965.5541399775715,511.7411472843549,3.1540072279946014,1,5,8,0
14.558333333333334,964.434333174785,512.1030109666899,3.155557005486875,1,5,8,0
14.566666666666666,964.0759835242551,511.7477171745364,3.1374629352682657,1,5,8,0
14.575,964.7683782767438,512.5075791726817,3.1397120636082056,1,5,8,0
14.583333333333334,965.1284053571119,513.153153303638,3.1094299455076255,1,5,8,0
14.591666666666667,965.5444835377847,512.5775450038459,3.1841186510139625,1,5,8,0
14.6,964.8532802801976,511.6939699474259,3.1591711573476298,1,5,8,0
14.608333333333333,964.5909210439933,511.5005375841156,3.1740578131324386,1,5,8,0
14.616666666666667,963.3308135809895,511.77205007830037,3.1461885486990417,1,5,8,0
14.625,963.256880152538,512.4581898664504,3.1325401536889825,1,5,8,0
14.633333333333333,964.2930736537548,512.080470815267,3.1393448413631595,1,5,8,0
14.641666666666667,965.2557643503891,511.9611560389218,3.1684723837664808,1,5,8,0
14.65,964.9032870759728,512.0003447022921,3.1129906018071596,1,5,8,0
14.658333333333333,964.5362207186336,512.0136828613001,3.1598115365951456,1,5,8,0
14.666666666666666,965.6367629567915,512.381915193125,3.1905918021746515,1,5,8,0
14.675,966.3665675136489,511.9077569486535,3.1851001280066664,1,5,8,0
14.683333333333334,965.7951368675738,512.5742541418696,3.164812481286373,1,5,8,0
14.691666666666666,964.9415980620721,512.6564403266353,3.165792443323401,1,5,8,0
14.7,964.8521323782271,512.3741111900092,3.197529924067087,1,5,8,0
14.708333333333334,964.7576616158158,512.7766825367299,3.153364425253848,1,5,8,0
14.716666666666667,964.2654669418098,512.6578680365714,3.1936240299159637,1,5,8,0
14.725,964.4960574203457,512.5695950870654,3.177580588405896,1,5,8,0
14.733333333333333,965.0210709085168,512.8160572931309,3.1999394625947626,1,5,8,0
14.741666666666667,965.1601875855287,513.2567935654894,3.151612012414916,1,5,8,0
14.75,965.3097766770416,512.5281212864382,3.168302232637638,1,5,8,0
14.758333333333333,965.1573517612818,512.8315130599136,3.1611898530332576,1,5,8,0
14.766666666666667,965.3795903814195,512.7861708925534,3.169126496315764,1,5,8,0
14.775,965.3397790483716,512.6940311023958,3.173114424468708,1,5,8,0
14.783333333333333,965.0164265129009,513.062988129306,3.1361159589127667,1,5,8,0
14.791666666666666,965.2981310743038,512.9197354549704,3.190533576310982,1,5,8,0
14.8,965.5657454775915,512.4928975800777,3.214119545538764,1,5,8,0
14.808333333333334,965.5577374347384,511.9879687718883,3.1817660217679506,1,5,8,0
14.816666666666666,965.3784636939035,511.51107713043467,3.1725724735267447,1,5,8,0
14.825,964.8932438589,512.0276057733618,3.1697748391510023,1,5,8,0
14.833333333333334,964.8523327198155,511.8312529567875,3.1772675079782,1,5,8,0
14.841666666666667,965.0474741183159,513.1502906009429,3.151868127151528,1,5,8,0
14.85,964.8211604811038,513.61829852587,3.20198694093967,1,5,8,0
14.858333333333333,964.9515012329405,513.5875497004051,3.1861892428263863,1,5,8,0
14.866666666666667,964.9036891217299,514.0915882998016,3.208546580850315,1,5,8,0
14.875,965.8203520785712,513.8717042945602,3.17875001568029,1,5,8,0
14.883333333333333,966.7588806628988,513.4445984778097,3.200733462073193,1,5,8,0
14.891666666666667,968.0403554411935,513.1657799977992,3.1670370124648226,1,5,8,0
14.9,967.7325967320669,512.6177509340981,3.183716476868641,1,5,8,0
14.908333333333333,966.9889031364099,512.5480856534313,3.187130813444234,1,5,8,0
14.916666666666666,967.1567790381125,512.9201410663327,3.178344660839853,1,5,8,0
14.925,966.168767559956,512.3907726486959,3.2126184778782343,1,5,8,0
14.933333333333334,966.8048323086764,511.56069001677747,3.228070606949239,1,5,8,0
14.941666666666666,966.2989965420444,511.86404493227934,3.1914303582084607,1,5,8,0
14.95,966.3732646620244,511.5036784816794,3.2018487399570157,1,5,8,0
14.958333333333334,966.8596054513323,511.3639806504789,3.2039711098556065,1,5,8,0
14.966666666666667,967.5817612705223,511.5361102143882,3.1999451454894556,1,5,8,0
14.975,967.2807777543038,512.2575156932162,3.2015690451037124,1,5,8,0
14.983333333333333,966.8648480779958,512.1301268204512,3.1788441972859878,1,5,8,0
14.991666666666667,966.9762969583654,512.3860406302217,3.186275914525328,1,5,8,0
15.0,966.874431905933,512.3527453284245,3.2343918026688745,1,5,8,0
15.008333333333333,966.9414591483952,512.2922023392713,3.226548397796723,1,5,8,0
15.016666666666667,965.8598357053321,511.9346368587977,3.195686687700653,1,5,8,0
15.025,966.0540144354437,512.8626592086355,3.2212988643270832,1,5,8,0
15.033333333333333,965.4794359797928,513.0540398835801,3.1846955004030466,1,5,8,0
15.041666666666666,964.505797839281,513.0840516319482,3.238443041072288,1,5,8,0
15.05,964.7869048215675,513.4384744043554,3.2068514194110844,1,5,8,0
15.058333333333334,965.1198041482229,512.7880042776867,3.197232765087335,1,5,8,0
15.066666666666666,965.614059250067,513.0109164079246,3.188432729383681,1,5,8,0
15.075,965.2438887544258,513.1842947929977,3.2372772929127804,1,5,8,0
15.083333333333334,964.9627407706658,513.1793344570638,3.2145918003226837,1,5,8,0
15.091666666666667,964.0244317809316,513.4278254083321,3.207567380692337,1,5,8,0
15.1,963.524556085278,514.3055381877872,3.198291805379336,1,5,8,0
15.108333333333333,963.423452932687,514.1032799459314,3.242178186370729,1,5,8,0
15.116666666666667,963.4426997855535,513.5996970800535,3.2004440864176606,1,5,8,0
15.125,963.0023873056322,513.5304475039627,3.2044574470245597,1,5,8,0
15.133333333333333,962.9580703213321,514.1839258080944,3.2190784535329513,1,5,8,0
15.141666666666667,963.6044781626799,513.3025331306354,3.218125019773913,1,5,8,0
15.15,963.9752543641695,513.6037225567552,3.229683311293199,1,5,8,0
15.158333333333333,962.9731127107761,513.3756322543235,3.2290866336000152,1,5,8,0
15.166666666666666,962.370451699616,512.9506300185504,3.1729334087922685,1,5,8,0
15.175,963.0150685403171,513.3072590034186,3.2076714077391606,1,5,8,0
15.183333333333334,963.0061395945954,513.7279956484734,3.2018539801454846,1,5,8,0
15.191666666666666,963.2266051678051,515.0208514451131,3.2274609015773863,1,5,8,0
15.2,963.2063699312594,514.5053750266319,3.2290219517858105,1,5,8,0
15.208333333333334,963.2518088882313,514.8375673769827,3.2583158940653516,1,5,8,0
15.216666666666667,963.30233698831,514.2118205871014,3.226951168842949,1,5,8,0
15.225,963.5106204812685,514.121058591245,3.2336762289364,1,5,8,0
15.233333333333333,964.4681920275556,515.1081102287442,3.2270033848383353,1,5,8,0
15.241666666666667,964.1968721319137,514.8120693797616,3.236563070732005,1,5,8,0
15.25,963.3734310232937,515.6692120300268,3.2009098809481946,1,5,8,0
15.258333333333333,964.1627131110612,514.6504252492069,3.2276439440495452,1,5,8,0
15.266666666666667,963.4971129389937,514.7837364018409,3.233012520840034,1,5,8,0
15.275,963.3245934683911,514.6453987945066,3.2211974011592366,1,5,8,0
15.283333333333333,962.730661697291,514.9518268393693,3.241899226034857,1,5,8,0
15.291666666666666,962.9597849856658,514.7799915580199,3.2528941604301163,1,5,8,0
15.3,961.9899360380331,514.0404004057036,3.27408009418303,1,5,8,0
15.308333333333334,961.5098718447736,513.8011767620573,3.2513541186583677,1,5,8,0
15.316666666666666,962.3490912096428,514.1022157730284,3.2815206013498956,1,5,8,0
15.325,962.5732612292406,513.4782446876823,3.2706691292906247,1,5,8,0
15.333333333333334,963.2108029900289,513.5503855636695,3.296991199644529,1,5,8,0
15.341666666666667,963.579680000281,512.7895182925455,3.2727310667290923,1,5,8,0
15.35,963.2272786838813,513.1740365841634,3.273689266772383,1,5,8,0
15.358333333333333,962.3598360544313,512.7764547671829,3.252669792673176,1,5,8,0
15.366666666666667,962.419171792877,513.0920486667538,3.2856927658943476,1,5,8,0
15.375,962.9841501377301,512.7774399191974,3.284906085884097,1,5,8,0
15.383333333333333,963.6540694999519,513.8381867805708,3.2745903353387815,1,5,8,0
15.391666666666667,964.8043318120127,513.5190097956416,3.2906049912447006,1,5,8,0
15.4,964.6908683827511,513.22439070549,3.317539791142932,1,5,8,0
15.408333333333333,963.9142476146894,513.7625793017348,3.2931580253587196,1,5,8,0
15.416666666666666,963.8317270728058,513.9104745787871,3.304966190391575,1,5,8,0
15.425,963.3430398435783,513.2587544440012,3.280017442566853,1,5,8,0
15.433333333333334,964.0922738799673,513.3355239808682,3.3090377321410296,1,5,8,0
15.441666666666666,963.7178693205317,513.4027265820619,3.3068589694433417,1,5,8,0
15.45,964.0442251978095,512.7905368739883,3.3548087855426854,1,5,8,0
15.458333333333334,965.2418043790473,511.92429780655254,3.3062614356176354,1,5,8,0
15.466666666666667,964.8423530626741,511.84946976856617,3.3123107505275597,1,5,8,0
15.475,964.4756257701187,512.8960771229447,3.2904327407399396,1,5,8,0
15.483333333333333,964.5476002068252,512.9597696432784,3.3102152831769267,1,5,8,0
15.491666666666667,964.6636967736475,512.8182696166431,3.336436897148264,1,5,8,0
15.5,965.3123580992592,513.7681784049782,3.299642860303601,1,5,8,0
15.508333333333333,965.3340561319031,513.3174057423345,3.3137351293228408,1,5,8,0
15.516666666666667,965.9348537039933,513.0684865973425,3.2801389238843566,1,5,8,0
15.525,965.908962112969,512.9579068488677,3.319426121981863,1,5,8,0
15.533333333333333,965.607251975329,513.3280603123759,3.304171455735257,1,5,8,0
15.541666666666666,965.7556171125684,513.6535468507809,3.3248738256683694,1,5,8,0
15.55,965.588786759772,513.9086037757952,3.3001428727680464,1,5,8,0
15.558333333333334,966.4468787080663,514.1076656400426,3.3156525562062664,1,5,8,0
15.566666666666666,807.1275900223238,524.9101229629288,3.3431151967425308,1,5,8,0
15.575,807.4198653252242,525.2926299401904,3.3055255099753382,1,5,8,0
15.583333333333334,1206.4287592361784,725.3776537877351,3.2824361860717852,1,5,8,0
15.591666666666667,1206.2616787002207,725.6000994592491,3.3051789193687378,1,5,8,0
15.6,967.6758198422486,515.944217442565,3.313088348329148,1,5,8,0
15.608333333333333,968.3743400943586,515.3352574509935,3.311342172526606,1,5,8,0
15.616666666666667,968.1561087389248,515.3794042209923,3.289695408625125,1,5,8,0
15.625,968.0532010262087,515.5177133260779,3.311462541531007,1,5,8,0
15.633333333333333,967.4283060325224,515.2623341481373,3.3443583773866656,1,5,8,0
15.641666666666667,967.9527541728455,515.3809451414842,3.266487275325225,1,5,8,0
15.65,966.7936149011824,515.2417717928445,3.3230514102259,1,5,8,0
15.658333333333333,966.5173210775423,515.8770669449734,3.3319594767515777,1,5,8,0
15.666666666666666,966.6996475474947,515.9438907716524,3.2581236645208604,1,5,8,0
15.675,966.3148796255163,516.442740113133,3.2827808010477626,1,5,8,0
15.683333333333334,966.1587718518942,517.7925325668888,3.274541518298022,1,5,8,0
15.691666666666666,966.5814860742263,518.3477224756939,3.2758738959719245,1,5,8,0
15.7,966.5996819616181,518.0784647759067,3.2935820455896887,1,5,8,0
15.708333333333334,967.1021012368421,517.6271601578771,3.3007185907451744,1,5,8,0
15.716666666666667,966.5138198099478,517.3223455740036,3.280697309287262,1,5,8,0
15.725,966.6196241354168,517.0675293940469,3.2945776424519293,1,5,8,0
15.733333333333333,966.7378322800236,517.5659272248488,3.3092244772543826,1,5,8,0
15.741666666666667,966.8604050802174,517.2552590583759,3.2858861982997687,1,5,8,0
15.75,967.1089077305251,516.8189998634148,3.2671949842319004,1,5,8,0
15.758333333333333,966.5147616965512,516.9050647943553,3.231586767131214,1,5,8,0
15.766666666666667,967.1172455807681,517.0205077739275,3.2945888758568964,1,5,8,0
15.775,966.711483951228,516.5917846449439,3.2789718378686987,1,5,8,0
15.783333333333333,965.9523140542711,517.5984666191604,3.284776529407569,1,5,8,0
15.791666666666666,966.4419697402927,518.1135585338501,3.279172960245817,1,5,8,0
15.8,966.2818028264157,517.263611173178,3.292688530272214,1,5,8,0
15.808333333333334,966.3807357110156,517.4243667137748,3.2931403017534118,1,5,8,0
15.816666666666666,965.9501626564736,517.2623268378984,3.2514831645515407,1,5,8,0
15.825,965.9531482344644,516.8857389482365,3.272670367527954,1,5,8,0
15.833333333333334,966.4025234565825,516.29054882459,3.2640367000663546,1,5,8,0
15.841666666666667,966.5396957279495,516.5922926476885,3.2808748436597703,1,5,8,0
15.85,967.11551371024,516.1838715263365,3.292716578551802,1,5,8,0
15.858333333333333,967.2200748933518,515.8446604367402,3.310489314297636,1,5,8,0
15.866666666666667,966.9844229286412,514.8502259248922,3.3095295346455,1,5,8,0
15.875,968.2685450797563,514.5195921622661,3.3014530865224296,1,5,8,0
15.883333333333333,967.8755467953284,513.944328943044,3.2894100731233067,1,5,8,0
15.891666666666667,968.2752121995587,513.749699629614,3.2764257030770194,1,5,8,0
15.9,968.7861434924245,513.6581344520899,3.302318728689015,1,5,8,0
15.908333333333333,968.6352287936995,513.5551958745089,3.277981662472191,1,5,8,0
15.916666666666666,968.5330980848677,514.6527703873008,3.3104460727064366,1,5,8,0
15.925,968.2128527158907,513.2864157171252,3.3275963615958153,1,5,8,0
15.933333333333334,969.0909127078444,512.7851512214642,3.253685425479037,1,5,8,0
15.941666666666666,969.2076409263948,512.9311411202918,3.306012439336376,1,5,8,0
15.95,969.1642193247592,512.7979914285105,3.3083683734136042,1,5,8,0
15.958333333333334,969.3594392862386,512.7912555925676,3.2666912310878238,1,5,8,0
15.966666666666667,968.79164796616,512.5806420736401,3.265875682615596,1,5,8,0
15.975,968.6388009644298,512.4732933649503,3.3122814721304286,1,5,8,0
15.983333333333333,968.1203714024998,513.1385456797382,3.313822828149878,1,5,8,0
15.991666666666667,968.1337258682644,513.1003103264183,3.3041258831262135,1,5,8,0
16.0,968.2122275494728,513.7380639843848,3.317188114735506,1,5,8,0
16.008333333333333,968.1859232280549,513.4581957341499,3.290417031432806,1,5,8,0
16.016666666666666,968.1759888973919,513.2026317143938,3.2938647340374665,1,5,8,0
16.025,968.1158742504031,513.444605294681,3.270498878855294,1,5,8,0
16.033333333333335,968.0795391510072,513.8140333632406,3.3193437591746724,1,5,8,0
16.041666666666668,968.3971659631325,513.3916420861914,3.2968553982104276,1,5,8,0
16.05,968.2210556522957,513.2302497389959,3.3218632961568866,1,5,8,0
16.058333333333334,967.7228045562639,513.0021925480854,3.289826843451556,1,5,8,0
16.066666666666666,968.2485197068478,512.6023886515653,3.27913863059411,1,5,8,0
16.075,967.9522591400016,512.6852189208863,3.3173916528745533,1,5,8,0
16.083333333333332,967.3716559593831,511.7138561770518,3.2955679604379804,1,5,8,0
16.091666666666665,967.8285977097838,511.73751866193845,3.3115692441992666,1,5,8,0
16.1,968.4803161912589,511.92416157795543,3.292989801320592,1,5,8,0
16.108333333333334,968.1762409208519,511.85549509208994,3.3087203428973497,1,5,8,0
16.116666666666667,967.386861689165,512.0520359968767,3.288548071765883,1,5,8,0
16.125,967.5811316130607,512.2040536045141,3.311505532501451,1,5,8,0
16.133333333333333,967.3796769646312,511.85515616320697,3.2699088636402958,1,5,8,0
16.141666666666666,966.8252528933035,511.73718114752756,3.284505904188637,1,5,8,0
16.15,966.6390946622961,511.46325919755856,3.330963431762987,1,5,8,0
16.158333333333335,967.3556985789718,511.2840361620966,3.266264441714554,1,5,8,0
16.166666666666668,966.5540593137778,511.09636083398306,3.3041238886421396,1,5,8,0
16.175,966.9807495372069,510.48164688622865,3.3174244393119334,1,5,8,0
16.183333333333334,967.0897421391613,511.1948900891549,3.2566907343396925,1,5,8,0
16.191666666666666,967.8001924892696,511.13993744127123,3.2896383300156056,1,5,8,0
16.2,967.9810883119493,510.5324003285107,3.322981140989715,1,5,8,0
16.208333333333332,438.14338286098007,696.4680620531533,3.29687707188979,1,5,8,0
16.216666666666665,438.93397377881854,695.7714817534595,3.2920454258480096,1,5,8,0
16.225,968.8481180089617,510.15124758504527,3.2636574773077136,1,5,8,0
16.233333333333334,968.6312211884776,509.1405444903802,3.3317249644210327,1,5,8,0
16.241666666666667,968.9835143706397,508.78496935400483,3.3121947654164363,1,5,8,0
16.25,969.4428430127334,508.4559014952037,3.2892426994068207,1,5,8,0
16.258333333333333,969.0224055133,508.0000299173739,3.2687853694931346,1,5,8,0
16.266666666666666,969.2096738837129,507.9076104391868,3.286262081361003,1,5,8,0
16.275,969.4783853479913,508.177058818952,3.282177994269097,1,5,8,0
16.283333333333335,970.4824983924867,508.5055398955824,3.305610796025994,1,5,8,0
16.291666666666668,970.6563972867342,508.57616609284355,3.2611547199686974,1,5,8,0
16.3,970.5028937259726,508.2703416181491,3.3003409001269843,1,5,8,0
16.308333333333334,971.8234503246682,508.29262798836515,3.3025177261960548,1,5,8,0
16.316666666666666,972.7359425371866,507.7009187070231,3.2849596334246987,1,5,8,0
16.325,972.8327368834408,507.19493734891944,3.3116328036464653,1,5,8,0
16.333333333333332,972.7657030749857,507.8436996180273,3.283184212542217,1,5,8,0
16.341666666666665,972.8078123665887,507.4695882975031,3.320480772923846,1,5,8,0
16.35,971.8766349191192,507.9227648565301,3.2781783760775,1,5,8,0
16.358333333333334,971.1789069286892,507.7118776726604,3.2991446974691945,1,5,8,0
16.366666666666667,970.2763840924438,508.0306868199541,3.315133431112692,1,5,8,0
16.375,969.4071783790863,508.54472577891516,3.271889196927026,1,5,8,0
16.383333333333333,969.9789048956649,509.25919894850904,3.318871736032844,1,5,8,0
16.391666666666666,970.4044047600496,509.13370647278657,3.283347011504486,1,5,8,0
16.4,969.4622753187965,508.85506867828076,3.3103955639642453,1,5,8,0
16.408333333333335,968.9195544244022,509.78611148419185,3.3088194494952488,1,5,8,0
16.416666666666668,968.3364751528961,509.55552812526435,3.3058703882391844,1,5,8,0
16.425,968.5805338736394,510.02509025218967,3.328480097041749,1,5,8,0
16.433333333333334,969.3290750416321,509.82474227893965,3.2869170734060953,1,5,8,0
16.441666666666666,969.5744055333344,510.3341965884513,3.345189701265787,1,5,8,0
16.45,969.8283773605391,509.00763548148177,3.3250710962688004,1,5,8,0
16.458333333333332,970.7289571371064,508.92860739151837,3.291244204802375,1,5,8,0
16.466666666666665,969.6761184699089,509.07634892394947,3.2782363430528014,1,5,8,0
16.475,970.133144216145,509.0132632316982,3.2948649999363275,1,5,8,0
16.483333333333334,970.4713557308928,508.6842676733939,3.3005581494080616,1,5,8,0
16.491666666666667,970.7031429604997,509.0831488478786,3.2757942870096923,1,5,8,0
16.5,970.3229446075497,509.36359471765104,3.2871292040433477,1,5,8,0
16.508333333333333,970.5762363891694,509.2566141364414,3.3084749236417617,1,5,8,0
16.516666666666666,971.0173358211634,509.5634025483729,3.3031330653942037,1,5,8,0
16.525,971.5375317952473,510.0869162882752,3.2751790406377292,1,5,8,0
16.533333333333335,971.8902058965041,510.3991664543921,3.3297898178815752,1,5,8,0
16.541666666666668,971.9632798463974,509.98716384669507,3.2694199185715824,1,5,8,0
16.55,972.560149317024,510.1515552348645,3.3040590787283812,1,5,8,0
16.558333333333334,972.5491497991458,509.34122896992903,3.2992023389966794,1,5,8,0
16.566666666666666,972.1519597009515,509.18455413932867,3.2800050867976283,1,5,8,0
16.575,971.8870285435023,508.70366883447787,3.292974748321826,1,5,8,0
16.583333333333332,971.6273746643263,508.90164054388197,3.271439275688625,1,5,8,0
16.591666666666665,970.9544931081691,508.7477707777453,3.269773137467023,1,5,8,0
16.6,971.493495664628,508.13583932640176,3.280609858984081,1,5,8,0
16.608333333333334,971.9674769823732,508.6821203524401,3.314003018198789,1,5,8,0
16.616666666666667,971.2088464847,508.8288566776177,3.2785944587628086,1,5,8,0
16.625,970.8608172773166,509.0836053752124,3.2691281095990687,1,5,8,0
16.633333333333333,971.1765326281732,508.66263818748814,3.326336916600435,1,5,8,0
16.641666666666666,971.0810216354864,508.3932386404806,3.2694991371444533,1,5,8,0
16.65,971.601667001114,508.2540203848647,3.280934613461069,1,5,8,0
16.658333333333335,971.2447743709952,509.01911968047386,3.3119880439369798,1,5,8,0
16.666666666666668,971.336043199421,509.28951722366133,3.2858556432044224,1,5,8,0
16.675,971.3423930376922,509.4793791693031,3.2782414229339607,1,5,8,0
16.683333333333334,971.5870412886187,509.74426440864346,3.279208130710391,1,5,8,0
16.691666666666666,971.4599281392201,509.65636392469196,3.2788178104444965,1,5,8,0
16.7,970.9663343263106,509.4313856748895,3.2887914273944094,1,5,8,0
16.708333333333332,970.7498175404224,508.78079595116435,3.277032946928417,1,5,8,0
16.716666666666665,969.77517121774,507.9059731909955,3.301679090800685,1,5,8,0
16.725,970.0664300119678,507.84347286151365,3.2719269796859036,1,5,8,0
16.733333333333334,969.4754955687958,507.6188464866972,3.259170324606216,1,5,8,0
16.741666666666667,969.3152532153028,507.2509839036627,3.300802920601182,1,5,8,0
16.75,969.8610263426051,506.37150374510895,3.284487231258411,1,5,8,0
16.758333333333333,970.4247702127791,506.5273801156027,3.2843276942458046,1,5,8,0
16.766666666666666,970.5091816677207,506.37125433020293,3.30301885388048,1,5,8,0
16.775,970.7440458436799,506.00585742230265,3.2929712523633525,1,5,8,0
16.783333333333335,971.4913391474499,505.6117919128936,3.2864784528835904,1,5,8,0
16.791666666666668,971.3581454792403,506.0064260588365,3.2870531155486935,1,5,8,0
16.8,971.9336103792294,505.3970076500354,3.275545058772857,1,5,8,0
16.808333333333334,972.2691094661672,505.73790464501144,3.2880317740461824,1,5,8,0
16.816666666666666,971.6527833337085,504.92792019694286,3.276019892304426,1,5,8,0
16.825,972.6667077828721,503.9625030584611,3.2371814309525004,1,5,8,0
16.833333333333332,972.3951838388475,504.0067898213563,3.260722669880071,1,5,8,0
16.841666666666665,972.4967026215787,504.5873610730962,3.2778899121303366,1,5,8,0
16.85,972.1104734366913,503.9456343176532,3.263883570489056,1,5,8,0
16.858333333333334,971.9991331425061,503.1603165109705,3.288369192512397,1,5,8,0
16.866666666666667,972.2610998320195,503.77235955520365,3.2649103593887223,1,5,8,0
16.875,973.3288421889558,503.486361046258,3.242238825448334,1,5,8,0
16.883333333333333,973.1272456006103,502.74522003898915,3.2807464649410516,1,5,8,0
16.891666666666666,974.4345479280158,502.7651033620015,3.2202704019177117,1,5,8,0
16.9,975.1698330091444,503.36377588769915,3.270999527229295,1,5,8,0
16.908333333333335,974.6465516992189,504.0007077800298,3.269043176739383,1,5,8,0
16.916666666666668,973.5853000961305,504.1853511645714,3.2576133636223545,1,5,8,0
16.925,972.765734778661,503.54992497788487,3.267339170627869,1,5,8,0
16.933333333333334,972.2025084395551,503.66289472897387,3.2405676710520943,1,5,8,0
16.941666666666666,972.2815202532735,503.77212484939827,3.2385359849905924,1,5,8,0
16.95,971.9797292951672,504.0362439912327,3.2726539290468644,1,5,8,0
16.958333333333332,971.5139305922543,503.5873301000551,3.2879800679296247,1,5,8,0
16.966666666666665,972.1049895819986,503.3221150264772,3.2598454319510677,1,5,8,0
16.975,971.7469336775696,503.8769487843527,3.248073133887344,1,5,8,0
16.983333333333334,972.0241655856735,503.36365342686213,3.2353084836413246,1,5,8,0
16.991666666666667,972.7612758467659,503.2974722845929,3.2827498254606717,1,5,8,0
17.0,971.8784471654537,502.65219316043834,3.277078522814868,1,5,8,0
17.008333333333333,972.1977517567535,502.9464459649141,3.2450866053571295,1,5,8,0
17.016666666666666,972.6092708627027,503.7812249213834,3.2292437115142243,1,5,8,0
17.025,972.6736237902957,502.83674100880273,3.2450220727948134,1,5,8,0
17.033333333333335,972.1355020561781,503.0979198718996,3.2529362473970163,1,5,8,0
17.041666666666668,973.5255781398123,503.4731817652033,3.272748600688924,1,5,8,0
17.05,972.9935203723421,504.48141594823113,3.270332867670266,1,5,8,0
17.058333333333334,973.3765230374788,504.51549187780756,3.2385052494074595,1,5,8,0
17.066666666666666,973.0969314525516,504.5722123122678,3.245047204174345,1,5,8,0
17.075,972.5925029924031,504.7570075575107,3.2642732429342423,1,5,8,0
17.083333333333332,972.4390736803254,505.57073617031404,3.283696501148779,1,5,8,0
17.091666666666665,971.723178935206,505.51609645160715,3.2640213551969546,1,5,8,0
17.1,971.9606534959945,504.9365333445443,3.2699367511283426,1,5,8,0
17.108333333333334,972.6563687997896,504.61533968053385,3.2147339869089704,1,5,8,0
17.116666666666667,972.4397800644315,504.95967999931315,3.2853824099190767,1,5,8,0
17.125,972.5487260656513,506.08173822212734,3.2670821888938866,1,5,8,0
17.133333333333333,972.9654470666284,506.9428845763276,3.248110885374226,1,5,8,0
17.141666666666666,973.1838918605843,507.5553926204429,3.231076452302862,1,5,8,0
17.15,972.7949371816487,507.59945695064357,3.2054474417143237,1,5,8,0
17.158333333333335,973.0093931946037,507.88019756254863,3.2727023460624607,1,5,8,0
17.166666666666668,973.624254016211,508.15267095822077,3.210398086065288,1,5,8,0
17.175,973.4043728248121,507.9193993866636,3.235585045280636,1,5,8,0
17.183333333333334,973.6104146610847,508.47035017755826,3.258749389687303,1,5,8,0
17.191666666666666,974.1893417929008,508.8000406525319,3.242644970169381,1,5,8,0
17.2,974.2082387659656,509.09303784599336,3.257221424907023,1,5,8,0
17.208333333333332,975.2921921888831,509.2956539995651,3.262083487584674,1,5,8,0
17.216666666666665,976.6808649698308,509.03975044656283,3.202871005603295,1,5,8,0
17.225,976.426205236505,509.27676991386267,3.2161290568293497,1,5,8,0
17.233333333333334,976.5013312203985,509.5975198519967,3.257625072463301,1,5,8,0
17.241666666666667,976.726649359543,510.18656526061835,3.223702216570256,1,5,8,0
17.25,976.7910263140884,509.50966807614606,3.203717483449108,1,5,8,0
17.258333333333333,977.8685242919997,509.16801323543984,3.2019340350761647,1,5,8,0
17.266666666666666,978.3642145089802,509.8284608595017,3.2251177267636466,1,5,8,0
17.275,978.0575398362034,509.852787647334,3.2142605557625012,1,5,8,0
17.283333333333335,979.0153980186154,508.9318935371158,3.210206815647394,1,5,8,0
17.291666666666668,978.1358397179667,508.89033467100325,3.2332285070684597,1,5,8,0
17.3,978.035292473299,509.1353664178624,3.2398558523587955,1,5,8,0
17.308333333333334,977.8428369448826,509.3998220451531,3.248757182675865,1,5,8,0
17.316666666666666,977.6113728219135,509.0045389528706,3.215010371031194,1,5,8,0
17.325,978.0077061775658,508.7890514806884,3.2126892724776472,1,5,8,0
17.333333333333332,977.6712296910822,508.81152395776013,3.204260531793745,1,5,8,0
17.341666666666665,977.2692608883161,507.8099276705533,3.2192596229948456,1,5,8,0
17.35,977.0309020455675,507.3398773207174,3.2176346034837366,1,5,8,0
17.358333333333334,976.7996554462269,508.1942752146005,3.2066773177560397,1,5,8,0
17.366666666666667,975.7965250222337,507.4177681121812,3.2151632836862345,1,5,8,0
17.375,976.5024631036827,508.07234144781705,3.2198557985114142,1,5,8,0
17.383333333333333,976.813706109582,508.794835242945,3.2145166492141493,1,5,8,0
17.391666666666666,977.1478558510616,509.16905340687987,3.2278801376168706,1,5,8,0
17.4,591.9846195750769,417.09238485304746,3.188047554716646,1,5,8,0
17.408333333333335,592.118292261922,417.74619645151506,3.1915647646484673,1,5,8,0
17.416666666666668,978.3613102250367,511.05975892963437,3.2088122348188426,1,5,8,0
17.425,978.7980955526215,510.7341507132022,3.1943445807486257,1,5,8,0
17.433333333333334,978.5727735974986,510.3673281797201,3.1891201384376355,1,5,8,0
17.441666666666666,977.76596954986,511.034205431764,3.2129562837296683,1,5,8,0
17.45,977.3028154015977,510.9866747830322,3.1927715519274185,1,5,8,0
17.458333333333332,977.217484680354,511.86078793857496,3.2260233453630085,1,5,8,0
17.466666666666665,977.1880392686239,511.8694205488327,3.195592428927987,1,5,8,0
17.475,978.3197261735172,512.2142745219196,3.231634672955341,1,5,8,0
17.483333333333334,977.8625232015703,511.52768602468416,3.1984700356789175,1,5,8,0
17.491666666666667,977.4076561981359,511.5301009081629,3.221702453557842,1,5,8,0
17.5,976.8195399261181,511.2128184189322,3.207648831025768,1,5,8,0
17.508333333333333,977.1671603990576,511.4021531374025,3.201953622514143,1,5,8,0
17.516666666666666,977.266289257289,511.36812131579313,3.1934817717751995,1,5,8,0
17.525,977.5135823238858,512.0673142102966,3.1907354869246918,1,5,8,0
17.533333333333335,976.9212094504492,512.7197036851484,3.202776672023724,1,5,8,0
17.541666666666668,976.2432624265757,512.0701073552121,3.182620099690423,1,5,8,0
17.55,976.1368519680743,512.174266646994,3.2177776217829015,1,5,8,0
17.558333333333334,976.7653348647922,512.1228899242477,3.1704568131309077,1,5,8,0
17.566666666666666,976.9196452570914,511.9490147338352,3.1748993855646606,1,5,8,0
17.575,977.5704067996102,512.5784164021145,3.1969453881874377,1,5,8,0
17.583333333333332,977.793164072703,512.7617072223209,3.2207467829721694,1,5,8,0
17.591666666666665,977.7148992344951,511.96349576701334,3.185701116331414,1,5,8,0
17.6,977.5753335446383,512.3975751737755,3.1905722865567547,1,5,8,0
17.608333333333334,977.495886296273,511.58392391195093,3.182486572768381,1,5,8,0
17.616666666666667,976.6557934919056,511.86112961352006,3.1781746450031174,1,5,8,0
17.625,976.9339395812187,510.7992859275862,3.190978747818805,1,5,8,0
17.633333333333333,977.7421486849748,511.1067291262448,3.1603536564663917,1,5,8,0
17.641666666666666,977.7136998221142,510.89232344049185,3.1329304250074803,1,5,8,0
17.65,978.3282997174338,510.36468287891716,3.1468369037051356,1,5,8,0
17.658333333333335,978.3698233301449,509.9567343952008,3.143987838358459,1,5,8,0
17.666666666666668,978.1678912830462,510.0342652268052,3.149146646905953,1,5,8,0
17.675,978.165911667052,509.5569620500496,3.205493903218532,1,5,8,0
17.683333333333334,977.9770637633125,509.34279787117646,3.188242269308461,1,5,8,0
17.691666666666666,977.7414781227712,509.70932409299087,3.1875786634843233,1,5,8,0
17.7,977.7483679182753,510.03660786519004,3.193081005530804,1,5,8,0
17.708333333333332,978.4265886968085,510.73133141939525,3.1418446305536603,1,5,8,0
17.716666666666665,978.1535599562053,511.29194959148833,3.205766370184544,1,5,8,0
17.725,978.2035378450832,510.5354724816782,3.1778970811707867,1,5,8,0
17.733333333333334,978.1375580392338,511.6756460099883,3.153177976960076,1,5,8,0
17.741666666666667,978.2671147389094,512.1599614780133,3.1825635553286284,1,5,8,0
17.75,977.5913198553221,512.2968245560796,3.186684549005259,1,5,8,0
17.758333333333333,977.5268316574276,512.4291987242228,3.1705732371275355,1,5,8,0
17.766666666666666,976.9005165714104,511.82745303835003,3.170173482566954,1,5,8,0
17.775,976.2093006872802,512.5611284363943,3.1633013227652937,1,5,8,0
17.783333333333335,977.3937256702418,512.7865935646079,3.1577576102870735,1,5,8,0
17.791666666666668,977.3030316632558,513.7035894303143,3.19302929892535,1,5,8,0
17.8,976.9265707116708,513.3498884452563,3.1758780491060743,1,5,8,0
17.808333333333334,976.3363372440947,513.3536795521449,3.175128820081196,1,5,8,0
17.816666666666666,975.7676314197489,513.8360281842536,3.153875216840048,1,5,8,0
17.825,976.6555071970141,513.3081607621086,3.1652483534245066,1,5,8,0
17.833333333333332,975.9663983903073,513.1115770078302,3.1287192124839773,1,5,8,0
17.841666666666665,976.1601444233419,513.7327042407372,3.172374683997983,1,5,8,0
17.85,976.434081044565,513.8671623387688,3.163006163069714,1,5,8,0
17.858333333333334,976.4348271297874,514.3704579765713,3.175019112242671,1,5,8,0
17.866666666666667,976.6650144083117,514.5763751056734,3.167663651276892,1,5,8,0
17.875,977.0874866071456,514.0091339074307,3.1641289483278925,1,5,8,0
17.883333333333333,977.0031972876368,513.4244284982055,3.1304017185504827,1,5,8,0
17.891666666666666,976.306905766916,514.5509272993742,3.144408918449087,1,5,8,0
17.9,976.2816082406766,514.506589276954,3.160382918086928,1,5,8,0
17.908333333333335,976.451113395744,514.0194595018045,3.1523316529631997,1,5,8,0
17.916666666666668,976.6953657199757,513.7008918138184,3.1484022010361965,1,5,8,0
17.925,976.6479884240799,514.1878724491761,3.1418750116378265,1,5,8,0
17.933333333333334,977.1536859361842,513.7727142325524,3.166712457901248,1,5,8,0
17.941666666666666,977.4890579829018,513.8890002063558,3.149842481693862,1,5,8,0
17.95,977.4809684533665,513.9402815799681,3.1748339606307585,1,5,8,0
17.958333333333332,977.4131271086304,514.2789871413814,3.171823714863211,1,5,8,0
17.966666666666665,977.8967482455685,514.0835749994517,3.157174902214269,1,5,8,0
17.975,978.281430849778,514.2415071587762,3.160835991625894,1,5,8,0
17.983333333333334,977.817606434158,514.4673255459755,3.1220650901379416,1,5,8,0
17.991666666666667,977.921247987475,514.9361578181646,3.142150933571848,1,5,8,0
18.0,978.3379900922635,515.7319544352832,3.154739771083557,1,5,8,0
18.008333333333333,978.6390512154031,515.9638431983394,3.124714826227189,1,5,8,0
18.016666666666666,978.8321917114921,515.5408806551916,3.14078986190359,1,5,8,0
18.025,978.7165263043597,514.4579115751712,3.1551933012163067,1,5,8,0
18.033333333333335,979.2524944575731,514.2104747927339,3.1270365252370276,1,5,8,0
18.041666666666668,978.260973656604,514.2418931759098,3.1171312219779677,1,5,8,0
18.05,979.0112200848245,513.8838249151494,3.100188976565457,1,5,8,0
18.058333333333334,978.930481349884,513.0215327644532,3.155277391406976,1,5,8,0
18.066666666666666,978.8612818988435,512.7841187225412,3.149545175032962,1,5,8,0
18.075,978.6871305034948,512.3369376610144,3.120026888166176,1,5,8,0
18.083333333333332,978.4526231166041,512.6334910563847,3.1592447246890276,1,5,8,0
18.091666666666665,977.9896086120933,511.7962477749832,3.1215092799774844,1,5,8,0
18.1,978.4197896809295,512.4611707084449,3.1151312401978144,1,5,8,0
18.108333333333334,978.2278891027803,512.5289540716128,3.125760410411236,1,5,8,0
18.116666666666667,978.791117497431,513.5378825849082,3.114331540807064,1,5,8,0
18.125,978.8536100247491,514.187320311522,3.129496804487126,1,5,8,0
18.133333333333333,979.1124055311467,514.3207501496616,3.1121796144741434,1,5,8,0
18.141666666666666,979.7926855984174,513.6672104679776,3.105133669270422,1,5,8,0
18.15,979.7228845803781,513.9829445743795,3.121295144727366,1,5,8,0
18.158333333333335,980.0945043376424,513.80375391908,3.0820007993398892,1,5,8,0
18.166666666666668,980.0619537847062,513.7599160931717,3.1196677428373323,1,5,8,0
18.175,979.9295899864967,514.1306347246206,3.093374951166095,1,5,8,0
18.183333333333334,980.1968041960886,513.1989789637778,3.1102391296636225,1,5,8,0
18.191666666666666,980.2954546095299,513.3348320606191,3.117230320277074,1,5,8,0
18.2,979.7416129185301,513.6942911213173,3.103967601141654,1,5,8,0
18.208333333333332,979.5624852643791,514.2359103787809,3.112761435618994,1,5,8,0
18.216666666666665,979.5253971704927,512.8134900609516,3.1346304963811766,1,5,8,0
18.225,979.7044079608709,513.8460241694148,3.136531509882513,1,5,8,0
18.233333333333334,979.3066080662336,513.892213618795,3.089759624046215,1,5,8,0
18.241666666666667,979.4234300070136,514.4528629534899,3.110844660745878,1,5,8,0
18.25,979.4974993134907,514.4072559780908,3.14298495045267,1,5,8,0
18.258333333333333,980.0437864848866,513.5364902977392,3.122272508475259,1,5,8,0
18.266666666666666,980.6008558078879,514.0133087777789,3.1334275313158972,1,5,8,0
18.275,979.4946702493728,514.4949658595646,3.1241607287793447,1,5,8,0
18.283333333333335,978.8602209922138,512.8805986227072,3.126333155195247,1,5,8,0
18.291666666666668,978.4411897607893,514.0746380846487,3.0946628420293725,1,5,8,0
18.3,978.2108179214028,514.2269806331223,3.120608941390059,1,5,8,0
18.308333333333334,977.4646725234862,514.3585293828932,3.1100489614095923,1,5,8,0
18.316666666666666,977.7280943578729,514.4583068010849,3.10090067144624,1,5,8,0
18.325,978.3464439764855,514.3919249567753,3.147061142851648,1,5,8,0
18.333333333333332,978.9030272509749,514.0422340015447,3.0866841848985405,1,5,8,0
18.341666666666665,979.3042099567472,513.9929978054045,3.1197130113800093,1,5,8,0
18.35,979.9811286037392,514.4071836897867,3.109089915520871,1,5,8,0
18.358333333333334,979.7434574214911,513.433902859188,3.1036321840772962,1,5,8,0
18.366666666666667,979.4862389094379,513.5116856527285,3.143242203263321,1,5,8,0
18.375,979.1709546301374,513.4337931459846,3.10760938038064,1,5,8,0
18.383333333333333,979.4460252228025,512.770816744019,3.091757883293378,1,5,8,0
18.391666666666666,979.9630120309596,512.5668053333557,3.100866401631577,1,5,8,0
18.4,980.5061526263364,512.810997145752,3.118579770573726,1,5,8,0
18.408333333333335,980.4484964560788,513.0014731791258,3.1221318828677176,1,5,8,0
18.416666666666668,981.0671562599276,513.7398882306759,3.136124500642778,1,5,8,0
18.425,981.5875818897829,514.009103788889,3.1099647686610696,1,5,8,0
18.433333333333334,981.1439125982173,514.155099923846,3.140471667148409,1,5,8,0
18.441666666666666,980.7191533896626,513.3069487604758,3.083378730543943,1,5,8,0
18.45,980.7939018157045,513.3585698121691,3.100085614356066,1,5,8,0
18.458333333333332,981.0490162265066,513.560900454743,3.112281986599803,1,5,8,0
18.466666666666665,981.7503859446635,513.8443179433991,3.0936955448895174,1,5,8,0
18.475,982.1213918532659,514.1143697006534,3.1098041157293284,1,5,8,0
18.483333333333334,982.5837245120237,514.5371040310341,3.087744742711455,1,5,8,0
18.491666666666667,982.5552457332057,514.2893958943566,3.0958948558750956,1,5,8,0
18.5,982.6978321115657,514.8060217219943,3.1318006637544604,1,5,8,0
18.508333333333333,982.7643890181638,515.0683037688977,3.1176900258878146,1,5,8,0
18.516666666666666,982.3933876467381,515.3262659169117,3.0901985378742176,1,5,8,0
18.525,982.3871247393515,515.1900760076994,3.1053512051763876,1,5,8,0
18.533333333333335,982.9443465197514,514.7977182562987,3.0943676258920525,1,5,8,0
18.541666666666668,983.0549014915412,514.5125651717394,3.089628889415254,1,5,8,0
18.55,983.5709906227183,514.4022982882404,3.0953156972674485,1,5,8,0
18.558333333333334,983.6036419142276,514.6384764143594,3.0514400922893627,1,5,8,0
18.566666666666666,983.7418015260106,515.0454746255009,3.1001727740784486,1,5,8,0
18.575,983.1403206130722,515.7878020335631,3.0992259914167386,1,5,8,0
18.583333333333332,982.8356961845082,515.4522553523974,3.0937764765369846,1,5,8,0
18.591666666666665,983.5347771434754,514.560364493678,3.1402393733404472,1,5,8,0
18.6,983.8491175241323,514.9280770514566,3.086736631724458,1,5,8,0
18.608333333333334,984.7059422338585,514.5554337661023,3.0962536573783743,1,5,8,0
18.616666666666667,985.9903807248165,514.9944413756232,3.087661952266743,1,5,8,0
18.625,985.9741769565948,515.0344693029436,3.1150978794109547,1,5,8,0
18.633333333333333,987.131939744509,515.5055820490513,3.1080980888454697,1,5,8,0
18.641666666666666,986.73983641693,515.6224833809874,3.098246907241286,1,5,8,0
18.65,987.4540582858815,515.7738601255403,3.1068380309018786,1,5,8,0
18.658333333333335,987.9362271040369,515.1613931866223,3.1045100982295146,1,5,8,0
18.666666666666668,988.0251698102256,515.4610778796286,3.0894371405035397,1,5,8,0
18.675,988.3709322660736,515.5067319972383,3.1208277564903937,1,5,8,0
18.683333333333334,988.7409138130339,515.5758324300916,3.0924301883054013,1,5,8,0
18.691666666666666,989.0491051929445,515.4079942639212,3.0893899561937475,1,5,8,0
18.7,989.2115954355223,515.3676090833878,3.0840681776953436,1,5,8,0
18.708333333333332,989.0102947978913,515.8657124010056,3.0999873651000347,1,5,8,0
18.716666666666665,988.8406123256227,515.2137506558214,3.111023580372761,1,5,8,0
18.725,988.4010103634081,516.1988543170331,3.1163440569745218,1,5,8,0
18.733333333333334,987.6985488471008,516.1570769986741,3.061935577869512,1,5,8,0
18.741666666666667,988.0818986644498,516.383672086735,3.068429449105924,1,5,8,0
18.75,986.9248657697767,517.1238910173251,3.1146678481620893,1,5,8,0
18.758333333333333,987.0579115134077,516.9526199717067,3.1187145308541577,1,5,8,0
18.766666666666666,986.3265573372825,517.4236479076704,3.0938637450343767,1,5,8,0
18.775,986.5537261269209,517.0908842813731,3.1259707703065436,1,5,8,0
18.783333333333335,986.120243043213,516.5235472580392,3.10830153340515,1,5,8,0
18.791666666666668,986.3834021185281,516.593575124109,3.058773686172156,1,5,8,0
18.8,987.2604338706209,516.9092514274189,3.0862543275910115,1,5,8,0
18.808333333333334,986.6563541001213,517.3138730204438,3.104440462389128,1,5,8,0
18.816666666666666,986.4934467262016,517.3271369011244,3.0755391328698525,1,5,8,0
18.825,986.9078795134391,516.4730438153455,3.117582563233468,1,5,8,0
18.833333333333332,985.8365357655523,516.5526511721911,3.101322577957638,1,5,8,0
18.841666666666665,986.06152940417,516.3694392838288,3.08592123093113,1,5,8,0
18.85,985.4528883122591,515.6546477714516,3.088756541276531,1,5,8,0
18.858333333333334,986.072317146015,514.7780251677982,3.118901080202326,1,5,8,0
18.866666666666667,985.8592937418748,514.6903181416479,3.099813683742679,1,5,8,0
18.875,985.5257562092214,514.8597544823236,3.130210834106074,1,5,8,0
18.883333333333333,985.433139623362,515.682865108021,3.0765070917516946,1,5,8,0
18.891666666666666,985.7469077701469,514.5116055287741,3.1336054755763865,1,5,8,0
18.9,,,,0,5,8,0
18.908333333333335,,,,0,5,8,0
18.916666666666668,,,,0,5,8,0
18.925,,,,0,5,8,0
18.933333333333334,,,,0,5,8,0
18.941666666666666,,,,0,5,8,0
18.95,,,,0,5,8,0
18.958333333333332,,,,0,5,8,0
18.966666666666665,,,,0,5,8,0
18.975,,,,0,5,8,0
18.983333333333334,,,,0,5,8,0
18.991666666666667,,,,0,5,8,0
19.0,,,,0,5,8,0
19.008333333333333,,,,0,5,8,0
19.016666666666666,,,,0,5,8,0
19.025,,,,0,5,8,0
19.033333333333335,,,,0,5,8,0
19.041666666666668,,,,0,5,8,0
19.05,,,,0,5,8,0
19.058333333333334,,,,0,5,8,0
19.066666666666666,,,,0,5,8,0
19.075,,,,0,5,8,0
19.083333333333332,,,,0,5,8,0
19.091666666666665,985.9150398948261,515.6326587087251,3.11595780250718,1,5,8,0
19.1,986.0106809970393,516.3658144488633,3.1184294683599156,1,5,8,0
19.108333333333334,985.8825275786628,516.379245487693,3.1102246386337526,1,5,8,0
19.116666666666667,985.8716537179134,516.7999954207602,3.09432548569845,1,5,8,0
19.125,986.0503163216755,516.7195094923887,3.1049080727885325,1,5,8,0
19.133333333333333,986.2467650398019,516.3467092374262,3.1237074354170336,1,5,8,0
19.141666666666666,986.7432994220727,516.7557160987546,3.1294378203949247,1,5,8,0
19.15,987.0810636269601,516.4307369336514,3.0923279128441563,1,5,8,0
19.158333333333335,987.4907768762408,516.3591659392068,3.100712179100809,1,5,8,0
19.166666666666668,987.4799820747417,515.7984710952508,3.1017755394201143,1,5,8,0
19.175,987.0960327833639,516.0459945933907,3.1421506797862144,1,5,8,0
19.183333333333334,987.5617800226631,516.39725541871,3.1168306545413564,1,5,8,0
19.191666666666666,986.5796004546735,516.8551462668548,3.1309917772934557,1,5,8,0
19.2,985.5932607763739,517.053334514163,3.0953860790593652,1,5,8,0
19.208333333333332,984.506906550554,517.2149558158643,3.096117796894949,1,5,8,0
19.216666666666665,984.7564251924589,517.5129742620062,3.111558306994039,1,5,8,0
19.225,985.9165369212039,517.4461433346006,3.125633186920368,1,5,8,0
19.233333333333334,985.9438385994139,517.7464761880966,3.135354191097926,1,5,8,0
19.241666666666667,985.705271526614,517.4172060748341,3.1176309642005684,1,5,8,0
19.25,985.4709810104913,516.4038222886713,3.1195010943616275,1,5,8,0
19.258333333333333,985.7435622775845,516.0631576475763,3.1665594536520447,1,5,8,0
19.266666666666666,985.404397136446,515.6679649241012,3.106903822948946,1,5,8,0
19.275,984.8245347401516,515.3336016864793,3.1382009039483774,1,5,8,0
19.283333333333335,984.3289783785502,515.7269502705469,3.1291406950723633,1,5,8,0
19.291666666666668,984.7574286522201,515.4672399920369,3.153728232045969,1,5,8,0
19.3,984.8236921429638,515.9039690421455,3.0836176756179454,1,5,8,0
19.308333333333334,985.4501030969341,515.9642633998402,3.08457271462111,1,5,8,0
19.316666666666666,985.3053638907511,516.211353958397,3.127175056525422,1,5,8,0
19.325,985.7999567433172,516.2392412845509,3.125262652941731,1,5,8,0
19.333333333333332,986.1811374043579,515.9102503984255,3.114601016299632,1,5,8,0
19.341666666666665,986.1974101922702,516.0416731999275,3.1228377370719493,1,5,8,0
19.35,986.1480612873913,515.8966381713808,3.1050047920276516,1,5,8,0
19.358333333333334,985.5438365967968,516.0367444802533,3.139077349963467,1,5,8,0
19.366666666666667,984.985351565569,516.2107021730585,3.1477910610145443,1,5,8,0
19.375,985.3106552645166,515.6841054544171,3.131858633123385,1,5,8,0
19.383333333333333,985.4075755433975,514.9683666219313,3.1152680760493365,1,5,8,0
19.391666666666666,985.1052779755124,515.1934572275758,3.0822619050605655,1,5,8,0
19.4,984.988306986855,515.3216336460064,3.1437240695851045,1,5,8,0
19.408333333333335,985.1747462616017,515.9246662843575,3.1309126680588895,1,5,8,0
19.416666666666668,984.2464986796705,515.1400084032099,3.152498731572965,1,5,8,0
19.425,984.3226788295132,514.8988508905302,3.164807527874846,1,5,8,0
19.433333333333334,984.8351394909306,514.1233330001328,3.170729311199572,1,5,8,0
19.441666666666666,984.951711206758,512.9560701241771,3.1437279995231853,1,5,8,0
19.45,984.7278315603282,512.905575839434,3.1668124965335345,1,5,8,0
19.458333333333332,984.1851201630833,511.59762538069754,3.1372643106989995,1,5,8,0
19.466666666666665,982.9974286178951,511.06225146761585,3.1236716797095334,1,5,8,0
19.475,982.9215927249194,510.99954410312677,3.120918647238434,1,5,8,0
19.483333333333334,983.2607805394003,510.7457584726824,3.1524933672358832,1,5,8,0
19.491666666666667,983.7789770148505,510.59814344198855,3.1435776567810128,1,5,8,0
19.5,983.1544848271692,509.6354222763255,3.1076045816675393,1,5,8,0
19.508333333333333,983.1669151752958,508.92063107120754,3.1445490537432153,1,5,8,0
19.516666666666666,983.3267137365823,508.4320939008768,3.153871789521916,1,5,8,0
19.525,983.0730216295929,508.4412544954112,3.160733698264616,1,5,8,0
19.533333333333335,983.1464531500827,507.8668336362883,3.12696699001977,1,5,8,0
19.541666666666668,983.5436502978259,507.83420758637396,3.1780265232905514,1,5,8,0
19.55,984.0248614230752,508.15373142974886,3.1425741973403927,1,5,8,0
19.558333333333334,984.9638510061966,507.3929230717216,3.1565398126124022,1,5,8,0
19.566666666666666,985.6901011444149,507.9504599350599,3.141648864880148,1,5,8,0
19.575,985.8773263223709,507.3209378194621,3.1540203533202136,1,5,8,0
19.583333333333332,985.6765766952637,507.0006482251281,3.1386009896056732,1,5,8,0
19.591666666666665,985.6271722168493,506.6462768336776,3.1537192150614963,1,5,8,0
19.6,985.3335034701813,507.49775203047375,3.1266380789998984,1,5,8,0
19.608333333333334,985.8615342421059,507.4681322570314,3.1502456496531366,1,5,8,0
19.616666666666667,985.4851817715543,507.65774336536737,3.132344293675254,1,5,8,0
19.625,985.5073192967241,508.20987664257115,3.159105317524286,1,5,8,0
19.633333333333333,985.6775816746054,508.5281345190451,3.195561142355306,1,5,8,0
19.641666666666666,985.2796321121845,508.1824435590587,3.1636907046935243,1,5,8,0
19.65,985.010031574458,507.44793523226076,3.1369462786948494,1,5,8,0
19.658333333333335,985.5114532907918,507.5000815267499,3.1388655027695243,1,5,8,0
19.666666666666668,984.7772547249482,506.160057756248,3.17083098811369,1,5,8,0
19.675,984.9608599200151,507.47691236625803,3.176268351368937,1,5,8,0
19.683333333333334,984.5394052529293,508.00666423913884,3.183263599469999,1,5,8,0
19.691666666666666,984.3802471580692,507.0305641124681,3.186476311979433,1,5,8,0
19.7,985.1598162503167,507.67909889312205,3.154111677021885,1,5,8,0
19.708333333333332,985.5220849238009,507.843863709346,3.181449677961827,1,5,8,0
19.716666666666665,985.9764718642015,508.67285589207177,3.1628155426239206,1,5,8,0
19.725,986.1867916719506,508.66991486527945,3.1773416685908025,1,5,8,0
19.733333333333334,986.081095806787,508.78823453666274,3.1952055736657496,1,5,8,0
19.741666666666667,986.8653470791071,508.86663107714963,3.1581223368741442,1,5,8,0
19.75,986.245879951903,508.68885669466283,3.162421918689928,1,5,8,0
19.758333333333333,986.3718554303696,508.7835526476992,3.167578574807422,1,5,8,0
19.766666666666666,985.895318332736,508.3388157396917,3.188360346999515,1,5,8,0
19.775,985.3071246419156,508.19872226757053,3.174598292112656,1,5,8,0
19.783333333333335,985.3622647861283,507.84301145840476,3.1817637220797974,1,5,8,0
19.791666666666668,985.2459162089418,507.6498715631062,3.1792145261717093,1,5,8,0
19.8,986.1349836774873,508.07274618640605,3.193820256922752,1,5,8,0
19.808333333333334,985.3114493528578,507.90563078136637,3.184485418520623,1,5,8,0
19.816666666666666,985.73673959306,507.20462897013596,3.1800127490978083,1,5,8,0
19.825,985.8373015730859,507.4812816751459,3.2070951790740017,1,5,8,0
19.833333333333332,985.6134565183778,508.03106259480626,3.189008659522002,1,5,8,0
19.841666666666665,986.2827182184262,508.19446408476733,3.213720452860095,1,5,8,0
19.85,986.416637050474,508.43925542936506,3.1928951775456653,1,5,8,0
19.858333333333334,986.7919226619268,508.3796704917285,3.183897128129291,1,5,8,0
19.866666666666667,986.9570281743127,508.5025472257884,3.182509709035642,1,5,8,0
19.875,986.2540264002504,508.710318439124,3.201010983158493,1,5,8,0
19.883333333333333,986.468805932829,509.03523054726554,3.169214584547959,1,5,8,0
19.891666666666666,986.237667017594,508.3118765928335,3.1527199776697996,1,5,8,0
19.9,986.8683614983828,508.84645225345616,3.1671788557366503,1,5,8,0
19.908333333333335,986.3483546008291,508.96115215464346,3.1787546103576547,1,5,8,0
19.916666666666668,985.198704613268,509.44967947509025,3.1900795054049746,1,5,8,0
19.925,985.3129180015892,509.4732899693181,3.165821003176214,1,5,8,0
19.933333333333334,984.7197226993728,510.9432891930864,3.195849064412454,1,5,8,0
19.941666666666666,984.0661925155711,510.76607453247334,3.2041666783055986,1,5,8,0
19.95,983.5634758748214,510.8318813167022,3.1939990482986724,1,5,8,0
19.958333333333332,983.486357417525,511.23598973743265,3.2246885822017366,1,5,8,0
19.966666666666665,983.5109707225154,510.8919002762951,3.2026234188143685,1,5,8,0
19.975,983.5108754824665,511.17292922150585,3.2137507756055284,1,5,8,0
19.983333333333334,983.805405076076,510.63540541307003,3.1752433720330475,1,5,8,0
19.991666666666667,984.5954403284035,510.652214015007,3.2064660591049097,1,5,8,0
20.0,984.5957982746455,510.8387575720759,3.1906223893893864,1,5,8,0
20.008333333333333,985.0743545572897,510.0041609087217,3.1763309843674397,1,5,8,0
20.016666666666666,984.5042577638883,509.8788300530777,3.1881139333938786,1,5,8,0
20.025,984.4135614195407,510.0868678748969,3.219241342284539,1,5,8,0
20.033333333333335,984.7186951927933,510.49487832074163,3.2180383120695892,1,5,8,0
20.041666666666668,984.2438034863778,509.8786027593483,3.1902379217077885,1,5,8,0
20.05,983.6488326472856,510.6499212429922,3.2098056825866936,1,5,8,0
20.058333333333334,983.7542039180743,509.85829799484884,3.1925650444636817,1,5,8,0
20.066666666666666,984.280702225311,509.34972446536256,3.1788097167184435,1,5,8,0
20.075,984.28113760971,508.7971283194138,3.233004776356112,1,5,8,0
20.083333333333332,984.8554346125724,510.005343452956,3.1901860121304195,1,5,8,0
20.091666666666665,984.9424854936376,510.10533583551336,3.1788673963870235,1,5,8,0
20.1,985.8514924671416,510.5887944899588,3.237835230345744,1,5,8,0
20.108333333333334,985.7177736907612,510.5469778002952,3.1989219383930325,1,5,8,0
20.116666666666667,985.8293115349663,510.63113024746815,3.228515092978338,1,5,8,0
20.125,985.7329491810749,510.50512312256217,3.2296896438356377,1,5,8,0
20.133333333333333,985.3233863032191,510.4676740081919,3.2494425555099187,1,5,8,0
20.141666666666666,985.0097155943865,510.53004017164176,3.247266050572219,1,5,8,0
20.15,985.1339731395631,510.81471080714437,3.232169940073179,1,5,8,0
20.158333333333335,984.6264976773641,510.7372414319289,3.2217956277788105,1,5,8,0
20.166666666666668,983.9819087017297,510.63542508276674,3.218115872679118,1,5,8,0
20.175,984.0961681409333,510.6370838372116,3.219833313673596,1,5,8,0
20.183333333333334,984.5550337662096,510.4356339620652,3.220318883752161,1,5,8,0
20.191666666666666,983.4915564626866,510.87589789302746,3.2481867333903645,1,5,8,0
20.2,983.9246654412626,510.9283490104043,3.210335282091484,1,5,8,0
20.208333333333332,983.7528457268131,510.74338979106,3.2334341351178395,1,5,8,0
20.216666666666665,983.9485010337094,511.1183851279857,3.235594319939893,1,5,8,0
20.225,982.6598413788932,511.5267044884662,3.2145434004173556,1,5,8,0
20.233333333333334,983.1878773365925,511.7454349004147,3.213094139268809,1,5,8,0
20.241666666666667,983.914966682501,512.1037729673512,3.2006172375696686,1,5,8,0
20.25,984.900454330053,513.399710751763,3.2265641631373847,1,5,8,0
20.258333333333333,985.6529457449991,513.332459613694,3.202406607188755,1,5,8,0
20.266666666666666,985.7277291480456,512.5261176672067,3.2359305580826487,1,5,8,0
20.275,985.6402768728971,513.1157498414613,3.2409787537446038,1,5,8,0
20.283333333333335,984.9245124322309,513.4202997441648,3.214674204202604,1,5,8,0
20.291666666666668,984.8700057981614,514.099047156265,3.2406286777712086,1,5,8,0
20.3,984.8770849501126,513.3308905580175,3.2399393384904416,1,5,8,0
20.308333333333334,983.8665060860187,514.2887119660904,3.2369821174992475,1,5,8,0
20.316666666666666,983.7101017248847,513.9660677009942,3.2095177123405088,1,5,8,0
20.325,983.1752370609906,513.2534100265967,3.221862161800097,1,5,8,0
20.333333333333332,984.2286348235608,513.2115453318611,3.2233055058024775,1,5,8,0
20.341666666666665,983.9933605159821,514.2303757071649,3.2641236046648654,1,5,8,0
20.35,983.935090579093,513.5637811598516,3.2288239668289145,1,5,8,0
20.358333333333334,984.5810579152077,513.6346014923424,3.2315995349504383,1,5,8,0
20.366666666666667,984.2683990845535,513.6522201145111,3.226445327213346,1,5,8,0
20.375,983.3649283416916,513.8474749027916,3.2279800927823263,1,5,8,0
20.383333333333333,983.4234940011339,513.8871352039514,3.2821402225179153,1,5,8,0
20.391666666666666,982.8400517902304,512.7811048830796,3.242094857972358,1,5,8,0
20.4,982.712382954802,513.34760274632,3.266265187768866,1,5,8,0
20.408333333333335,982.283676641414,513.602331252884,3.2735226879987156,1,5,8,0
20.416666666666668,982.6262295369801,513.2691064605615,3.2142909964471595,1,5,8,0
20.425,982.2539962220611,513.8987003183928,3.277472255214257,1,5,8,0
20.433333333333334,982.0340200572668,513.6182717877492,3.2756585598083117,1,5,8,0
20.441666666666666,982.0332235400913,513.2058039503453,3.262695984659587,1,5,8,0
20.45,981.8449193410238,512.5271001470124,3.254893611345336,1,5,8,0
20.458333333333332,981.7361274966711,512.0679205193132,3.249712840774495,1,5,8,0
20.466666666666665,981.8070973498939,511.67695614703786,3.22180405584124,1,5,8,0
20.475,981.0732659294493,511.59114107456213,3.270295367099859,1,5,8,0
20.483333333333334,980.2367602875094,510.85992753554063,3.2437765974207258,1,5,8,0
20.491666666666667,979.9523936000154,511.3216790021037,3.2486447414555704,1,5,8,0
20.5,978.7749284646927,510.4400860858575,3.2474132404751677,1,5,8,0
20.508333333333333,978.8826563995244,510.5752028112654,3.2652299448466016,1,5,8,0
20.516666666666666,979.0136853490978,511.0068311738913,3.2654914361177783,1,5,8,0
20.525,977.8900252734652,510.6169512714691,3.247094021132735,1,5,8,0
20.533333333333335,977.9997531339451,510.2744429739134,3.266368592338628,1,5,8,0
20.541666666666668,977.5960287226262,510.50285998109865,3.286660095625684,1,5,8,0
20.55,976.4681691361286,510.02702811855977,3.2511319864341943,1,5,8,0
20.558333333333334,976.7050429576382,509.2739708022603,3.2544867930827093,1,5,8,0
20.566666666666666,976.8174666590164,508.58789816488843,3.255657682472507,1,5,8,0
20.575,976.9211099679004,508.02505354225264,3.2864960283490348,1,5,8,0
20.583333333333332,977.2381595648393,507.4661741133949,3.275850089398742,1,5,8,0
20.591666666666665,977.0836160788601,507.1517855786737,3.2569697894749714,1,5,8,0
20.6,977.6832649476215,506.40882246202386,3.30518878737027,1,5,8,0
20.608333333333334,977.6397017091834,506.17616238505576,3.274956540615148,1,5,8,0
20.616666666666667,978.6397622440244,506.1157221326575,3.2464814029785165,1,5,8,0
20.625,977.9149529031384,505.90783221825285,3.2891708962572106,1,5,8,0
20.633333333333333,978.3965800668194,505.9765045998826,3.28174110338465,1,5,8,0
20.641666666666666,978.504945920777,505.02951114441004,3.279108533531236,1,5,8,0
20.65,977.2427930501436,504.8298664002182,3.259242999875966,1,5,8,0
20.658333333333335,977.1396119587914,505.4726383449778,3.235008684360204,1,5,8,0
20.666666666666668,977.0553351440808,504.4779768058206,3.27197254228609,1,5,8,0
20.675,976.7211959655097,504.6961715479489,3.271556896718809,1,5,8,0
20.683333333333334,976.5758345571168,504.5510631448271,3.2778813691759323,1,5,8,0
20.691666666666666,976.4624735161376,504.74928478562293,3.279011214121086,1,5,8,0
20.7,975.8548629694379,505.33400573780284,3.2679813399203783,1,5,8,0
20.708333333333332,975.6572851566226,505.4352504960944,3.249931259172859,1,5,8,0
20.716666666666665,975.0808228663207,505.6012911948967,3.2864406115511575,1,5,8,0
20.725,975.4645582201597,506.0018862214455,3.29323906340772,1,5,8,0
20.733333333333334,975.0635906357694,506.3049947485514,3.2859927146038985,1,5,8,0
20.741666666666667,975.115947741726,506.79644385327583,3.266475667598428,1,5,8,0
20.75,975.8841065740248,507.61157815459546,3.2931600477577456,1,5,8,0
20.758333333333333,976.890857628228,508.0897930544905,3.298482643976974,1,5,8,0
20.766666666666666,977.8884014043906,508.14299131440606,3.278736791764442,1,5,8,0
20.775,977.9333678189996,507.1437311729888,3.271244378691448,1,5,8,0
20.783333333333335,977.9104245712582,507.2887947705665,3.2901143982896204,1,5,8,0
20.791666666666668,978.1226380498798,507.5889888905563,3.326488452811722,1,5,8,0
20.8,978.3199288241964,506.6843752368539,3.2795645178657913,1,5,8,0
20.808333333333334,978.1498534936027,506.84662490110054,3.2919323962168425,1,5,8,0
20.816666666666666,977.8117120116065,506.6967082546075,3.3139622622769025,1,5,8,0
20.825,978.4932425559643,506.9388047172555,3.3276102531056564,1,5,8,0
20.833333333333332,979.3802658052224,506.980576413889,3.3019502518811543,1,5,8,0
20.841666666666665,979.6609780628551,505.98401418649047,3.3248137464048773,1,5,8,0
20.85,979.5818751936849,506.20065506141464,3.3055612771135565,1,5,8,0
20.858333333333334,979.5828181692445,505.8382123546081,3.2847957095362825,1,5,8,0
20.866666666666667,980.441202487519,505.76943625820496,3.287023515001789,1,5,8,0
20.875,979.0468155914647,505.60549477709844,3.3391431160416682,1,5,8,0
20.883333333333333,978.3319834204447,505.41570143919796,3.3198118766175746,1,5,8,0
20.891666666666666,979.2115754881307,505.41766872378093,3.31516499533738,1,5,8,0
20.9,979.8214396158729,505.3392610172989,3.2976170295051963,1,5,8,0
20.908333333333335,979.7159791254579,505.33819250072895,3.2999823401122867,1,5,8,0
20.916666666666668,979.5386935251298,505.77538421215326,3.310707642784982,1,5,8,0
20.925,979.920584957234,506.6567771886458,3.33696541954792,1,5,8,0
20.933333333333334,981.026053220226,506.6241986658463,3.3337487745270598,1,5,8,0
20.941666666666666,980.7410822259488,507.12735210990223,3.3187370635587445,1,5,8,0
20.95,980.680758982809,505.95546952711885,3.30593290085844,1,5,8,0
20.958333333333332,980.3634978831235,506.5846775422433,3.3556022036192164,1,5,8,0
20.966666666666665,980.0752263954633,506.6459981069677,3.31167889370517,1,5,8,0
20.975,979.9075748924095,506.45068779912225,3.318354631668053,1,5,8,0
20.983333333333334,979.342370775686,506.65365430745857,3.3664747607103154,1,5,8,0
20.991666666666667,979.5579630345203,506.06027420182346,3.3693774325922705,1,5,8,0
21.0,978.3626446808104,506.0299561293404,3.3399823977869496,1,5,8,0
21.008333333333333,978.21838339114,505.7205686649375,3.3302369869312782,1,5,8,0
21.016666666666666,977.3793401473985,505.5215417057427,3.329399496582138,1,5,8,0
21.025,977.8074999183177,505.4079997148737,3.3839233817908068,1,5,8,0
21.033333333333335,977.5025017709294,506.11726126949344,3.3278071883116227,1,5,8,0
21.041666666666668,978.084343617072,506.2571448254048,3.36807999121355,1,5,8,0
21.05,977.8294347744675,506.07007701276,3.318300485827714,1,5,8,0
21.058333333333334,978.1822308409129,505.75667699269013,3.345259868129073,1,5,8,0
21.066666666666666,977.9971185991135,505.86120902894925,3.3445256969703765,1,5,8,0
21.075,978.6406316499111,505.91116126980523,3.330817562495981,1,5,8,0
21.083333333333332,978.5994205515171,504.159441873519,3.3634845756184317,1,5,8,0
21.091666666666665,979.532758889482,504.5188351317058,3.3614204113676056,1,5,8,0
21.1,979.4652575971445,505.84776280459675,3.317062304991984,1,5,8,0
21.108333333333334,979.5209499462592,506.5415826524058,3.308133207329906,1,5,8,0
21.116666666666667,979.4138217071592,506.49231553866423,3.307630328528795,1,5,8,0
21.125,979.4575005447088,505.92570778511504,3.338062407635725,1,5,8,0
21.133333333333333,980.0072130605531,506.43447231925177,3.338529367790804,1,5,8,0
21.141666666666666,979.9176247629047,506.64428405874196,3.333075540180136,1,5,8,0
21.15,980.1766383874556,505.34727605098675,3.346048429294285,1,5,8,0
21.158333333333335,979.939452802354,505.3749179803536,3.3068749153356336,1,5,8,0
21.166666666666668,979.1188785362367,505.19481426025,3.3232769784231753,1,5,8,0
21.175,979.6316171637818,505.443008305311,3.299663079003901,1,5,8,0
21.183333333333334,979.400608710702,504.738601609683,3.317556598151111,1,5,8,0
21.191666666666666,978.5993692069076,504.32566328729257,3.339774892702292,1,5,8,0
21.2,979.2281361405275,504.71123202210674,3.3159473850709897,1,5,8,0
21.208333333333332,978.7736476178909,504.8289912063609,3.342525020389621,1,5,8,0
21.216666666666665,978.1415726021152,505.0789019974827,3.320099681584398,1,5,8,0
21.225,978.3960640934383,505.93980688617484,3.316153282581312,1,5,8,0
21.233333333333334,978.0544008985833,505.80333906366087,3.3052681462430993,1,5,8,0
21.241666666666667,977.3801664345925,505.14323403533746,3.327880090732595,1,5,8,0
21.25,977.3878609110964,504.8124314243669,3.323090484544767,1,5,8,0
21.258333333333333,977.2504838468275,505.3399086639869,3.2988086981715408,1,5,8,0
21.266666666666666,977.1368815000268,505.4622630944292,3.3209801836074413,1,5,8,0
21.275,976.7412953839239,505.7331377856079,3.2818904706440484,1,5,8,0
21.283333333333335,977.9070267020882,505.5399539629841,3.322698634703046,1,5,8,0
21.291666666666668,977.425509528481,504.99472227058146,3.316496939181858,1,5,8,0
21.3,978.5107698723385,504.8046222276014,3.2914068913638372,1,5,8,0
21.308333333333334,978.75335948787,504.21381634294346,3.276325470953791,1,5,8,0
21.316666666666666,978.5079405107592,504.2382910276218,3.268150602829334,1,5,8,0
21.325,978.6414763791233,504.9378684287913,3.255830396756654,1,5,8,0
21.333333333333332,978.628810899215,504.2864710689526,3.3226919428310913,1,5,8,0
21.341666666666665,978.6975610174771,503.8733411131138,3.288626551584472,1,5,8,0
21.35,979.2480581295448,503.38455574308284,3.295446775189435,1,5,8,0
21.358333333333334,978.3457554268124,503.7473288453235,3.318320879833512,1,5,8,0
21.366666666666667,978.5661368333691,503.8024295207056,3.3301037392662796,1,5,8,0
21.375,978.0765122636207,503.65543104192915,3.2845337073582437,1,5,8,0
21.383333333333333,977.7632981633859,503.33085927496137,3.3171301751133986,1,5,8,0
21.391666666666666,977.5501044670201,503.9297795435561,3.2991321861695235,1,5,8,0
21.4,977.8011238102584,503.95053314111885,3.288749810950022,1,5,8,0
21.408333333333335,977.7079585797698,503.79298969063655,3.3004937234902956,1,5,8,0
21.416666666666668,976.9692394922206,502.59973953973105,3.3032226611702398,1,5,8,0
21.425,976.9245781231481,504.1585164333507,3.324426541515446,1,5,8,0
21.433333333333334,976.4842440789265,504.63978074825366,3.287043759753363,1,5,8,0
21.441666666666666,977.1609693452697,504.4160542208312,3.320112859501205,1,5,8,0
21.45,977.7061054158561,505.1856576398612,3.3063705481937378,1,5,8,0
21.458333333333332,978.0764887643144,505.3130450258142,3.301682590115969,1,5,8,0
21.466666666666665,978.1743299999454,504.8996800183234,3.299591291420947,1,5,8,0
21.475,977.1838816141757,504.49857372739996,3.3371935807267685,1,5,8,0
21.483333333333334,977.9782876965853,503.8710789046352,3.2704515046850493,1,5,8,0
21.491666666666667,978.1182449667748,504.75604960477335,3.316739910524466,1,5,8,0
21.5,977.9902397455326,504.39157291316513,3.3388242793698852,1,5,8,0
21.508333333333333,977.7381012700347,505.14322329990307,3.275466840985726,1,5,8,0
21.516666666666666,977.9514663258617,504.37813862949287,3.2731334952319298,1,5,8,0
21.525,977.2183185408442,504.72817003357886,3.3141877309940937,1,5,8,0
21.533333333333335,977.5940311372295,505.22530256103266,3.281754010039344,1,5,8,0
21.541666666666668,977.7711763268667,505.54744485325114,3.3114077094127894,1,5,8,0
21.55,978.249279040107,505.03693722417717,3.2915412160497395,1,5,8,0
21.558333333333334,978.0806645005413,504.75701198840676,3.284941174178911,1,5,8,0
21.566666666666666,978.7084008659875,505.2327702513608,3.2829407937364627,1,5,8,0
21.575,978.5945545097788,505.5122717123367,3.2924148299325373,1,5,8,0
21.583333333333332,979.0431168526397,506.4217850769761,3.312000938585654,1,5,8,0
21.591666666666665,978.406715956336,506.0839560106444,3.287454006737863,1,5,8,0
21.6,977.958343003295,506.000550854245,3.25053883716024,1,5,8,0
21.608333333333334,977.4031705765901,505.0371484415244,3.308610367474682,1,5,8,0
21.616666666666667,977.6844820165747,505.04669487044407,3.2848790266049877,1,5,8,0
21.625,977.3014170794864,504.7222900413192,3.275850178617029,1,5,8,0
21.633333333333333,977.4081501516833,504.3698991846418,3.2912284735422976,1,5,8,0
21.641666666666666,977.5521615059005,505.169628519903,3.269192769308592,1,5,8,0
21.65,977.2364876278974,504.7402882883239,3.2757890903959446,1,5,8,0
21.658333333333335,977.420670406508,504.8920142023553,3.290465666884001,1,5,8,0
21.666666666666668,977.501225483131,505.3950708670151,3.2883885818091074,1,5,8,0
21.675,977.4693862785048,505.3813716484708,3.2842720632167954,1,5,8,0
21.683333333333334,977.3677995229847,506.36312792399144,3.286689133004408,1,5,8,0
21.691666666666666,977.8862329524817,507.0259978469146,3.3167918463718684,1,5,8,0
21.7,977.3387776947233,506.99086160827164,3.310569994712988,1,5,8,0
21.708333333333332,977.3184786823991,507.3598099486717,3.2718628480389746,1,5,8,0
21.716666666666665,977.6238364441256,507.306024126926,3.2863628371327165,1,5,8,0
21.725,977.7653379616081,507.24370633156457,3.2812267303649194,1,5,8,0
21.733333333333334,977.6603645120802,506.92221028092524,3.2767086965934666,1,5,8,0
21.741666666666667,978.6662117163593,507.3925002273277,3.2575092662751537,1,5,8,0
21.75,978.4951794261466,507.09568337257497,3.268533545263592,1,5,8,0
21.758333333333333,978.2847834053598,506.6774686623565,3.2432782493745527,1,5,8,0
21.766666666666666,977.9807243721085,507.1696703086554,3.2699875688127684,1,5,8,0
21.775,977.6917807659287,507.63965812708705,3.251089245436112,1,5,8,0
21.783333333333335,978.202108851987,507.7880796571713,3.324174368513767,1,5,8,0
21.791666666666668,977.926006615453,508.35662780322747,3.262109962040605,1,5,8,0
21.8,977.7329835103681,508.59006995374085,3.2628523909136167,1,5,8,0
21.808333333333334,977.9904085690741,508.5378334680949,3.241766171294524,1,5,8,0
21.816666666666666,977.9013624259579,508.7041875298022,3.2528435495286576,1,5,8,0
21.825,978.3071216505064,507.8767638481436,3.2337214821831055,1,5,8,0
21.833333333333332,978.2759100057508,508.5046907100798,3.268169645310512,1,5,8,0
21.841666666666665,978.2508698122894,508.51655403397905,3.2469588252803123,1,5,8,0
21.85,977.6292972314054,508.2708386922368,3.245528934008213,1,5,8,0
21.858333333333334,977.7324499683857,508.69582884825206,3.278367139619609,1,5,8,0
21.866666666666667,977.927905836687,508.462391445221,3.2977382211989674,1,5,8,0
21.875,978.2186244715375,508.0634649019397,3.262173619923722,1,5,8,0
21.883333333333333,446.389712402741,251.08100022887533,3.2755544301653208,1,5,8,0
21.891666666666666,445.17893590441327,251.99270655078374,3.265550812215728,1,5,8,0
21.9,975.3142659467655,509.0682020070718,3.274154786135975,1,5,8,0
21.908333333333335,975.3030168700701,509.29343817481043,3.2755505370361977,1,5,8,0
21.916666666666668,975.324189013539,508.540724607544,3.2866769433262117,1,5,8,0
21.925,975.5134465935366,509.78322498587636,3.2430690888277134,1,5,8,0
21.933333333333334,974.8332104689259,509.2619651069553,3.2750698263838687,1,5,8,0
21.941666666666666,973.6364672982885,509.1004015563949,3.2630576588868885,1,5,8,0
21.95,973.849331575664,508.8702929964423,3.270766938582881,1,5,8,0
21.958333333333332,973.4690120046856,508.99550179257784,3.276943452075324,1,5,8,0
21.966666666666665,972.9677892532227,508.3813104020582,3.2738131595505457,1,5,8,0
21.975,972.9044667560037,508.4889754103309,3.2676865531201256,1,5,8,0
21.983333333333334,972.1822513503568,506.99521609597554,3.2454256392760206,1,5,8,0
21.991666666666667,972.0071123508817,506.8877265661012,3.2472951248007855,1,5,8,0
22.0,971.4637443306384,506.5025354342222,3.246712771856357,1,5,8,0
22.008333333333333,971.9119237178923,506.0664728072855,3.283890436087102,1,5,8,0
22.016666666666666,971.9791938381263,506.02453724533484,3.271739717184641,1,5,8,0
22.025,972.4713419468787,505.5075868592942,3.2299738444106363,1,5,8,0
22.033333333333335,972.6941346869581,505.694704675407,3.2563331858909876,1,5,8,0
22.041666666666668,972.7871786692315,505.8308560335235,3.245930922654172,1,5,8,0
22.05,972.5276574516955,506.37327651914524,3.261514126075909,1,5,8,0
22.058333333333334,972.3310005288268,506.8194599160712,3.2503524890520943,1,5,8,0
22.066666666666666,972.0059537222411,507.05299270343266,3.2955258175654834,1,5,8,0
22.075,971.5054029613862,506.5886505803683,3.226649481781636,1,5,8,0
22.083333333333332,970.3802197791819,507.21906796133044,3.219183961305026,1,5,8,0
22.091666666666665,970.891850837255,507.0726144279335,3.235020535594222,1,5,8,0
22.1,970.881625463655,506.473349508546,3.256390904626459,1,5,8,0
22.108333333333334,971.9029207588786,506.8416023147995,3.2355572899826277,1,5,8,0
22.116666666666667,972.3826215913166,506.87547867293273,3.2650870003793306,1,5,8,0
22.125,972.613344303163,507.02724416239266,3.2608770948118666,1,5,8,0
22.133333333333333,972.8678053203082,506.9398903963813,3.23886603530009,1,5,8,0
22.141666666666666,972.3413600597388,507.9944972423892,3.2300124127084215,1,5,8,0
22.15,972.547375638874,507.85448525920174,3.2246374720890882,1,5,8,0
22.158333333333335,973.0673311086593,507.25741027036787,3.212375184116906,1,5,8,0
22.166666666666668,972.9281764310247,507.04250904586297,3.231061736332605,1,5,8,0
22.175,973.0152814840532,507.12794546057773,3.2772222123919397,1,5,8,0
22.183333333333334,972.7889105870092,507.1082975954088,3.2485362671962528,1,5,8,0
22.191666666666666,972.6760342480233,506.74706221648876,3.255595569407198,1,5,8,0
22.2,972.1540262328322,506.8324246626512,3.2458411888524688,1,5,8,0
22.208333333333332,971.3847494854958,506.99116165920236,3.279113026727167,1,5,8,0
22.216666666666665,970.7363109660221,506.8645164293911,3.2373471967957066,1,5,8,0
22.225,971.1473185293576,506.7948431957676,3.218211391102605,1,5,8,0
22.233333333333334,971.5334396269582,507.31961253414363,3.239508786692057,1,5,8,0
22.241666666666667,971.7996463918489,507.2047615170345,3.2391150402680577,1,5,8,0
22.25,971.6716711581918,507.5210840369624,3.22681640552223,1,5,8,0
22.258333333333333,971.8581805142535,507.69370792386843,3.234707819883199,1,5,8,0
22.266666666666666,972.0811448175295,508.026330335411,3.223130844723154,1,5,8,0
22.275,972.1268158250415,508.0097882627867,3.230847293149459,1,5,8,0
22.283333333333335,972.1807039604361,507.24573529364295,3.2258743076416247,1,5,8,0
22.291666666666668,972.3825777970436,506.6809660163788,3.239500065465421,1,5,8,0
22.3,972.690664329168,506.03086743963814,3.233254265030474,1,5,8,0
22.308333333333334,972.4827430387388,506.89787855103,3.218793621415644,1,5,8,0
22.316666666666666,972.5459638391416,506.34623861676084,3.199855380619996,1,5,8,0
22.325,972.6371409004906,506.45144599314426,3.2389713307247376,1,5,8,0
22.333333333333332,972.3593019014552,506.6992850625471,3.191623383104319,1,5,8,0
22.341666666666665,972.4526788701547,507.0788738177746,3.2053611218244393,1,5,8,0
22.35,973.4121311750563,506.7234677075113,3.2202387991678463,1,5,8,0
22.358333333333334,973.3560517520333,505.81004610332985,3.2092622741856514,1,5,8,0
22.366666666666667,973.2949775973701,505.1403623654435,3.236365793159895,1,5,8,0
22.375,974.122851248273,505.7896280453025,3.2387726298837576,1,5,8,0
22.383333333333333,974.4834062193181,505.7796207076922,3.2346954656947156,1,5,8,0
22.391666666666666,974.5844171933187,505.2239380592406,3.2158976466246236,1,5,8,0
22.4,974.0969884341547,506.0792005004678,3.2240672739718823,1,5,8,0
22.408333333333335,973.2595260368691,507.9713905376782,3.2341518673923275,1,5,8,0
22.416666666666668,973.8113834056979,508.502606446537,3.2060053669081534,1,5,8,0
22.425,973.8490346836779,508.3893308655911,3.2375431738914378,1,5,8,0
22.433333333333334,971.8092494162843,507.8862721954745,3.241181760966163,1,5,8,0
22.441666666666666,972.22538840235,508.6881492819063,3.180652927737679,1,5,8,0
22.45,971.8351568847091,507.67861105580846,3.2161729207743943,1,5,8,0
22.458333333333332,971.4104920730236,508.52714731273767,3.2033035563781946,1,5,8,0
22.466666666666665,972.1494090398498,508.13500421388824,3.2121578684309124,1,5,8,0
22.475,971.792131633358,507.8445155527462,3.199557772964261,1,5,8,0
22.483333333333334,970.9984667020061,507.509389285433,3.216117011529198,1,5,8,0
22.491666666666667,970.9238208349664,507.90830096351567,3.218640082384337,1,5,8,0
22.5,971.4064570877599,508.4601151072308,3.2152512721617064,1,5,8,0
22.508333333333333,971.4636735270014,507.51566196140914,3.2100411966150624,1,5,8,0
22.516666666666666,971.4815203241129,508.20793477208997,3.202854208214655,1,5,8,0
22.525,971.2396023444486,508.0445076481176,3.216623307195797,1,5,8,0
22.533333333333335,970.637627373728,507.1542118808052,3.2000822213766393,1,5,8,0
22.541666666666668,970.6808121628983,506.8532052397486,3.182131711540767,1,5,8,0
22.55,971.4003899976344,506.53740062435025,3.1811468857418586,1,5,8,0
22.558333333333334,971.1863473809377,506.1983045442318,3.1887854135749816,1,5,8,0
22.566666666666666,972.134051296769,506.9459719601664,3.1705453733571467,1,5,8,0
22.575,971.9526749208599,505.9402318844566,3.1752655781986214,1,5,8,0
22.583333333333332,971.7996149181303,505.9301426994822,3.1960429882488595,1,5,8,0
22.591666666666665,971.2662512481438,506.62023937459196,3.250112559678434,1,5,8,0
22.6,971.1387704906709,506.0822207739891,3.188502521194119,1,5,8,0
22.608333333333334,971.4549470030238,507.0111145721824,3.1793375195996267,1,5,8,0
22.616666666666667,971.255934571754,506.6750849469267,3.200754060736815,1,5,8,0
22.625,971.6235550159034,506.69547270779333,3.167402509494768,1,5,8,0
22.633333333333333,971.6347496783917,506.9227541889059,3.1989744776541134,1,5,8,0
22.641666666666666,972.0837725671162,506.77416797948933,3.1747043156995782,1,5,8,0
22.65,973.326074032924,507.4786478762837,3.177479249194053,1,5,8,0
22.658333333333335,972.5873590522374,507.08788706793257,3.153856720145022,1,5,8,0
22.666666666666668,972.6076771516698,507.33870855730436,3.192640723257769,1,5,8,0
22.675,971.8193390795279,507.3567362288162,3.1927570562445524,1,5,8,0
22.683333333333334,972.8846544754024,506.75814241066547,3.16871095156943,1,5,8,0
22.691666666666666,972.4470400914064,506.45288379430224,3.1805896380451606,1,5,8,0
22.7,972.1835482585119,506.6713167288422,3.1901427635339292,1,5,8,0
22.708333333333332,971.9206487332209,506.4732158681909,3.164748167504633,1,5,8,0
22.716666666666665,971.7228792217911,505.9301985854942,3.1630971909659222,1,5,8,0
22.725,972.0294831934136,505.9952973310532,3.1893553544083786,1,5,8,0
22.733333333333334,971.0866215776393,506.1263177775438,3.151278310265277,1,5,8,0
22.741666666666667,970.749828232446,506.2775628816805,3.1783845049584234,1,5,8,0
22.75,971.1211434337092,505.63994962949323,3.179450419280384,1,5,8,0
22.758333333333333,971.4440813952478,505.07754485852746,3.16554036218893,1,5,8,0
22.766666666666666,970.9308678048764,505.8541724966478,3.1855160547309866,1,5,8,0
22.775,970.1256033817282,505.8285213117728,3.1487276640959934,1,5,8,0
22.783333333333335,969.2845259352888,506.2384300951045,3.1723922268719025,1,5,8,0
22.791666666666668,970.231454930406,506.0826040442986,3.2022006142501787,1,5,8,0
22.8,970.4255722174589,505.60040590918334,3.137521706039154,1,5,8,0
22.808333333333334,969.9088432222474,505.0990964451971,3.1601746196492755,1,5,8,0
22.816666666666666,969.9651442556944,505.3083558187117,3.159704216757678,1,5,8,0
22.825,970.2427774105879,505.77320286563486,3.1608117668970994,1,5,8,0
22.833333333333332,969.7063767975698,506.06727600751117,3.162654044642323,1,5,8,0
22.841666666666665,969.7446725822065,505.69286563250677,3.172253960445855,1,5,8,0
22.85,970.423760824758,505.9109448330057,3.1263321541883418,1,5,8,0
22.858333333333334,970.8783458412181,505.6935013715016,3.1726997272708344,1,5,8,0
22.866666666666667,970.5168446735308,505.67132116251946,3.15513413730774,1,5,8,0
22.875,970.2787662463694,506.09163330134635,3.1874080416486357,1,5,8,0
22.883333333333333,970.7307001465033,505.111100907013,3.160958510216911,1,5,8,0
22.891666666666666,970.3984405545389,505.4935558511769,3.1491515325919206,1,5,8,0
22.9,969.749436161145,505.39506545786526,3.149400664949518,1,5,8,0
22.908333333333335,970.1138585090126,506.58437488059405,3.1263818282862057,1,5,8,0
22.916666666666668,970.3427881522596,506.8061480654059,3.142665722717402,1,5,8,0
22.925,970.0944258347008,506.8767260768545,3.1706070552898082,1,5,8,0
22.933333333333334,969.8461654503506,506.91635230581704,3.1606248949033384,1,5,8,0
22.941666666666666,970.2429523461028,506.82576074308264,3.1578824992402637,1,5,8,0
22.95,969.7364566740093,506.48177193681545,3.1511174575255367,1,5,8,0
22.958333333333332,969.8756512662774,506.7023148234308,3.1778745939669086,1,5,8,0
22.966666666666665,969.526819787592,506.88230502956276,3.137922952087444,1,5,8,0
22.975,969.7578530020187,506.25179470010903,3.136037272376886,1,5,8,0
22.983333333333334,970.3104542736128,505.9569329418798,3.1245658488839605,1,5,8,0
22.991666666666667,970.1691903069728,505.75285212900775,3.115164930932265,1,5,8,0
23.0,970.2192980071601,505.16312903272564,3.151173493043927,1,5,8,0
23.008333333333333,970.0673918861817,505.50862835478927,3.1141480351261746,1,5,8,0
23.016666666666666,969.5919086254312,505.97728398581233,3.160024031574138,1,5,8,0
23.025,969.1344479792347,505.55501886948923,3.1515858056129202,1,5,8,0
23.033333333333335,969.3442786814164,505.56374209919034,3.122419936887124,1,5,8,0
23.041666666666668,969.571685592971,505.74829280177175,3.09994491413188,1,5,8,0
23.05,969.9290250659908,505.7199106733737,3.1244135785144405,1,5,8,0
23.058333333333334,970.5103884191412,505.2582055692686,3.1567066200756124,1,5,8,0
23.066666666666666,969.9901728038384,505.0943764901325,3.135322033952686,1,5,8,0
23.075,970.3750500715762,505.0906312016179,3.1323634238587674,1,5,8,0
23.083333333333332,970.4799330530345,505.1856399242033,3.133902707866317,1,5,8,0
23.091666666666665,970.4949971497306,504.4138781580245,3.142355304725689,1,5,8,0
23.1,970.2421644469098,504.0030954024074,3.1591125708583907,1,5,8,0
23.108333333333334,969.704954172842,504.3318654551696,3.0974978865686102,1,5,8,0
23.116666666666667,969.0309272295107,504.29775226516864,3.1024394466163434,1,5,8,0
23.125,968.048846811419,503.56579585100457,3.1428354091494577,1,5,8,0
23.133333333333333,966.9560250817299,502.46625239525594,3.13954686237718,1,5,8,0
23.141666666666666,966.950560055614,501.50195833582643,3.1381359239430875,1,5,8,0
23.15,930.5232716013052,457.6108496002452,3.1051102951071066,1,5,8,0
23.158333333333335,931.0775853871072,457.9646361783076,3.1492794729025744,1,5,8,0
23.166666666666668,968.2509461429182,502.0470611118025,3.1488966093942192,1,5,8,0
23.175,968.1949222390323,502.3369781169534,3.103850387304402,1,5,8,0
23.183333333333334,968.7673616201815,502.4668896557949,3.1271087987594464,1,5,8,0
23.191666666666666,969.14657334376,502.4018447731959,3.129795955857262,1,5,8,0
23.2,969.4206364999145,502.3136216910232,3.1028285668805125,1,5,8,0
23.208333333333332,969.5744880448955,502.55137104130654,3.1236648802295464,1,5,8,0
23.216666666666665,969.8015281932413,502.4643394737216,3.1374953534912104,1,5,8,0
23.225,970.3183372784182,502.43277887893146,3.1290690111828066,1,5,8,0
23.233333333333334,970.8282382993459,502.637825477015,3.1116526772680704,1,5,8,0
23.241666666666667,970.3301526435938,502.80924604164704,3.0991367360819226,1,5,8,0
23.25,970.20151662404,503.22838785381504,3.0906818359585806,1,5,8,0
23.258333333333333,970.7079333572535,502.94514721183685,3.0863183297799517,1,5,8,0
23.266666666666666,969.884573312198,503.48126395916574,3.1316437428011445,1,5,8,0
23.275,969.4575903244112,503.8040045139843,3.0943610475378387,1,5,8,0
23.283333333333335,969.5706140322184,504.34859999953,3.0820808930874497,1,5,8,0
23.291666666666668,970.3964001607026,504.76894832879464,3.1144964359733835,1,5,8,0
23.3,969.9342216602287,504.6942252970179,3.1084983942519275,1,5,8,0
23.308333333333334,969.7673471493089,504.658775897912,3.095790935618443,1,5,8,0
23.316666666666666,970.4570350289159,503.9629705229508,3.1272255985387467,1,5,8,0
23.325,970.9896091446684,505.34572111609026,3.0996715569647315,1,5,8,0
23.333333333333332,971.3751401048736,505.11508266001164,3.132240072005015,1,5,8,0
23.341666666666665,971.6355821766332,504.3427688685657,3.093748556509146,1,5,8,0
23.35,971.6614288172802,504.4182727987434,3.137172789029829,1,5,8,0
23.358333333333334,972.3892386116481,504.8792993590022,3.072328892478709,1,5,8,0
23.366666666666667,972.3967261932696,503.7135120417904,3.1204893795984674,1,5,8,0
23.375,971.8235341997266,503.1147310499959,3.1223027402530716,1,5,8,0
23.383333333333333,972.9264008376994,503.59215998503686,3.1115098732132607,1,5,8,0
23.391666666666666,972.3705522031249,503.76162555757486,3.1297817527064633,1,5,8,0
23.4,973.1894371663615,504.21672665375326,3.0969803459121676,1,5,8,0
23.408333333333335,973.5131424244123,504.5597692000925,3.0879888019987147,1,5,8,0
23.416666666666668,972.8998013866963,504.93359555341806,3.1082184181788133,1,5,8,0
23.425,972.2904422219699,504.2902655172507,3.0956185151327005,1,5,8,0
23.433333333333334,972.2239287299002,503.66496611998076,3.127371873591635,1,5,8,0
23.441666666666666,971.7141370018343,503.6400023637569,3.1342713449457844,1,5,8,0
23.45,971.7500654820022,504.45297869854693,3.120361249398963,1,5,8,0
23.458333333333332,971.9101089585919,504.82300411262645,3.101524516079044,1,5,8,0
23.466666666666665,972.0060349016366,505.1480096143602,3.098562341874815,1,5,8,0
23.475,971.839114922052,505.23196820373283,3.111838092579162,1,5,8,0
23.483333333333334,972.2209778138018,505.2782083111253,3.0927831470301896,1,5,8,0
23.491666666666667,972.1305871318906,505.5698709123175,3.103768826325796,1,5,8,0
23.5,971.5868139800522,505.042681517526,3.105830353954494,1,5,8,0
23.508333333333333,970.8166398823215,504.4564213868224,3.107951468462658,1,5,8,0
23.516666666666666,971.8752970913373,504.3753753644779,3.08334742960672,1,5,8,0
23.525,971.8532546710579,504.3179234366182,3.108134617252123,1,5,8,0
23.533333333333335,971.9845565677225,504.6148335682975,3.1011654419563883,1,5,8,0
23.541666666666668,971.6809638010649,504.4023084853195,3.0860503143647042,1,5,8,0
23.55,971.1081256394236,504.0997071457793,3.1267935974266425,1,5,8,0
23.558333333333334,970.5256966363507,504.0132484707363,3.0804381351721113,1,5,8,0
23.566666666666666,971.0737142257061,504.3276127414578,3.1243346965131686,1,5,8,0
23.575,970.8610748910055,505.14576513136336,3.0985395199870873,1,5,8,0
23.583333333333332,970.5931906727691,504.90909230737896,3.1225247436787544,1,5,8,0
23.591666666666665,970.2862031028601,505.0898480273079,3.078476973699155,1,5,8,0
23.6,970.9085760218132,504.7748164074039,3.1199201185995755,1,5,8,0
23.608333333333334,971.5918497390793,505.0612092802938,3.0763022915705815,1,5,8,0
23.616666666666667,971.0807912858548,506.0352204866664,3.1048613975582633,1,5,8,0
23.625,970.1985114100962,505.4990407207046,3.0689508930883944,1,5,8,0
23.633333333333333,970.7883214620292,505.01011516437114,3.0938282599813087,1,5,8,0
23.641666666666666,970.2500856516675,505.19654993201647,3.0703159734800067,1,5,8,0
23.65,970.2475665672897,504.88842848289636,3.1113034508225583,1,5,8,0
23.658333333333335,970.2319892006973,504.50472712828207,3.1029854864255775,1,5,8,0
23.666666666666668,970.3549733990185,503.82146608347114,3.090208884443799,1,5,8,0
23.675,970.4978070102165,503.8234613321752,3.073529219245593,1,5,8,0
23.683333333333334,970.9386340364317,503.7922411036194,3.067351245831279,1,5,8,0
23.691666666666666,971.2065765479678,503.12401133349465,3.0986703213095295,1,5,8,0
23.7,988.2205724616427,756.1741193045572,3.0735538959188053,1,5,8,0
23.708333333333332,987.577054695945,756.343389685808,3.1498735065574976,1,5,8,0
23.716666666666665,971.2376852156091,503.46116348711166,3.0704101701598523,1,5,8,0
23.725,971.8982944983094,503.26712938037906,3.0852828905198724,1,5,8,0
23.733333333333334,971.9734626768096,503.24601482488134,3.103412665602457,1,5,8,0
23.741666666666667,971.0032168771345,504.1104521764542,3.0876413080384224,1,5,8,0
23.75,970.4699837521218,504.23888853869516,3.0713637862765064,1,5,8,0
23.758333333333333,970.626387648828,504.0829639305333,3.1116584578837494,1,5,8,0
23.766666666666666,970.2771705811361,504.2435918449714,3.071981526167002,1,5,8,0
23.775,970.5918132584608,504.7861186540629,3.0760931324117933,1,5,8,0
23.783333333333335,970.6239201264107,505.51994471737015,3.0936299698074747,1,5,8,0
23.791666666666668,971.4268586119948,505.4812998274603,3.117617281842893,1,5,8,0
23.8,971.8323021138137,505.38369116530487,3.0861612426812624,1,5,8,0
23.808333333333334,972.2304734963881,505.0087246344044,3.098046812632377,1,5,8,0
23.816666666666666,972.2905335929289,505.1619347035603,3.101333215678731,1,5,8,0
23.825,972.0669021678558,505.9802917974727,3.083362812714976,1,5,8,0
23.833333333333332,971.2023082239665,505.7149060592344,3.07820291270203,1,5,8,0
23.841666666666665,972.119663968001,506.01323537139183,3.108057192198325,1,5,8,0
23.85,972.2449651741321,505.9576318776058,3.0863079093344448,1,5,8,0
23.858333333333334,972.5904969553072,505.3437060676748,3.1089319653126886,1,5,8,0
23.866666666666667,973.0686346985376,504.4422459473104,3.118861947270334,1,5,8,0
23.875,972.7712578559374,504.5555703107123,3.0827203491735564,1,5,8,0
23.883333333333333,972.3220469126263,504.11639643118974,3.084365025625122,1,5,8,0
23.891666666666666,972.6072189301058,503.3064809444837,3.0944522411570503,1,5,8,0
23.9,972.8243910132287,504.08437399149994,3.0902115724914285,1,5,8,0
23.908333333333335,972.997690304412,505.34815971268773,3.052328904825594,1,5,8,0
23.916666666666668,972.6493182993306,505.31300450539845,3.1001859396848346,1,5,8,0
23.925,973.5792761196715,504.64644795107364,3.0920604907683074,1,5,8,0
23.933333333333334,973.6318965701212,505.668885452471,3.128735537288895,1,5,8,0
23.941666666666666,973.7865362073034,505.88644453986575,3.106263562912488,1,5,8,0
23.95,973.8050883740118,505.11648947838694,3.0975210964224105,1,5,8,0
23.958333333333332,974.3609507824624,505.4260405670683,3.094740469982141,1,5,8,0
23.966666666666665,974.222123165984,505.72982370401803,3.09041812527046,1,5,8,0
23.975,972.7131620244751,506.4336602092949,3.1053981761363905,1,5,8,0
23.983333333333334,972.3016077299446,506.7585856290969,3.127613269922497,1,5,8,0
23.991666666666667,972.6694053526077,506.56599617159765,3.1845418934663305,1,5,8,0
24.0,972.3371173574444,506.95771161059577,3.0910052871147466,1,5,8,0
24.008333333333333,972.4864497107832,507.06344496566385,3.1273953621843975,1,5,8,0
24.016666666666666,972.217731686342,507.29330124081565,3.1218205033131694,1,5,8,0
24.025,972.6064495444244,506.8188711868712,3.1238722444811526,1,5,8,0
24.033333333333335,972.447071121977,506.9725565194995,3.0721374762813385,1,5,8,0
24.041666666666668,972.6997679637951,507.22546275726285,3.0846663995650405,1,5,8,0
24.05,972.6218104652787,507.10003133239485,3.1123833159834073,1,5,8,0
24.058333333333334,972.1250359059782,506.9324985431435,3.1238433448274208,1,5,8,0
24.066666666666666,971.0522058787927,506.34259933241196,3.073017980608973,1,5,8,0
24.075,972.1216669633077,506.6098761596695,3.122182442883808,1,5,8,0
24.083333333333332,971.8219365159273,505.6656580487159,3.085755967773216,1,5,8,0
24.091666666666665,972.0359003855972,506.0992036940716,3.0777928195850244,1,5,8,0
24.1,972.2401122660325,505.7228628746384,3.0936271639975956,1,5,8,0
24.108333333333334,972.5594287483826,505.1325276030622,3.128332438072163,1,5,8,0
24.116666666666667,972.5722911775026,505.18094570897784,3.125893594299131,1,5,8,0
24.125,973.3291398319442,505.24163646269085,3.1152868781215126,1,5,8,0
24.133333333333333,973.6948625679199,505.4259127863053,3.1384892859725944,1,5,8,0
24.141666666666666,973.8646316217273,505.3242909190095,3.09235563246505,1,5,8,0
24.15,974.0596947999181,505.3509951866673,3.0952659791477206,1,5,8,0
24.158333333333335,973.6900319713542,504.5573624603767,3.146623822012879,1,5,8,0
24.166666666666668,973.2536661388821,504.416335216449,3.130134200408913,1,5,8,0
24.175,972.9002971452861,504.69129509041943,3.101796779224598,1,5,8,0
24.183333333333334,972.8490158429942,504.99237920532187,3.108019915310981,1,5,8,0
24.191666666666666,973.2571978863416,505.02771640105306,3.1242253192103924,1,5,8,0
24.2,972.9984133250059,505.2321370061006,3.1179751196763217,1,5,8,0
24.208333333333332,972.887405418427,505.5995600588984,3.1166986285786304,1,5,8,0
24.216666666666665,973.1170873249481,505.9232227149062,3.1374810721396114,1,5,8,0
24.225,973.7462484384033,506.1679155000577,3.132227900301474,1,5,8,0
24.233333333333334,973.4421882689378,506.00492973884127,3.1345653316705695,1,5,8,0
24.241666666666667,973.66576795802,505.64911648513873,3.12322386194774,1,5,8,0
24.25,972.979396848067,505.4285115326608,3.117057033591851,1,5,8,0
24.258333333333333,972.8769008828955,505.1397400476764,3.116235729126967,1,5,8,0
24.266666666666666,973.4140715514958,505.13087805055693,3.1287586973170467,1,5,8,0
24.275,973.6180102124256,505.4745611580236,3.108110355421729,1,5,8,0
24.283333333333335,974.506746216045,505.7851084630886,3.106891493895739,1,5,8,0
24.291666666666668,974.725534538412,505.46431304192316,3.123060055872078,1,5,8,0
24.3,975.348869755679,505.49412981704984,3.1474458207623295,1,5,8,0
24.308333333333334,975.9476956952439,504.83929529538636,3.1029320682488337,1,5,8,0
24.316666666666666,975.2226452526902,505.7123617597439,3.1331725283529237,1,5,8,0
24.325,974.9450773933956,506.4202905521148,3.1074978561344397,1,5,8,0
24.333333333333332,975.3677213095282,506.9316423884136,3.1116517972151483,1,5,8,0
24.341666666666665,974.66555445345,506.38926663310286,3.126274218062663,1,5,8,0
24.35,975.4231652172407,506.8640221083269,3.1207106410168253,1,5,8,0
24.358333333333334,974.9264718741439,506.7757637913331,3.1263812964344706,1,5,8,0
24.366666666666667,975.0661143573246,506.4336758875251,3.100003865732471,1,5,8,0
24.375,974.6427094051962,506.57162300370624,3.1171002503149636,1,5,8,0
24.383333333333333,974.7898474093497,505.7317471164749,3.145398728642575,1,5,8,0
24.391666666666666,974.7303316633222,506.03550549295915,3.131897528386876,1,5,8,0
24.4,974.4631202737671,506.9403154458815,3.1554322702124193,1,5,8,0
24.408333333333335,974.9376020823732,506.81717817121466,3.1306931785007777,1,5,8,0
24.416666666666668,974.8656565873504,507.0921701568466,3.0996807604944503,1,5,8,0
24.425,974.1804113802799,507.53241641732916,3.095114786509311,1,5,8,0
24.433333333333334,974.4989528020554,507.13903925144285,3.1586814984327147,1,5,8,0
24.441666666666666,974.465757070772,507.0290383743202,3.1322292250046844,1,5,8,0
24.45,974.2524309386164,506.38261604331797,3.120140983542631,1,5,8,0
24.458333333333332,973.747307398591,506.07871461939925,3.1643106344379026,1,5,8,0
24.466666666666665,973.4317514512325,505.205458759149,3.151994075716157,1,5,8,0
24.475,973.4540409540249,504.51949383552176,3.1470592163148914,1,5,8,0
24.483333333333334,974.0111948379338,503.97926527075253,3.133942878261387,1,5,8,0
24.491666666666667,974.9094209295719,503.9019025817312,3.1503532264696776,1,5,8,0
24.5,974.6975037657179,503.0136293380522,3.151050019605149,1,5,8,0
24.508333333333333,974.6554893817193,504.29410868650325,3.162418063487785,1,5,8,0
24.516666666666666,974.5509099203416,504.65066775991346,3.1622079177601194,1,5,8,0
24.525,974.8345485480313,504.3228716987655,3.1176537918823377,1,5,8,0
24.533333333333335,974.7472860516847,504.3614772559496,3.135921387515401,1,5,8,0
24.541666666666668,974.0142169657298,504.9062526971838,3.155825520211148,1,5,8,0
24.55,973.7111266814949,505.81338785530613,3.1634776140358576,1,5,8,0
24.558333333333334,974.4371783234152,505.6159216055716,3.1231479339236783,1,5,8,0
24.566666666666666,973.8834390233931,505.57467037117055,3.1298762766361463,1,5,8,0
24.575,974.0504653869302,505.09987109699256,3.1491998597308686,1,5,8,0
24.583333333333332,973.3683842968165,505.354686870526,3.15576298634316,1,5,8,0
24.591666666666665,973.6134812677454,505.38366462245773,3.162432927824657,1,5,8,0
24.6,973.212158446878,505.77591049625505,3.1575698242207073,1,5,8,0
24.608333333333334,972.861826594971,504.8847180931645,3.153889629567692,1,5,8,0
24.616666666666667,973.0878251417066,504.99505588216493,3.171438411217972,1,5,8,0
24.625,973.1174389116449,505.15507952805115,3.153786215023692,1,5,8,0
24.633333333333333,972.8408584826549,505.1263185512137,3.1559552537307116,1,5,8,0
24.641666666666666,972.6681646125808,505.05782753026307,3.148613497114832,1,5,8,0
24.65,972.9098447850774,504.93532167819154,3.162202509691012,1,5,8,0
24.658333333333335,973.1378565197972,504.7676056604149,3.123509264848372,1,5,8,0
24.666666666666668,972.7265767938522,505.0750787495708,3.143727509317737,1,5,8,0
24.675,972.8793785914932,505.82554230952934,3.1434862567413506,1,5,8,0
24.683333333333334,973.2504588686746,506.9407772431458,3.182340299233977,1,5,8,0
24.691666666666666,972.2580591061266,506.73399654122085,3.1533391533228894,1,5,8,0
24.7,971.1788183664257,507.10977658360883,3.176438111079926,1,5,8,0
24.708333333333332,971.1949110638608,507.2073155412601,3.153325808961074,1,5,8,0
24.716666666666665,970.902073974108,507.6636852691648,3.197257733457045,1,5,8,0
24.725,971.5321897273047,508.1226184005126,3.162751340075274,1,5,8,0
24.733333333333334,972.083769711512,508.43378140486544,3.1518486324013026,1,5,8,0
24.741666666666667,971.4893024065725,508.0711380538236,3.1927057038428024,1,5,8,0
24.75,971.7514645582906,507.5655194534972,3.1839739020475673,1,5,8,0
24.758333333333333,972.471435180878,506.4692233182751,3.2076377825352727,1,5,8,0
24.766666666666666,973.0919718624983,506.7451671127879,3.1617623707125615,1,5,8,0
24.775,973.6991010222888,505.8961601119608,3.1585545589149726,1,5,8,0
24.783333333333335,973.5156035757652,505.7068613823555,3.1733968979906604,1,5,8,0
24.791666666666668,973.8611895550468,505.41791970503147,3.1848858889859373,1,5,8,0
24.8,973.926691674854,505.2541992011474,3.156243110422658,1,5,8,0
24.808333333333334,973.9294820563211,505.90256729480643,3.168995950919082,1,5,8,0
24.816666666666666,973.4507702371427,505.91648058943133,3.1427101094552556,1,5,8,0
24.825,973.5505827378322,505.8896255975651,3.1509233183471825,1,5,8,0
24.833333333333332,973.362302179464,505.6781560620746,3.1829258083082115,1,5,8,0
24.841666666666665,973.6670532663239,506.0581686975992,3.197079592232543,1,5,8,0
24.85,974.2899877059454,505.63455306273875,3.181902660355755,1,5,8,0
24.858333333333334,975.3747283237221,505.29069777953066,3.1961262230907983,1,5,8,0
24.866666666666667,975.0069987647902,505.7097191110422,3.2325852713152643,1,5,8,0
24.875,975.0250949730112,505.4797403822121,3.2002886910628328,1,5,8,0
24.883333333333333,975.4395013856965,505.54585368872046,3.1721542447290765,1,5,8,0
24.891666666666666,975.7279630667398,505.0114104816872,3.185745043663407,1,5,8,0
24.9,975.6768065652865,504.66719159207906,3.205648801898032,1,5,8,0
24.908333333333335,975.6173825676204,505.0840502935301,3.2036453636403808,1,5,8,0
24.916666666666668,975.94464076348,504.9449034631309,3.228779422580929,1,5,8,0
24.925,975.245640617036,504.31678857044693,3.1913439051034063,1,5,8,0
24.933333333333334,974.5252062285974,504.72245330352484,3.207006264912785,1,5,8,0
24.941666666666666,975.1944828649972,504.150250180959,3.2104072330849256,1,5,8,0
24.95,974.6563030475327,503.9569162506076,3.214261733861084,1,5,8,0
24.958333333333332,974.96599791422,504.14698240722487,3.17191782521371,1,5,8,0
24.966666666666665,974.3518869403221,503.99184075096883,3.208316189562238,1,5,8,0
24.975,974.6924324232264,505.03336001743276,3.1847205004613732,1,5,8,0
24.983333333333334,973.8845766875506,505.0998323251277,3.1980433336857588,1,5,8,0
24.991666666666667,974.3414996445496,504.74311038506664,3.1880318845367377,1,5,8,0
25.0,975.5319115677049,504.25785527093336,3.198834532123526,1,5,8,0
25.008333333333333,975.5670289166721,504.0688722367875,3.19122749753838,1,5,8,0
25.016666666666666,975.2605412444129,504.0343820797058,3.2178592446061627,1,5,8,0
25.025,974.8834254285898,504.4934040455373,3.2112016209879943,1,5,8,0
25.033333333333335,975.1451068241806,505.60178365399616,3.246424058084117,1,5,8,0
25.041666666666668,975.5760808815068,505.7271948984535,3.228705651781523,1,5,8,0
25.05,974.4761455594111,505.31772500121093,3.2403565872192273,1,5,8,0
25.058333333333334,974.2422758316119,505.3106607287689,3.2259362939016656,1,5,8,0
25.066666666666666,973.9978776648842,505.2587336190389,3.222959574526432,1,5,8,0
25.075,973.3980905819443,505.3901102159457,3.178885944853068,1,5,8,0
25.083333333333332,973.9631530512678,504.8445970529305,3.207815642017823,1,5,8,0
25.091666666666665,974.5725050587077,505.88160157743846,3.198665951243634,1,5,8,0
25.1,974.1159371689287,505.97158685775145,3.208320785792405,1,5,8,0
25.108333333333334,973.6423088086523,506.45966436500123,3.2429509049203262,1,5,8,0
25.116666666666667,973.7250824492435,506.7948192254336,3.1895546431284494,1,5,8,0
25.125,974.2765246367906,506.9875471447947,3.224920676940653,1,5,8,0
25.133333333333333,974.7668958974766,506.6139694136675,3.191567288003382,1,5,8,0
25.141666666666666,975.0416603779408,506.3104879715947,3.207504462651635,1,5,8,0
25.15,974.6998875867695,506.82868853954324,3.1809532167581023,1,5,8,0
25.158333333333335,974.597485308928,507.42142015643395,3.21434383894167,1,5,8,0
25.166666666666668,974.6576243482407,507.9636615173556,3.2407208558339162,1,5,8,0
25.175,974.5289125123637,508.09630164974106,3.2240283632184754,1,5,8,0
25.183333333333334,975.4197029678143,507.6510336047358,3.2318856958184528,1,5,8,0
25.191666666666666,976.9289713776404,507.2731768245097,3.21284811358794,1,5,8,0
25.2,977.2136545814002,507.9760960081822,3.223639321455683,1,5,8,0
25.208333333333332,977.1235041551278,507.51182602219103,3.2307033187032634,1,5,8,0
25.216666666666665,977.9405530759608,507.1020188149379,3.1913525020648446,1,5,8,0
25.225,978.2075134533369,507.5073154563627,3.186883932436964,1,5,8,0
25.233333333333334,978.2908333854285,507.27214565737506,3.2087904314937505,1,5,8,0
25.241666666666667,977.6465764583984,507.3519443982177,3.258208827702656,1,5,8,0
25.25,977.743133800277,507.8111452694757,3.220186052438341,1,5,8,0
25.258333333333333,978.0614054175292,507.517802255163,3.2018555924341863,1,5,8,0
25.266666666666666,977.9407306063046,508.04537797945596,3.2135481837321462,1,5,8,0
25.275,977.6015438204809,508.3308259063905,3.261894276108243,1,5,8,0
25.283333333333335,977.8047647403862,507.7648468845685,3.206951107142658,1,5,8,0
25.291666666666668,977.809213228355,508.145236717854,3.2111053961879845,1,5,8,0
25.3,977.9132088245353,507.72574477624937,3.2696553035391713,1,5,8,0
25.308333333333334,978.2329557146742,506.9206653219045,3.2326838264930524,1,5,8,0
25.316666666666666,978.8135397596188,507.37657457445334,3.246471164114862,1,5,8,0
25.325,978.544313758787,507.24035476551705,3.2196029564281186,1,5,8,0
25.333333333333332,977.878000891622,507.34937130523946,3.224470435611503,1,5,8,0
25.341666666666665,977.3306704092176,508.48190001354345,3.2387287077761044,1,5,8,0
25.35,977.505781763987,509.35059223957103,3.22212924857116,1,5,8,0
25.358333333333334,977.4686672933522,509.19744650840744,3.2223641156588183,1,5,8,0
25.366666666666667,977.5684799941996,509.01907984859196,3.2228940935215324,1,5,8,0
25.375,977.9656846858661,508.8254718852205,3.257800397917083,1,5,8,0
25.383333333333333,977.4059783316934,509.17158606097814,3.2313962743210247,1,5,8,0
25.391666666666666,977.814332755075,508.53293221691257,3.1910365464314823,1,5,8,0
25.4,977.8516792210559,509.8493654753865,3.2098845393688973,1,5,8,0
25.408333333333335,977.4352707903674,510.31178249625617,3.255001298735468,1,5,8,0
25.416666666666668,977.7574040653694,510.0861775511992,3.281480256885682,1,5,8,0
25.425,977.7794684196263,509.0846316280312,3.265363565820824,1,5,8,0
25.433333333333334,977.4024214552121,509.52311023241555,3.297433473617538,1,5,8,0
25.441666666666666,976.8888800473624,510.0572974510265,3.284645184704526,1,5,8,0
25.45,977.5840356712789,509.6999881641313,3.263226578733118,1,5,8,0
25.458333333333332,977.4556657854799,509.30294809010286,3.229677064038294,1,5,8,0
25.466666666666665,977.8027388956534,508.16260319152735,3.2338179397943407,1,5,8,0
25.475,977.60864032279,509.3009212420626,3.2570077425554698,1,5,8,0
25.483333333333334,977.4748073346133,509.07839465168007,3.250815263066714,1,5,8,0
25.491666666666667,977.091788264542,508.67186221694254,3.280473302044186,1,5,8,0
25.5,976.4715748035431,509.15148443173473,3.274350647778494,1,5,8,0
25.508333333333333,977.1166158981588,508.7606159597594,3.2663975347406558,1,5,8,0
25.516666666666666,976.2486195401942,509.3569187714948,3.2615942809567877,1,5,8,0
25.525,975.9097817509524,509.9629735670518,3.276497627272971,1,5,8,0
25.533333333333335,976.7962519544479,510.0153561153825,3.2707116216691308,1,5,8,0
25.541666666666668,976.9936135489116,510.2676703011293,3.2928059280574242,1,5,8,0
25.55,975.3418380567175,510.62525069904035,3.3021839238781077,1,5,8,0
25.558333333333334,975.3151249682929,509.88308055036487,3.3110878291774553,1,5,8,0
25.566666666666666,974.5767396384662,510.49943203566454,3.2900370541646238,1,5,8,0
25.575,974.8777863968884,510.48114739315565,3.309423219276175,1,5,8,0
25.583333333333332,974.371920504963,510.2308341630168,3.2652341353119825,1,5,8,0
25.591666666666665,974.7191320678562,510.13029551357727,3.320130553064398,1,5,8,0
25.6,974.0621587829935,510.0466540435758,3.2889263873735444,1,5,8,0
25.608333333333334,973.5954281988577,510.27451517984736,3.317317346522359,1,5,8,0
25.616666666666667,973.2214591967881,510.8231662382098,3.2938074632305714,1,5,8,0
25.625,972.571681381948,511.7439709647353,3.3242231619599822,1,5,8,0
25.633333333333333,972.3933915311618,511.91108137417,3.310696862657823,1,5,8,0
25.641666666666666,972.7815371799423,511.7584911702359,3.3567028997744623,1,5,8,0
25.65,972.699603676046,510.89900651349063,3.283646945529245,1,5,8,0
25.658333333333335,973.2898721597643,510.8984375269564,3.285377489174514,1,5,8,0
25.666666666666668,974.6917886828988,510.7410775796745,3.3510534130004817,1,5,8,0
25.675,974.0343831524027,510.83189991704774,3.3536359891341965,1,5,8,0
25.683333333333334,974.5244569674455,511.5563630973702,3.324755867566165,1,5,8,0
25.691666666666666,973.74154875978,512.0223225297859,3.3307874554248236,1,5,8,0
25.7,973.7550574934289,512.0732672694098,3.3187737794463437,1,5,8,0
25.708333333333332,973.7020494913062,511.99241581671964,3.2976929101269845,1,5,8,0
25.716666666666665,973.3384461346328,511.7046638308809,3.355806112290179,1,5,8,0
25.725,973.7057172061945,511.6284671299524,3.3301025865490983,1,5,8,0
25.733333333333334,973.4174953372884,511.8297193160062,3.3316260686549604,1,5,8,0
25.741666666666667,973.4010641130179,511.0101251434164,3.3248564385934083,1,5,8,0
25.75,973.4363453497241,510.65592084933,3.3692585516515767,1,5,8,0
25.758333333333333,973.413659232742,510.7949095459002,3.296865538610822,1,5,8,0
25.766666666666666,973.0379761130392,510.46570778681206,3.351551002619635,1,5,8,0
25.775,972.9560004015406,510.2778578883612,3.352424747409605,1,5,8,0
25.783333333333335,972.2962336569545,510.79121148211533,3.3034656495423573,1,5,8,0
25.791666666666668,971.6986051839275,510.7729529729507,3.304487581435164,1,5,8,0
25.8,972.4460950709647,511.3191390902673,3.3298155402257708,1,5,8,0
25.808333333333334,972.3785714932758,511.7926160815936,3.329619565925697,1,5,8,0
25.816666666666666,972.9577746715554,511.8572775982398,3.3088461297142313,1,5,8,0
25.825,972.5463191581908,511.7768715807142,3.3355488850094086,1,5,8,0
25.833333333333332,971.644239445981,511.6407448162168,3.3320113084063587,1,5,8,0
25.841666666666665,971.4917903697341,511.7275349040757,3.313044116221496,1,5,8,0
25.85,970.8309528243157,511.7998038038962,3.339109011472112,1,5,8,0
25.858333333333334,971.2637661375862,512.1906654085345,3.34941038825651,1,5,8,0
25.866666666666667,971.3894507715719,512.7057247575914,3.2673453511460218,1,5,8,0
25.875,971.4690379448874,513.1485319153802,3.332611013448492,1,5,8,0
25.883333333333333,971.2615230940519,513.6523143687401,3.3062178882279207,1,5,8,0
25.891666666666666,971.1011869455806,513.1311041014098,3.3163773624546797,1,5,8,0
25.9,971.8132195783191,513.0153584434763,3.327596235741041,1,5,8,0
25.908333333333335,971.7578961263908,511.86584546523926,3.3301797308303445,1,5,8,0
25.916666666666668,972.218236820923,511.64887287629716,3.2935211546079914,1,5,8,0
25.925,971.4970735880378,511.5881752011306,3.2789741647163564,1,5,8,0
25.933333333333334,971.5529143601046,511.84893203316096,3.3103532011595314,1,5,8,0
25.941666666666666,970.8870720735156,512.3806174347283,3.317555005494955,1,5,8,0
25.95,971.4837441938083,512.132658076685,3.278479965154699,1,5,8,0
25.958333333333332,971.7439725545341,511.1744421052329,3.273098657387546,1,5,8,0
25.966666666666665,971.1473157955103,510.9689825090553,3.3230315372488692,1,5,8,0
25.975,970.7466958978804,509.9622380842603,3.3056850292957325,1,5,8,0
25.983333333333334,970.2484463668509,510.1602206142615,3.295902303339631,1,5,8,0
25.991666666666667,970.4381045861484,510.5402981724722,3.279346592656113,1,5,8,0
26.0,969.8018599640409,510.75755140232656,3.318996332783366,1,5,8,0
26.008333333333333,970.0307247958966,510.6682646974015,3.292649831585351,1,5,8,0
26.016666666666666,970.9481485291288,510.52562969430784,3.2826111493520793,1,5,8,0
26.025,970.8425646254177,510.3057743755842,3.280755294175919,1,5,8,0
26.033333333333335,970.4703629116447,510.55157861773966,3.2821999625939426,1,5,8,0
26.041666666666668,970.9470983578018,510.8677354845957,3.295658580284676,1,5,8,0
26.05,970.0003832429308,511.9089347909038,3.2971390251772825,1,5,8,0
26.058333333333334,969.5392140802866,510.9397067446424,3.2861349977568812,1,5,8,0
26.066666666666666,968.5921333124618,510.23692070267197,3.2690307437279986,1,5,8,0
26.075,968.821798611577,509.31886289358357,3.296377281120253,1,5,8,0
26.083333333333332,969.0097455491568,508.725263734492,3.3055454534753586,1,5,8,0
26.091666666666665,969.8148114501203,509.212485295839,3.2874715403833723,1,5,8,0
26.1,968.9152194821941,509.69991688779646,3.31108021899187,1,5,8,0
26.108333333333334,968.2957717631328,509.17588774456266,3.3337066922096783,1,5,8,0
26.116666666666667,968.7554660843803,508.3370360769725,3.314875993219551,1,5,8,0
26.125,968.4164898381872,507.7476068234051,3.296109507026289,1,5,8,0
26.133333333333333,967.992519820001,508.0074897389751,3.2896280496149726,1,5,8,0
26.141666666666666,968.2682574749387,507.85304738483205,3.3152270511134847,1,5,8,0
26.15,968.4675706856385,508.032746292298,3.297874305864534,1,5,8,0
26.158333333333335,968.4338287029083,508.4660086692214,3.3035079160469083,1,5,8,0
26.166666666666668,968.0254284029742,507.90632216560664,3.313868716564446,1,5,8,0
26.175,968.0060730422312,508.1792040125442,3.3299632338869896,1,5,8,0
26.183333333333334,967.5980332351385,507.8056260976028,3.294068909153743,1,5,8,0
26.191666666666666,967.6365158101504,507.9315585745579,3.286585140733835,1,5,8,0
26.2,966.6802091759571,507.50169701154016,3.2881876170000766,1,5,8,0
26.208333333333332,967.1431883380194,508.6484075267501,3.3107223359727183,1,5,8,0
26.216666666666665,966.8824782787037,509.1875051101158,3.3102475018927495,1,5,8,0
26.225,966.2592527164848,509.8777524702472,3.303713179619869,1,5,8,0
26.233333333333334,965.4421011566982,510.75456070025945,3.2690409958339717,1,5,8,0
26.241666666666667,965.129746644245,510.5224154578468,3.2859390573746756,1,5,8,0
26.25,965.0318010405384,510.1792984186833,3.3036518429328576,1,5,8,0
26.258333333333333,963.940324643228,510.94981646934065,3.2995693909718518,1,5,8,0
26.266666666666666,964.6478959173318,511.0120230867758,3.256450305352374,1,5,8,0
26.275,964.9187220076618,510.07788672501636,3.3013632428693573,1,5,8,0
26.283333333333335,965.0865883802055,510.32079628650564,3.2814074724942324,1,5,8,0
26.291666666666668,965.4729907549664,510.8866640882216,3.3027450038532833,1,5,8,0
26.3,966.1275011065012,510.5322379120762,3.300675038130932,1,5,8,0
26.308333333333334,966.8041294313059,510.5264973258379,3.3064136858747775,1,5,8,0
26.316666666666666,965.9716974938335,510.9291449912631,3.3419975979832484,1,5,8,0
26.325,965.576062636419,511.11317649722264,3.261915795373075,1,5,8,0
26.333333333333332,965.0602425082944,510.82628211272026,3.2689122559734716,1,5,8,0
26.341666666666665,965.328317395363,511.12899555079446,3.3372774216106937,1,5,8,0
26.35,965.483128345566,511.8689162748825,3.307361800973733,1,5,8,0
26.358333333333334,965.42135153074,512.5103048798735,3.2943989884599723,1,5,8,0
26.366666666666667,964.9856921991527,513.1181623721099,3.3003501315021655,1,5,8,0
26.375,965.2245584994606,513.4617837296763,3.27333182022312,1,5,8,0
26.383333333333333,964.9346171281617,512.8336291902094,3.297690154260315,1,5,8,0
26.391666666666666,964.8677171393392,512.8671054539777,3.3414160382897697,1,5,8,0
26.4,965.7065043176739,512.6511466418543,3.2693626466908126,1,5,8,0
26.408333333333335,965.4634412772798,511.89714295717584,3.2793190789848685,1,5,8,0
26.416666666666668,965.3281233841387,512.568535240148,3.3250453923639385,1,5,8,0
26.425,965.089392310158,512.7410137561021,3.3072684849657827,1,5,8,0
26.433333333333334,965.5244877616408,512.1427780613747,3.343270125665416,1,5,8,0
26.441666666666666,965.95132838522,511.83492529476916,3.28963737044919,1,5,8,0
26.45,965.8451342678202,512.1382820000217,3.32998571830915,1,5,8,0
26.458333333333332,966.4621222595799,512.0246620375871,3.297704307895933,1,5,8,0
26.466666666666665,966.406322558521,512.3647275269066,3.2781934978763125,1,5,8,0
26.475,966.509148612438,512.8980152052237,3.325575356841404,1,5,8,0
26.483333333333334,966.4444985876062,513.223593172643,3.244837907309448,1,5,8,0
26.491666666666667,965.4231809478667,513.3577750047455,3.2855343847741194,1,5,8,0
26.5,966.6489236331897,512.3631736749796,3.2926728456111474,1,5,8,0
26.508333333333333,966.376894797714,512.8971722253059,3.2972113300163546,1,5,8,0
26.516666666666666,966.7350977379607,512.6624665411183,3.267085623771585,1,5,8,0
26.525,966.0989426402018,513.2537348890538,3.3056303079949187,1,5,8,0
26.533333333333335,965.7136480116244,513.4206511823998,3.2778006040945264,1,5,8,0
26.541666666666668,965.983808150749,513.2519799254205,3.304987938995969,1,5,8,0
26.55,965.7145160317722,513.4857806191405,3.3200694532169592,1,5,8,0
26.558333333333334,965.9565654788997,513.3712345651015,3.283425431356419,1,5,8,0
26.566666666666666,966.2928787942611,513.8191849306223,3.291537442843689,1,5,8,0
26.575,966.2125471935607,514.1767157809285,3.3329635569127274,1,5,8,0
26.583333333333332,966.1742581760408,514.2083583940013,3.30821863442679,1,5,8,0
26.591666666666665,965.6930983708023,514.3980930221703,3.2727479814091534,1,5,8,0
26.6,965.4010871557404,513.3763661634213,3.295221044075517,1,5,8,0
26.608333333333334,964.9377647990348,514.0479010030293,3.2876807286733345,1,5,8,0
26.616666666666667,964.5932906055978,513.1877867951902,3.270068366183031,1,5,8,0
26.625,964.1210816149547,512.4381864919233,3.2753591580040236,1,5,8,0
26.633333333333333,964.3848172811737,512.764962037701,3.272532612611364,1,5,8,0
26.641666666666666,964.6496987497401,512.7802756407149,3.2797721500241703,1,5,8,0
26.65,964.3108430815817,512.8219403672778,3.2700028195043354,1,5,8,0
26.658333333333335,965.0382527668546,512.9300338569931,3.2739244111913615,1,5,8,0
26.666666666666668,965.6203113650499,512.8379319712196,3.297467967270542,1,5,8,0
26.675,768.3397537456256,317.87463468106483,3.317528861129434,1,5,8,0
26.683333333333334,768.5550317955324,317.6868969228071,3.2658798943195015,1,5,8,0
26.691666666666666,966.1436477703571,512.9003914159886,3.319300132523312,1,5,8,0
26.7,966.3159778182805,512.7696688134496,3.259543883975048,1,5,8,0
26.708333333333332,966.5801305867378,512.2289349471877,3.276892425075238,1,5,8,0
26.716666666666665,966.7730780052432,512.8838330515017,3.270092356633641,1,5,8,0
26.725,966.7262876822247,513.5363304328938,3.2809036497468127,1,5,8,0
26.733333333333334,966.4631136029363,512.9522309483956,3.2858440748592703,1,5,8,0
26.741666666666667,965.7106384048307,512.8664103220633,3.2800347064256274,1,5,8,0
26.75,965.7010013276689,512.5652282263695,3.261220753222375,1,5,8,0
26.758333333333333,965.8327934123623,512.6517918983957,3.270303548214524,1,5,8,0
26.766666666666666,965.5967865452141,513.0352649155714,3.2708588181514324,1,5,8,0
26.775,965.0279653679116,513.0504021800176,3.267988343879882,1,5,8,0
26.783333333333335,792.2359338207416,556.8065325650789,3.246756868272986,1,5,8,0
26.791666666666668,792.4521867400751,556.5320027026902,3.299616219020428,1,5,8,0
26.8,964.3965914260937,513.1400073533791,3.2994506529621646,1,5,8,0
26.808333333333334,964.1784116924771,514.2321271927656,3.280568710170423,1,5,8,0
26.816666666666666,963.2901772058399,513.879507155687,3.290802160677677,1,5,8,0
26.825,963.1206913745291,513.2769239932187,3.2362211632906384,1,5,8,0
26.833333333333332,963.2104589823762,513.3728754867601,3.2516068864733203,1,5,8,0
26.841666666666665,963.4325069919847,513.6466436691713,3.268740826369038,1,5,8,0
26.85,964.2780597516817,513.4508267009992,3.25635592956082,1,5,8,0
26.858333333333334,965.1795314690537,513.1172074116996,3.292388335064653,1,5,8,0
26.866666666666667,965.5135696877563,512.5998832534361,3.275935257053079,1,5,8,0
26.875,965.8963534785904,513.220378509002,3.2749680044531044,1,5,8,0
26.883333333333333,965.9634299984519,513.7762743248882,3.275993087028624,1,5,8,0
26.891666666666666,965.8091690613693,514.7592496355182,3.2862747360373534,1,5,8,0
26.9,965.5370153618574,514.6614144948217,3.2311598641765644,1,5,8,0
26.908333333333335,964.916069377717,514.0724832264626,3.269956434975553,1,5,8,0
26.916666666666668,964.8962299060013,513.8843018679431,3.258580187258409,1,5,8,0
26.925,965.4081907652564,513.9642473066449,3.274200712069911,1,5,8,0
26.933333333333334,965.4648879835228,514.2230859398837,3.2517860756411525,1,5,8,0
26.941666666666666,965.7473109393619,514.0437721328692,3.270500140345676,1,5,8,0
26.95,965.3542387421846,513.6363310869474,3.280404837306755,1,5,8,0
26.958333333333332,965.1723317506717,512.6461625026749,3.248148370272748,1,5,8,0
26.966666666666665,965.5500928312722,512.8061970895126,3.280882060099617,1,5,8,0
26.975,965.9513058854801,512.534492661997,3.266071933363069,1,5,8,0
26.983333333333334,965.9197221579648,513.1716113544028,3.2735358426804306,1,5,8,0
26.991666666666667,965.8026372900677,513.0431761992511,3.2950153528767374,1,5,8,0
27.0,965.9040719541626,512.8824875148474,3.280964748195483,1,5,8,0
27.008333333333333,967.0964758131768,512.8094317825653,3.233887818982085,1,5,8,0
27.016666666666666,966.994518505393,513.5315812519192,3.245748506538449,1,5,8,0
27.025,967.440582940626,513.1633493503969,3.268038991196242,1,5,8,0
27.033333333333335,966.9327844676242,512.8895756528519,3.228236796911785,1,5,8,0
27.041666666666668,966.4105592837049,512.1586225144852,3.211498129474556,1,5,8,0
27.05,967.4661019350012,512.2916131303756,3.2881834409915776,1,5,8,0
27.058333333333334,967.3571677114475,512.5508936178526,3.235705513613407,1,5,8,0
27.066666666666666,967.4017209291512,513.3495899154433,3.266508862890548,1,5,8,0
27.075,967.9937901982095,513.1197025846488,3.238989343312476,1,5,8,0
27.083333333333332,968.5130885194666,513.2293417305681,3.237752626023166,1,5,8,0
27.091666666666665,968.206134597319,513.6256571032227,3.2484842528193,1,5,8,0
27.1,968.3814020250041,514.2918982633065,3.248588237815883,1,5,8,0
27.108333333333334,968.5337169033759,514.5159587754449,3.239965866167478,1,5,8,0
27.116666666666667,969.0711102762592,515.3851565156443,3.2370679383146967,1,5,8,0
27.125,969.7161077897576,514.9638390923775,3.221919098416641,1,5,8,0
27.133333333333333,969.9299609257378,515.1877392785742,3.2034491791294113,1,5,8,0
27.141666666666666,969.386372442086,513.9959109886813,3.2348807471676393,1,5,8,0
27.15,969.6020960989782,514.2223631068098,3.2307992863590345,1,5,8,0
27.158333333333335,969.3464915628974,514.4791838394369,3.2369614370516304,1,5,8,0
27.166666666666668,969.5973023977652,515.0366535171961,3.2413161572004117,1,5,8,0
27.175,968.7891968916344,514.583246473808,3.2655216508755798,1,5,8,0
27.183333333333334,970.0976103339707,514.2380458729886,3.2132417562739337,1,5,8,0
27.191666666666666,970.3064045416972,514.3338280079004,3.244938867585847,1,5,8,0
27.2,969.2163670890667,514.0492493692215,3.2382163343354775,1,5,8,0
27.208333333333332,968.9797884429148,513.4205697172684,3.2498186264241635,1,5,8,0
27.216666666666665,968.6421507439061,513.1209167161463,3.2317960641378334,1,5,8,0
27.225,967.7552134060476,512.9877506076214,3.212599744463022,1,5,8,0
27.233333333333334,967.6405534887862,513.3250258328884,3.2362680430013633,1,5,8,0
27.241666666666667,967.0842728612446,513.5494487254334,3.231956123318842,1,5,8,0
27.25,966.7754996390656,513.3622078319229,3.2209554429636453,1,5,8,0
27.258333333333333,966.3778929229105,512.0144360561764,3.215540603141945,1,5,8,0
27.266666666666666,966.7498302551701,512.3313995295249,3.2561249412644058,1,5,8,0
27.275,966.8039975248374,511.75746452548395,3.2246609472786556,1,5,8,0
27.283333333333335,966.6283602310784,512.2698190248149,3.2353480492865407,1,5,8,0
27.291666666666668,966.7191102220726,512.3501451969494,3.2053583841252027,1,5,8,0
27.3,966.865396333085,511.608973195905,3.232440194506261,1,5,8,0
27.308333333333334,967.1776540990827,511.9149565141625,3.2478363119788765,1,5,8,0
27.316666666666666,966.6708256990286,511.38039139668444,3.216306523838802,1,5,8,0
27.325,966.869784526834,511.6018656060017,3.2374723411614363,1,5,8,0
27.333333333333332,965.8840769420209,512.0832197091934,3.2245328668448674,1,5,8,0
27.341666666666665,965.3760663916169,511.9177461528944,3.2080581182229913,1,5,8,0
27.35,965.545325897656,512.4481588861338,3.2176381362668662,1,5,8,0
27.358333333333334,965.5244042880607,512.7411997239768,3.213168489423693,1,5,8,0
27.366666666666667,965.1351875313171,513.0449550883187,3.2181428981250573,1,5,8,0
27.375,965.5278607782163,512.8746504710749,3.2242019649088576,1,5,8,0
27.383333333333333,966.420383871579,512.9718507650692,3.2038543078883768,1,5,8,0
27.391666666666666,966.3146584981059,512.6132595138914,3.219757540388515,1,5,8,0
27.4,966.6451319720858,512.5728641026627,3.2191930599334198,1,5,8,0
27.408333333333335,966.0737804682778,510.9212421941241,3.215755785189725,1,5,8,0
27.416666666666668,965.778392588425,510.52297638599816,3.18952997720872,1,5,8,0
27.425,964.8966204447171,511.1979107417218,3.193939332827366,1,5,8,0
27.433333333333334,965.0039573298592,510.46162200155595,3.184021241965734,1,5,8,0
27.441666666666666,964.4441248055155,510.6240189864801,3.1652813100733783,1,5,8,0
27.45,964.2223920277399,510.62831222622077,3.166311648762102,1,5,8,0
27.458333333333332,963.4362644752425,511.40718033037103,3.2321596337762863,1,5,8,0
27.466666666666665,962.5538323591182,511.28458658434397,3.191474973837819,1,5,8,0
27.475,962.3219009724111,511.6663375564938,3.1790671904458927,1,5,8,0
27.483333333333334,961.3494657337818,511.7190097486119,3.205191658404834,1,5,8,0
27.491666666666667,961.9248990476452,511.8272512906226,3.2041907409126362,1,5,8,0
27.5,962.179360138776,511.449209303903,3.1993075239282334,1,5,8,0
27.508333333333333,925.6517907560067,542.6192444783542,3.198511778008122,1,5,8,0
27.516666666666666,926.721633533673,542.9068631300728,3.1930721519196785,1,5,8,0
27.525,962.7128782155149,511.31903807528886,3.199106981827231,1,5,8,0
27.533333333333335,962.3345281828252,511.451129688366,3.2024525547384264,1,5,8,0
27.541666666666668,961.6303469272027,511.5333921840908,3.189225130290036,1,5,8,0
27.55,961.7508576128854,510.5793687020739,3.2110774541209017,1,5,8,0
27.558333333333334,961.7108299211823,510.9102235493442,3.1571719768613087,1,5,8,0
27.566666666666666,961.4769977909833,510.883825449629,3.215056667768327,1,5,8,0
27.575,961.6211685476286,510.8221438510666,3.18030542040726,1,5,8,0
27.583333333333332,960.7320517716818,511.16853877712265,3.224399497844808,1,5,8,0
27.591666666666665,960.7331215136231,510.7987404067884,3.1915230889803388,1,5,8,0
27.6,960.5594011498848,510.18801744049085,3.1910835286285155,1,5,8,0
27.608333333333334,960.3304655076435,510.60100773977075,3.208725669288273,1,5,8,0
27.616666666666667,960.0781545150156,510.59029005349316,3.196835597260165,1,5,8,0
27.625,959.6444568772894,510.0398556961579,3.1825513317880803,1,5,8,0
27.633333333333333,959.7737555711792,509.56572401336877,3.2009553061705596,1,5,8,0
27.641666666666666,959.6490138071138,509.5509694767184,3.1900510887830302,1,5,8,0
27.65,960.2805322141419,509.502691140473,3.1462672527153694,1,5,8,0
27.658333333333335,960.159711660197,510.00902682203906,3.182762101418488,1,5,8,0
27.666666666666668,960.9526865710577,510.02228812240025,3.1708212461086593,1,5,8,0
27.675,960.3554440231122,510.0847203099729,3.175943132733365,1,5,8,0
27.683333333333334,960.2699054038217,509.4453222514735,3.1741457227401093,1,5,8,0
27.691666666666666,960.5286241915758,509.66925791913695,3.1921533873419126,1,5,8,0
27.7,960.9674239431971,509.6117508628639,3.19033168331674,1,5,8,0
27.708333333333332,960.9866046252753,509.2561576571386,3.1742106905897898,1,5,8,0
27.716666666666665,960.2899630587032,510.02258037692854,3.168897153756622,1,5,8,0
27.725,960.9573533711648,509.17788675383844,3.167139266362745,1,5,8,0
27.733333333333334,960.6699840935757,509.1580664439946,3.186288604718104,1,5,8,0
27.741666666666667,960.1736666143325,509.22336737334,3.176470516528796,1,5,8,0
27.75,959.9781458888516,509.46387328187626,3.1890381913786063,1,5,8,0
27.758333333333333,959.1825870681378,509.75574924629325,3.1423062638243473,1,5,8,0
27.766666666666666,958.4625221866908,509.36499487643107,3.1842157064973837,1,5,8,0
27.775,959.0868763050968,509.49908218670606,3.2164035489461904,1,5,8,0
27.783333333333335,959.9134410278057,509.70636075357663,3.1647299965630116,1,5,8,0
27.791666666666668,959.323317737825,509.573438441392,3.122836899397422,1,5,8,0
27.8,958.2877630776117,509.7842510614796,3.1644093724269786,1,5,8,0
27.808333333333334,958.5071693712304,509.9255254607023,3.1783599333141446,1,5,8,0
27.816666666666666,958.2027936339128,509.5826878516324,3.133589403042951,1,5,8,0
27.825,958.3006944134785,508.66756205453754,3.181013286717072,1,5,8,0
27.833333333333332,959.0613285630739,508.86355136113326,3.1624326052871834,1,5,8,0
27.841666666666665,959.0438326854164,509.0919156148422,3.1461977863978032,1,5,8,0
27.85,958.6303150215108,509.39051381917454,3.142822841057883,1,5,8,0
27.858333333333334,959.1915918282793,510.7092616199533,3.19137265283923,1,5,8,0
27.866666666666667,958.6812219798843,510.5907203847703,3.150645745394258,1,5,8,0
27.875,959.0229562695088,510.8892729131547,3.1263456697263825,1,5,8,0
27.883333333333333,958.5247553574749,511.3959600483038,3.1467460239508314,1,5,8,0
27.891666666666666,959.2157078997651,511.1382277501292,3.1747264999533265,1,5,8,0
27.9,959.7006601623501,512.6610822098752,3.1440988756494956,1,5,8,0
27.908333333333335,959.2991084068452,512.6521711228118,3.1498158197162125,1,5,8,0
27.916666666666668,959.8456808342388,511.89872442967277,3.1375610430050656,1,5,8,0
27.925,960.0436837947325,512.1551897307608,3.1406884871054963,1,5,8,0
27.933333333333334,960.0334872981895,512.1793849497564,3.169158223083806,1,5,8,0
27.941666666666666,960.2728584552152,512.5974694921116,3.120781598209879,1,5,8,0
27.95,961.0238817194457,512.8985908034526,3.134688842498585,1,5,8,0
27.958333333333332,960.6669630051196,512.7202710293914,3.1571717035236895,1,5,8,0
27.966666666666665,960.1354068715885,512.8240609715077,3.1200137462721598,1,5,8,0
27.975,960.0738794409871,511.93946219485304,3.147305959996278,1,5,8,0
27.983333333333334,959.9427945783054,512.0989712790524,3.1328766686480685,1,5,8,0
27.991666666666667,958.9569468755251,511.7675656967695,3.1369315492037733,1,5,8,0
28.0,959.3109365111163,511.4729687308762,3.121656242176488,1,5,8,0
28.008333333333333,959.2827130555631,511.9660866898095,3.102851375796831,1,5,8,0
28.016666666666666,958.5631429872219,511.92426559947535,3.129791656663474,1,5,8,0
28.025,959.4080255769633,511.2811183697882,3.100565602486437,1,5,8,0
28.033333333333335,960.1235818866177,511.6135153728353,3.142125750120954,1,5,8,0
28.041666666666668,960.6256931470474,511.6778360497798,3.1657693730989935,1,5,8,0
28.05,960.9684382842881,511.37653743466456,3.1406182839301415,1,5,8,0
28.058333333333334,961.1553326492169,510.97007236429994,3.0688965024958486,1,5,8,0
28.066666666666666,961.0462143732678,510.7554159427243,3.137252204956762,1,5,8,0
28.075,960.3867617547221,511.12380866765176,3.133131450081821,1,5,8,0
28.083333333333332,960.9244272969175,511.03269003312425,3.145373376329999,1,5,8,0
28.091666666666665,961.2515888015736,511.7767576890346,3.1314577343375007,1,5,8,0
28.1,960.0737416105688,512.107637201472,3.1438348368342233,1,5,8,0
28.108333333333334,960.3664141827937,512.8145369046964,3.1106606510589407,1,5,8,0
28.116666666666667,960.8082859536096,512.5390647439485,3.1131268306684716,1,5,8,0
28.125,961.4256754403183,512.0674429137076,3.133870873379557,1,5,8,0
28.133333333333333,961.454323955248,512.3193024070687,3.131960672275082,1,5,8,0
28.141666666666666,960.6043484723672,512.7149694922488,3.1355651264085034,1,5,8,0
28.15,961.449204523772,512.1506457569623,3.1083575824594436,1,5,8,0
28.158333333333335,960.8888027271972,511.8626242047534,3.156541460946534,1,5,8,0
28.166666666666668,960.6402914344027,512.0628540766886,3.142062741322839,1,5,8,0
28.175,960.4783905593574,512.5064060731813,3.1576472766969594,1,5,8,0
28.183333333333334,960.0560055086186,512.686919360171,3.1345027996415795,1,5,8,0
28.191666666666666,961.2594064643371,511.7385691372372,3.1090575009140884,1,5,8,0
28.2,961.0331753293658,512.0691263247999,3.12267443383362,1,5,8,0
28.208333333333332,960.6588752148293,512.0900767025435,3.1226404188528947,1,5,8,0
28.216666666666665,960.9777472423247,512.1321080943617,3.112243177162331,1,5,8,0
28.225,960.8428773510534,511.45748588140987,3.1538126327693305,1,5,8,0
28.233333333333334,961.0352810531829,510.7331802706622,3.1245248932237977,1,5,8,0
28.241666666666667,960.3874743646411,509.68276710270163,3.1391619258453716,1,5,8,0
28.25,960.2914660050362,509.5766968957604,3.164664790625509,1,5,8,0
28.258333333333333,960.9526559189994,509.9485180502189,3.1021190757584223,1,5,8,0
28.266666666666666,961.6003563590098,509.7695733355517,3.088416100727255,1,5,8,0
28.275,962.2669958632608,509.58318370458653,3.0957371575671613,1,5,8,0
28.283333333333335,962.6398604722167,509.52703591902707,3.1492419784657173,1,5,8,0
28.291666666666668,962.818919912109,510.01988672805095,3.107204615548252,1,5,8,0
28.3,961.948401433798,510.760502153439,3.0948717652839512,1,5,8,0
28.308333333333334,962.1746156524711,510.9930724505199,3.0899413213463434,1,5,8,0
28.316666666666666,961.8816928553723,510.78404968703114,3.1453454597154638,1,5,8,0
28.325,961.8398185237266,510.56519729834946,3.1199855042617406,1,5,8,0
28.333333333333332,961.6621398368849,510.66149514056536,3.083062360756158,1,5,8,0
28.341666666666665,961.5354712857581,510.7466961373799,3.105405728045472,1,5,8,0
28.35,960.2151166940539,509.9903341681127,3.121777225309433,1,5,8,0
28.358333333333334,960.4955665261248,509.9923014081263,3.0993315911066954,1,5,8,0
28.366666666666667,960.2050519805613,510.30680959064176,3.099480281434261,1,5,8,0
28.375,960.467525270226,509.948127412576,3.1192959539864553,1,5,8,0
28.383333333333333,960.0159006705128,511.0249674598476,3.102546916897427,1,5,8,0
28.391666666666666,960.3240203373165,511.34952573334505,3.0815668080000127,1,5,8,0
28.4,960.5184130367362,510.961291962163,3.0950962218621703,1,5,8,0
28.408333333333335,960.6042191837976,510.9895049146502,3.1039523546894707,1,5,8,0
28.416666666666668,960.4632000697563,511.39709352460045,3.106481702608312,1,5,8,0
28.425,960.6374923256899,511.4664554158193,3.074045862273344,1,5,8,0
28.433333333333334,959.6928409379811,511.6496906615202,3.0968933482122916,1,5,8,0
28.441666666666666,959.2715936417943,512.1330394436097,3.1000904741565867,1,5,8,0
28.45,960.1030423804215,512.2106015409745,3.084343618661056,1,5,8,0
28.458333333333332,959.6108595449567,512.2350505813195,3.091429397976737,1,5,8,0
28.466666666666665,959.2877592802784,512.126393926582,3.133742325834211,1,5,8,0
28.475,959.525352899174,512.4283206108548,3.086467065654001,1,5,8,0
28.483333333333334,959.1439178905704,512.4713806421784,3.1155622901586324,1,5,8,0
28.491666666666667,958.9727338455637,513.4949641381935,3.0660442194787048,1,5,8,0
28.5,958.524254511287,513.0126622225158,3.1247133834250187,1,5,8,0
28.508333333333333,958.1817805226129,514.0706627434366,3.1151971941511536,1,5,8,0
28.516666666666666,958.4582790067867,513.432047572454,3.1154310293548555,1,5,8,0
28.525,958.1575982152289,513.2720996136301,3.069499804065438,1,5,8,0
28.533333333333335,958.1001023809172,513.4788408267989,3.119183334815282,1,5,8,0
28.541666666666668,958.4624351087574,513.8984895474583,3.105913647639723,1,5,8,0
28.55,958.1954639619844,513.6668662413388,3.096019736284771,1,5,8,0
28.558333333333334,957.3980817140032,512.8973032568817,3.1226093797050614,1,5,8,0
28.566666666666666,957.7908455877126,512.0390103158384,3.1261283608558426,1,5,8,0
28.575,958.131323611865,511.8291075400107,3.0958807813893094,1,5,8,0
28.583333333333332,957.8682972883607,511.3089860223241,3.160999266650757,1,5,8,0
28.591666666666665,957.6526693808661,511.5118776293299,3.083074594202537,1,5,8,0
28.6,956.9046728147501,511.5235381732656,3.094840589279691,1,5,8,0
28.608333333333334,956.4217897145926,511.7375169524945,3.1339626688002866,1,5,8,0
28.616666666666667,957.7220830949555,511.76599195581554,3.1214986492616057,1,5,8,0
28.625,957.1825843136711,511.14265919167747,3.0946875274597896,1,5,8,0
28.633333333333333,956.1096258164047,510.7129988114381,3.097190187695952,1,5,8,0
28.641666666666666,956.072831120054,510.9848365006498,3.111492753313811,1,5,8,0
28.65,956.1664193342395,510.8639939357373,3.108708777681401,1,5,8,0
28.658333333333335,956.087877318802,511.35856827619176,3.088789284382123,1,5,8,0
28.666666666666668,956.38962254385,511.4361780881054,3.0999984090308756,1,5,8,0
28.675,956.2776420717995,511.5921832584539,3.121153823302058,1,5,8,0
28.683333333333334,955.6310963035237,511.1921357130192,3.0834989281362466,1,5,8,0
28.691666666666666,957.0162082639034,510.79314821479215,3.1103271338374565,1,5,8,0
28.7,956.9350344099986,510.9645016150138,3.143549783857057,1,5,8,0
28.708333333333332,957.1024015363057,510.6663338621577,3.0935730673985717,1,5,8,0
28.716666666666665,956.4251115614197,511.4076003091249,3.101469157839233,1,5,8,0
28.725,956.4651123662189,511.4164614822832,3.0971862064538693,1,5,8,0
28.733333333333334,956.1714256399455,512.1848119176952,3.0855959470414946,1,5,8,0
28.741666666666667,955.3902389491168,512.6111720352562,3.069338032278864,1,5,8,0
28.75,955.7431041903671,513.9269076680011,3.084200575281659,1,5,8,0
28.758333333333333,954.5987630754222,514.1194869085102,3.1003279696540593,1,5,8,0
28.766666666666666,954.9038803833098,515.19484905321,3.0888649600500955,1,5,8,0
28.775,954.3684804763528,514.3871389519893,3.100918338129571,1,5,8,0
28.783333333333335,954.2771082822276,515.0022211127189,3.0935031739056558,1,5,8,0
28.791666666666668,953.2474067824802,515.2543114478981,3.0886550202035523,1,5,8,0
28.8,954.2550532145623,515.2432632308576,3.081637285129509,1,5,8,0
28.808333333333334,953.5985037919722,514.6779221880091,3.088289354919591,1,5,8,0
28.816666666666666,953.2545376198739,515.8710154977962,3.0878175117907647,1,5,8,0
28.825,953.1589154513109,516.3608302596514,3.101808006006976,1,5,8,0
28.833333333333332,952.4067893750492,516.6268271777509,3.0618803401624164,1,5,8,0
28.841666666666665,952.5633077973091,517.1121343165731,3.1376262304901186,1,5,8,0
28.85,952.4149465441701,517.2046446796638,3.089460185537485,1,5,8,0
28.858333333333334,952.7351071980354,518.067409994973,3.079335370142505,1,5,8,0
28.866666666666667,953.2530528795627,518.8809466390801,3.1131348597168484,1,5,8,0
28.875,952.2795825291412,518.550067410544,3.100335161504498,1,5,8,0
28.883333333333333,953.1029403509643,518.5993062899248,3.0974275754393763,1,5,8,0
28.891666666666666,952.4480320384083,518.804269361051,3.1106979367889847,1,5,8,0
28.9,952.4606201877356,518.895652738058,3.1139024564510382,1,5,8,0
28.908333333333335,952.0780271984358,518.2511533270774,3.084479391514442,1,5,8,0
28.916666666666668,952.0181637465643,517.2554702630266,3.089363064228369,1,5,8,0
28.925,951.3298423576603,517.4434900318769,3.0916679590233858,1,5,8,0
28.933333333333334,950.8398141900835,517.2092661774202,3.1270044009444855,1,5,8,0
28.941666666666666,950.9268890990827,517.3093385373973,3.1100089137314932,1,5,8,0
28.95,951.1936489364962,517.1914383956984,3.114628680415743,1,5,8,0
28.958333333333332,951.288506399197,517.4361123038266,3.1004249719352246,1,5,8,0
28.966666666666665,950.8571165412714,518.0239735927175,3.1080071338908644,1,5,8,0
28.975,951.0181183806907,517.6973940172622,3.109817564238645,1,5,8,0
28.983333333333334,950.6372930548963,518.3448367486592,3.1013777351009018,1,5,8,0
28.991666666666667,951.2109663510466,519.0200092909711,3.1086690519067317,1,5,8,0
29.0,951.8525537691611,519.2324622838889,3.113262395517202,1,5,8,0
29.008333333333333,952.3153847223901,519.6048430938243,3.132500332349876,1,5,8,0
29.016666666666666,952.0127189716911,518.8979784129774,3.109984251634255,1,5,8,0
29.025,951.8271267450168,518.7360601967157,3.075101758220925,1,5,8,0
29.033333333333335,951.3025973246727,518.809648887651,3.1524794625374715,1,5,8,0
29.041666666666668,951.2950745502575,518.8339907193196,3.0706824936883574,1,5,8,0
29.05,951.2236356991011,519.1261513155799,3.093864474548168,1,5,8,0
29.058333333333334,952.8880006427207,518.8198299573902,3.110462227028764,1,5,8,0
29.066666666666666,952.8080178346462,518.2435882589141,3.0687145887988456,1,5,8,0
29.075,952.8388912479803,518.365527981195,3.097828801495281,1,5,8,0
29.083333333333332,953.921154878151,518.6393001344752,3.115862177397791,1,5,8,0
29.091666666666665,953.9815666396893,518.4105429186216,3.1358692536866255,1,5,8,0
29.1,954.2131668303041,518.0120712799,3.131203708020157,1,5,8,0
29.108333333333334,954.4434226523275,517.4156753269979,3.0981779236604314,1,5,8,0
29.116666666666667,954.2821897048915,517.1011828961002,3.0951885230203873,1,5,8,0
29.125,953.8256555051149,516.347508228228,3.0991339813171157,1,5,8,0
29.133333333333333,953.9312742661185,516.6618004291073,3.0773421909727485,1,5,8,0
29.141666666666666,953.5961853413102,516.7421598123918,3.1165337148218843,1,5,8,0
29.15,953.4862215133385,516.4337363191079,3.13386670453311,1,5,8,0
29.158333333333335,952.6403422595247,516.0979484545135,3.0810195749907825,1,5,8,0
29.166666666666668,952.5936948539269,515.567397666124,3.102856137266782,1,5,8,0
29.175,952.2733231186946,515.05190003799,3.142132991318133,1,5,8,0
29.183333333333334,951.7330241176331,516.234148865494,3.1145025975304903,1,5,8,0
29.191666666666666,952.0716354663076,516.7986648886039,3.116280299400451,1,5,8,0
29.2,953.2633194913702,516.7053983325413,3.1727519058393443,1,5,8,0
29.208333333333332,953.1094302418738,516.1634282682838,3.1112992441136695,1,5,8,0
29.216666666666665,953.0541706741047,515.9155598868433,3.1154356818222064,1,5,8,0
29.225,952.984633953885,515.6438068657196,3.140761910726566,1,5,8,0
29.233333333333334,953.301128014067,515.5876781573193,3.112115740931681,1,5,8,0
29.241666666666667,953.2846942635101,515.6337996816152,3.108957645393587,1,5,8,0
29.25,953.9781740048289,514.9044587097225,3.1405681233649907,1,5,8,0
29.258333333333333,954.185977770735,515.0875399123202,3.1047592497147356,1,5,8,0
29.266666666666666,954.3858432548091,515.7516474345507,3.0975731359119774,1,5,8,0
29.275,954.5077584313248,515.3040917425081,3.094050262303113,1,5,8,0
29.283333333333335,954.6866960638959,515.5290502355197,3.1251111454518345,1,5,8,0
29.291666666666668,954.5378824378896,515.8280885257591,3.126476919957924,1,5,8,0
29.3,954.1854631140583,515.7291438765031,3.158151043314597,1,5,8,0
29.308333333333334,954.603106012371,515.9449843758233,3.142984231110334,1,5,8,0
29.316666666666666,953.9620641032855,515.337514456487,3.137128430754714,1,5,8,0
29.325,954.026208937717,515.8247924193807,3.13450008351142,1,5,8,0
29.333333333333332,954.0306111151516,515.9349830917022,3.134930720809693,1,5,8,0
29.341666666666665,954.508794566128,515.8256946634186,3.128065433688951,1,5,8,0
29.35,450.371369673563,842.6793749867561,3.1239327917688975,1,5,8,0
29.358333333333334,450.6519003653814,843.389938949191,3.1224752289914797,1,5,8,0
29.366666666666667,954.7506520262559,515.0773175712382,3.1351564567264174,1,5,8,0
29.375,955.1628497042315,515.6273340910207,3.136037922190473,1,5,8,0
29.383333333333333,955.6411168860245,515.3835835788616,3.1236282629389005,1,5,8,0
29.391666666666666,955.6076200237326,515.7405101126808,3.1478766144245416,1,5,8,0
29.4,955.0454489477023,515.6368155337452,3.127441478750904,1,5,8,0
29.408333333333335,954.5966940304361,515.8914578699151,3.125232222897952,1,5,8,0
29.416666666666668,954.2781070341341,515.8225193045215,3.101249323476403,1,5,8,0
29.425,954.877698064429,515.211763697582,3.1313496493054416,1,5,8,0
29.433333333333334,955.8237714044603,515.1636156170575,3.09444319191295,1,5,8,0
29.441666666666666,956.112040381634,514.5381136275294,3.1508631387652777,1,5,8,0
29.45,955.8855331767095,514.6386793187953,3.144820575221874,1,5,8,0
29.458333333333332,956.2820276109493,514.5285960698013,3.1180594567380315,1,5,8,0
29.466666666666665,957.2765746877865,515.0751404066324,3.1408475905169313,1,5,8,0
29.475,956.4090201091057,514.7993949942627,3.1682950591109593,1,5,8,0
29.483333333333334,956.6867572040302,514.6635608065542,3.17780404552763,1,5,8,0
29.491666666666667,957.1518766348116,514.1812219276984,3.159628796608739,1,5,8,0
29.5,957.2913672987402,513.9017979009192,3.0981052672309497,1,5,8,0
29.508333333333333,956.6080046720558,514.6383191223844,3.123373318634784,1,5,8,0
29.516666666666666,957.3668190409321,514.9637237219997,3.1384152365056153,1,5,8,0
29.525,957.2819372034969,515.5104436304672,3.1831430824436744,1,5,8,0
29.533333333333335,957.1246224994645,515.2290365401776,3.130300135712228,1,5,8,0
29.541666666666668,956.3612385993127,515.1536937950799,3.1166986906250735,1,5,8,0
29.55,955.8021309668138,515.6919220001103,3.129163174112922,1,5,8,0
29.558333333333334,956.9125132293941,515.8513395254165,3.163588690969052,1,5,8,0
29.566666666666666,956.8668195069652,515.7193470625197,3.149170594381842,1,5,8,0
29.575,957.1712662879075,515.5365712846361,3.141685839461359,1,5,8,0
29.583333333333332,957.4786272909291,516.2780509720961,3.161285658326776,1,5,8,0
29.591666666666665,957.8002092113713,516.7926661848306,3.1139412579610415,1,5,8,0
29.6,957.713901830886,518.1072800623948,3.120365353993504,1,5,8,0
29.608333333333334,957.1806979865702,517.8513826049333,3.1443481125462194,1,5,8,0
29.616666666666667,956.9547559019729,518.4290404410937,3.168666806864151,1,5,8,0
29.625,956.7578032435587,517.5928796598013,3.1360720325527964,1,5,8,0
29.633333333333333,956.3841192181663,517.5666753300933,3.1516387079416206,1,5,8,0
29.641666666666666,956.2719262349349,517.4685309667138,3.173027772704712,1,5,8,0
29.65,956.6283982829716,516.6708374285013,3.1440766437558167,1,5,8,0
29.658333333333335,956.4948701126781,516.1050234347273,3.130107355106675,1,5,8,0
29.666666666666668,956.7621087123262,515.8008523278279,3.1546991849470687,1,5,8,0
29.675,957.6261832135084,515.533018153989,3.171489287298457,1,5,8,0
29.683333333333334,955.9967660756184,515.396326180185,3.1664007812152377,1,5,8,0
29.691666666666666,955.783351565401,515.5884934026735,3.1901966042212258,1,5,8,0
29.7,954.8957311938357,515.7989674804874,3.2074757140815273,1,5,8,0
29.708333333333332,954.5675653889963,515.7552040243178,3.1526700969177823,1,5,8,0
29.716666666666665,954.7855701549515,515.5964310772674,3.180109750704112,1,5,8,0
29.725,953.9842956784631,516.0438554197799,3.132569357030882,1,5,8,0
29.733333333333334,953.9372272321166,515.4979990278641,3.1916924561423836,1,5,8,0
29.741666666666667,953.9483077776423,516.0205065822034,3.1541477979607073,1,5,8,0
29.75,953.0527039553125,516.1340490177646,3.157527016637675,1,5,8,0
29.758333333333333,952.2771812022512,515.4084935509856,3.1646331141596606,1,5,8,0
29.766666666666666,952.5267617420814,514.4822095323274,3.1649653392470563,1,5,8,0
29.775,952.7260349075929,514.029673346792,3.177216145947143,1,5,8,0
29.783333333333335,952.6394824956437,514.4248752771018,3.155841812747319,1,5,8,0
29.791666666666668,952.397924528659,514.1783352371517,3.1899497729148854,1,5,8,0
29.8,952.5611393947219,514.9438040406767,3.1962015674500788,1,5,8,0
29.808333333333334,952.6591595545175,516.0859634728163,3.1708529690447236,1,5,8,0
29.816666666666666,952.667411016323,515.9839028230124,3.179132177774571,1,5,8,0
29.825,951.5141871788574,516.2695504063245,3.196553529354944,1,5,8,0
29.833333333333332,950.560960495749,516.1862940740897,3.178491265295336,1,5,8,0
29.841666666666665,950.4838115221742,515.9853884725323,3.185410720795579,1,5,8,0
29.85,951.1071622339931,516.1372343287168,3.1746907098421406,1,5,8,0
29.858333333333334,950.9810034974861,516.9025862193221,3.1556392068897945,1,5,8,0
29.866666666666667,950.5654943566553,517.1107866604343,3.1599173787539145,1,5,8,0
29.875,950.3803504354743,517.7974391322136,3.1708041128814117,1,5,8,0
29.883333333333333,950.9039285119985,518.0822050230254,3.1621780550951653,1,5,8,0
29.891666666666666,952.1376596897638,517.602216097344,3.176062121964865,1,5,8,0
29.9,952.8778969515113,518.0706745458601,3.188702253400055,1,5,8,0
29.908333333333335,952.0226385948046,518.6473111882916,3.1811158402836033,1,5,8,0
29.916666666666668,950.8791189450833,518.695014762779,3.210532705196006,1,5,8,0
29.925,950.3511860129203,519.3043384163906,3.2423171243179985,1,5,8,0
29.933333333333334,950.8781594214138,519.5403412675541,3.16582298027983,1,5,8,0
29.941666666666666,950.3804347625743,519.3967934661438,3.2170982180301584,1,5,8,0
29.95,1577.3138932094157,454.0017376820284,3.192347603286059,1,5,8,0
29.958333333333332,1578.3858171922875,453.3737036476424,3.2196658950178256,1,5,8,0
29.966666666666665,951.3981804356179,518.9990642052616,3.229025536168494,1,5,8,0
29.975,951.547544430803,518.8367111925683,3.193311835869109,1,5,8,0
29.983333333333334,951.2700779231549,518.4360604202757,3.22482402772084,1,5,8,0
29.991666666666667,951.8307136184818,517.6496692914607,3.161037236578451,1,5,8,0
30.0,952.0887779347181,517.9409515179099,3.1695205752796767,1,5,8,0
30.008333333333333,951.9822311277724,516.985198123619,3.1945552786994402,1,5,8,0
30.016666666666666,951.613955400068,517.3688142002819,3.1406497926814834,1,5,8,0
30.025,951.8764429159922,517.3375546856863,3.1852411130802376,1,5,8,0
30.033333333333335,952.0921490291381,517.3184145641155,3.159418456750732,1,5,8,0
30.041666666666668,952.9130249192759,517.4561939813207,3.185995181150539,1,5,8,0
30.05,952.650846455472,516.9950899046844,3.235853276560363,1,5,8,0
30.058333333333334,952.5965982085478,516.982490804871,3.193960177394789,1,5,8,0
30.066666666666666,952.1503252044579,516.37174341365,3.2279756420588366,1,5,8,0
30.075,952.3890782366503,515.4265649500488,3.219918605041519,1,5,8,0
30.083333333333332,953.1027977521244,514.8460160172314,3.2089679965742017,1,5,8,0
30.091666666666665,953.52559464159,516.0601312661544,3.1944981292248453,1,5,8,0
30.1,954.0984669254549,515.9638712007794,3.2104390494469737,1,5,8,0
30.108333333333334,953.7768422218421,516.0876924279097,3.2386898286830914,1,5,8,0
30.116666666666667,952.8968162272715,515.6461457236387,3.217794326081842,1,5,8,0
30.125,952.4341130790664,514.8515794530862,3.217642243968829,1,5,8,0
30.133333333333333,952.9804674054825,515.8184741440903,3.217246748026044,1,5,8,0
30.141666666666666,951.9981516931853,515.7426295187511,3.189845038755887,1,5,8,0
30.15,951.8990690527336,515.3060857025474,3.2450318758282335,1,5,8,0
30.158333333333335,951.7582152386357,515.4514062513188,3.2303509766133454,1,5,8,0
30.166666666666668,950.7354192853735,514.8190812311901,3.246904794231158,1,5,8,0
30.175,951.0931846382588,515.2949444488984,3.207455051275453,1,5,8,0
30.183333333333334,951.0578088015104,515.0843732731627,3.2472226978621954,1,5,8,0
30.191666666666666,951.4709431443531,514.8071934718525,3.2314100413227096,1,5,8,0
30.2,951.453901555503,514.4678346595394,3.2454799231510827,1,5,8,0
30.208333333333332,951.0249463155343,513.7030540843824,3.2159275724673066,1,5,8,0
30.216666666666665,950.1042322696305,514.1693096459255,3.2498252970418537,1,5,8,0
30.225,950.161798991192,514.0372526176684,3.2012017245858386,1,5,8,0
30.233333333333334,949.9609679200175,514.3263265894002,3.218642707617931,1,5,8,0
30.241666666666667,950.1663597795846,513.4866200263766,3.1962898617606537,1,5,8,0
30.25,950.1462155248291,513.455781447292,3.241621745711926,1,5,8,0
30.258333333333333,950.2376119949059,512.9047862183728,3.236100084413402,1,5,8,0
30.266666666666666,950.7797309325596,512.8074975839842,3.238881831100236,1,5,8,0
30.275,949.7381035514417,513.2458978150962,3.2171506758105033,1,5,8,0
30.283333333333335,949.975685725713,513.29966118774,3.243584981868888,1,5,8,0
30.291666666666668,950.0634994727404,513.1533580783866,3.2489390832916962,1,5,8,0
30.3,949.9582601274175,512.6509081319217,3.2157405264054777,1,5,8,0
30.308333333333334,950.211242177379,512.6612443473348,3.2221693079375173,1,5,8,0
30.316666666666666,950.6148848523308,512.6319319603875,3.2183313800368802,1,5,8,0
30.325,951.6128773308462,512.8542292966183,3.2511583014788377,1,5,8,0
30.333333333333332,951.866845900351,512.9527889760734,3.239126797855586,1,5,8,0
30.341666666666665,951.0605880725384,513.0270276705602,3.243858372030414,1,5,8,0
30.35,950.3379791970125,513.6791266406042,3.249408054952465,1,5,8,0
30.358333333333334,949.9339896847739,513.9589198251128,3.261985332743182,1,5,8,0
30.366666666666667,949.4648088092591,513.8626635410459,3.2136725821073435,1,5,8,0
30.375,950.1667549432256,514.4773305593739,3.22909684287773,1,5,8,0
30.383333333333333,950.4502358656677,514.7292825350088,3.212971363796129,1,5,8,0
30.391666666666666,949.779734096632,514.45872527565,3.257532037830334,1,5,8,0
30.4,949.4813494546966,515.3145925995883,3.240994045770943,1,5,8,0
30.408333333333335,949.874590291536,515.9646135993913,3.275210496662838,1,5,8,0
30.416666666666668,949.5186648178646,516.8042642147173,3.214662527566715,1,5,8,0
30.425,949.7796109662867,517.2950731075096,3.223294904146088,1,5,8,0
30.433333333333334,949.5252874071035,517.9584408359361,3.243057526681939,1,5,8,0
30.441666666666666,949.403098383441,518.2770095906075,3.2014532747668016,1,5,8,0
30.45,950.5489947259936,518.5853469672925,3.24830325203521,1,5,8,0
30.458333333333332,950.1728127624478,519.1841431552144,3.2519147707992766,1,5,8,0
30.466666666666665,950.7852440714778,519.2872430664978,3.2909608638024554,1,5,8,0
30.475,951.3735551269556,519.2276515268462,3.262534379876932,1,5,8,0
30.483333333333334,950.7063771289481,518.8645436974925,3.243682663311806,1,5,8,0
30.491666666666667,949.9493920954905,518.8466340865097,3.269290045868917,1,5,8,0
30.5,950.0060561425756,518.6162319545782,3.2760527001536675,1,5,8,0
30.508333333333333,949.4339428537137,518.9712378493916,3.308698353537937,1,5,8,0
30.516666666666666,949.8586088670615,517.9514311347042,3.2302214574221586,1,5,8,0
30.525,949.5843522275378,518.1172812918877,3.2585334185559605,1,5,8,0
30.533333333333335,949.7581894027624,518.4077673495531,3.264902333413721,1,5,8,0
30.541666666666668,950.0702746073779,518.0989736902225,3.270832691375918,1,5,8,0
30.55,950.5241392272848,518.3565159951544,3.2435963117231195,1,5,8,0
30.558333333333334,950.4915735132619,517.4525311128541,3.2490320218777837,1,5,8,0
30.566666666666666,950.3674303158023,517.8654139593987,3.2691091943650084,1,5,8,0
30.575,950.316824926449,517.769954731761,3.2868579126970063,1,5,8,0
30.583333333333332,949.8720281724759,517.6014450046686,3.266669892718591,1,5,8,0
30.591666666666665,949.5931924146897,517.432917915352,3.2564386076105785,1,5,8,0
30.6,949.8276452300622,516.9352165658855,3.2577645219605023,1,5,8,0
30.608333333333334,950.3305368947393,516.8006203823148,3.2740333465409073,1,5,8,0
30.616666666666667,949.7914731139014,516.4864793870157,3.2773115104355193,1,5,8,0
30.625,949.9110436803528,516.6918295519513,3.3005956373167513,1,5,8,0
30.633333333333333,950.6591853981703,516.1957647781267,3.274046638659017,1,5,8,0
30.641666666666666,950.189237595395,516.1639231878156,3.280728738645021,1,5,8,0
30.65,950.4910601180717,516.579774521209,3.25514871978057,1,5,8,0
30.658333333333335,950.0221422625317,516.8305503598791,3.3090577864427226,1,5,8,0
30.666666666666668,949.0485936437899,516.3716094651788,3.2944071518341267,1,5,8,0
30.675,947.5089246654245,517.1434058217686,3.294703741560929,1,5,8,0
30.683333333333334,948.1335520774469,517.4017581105192,3.287766789847819,1,5,8,0
30.691666666666666,948.4434852372344,517.9275229023531,3.2470756182766007,1,5,8,0
30.7,947.8128385337977,518.6579071286553,3.2215268252833327,1,5,8,0
30.708333333333332,947.7792728318562,518.670452745507,3.2428968374528715,1,5,8,0
30.716666666666665,948.2107941104323,518.9913476187796,3.3099210348288564,1,5,8,0
30.725,948.334905114433,520.3136395571586,3.270609456163179,1,5,8,0
30.733333333333334,947.7185230561827,519.8712458717757,3.242296253010203,1,5,8,0
30.741666666666667,948.6202241399857,519.4258793275202,3.2574145505676144,1,5,8,0
30.75,948.8249996107509,519.9843850212269,3.244057060405546,1,5,8,0
30.758333333333333,949.6954580391092,520.0748162499946,3.28464831726196,1,5,8,0
30.766666666666666,949.4842254723168,519.7577596508482,3.280560019100906,1,5,8,0
30.775,950.2061505446834,519.9434672565031,3.303937163488406,1,5,8,0
30.783333333333335,950.719970224124,520.0006745523564,3.2897122660673683,1,5,8,0
30.791666666666668,950.7620553792005,520.5444351840977,3.291655242679463,1,5,8,0
30.8,951.1708375546203,520.4858311167816,3.257484421517329,1,5,8,0
30.808333333333334,950.9778687165823,520.8521944864024,3.2878826695645067,1,5,8,0
30.816666666666666,951.1420190591347,520.3234189633173,3.2612713906952346,1,5,8,0
30.825,950.9095173760566,520.6941444981828,3.271989835380017,1,5,8,0
30.833333333333332,950.8190526799395,520.4831192363184,3.2804862046712655,1,5,8,0
30.841666666666665,950.7189109819196,520.161156481597,3.2536206554131852,1,5,8,0
30.85,949.2856099695712,519.8618873147238,3.2831440964458016,1,5,8,0
30.858333333333334,950.0950973364563,520.2654738714916,3.298374821863014,1,5,8,0
30.866666666666667,950.7011660086589,520.395354418217,3.3374504812840193,1,5,8,0
30.875,950.4489539354227,519.8317422165982,3.299133366862561,1,5,8,0
30.883333333333333,950.5744719816117,519.850593401974,3.2670460091405884,1,5,8,0
30.891666666666666,949.9442683434708,519.9081651186825,3.314911780542518,1,5,8,0
30.9,949.6408416537801,519.94321062926,3.2898543045652113,1,5,8,0
30.908333333333335,949.8502252340576,520.0749392877633,3.3196916390311615,1,5,8,0
30.916666666666668,950.2554681867407,520.32664925353,3.2859009616136294,1,5,8,0
30.925,950.8193526360675,520.34334100235,3.3305593309203756,1,5,8,0
30.933333333333334,950.4793146012083,521.1473020730801,3.247093421696267,1,5,8,0
30.941666666666666,951.1007519820051,520.7779120266523,3.285969119510356,1,5,8,0
30.95,950.8413391541824,520.7182732222078,3.3007514396308313,1,5,8,0
30.958333333333332,950.698056131527,520.899473147568,3.3278893491829495,1,5,8,0
30.966666666666665,951.583417977768,520.9842904720065,3.2865484214740794,1,5,8,0
30.975,951.5926386183189,520.1520210979883,3.2837173776714526,1,5,8,0
30.983333333333334,951.8648619719547,520.0945845706872,3.2628730801706745,1,5,8,0
30.991666666666667,865.3217733015063,595.3578091976929,3.323784834847953,1,5,8,0
31.0,865.9378560652219,595.3706707708359,3.27292259215973,1,5,8,0
31.008333333333333,951.3566151534111,520.0109171132616,3.278343395861361,1,5,8,0
31.016666666666666,951.3896631093493,519.372799215959,3.3194668134147762,1,5,8,0
31.025,951.5999506841957,519.459865832784,3.268388857639751,1,5,8,0
31.033333333333335,951.5495157621824,519.6805916178554,3.353339973804584,1,5,8,0
31.041666666666668,951.6026165067406,519.8955875598057,3.2919646754708376,1,5,8,0
31.05,951.3535058359289,519.2717154146483,3.2691953651822754,1,5,8,0
31.058333333333334,950.5289538014032,519.2760686697269,3.288541028590516,1,5,8,0
31.066666666666666,951.4633026911852,519.5272592317987,3.272957896920058,1,5,8,0
31.075,951.7221380059797,519.612159323049,3.2574150671218716,1,5,8,0
31.083333333333332,951.8336565665948,520.1238678420792,3.2932455643011442,1,5,8,0
31.091666666666665,952.051438972242,520.6012307808465,3.25680090074059,1,5,8,0
31.1,951.3936137726141,521.0787066305732,3.327180248250329,1,5,8,0
31.108333333333334,951.7284735342414,522.0630725170013,3.301643304570322,1,5,8,0
31.116666666666667,952.2609888899856,521.3516125276183,3.3074525185093737,1,5,8,0
31.125,951.9592379134324,521.3178566928066,3.298866156599916,1,5,8,0
31.133333333333333,952.4265015676326,521.9484714937176,3.322007719995193,1,5,8,0
31.141666666666666,952.6348312021133,521.876431457735,3.3101859327659136,1,5,8,0
31.15,952.3826564914602,522.496902071688,3.317868032358369,1,5,8,0
31.158333333333335,952.1934411723661,523.4276017403191,3.263700131383795,1,5,8,0
31.166666666666668,950.5949583709443,522.8891185458627,3.2790488386404566,1,5,8,0
31.175,951.2241231918872,523.1276180448814,3.301031275970018,1,5,8,0
31.183333333333334,951.7110579659708,523.2482893125833,3.260793013478279,1,5,8,0
31.191666666666666,951.9454574410333,522.82828531042,3.258767842844456,1,5,8,0
31.2,952.0858244854145,522.723655629221,3.3238018525275774,1,5,8,0
31.208333333333332,952.1625295243553,523.1368391570409,3.2929207039900774,1,5,8,0
31.216666666666665,951.9228406758525,523.6168767680977,3.318487067314821,1,5,8,0
31.225,952.0418928665206,523.5118987674609,3.3367446973769432,1,5,8,0
31.233333333333334,952.973404313259,523.6567177303622,3.3099251891442694,1,5,8,0
31.241666666666667,952.5552735401442,524.2127253881345,3.269086741017179,1,5,8,0
31.25,952.9774594334289,523.3695030068361,3.2896773417373595,1,5,8,0
31.258333333333333,953.1909884644872,523.760022931437,3.337066029793407,1,5,8,0
31.266666666666666,953.5700916252613,523.7233314640389,3.32171235581155,1,5,8,0
31.275,953.9772577796274,523.4610007628829,3.3167336305205954,1,5,8,0
31.283333333333335,953.1906621825148,522.8890243924023,3.319041214640527,1,5,8,0
31.291666666666668,952.4885526834053,523.2712681657048,3.3492658158318833,1,5,8,0
31.3,952.2359629406457,523.6847484154298,3.3163544983369233,1,5,8,0
31.308333333333334,952.4138441620424,523.0968840958715,3.292524069410717,1,5,8,0
31.316666666666666,953.1346377611256,523.979006077986,3.319805836309172,1,5,8,0
31.325,953.1744591448246,524.1469725068309,3.2841138719353533,1,5,8,0
31.333333333333332,952.6785935594963,524.4598941709121,3.3306398279511464,1,5,8,0
31.341666666666665,951.1530052625238,524.3077494565813,3.2870775559537497,1,5,8,0
31.35,950.6372767493605,524.2379280981111,3.3091695467503013,1,5,8,0
31.358333333333334,950.6665015343615,524.8256719003925,3.3169567218172817,1,5,8,0
31.366666666666667,950.7956198865196,525.4368434966281,3.354282022038857,1,5,8,0
31.375,950.4348381420336,525.5756061536129,3.3681024569571236,1,5,8,0
31.383333333333333,950.566571332582,525.8561146827602,3.3346910988680625,1,5,8,0
31.391666666666666,951.4306548619708,525.1572594727854,3.3736618958432736,1,5,8,0
31.4,951.3167700581023,524.806252674577,3.3649951029946643,1,5,8,0
31.408333333333335,951.6351838793439,525.1499930248698,3.3519119489986307,1,5,8,0
31.416666666666668,952.3119920867152,525.6150053207532,3.3482057201234214,1,5,8,0
31.425,952.0878066347802,525.6199702508591,3.3497737577496975,1,5,8,0
31.433333333333334,952.2617420504386,525.2364073595538,3.3675697863722878,1,5,8,0
31.441666666666666,951.9535000320482,525.2495863247141,3.329345973118657,1,5,8,0
31.45,950.8980142934633,524.6107555534995,3.337838780922707,1,5,8,0
31.458333333333332,951.0425626139648,524.8584520123477,3.3592430862876754,1,5,8,0
31.466666666666665,950.7909788237478,524.9612751006891,3.351484823480511,1,5,8,0
31.475,950.2790262819136,524.2954341157435,3.3349598656866313,1,5,8,0
31.483333333333334,950.8890955679542,524.9116706772804,3.398345301916112,1,5,8,0
31.491666666666667,950.3607619927558,524.4812137969938,3.321249692066661,1,5,8,0
31.5,951.0101685558523,523.6379783367369,3.3245873343894057,1,5,8,0
31.508333333333333,951.0746154139083,523.8316276797868,3.3445423136238173,1,5,8,0
31.516666666666666,951.390292617177,523.4676782163166,3.377715874142252,1,5,8,0
31.525,951.6655168100389,523.7686683009314,3.3261406002321996,1,5,8,0
31.533333333333335,951.1061294841167,524.738657941725,3.3381183973084556,1,5,8,0
31.541666666666668,951.0196978137594,523.7984694621616,3.373895593020397,1,5,8,0
31.55,950.6221536981826,524.1447751322514,3.355553700006496,1,5,8,0
31.558333333333334,950.5698973176484,524.2576999741918,3.316207185444228,1,5,8,0
31.566666666666666,950.2330491817221,524.5208335557537,3.337263050537721,1,5,8,0
31.575,950.0118473541409,524.2282192455448,3.3276459220119547,1,5,8,0
31.583333333333332,949.3160391761571,523.7749425571593,3.321341526013848,1,5,8,0
31.591666666666665,949.323872164607,523.5472970950565,3.306703695652677,1,5,8,0
31.6,949.3261400581162,524.1060063801061,3.316614285518446,1,5,8,0
31.608333333333334,949.4528822752354,524.1478053372848,3.3494698694527685,1,5,8,0
31.616666666666667,950.1998912090027,524.6668618355249,3.2994289700938095,1,5,8,0
31.625,951.103481318991,524.7544912940588,3.3117799557813483,1,5,8,0
31.633333333333333,951.0943200812635,524.0789828308177,3.34131489216929,1,5,8,0
31.641666666666666,951.3724478163782,523.895996778608,3.311415156040412,1,5,8,0
31.65,951.8133231612994,524.296975762755,3.317156142215708,1,5,8,0
31.658333333333335,951.8418216925638,524.5238497075426,3.2943195230589333,1,5,8,0
31.666666666666668,952.2524910128514,524.9499211741786,3.2658611491984364,1,5,8,0
31.675,953.1315818750684,525.1056660045024,3.3212964780186542,1,5,8,0
31.683333333333334,952.9424166916752,524.8000180385604,3.3194222197887666,1,5,8,0
31.691666666666666,953.3827251127359,524.6094193819424,3.2662062961672302,1,5,8,0
31.7,953.1834656050008,524.564419084149,3.2881357632517685,1,5,8,0
31.708333333333332,954.0601717850373,524.4170784881941,3.2710734209468515,1,5,8,0
31.716666666666665,953.8395831670498,525.0193413687572,3.2519551982509305,1,5,8,0
31.725,953.4331192414757,524.1673557635139,3.286492847704891,1,5,8,0
31.733333333333334,952.6577071255371,523.826213707056,3.2452214106588824,1,5,8,0
31.741666666666667,952.1808357089508,523.4451673192531,3.2494144207265783,1,5,8,0
31.75,952.0978294075129,523.2068583508931,3.2726707183975168,1,5,8,0
31.758333333333333,951.9749271005182,522.9987605999111,3.290741612945443,1,5,8,0
31.766666666666666,952.3632724347185,521.2110379212556,3.285824211834801,1,5,8,0
31.775,951.7510316987745,520.611560188004,3.2583157376649647,1,5,8,0
31.783333333333335,952.5582806341995,520.3084772350951,3.2559919969521602,1,5,8,0
31.791666666666668,952.5685596560247,520.2128154891842,3.309646225368961,1,5,8,0
31.8,953.6466473571104,520.1170555645396,3.258886684125938,1,5,8,0
31.808333333333334,953.8246820194482,520.9288255535323,3.2721875493021217,1,5,8,0
31.816666666666666,952.7653061954456,521.4448695803758,3.2800243484214384,1,5,8,0
31.825,953.5529156727741,521.3877850685452,3.277265115141775,1,5,8,0
31.833333333333332,953.3871025271807,521.0734239224187,3.2243397160836897,1,5,8,0
31.841666666666665,953.0992192451638,521.754495613767,3.2736843001338234,1,5,8,0
31.85,953.1134320196269,521.6836208101471,3.294324093556854,1,5,8,0
31.858333333333334,953.3522727819892,521.3600834884145,3.2593771268084226,1,5,8,0
31.866666666666667,953.4438026447156,522.1625399635693,3.294832061331447,1,5,8,0
31.875,954.0247319994024,522.3549798111544,3.268909636390507,1,5,8,0
31.883333333333333,953.8914332650528,522.7840298253398,3.256210252224586,1,5,8,0
31.891666666666666,954.9067715202801,522.8184874679308,3.267244369897513,1,5,8,0
31.9,954.4666018697037,523.3423207139342,3.2705743530303297,1,5,8,0
31.908333333333335,954.0255089051625,523.7217785207905,3.3058857648764977,1,5,8,0
31.916666666666668,954.5489101402964,524.1901393387726,3.271030147805004,1,5,8,0
31.925,954.4586118261175,523.7993297266048,3.2715554907526956,1,5,8,0
31.933333333333334,954.822665526267,523.499308094464,3.26391894520817,1,5,8,0
31.941666666666666,954.6630377128996,523.0717718081631,3.2652930203802084,1,5,8,0
31.95,954.5656171950857,523.229579320857,3.2743011035796115,1,5,8,0
31.958333333333332,955.6966923924416,523.6083101336394,3.2747638728098813,1,5,8,0
31.966666666666665,956.3136869497015,523.5812340883369,3.2727786172681688,1,5,8,0
31.975,956.4850755076485,523.3698020884065,3.2745128975807614,1,5,8,0
31.983333333333334,957.2597527031091,523.7194612415635,3.3098662631532343,1,5,8,0
31.991666666666667,956.6818363413897,523.9457670936291,3.2613040600155982,1,5,8,0
32.0,956.9696081547161,523.849692617318,3.253376152339612,1,5,8,0
32.00833333333333,957.4071062952125,523.5467096724258,3.2783079108066144,1,5,8,0
32.016666666666666,956.7929529666405,524.1973610693288,3.25642354054374,1,5,8,0
32.025,957.4057145103086,524.407047442696,3.2640042629291215,1,5,8,0
32.03333333333333,958.227312146858,524.7880888048112,3.218250360125126,1,5,8,0
32.041666666666664,958.7238632550236,525.0377355933991,3.2465545512015344,1,5,8,0
32.05,958.8598321031963,525.7713898704449,3.2468676352397727,1,5,8,0
32.05833333333333,959.2400076959565,525.8216381950186,3.2489560039436784,1,5,8,0
32.06666666666667,959.1108736253553,526.3465465912448,3.246289432349923,1,5,8,0
32.075,959.0778864719855,526.392023697274,3.266343811683677,1,5,8,0
32.083333333333336,958.826449120678,526.1846087757161,3.259804104652466,1,5,8,0
32.09166666666667,958.7092296890128,526.6715685144326,3.2728727237838555,1,5,8,0
32.1,958.7524265530778,527.3443364887607,3.241996075910602,1,5,8,0
32.108333333333334,958.7412107185447,527.1026215102466,3.2555660736350673,1,5,8,0
32.11666666666667,959.6116868950402,527.1643545474353,3.2242592231378437,1,5,8,0
32.125,959.8147058204848,526.182277838315,3.257334185883217,1,5,8,0
32.13333333333333,959.7513198650422,525.3924061141078,3.2453024636533168,1,5,8,0
32.141666666666666,959.6459471103913,525.4987436598084,3.2925459384712408,1,5,8,0
32.15,960.438873257239,525.6912335594163,3.26014629007662,1,5,8,0
32.15833333333333,960.9700284578316,526.4934522454465,3.2489981470580034,1,5,8,0
32.166666666666664,960.9911888109649,526.8003604327702,3.2542643966879665,1,5,8,0
32.175,960.9142169746374,526.5435325498672,3.2402142076896183,1,5,8,0
32.18333333333333,961.4494987383746,526.6600051152968,3.2694268416653163,1,5,8,0
32.19166666666667,961.1869066660726,526.5555849031582,3.2459192062408335,1,5,8,0
32.2,961.7516329492026,526.833653071965,3.276623294325734,1,5,8,0
32.208333333333336,962.3561538410844,526.4046773111736,3.25305283259427,1,5,8,0
32.21666666666667,961.7131394313968,526.4935376726335,3.2318458830676833,1,5,8,0
32.225,961.0775001880287,526.8069346915453,3.233201512302807,1,5,8,0
32.233333333333334,960.9859261158626,526.9465358352286,3.259520478060932,1,5,8,0
32.24166666666667,960.8653899201397,526.8255716546612,3.2350929381106037,1,5,8,0
32.25,961.9129985176015,526.7378900524778,3.2313365915977608,1,5,8,0
32.25833333333333,961.1597959820908,526.5971118535276,3.250861472689568,1,5,8,0
32.266666666666666,960.4833139948603,526.983587486674,3.235896096624539,1,5,8,0
32.275,960.0203616503295,526.7593496677524,3.224263224036183,1,5,8,0
32.28333333333333,959.4292803797232,525.9548158659888,3.210647412742909,1,5,8,0
32.291666666666664,958.42122676324,526.0808486746299,3.212336735067416,1,5,8,0
32.3,958.5545183893756,525.8547275857775,3.2200814672767955,1,5,8,0
32.30833333333333,958.4440732026422,525.9389414140659,3.2508037939583083,1,5,8,0
32.31666666666667,958.752587203603,527.0033183486321,3.243562194931764,1,5,8,0
32.325,958.9239528602819,527.510481232628,3.2164244677975544,1,5,8,0
32.333333333333336,959.1560931084035,526.8700312660134,3.191736390374578,1,5,8,0
32.34166666666667,958.8652862945648,527.0729238826353,3.2483993909732862,1,5,8,0
32.35,959.0634315551558,527.197123188292,3.261830628347289,1,5,8,0
32.358333333333334,959.982360566071,527.1146608901508,3.2150709531281403,1,5,8,0
32.36666666666667,959.4213615042072,526.9939010538523,3.212413834636581,1,5,8,0
32.375,959.0242110533698,526.9246968461446,3.2345907902440296,1,5,8,0
32.38333333333333,959.5119334728302,527.4763964124534,3.2330376934525806,1,5,8,0
32.391666666666666,959.6217604386378,527.8447971504494,3.2069384385356323,1,5,8,0
32.4,959.9692959414363,527.8755049544855,3.225598812433559,1,5,8,0
32.40833333333333,959.8054899045951,526.8630246163192,3.187808598857962,1,5,8,0
32.416666666666664,960.4625078064308,526.4774807053307,3.2054233082041494,1,5,8,0
32.425,960.5466635668586,525.9623668230889,3.211191263239464,1,5,8,0
32.43333333333333,960.8784758340051,526.6049737079069,3.214295792961498,1,5,8,0
32.44166666666667,964.0271133852173,425.38255797734064,3.185777008206132,1,5,8,0
32.45,963.6630515228569,426.112335330364,3.1871008216415633,1,5,8,0
32.458333333333336,959.9079726039821,526.0473691375923,3.2298376792294015,1,5,8,0
32.46666666666667,959.8336631980708,525.6739776395763,3.1472839902315948,1,5,8,0
32.475,959.3902590601776,524.9210996521678,3.1851407412052293,1,5,8,0
32.483333333333334,959.7686226684979,524.7163522019229,3.177515918973988,1,5,8,0
32.49166666666667,959.7024328678365,524.2276068467249,3.2082376993700237,1,5,8,0
32.5,959.2889822455428,524.4073123680479,3.221989443451881,1,5,8,0
32.50833333333333,959.2169769350289,523.6080930871661,3.1916484767999735,1,5,8,0
32.516666666666666,959.7826003162036,523.4107212015317,3.2047400608096344,1,5,8,0
32.525,959.2365806972407,522.8299001253463,3.1980195482507505,1,5,8,0
32.53333333333333,959.4535966841757,521.811564485379,3.2026254874602946,1,5,8,0
32.541666666666664,959.2002920353896,521.6258528140685,3.183156699013865,1,5,8,0
32.55,959.1201590158133,521.8478282217832,3.18643165511771,1,5,8,0
32.55833333333333,958.9406408399219,522.1322018355243,3.19867748476555,1,5,8,0
32.56666666666667,958.6473598997253,521.8659136127294,3.187045103768497,1,5,8,0
32.575,958.3585827818137,521.497852745127,3.2058580705129542,1,5,8,0
32.583333333333336,958.3224948539834,521.4373102221755,3.1622684476257126,1,5,8,0
32.59166666666667,957.7909959143652,520.4156560074001,3.196972019288287,1,5,8,0
32.6,957.0512938367159,520.2236881086208,3.1468486697284312,1,5,8,0
32.608333333333334,956.8962928393266,520.437572339695,3.1404033256188786,1,5,8,0
32.61666666666667,956.380606500987,520.803682303158,3.2037703338415264,1,5,8,0
32.625,955.8405385858362,520.9715132640355,3.174684387617218,1,5,8,0
32.63333333333333,955.0240264428202,521.384974903017,3.1636394419096536,1,5,8,0
32.641666666666666,955.107882873862,521.5330862465913,3.167978649737594,1,5,8,0
32.65,955.3286372739077,521.2068888325308,3.1981544956388466,1,5,8,0
32.65833333333333,956.1324973621871,521.792813666794,3.1678622108414523,1,5,8,0
32.666666666666664,956.7670388373958,522.1495465737055,3.2082524629887654,1,5,8,0
32.675,956.5067684589827,522.179912873302,3.1515255812942304,1,5,8,0
32.68333333333333,956.8985725333771,522.2584513535066,3.1784589671145542,1,5,8,0
32.69166666666667,956.7918824941501,523.0199567722686,3.1389318736671004,1,5,8,0
32.7,956.7296326072836,523.0395893545998,3.175143016587221,1,5,8,0
32.708333333333336,956.4009533384803,522.7943094274622,3.1765910774827275,1,5,8,0
32.71666666666667,956.5552192400853,522.8093801810458,3.17813414922438,1,5,8,0
32.725,956.9467259572239,522.5710383665522,3.1765502823208327,1,5,8,0
32.733333333333334,956.8446011976839,522.09217438513,3.146091540449009,1,5,8,0
32.74166666666667,955.4634234007384,522.1941548698086,3.1788184708939142,1,5,8,0
32.75,,,,0,5,8,0
32.75833333333333,,,,0,5,8,0
32.766666666666666,,,,0,5,8,0
32.775,,,,0,5,8,0
32.78333333333333,,,,0,5,8,0
32.791666666666664,,,,0,5,8,0
32.8,,,,0,5,8,0
32.80833333333333,,,,0,5,8,0
32.81666666666667,,,,0,5,8,0
32.825,,,,0,5,8,0
32.833333333333336,,,,0,5,8,0
32.84166666666667,,,,0,5,8,0
32.85,,,,0,5,8,0
32.858333333333334,957.2521866215559,524.3897329224407,3.1628517594888788,1,5,8,0
32.86666666666667,957.3376224192939,524.9540215245102,3.1223798622481382,1,5,8,0
32.875,956.7958590167103,525.2878353558467,3.1379804415499906,1,5,8,0
32.88333333333333,956.4557159059743,525.0187985483896,3.147575053892308,1,5,8,0
32.891666666666666,956.3187089822231,524.8323288293675,3.1524911142360623,1,5,8,0
32.9,956.6389256248993,524.8456287956781,3.155481076156098,1,5,8,0
32.90833333333333,956.6850282148724,524.6254581022283,3.1512308935532047,1,5,8,0
32.916666666666664,957.78298290422,525.7650884410222,3.1439060250242323,1,5,8,0
32.925,957.5201824987541,525.3208564936646,3.1519706853565506,1,5,8,0
32.93333333333333,958.0343419486563,525.3788239057718,3.1266738119535957,1,5,8,0
32.94166666666667,958.3906089604695,525.6672341466754,3.165247824100486,1,5,8,0
32.95,958.0470793678687,525.4989414000244,3.119461212493869,1,5,8,0
32.958333333333336,957.4400103181423,525.2379057088987,3.1484732428735205,1,5,8,0
32.96666666666667,957.9979250081427,524.6336078765245,3.1324421411946,1,5,8,0
32.975,958.7979560702465,525.0819377793499,3.151117276903804,1,5,8,0
32.983333333333334,959.200072467161,525.033094685398,3.139834697075483,1,5,8,0
32.99166666666667,959.6041463982149,524.0474193538298,3.127985898335637,1,5,8,0
33.0,959.0062735598246,523.6927952766438,3.1023502582474047,1,5,8,0
33.00833333333333,959.1551572234762,524.2212688997583,3.1460936680599305,1,5,8,0
33.016666666666666,959.3665571470623,524.2229196922755,3.144007152842146,1,5,8,0
33.025,959.2709289847212,524.7551624838134,3.1241088485935733,1,5,8,0
33.03333333333333,959.0525881378196,524.1766566674148,3.124087455139267,1,5,8,0
33.041666666666664,959.1085725349388,524.3653823799395,3.1407597598342214,1,5,8,0
33.05,959.4984890003452,524.7333733867242,3.1201581812875507,1,5,8,0
33.05833333333333,958.7485140741318,524.5877434139495,3.1503406890913572,1,5,8,0
33.06666666666667,958.737277626192,523.9530335872149,3.169289543564642,1,5,8,0
33.075,1042.464532517529,592.1608666447241,3.1030624890156,1,5,8,0
33.083333333333336,1042.050801431806,591.8732537870965,3.1241315994242904,1,5,8,0
33.09166666666667,957.0361281775298,524.8507400883673,3.1161310248084186,1,5,8,0
33.1,956.8074394891219,525.5707647393215,3.12641122706235,1,5,8,0
33.108333333333334,956.7599896999876,525.1988711398578,3.1220520863573094,1,5,8,0
33.11666666666667,957.1300533009565,525.5043136250906,3.104996975157374,1,5,8,0
33.125,956.5009352366277,524.817272547734,3.1213734331876166,1,5,8,0
33.13333333333333,956.9823818754472,524.7318657593041,3.1308023344325973,1,5,8,0
33.141666666666666,956.5591389088879,523.9951533427728,3.160921567990523,1,5,8,0
33.15,956.4261867122867,524.1280491581797,3.1588632294020216,1,5,8,0
33.15833333333333,955.9291338441847,523.5342968388844,3.124795864669687,1,5,8,0
33.166666666666664,955.8387173990441,524.0305410939815,3.1211162802504915,1,5,8,0
33.175,955.8675317668548,524.4127422505637,3.1419862222048542,1,5,8,0
33.18333333333333,956.2807889636173,524.2378981231622,3.112950747180051,1,5,8,0
33.19166666666667,956.4514310103851,524.4386790444211,3.1058907426053843,1,5,8,0
33.2,956.4376463041366,524.5075098844251,3.118133282883471,1,5,8,0
33.208333333333336,956.1827950800966,524.772954456169,3.1578409421506257,1,5,8,0
33.21666666666667,955.7219259816578,524.1125951645863,3.1098843067482553,1,5,8,0
33.225,955.892950257302,524.6532367598559,3.1160734568607475,1,5,8,0
33.233333333333334,955.9726317720055,524.3954434227876,3.142328449798337,1,5,8,0
33.24166666666667,956.5300533359967,523.4611594342315,3.1276807660937496,1,5,8,0
33.25,956.1548767705472,524.4302360579672,3.1441495686274243,1,5,8,0
33.25833333333333,956.2185617041024,524.3921489644098,3.1112869957706293,1,5,8,0
33.266666666666666,956.5475351083196,524.8565511549178,3.130149298804174,1,5,8,0
33.275,955.6054216035533,524.2755279052966,3.103521416211942,1,5,8,0
33.28333333333333,955.2270394332124,524.4904102837011,3.081371482919425,1,5,8,0
33.291666666666664,955.3666875557462,524.1441611003567,3.131354945788765,1,5,8,0
33.3,955.1307831950877,523.9838230623935,3.134721637870281,1,5,8,0
33.30833333333333,954.3553790301316,524.4429104474599,3.1140462167908627,1,5,8,0
33.31666666666667,953.8165666951822,524.1493537640304,3.1236180968783134,1,5,8,0
33.325,952.3900977181717,523.289314365553,3.087099665278523,1,5,8,0
33.333333333333336,952.3268239812054,523.3786192235915,3.1421150796783612,1,5,8,0
33.34166666666667,952.3809038377821,522.9089525101731,3.1086495191296546,1,5,8,0
33.35,952.2984477724416,523.9937024004404,3.117226974907353,1,5,8,0
33.358333333333334,952.1444974339626,523.9114567210385,3.084386503572408,1,5,8,0
33.36666666666667,951.0979794014195,523.5912535571473,3.13633675497703,1,5,8,0
33.375,951.3713023316295,523.8734101150819,3.12047184677594,1,5,8,0
33.38333333333333,951.4208513204575,524.1334268459932,3.122121041062142,1,5,8,0
33.391666666666666,951.3857885921865,523.5877451818039,3.113868415258532,1,5,8,0
33.4,951.0045428104354,523.1950746216012,3.08874789839177,1,5,8,0
33.40833333333333,951.3834584820429,523.1656202658143,3.065760676523079,1,5,8,0
33.416666666666664,952.0049248206136,522.4717888771861,3.109075724465421,1,5,8,0
33.425,952.7230051911567,522.5567863187106,3.1222378000653377,1,5,8,0
33.43333333333333,953.6173855482923,521.1692900818681,3.1356354912874815,1,5,8,0
33.44166666666667,954.0233027334705,520.740588963794,3.137940604915555,1,5,8,0
33.45,955.0494920031306,520.9239876678104,3.0894960524756554,1,5,8,0
33.458333333333336,954.6525535106746,520.4275153690435,3.1034448238489376,1,5,8,0
33.46666666666667,954.4668597824646,520.6409162988921,3.0984005832675634,1,5,8,0
33.475,954.8700618494722,520.1452755364858,3.090442305476197,1,5,8,0
33.483333333333334,955.1741697288138,520.3444987831834,3.1063495881995027,1,5,8,0
33.49166666666667,954.3808519199481,519.7473773462223,3.122711736437471,1,5,8,0
33.5,954.7744004295156,519.9762908316382,3.0948003232200287,1,5,8,0
33.50833333333333,955.6159785260452,519.4214328811992,3.108481184274536,1,5,8,0
33.516666666666666,955.3484980301018,519.1596970653411,3.100628449918084,1,5,8,0
33.525,955.0054144864775,518.8985379986218,3.124888672721674,1,5,8,0
33.53333333333333,954.1673327154991,518.5568291362212,3.1053356648981687,1,5,8,0
33.541666666666664,954.0892858709029,518.2211476628687,3.0683001980976403,1,5,8,0
33.55,953.9964199432933,517.524003629838,3.1144005477960803,1,5,8,0
33.55833333333333,954.1810798767596,517.8547120554115,3.0962381557905183,1,5,8,0
33.56666666666667,954.4290711349847,517.7319770814792,3.0609612934571437,1,5,8,0
33.575,954.1478600126011,517.3098416191486,3.1172144268993924,1,5,8,0
33.583333333333336,954.3424767600137,518.0171561935986,3.075823746324909,1,5,8,0
33.59166666666667,954.2550294057052,517.7584336778277,3.0905279540128405,1,5,8,0
33.6,953.9412920034364,517.2106084155284,3.1112563447177632,1,5,8,0
33.608333333333334,953.6886645954861,516.834478604891,3.1028126267597336,1,5,8,0
33.61666666666667,952.9606157459593,517.3081302141517,3.0924592538432267,1,5,8,0
33.625,952.1499538514074,517.08036326272,3.12125674217108,1,5,8,0
33.63333333333333,952.2022735672259,517.6249538467498,3.076154705333422,1,5,8,0
33.641666666666666,952.1756231844404,517.3155256356555,3.141374324647949,1,5,8,0
33.65,951.58850884811,516.809946918463,3.1076251346081043,1,5,8,0
33.65833333333333,952.6057815672121,517.4743492818167,3.1014080369700507,1,5,8,0
33.666666666666664,952.5506793380196,517.3133673525199,3.1408845181556093,1,5,8,0
33.675,952.7145376743277,517.3445268362723,3.0780199775155794,1,5,8,0
33.68333333333333,951.5976184871045,516.2857228177575,3.0783928960218603,1,5,8,0
33.69166666666667,950.2116893027116,516.5976378368092,3.1062153334576954,1,5,8,0
33.7,951.0968585960786,517.433830612313,3.108753193288117,1,5,8,0
33.708333333333336,950.2687173129368,516.1131064621376,3.1201369649196495,1,5,8,0
33.71666666666667,950.2371611331896,515.978009290943,3.0975408218128577,1,5,8,0
33.725,950.4098769709035,515.7394027961,3.1171803046091275,1,5,8,0
33.733333333333334,951.3391226769852,515.8694847384271,3.119899917832784,1,5,8,0
33.74166666666667,951.4183049517777,515.7954478149105,3.0658345865696166,1,5,8,0
33.75,952.0035021301943,515.7351679757801,3.123126208028572,1,5,8,0
33.75833333333333,953.0152970340299,515.6415732221733,3.112148071234112,1,5,8,0
33.766666666666666,953.8687511923217,515.2452738226001,3.0707327407959477,1,5,8,0
33.775,953.6996196242959,515.6224039594372,3.0673202677260183,1,5,8,0
33.78333333333333,954.6774582125374,515.3332508336358,3.084746067732336,1,5,8,0
33.791666666666664,954.2546700774798,515.0543854159934,3.0868643005266225,1,5,8,0
33.8,953.8331279962173,514.8492805072391,3.1217037935677974,1,5,8,0
33.80833333333333,954.2203148461531,514.0037447578932,3.1343633188343225,1,5,8,0
33.81666666666667,954.0898824834659,514.0012402054864,3.0840697100202776,1,5,8,0
33.825,953.0062661118677,513.319653035734,3.1201227937414644,1,5,8,0
33.833333333333336,953.1376645210358,513.5496483347525,3.0540067228998566,1,5,8,0
33.84166666666667,953.3131397497295,513.3766219788358,3.099789164488433,1,5,8,0
33.85,954.0631044462191,512.6379620233888,3.112998871740306,1,5,8,0
33.858333333333334,954.3068684604572,512.6500005972873,3.07658299931325,1,5,8,0
33.86666666666667,955.2001681672398,512.3880292020979,3.1127987970809587,1,5,8,0
33.875,955.1491631589327,511.3509520271972,3.1013210865788623,1,5,8,0
33.88333333333333,955.553022863718,510.3825461360707,3.086937261394015,1,5,8,0
33.891666666666666,955.6947670791787,509.68104600922806,3.0911799792749126,1,5,8,0
33.9,955.5080082221002,509.4662025246665,3.0863145276436894,1,5,8,0
33.90833333333333,954.9075238333029,509.5579368863548,3.096237903159795,1,5,8,0
33.916666666666664,954.5678926694633,509.32454325269634,3.1201780737464584,1,5,8,0
33.925,954.3810225478516,509.7810532062915,3.116159980059291,1,5,8,0
33.93333333333333,954.5108165474559,510.1371756503336,3.113616930163099,1,5,8,0
33.94166666666667,954.4326421229595,509.73587894790586,3.0995283495113277,1,5,8,0
33.95,954.4575918514826,509.85288556808496,3.0860347963955825,1,5,8,0
33.958333333333336,954.3823437386546,509.8535244728442,3.1245498170935866,1,5,8,0
33.96666666666667,954.6411927714331,509.25375724130646,3.1108347775875145,1,5,8,0
33.975,954.230280932848,508.6630138497582,3.0768402532789048,1,5,8,0
33.983333333333334,954.3004519485482,508.8045150794863,3.119782085212037,1,5,8,0
33.99166666666667,954.1289276409674,508.8404022070432,3.0775450202981527,1,5,8,0
34.0,953.6677990576194,509.15436397250653,3.10711331753535,1,5,8,0
34.00833333333333,952.784496228502,509.33037488961037,3.116090256546121,1,5,8,0
34.016666666666666,952.3710042035095,508.3520042778172,3.0943404902200426,1,5,8,0
34.025,952.8481030202171,508.56457179314026,3.101318060675103,1,5,8,0
34.03333333333333,953.3988285001147,508.97202202282267,3.129339507617924,1,5,8,0
34.041666666666664,954.2269216764789,509.24120078676265,3.112654264890692,1,5,8,0
34.05,953.6235129688905,509.29540286512884,3.1478771962568035,1,5,8,0
34.05833333333333,954.1273042942078,509.0370320410622,3.110573265042471,1,5,8,0
34.06666666666667,953.789058308109,509.5816811827174,3.100678616065638,1,5,8,0
34.075,954.2646170251527,508.76401133585915,3.0891156613837487,1,5,8,0
34.083333333333336,953.5569946456288,508.7854335674236,3.0983829393455102,1,5,8,0
34.09166666666667,954.5839159035688,508.808966322763,3.13465062601411,1,5,8,0
34.1,954.9313650222084,509.2225924765363,3.084758046030542,1,5,8,0
34.108333333333334,954.8751030989489,508.8914837951922,3.078818060165641,1,5,8,0
34.11666666666667,954.3614956086248,508.47454608953666,3.105698659148782,1,5,8,0
34.125,954.509539711988,508.37422393079237,3.1152674855540776,1,5,8,0
34.13333333333333,953.8538239324922,509.00200414342004,3.1092107735923533,1,5,8,0
34.141666666666666,953.7084989996799,508.96752316058365,3.120571238786899,1,5,8,0
34.15,953.611550888815,509.3822481395556,3.097817779820146,1,5,8,0
34.15833333333333,954.0679502723177,509.19554608971475,3.119048370072662,1,5,8,0
34.166666666666664,954.5237021708681,509.713396164719,3.124949716482684,1,5,8,0
34.175,954.6628502666597,509.1732437555164,3.1323289711934272,1,5,8,0
34.18333333333333,955.2658310270643,509.0607318919872,3.067513282884685,1,5,8,0
34.19166666666667,954.6045835943943,508.70657942041515,3.108535912056788,1,5,8,0
34.2,955.7395891949747,508.29438049229344,3.1280694707005803,1,5,8,0
34.208333333333336,954.8482827245464,508.9880907425015,3.1269454298731585,1,5,8,0
34.21666666666667,955.3226121759,508.97567233369546,3.1276219553996336,1,5,8,0
34.225,954.7098996026104,508.855898298297,3.146045852333323,1,5,8,0
34.233333333333334,954.0585012197046,508.82708864883784,3.146031917280261,1,5,8,0
34.24166666666667,954.6924442738961,508.43540325455217,3.1036986732825333,1,5,8,0
34.25,955.3926678358533,508.5775495267882,3.1024473860514368,1,5,8,0
34.25833333333333,955.7018039444957,508.32094921912744,3.112328652723469,1,5,8,0
34.266666666666666,955.3857310348396,508.5100817108116,3.1187978869089945,1,5,8,0
34.275,955.9235356617361,508.9107781277886,3.1268757304562564,1,5,8,0
34.28333333333333,955.7569111862458,509.33140266825177,3.1463001404958515,1,5,8,0
34.291666666666664,955.9103020753846,509.29540920369686,3.094017213996472,1,5,8,0
34.3,956.5551840389312,509.6523635227775,3.162497019909166,1,5,8,0
34.30833333333333,956.3960354145928,509.6274734792032,3.1232475493286165,1,5,8,0
34.31666666666667,956.5412709615234,510.10576998770085,3.1505972301495038,1,5,8,0
34.325,956.6676515520901,510.71231929813075,3.133022933380114,1,5,8,0
34.333333333333336,956.2935595025883,510.8753404468678,3.128044522813884,1,5,8,0
34.34166666666667,955.3635113136286,511.01506319837927,3.1118547287203624,1,5,8,0
34.35,955.1888078481419,510.88193134923733,3.0941111974536946,1,5,8,0
34.358333333333334,955.6502024553931,511.0853154911808,3.126166616956712,1,5,8,0
34.36666666666667,955.3914322527635,511.1607810377407,3.1023081189278914,1,5,8,0
34.375,955.7499129852787,510.8859686067652,3.1491471549265357,1,5,8,0
34.38333333333333,954.9109788797219,511.36094145329497,3.143368413012002,1,5,8,0
34.391666666666666,954.7578793487302,511.3740749683633,3.1096197134113464,1,5,8,0
34.4,955.0568111942684,511.59818513425483,3.146141380395626,1,5,8,0
34.40833333333333,954.9154977470935,510.4613126046029,3.1509282938140206,1,5,8,0
34.416666666666664,954.5612114062374,510.4625370196345,3.109749186875608,1,5,8,0
34.425,955.2593365200737,511.0530464981169,3.1393045481833037,1,5,8,0
34.43333333333333,955.0836864443788,510.60273253397617,3.145236571037018,1,5,8,0
34.44166666666667,955.9967976145574,510.89733783895554,3.133057968747173,1,5,8,0
34.45,955.8672086106918,511.5012220702344,3.1378100891123726,1,5,8,0
34.458333333333336,955.3254129106854,511.3689644376963,3.164706563379836,1,5,8,0
34.46666666666667,955.5290145234414,511.3119300377834,3.105284254228787,1,5,8,0
34.475,954.7216425181181,510.70232522830463,3.1205074596493736,1,5,8,0
34.483333333333334,954.3599154543987,510.2984004878413,3.153337209118182,1,5,8,0
34.49166666666667,955.1418097725567,510.5412737117026,3.131537924610833,1,5,8,0
34.5,955.4438482154086,509.9573347616263,3.1647318430356077,1,5,8,0
34.50833333333333,955.560879075377,510.6459965167203,3.1412788608014566,1,5,8,0
34.516666666666666,957.1314871728206,510.1871329862966,3.1568616055249192,1,5,8,0
34.525,957.505959134893,509.9037912603189,3.172757926434191,1,5,8,0
34.53333333333333,956.9327338722625,509.7987429760083,3.1681454943104734,1,5,8,0
34.541666666666664,956.6312563460205,509.0912945913016,3.1606334831739766,1,5,8,0
34.55,956.3191646561319,508.8927060335121,3.1429970647354293,1,5,8,0
34.55833333333333,956.009080349522,508.10982119169876,3.193158485564525,1,5,8,0
34.56666666666667,955.6288240173163,507.57392741073977,3.129702567879073,1,5,8,0
34.575,956.1641448699894,507.22260852683473,3.1403872115830302,1,5,8,0
34.583333333333336,955.6142809529525,507.4194175782907,3.1433406094130096,1,5,8,0
34.59166666666667,956.4185447156125,507.7006941290528,3.1358155314966263,1,5,8,0
34.6,956.8354324689166,508.01818006809106,3.1779082926034237,1,5,8,0
34.608333333333334,956.5895191405648,507.8431469785843,3.134341267495266,1,5,8,0
34.61666666666667,956.798736429279,507.1056879629128,3.1286474880486055,1,5,8,0
34.625,956.800092901135,506.8404133509777,3.17567392272724,1,5,8,0
34.63333333333333,957.4847559843791,506.0030096686037,3.165171018357816,1,5,8,0
34.641666666666666,957.213342595556,506.05902585081765,3.156234898080538,1,5,8,0
34.65,957.8307213124202,505.76449755741527,3.1288122657012694,1,5,8,0
34.65833333333333,957.5809421533155,505.29474781128886,3.1487705232883454,1,5,8,0
34.666666666666664,957.8395160967045,505.1170516128932,3.1844190870438402,1,5,8,0
34.675,957.1345157267677,503.96717170024107,3.1751318635056314,1,5,8,0
34.68333333333333,956.731124323939,503.918165856698,3.170901375229507,1,5,8,0
34.69166666666667,956.7430257189784,503.94625652802836,3.1461264249507757,1,5,8,0
34.7,956.1663637346859,504.0437893075478,3.1344520177479582,1,5,8,0
34.708333333333336,956.469894848559,503.68334501212865,3.1285970106085332,1,5,8,0
34.71666666666667,955.8742673782078,503.7472745504736,3.196790422939423,1,5,8,0
34.725,955.9248286095999,503.6656994128935,3.190646013956474,1,5,8,0
34.733333333333334,955.3492455889436,503.56243964643204,3.2246326723155088,1,5,8,0
34.74166666666667,955.6411186538847,503.17125985157327,3.149075231037832,1,5,8,0
34.75,955.3255224202444,502.5579356498095,3.1545842207310204,1,5,8,0
34.75833333333333,955.4014668390887,502.3938169034983,3.181782886430657,1,5,8,0
34.766666666666666,955.2546808998312,502.5813012064954,3.1787310527787738,1,5,8,0
34.775,954.3878018333246,502.74066914245503,3.1529625159830297,1,5,8,0
34.78333333333333,954.0207583844879,503.5847144300939,3.175255643041012,1,5,8,0
34.791666666666664,955.235718199939,503.4454253307786,3.1731666984505114,1,5,8,0
34.8,955.5016026371887,503.85301085016295,3.198881715391358,1,5,8,0
34.80833333333333,956.1156584669205,504.58410955443236,3.10490984842109,1,5,8,0
34.81666666666667,955.217974003022,505.22988732943395,3.16736822666643,1,5,8,0
34.825,955.0186726264893,505.50797085087726,3.171563707813465,1,5,8,0
34.833333333333336,954.7608637582189,505.7394037204363,3.1855007174069283,1,5,8,0
34.84166666666667,954.4723415881934,505.3824845237523,3.1951237488757545,1,5,8,0
34.85,954.3192021111639,505.43583656897783,3.2063713437236503,1,5,8,0
34.858333333333334,954.7849968635745,505.31521187698326,3.1809926155699126,1,5,8,0
34.86666666666667,955.7914415439864,505.6394381926423,3.162155240834248,1,5,8,0
34.875,956.1358700639656,506.066757173754,3.1284014141148,1,5,8,0
34.88333333333333,955.9245976924012,505.9685888511537,3.207602484568963,1,5,8,0
34.891666666666666,955.5940013156496,505.7400366737651,3.2242435144792294,1,5,8,0
34.9,955.211965450543,505.09028894965735,3.18115860969184,1,5,8,0
34.90833333333333,955.2951221882327,505.668251063387,3.2031361460859724,1,5,8,0
34.916666666666664,955.3822062636535,504.7594898908608,3.196809005838795,1,5,8,0
34.925,955.8786371071852,504.2443506000463,3.1547955068779485,1,5,8,0
34.93333333333333,955.6554368671418,504.3567905611036,3.17657197644615,1,5,8,0
34.94166666666667,955.238216958986,503.93654047921655,3.159942885726148,1,5,8,0
34.95,956.0968396673256,504.7077962405122,3.198955407225946,1,5,8,0
34.958333333333336,955.7657626447835,504.9821812414273,3.1945656792521886,1,5,8,0
34.96666666666667,955.2421957552965,504.57461478315946,3.1815446630238498,1,5,8,0
34.975,954.6413326645874,505.049436855501,3.181160623358042,1,5,8,0
34.983333333333334,954.0348247949147,505.2444695055243,3.1972754819993527,1,5,8,0
34.99166666666667,954.195479150562,505.1032476577505,3.197836615400313,1,5,8,0
35.0,953.5193616527454,505.4696971932524,3.1689429375955163,1,5,8,0
35.00833333333333,1374.045207668446,436.98115945530606,3.1699212396891387,1,5,8,0
35.016666666666666,1374.5029094923018,436.11089099968046,3.165569574153692,1,5,8,0
35.025,954.2714837422922,505.61469671209204,3.176745323942988,1,5,8,0
35.03333333333333,954.2442169569935,506.2145823888444,3.233990689309655,1,5,8,0
35.041666666666664,953.9057782624669,505.62663502170324,3.2444826570484753,1,5,8,0
35.05,953.878780871615,505.9458580984439,3.2267667410587633,1,5,8,0
35.05833333333333,954.7208029809317,505.99144180261976,3.2439252254739253,1,5,8,0
35.06666666666667,954.7197790766877,505.06197134334997,3.1805590186420454,1,5,8,0
35.075,955.6612779517466,505.0876536135293,3.1999151763047142,1,5,8,0
35.083333333333336,956.2861298404088,505.5473818225809,3.185576940517293,1,5,8,0
35.09166666666667,954.9785093185939,505.5139017903126,3.1909570684578368,1,5,8,0
35.1,955.0528289834535,505.88833924927076,3.2011692009379775,1,5,8,0
35.108333333333334,955.2548605333271,505.3200627288825,3.228489954991711,1,5,8,0
35.11666666666667,955.0354351991999,506.3120531795186,3.190607820656225,1,5,8,0
35.125,955.3544355185924,506.1052848905538,3.212114088353642,1,5,8,0
35.13333333333333,955.312518175867,505.59920327456075,3.22758359330817,1,5,8,0
35.141666666666666,954.8547017230674,505.74973854310656,3.213986515651529,1,5,8,0
35.15,955.483539808641,505.9842308788827,3.2375587594035307,1,5,8,0
35.15833333333333,955.9222095303834,505.29600929288836,3.194497905960492,1,5,8,0
35.166666666666664,956.4452259521072,506.1378558887876,3.2044353529976015,1,5,8,0
35.175,956.3778590367607,505.574510834927,3.220221872187573,1,5,8,0
35.18333333333333,956.2041030095469,505.7488524497513,3.188201586180364,1,5,8,0
35.19166666666667,955.6822278151196,506.33835672821283,3.2218732511542756,1,5,8,0
35.2,955.6473361912608,506.49873351830263,3.2467051811897054,1,5,8,0
35.208333333333336,955.0711124921028,506.81373581754593,3.249211225853742,1,5,8,0
35.21666666666667,954.9946502599913,506.0157505922682,3.238622637830487,1,5,8,0
35.225,955.1696170243499,504.8532099172382,3.250747787088375,1,5,8,0
35.233333333333334,955.6914584576849,504.9512005668593,3.2301445129162296,1,5,8,0
35.24166666666667,954.9679310195281,504.42271462218343,3.2333495916827966,1,5,8,0
35.25,955.4418951732773,504.04016576411675,3.223861491907492,1,5,8,0
35.25833333333333,955.4614477464676,504.4611014739336,3.2371931849634366,1,5,8,0
35.266666666666666,956.0279857401537,504.95922173693185,3.2506007563889203,1,5,8,0
35.275,956.1189398268743,504.46499766611544,3.257565957292645,1,5,8,0
35.28333333333333,957.114159215323,504.41684050398544,3.2474737306269925,1,5,8,0
35.291666666666664,957.3738625898643,503.35787091612906,3.2743358537922065,1,5,8,0
35.3,957.4367039908154,502.5996344541352,3.201681140028811,1,5,8,0
35.30833333333333,956.9814801803291,502.6796109767608,3.2366066115345005,1,5,8,0
35.31666666666667,957.7546555149665,502.0779499284193,3.2542133895713268,1,5,8,0
35.325,957.6653591188194,501.27397477282,3.263379863236618,1,5,8,0
35.333333333333336,957.3554106947987,501.0405004876555,3.2461319943011393,1,5,8,0
35.34166666666667,957.3838410955767,501.4267226664777,3.229941090286557,1,5,8,0
35.35,956.8671285791982,501.2336580209336,3.246563745718012,1,5,8,0
35.358333333333334,956.4592279293319,501.08180327091367,3.2474037932080586,1,5,8,0
35.36666666666667,957.6413987628781,500.94301654275876,3.2549356794751847,1,5,8,0
35.375,957.7235195102564,500.32191325478493,3.245610071035393,1,5,8,0
35.38333333333333,957.5614152041177,499.72434569559675,3.253272434077168,1,5,8,0
35.391666666666666,957.6779038910793,499.5419222845316,3.2591902666507773,1,5,8,0
35.4,957.7595490833224,499.6356006913594,3.2159525267009608,1,5,8,0
35.40833333333333,957.4314445611524,499.3948025014037,3.220241792414734,1,5,8,0
35.416666666666664,957.5404592537658,500.0297249995585,3.2713084278363853,1,5,8,0
35.425,958.2205662393446,499.3443960592816,3.2504295390215048,1,5,8,0
35.43333333333333,958.8916857488709,500.2414349865775,3.260873226082137,1,5,8,0
35.44166666666667,958.978830424146,499.24261244827045,3.2592538848104358,1,5,8,0
35.45,959.1163423261305,499.8261333067395,3.280615385272342,1,5,8,0
35.458333333333336,958.8230535971062,499.52372237865217,3.242981180498459,1,5,8,0
35.46666666666667,958.1678728245587,500.1774900745752,3.232977859740245,1,5,8,0
35.475,958.259888601226,499.89940617366494,3.254421821401723,1,5,8,0
35.483333333333334,958.3937690733292,499.6838472373156,3.2611240062052174,1,5,8,0
35.49166666666667,958.2704318514318,499.17915151863184,3.2649527678143335,1,5,8,0
35.5,957.9503843551558,498.08540613683823,3.238841717579286,1,5,8,0
35.50833333333333,958.1890342849838,498.2053856880682,3.2219508754842185,1,5,8,0
35.516666666666666,957.8953336079499,498.34938053701393,3.2270500080306608,1,5,8,0
35.525,958.1326959229981,498.3273001778968,3.262064989436375,1,5,8,0
35.53333333333333,958.5582877426091,497.74110677929656,3.302371012331646,1,5,8,0
35.541666666666664,958.744918114817,497.02263283930705,3.2710210491966794,1,5,8,0
35.55,959.1270574875923,497.0765258991895,3.2760606578941456,1,5,8,0
35.55833333333333,959.104495467758,496.4971738905367,3.2874613735678664,1,5,8,0
35.56666666666667,958.1181222103769,496.31411160890855,3.272427493480563,1,5,8,0
35.575,958.0444457277187,495.7278805346153,3.231912499302576,1,5,8,0
35.583333333333336,959.0410565145792,495.96855330976143,3.2637908579512005,1,5,8,0
35.59166666666667,959.2656918889203,495.55513644174255,3.284252668063922,1,5,8,0
35.6,958.5242334761286,496.10766623304215,3.2609749459347195,1,5,8,0
35.608333333333334,959.1492638757475,496.7212356720755,3.2743192277743054,1,5,8,0
35.61666666666667,958.9295907663122,496.83095156650387,3.211853596240282,1,5,8,0
35.625,958.6384060704127,497.1265140118362,3.2611826559626764,1,5,8,0
35.63333333333333,959.2328093059705,497.070980636257,3.2861712590320207,1,5,8,0
35.641666666666666,959.917189100943,496.5205928988164,3.2753236470932405,1,5,8,0
35.65,960.6495172431848,497.00037429226353,3.2503957701510315,1,5,8,0
35.65833333333333,960.5752627791322,496.4295353407084,3.273332698989109,1,5,8,0
35.666666666666664,960.5853634305067,497.14370278766256,3.2762364421814953,1,5,8,0
35.675,961.0200612006332,496.92368858996224,3.2809575749855577,1,5,8,0
35.68333333333333,961.035698359834,497.49272262902997,3.2617160485714236,1,5,8,0
35.69166666666667,960.1940922122786,497.043598292139,3.2560592666157273,1,5,8,0
35.7,959.9532512494839,497.31558547176877,3.2524101702528334,1,5,8,0
35.708333333333336,960.1005908589804,498.0468433087141,3.2979390846131102,1,5,8,0
35.71666666666667,960.9277933579693,497.92642567129025,3.277097532255245,1,5,8,0
35.725,961.021527620404,497.8686379198063,3.2800275955456755,1,5,8,0
35.733333333333334,961.4685101947188,498.2060237798658,3.2819617461756443,1,5,8,0
35.74166666666667,961.0892547871189,499.58446373571593,3.2855440282911625,1,5,8,0
35.75,961.7233293849182,499.10466857178795,3.286757773850574,1,5,8,0
35.75833333333333,961.7494192403459,499.2968681525363,3.3077246191852288,1,5,8,0
35.766666666666666,961.8709304894079,499.8264934774234,3.2422718097041145,1,5,8,0
35.775,961.7613468179434,500.3419943147984,3.22965613369306,1,5,8,0
35.78333333333333,961.5965251967034,500.4872589835985,3.2971249776419813,1,5,8,0
35.791666666666664,961.2970360737462,501.19126245863436,3.2771827652241883,1,5,8,0
35.8,961.1082153645162,501.30240961556643,3.2639698654986646,1,5,8,0
35.80833333333333,961.3914550916519,501.45166150633395,3.271068084659165,1,5,8,0
35.81666666666667,961.298407952825,501.57503236837755,3.282097204907862,1,5,8,0
35.825,960.4851016026015,502.45458774755616,3.267407611256763,1,5,8,0
35.833333333333336,960.3404568275472,502.4725780336221,3.30004354342831,1,5,8,0
35.84166666666667,960.1432170650719,503.03878296840503,3.278559560888107,1,5,8,0
35.85,960.5742852851351,502.3650157177891,3.2711986248743554,1,5,8,0
35.858333333333334,960.963382896328,502.0498031396962,3.2602111609967204,1,5,8,0
35.86666666666667,961.4618318502129,502.1040179564235,3.3003007373817663,1,5,8,0
35.875,961.2985545512099,501.9192430263342,3.292560901363801,1,5,8,0
35.88333333333333,961.4254272724501,502.5132499627152,3.264819928666824,1,5,8,0
35.891666666666666,961.5170060936251,502.7645539606214,3.2959818787873694,1,5,8,0
35.9,961.0125420821317,502.51320808594073,3.288812505493262,1,5,8,0
35.90833333333333,961.2902571781565,503.18445817031,3.3018245941350095,1,5,8,0
35.916666666666664,961.2568498164093,503.235970743935,3.3153358310185443,1,5,8,0
35.925,962.3967477275497,502.88816667710523,3.292655621634375,1,5,8,0
35.93333333333333,961.6660376183326,503.01297163829975,3.3144717804650514,1,5,8,0
35.94166666666667,960.5791026147408,503.6288962857818,3.313346627244341,1,5,8,0
35.95,959.8183281430636,503.4621141745932,3.298227671054559,1,5,8,0
35.958333333333336,960.0909759725319,504.03330584334026,3.289347618232154,1,5,8,0
35.96666666666667,959.9892063276961,503.1207624504699,3.327469782069056,1,5,8,0
35.975,960.3242504030201,503.0054334836511,3.3049245291548046,1,5,8,0
35.983333333333334,960.3068916939563,503.0795392374901,3.311425018967848,1,5,8,0
35.99166666666667,959.8394742713236,502.91294006293003,3.2653426521500593,1,5,8,0
36.0,960.5980374099471,502.74738774192133,3.2840437595145007,1,5,8,0
36.00833333333333,961.0082958738753,503.3048880785576,3.323854025578885,1,5,8,0
36.016666666666666,961.1872590311964,504.40814483275165,3.3182660023250268,1,5,8,0
36.025,960.8467669739383,505.235287902055,3.3120004913693295,1,5,8,0
36.03333333333333,960.954364923115,504.91494529240094,3.313348522944292,1,5,8,0
36.041666666666664,960.9783719771514,505.41863017046825,3.344152299783545,1,5,8,0
36.05,960.9809994782302,505.20825377113505,3.2913910561612734,1,5,8,0
36.05833333333333,961.5072452375929,504.8727241630912,3.29997256773962,1,5,8,0
36.06666666666667,961.1680450089297,504.9716208628739,3.2561195710580852,1,5,8,0
36.075,961.0771583060672,504.30984865168597,3.3399504576098273,1,5,8,0
36.083333333333336,961.287595909784,504.06151626536007,3.2938379348586517,1,5,8,0
36.09166666666667,962.1562372800801,504.4845881417016,3.3080979267520516,1,5,8,0
36.1,962.3182041654941,504.39513735723136,3.2766037594401145,1,5,8,0
36.108333333333334,961.6899879558898,504.72201018116573,3.3102756469244596,1,5,8,0
36.11666666666667,961.9801515301754,504.1696063625867,3.2908680707840157,1,5,8,0
36.125,962.1675205208256,504.39857729899916,3.286826641418018,1,5,8,0
36.13333333333333,962.2729014593973,503.8764343297146,3.3058692867216406,1,5,8,0
36.141666666666666,963.4724682833522,504.99778965740467,3.317327019206817,1,5,8,0
36.15,963.3424643258054,505.10070943791925,3.3210169067148096,1,5,8,0
36.15833333333333,963.4468865929522,504.4666572661469,3.321434041865545,1,5,8,0
36.166666666666664,963.5083983654788,505.02023468642153,3.315496580623112,1,5,8,0
36.175,963.5369920039833,505.76715532181805,3.2811506749240165,1,5,8,0
36.18333333333333,963.6450159180312,505.60831229985047,3.280177194000239,1,5,8,0
36.19166666666667,963.8935079161847,506.3020016454344,3.2925832575127214,1,5,8,0
36.2,964.230830859708,505.7875686928979,3.2551592941185943,1,5,8,0
36.208333333333336,965.324976389688,505.4767481451244,3.2919147680485232,1,5,8,0
36.21666666666667,965.2701018193645,505.3352075102371,3.3153667902435435,1,5,8,0
36.225,965.9991211496914,505.5547710443551,3.3091939094778797,1,5,8,0
36.233333333333334,965.789854937651,506.3779770699465,3.3141137094825055,1,5,8,0
36.24166666666667,965.8897601211456,506.26749288073376,3.286914561870261,1,5,8,0
36.25,966.0687887448637,505.99294865906114,3.261368844874755,1,5,8,0
36.25833333333333,966.0355973522214,506.4313117206413,3.306778084879814,1,5,8,0
36.266666666666666,965.856979448651,506.9467841866833,3.3286410298679647,1,5,8,0
36.275,966.2748431731121,506.98632762364707,3.3006759501847647,1,5,8,0
36.28333333333333,966.3502521154744,506.66144595567226,3.287974037596523,1,5,8,0
36.291666666666664,966.8701118297313,506.9344483370367,3.315888563019936,1,5,8,0
36.3,966.896457963675,506.6619454330044,3.3302756091225394,1,5,8,0
36.30833333333333,967.3872295868367,506.6012004385326,3.306865716594206,1,5,8,0
36.31666666666667,966.9270675739558,506.45726257536165,3.3175271532763393,1,5,8,0
36.325,966.2419197485536,505.68314297749527,3.2933453891752196,1,5,8,0
36.333333333333336,966.5319367428599,505.0849897720476,3.3120118459122265,1,5,8,0
36.34166666666667,966.6557010368618,504.9429982223892,3.3079705088604747,1,5,8,0
36.35,967.0708799211686,504.951373127331,3.282824324849611,1,5,8,0
36.358333333333334,966.4668789686,505.64985511798943,3.318464793798881,1,5,8,0
36.36666666666667,966.1413445422988,505.64255424294396,3.308922125539251,1,5,8,0
36.375,965.8230151411235,505.63655036817954,3.279247315090239,1,5,8,0
36.38333333333333,965.607091903095,505.2938744650676,3.308969442292787,1,5,8,0
36.391666666666666,966.1881100485195,505.3104867891004,3.3361797063235095,1,5,8,0
36.4,965.212713580659,504.26708548212684,3.295295487925641,1,5,8,0
36.40833333333333,965.5778633435721,504.66487550449153,3.293983302971085,1,5,8,0
36.416666666666664,965.8599415269043,504.97600992026406,3.264774345445932,1,5,8,0
36.425,965.5359864393506,505.88267784688384,3.3027864423052806,1,5,8,0
36.43333333333333,965.6033763341538,505.9326627090015,3.2820654654679795,1,5,8,0
36.44166666666667,964.991461989139,506.072616221578,3.308343162310641,1,5,8,0
36.45,964.3423016883216,506.470184594779,3.291576082859068,1,5,8,0
36.458333333333336,964.7432810576835,506.01776335565586,3.264457379101443,1,5,8,0
36.46666666666667,964.3082960808194,505.5016126868594,3.270598649904953,1,5,8,0
36.475,965.0223746885338,506.4713392593013,3.2682309933391904,1,5,8,0
36.483333333333334,964.6960531965532,506.7956102933942,3.281771418821918,1,5,8,0
36.49166666666667,964.3308716693703,507.26550704953945,3.299449044086297,1,5,8,0
36.5,964.3050315453426,506.8086472230449,3.314258512188274,1,5,8,0
36.50833333333333,963.719934354239,506.83432791304443,3.278076755038545,1,5,8,0
36.516666666666666,964.6956526325232,506.42339453557884,3.2735877680178875,1,5,8,0
36.525,965.364349208243,505.8435089108983,3.2737105199387244,1,5,8,0
36.53333333333333,964.8996871486993,506.0011245854743,3.2972473541001306,1,5,8,0
36.541666666666664,964.7933041616138,506.73559672580717,3.255601419480175,1,5,8,0
36.55,964.7167648443084,506.7853441154572,3.3036214441274727,1,5,8,0
36.55833333333333,964.0758349155751,506.66942076278804,3.298352269234465,1,5,8,0
36.56666666666667,964.2101889068706,506.93973648883656,3.3156218518589533,1,5,8,0
36.575,964.5326390722074,506.3838295529392,3.2990147387312,1,5,8,0
36.583333333333336,964.2848258880513,506.4599384976052,3.2715787711431963,1,5,8,0
36.59166666666667,964.4379555333206,506.51180823507514,3.2796672530717705,1,5,8,0
36.6,965.1802401442087,506.7279008904672,3.285590917586652,1,5,8,0
36.608333333333334,965.632118590456,506.2438185549544,3.2427106502400234,1,5,8,0
36.61666666666667,965.5163366926944,506.5774404889729,3.281500862119166,1,5,8,0
36.625,965.1983193063229,506.2648987382443,3.313220519329755,1,5,8,0
36.63333333333333,965.1868310750502,506.5360639056123,3.282004114342837,1,5,8,0
36.641666666666666,965.8777845914605,506.06698454470705,3.2757555839946613,1,5,8,0
36.65,966.1724913537337,505.86971591001407,3.2555882900718434,1,5,8,0
36.65833333333333,966.4509912344172,506.5215339711882,3.305305910054621,1,5,8,0
36.666666666666664,966.1637148669807,507.9121501021283,3.263469810526588,1,5,8,0
36.675,965.6848385133427,508.1319677239226,3.295661445716897,1,5,8,0
36.68333333333333,964.9117143761442,508.5460292590187,3.3005024902870046,1,5,8,0
36.69166666666667,964.8565174822264,508.067814178926,3.272293712745524,1,5,8,0
36.7,964.3605361295262,507.549186496269,3.3283244390975866,1,5,8,0
36.708333333333336,964.8134917371277,507.48522965335843,3.2959023756269117,1,5,8,0
36.71666666666667,965.2083273411298,507.12625985695126,3.2989701264799716,1,5,8,0
36.725,966.0386904879625,507.3473324313829,3.3202724296724666,1,5,8,0
36.733333333333334,966.1245286681173,507.30124106078347,3.2766584525727196,1,5,8,0
36.74166666666667,965.9338906704221,507.55703002942903,3.283954508768642,1,5,8,0
36.75,965.918300634251,507.0109136647181,3.28270322819812,1,5,8,0
36.75833333333333,965.6985887857174,507.28593796376396,3.282357035858409,1,5,8,0
36.766666666666666,966.3911847225354,506.5286773611551,3.291568489661036,1,5,8,0
36.775,965.9232381190036,506.5504313389172,3.313855837868784,1,5,8,0
36.78333333333333,966.206722738827,506.6757778460948,3.2871642171606563,1,5,8,0
36.791666666666664,965.8410088383721,506.1727329653143,3.250141782187377,1,5,8,0
36.8,967.081512950625,505.58907848334184,3.276521328955968,1,5,8,0
36.80833333333333,967.0281785379905,505.61063715333273,3.2654251791400664,1,5,8,0
36.81666666666667,967.0101470793993,505.70128786989255,3.269152949762274,1,5,8,0
36.825,967.1572627705416,506.1493306472153,3.283436230634198,1,5,8,0
36.833333333333336,967.5597161728078,506.27559586237265,3.275451712459008,1,5,8,0
36.84166666666667,966.377251629129,506.8166833156065,3.2914189017504656,1,5,8,0
36.85,966.5999018700029,506.206044872687,3.2848305355751486,1,5,8,0
36.858333333333334,965.1921919352476,506.7934023903971,3.232873032592377,1,5,8,0
36.86666666666667,965.2363368534337,506.9476663400106,3.2468451141242833,1,5,8,0
36.875,965.9316689778149,506.43197840304407,3.2683918690394984,1,5,8,0
36.88333333333333,967.1284035590062,506.5111110361586,3.2567045982147427,1,5,8,0
36.891666666666666,966.5915839418094,506.94142016847644,3.290128543191821,1,5,8,0
36.9,965.6588055161258,506.52226034256114,3.236335377440641,1,5,8,0
36.90833333333333,966.7914085810645,507.3094430620584,3.2481190486831664,1,5,8,0
36.916666666666664,966.824262138712,507.22982040002665,3.2514922710415433,1,5,8,0
36.925,966.6858470753612,506.75332069348036,3.264938734689487,1,5,8,0
36.93333333333333,966.896859246408,506.0995233791619,3.294310607018379,1,5,8,0
36.94166666666667,967.4762302067015,505.30230746554486,3.266727606948967,1,5,8,0
36.95,967.6790153163331,505.3966416111389,3.2926082067853506,1,5,8,0
36.958333333333336,967.42495013992,506.0029696956994,3.2675965407309557,1,5,8,0
36.96666666666667,968.2400199426112,506.7410085275985,3.25879904257525,1,5,8,0
36.975,968.2370428567178,506.8891618968828,3.2747134015850645,1,5,8,0
36.983333333333334,967.5691077500162,506.72153351285255,3.295609815720039,1,5,8,0
36.99166666666667,967.2759357650241,506.5780602938336,3.2455216145187533,1,5,8,0
37.0,966.3887684677131,507.1517054488108,3.2594756168929337,1,5,8,0
37.00833333333333,965.9373602438664,507.54963499284867,3.2272858855978224,1,5,8,0
37.016666666666666,966.0688947954134,508.6732195496648,3.2779144006195557,1,5,8,0
37.025,966.3211404639875,508.2181120314003,3.2487158281852335,1,5,8,0
37.03333333333333,965.734228344728,507.6574230730838,3.254529844476613,1,5,8,0
37.041666666666664,965.7770377576004,507.5818658360733,3.252047071764982,1,5,8,0
37.05,966.0980261966879,507.6033870222068,3.2672832631181397,1,5,8,0
37.05833333333333,965.723913576788,506.4860715469911,3.2795026490978563,1,5,8,0
37.06666666666667,965.7797492803505,506.9465554462816,3.2242195453011777,1,5,8,0
37.075,965.3668679223464,506.0923316650141,3.234585307905342,1,5,8,0
37.083333333333336,966.1644895511024,506.3886137367988,3.2440209066028842,1,5,8,0
37.09166666666667,965.7781719850606,506.03914227475883,3.243377981678042,1,5,8,0
37.1,965.8811222171059,505.862144706629,3.25181340598845,1,5,8,0
37.108333333333334,965.6312331673512,505.6730152412082,3.2498363723662087,1,5,8,0
37.11666666666667,965.6692473570213,505.63914061533666,3.262918365726277,1,5,8,0
37.125,966.3920419288805,505.70634367670914,3.2513268419394548,1,5,8,0
37.13333333333333,966.3648087611342,505.5243245000642,3.246927586993052,1,5,8,0
37.141666666666666,966.7695634317829,506.52648168522984,3.250024677800471,1,5,8,0
37.15,967.1455624112075,505.9258020074811,3.2395560267061265,1,5,8,0
37.15833333333333,966.7595939164003,505.9365194200701,3.2539090106446715,1,5,8,0
37.166666666666664,967.1992601660394,505.63954212835887,3.2650225115957525,1,5,8,0
37.175,966.8191716074224,504.75462695101544,3.2433068090643267,1,5,8,0
37.18333333333333,966.4360092873335,505.00939058898075,3.211976886395125,1,5,8,0
37.19166666666667,965.1482810605895,503.6257941755378,3.2082090172592195,1,5,8,0
37.2,964.3759379749274,503.9600799988805,3.218481340216887,1,5,8,0
37.208333333333336,964.617209514643,503.60193480135126,3.2133443535919755,1,5,8,0
37.21666666666667,964.4004955398356,504.0804120761278,3.2208395955729605,1,5,8,0
37.225,964.644519074955,503.17182668986476,3.2276771038761676,1,5,8,0
37.233333333333334,964.9667262820567,503.0930241887161,3.2503430934120265,1,5,8,0
37.24166666666667,964.7209487991469,502.75969333234826,3.2120656123794005,1,5,8,0
37.25,965.5096457009088,502.3830408536603,3.2182654930192958,1,5,8,0
37.25833333333333,965.6654123513354,502.7729933931391,3.2444052539397927,1,5,8,0
37.266666666666666,964.4334212797165,502.7973058041701,3.202826131242577,1,5,8,0
37.275,964.0885234435652,502.4863196065925,3.2397362019247673,1,5,8,0
37.28333333333333,965.0416088207282,502.867006552815,3.2177261574769287,1,5,8,0
37.291666666666664,964.7835316324004,503.17401686363326,3.247594698842755,1,5,8,0
37.3,964.8519063399292,503.7507617887053,3.2154823475927516,1,5,8,0
37.30833333333333,965.5176385433799,503.1166554546166,3.206825603177895,1,5,8,0
37.31666666666667,964.8013518743674,502.90999956249107,3.1931935143379357,1,5,8,0
37.325,964.6863670715134,502.2599435532552,3.2465303375572856,1,5,8,0
37.333333333333336,964.9142058861968,501.4289370519046,3.182703937033532,1,5,8,0
37.34166666666667,964.4248188188278,500.46571392993525,3.2091897609641524,1,5,8,0
37.35,964.7668861307905,501.04443584239203,3.233894374060037,1,5,8,0
37.358333333333334,964.2915188193106,500.7193784292288,3.2141574999844886,1,5,8,0
37.36666666666667,965.1878654970827,500.3843577149286,3.2319843758899447,1,5,8,0
37.375,964.5725623967055,499.7482334781779,3.1815129258304298,1,5,8,0
37.38333333333333,964.7363522445676,499.93526081837746,3.2251852553412586,1,5,8,0
37.391666666666666,965.20004280028,499.38914379871665,3.230910171428262,1,5,8,0
37.4,965.2015798129264,499.5205761453793,3.197059709425505,1,5,8,0
37.40833333333333,965.6845992760606,500.05605364676506,3.196264388177094,1,5,8,0
37.416666666666664,966.2638874111013,499.63584198043,3.208461766212692,1,5,8,0
37.425,966.3174369525221,498.97629755930643,3.1976336763881497,1,5,8,0
37.43333333333333,965.8807877486073,499.23258450336533,3.245386483268064,1,5,8,0
37.44166666666667,965.0493507526826,499.01039402969394,3.2020567556074977,1,5,8,0
37.45,965.5047608675251,499.4331558063985,3.2093487911224345,1,5,8,0
37.458333333333336,965.7057593055439,499.76377864612243,3.2156176615224994,1,5,8,0
37.46666666666667,965.8691561008885,499.90532462789366,3.18111959929085,1,5,8,0
37.475,965.8230622979187,499.7572552694766,3.195225077446847,1,5,8,0
37.483333333333334,965.6331819648253,500.30155357088444,3.1965439221838556,1,5,8,0
37.49166666666667,965.9123351372479,500.31633183053907,3.1969367851581367,1,5,8,0
37.5,966.802089173201,499.9033214947715,3.202679457171551,1,5,8,0
37.50833333333333,967.128138945457,500.3731459660252,3.207568705268043,1,5,8,0
37.516666666666666,966.0672937976054,501.41836529365156,3.2088343077969337,1,5,8,0
37.525,964.9566567766468,501.06821743431726,3.1888674774752173,1,5,8,0
37.53333333333333,964.7875245933215,501.2293459068732,3.1981823833964107,1,5,8,0
37.541666666666664,964.9075669622379,501.1824331254393,3.1937942717036143,1,5,8,0
37.55,965.0091585220158,501.0144924505118,3.2319727385574386,1,5,8,0
37.55833333333333,965.3076922718534,500.8097279075015,3.2131438026659476,1,5,8,0
37.56666666666667,965.6133977943672,500.42321014233295,3.2225103611733514,1,5,8,0
37.575,966.1649134259667,500.11039043980065,3.2119941874802573,1,5,8,0
37.583333333333336,965.3423703348113,499.6825408358727,3.1812044930406924,1,5,8,0
37.59166666666667,966.347925999899,499.5803630835495,3.196827313616109,1,5,8,0
37.6,965.8739945589554,500.3287008939982,3.184180353581479,1,5,8,0
37.608333333333334,965.0262730437743,500.2793901930288,3.1990915405351,1,5,8,0
37.61666666666667,964.6700328738417,499.9088179090354,3.169002303203403,1,5,8,0
37.625,964.0639973249534,499.4217769583586,3.1642204380905397,1,5,8,0
37.63333333333333,963.9582730204513,499.6619065901796,3.163508083929221,1,5,8,0
37.641666666666666,963.7319917381271,500.14074863199454,3.1875815227718567,1,5,8,0
37.65,963.169341298485,500.5682033446767,3.1638174202126352,1,5,8,0
37.65833333333333,963.2079764834805,500.44359774557284,3.194539049016955,1,5,8,0
37.666666666666664,962.7704976635051,500.42348191728524,3.171410938580175,1,5,8,0
37.675,963.3879320022259,499.7557736887674,3.1659932035088665,1,5,8,0
37.68333333333333,962.5977540813333,499.8462980046168,3.1880726320767647,1,5,8,0
37.69166666666667,963.2336760855336,500.474631599821,3.1803031361334555,1,5,8,0
37.7,963.1321921839768,500.98071105107766,3.171682662905531,1,5,8,0
37.708333333333336,962.3261262371899,500.4284794541029,3.1612873520248947,1,5,8,0
37.71666666666667,962.4144651047098,500.37686378073374,3.1788993163406873,1,5,8,0
37.725,962.4360053354551,499.75250671429774,3.1739046368185426,1,5,8,0
37.733333333333334,962.1292051117322,499.9378055446201,3.1952291481450965,1,5,8,0
37.74166666666667,962.0958221009312,499.7480527880289,3.134815710194862,1,5,8,0
37.75,962.2991908094083,499.6267666575209,3.1773793174312934,1,5,8,0
37.75833333333333,962.7793283773309,500.11877000740196,3.196142656766105,1,5,8,0
37.766666666666666,962.5960484480922,500.2053740191943,3.1850615379089433,1,5,8,0
37.775,961.750305796452,500.3082585312293,3.1541631755725814,1,5,8,0
37.78333333333333,961.7610937265396,499.2246343409416,3.1634420435404795,1,5,8,0
37.791666666666664,961.5319543037946,499.11478824479565,3.1598867105585438,1,5,8,0
37.8,962.2028527351712,499.4969960301451,3.163993224383643,1,5,8,0
37.80833333333333,962.8034204895104,499.2808746547627,3.1601727593183573,1,5,8,0
37.81666666666667,962.904440086001,499.59043134171907,3.1372306009623605,1,5,8,0
37.825,963.0855009439844,499.5484349546884,3.1389705803066854,1,5,8,0
37.833333333333336,962.8395210882625,499.44273668179073,3.155389600899089,1,5,8,0
37.84166666666667,963.1173654673526,499.39787454433247,3.1712966774399383,1,5,8,0
37.85,962.8389076893911,499.4121679282309,3.1579572162451575,1,5,8,0
37.858333333333334,961.8932498739495,499.30882173744175,3.1652821948331864,1,5,8,0
37.86666666666667,962.8646581178766,499.21655414940267,3.1598345196549684,1,5,8,0
37.875,962.3900737136867,499.10916746836506,3.1299226979854553,1,5,8,0
37.88333333333333,962.5819444123374,498.3723808800077,3.157314222384304,1,5,8,0
37.891666666666666,962.1653719924172,498.4015108226738,3.172334132357936,1,5,8,0
37.9,962.4619987250888,498.8355970421877,3.174969385847506,1,5,8,0
37.90833333333333,961.6899692679393,498.8103951884829,3.1624720432727,1,5,8,0
37.916666666666664,962.0086410101383,498.3395495743983,3.126445828174415,1,5,8,0
37.925,962.3620675162058,497.8273370734767,3.114123220656787,1,5,8,0
37.93333333333333,962.347927491317,497.5596754347964,3.139011933872442,1,5,8,0
37.94166666666667,962.1410820040646,497.13402065158965,3.1302838929102474,1,5,8,0
37.95,962.0136172888796,497.31307009103165,3.1831210899456126,1,5,8,0
37.958333333333336,961.9239057545262,496.94825566608955,3.1274706452564134,1,5,8,0
37.96666666666667,1329.8666876375814,755.7294557614609,3.156015548251316,1,5,8,0
37.975,1330.2546274221258,755.8664801752806,3.13088370234498,1,5,8,0
37.983333333333334,961.5110581000447,496.27430873729764,3.1724301187659196,1,5,8,0
37.99166666666667,961.290410509418,496.5894326712113,3.158925327177452,1,5,8,0
