t,gx,gy,pupil,valid,subj,trial,label
0.0,960.1234695823944,540.0849242560756,3.1832902050296514,1,2,6,0
0.008333333333333333,960.0062227130513,539.7547131359565,3.2092047053856265,1,2,6,0
0.016666666666666666,960.5977128715411,539.6826064161339,3.2200078659417444,1,2,6,0
0.025,960.3800992792002,538.0985854771519,3.2182705982478668,1,2,6,0
0.03333333333333333,960.324425557424,538.2137109663154,3.209139279722874,1,2,6,0
0.041666666666666664,960.3521470343035,538.6349781366265,3.2050276978116816,1,2,6,0
0.05,961.0869101340277,539.6754972239908,3.183868234966685,1,2,6,0
0.058333333333333334,961.1123086526028,540.1008239649776,3.1908888853547555,1,2,6,0
0.06666666666666667,961.663226906369,540.6856954466699,3.1949607732968732,1,2,6,0
0.075,962.1286412454184,539.9119226344096,3.2571842488388345,1,2,6,0
0.08333333333333333,962.0212363698322,540.0886338222793,3.1734675059227158,1,2,6,0
0.09166666666666666,961.9924736126737,539.2743198165003,3.212441964974687,1,2,6,0
0.1,961.8454500489937,539.0673714502598,3.2266813002449584,1,2,6,0
0.10833333333333334,961.2156821799158,539.4387163911201,3.225004827128097,1,2,6,0
0.11666666666666667,961.1873701620801,539.7812949278728,3.195303046254206,1,2,6,0
0.125,960.3356559337526,539.9557314169297,3.193917685162254,1,2,6,0
0.13333333333333333,960.5269923263301,539.4700125377556,3.185548968805811,1,2,6,0
0.14166666666666666,960.6628932390665,539.1231849804425,3.22743256189527,1,2,6,0
0.15,960.4025402412251,538.9788883656754,3.176117310614503,1,2,6,0
0.15833333333333333,960.4187520502963,538.4806180729295,3.2069764366445415,1,2,6,0
0.16666666666666666,961.168866454478,538.0691359299366,3.2070363441410397,1,2,6,0
0.175,961.429310045146,538.1602546575133,3.2280258361476464,1,2,6,0
0.18333333333333332,961.8951540991354,537.292113634875,3.2613291247976224,1,2,6,0
0.19166666666666668,962.0042495300349,537.0954345097257,3.2366779073239247,1,2,6,0
0.2,962.3328193558713,537.1337651231046,3.1955249857543806,1,2,6,0
0.20833333333333334,961.9733942278809,537.4658318485067,3.2103222646493115,1,2,6,0
0.21666666666666667,961.6424441006089,536.7900142014889,3.21194713482802,1,2,6,0
0.225,962.2110900570909,536.5345449035688,3.2077862865727624,1,2,6,0
0.23333333333333334,962.107562321985,536.7882230550887,3.228379783715621,1,2,6,0
0.24166666666666667,962.2324417820887,536.6714506687997,3.197105323427624,1,2,6,0
0.25,962.088150954963,536.0046571359384,3.2180488659445126,1,2,6,0
0.25833333333333336,962.9126801573005,536.494421614217,3.246338610959252,1,2,6,0
0.26666666666666666,962.902743504095,536.1884015996399,3.2322023721635977,1,2,6,0
0.275,963.0020792281304,536.2293673939866,3.2512452609315208,1,2,6,0
0.2833333333333333,963.3421323340651,536.2907804072181,3.236914440512968,1,2,6,0
0.2916666666666667,962.5837225100753,536.6992740718448,3.220027348067079,1,2,6,0
0.3,962.9148640342265,536.0145218054391,3.22719034422161,1,2,6,0
0.30833333333333335,962.2371097841389,536.16718987224,3.2240679974511384,1,2,6,0
0.31666666666666665,962.5506350585187,536.4351487615073,3.2219798098405654,1,2,6,0
0.325,963.0907958341808,536.3294802124543,3.249129029799526,1,2,6,0
0.3333333333333333,963.009757876546,537.009851367008,3.22438624418639,1,2,6,0
0.3416666666666667,962.7020645354315,536.9463534006976,3.2815657000943173,1,2,6,0
0.35,963.1746277256009,537.312546967786,3.2276226178228415,1,2,6,0
0.35833333333333334,962.9897744255417,536.7179875001584,3.252213522048419,1,2,6,0
0.36666666666666664,962.6160923936804,536.5435038030354,3.259720790942878,1,2,6,0
0.375,962.1812409404961,537.5842477803735,3.238432911617406,1,2,6,0
0.38333333333333336,962.5863710823446,537.3154372471913,3.266057144602869,1,2,6,0
0.39166666666666666,962.2733241396069,537.0048860597802,3.2493321067915986,1,2,6,0
0.4,962.8709183388966,537.2261311842824,3.22020278413644,1,2,6,0
0.4083333333333333,963.1685482191292,537.1008778641256,3.2650980568997903,1,2,6,0
0.4166666666666667,1086.985823575399,907.7347761486002,3.2740055673129067,1,2,6,0
0.425,1086.3557759085938,908.2436429194644,3.2407519128614046,1,2,6,0
0.43333333333333335,962.7779306024702,538.9257976767782,3.240664375976479,1,2,6,0
0.44166666666666665,962.8690890573679,538.841554946714,3.2683416802023832,1,2,6,0
0.45,963.0352841260782,538.8950149783248,3.2819437126774,1,2,6,0
0.4583333333333333,963.1343049698295,539.2642699686917,3.2414523452452197,1,2,6,0
0.4666666666666667,964.0827237944026,539.061219128352,3.2837503137389046,1,2,6,0
0.475,963.6319474355907,538.340641838492,3.308960340510791,1,2,6,0
0.48333333333333334,963.4581961200043,538.1432939083606,3.286167676672357,1,2,6,0
0.49166666666666664,964.0503256861776,539.0239052183067,3.296384414047761,1,2,6,0
0.5,964.6235627674769,538.8682937747116,3.2819052930173247,1,2,6,0
0.5083333333333333,963.2083093614355,539.1654602438189,3.2951961477172786,1,2,6,0
0.5166666666666667,962.7881829498474,538.9990541874586,3.286192390606342,1,2,6,0
0.525,962.8579548535346,539.3504919443166,3.2745163576110543,1,2,6,0
0.5333333333333333,963.1015255245023,538.9220942645775,3.3189440412010303,1,2,6,0
0.5416666666666666,962.6013168334864,538.3092009639033,3.308825038392867,1,2,6,0
0.55,962.5412332444246,538.4308645810771,3.289820072121226,1,2,6,0
0.5583333333333333,962.9751851357114,538.4223005247557,3.3169595449788267,1,2,6,0
0.5666666666666667,962.8059636683454,537.6921883614962,3.30714520514558,1,2,6,0
0.575,962.7462543246127,538.1112041114312,3.3120911817568808,1,2,6,0
0.5833333333333334,963.0245178889104,538.9845456072032,3.300121363447833,1,2,6,0
0.5916666666666667,962.1895131543354,539.7954248314583,3.3528078705093223,1,2,6,0
0.6,962.8595268721116,539.0294868378144,3.3508167442982906,1,2,6,0
0.6083333333333333,963.3485311680762,538.4883558240987,3.301918802512425,1,2,6,0
0.6166666666666667,963.0682002603093,538.14760992907,3.325289780138338,1,2,6,0
0.625,964.2476530008953,538.8260149662317,3.3148075996434816,1,2,6,0
0.6333333333333333,964.4437267119395,538.360697665142,3.3164120521937703,1,2,6,0
0.6416666666666667,964.3803709727133,538.3850596161943,3.3131554636559057,1,2,6,0
0.65,964.0862786981736,539.0501072844071,3.3131839338002487,1,2,6,0
0.6583333333333333,964.4969374583598,538.5058070973632,3.344190128855088,1,2,6,0
0.6666666666666666,964.37222897789,538.6250629084748,3.2874281170539574,1,2,6,0
0.675,963.950077917035,538.4365711396501,3.3600001120303062,1,2,6,0
0.6833333333333333,962.9057176974914,538.2789812625787,3.3139800696564325,1,2,6,0
0.6916666666666667,961.8231166417623,537.757716262096,3.314257469832866,1,2,6,0
0.7,962.4866285734419,537.5912152735015,3.2897237519927143,1,2,6,0
0.7083333333333334,962.9325917907822,537.7594913810879,3.3111037523714213,1,2,6,0
0.7166666666666667,962.3106034651987,536.9046937506256,3.3313373216248117,1,2,6,0
0.725,961.3300845980481,536.983367075253,3.2897333972237153,1,2,6,0
0.7333333333333333,961.5215223052239,537.0338778865189,3.2945192918783466,1,2,6,0
0.7416666666666667,961.4370649070595,537.1038363544745,3.2560063851524035,1,2,6,0
0.75,961.2072944297024,536.6144970348868,3.317791386973856,1,2,6,0
0.7583333333333333,960.7740169448887,536.784779097033,3.298047515095643,1,2,6,0
0.7666666666666667,959.4052302979936,536.876986181503,3.3260829779683405,1,2,6,0
0.775,960.1177346852149,536.6853579102951,3.293302006331661,1,2,6,0
0.7833333333333333,960.5871764881182,536.3447153337391,3.297249563750121,1,2,6,0
0.7916666666666666,961.2400776010066,537.0344202212225,3.3201359074269425,1,2,6,0
0.8,959.8710088471308,537.1054661146361,3.302094317836109,1,2,6,0
0.8083333333333333,960.2146455956705,537.3174008377126,3.2561644966317154,1,2,6,0
0.8166666666666667,960.5903085665167,537.0315863492172,3.281102278661865,1,2,6,0
0.825,960.5825647682218,537.5607177138795,3.268338039960899,1,2,6,0
0.8333333333333334,960.429089558841,537.3149025655192,3.2828993250142813,1,2,6,0
0.8416666666666667,961.5182408607104,537.6583295354811,3.262559108864401,1,2,6,0
0.85,961.9534084830423,537.9464134408082,3.253225858459836,1,2,6,0
0.8583333333333333,962.0506266600702,537.4422065163786,3.2716380350213616,1,2,6,0
0.8666666666666667,962.9093692648635,537.2291487284914,3.2745654155405886,1,2,6,0
0.875,962.8758826628915,536.531057836087,3.3047654731069556,1,2,6,0
0.8833333333333333,962.8253413523252,536.6884776284489,3.2916719196444175,1,2,6,0
0.8916666666666667,962.4980970974252,537.7408910951103,3.273552400922737,1,2,6,0
0.9,962.5882261739031,537.7509357359203,3.332085164338837,1,2,6,0
0.9083333333333333,962.7522189707536,537.5853763948052,3.282528408303988,1,2,6,0
0.9166666666666666,962.6602448415714,537.5294389776491,3.2551672564943512,1,2,6,0
0.925,963.2615512595925,536.7741070559103,3.2996366346914687,1,2,6,0
0.9333333333333333,962.1001525591029,536.7219860724504,3.249478111440685,1,2,6,0
0.9416666666666667,962.1114871198006,536.0132133951354,3.305884653112287,1,2,6,0
0.95,962.1259435527713,535.9082865981503,3.299545585591227,1,2,6,0
0.9583333333333334,961.8972964786755,536.2582932085363,3.2708182900531435,1,2,6,0
0.9666666666666667,961.7638306783259,535.9334716207829,3.3100938660383656,1,2,6,0
0.975,961.7363801073237,536.2679727303712,3.2872241838012854,1,2,6,0
0.9833333333333333,961.881089077247,536.7433426278325,3.3233737314209364,1,2,6,0
0.9916666666666667,961.6944936279673,535.9434558696385,3.286483969383335,1,2,6,0
1.0,962.0329002927483,535.9169505932166,3.312861608468179,1,2,6,0
1.0083333333333333,962.8695460905137,535.7901855966235,3.290765047597512,1,2,6,0
1.0166666666666666,962.7080490955467,536.7865161636325,3.295147113829452,1,2,6,0
1.025,962.1628116539231,536.1886869601909,3.2971196307611246,1,2,6,0
1.0333333333333334,962.3888597989321,536.7705593239338,3.2919217875483247,1,2,6,0
1.0416666666666667,963.1292813128268,536.0084696203463,3.306465740560654,1,2,6,0
1.05,962.5008518219092,536.0543575872332,3.2534144573092645,1,2,6,0
1.0583333333333333,963.0653916909375,536.1629869443261,3.281401451004884,1,2,6,0
1.0666666666666667,963.5482240909012,536.5163042625855,3.2914521585508583,1,2,6,0
1.075,962.9933215099194,536.7211239090033,3.254199366555243,1,2,6,0
1.0833333333333333,962.8892175253937,537.2419319496013,3.3048182672685757,1,2,6,0
1.0916666666666666,962.7407184807274,537.5953104172487,3.290383978888524,1,2,6,0
1.1,962.619413754035,536.5149725710756,3.2799812811991793,1,2,6,0
1.1083333333333334,962.5072510498728,536.2166185873245,3.2831539661199916,1,2,6,0
1.1166666666666667,961.9060215751185,535.6060597813016,3.25996957444551,1,2,6,0
1.125,962.8040308636657,536.0135227481009,3.317249307231182,1,2,6,0
1.1333333333333333,963.4563644594894,536.4879504520553,3.295840633784594,1,2,6,0
1.1416666666666666,963.2035539873142,536.2770001282261,3.3257253814481786,1,2,6,0
1.15,963.6767514042942,536.7876014233751,3.279479907841075,1,2,6,0
1.1583333333333334,963.7543378555127,537.8281664530934,3.3276507189562596,1,2,6,0
1.1666666666666667,964.001540338761,537.8297520865923,3.299289311655635,1,2,6,0
1.175,964.7005305252213,537.8026602820878,3.3147099146599794,1,2,6,0
1.1833333333333333,965.1569199157873,537.0969312592836,3.321592679616826,1,2,6,0
1.1916666666666667,964.8594883875335,537.5621132002959,3.274832086190194,1,2,6,0
1.2,964.9727298643975,537.9916503483466,3.2956573825349045,1,2,6,0
1.2083333333333333,965.2032917665792,537.747907462217,3.3314224194764495,1,2,6,0
1.2166666666666666,966.17800767948,538.6280274108486,3.272377318586545,1,2,6,0
1.225,967.0911328995403,538.5156220145116,3.2838979391586047,1,2,6,0
1.2333333333333334,966.764769725306,538.5872833233557,3.350094390980051,1,2,6,0
1.2416666666666667,967.0422159242614,537.7171112729362,3.2796372587541756,1,2,6,0
1.25,967.3735449492854,538.2918639841889,3.293588101588397,1,2,6,0
1.2583333333333333,966.2596390688084,537.6285815489722,3.273447215039363,1,2,6,0
1.2666666666666666,965.7936313113655,537.2843651193813,3.2913258910011516,1,2,6,0
1.275,965.0950368657552,536.976684797324,3.2886317625404273,1,2,6,0
1.2833333333333334,965.5056635505713,536.9232157647388,3.275600892721786,1,2,6,0
1.2916666666666667,966.0448152484065,536.4641390528357,3.290253081382889,1,2,6,0
1.3,966.0668379796373,535.9098879882994,3.322615829640367,1,2,6,0
1.3083333333333333,965.849885524452,536.345151475844,3.314278391560742,1,2,6,0
1.3166666666666667,965.6217414433709,536.7664104837003,3.283023243003337,1,2,6,0
1.325,965.4898186012994,536.8759868381208,3.2733719891641986,1,2,6,0
1.3333333333333333,965.142588057022,537.6156987405366,3.3021792890553496,1,2,6,0
1.3416666666666666,963.5694275521421,538.0009917863691,3.3092529680304827,1,2,6,0
1.35,963.6770428395128,537.8480538491285,3.284270088696517,1,2,6,0
1.3583333333333334,963.3133842887303,538.1740275494649,3.3125649855911825,1,2,6,0
1.3666666666666667,963.1134828352291,538.2770515149168,3.3126208867421876,1,2,6,0
1.375,963.4799737774424,538.6278966347105,3.256600404004481,1,2,6,0
1.3833333333333333,963.9961747381362,538.1443773424243,3.2950307406961246,1,2,6,0
1.3916666666666666,964.6598646696906,538.0006975854723,3.323448544625586,1,2,6,0
1.4,964.661661571978,537.9389419754032,3.304298065957415,1,2,6,0
1.4083333333333334,964.3189986049124,538.0674702531301,3.288241963481018,1,2,6,0
1.4166666666666667,964.1311921956649,538.4312891402615,3.294724760882214,1,2,6,0
1.425,964.425657007324,538.4447050408634,3.300618556679012,1,2,6,0
1.4333333333333333,964.9154059222777,537.9842446258457,3.30222748737652,1,2,6,0
1.4416666666666667,964.6586455225715,538.1964470660613,3.2971311726328847,1,2,6,0
1.45,965.3792511207255,538.5330343537119,3.29096395910096,1,2,6,0
1.4583333333333333,965.0042509436294,537.4900200844725,3.299678816191651,1,2,6,0
1.4666666666666666,965.2670674229237,536.5663666460631,3.2910630363165465,1,2,6,0
1.475,965.3549859921038,536.6468864586176,3.2786261083398607,1,2,6,0
1.4833333333333334,964.5689407163969,536.8530179536896,3.2962693809035066,1,2,6,0
1.4916666666666667,964.5822960644406,536.8486288199247,3.267473182760344,1,2,6,0
1.5,964.5311047490289,536.5143101577954,3.286957671969422,1,2,6,0
1.5083333333333333,964.0828166386423,536.0697323230622,3.31697877376439,1,2,6,0
1.5166666666666666,963.7255291731055,536.1652456596446,3.268234602084775,1,2,6,0
1.525,964.2037462231415,535.9662713546311,3.3179243085733465,1,2,6,0
1.5333333333333334,964.5669030221646,536.3017611132487,3.310141400078284,1,2,6,0
1.5416666666666667,963.7874013876376,536.3739446082576,3.2874293420625795,1,2,6,0
1.55,965.0454052794582,536.6927947301003,3.348547193990276,1,2,6,0
1.5583333333333333,964.4619705880191,536.3485126539393,3.2882530597568835,1,2,6,0
1.5666666666666667,963.6400266409792,536.8366777970764,3.268321205037356,1,2,6,0
1.575,964.0254448525596,537.0521369577646,3.278310025174193,1,2,6,0
1.5833333333333333,964.5361033301689,537.7064216330622,3.2918569617725355,1,2,6,0
1.5916666666666666,1166.5723664631805,692.7918491206009,3.313397253274139,1,2,6,0
1.6,1166.8274740442243,692.902146971512,3.2798547909360094,1,2,6,0
1.6083333333333334,964.7766617909574,539.0501871315442,3.2826586443599504,1,2,6,0
1.6166666666666667,964.9514388825887,539.876816267143,3.271129990748839,1,2,6,0
1.625,965.306629947009,539.8651249750054,3.3068881364885367,1,2,6,0
1.6333333333333333,965.7570558823903,540.5197527867476,3.2753169706366903,1,2,6,0
1.6416666666666666,965.5356065700591,540.1281475069737,3.305367253006379,1,2,6,0
1.65,965.0661114333008,540.045995297293,3.289207180197129,1,2,6,0
1.6583333333333334,965.1998649462193,540.7236852013708,3.241716420295232,1,2,6,0
1.6666666666666667,964.9095381801534,540.9163316687282,3.2795113625414505,1,2,6,0
1.675,966.0983849641704,540.6632909891839,3.2924782018593497,1,2,6,0
1.6833333333333333,966.5685718882257,541.2376066318759,3.2559413247144766,1,2,6,0
1.6916666666666667,966.9798360119036,541.4428897308588,3.25716977316908,1,2,6,0
1.7,967.0034237087781,541.5658999618914,3.2752933658545698,1,2,6,0
1.7083333333333333,967.1176771283584,540.9857619372148,3.3095043092251677,1,2,6,0
1.7166666666666666,966.5071205619829,540.5911737314148,3.2475344259422196,1,2,6,0
1.725,965.8294895723872,540.2629220326074,3.273781733020774,1,2,6,0
1.7333333333333334,965.3699016776098,540.8673008416393,3.2790255858337662,1,2,6,0
1.7416666666666667,964.9469346651916,540.3053774517497,3.303035420057461,1,2,6,0
1.75,965.0525846001655,541.1764039814873,3.242371349548487,1,2,6,0
1.7583333333333333,964.7966421207301,541.5948181572862,3.325141518121902,1,2,6,0
1.7666666666666666,964.6397166161549,540.9818637075872,3.2754998651979155,1,2,6,0
1.775,964.5300017384048,540.1607244478175,3.2561439446964076,1,2,6,0
1.7833333333333334,964.9220521409915,540.7235843389712,3.2885783300755955,1,2,6,0
1.7916666666666667,965.65548028528,540.9022147846032,3.305099188094465,1,2,6,0
1.8,965.205732398776,540.0504088167073,3.2601868055915424,1,2,6,0
1.8083333333333333,965.3840070056821,539.6125669525137,3.2752271977434964,1,2,6,0
1.8166666666666667,965.7893036345592,540.641553331523,3.2866750597569374,1,2,6,0
1.825,966.3766853107352,541.4791058622025,3.278231707629755,1,2,6,0
1.8333333333333333,966.2512252127981,541.8141724102468,3.2913500074024524,1,2,6,0
1.8416666666666666,966.0206075330832,541.2887805220342,3.250172484678237,1,2,6,0
1.85,966.3448208685485,540.7752503686471,3.302568474263552,1,2,6,0
1.8583333333333334,965.9507713657539,540.3170848045808,3.2216939596135403,1,2,6,0
1.8666666666666667,965.6157959455439,540.2892315654581,3.2941467582391524,1,2,6,0
1.875,966.8549086911081,538.9588051370135,3.268337227663123,1,2,6,0
1.8833333333333333,967.7959332171323,539.1007811428556,3.2617690291386467,1,2,6,0
1.8916666666666666,967.244813148583,538.4505295866536,3.293916635377528,1,2,6,0
1.9,966.0543393808623,538.7094968394831,3.2879088607964073,1,2,6,0
1.9083333333333334,966.5044136901604,538.7738956797099,3.2547340492347496,1,2,6,0
1.9166666666666667,966.7518517996454,538.298527476983,3.2379734396945135,1,2,6,0
1.925,966.9972588790788,538.300164988153,3.291903932756929,1,2,6,0
1.9333333333333333,966.8336978788873,538.4936481333444,3.2635768475322884,1,2,6,0
1.9416666666666667,967.0903803418905,538.6280441770001,3.285395613061193,1,2,6,0
1.95,967.023857588445,538.0162206623514,3.277039436624402,1,2,6,0
1.9583333333333333,967.2907594717606,538.7181222848039,3.2535014171922194,1,2,6,0
1.9666666666666666,966.6402693470448,538.950928781708,3.273439836420174,1,2,6,0
1.975,966.9561143338099,539.1247015599963,3.235469221624469,1,2,6,0
1.9833333333333334,967.2922431928187,539.2557853222681,3.2733995913112977,1,2,6,0
1.9916666666666667,967.180624177517,539.1811106171492,3.280916972041368,1,2,6,0
2.0,966.2774728807852,539.7116165661164,3.2589621598171545,1,2,6,0
2.0083333333333333,966.0253952206114,540.0371340730337,3.2550258774177023,1,2,6,0
2.0166666666666666,966.5516895697704,540.4625675335851,3.2239971985913103,1,2,6,0
2.025,965.9232266937348,540.0971427928919,3.2728106294828914,1,2,6,0
2.033333333333333,965.9687968078778,540.1735875980991,3.2180683372575376,1,2,6,0
2.0416666666666665,966.2673132055075,540.176256812992,3.2347743290307953,1,2,6,0
2.05,965.7141795379847,540.6388892307943,3.2607413810447947,1,2,6,0
2.058333333333333,966.1943514165573,540.9205597462969,3.2266142513509593,1,2,6,0
2.066666666666667,965.8683910736254,541.1227988219568,3.2468829729608517,1,2,6,0
2.075,966.0874380361809,541.6313034285424,3.2469505248517816,1,2,6,0
2.0833333333333335,966.5736407247397,541.8539695039201,3.2381014585349557,1,2,6,0
2.091666666666667,966.4979391155233,542.2166384741845,3.2574069290204988,1,2,6,0
2.1,967.3482843228004,542.7392337317583,3.2090275914488124,1,2,6,0
2.1083333333333334,967.411071706062,541.9313656134894,3.2411706761869126,1,2,6,0
2.1166666666666667,724.1865460180117,781.8998966539933,3.243350204966876,1,2,6,0
2.125,724.0892389175189,783.0425248493664,3.2662910562289094,1,2,6,0
2.1333333333333333,967.2380365892049,542.706712265827,3.2396471857885847,1,2,6,0
2.1416666666666666,967.166433809336,542.3455069249462,3.2681402628055096,1,2,6,0
2.15,967.2803555734904,542.2186014112024,3.2524923398269867,1,2,6,0
2.158333333333333,967.0935642728713,542.250852811487,3.2740657048085446,1,2,6,0
2.1666666666666665,967.127518780972,542.5680678461622,3.2820648313118252,1,2,6,0
2.175,966.9132033611328,543.026808792566,3.218945030001635,1,2,6,0
2.183333333333333,966.2861157677302,543.4967847962178,3.231082221152476,1,2,6,0
2.191666666666667,966.388904115528,543.6276505652285,3.2352056569008782,1,2,6,0
2.2,965.412585490207,543.8789201523983,3.262569045036265,1,2,6,0
2.2083333333333335,965.7200518656582,543.9891359463662,3.201107954331726,1,2,6,0
2.216666666666667,966.0903464512648,543.9112391395234,3.2198046741013724,1,2,6,0
2.225,966.2631834327713,544.4408930626101,3.2358806513590777,1,2,6,0
2.2333333333333334,965.9786486902813,543.3136506886185,3.217148139854215,1,2,6,0
2.2416666666666667,965.868375137443,543.0743974522265,3.2304666444903805,1,2,6,0
2.25,966.7199928590766,542.9538919859694,3.251993441648649,1,2,6,0
2.2583333333333333,966.5404566414451,542.876292763643,3.214694045661325,1,2,6,0
2.2666666666666666,966.7946495395994,542.6240862221202,3.2235294334087614,1,2,6,0
2.275,966.9050778754886,543.0375563129315,3.2330818494847184,1,2,6,0
2.283333333333333,968.004479451546,543.2293366059921,3.228413416993028,1,2,6,0
2.2916666666666665,969.0786602377569,543.205076164647,3.2464169138311147,1,2,6,0
2.3,968.4646682885701,543.5713588600361,3.236693850816414,1,2,6,0
2.308333333333333,969.5031774267503,543.3793742742996,3.2383768112491396,1,2,6,0
2.316666666666667,970.1444468564528,543.9512695305017,3.243798749495961,1,2,6,0
2.325,969.99676978898,543.8853742404223,3.207979454028445,1,2,6,0
2.3333333333333335,970.1728285011948,543.5624235790201,3.2201703085513156,1,2,6,0
2.341666666666667,970.047475777628,543.571118662069,3.241256883187854,1,2,6,0
2.35,969.7226029504175,543.4475243903415,3.18678773940144,1,2,6,0
2.3583333333333334,970.5664817416188,544.1626280683104,3.2053455420025356,1,2,6,0
2.3666666666666667,970.3607994637545,542.6777422251462,3.21435864991016,1,2,6,0
2.375,970.653550996973,541.9158346240212,3.203656724571954,1,2,6,0
2.3833333333333333,971.0604832889683,541.7709605536309,3.230775992266087,1,2,6,0
2.3916666666666666,971.5997720492538,541.3755946583051,3.211657969256965,1,2,6,0
2.4,971.1694095898052,540.4495857033745,3.2193696205533264,1,2,6,0
2.408333333333333,971.2078690174641,540.6212087156752,3.2255714290701927,1,2,6,0
2.4166666666666665,970.1174873419767,539.7530486875436,3.202967747782258,1,2,6,0
2.425,969.7977710442208,539.3923482146453,3.24341674605995,1,2,6,0
2.433333333333333,970.0520744661184,539.3582726455537,3.2069473270436704,1,2,6,0
2.441666666666667,969.5346056967763,539.720953781954,3.2045142618795075,1,2,6,0
2.45,969.6178863749275,540.0066252461446,3.2106520770668805,1,2,6,0
2.4583333333333335,969.1564014275093,539.5029081009935,3.1847965194376706,1,2,6,0
2.466666666666667,968.6782155451019,539.62551279882,3.222597495988764,1,2,6,0
2.475,969.3916325079244,540.546217396631,3.2282505051182038,1,2,6,0
2.4833333333333334,969.3406732523121,540.6686607598397,3.1942485662519338,1,2,6,0
2.4916666666666667,968.8800381033454,541.6152898494014,3.213257487186244,1,2,6,0
2.5,968.7649327592741,541.0735714028748,3.2183079539967503,1,2,6,0
2.5083333333333333,968.183234529868,542.2036143150098,3.2172916952693704,1,2,6,0
2.5166666666666666,968.4405175153763,542.0553106778127,3.199519802601132,1,2,6,0
2.525,969.2171726051012,541.413592702841,3.2300500902830733,1,2,6,0
2.533333333333333,969.3633258746054,540.8546518479835,3.179850487667843,1,2,6,0
2.5416666666666665,968.3300064942094,541.3944168123393,3.208722546194405,1,2,6,0
2.55,969.2883915686698,542.4242543733139,3.1808537984561305,1,2,6,0
2.558333333333333,969.5505769418793,542.6917133660883,3.2036967449995686,1,2,6,0
2.566666666666667,970.3726601062223,541.7037448096065,3.162794330742812,1,2,6,0
2.575,970.597068092849,541.4992583429347,3.1989813226209947,1,2,6,0
2.5833333333333335,970.1458804499132,541.4649434722538,3.1993562267228177,1,2,6,0
2.591666666666667,970.5537069839562,541.9826625940199,3.2241297138265703,1,2,6,0
2.6,970.6146501420693,541.9874467575917,3.1972476377366505,1,2,6,0
2.6083333333333334,970.2096214762101,541.6509052642919,3.1713923126009176,1,2,6,0
2.6166666666666667,970.0391770006398,541.3998940677168,3.210437319090776,1,2,6,0
2.625,970.2151395491145,542.1644764854323,3.2129338987301344,1,2,6,0
2.6333333333333333,970.49004296154,542.5689836530588,3.1878806496109804,1,2,6,0
2.6416666666666666,970.5780296469719,543.2810502212761,3.1874259192694843,1,2,6,0
2.65,970.7489718330035,543.05364102487,3.1661584868214914,1,2,6,0
2.658333333333333,970.3006469210083,541.9783700015953,3.188905659822054,1,2,6,0
2.6666666666666665,970.4819894664066,541.9440811037841,3.1664724085745286,1,2,6,0
2.675,970.9685890279504,541.8707051917152,3.1603461890408964,1,2,6,0
2.683333333333333,971.5480315652828,542.2667172513617,3.153122019098043,1,2,6,0
2.691666666666667,972.0512493793238,542.5554233228166,3.2040791199359524,1,2,6,0
2.7,972.22012662379,542.057811279192,3.1835025664924372,1,2,6,0
2.7083333333333335,972.3364835822139,542.0758997381142,3.1953669553860373,1,2,6,0
2.716666666666667,971.7009710054717,541.605365541141,3.1572517384725436,1,2,6,0
2.725,971.6026747866781,541.5581229308486,3.188232938837712,1,2,6,0
2.7333333333333334,971.6460962541595,541.7232047367062,3.165515656143753,1,2,6,0
2.7416666666666667,972.018639046688,541.122136420511,3.13590751454201,1,2,6,0
2.75,972.0920723168584,541.5694950075258,3.1551295142982045,1,2,6,0
2.7583333333333333,973.4008727627114,541.1447918491511,3.155949119688158,1,2,6,0
2.7666666666666666,973.520056516796,542.6712816683313,3.1954305047758935,1,2,6,0
2.775,973.376723707847,542.2506186784972,3.1841131088242913,1,2,6,0
2.783333333333333,973.5639286932872,542.0011734706956,3.143465391132182,1,2,6,0
2.7916666666666665,973.6089357580731,541.9188649446806,3.1832260209158667,1,2,6,0
2.8,973.5253359623233,541.1834708685169,3.1753006544419025,1,2,6,0
2.808333333333333,972.5943054938481,541.6176035492057,3.1790237476597922,1,2,6,0
2.816666666666667,972.9348518315193,541.9102718864,3.1494858940115478,1,2,6,0
2.825,972.7812549295994,541.9958503197272,3.1831116137350817,1,2,6,0
2.8333333333333335,972.362447461414,541.304975142377,3.1417137394293246,1,2,6,0
2.841666666666667,973.1952367414082,540.8728556664407,3.1790111096270492,1,2,6,0
2.85,971.8496557538398,541.2872490163643,3.159579626525618,1,2,6,0
2.8583333333333334,972.2762092001603,541.4470853832496,3.1775259157100324,1,2,6,0
2.8666666666666667,971.940914273277,541.4410024210869,3.1544664596149623,1,2,6,0
2.875,971.9473059336258,541.1367624872832,3.1512946068617453,1,2,6,0
2.8833333333333333,971.8305026893329,540.4757113519755,3.152363544418959,1,2,6,0
2.8916666666666666,971.7404007285456,540.8633947207601,3.167132781398846,1,2,6,0
2.9,972.5415091625176,540.8470654020563,3.1522898096933765,1,2,6,0
2.908333333333333,973.0060047000132,541.6955435689904,3.157532497243747,1,2,6,0
2.9166666666666665,972.0534141090203,541.737793309995,3.1423773179000842,1,2,6,0
2.925,971.5833429076931,542.2756311084211,3.14234016958169,1,2,6,0
2.933333333333333,970.753639787828,541.9700124907924,3.148486143982792,1,2,6,0
2.941666666666667,971.255611768909,542.0197483967481,3.149315419066052,1,2,6,0
2.95,970.0693869329665,542.0469932993483,3.1363832750198983,1,2,6,0
2.9583333333333335,970.4483529830623,541.9709191777665,3.145795209704038,1,2,6,0
2.966666666666667,971.4140325563159,542.5459172638607,3.142494107971675,1,2,6,0
2.975,971.5721223192448,542.5712880782911,3.1228264316889582,1,2,6,0
2.9833333333333334,972.017083089835,542.8732615088951,3.1143505293768965,1,2,6,0
2.9916666666666667,970.8727459300655,542.5352551443261,3.132876322245234,1,2,6,0
3.0,970.4641507550934,542.7125721709399,3.1399147342085407,1,2,6,0
3.0083333333333333,970.4969027043692,541.8772960202648,3.1348840846118593,1,2,6,0
3.0166666666666666,970.1872510076362,542.5481770178087,3.127065159673155,1,2,6,0
3.025,969.5865569196109,542.6418007936059,3.150830570053658,1,2,6,0
3.033333333333333,969.686158024433,543.3849919011102,3.12848848550918,1,2,6,0
3.0416666666666665,969.8116316965267,543.7423754268751,3.1694557205513894,1,2,6,0
3.05,969.2212319007057,543.3090025107359,3.1234323290094697,1,2,6,0
3.058333333333333,968.5772657172677,543.3500362077933,3.169913160461376,1,2,6,0
3.066666666666667,968.7292356862106,543.3735301998764,3.1380406678084323,1,2,6,0
3.075,969.0354510757197,542.8324883152911,3.1292246869243754,1,2,6,0
3.0833333333333335,970.1585115715111,543.2632855809602,3.1377008759226253,1,2,6,0
3.091666666666667,970.6522212376046,543.4023617271467,3.147605055382064,1,2,6,0
3.1,970.5216725089379,543.6723860337814,3.1268326785286744,1,2,6,0
3.1083333333333334,969.9510228812356,543.8040051703366,3.1251137400838775,1,2,6,0
3.1166666666666667,970.5901041399696,544.3095061968888,3.1573858898079985,1,2,6,0
3.125,970.6501244880055,544.5904862437271,3.13150335729267,1,2,6,0
3.1333333333333333,970.3377991075464,544.7753548128804,3.107740746872657,1,2,6,0
3.1416666666666666,970.2527247166797,544.3676475667118,3.138371611579188,1,2,6,0
3.15,970.4633971009357,544.6747155918093,3.1271559067454118,1,2,6,0
3.158333333333333,971.122529180586,544.9292708640054,3.156788948562464,1,2,6,0
3.1666666666666665,971.2948157069225,544.7461460236531,3.1331565209761285,1,2,6,0
3.175,970.8203436383575,544.2898602296351,3.1037449781348707,1,2,6,0
3.183333333333333,971.1446144821085,543.6023645844898,3.1315486471250615,1,2,6,0
3.191666666666667,971.3158165282923,543.9267475352922,3.086903747243967,1,2,6,0
3.2,970.6330168827744,543.8382340912498,3.1230456384705927,1,2,6,0
3.2083333333333335,970.6259287534975,543.7436745423464,3.096552853680713,1,2,6,0
3.216666666666667,804.2666425424524,480.5146460387555,3.094560536046846,1,2,6,0
3.225,804.9196565118077,480.2819556160108,3.095601158743,1,2,6,0
3.2333333333333334,970.7594862583502,543.8128524767574,3.104867111795881,1,2,6,0
3.2416666666666667,970.7775726533847,544.2747266883357,3.1198948978828316,1,2,6,0
3.25,970.5243771344142,544.8802394485157,3.131259687408071,1,2,6,0
3.2583333333333333,969.4186267228595,543.6791722357141,3.117175538902754,1,2,6,0
3.2666666666666666,969.8329283529666,544.039176078757,3.114246814705896,1,2,6,0
3.275,969.5227264292789,544.2692430848073,3.120780030567646,1,2,6,0
3.283333333333333,968.5664481791625,544.804937772109,3.094642753934727,1,2,6,0
3.2916666666666665,967.5921866381103,545.4004730538857,3.1193184213380882,1,2,6,0
3.3,966.5880957615619,545.3206966825346,3.1420514537745774,1,2,6,0
3.308333333333333,966.1680923266243,544.7587064421366,3.1260644010060465,1,2,6,0
3.316666666666667,965.9751137797739,543.239511577474,3.107566640220913,1,2,6,0
3.325,965.9606774675092,542.8395225988149,3.0980187332967226,1,2,6,0
3.3333333333333335,966.6389753520899,542.5905324677927,3.0826931007288945,1,2,6,0
3.341666666666667,966.931055654437,543.5100488074078,3.128514557546899,1,2,6,0
3.35,967.4708559870847,542.4207714774852,3.1173430850159702,1,2,6,0
3.3583333333333334,967.9057222514366,543.1581109131424,3.096410806970349,1,2,6,0
3.3666666666666667,967.4147000807246,543.3652901280636,3.128635973664274,1,2,6,0
3.375,967.7524598222941,543.0964776290099,3.138915873541415,1,2,6,0
3.3833333333333333,967.6703885580587,543.3192758128558,3.0927665726781246,1,2,6,0
3.3916666666666666,966.969516283181,543.8189065183692,3.097841179521743,1,2,6,0
3.4,966.3801481319508,543.7697835917821,3.107592594582395,1,2,6,0
3.408333333333333,966.5295503546351,543.8245816773651,3.114321047424805,1,2,6,0
3.4166666666666665,966.385653693798,543.3855136681623,3.136975033982723,1,2,6,0
3.425,966.7607707167904,543.8987791592708,3.114807942328794,1,2,6,0
3.433333333333333,966.7131692274721,543.6181037124662,3.1343854964576705,1,2,6,0
3.441666666666667,966.720073427236,543.1144582364592,3.09689651093573,1,2,6,0
3.45,965.8815316178514,543.6789719301686,3.1029264064879567,1,2,6,0
3.4583333333333335,965.7743007073051,543.328377049707,3.090701632301422,1,2,6,0
3.466666666666667,965.5600773282353,543.0416543052653,3.0852049022937478,1,2,6,0
3.475,966.3859935637996,543.1399654742751,3.07570506175067,1,2,6,0
3.4833333333333334,967.797859187575,544.0299216658827,3.118818288065912,1,2,6,0
3.4916666666666667,966.5371117809501,544.566665583119,3.1083346201021453,1,2,6,0
3.5,965.7947687908141,544.0885748617721,3.106897852550454,1,2,6,0
3.5083333333333333,966.2300327065228,544.2218886581561,3.105681720409159,1,2,6,0
3.5166666666666666,966.3919682035202,543.9332084496552,3.082601388361927,1,2,6,0
3.525,965.9866407417995,543.6229147848953,3.1436651919414036,1,2,6,0
3.533333333333333,966.0108645086772,543.1054472841153,3.087357140361187,1,2,6,0
3.5416666666666665,965.697783087487,543.2116275441265,3.142615639941395,1,2,6,0
3.55,964.898733180527,543.7505898969099,3.058022510040597,1,2,6,0
3.558333333333333,965.2583340862428,544.1686068735402,3.060834080049926,1,2,6,0
3.566666666666667,966.1638527673667,544.2529744322644,3.07595501389673,1,2,6,0
3.575,964.9881651057523,543.8072559668337,3.0965479028299208,1,2,6,0
3.5833333333333335,965.7874305150985,543.5099210889389,3.1049504534765657,1,2,6,0
3.591666666666667,965.2593835034261,543.0893511045467,3.122134531444634,1,2,6,0
3.6,966.3919632635799,542.626483845408,3.0985982711014013,1,2,6,0
3.6083333333333334,966.3150572649005,542.2580145995483,3.080910269636505,1,2,6,0
3.6166666666666667,967.5020107346344,542.4388542483363,3.1623532834474797,1,2,6,0
3.625,967.3190255748603,542.7332322022585,3.075596182984399,1,2,6,0
3.6333333333333333,966.7766950311933,542.7193996466158,3.0925510926832467,1,2,6,0
3.6416666666666666,966.3412877767068,542.9696213571569,3.0739303585260402,1,2,6,0
3.65,967.1196698472053,543.0531644456897,3.0951169642116736,1,2,6,0
3.658333333333333,967.3036781146766,543.3154548542853,3.0774321114070418,1,2,6,0
3.6666666666666665,967.3094639367168,543.5407995057087,3.1275419414351537,1,2,6,0
3.675,965.3377947179204,542.4994499603081,3.067029625310335,1,2,6,0
3.683333333333333,965.7563908078286,542.3667076948395,3.1235125367618526,1,2,6,0
3.691666666666667,965.9984986575665,542.1023598781949,3.1431556387289277,1,2,6,0
3.7,964.5514406303936,541.1397972367814,3.094329323512168,1,2,6,0
3.7083333333333335,963.8937521013228,540.89761379471,3.1068714904384125,1,2,6,0
3.716666666666667,964.4452161788096,540.6540062926365,3.1142747689475723,1,2,6,0
3.725,964.5322931019427,540.9342436286605,3.103811990957762,1,2,6,0
3.7333333333333334,964.8376692895536,541.239866863952,3.0753152875803162,1,2,6,0
3.7416666666666667,965.1312636317901,540.5517142417057,3.0846711795647184,1,2,6,0
3.75,965.1411744314412,540.7300155789068,3.1040339118678104,1,2,6,0
3.7583333333333333,964.5165939608542,540.1697762163518,3.0929596242248194,1,2,6,0
3.7666666666666666,964.4406165423754,539.8094364291555,3.120087532933357,1,2,6,0
3.775,964.4438805484955,539.5943952613252,3.079089745035594,1,2,6,0
3.783333333333333,964.041183061961,539.647844774278,3.1079972039014874,1,2,6,0
3.7916666666666665,964.1492635220136,538.9962512043736,3.100436669897529,1,2,6,0
3.8,963.7799294742094,538.332014679636,3.1075311526333755,1,2,6,0
3.808333333333333,963.4669240675169,539.1235704212087,3.0634744338790956,1,2,6,0
3.816666666666667,963.771980786547,539.3319684502071,3.105584286400883,1,2,6,0
3.825,963.8093775516058,538.9913731886411,3.082075009529606,1,2,6,0
3.8333333333333335,963.5636394587854,538.8660279065067,3.104245144944219,1,2,6,0
3.841666666666667,963.4757899755532,537.928885524653,3.0897191077126136,1,2,6,0
3.85,963.030265286071,538.8364200448237,3.0917379671748333,1,2,6,0
3.8583333333333334,964.0705642522952,538.8050950307467,3.090988082114859,1,2,6,0
3.8666666666666667,964.2294229663892,538.4968902187824,3.0780507459417685,1,2,6,0
3.875,963.75269173325,537.8371482302638,3.0986339773841776,1,2,6,0
3.8833333333333333,,,,0,2,6,0
3.8916666666666666,,,,0,2,6,0
3.9,,,,0,2,6,0
3.908333333333333,,,,0,2,6,0
3.9166666666666665,,,,0,2,6,0
3.925,,,,0,2,6,0
3.933333333333333,,,,0,2,6,0
3.941666666666667,,,,0,2,6,0
3.95,,,,0,2,6,0
3.9583333333333335,,,,0,2,6,0
3.966666666666667,,,,0,2,6,0
3.975,,,,0,2,6,0
3.9833333333333334,,,,0,2,6,0
3.9916666666666667,,,,0,2,6,0
4.0,,,,0,2,6,0
4.008333333333334,,,,0,2,6,0
4.016666666666667,,,,0,2,6,0
4.025,,,,0,2,6,0
4.033333333333333,,,,0,2,6,0
4.041666666666667,,,,0,2,6,0
4.05,,,,0,2,6,0
4.058333333333334,,,,0,2,6,0
4.066666666666666,962.3165278502527,537.662043224404,3.1469998524766507,1,2,6,0
4.075,962.0827025459996,537.8307149358375,3.1043437855316993,1,2,6,0
4.083333333333333,962.225602974505,538.7771057694162,3.1160510367669545,1,2,6,0
4.091666666666667,963.0304113541746,537.8524019203973,3.1359352955546043,1,2,6,0
4.1,962.7431612237975,537.5524171248032,3.1063828664654882,1,2,6,0
4.108333333333333,962.2567012479551,536.9617283763158,3.082990341678109,1,2,6,0
4.116666666666666,961.854608238847,537.564286428512,3.0843187519619653,1,2,6,0
4.125,961.8063873605768,537.9172629473528,3.107674055304321,1,2,6,0
4.133333333333334,962.3171856839026,537.5307707453373,3.1152874377818778,1,2,6,0
4.141666666666667,961.7195805205032,537.7323463593187,3.116808127040457,1,2,6,0
4.15,961.647533071821,537.444475911745,3.1013193915189623,1,2,6,0
4.158333333333333,961.6604787080004,538.0380876814219,3.1475378210641725,1,2,6,0
4.166666666666667,960.8747873674387,538.3624202801246,3.134251631512403,1,2,6,0
4.175,960.4962794640281,538.6616262988676,3.1304225710478435,1,2,6,0
4.183333333333334,959.8408060140825,538.3919231533246,3.1148857676019532,1,2,6,0
4.191666666666666,959.1038132312076,538.5483781426634,3.1056022309466527,1,2,6,0
4.2,959.6606974654503,538.7048900990461,3.1464162608576705,1,2,6,0
4.208333333333333,960.1037811051851,538.642136788355,3.1149895812411637,1,2,6,0
4.216666666666667,960.3524440430856,539.1438166473786,3.1349185450097803,1,2,6,0
4.225,960.7759179311123,539.1007379257362,3.105839324228697,1,2,6,0
4.233333333333333,961.1539692406864,539.1761506076733,3.1184740370934674,1,2,6,0
4.241666666666666,961.1846452652701,538.6290752159885,3.0647418650843257,1,2,6,0
4.25,960.719860324658,538.8866380888225,3.096881094009856,1,2,6,0
4.258333333333334,961.0392693232744,539.325746072866,3.11791161119843,1,2,6,0
4.266666666666667,960.9041917311453,539.6472493408812,3.1036163811865696,1,2,6,0
4.275,961.0989569187425,540.1358252535548,3.0975635284129064,1,2,6,0
4.283333333333333,961.8155033092687,539.5847746728557,3.1225631462604673,1,2,6,0
4.291666666666667,962.1547833438734,539.421090955531,3.1136405616773652,1,2,6,0
4.3,962.625625056805,538.8043993777644,3.1198962071398357,1,2,6,0
4.308333333333334,962.2352747009384,538.1881438495615,3.093471469712222,1,2,6,0
4.316666666666666,961.7879972827326,537.6561362386963,3.1354849075415716,1,2,6,0
4.325,960.0199262957653,538.2024735057579,3.0747646782481186,1,2,6,0
4.333333333333333,959.4136645111208,538.1552370347765,3.1170881215455863,1,2,6,0
4.341666666666667,959.1846465587402,538.6822795910849,3.1531406687765773,1,2,6,0
4.35,959.5926367239716,539.0354016336164,3.1449071993405426,1,2,6,0
4.358333333333333,959.1086406020509,538.9673565950783,3.1083608754227456,1,2,6,0
4.366666666666666,958.803466857817,539.5519451781292,3.118211873194705,1,2,6,0
4.375,958.9883520336898,538.2949277273534,3.131544680363327,1,2,6,0
4.383333333333334,958.9743659201259,538.4641613180772,3.136996677968682,1,2,6,0
4.391666666666667,958.645589972496,537.8392419035856,3.1238585930791114,1,2,6,0
4.4,958.3209099048057,537.7983394917399,3.1742142372892466,1,2,6,0
4.408333333333333,958.900130603909,538.7011318593795,3.1175327837565168,1,2,6,0
4.416666666666667,958.751947513221,539.821835709033,3.1231257270618453,1,2,6,0
4.425,959.1046046533764,539.8034547531254,3.1599664496982927,1,2,6,0
4.433333333333334,959.6910225223875,540.2462605572279,3.170243901500717,1,2,6,0
4.441666666666666,959.1293445954972,540.8669759853699,3.144722485044342,1,2,6,0
4.45,959.0495696388291,541.1708963358693,3.1131084039414514,1,2,6,0
4.458333333333333,960.1612813888221,540.8116083278819,3.14591685956033,1,2,6,0
4.466666666666667,960.848501109737,539.8662196992759,3.1488918490914832,1,2,6,0
4.475,960.5663077838144,539.5625631525033,3.1220619603832533,1,2,6,0
4.483333333333333,961.3215340703564,540.030683717622,3.14504837306848,1,2,6,0
4.491666666666666,961.3443656130746,540.2042189040748,3.1336929765526285,1,2,6,0
4.5,961.7651059425276,540.5250923480586,3.1099386169691234,1,2,6,0
4.508333333333334,961.8331909824152,540.1293960234061,3.1456493866971273,1,2,6,0
4.516666666666667,962.046038626452,540.4313738357554,3.152929215401646,1,2,6,0
4.525,962.8311987753128,540.4057427445927,3.169873327998221,1,2,6,0
4.533333333333333,963.0714678783797,540.3173560457384,3.172181005175923,1,2,6,0
4.541666666666667,962.558980186222,539.2258076787784,3.14818947012208,1,2,6,0
4.55,962.2364379794543,538.8179431650384,3.129838600303259,1,2,6,0
4.558333333333334,962.5627174379592,538.8345593798713,3.1239108723672913,1,2,6,0
4.566666666666666,962.1758208046381,538.670375435872,3.1495513475193158,1,2,6,0
4.575,962.1551683700242,538.7025253580061,3.141549944597155,1,2,6,0
4.583333333333333,962.307233730528,538.757444506744,3.156579347740817,1,2,6,0
4.591666666666667,963.0316032286009,538.9202713107458,3.137977608017557,1,2,6,0
4.6,962.4875171414685,539.1540933548383,3.1247180807271104,1,2,6,0
4.608333333333333,962.3587044929226,539.2281621449531,3.168202050845083,1,2,6,0
4.616666666666666,962.7227523535315,539.4953083239681,3.1516617802740137,1,2,6,0
4.625,961.9996822477071,538.5354865495951,3.168603550039381,1,2,6,0
4.633333333333334,962.8057992807206,538.4011105180126,3.1335015850365147,1,2,6,0
4.641666666666667,963.0018383383017,538.4382440227262,3.14302226482274,1,2,6,0
4.65,962.5847617595106,539.5732980121384,3.1609529089275408,1,2,6,0
4.658333333333333,962.8291181126101,539.9780312496255,3.1428819508829267,1,2,6,0
4.666666666666667,962.6820873898761,539.0768886577669,3.1551201061217586,1,2,6,0
4.675,963.8873645289879,538.7827704402742,3.1692410181868857,1,2,6,0
4.683333333333334,963.5957162123117,538.3967408466566,3.1479131577313595,1,2,6,0
4.691666666666666,963.7725070110097,538.6232149770407,3.1644120543009495,1,2,6,0
4.7,963.6326913927353,538.8176659517198,3.137694150917802,1,2,6,0
4.708333333333333,963.6976530827717,539.1667009165318,3.1771701370048873,1,2,6,0
4.716666666666667,963.8670709585314,539.1909470180913,3.160877180702152,1,2,6,0
4.725,963.2997805292902,538.4683784367681,3.1620477581342112,1,2,6,0
4.733333333333333,963.5368792694591,539.0357137966162,3.1684086838857204,1,2,6,0
4.741666666666666,964.2723193900401,538.5418473772547,3.1793094961001898,1,2,6,0
4.75,964.8017176498264,539.2626065151633,3.143303461544697,1,2,6,0
4.758333333333334,964.8702807633578,540.3568882347691,3.1736731649080685,1,2,6,0
4.766666666666667,964.8426985505059,540.8483606454155,3.1615331454882423,1,2,6,0
4.775,964.5345218486852,540.9232991740206,3.1712298489079207,1,2,6,0
4.783333333333333,965.1424640873872,541.0896377528378,3.186436596406318,1,2,6,0
4.791666666666667,965.8348127446534,541.0995384207239,3.185991060756074,1,2,6,0
4.8,965.8726761227582,541.8553427199324,3.1619362999255918,1,2,6,0
4.808333333333334,965.9897139844257,542.5407349939968,3.1671431147930305,1,2,6,0
4.816666666666666,966.9433364416428,542.6086397692028,3.1887527184452455,1,2,6,0
4.825,967.221353805397,543.3488177661932,3.1831066808565773,1,2,6,0
4.833333333333333,966.8375321609126,543.147600516871,3.157166053653225,1,2,6,0
4.841666666666667,967.3894986841285,543.0614137545194,3.1505300707172146,1,2,6,0
4.85,967.8594234139533,543.5300633152754,3.162545571527252,1,2,6,0
4.858333333333333,968.2850571739232,543.4303122165264,3.191546998347088,1,2,6,0
4.866666666666666,968.7370432700116,543.1652559537716,3.1891460572520254,1,2,6,0
4.875,968.8001797129099,543.0893436166828,3.1694764750774804,1,2,6,0
4.883333333333334,967.9972898216466,542.3434278392557,3.1801054184251405,1,2,6,0
4.891666666666667,967.5458139091462,542.2868337540317,3.2055201662766555,1,2,6,0
4.9,968.1442918183421,542.0872679589162,3.175186038754396,1,2,6,0
4.908333333333333,968.019481163684,542.2925854271001,3.2322877565329544,1,2,6,0
4.916666666666667,968.9998882707467,542.5262676201808,3.1990451538151388,1,2,6,0
4.925,969.0891054773999,541.9870208789669,3.1750721676138776,1,2,6,0
4.933333333333334,968.9840433865384,541.9058918329011,3.211682863265445,1,2,6,0
4.941666666666666,969.2438837613846,542.2949695775128,3.1621157119790055,1,2,6,0
4.95,969.5911278569266,542.6158256455999,3.2090687548622103,1,2,6,0
4.958333333333333,968.9025165834279,543.4488704037537,3.1888941776384607,1,2,6,0
4.966666666666667,969.6930087976925,543.2147063390589,3.162900023763105,1,2,6,0
4.975,969.229515857331,543.0023784303918,3.2113600365529344,1,2,6,0
4.983333333333333,968.2760507765955,542.0910195222732,3.1979142101504543,1,2,6,0
4.991666666666666,968.781295471179,541.3027608830637,3.24984062104552,1,2,6,0
5.0,968.6910893208668,539.9797187172214,3.2017377805695206,1,2,6,0
5.008333333333334,968.8545914642775,540.2860753029088,3.1985315428252084,1,2,6,0
5.016666666666667,967.9303672016443,540.1228248722105,3.178391478757679,1,2,6,0
5.025,968.106092826631,540.2626534875326,3.264736327746918,1,2,6,0
5.033333333333333,967.6684918866466,540.3767567445705,3.171298831085577,1,2,6,0
5.041666666666667,967.5359647757008,541.073714545452,3.252012385435944,1,2,6,0
5.05,967.1788239164656,541.1575736473492,3.1881541742187505,1,2,6,0
5.058333333333334,,,,0,2,6,0
5.066666666666666,,,,0,2,6,0
5.075,,,,0,2,6,0
5.083333333333333,,,,0,2,6,0
5.091666666666667,,,,0,2,6,0
5.1,,,,0,2,6,0
5.108333333333333,,,,0,2,6,0
5.116666666666666,,,,0,2,6,0
5.125,,,,0,2,6,0
5.133333333333334,,,,0,2,6,0
5.141666666666667,,,,0,2,6,0
5.15,,,,0,2,6,0
5.158333333333333,,,,0,2,6,0
5.166666666666667,,,,0,2,6,0
5.175,,,,0,2,6,0
5.183333333333334,,,,0,2,6,0
5.191666666666666,,,,0,2,6,0
5.2,,,,0,2,6,0
5.208333333333333,,,,0,2,6,0
5.216666666666667,,,,0,2,6,0
5.225,,,,0,2,6,0
5.233333333333333,,,,0,2,6,0
5.241666666666666,,,,0,2,6,0
5.25,966.7692583564512,542.4928507510367,3.239458240255052,1,2,6,0
5.258333333333334,967.0585462331431,543.071855073253,3.245573496791097,1,2,6,0
5.266666666666667,967.7499661480199,543.85306969233,3.2153309664504595,1,2,6,0
5.275,967.9144384759493,543.6344890247107,3.2350475689316305,1,2,6,0
5.283333333333333,968.3358955913225,543.1325686547299,3.2385003677567785,1,2,6,0
5.291666666666667,968.5650313667835,542.7357299009201,3.2073494006800587,1,2,6,0
5.3,968.904808068582,543.7474173100401,3.2160206488853995,1,2,6,0
5.308333333333334,968.8822531408337,544.5071293513705,3.240796206831526,1,2,6,0
5.316666666666666,968.7035023289704,544.9051285725666,3.252309986532648,1,2,6,0
5.325,968.3382617067609,544.6932578007847,3.2692706850931823,1,2,6,0
5.333333333333333,968.401401476878,544.3572097923126,3.2938587313599608,1,2,6,0
5.341666666666667,968.3234993119019,544.2718749954461,3.2310929730524633,1,2,6,0
5.35,967.7226161490362,544.7978903783127,3.2370298825156976,1,2,6,0
5.358333333333333,967.2047212689425,545.1151763571129,3.2392862255638666,1,2,6,0
5.366666666666666,967.2882565121652,544.576995633222,3.270238711343357,1,2,6,0
5.375,967.1427787800092,544.7893831821219,3.270415359526979,1,2,6,0
5.383333333333334,967.2435967146876,545.1141398923327,3.281199335845824,1,2,6,0
5.391666666666667,966.9227828689379,544.7664041817662,3.2421546636779683,1,2,6,0
5.4,967.2371294086363,544.8304703840321,3.25392848093022,1,2,6,0
5.408333333333333,967.2238084560448,544.9132932228885,3.2838600935073368,1,2,6,0
5.416666666666667,967.9225374228757,544.5615077452603,3.3033755232451556,1,2,6,0
5.425,968.0291872366532,544.7962413188949,3.29821081966947,1,2,6,0
5.433333333333334,968.290309903186,544.6872809486028,3.2561779915074096,1,2,6,0
5.441666666666666,968.2821771446863,545.3050779653813,3.3112268514249936,1,2,6,0
5.45,969.3009900247537,544.6277297291791,3.3050826295517246,1,2,6,0
5.458333333333333,970.0706549113166,545.214188566019,3.318073962528949,1,2,6,0
5.466666666666667,970.1182755076634,545.3581635436428,3.2939145951149,1,2,6,0
5.475,969.5548369769944,545.8960170788621,3.2896668747400906,1,2,6,0
5.483333333333333,969.6608249848153,546.1176604694978,3.3013693426374857,1,2,6,0
5.491666666666666,969.4743245518963,545.9735139818574,3.3113826012429,1,2,6,0
5.5,969.4337668160642,546.4094944719344,3.293423227679015,1,2,6,0
5.508333333333334,969.7376661623069,546.5951375433697,3.310775844688696,1,2,6,0
5.516666666666667,969.4411313548144,547.196789994467,3.3116587616531135,1,2,6,0
5.525,969.8034155606534,546.9695962642924,3.326790301969351,1,2,6,0
5.533333333333333,969.8559099965084,546.5709520783814,3.362065265423699,1,2,6,0
5.541666666666667,970.3847852227868,547.023258431282,3.3128308815332943,1,2,6,0
5.55,969.7724237868905,546.5708147231085,3.2870455651512005,1,2,6,0
5.558333333333334,969.9183037785128,546.0856570725732,3.325875219905909,1,2,6,0
5.566666666666666,968.671059436253,545.8067060577671,3.3127031095409483,1,2,6,0
5.575,967.942196739386,546.7093366575803,3.3087093895883317,1,2,6,0
5.583333333333333,968.0498228421568,546.6186693483628,3.3046465721398373,1,2,6,0
5.591666666666667,967.5828304658772,548.2239552071236,3.3150093882285883,1,2,6,0
5.6,967.119900683873,548.6469247311869,3.315603935779211,1,2,6,0
5.608333333333333,967.291050478009,548.8937045812847,3.295433170508811,1,2,6,0
5.616666666666666,966.3123406537952,549.3214655478457,3.3104937632265834,1,2,6,0
5.625,966.1592477538134,549.5622017082553,3.331679733180285,1,2,6,0
5.633333333333334,966.0338667856375,549.8106531605642,3.3072191092704903,1,2,6,0
5.641666666666667,965.9641102482011,549.9606721802131,3.313953156138632,1,2,6,0
5.65,966.4018825754113,550.9224505764516,3.319269575422964,1,2,6,0
5.658333333333333,966.6196392628826,551.2143619356116,3.2998450928355902,1,2,6,0
5.666666666666667,966.6921460566166,550.6597832678221,3.3051145854437385,1,2,6,0
5.675,966.5507548722769,550.3717205958421,3.30806879969254,1,2,6,0
5.683333333333334,966.8748955785613,549.4551572352827,3.2935225713097376,1,2,6,0
5.691666666666666,967.1182202023938,549.8520889639434,3.2928408573858494,1,2,6,0
5.7,966.5826766635208,549.9689791888441,3.3274977180872103,1,2,6,0
5.708333333333333,966.8771225959554,549.3790469008903,3.315258438481105,1,2,6,0
5.716666666666667,967.320267772346,549.8093344792422,3.307693699166103,1,2,6,0
5.725,968.1702394323634,549.8309697516426,3.2817895279136797,1,2,6,0
5.733333333333333,967.959780352046,549.6105962646529,3.27904063713421,1,2,6,0
5.741666666666666,967.2628035821472,549.452407065105,3.287546549496201,1,2,6,0
5.75,967.5576710742931,549.0955284557081,3.2953188119158177,1,2,6,0
5.758333333333334,966.8273210448864,548.714273277111,3.280965112571546,1,2,6,0
5.766666666666667,966.7484671148688,548.7974753850195,3.2608094842555926,1,2,6,0
5.775,966.5369876646444,549.096611942008,3.297820582791485,1,2,6,0
5.783333333333333,966.110068765068,549.1665443489426,3.330455344303451,1,2,6,0
5.791666666666667,967.0104658105788,548.6254896691906,3.2795446141928104,1,2,6,0
5.8,966.9088461967685,549.922819576845,3.269372789869486,1,2,6,0
5.808333333333334,967.2368714050943,550.5567458492175,3.2821097383198117,1,2,6,0
5.816666666666666,966.3437707657358,550.422021071022,3.315099345395455,1,2,6,0
5.825,966.531049451603,549.8717468693027,3.2770914386915835,1,2,6,0
5.833333333333333,966.6821480425933,550.4869492531335,3.309533448548946,1,2,6,0
5.841666666666667,966.8840604709052,549.6270960164017,3.27264648829074,1,2,6,0
5.85,965.9611043636843,549.5852960606645,3.2529825937792354,1,2,6,0
5.858333333333333,965.6202614991722,549.6668824055034,3.3079379881896256,1,2,6,0
5.866666666666666,965.511606533629,550.0453932931698,3.284318366562033,1,2,6,0
5.875,965.7921137302917,549.9119085239794,3.3101357999416106,1,2,6,0
5.883333333333334,966.6289302234079,549.5857551892013,3.288285465121457,1,2,6,0
5.891666666666667,965.5740575048401,549.2489075531372,3.263289956566722,1,2,6,0
5.9,966.5638446885443,548.6579823424294,3.2828279225369017,1,2,6,0
5.908333333333333,965.7838522853876,549.4726825456204,3.281425047073558,1,2,6,0
5.916666666666667,966.466718231472,549.4628950597177,3.316342423329424,1,2,6,0
5.925,965.7467733610913,549.1517265595653,3.26743374369062,1,2,6,0
5.933333333333334,966.1612482203508,548.5507015421551,3.302244845583768,1,2,6,0
5.941666666666666,965.9768191177542,549.2298794279467,3.2782843797950574,1,2,6,0
5.95,966.0864186265455,549.5806045978736,3.2741043197292234,1,2,6,0
5.958333333333333,965.9769694945386,549.9793467051896,3.308638586875577,1,2,6,0
5.966666666666667,965.3819678563491,549.1050186050875,3.278721277066654,1,2,6,0
5.975,965.9097532119589,549.4995083938364,3.265144537733236,1,2,6,0
5.983333333333333,965.3218264585664,549.4383005082656,3.3260180989434156,1,2,6,0
5.991666666666666,965.585467648092,549.8168978903684,3.3235849533727744,1,2,6,0
6.0,965.6660857648706,549.8255749811486,3.25705128018961,1,2,6,0
6.008333333333334,966.5828671372263,549.5282207952989,3.308022494878277,1,2,6,0
6.016666666666667,966.5999421282871,549.2966042560313,3.290280217500386,1,2,6,0
6.025,966.4673687995199,549.6850935236137,3.3269477479426106,1,2,6,0
6.033333333333333,965.9769995999311,549.3919827494778,3.295743652173935,1,2,6,0
6.041666666666667,965.9391409763028,548.6492215450473,3.3124794558345796,1,2,6,0
6.05,966.5859274541751,549.3104607854565,3.3071957943942794,1,2,6,0
6.058333333333334,966.4846713834339,549.3397139122607,3.2864811239776275,1,2,6,0
6.066666666666666,966.5388495990869,548.7334495258879,3.3079850437158025,1,2,6,0
6.075,967.6039357379809,548.901827819984,3.327834127637404,1,2,6,0
6.083333333333333,967.1606009596644,548.561636296726,3.2993350520636318,1,2,6,0
6.091666666666667,968.1562767643256,548.4103066891204,3.3252841248988005,1,2,6,0
6.1,968.5198747214206,548.9150093846914,3.3348797871150726,1,2,6,0
6.108333333333333,968.856338763255,549.2267409806403,3.271816850332415,1,2,6,0
6.116666666666666,969.0542512441591,549.0499001988948,3.289962793866563,1,2,6,0
6.125,969.599070905594,549.3191517247641,3.2891380798875978,1,2,6,0
6.133333333333334,969.4568314501287,549.0755998842467,3.294208176307226,1,2,6,0
6.141666666666667,968.7748966743111,549.0250643589184,3.320493604551326,1,2,6,0
6.15,969.4547112741438,549.2168029283536,3.263214372799584,1,2,6,0
6.158333333333333,969.9281376509231,549.8744689179201,3.2713710934519793,1,2,6,0
6.166666666666667,970.2886251799143,549.9539755185291,3.3170656671173493,1,2,6,0
6.175,970.7411140718218,549.7462805205754,3.302028893728875,1,2,6,0
6.183333333333334,970.9985767678356,550.2424106396486,3.3108218898750352,1,2,6,0
6.191666666666666,971.6184227751247,550.2298051089881,3.295427945360911,1,2,6,0
6.2,970.6522940257862,550.4494094594015,3.3051511096584263,1,2,6,0
6.208333333333333,970.935380611976,550.9989146446197,3.3003685984320943,1,2,6,0
6.216666666666667,971.0458370665733,550.3041470827952,3.2786849617901983,1,2,6,0
6.225,971.6841723788515,550.6413568952073,3.2817932766179503,1,2,6,0
6.233333333333333,971.5528049092576,550.4030152048855,3.259622103051804,1,2,6,0
6.241666666666666,971.5972553730224,550.8591009504939,3.31553283562258,1,2,6,0
6.25,971.5002473080415,550.1006633950972,3.3279010069514667,1,2,6,0
6.258333333333334,971.173161585314,550.2975519902477,3.2930016053289943,1,2,6,0
6.266666666666667,970.898760773722,550.6061511879601,3.2851535954884663,1,2,6,0
6.275,970.6810512085536,550.8555065631042,3.2866101571804935,1,2,6,0
6.283333333333333,969.840640211871,550.7576254165534,3.3031755194244354,1,2,6,0
6.291666666666667,969.3880271071628,550.5002687068495,3.309367274101188,1,2,6,0
6.3,970.0145694754738,549.738408670514,3.2864391797803125,1,2,6,0
6.308333333333334,969.1714047653318,550.0133740006031,3.305236986292624,1,2,6,0
6.316666666666666,969.6709580880522,550.5349854602779,3.28469760188977,1,2,6,0
6.325,969.3671730613661,550.3549056601119,3.298213196147486,1,2,6,0
6.333333333333333,969.4189569471456,549.9373585319555,3.302425070395119,1,2,6,0
6.341666666666667,969.4386324440356,550.0950032702415,3.2781695123927057,1,2,6,0
6.35,969.4218184044947,550.2445404222792,3.3008606320507483,1,2,6,0
6.358333333333333,969.8213033434697,550.2048076763408,3.291924723844755,1,2,6,0
6.366666666666666,970.201627997978,550.3428122075957,3.3215187550171295,1,2,6,0
6.375,969.9370250306447,549.4571497549223,3.3258700090110764,1,2,6,0
6.383333333333334,968.8908791704816,549.2645648404414,3.3360630733830137,1,2,6,0
6.391666666666667,969.1604221334774,549.3752934469975,3.2645642333919307,1,2,6,0
6.4,969.2099770297897,549.2347262847281,3.2927521294834095,1,2,6,0
6.408333333333333,969.44661777933,549.0222608698324,3.285077210276549,1,2,6,0
6.416666666666667,970.2902513072454,548.7344374611034,3.3339075094745714,1,2,6,0
6.425,970.9514893485253,548.9091532135815,3.293644855193574,1,2,6,0
6.433333333333334,970.7446735036448,548.4767182823882,3.2958275614009036,1,2,6,0
6.441666666666666,970.6804756749056,548.6986754523651,3.3098260337619703,1,2,6,0
6.45,971.0300304370787,548.7079696710692,3.2543571570032674,1,2,6,0
6.458333333333333,971.2092764504911,548.5651695047361,3.3002230452753993,1,2,6,0
6.466666666666667,971.0494786190332,548.7284985541866,3.2980244958603513,1,2,6,0
6.475,970.8615402080967,548.8222439875341,3.28962075306266,1,2,6,0
6.483333333333333,970.137201130796,549.660731738949,3.2713107287182903,1,2,6,0
6.491666666666666,970.6563534691703,550.2189635483898,3.2767625248801,1,2,6,0
6.5,970.0867661530872,550.3280971267768,3.302432159347946,1,2,6,0
6.508333333333334,969.775692009449,549.104941372281,3.2821125202929613,1,2,6,0
6.516666666666667,970.5685828048393,548.3027647878594,3.2991202535170276,1,2,6,0
6.525,970.4431931758519,549.2618243004965,3.289617376025673,1,2,6,0
6.533333333333333,970.4290979106405,549.2860695602111,3.334720552791416,1,2,6,0
6.541666666666667,970.1825210163189,549.2463211637947,3.316346788963278,1,2,6,0
6.55,970.4843185700687,548.7357259943783,3.2841624801301887,1,2,6,0
6.558333333333334,970.2229037653693,548.781930528007,3.2683376311360575,1,2,6,0
6.566666666666666,970.1268481996738,549.2336990662812,3.2938621521550604,1,2,6,0
6.575,969.8236763008745,549.5974575372774,3.2841664758003724,1,2,6,0
6.583333333333333,969.3950489842683,549.6714774997615,3.2950096027189577,1,2,6,0
6.591666666666667,968.9443697527713,549.7841296310365,3.275935097053452,1,2,6,0
6.6,968.2800106874913,549.3767418099537,3.288199967963727,1,2,6,0
6.608333333333333,968.4659719762152,548.767967819753,3.309270572264464,1,2,6,0
6.616666666666666,967.7602203815552,548.3175951200487,3.2954012895223643,1,2,6,0
6.625,967.9598452897402,548.2867395089064,3.26871234311594,1,2,6,0
6.633333333333334,968.1818844089532,548.9517135588353,3.2756908415485775,1,2,6,0
6.641666666666667,967.7334405550149,549.047320145183,3.296012944642561,1,2,6,0
6.65,967.8431643664114,548.3525831658653,3.2751373868741265,1,2,6,0
6.658333333333333,968.7389366800036,548.1725122913789,3.2644044150764784,1,2,6,0
6.666666666666667,968.4465309585025,548.6469616680369,3.301994868592495,1,2,6,0
6.675,967.3996160278202,548.3288011374651,3.284178397453184,1,2,6,0
6.683333333333334,967.7835950756818,548.0792769568011,3.2836801425257858,1,2,6,0
6.691666666666666,966.892403924474,548.0522196472054,3.272158913024065,1,2,6,0
6.7,967.2610745715648,548.2519085904254,3.283649511967347,1,2,6,0
6.708333333333333,967.5181155083889,548.9646286872861,3.280899577168114,1,2,6,0
6.716666666666667,967.3956014954053,548.9186814482505,3.276847662582026,1,2,6,0
6.725,966.5942602502668,549.1985078431699,3.284529263937736,1,2,6,0
6.733333333333333,966.486784882172,549.8457387456223,3.270080126798708,1,2,6,0
6.741666666666666,966.660456565952,549.7183755401342,3.270066638200774,1,2,6,0
6.75,966.2169527744187,549.5904261795575,3.2882564279604174,1,2,6,0
6.758333333333334,965.9930957144945,549.7201977186356,3.275119307212704,1,2,6,0
6.766666666666667,966.1447642396497,549.5413202017966,3.284328351796606,1,2,6,0
6.775,965.9768505137207,549.0184586405136,3.2763741268246713,1,2,6,0
6.783333333333333,966.2779213446726,549.402184956436,3.2954186819446925,1,2,6,0
6.791666666666667,965.4844578777024,548.880574128553,3.296710320744856,1,2,6,0
6.8,965.7769855305089,548.9229935045354,3.300941051148934,1,2,6,0
6.808333333333334,965.6156082191453,548.7671548403043,3.2682103948271934,1,2,6,0
6.816666666666666,965.7682364008855,548.9400895829444,3.2693269076554423,1,2,6,0
6.825,966.2823798343609,549.2935914939834,3.291646465751447,1,2,6,0
6.833333333333333,965.8010418843344,549.251934577433,3.2763181428107866,1,2,6,0
6.841666666666667,966.0437136118418,549.7892271229888,3.304829556699859,1,2,6,0
6.85,965.276505398072,548.8307270207681,3.25908961610917,1,2,6,0
6.858333333333333,966.0639870754196,549.1642165192146,3.2832142973716825,1,2,6,0
6.866666666666666,965.5913682437726,550.0414874611672,3.2688269499986196,1,2,6,0
6.875,965.2876236888341,549.6808408970066,3.243692036937108,1,2,6,0
6.883333333333334,965.9241233806816,549.21483639258,3.282332032412167,1,2,6,0
6.891666666666667,965.8504403239294,549.094051258798,3.267905364518153,1,2,6,0
6.9,966.1490614243027,549.9357683545713,3.2144355999619014,1,2,6,0
6.908333333333333,967.0577399872762,550.1995458207957,3.25017486690645,1,2,6,0
6.916666666666667,966.6145224560779,550.4227332970476,3.2585711944451585,1,2,6,0
6.925,966.641577705993,550.0009726828007,3.2952982858958437,1,2,6,0
6.933333333333334,966.8555703809409,550.2141264060907,3.2727582729277396,1,2,6,0
6.941666666666666,966.9264288138157,549.7264928920247,3.2362128337806504,1,2,6,0
6.95,966.6137626921447,549.3111036494582,3.2822982256059867,1,2,6,0
6.958333333333333,967.045540613744,550.1098734863738,3.2745640882270215,1,2,6,0
6.966666666666667,967.0867267153662,549.9606314725293,3.244002643790234,1,2,6,0
6.975,967.160394085532,550.16090979,3.2691300129414653,1,2,6,0
6.983333333333333,966.8077106508251,550.14512129888,3.2601918738711886,1,2,6,0
6.991666666666666,967.6389286774476,549.7569261252224,3.234397273292195,1,2,6,0
7.0,967.751959911569,549.9150150750696,3.27605586776627,1,2,6,0
7.008333333333334,968.6553595833616,549.4271640309306,3.2799912116218675,1,2,6,0
7.016666666666667,968.551873102234,549.2705306187999,3.249278540209197,1,2,6,0
7.025,968.4612434642734,548.6385931104182,3.255276997357134,1,2,6,0
7.033333333333333,968.1496242753269,548.6670443070386,3.2742330281290073,1,2,6,0
7.041666666666667,969.025259460531,548.4827654640604,3.211168750572605,1,2,6,0
7.05,969.8208465020929,548.8727127419406,3.2646788291074627,1,2,6,0
7.058333333333334,969.9236142635858,548.9185011286762,3.2655122514039765,1,2,6,0
7.066666666666666,969.7972403569562,550.2576924422491,3.192574904623783,1,2,6,0
7.075,970.5245543510534,549.4584465823924,3.2778895012129303,1,2,6,0
7.083333333333333,970.8153035861055,549.2887818242891,3.263730350123038,1,2,6,0
7.091666666666667,970.0528606277975,550.0502839843521,3.2224007313500893,1,2,6,0
7.1,970.2255832795898,550.0679801229161,3.2181449630648604,1,2,6,0
7.108333333333333,969.7514868439018,550.2241605098815,3.231523010739438,1,2,6,0
7.116666666666666,969.4563122973628,550.3388507816552,3.2716360677461895,1,2,6,0
7.125,969.4101695631888,550.1069944940725,3.2320110969941984,1,2,6,0
7.133333333333334,968.4518053752452,549.4247643731188,3.236022796546616,1,2,6,0
7.141666666666667,968.3774197194025,549.9158520102211,3.2427545454148783,1,2,6,0
7.15,968.2414352355431,550.4438107480632,3.2417167914240057,1,2,6,0
7.158333333333333,967.9311426347474,549.992694128016,3.2831154882023292,1,2,6,0
7.166666666666667,967.6154570143607,550.1857647691752,3.2475806523501385,1,2,6,0
7.175,967.3850278728921,550.0120860781515,3.286910825204575,1,2,6,0
7.183333333333334,967.6582417253844,549.6784167904323,3.2528754010905905,1,2,6,0
7.191666666666666,967.134545797511,549.3177257253157,3.2436997909624994,1,2,6,0
7.2,967.0583383580542,549.2478417968941,3.2290285270962924,1,2,6,0
7.208333333333333,966.9752760277069,549.0551379309978,3.2305311990322423,1,2,6,0
7.216666666666667,967.23734025525,548.854025538794,3.2395563197663995,1,2,6,0
7.225,967.6036264251533,549.2244313668874,3.216343347599223,1,2,6,0
7.233333333333333,967.5318692851521,549.0921151144407,3.2564278266590136,1,2,6,0
7.241666666666666,967.6566335013742,548.8475771782634,3.197689736304742,1,2,6,0
7.25,967.8917125719715,548.7473912365652,3.224777663626458,1,2,6,0
7.258333333333334,967.2082205660184,548.1521961817409,3.226960720966965,1,2,6,0
7.266666666666667,967.0856055616375,548.6757635260595,3.231995320584565,1,2,6,0
7.275,968.0789733821715,548.5194191312427,3.224670097192048,1,2,6,0
7.283333333333333,967.6965684638758,548.772598487173,3.2465968262412086,1,2,6,0
7.291666666666667,967.9276944056676,549.0220087456411,3.2104456148555256,1,2,6,0
7.3,967.64304071303,549.1640911881449,3.222512165458584,1,2,6,0
7.308333333333334,967.5169371602681,549.2470327883119,3.235053839456361,1,2,6,0
7.316666666666666,967.1097891634105,548.4019960137997,3.254582486016842,1,2,6,0
7.325,967.290149336453,548.544978385177,3.185744006311645,1,2,6,0
7.333333333333333,967.4566851840327,548.3998173351836,3.2053433758192704,1,2,6,0
7.341666666666667,968.084322902695,548.5391339176407,3.2294082399163737,1,2,6,0
7.35,967.5801479923044,548.675017316227,3.1965852822089915,1,2,6,0
7.358333333333333,967.5984972192387,548.9900080166324,3.2265788813269136,1,2,6,0
7.366666666666666,967.773356863194,549.9489791496737,3.2020096428239246,1,2,6,0
7.375,967.8789758699459,549.8942606005136,3.200266360875679,1,2,6,0
7.383333333333334,968.5070880431664,549.1949725504089,3.2123601034748757,1,2,6,0
7.391666666666667,968.5760174587884,548.7672736685251,3.1892943356996164,1,2,6,0
7.4,968.1376511587343,549.2222738307873,3.200997349524833,1,2,6,0
7.408333333333333,969.2549803259668,549.1115593823331,3.1909542201856214,1,2,6,0
7.416666666666667,969.7483036751943,548.4554645162696,3.1920921236121687,1,2,6,0
7.425,968.9820949135842,547.919250806023,3.176940145965357,1,2,6,0
7.433333333333334,967.6794401676035,548.5955031820139,3.1926683988795004,1,2,6,0
7.441666666666666,967.580232832513,548.5375496089982,3.1879416904929125,1,2,6,0
7.45,967.4859233413209,548.003371115036,3.175301215426394,1,2,6,0
7.458333333333333,967.7723695354925,548.2036147863491,3.1793407143513153,1,2,6,0
7.466666666666667,967.9369586731762,547.5184749879224,3.197760539277131,1,2,6,0
7.475,967.7969324752423,547.3532477806463,3.1850167095725777,1,2,6,0
7.483333333333333,967.2011440642466,547.0570122570127,3.2183667123467115,1,2,6,0
7.491666666666666,967.8830431304848,546.9716668137921,3.2058569594806006,1,2,6,0
7.5,967.474210026509,546.8426732281495,3.170450861153888,1,2,6,0
7.508333333333334,967.194527532389,547.4043510924554,3.226354000991446,1,2,6,0
7.516666666666667,966.8193690113919,547.7464290834196,3.2174624878912135,1,2,6,0
7.525,967.1115065314976,546.8169216943826,3.1856528988277146,1,2,6,0
7.533333333333333,967.4823953989292,546.6671029821194,3.1656304020932846,1,2,6,0
7.541666666666667,968.0364511148357,546.3795003808974,3.190505447888184,1,2,6,0
7.55,969.0003224125732,546.2095218780512,3.2203446387315786,1,2,6,0
7.558333333333334,970.1874380566387,546.1837121411662,3.188630863797645,1,2,6,0
7.566666666666666,969.8984070118931,546.9667656798598,3.178599896711974,1,2,6,0
7.575,970.1009320597808,547.4475514989148,3.1956619749271877,1,2,6,0
7.583333333333333,971.3669754193872,547.4458238564357,3.1777889595835234,1,2,6,0
7.591666666666667,971.7956235699295,547.0173820233323,3.192709401207863,1,2,6,0
7.6,972.7790970738594,547.9823164617665,3.1773103264074436,1,2,6,0
7.608333333333333,972.7065353410211,547.4889759608894,3.1596984290952688,1,2,6,0
7.616666666666666,972.2217910306189,547.918126629861,3.1904086274316996,1,2,6,0
7.625,972.2195713861121,548.3667682387502,3.1997539498708307,1,2,6,0
7.633333333333334,972.5180497913188,548.2567137874635,3.187652650715423,1,2,6,0
7.641666666666667,972.2885263760472,548.0906069518854,3.173885256198411,1,2,6,0
7.65,292.56980086300507,566.823906105034,3.1625016676413056,1,2,6,0
7.658333333333333,292.6727669458569,567.1219752006704,3.156719586806184,1,2,6,0
7.666666666666667,972.6349667531408,548.4093419618307,3.16349527326399,1,2,6,0
7.675,972.604915635897,548.8197486789354,3.201336856912372,1,2,6,0
7.683333333333334,971.7661955060066,549.0362794316876,3.1961563543410683,1,2,6,0
7.691666666666666,971.4704329673624,549.1273998945785,3.1670601374725647,1,2,6,0
7.7,971.7099537991594,549.0318380148763,3.166756420822976,1,2,6,0
7.708333333333333,971.8333460965113,548.9731166400336,3.1904411594259185,1,2,6,0
7.716666666666667,972.0918265169624,548.8669499760738,3.1913335684305135,1,2,6,0
7.725,972.1380639163878,548.1735235552005,3.1640081595634904,1,2,6,0
7.733333333333333,972.5325322958145,548.2811966120281,3.1522248566819964,1,2,6,0
7.741666666666666,972.8349743874464,548.4803727476234,3.1527465076207584,1,2,6,0
7.75,972.8506102282677,548.2395272337216,3.173619626243401,1,2,6,0
7.758333333333334,972.8807264963546,548.3463676486798,3.121774156737096,1,2,6,0
7.766666666666667,972.8512787123717,549.1631375054652,3.1839214979097448,1,2,6,0
7.775,973.1079597225255,548.8665634769536,3.194372297977388,1,2,6,0
7.783333333333333,972.5309176039045,548.0272773029742,3.1518624098841976,1,2,6,0
7.791666666666667,972.175210070861,548.0978160300499,3.153221390985183,1,2,6,0
7.8,972.4182388623962,547.7577150595306,3.1693121263829505,1,2,6,0
7.808333333333334,971.6500350090271,547.6424019657613,3.1333057250705765,1,2,6,0
7.816666666666666,971.201465050821,548.323848580548,3.1785452568384143,1,2,6,0
7.825,971.0511176265015,548.5297920289557,3.1471780495054245,1,2,6,0
7.833333333333333,971.0803656172228,548.2622185945115,3.1623196662953164,1,2,6,0
7.841666666666667,972.4280874527194,548.8170866331337,3.145015203044934,1,2,6,0
7.85,972.3605023405293,548.9786725734328,3.1544614214253923,1,2,6,0
7.858333333333333,972.9605701988871,549.0888341211437,3.1425254965097276,1,2,6,0
7.866666666666666,972.6215477961836,549.1037719551225,3.142251806517813,1,2,6,0
7.875,972.904667675079,549.504078610526,3.1270253977558404,1,2,6,0
7.883333333333334,972.206079699191,549.4504934587247,3.1442242737587014,1,2,6,0
7.891666666666667,972.6540621280541,549.6576504879856,3.1536403250985883,1,2,6,0
7.9,972.9826585372339,549.9977716781984,3.1432475612000856,1,2,6,0
7.908333333333333,973.850036701115,549.8659144265584,3.1650556772810443,1,2,6,0
7.916666666666667,974.6350352248762,549.587644931281,3.149142838264712,1,2,6,0
7.925,974.8756575793019,550.2628841016816,3.110575130105473,1,2,6,0
7.933333333333334,974.8934787853393,550.3686857395681,3.170538560658954,1,2,6,0
7.941666666666666,975.2509258960279,551.047849767989,3.12463700246163,1,2,6,0
7.95,975.6420986345223,551.2767105740223,3.1327935175364074,1,2,6,0
7.958333333333333,975.4270533172045,551.1303391989212,3.1720123178121655,1,2,6,0
7.966666666666667,975.6168925095203,552.0294160328954,3.160989513154076,1,2,6,0
7.975,975.8158839519593,552.4377801810314,3.126097924559955,1,2,6,0
7.983333333333333,975.8358095941016,552.7074653599853,3.108546737620568,1,2,6,0
7.991666666666666,976.5719620010425,552.1903036970585,3.166837870063731,1,2,6,0
8.0,976.8705012750165,551.8782231016478,3.1571071391768113,1,2,6,0
8.008333333333333,976.5775604130242,551.7345356556831,3.150753719491158,1,2,6,0
8.016666666666667,976.2659645704051,552.4935488731068,3.180195486513718,1,2,6,0
8.025,976.0458413721682,552.5895548516067,3.1536181617734327,1,2,6,0
8.033333333333333,975.2998396835983,553.385731092496,3.127864720711871,1,2,6,0
8.041666666666666,975.05244778953,553.0169338513131,3.1360972889967154,1,2,6,0
8.05,975.6992749308866,552.4733743889661,3.1367377225871445,1,2,6,0
8.058333333333334,975.9898203142141,551.853058733631,3.1431823417232527,1,2,6,0
8.066666666666666,975.7039879908258,552.060560130068,3.1263705649956983,1,2,6,0
8.075,975.579982421286,552.5816812307879,3.1339574777841435,1,2,6,0
8.083333333333334,975.6115957590725,552.9314438494793,3.1313662829908764,1,2,6,0
8.091666666666667,975.6911495019184,552.3180141685086,3.1400369816103684,1,2,6,0
8.1,975.3649499534752,552.0005260367357,3.10269983282208,1,2,6,0
8.108333333333333,975.1214691938554,552.185692405847,3.1450205672729754,1,2,6,0
8.116666666666667,974.5702463373826,552.8946055872841,3.1415220646067605,1,2,6,0
8.125,975.0481410211285,553.3366414141886,3.150433890511964,1,2,6,0
8.133333333333333,975.2428748021111,553.2585474231555,3.1444268443314325,1,2,6,0
8.141666666666667,975.883541867435,553.2320727643744,3.112692209682924,1,2,6,0
8.15,976.1660747026026,553.6133371884025,3.1249085227271407,1,2,6,0
8.158333333333333,975.6233843434203,553.1941141334403,3.1204887596142514,1,2,6,0
8.166666666666666,975.6737692660047,553.4319914782593,3.129594185039632,1,2,6,0
8.175,975.9224720239127,553.1888966223456,3.1460914246734064,1,2,6,0
8.183333333333334,976.0980279730792,554.1256406780002,3.124773213866704,1,2,6,0
8.191666666666666,976.0434167091774,554.7086697363148,3.1349580692237753,1,2,6,0
8.2,975.5353067688567,553.9166537723158,3.1098530483796303,1,2,6,0
8.208333333333334,975.9563741716396,553.3007322611676,3.118084522092543,1,2,6,0
8.216666666666667,976.4740175663793,552.8280803502605,3.129403837210793,1,2,6,0
8.225,975.9653348051434,552.9892808321629,3.1274079041267853,1,2,6,0
8.233333333333333,976.3923167657609,553.1096893112104,3.1264893312692785,1,2,6,0
8.241666666666667,976.7145369076305,553.1008617903324,3.1577801419304987,1,2,6,0
8.25,976.3111580081162,553.8338359110905,3.1236192957587767,1,2,6,0
8.258333333333333,975.9496804698988,554.7858447757544,3.105083616628038,1,2,6,0
8.266666666666667,976.353390733081,555.5050996555796,3.141542340982857,1,2,6,0
8.275,976.0152231409352,555.4507076636768,3.1437735905895203,1,2,6,0
8.283333333333333,976.3766613746474,554.6705219233526,3.1346930757177534,1,2,6,0
8.291666666666666,975.736257560883,554.1609949601475,3.109527661679145,1,2,6,0
8.3,975.9121063796234,554.1147489587959,3.11537021737321,1,2,6,0
8.308333333333334,975.8604459560232,554.51220514898,3.132734879729611,1,2,6,0
8.316666666666666,976.2576268919831,554.1212193890422,3.117619796588959,1,2,6,0
8.325,975.7849894636412,553.4678217280762,3.119743584033343,1,2,6,0
8.333333333333334,976.1956835409607,553.7523394562054,3.151876119623784,1,2,6,0
8.341666666666667,976.5225545162065,554.2332619479826,3.100994693162755,1,2,6,0
8.35,976.7136125120824,554.3638395392957,3.127870175366476,1,2,6,0
8.358333333333333,976.5320203443454,553.3351423442616,3.0918462726961176,1,2,6,0
8.366666666666667,975.4909776796362,553.6794367098529,3.1217125200215103,1,2,6,0
8.375,975.35161575851,554.1474366188423,3.130163380598921,1,2,6,0
8.383333333333333,975.1403635336386,555.1277426600834,3.099470900489326,1,2,6,0
8.391666666666667,975.5784805562214,554.8302178999138,3.072084380529721,1,2,6,0
8.4,975.7427948537924,555.2265175704252,3.0998464680738254,1,2,6,0
8.408333333333333,975.7651481180362,555.1673279760018,3.099840290596569,1,2,6,0
8.416666666666666,976.3283750271795,554.7676001728842,3.1256493437205446,1,2,6,0
8.425,977.2794652239686,554.8905920403683,3.1119127764771246,1,2,6,0
8.433333333333334,976.8547556834591,554.4413643471589,3.109488623280487,1,2,6,0
8.441666666666666,976.5673491107352,555.1343671014242,3.0851359798386593,1,2,6,0
8.45,977.0997282593413,554.9838388614352,3.1030478400142782,1,2,6,0
8.458333333333334,977.2053744027758,555.1278561916973,3.1053242739179607,1,2,6,0
8.466666666666667,977.4639255021459,554.7779189209425,3.1084275135867556,1,2,6,0
8.475,977.4736724109823,555.1057470126603,3.1074143951349176,1,2,6,0
8.483333333333333,977.636468001493,555.5936451592386,3.084303589026197,1,2,6,0
8.491666666666667,977.5108693685411,556.0458667973759,3.115116213723907,1,2,6,0
8.5,977.6003911219336,555.7690589206921,3.126015016738464,1,2,6,0
8.508333333333333,978.0922658583723,556.0721559566748,3.1497660971844708,1,2,6,0
8.516666666666667,978.3720067266215,556.8681809422245,3.133236974567032,1,2,6,0
8.525,977.8462553913433,556.475799015834,3.126782447202648,1,2,6,0
8.533333333333333,978.6901089412013,557.432644963719,3.1107384769450044,1,2,6,0
8.541666666666666,978.882507536029,556.5040821427992,3.07355245797308,1,2,6,0
8.55,979.5356414235129,556.6877627554102,3.124846569967844,1,2,6,0
8.558333333333334,979.2053920477434,556.9517732829502,3.093090120689347,1,2,6,0
8.566666666666666,978.913418374449,556.4407723523706,3.093106005712727,1,2,6,0
8.575,979.0536168189469,556.9394810110931,3.0730764821485823,1,2,6,0
8.583333333333334,978.3447094297901,556.2091161789646,3.1279831258923556,1,2,6,0
8.591666666666667,978.4629921624231,555.2924513430119,3.082190101383463,1,2,6,0
8.6,977.8203507405224,554.7206507515939,3.0985797581853363,1,2,6,0
8.608333333333333,978.2048625597142,555.8010250367921,3.0902236193255406,1,2,6,0
8.616666666666667,978.2633685894812,556.1622611831565,3.086260541159463,1,2,6,0
8.625,979.0472727677623,556.7153187708909,3.0608743021177567,1,2,6,0
8.633333333333333,978.4911809607257,556.7571057338935,3.1366808660744834,1,2,6,0
8.641666666666667,978.8061728058326,557.2183460319029,3.111917941546238,1,2,6,0
8.65,978.3072316682462,557.4735289520451,3.12768629333063,1,2,6,0
8.658333333333333,978.438260574467,557.738537092528,3.084958508436948,1,2,6,0
8.666666666666666,979.1702957758558,557.6226263587602,3.095184933474274,1,2,6,0
8.675,979.2579549802318,557.0871683365393,3.0827714851428993,1,2,6,0
8.683333333333334,978.7289017818289,556.2361611525031,3.12456319891215,1,2,6,0
8.691666666666666,978.5504823202455,556.3427891297176,3.1205111904835627,1,2,6,0
8.7,978.2365891006464,557.1069837072362,3.1426726068354456,1,2,6,0
8.708333333333334,978.2238823474962,556.8570840965413,3.1136854764174293,1,2,6,0
8.716666666666667,978.0248752774523,556.9812101785463,3.1080003789352597,1,2,6,0
8.725,977.4213898386711,556.6050170503873,3.1244622731502565,1,2,6,0
8.733333333333333,976.6708099625577,556.7706805602139,3.0658541159244703,1,2,6,0
8.741666666666667,976.6833739266701,557.4441085301124,3.0690822205447525,1,2,6,0
8.75,976.8260262681788,557.34459350776,3.0659996671124135,1,2,6,0
8.758333333333333,977.3216516305678,558.0806857357015,3.0652347599390053,1,2,6,0
8.766666666666667,977.3843555468004,558.9338461953716,3.108581065457668,1,2,6,0
8.775,977.9919977541194,559.7242286948563,3.128405426798408,1,2,6,0
8.783333333333333,978.0044492526307,559.6652190077253,3.073109071590999,1,2,6,0
8.791666666666666,978.3781684635243,559.1598934603605,3.08798451085891,1,2,6,0
8.8,978.8450230491305,558.6811723790323,3.098804748088827,1,2,6,0
8.808333333333334,979.2420772823327,558.0791875192041,3.0557463150041744,1,2,6,0
8.816666666666666,979.1128531086118,557.4131872587637,3.1174180755707614,1,2,6,0
8.825,979.3833331455957,557.1676799683113,3.1153518870249757,1,2,6,0
8.833333333333334,979.7351691419012,557.5879087646352,3.063351534682748,1,2,6,0
8.841666666666667,980.135733552816,557.6687374967693,3.056264724608788,1,2,6,0
8.85,980.3280244211513,557.5670788889734,3.095379204540826,1,2,6,0
8.858333333333333,980.3535558111378,557.2426221778771,3.1092403595542786,1,2,6,0
8.866666666666667,980.2732529363277,556.8560312391145,3.1050396920877645,1,2,6,0
8.875,979.964630893117,556.9971215469878,3.121910953555798,1,2,6,0
8.883333333333333,980.1565445724149,557.7807832268319,3.1530682883449557,1,2,6,0
8.891666666666667,979.3706285060352,557.9643006030386,3.0617530695650026,1,2,6,0
8.9,979.6535447383068,557.6182962648676,3.1292003195514315,1,2,6,0
8.908333333333333,978.6910437010823,557.8616643321367,3.0925255760650625,1,2,6,0
8.916666666666666,978.6500019672086,558.0388625404387,3.1276076655042697,1,2,6,0
8.925,978.6162169149219,558.2385119416947,3.069958751750264,1,2,6,0
8.933333333333334,978.790932074909,558.9070776343046,3.103803381869635,1,2,6,0
8.941666666666666,979.5183313021711,558.5983291075544,3.139116248286581,1,2,6,0
8.95,979.4571207344092,559.0849517466494,3.1067782325809645,1,2,6,0
8.958333333333334,979.439205429915,559.0135187756696,3.0711375646046575,1,2,6,0
8.966666666666667,979.7601331582282,558.5010953463437,3.1086462639489385,1,2,6,0
8.975,979.5451487310406,558.0474982160468,3.1246088713933404,1,2,6,0
8.983333333333333,980.2701515200896,557.7976633452025,3.1095877115334183,1,2,6,0
8.991666666666667,980.6101591167389,556.8091942020042,3.093679482414829,1,2,6,0
9.0,981.4860878987723,556.9510071798509,3.0984250416394135,1,2,6,0
9.008333333333333,980.9453805758764,556.9333971564836,3.1096287544419625,1,2,6,0
9.016666666666667,980.6480624140402,556.9238545271921,3.118666420489338,1,2,6,0
9.025,981.4491288843938,557.0756623100766,3.1267358783185957,1,2,6,0
9.033333333333333,982.0458255831443,557.1816169570129,3.091867791088331,1,2,6,0
9.041666666666666,982.4483635457652,557.1549644139778,3.1059617114746083,1,2,6,0
9.05,982.984854039536,556.8194690305228,3.104325729963702,1,2,6,0
9.058333333333334,983.1609826764646,557.3284010208814,3.096481461252616,1,2,6,0
9.066666666666666,982.9871491783581,557.0132345505463,3.1156362797010595,1,2,6,0
9.075,983.2573839257935,556.0971186295927,3.104749090096871,1,2,6,0
9.083333333333334,983.8124663412306,555.8455024330951,3.128810488865562,1,2,6,0
9.091666666666667,983.9545888745376,556.0373517694068,3.1014006874915587,1,2,6,0
9.1,982.728353259457,555.434304972374,3.1085825228078483,1,2,6,0
9.108333333333333,982.6770415884295,554.6061022734073,3.1287685394997387,1,2,6,0
9.116666666666667,983.099937448558,554.284739795821,3.0669051173606183,1,2,6,0
9.125,982.5023966314639,554.3716693548861,3.100113594543074,1,2,6,0
9.133333333333333,983.4471080756606,553.5771661979776,3.1498963573934304,1,2,6,0
9.141666666666667,983.700521192952,553.6515014084277,3.087166503286196,1,2,6,0
9.15,983.4918040806346,554.0527937378849,3.1010805890538475,1,2,6,0
9.158333333333333,984.1231752185175,554.5110215914235,3.0771685264973145,1,2,6,0
9.166666666666666,677.0413066949584,269.2572654596348,3.117466051047388,1,2,6,0
9.175,676.7947169473858,269.63204175108774,3.1026521800508426,1,2,6,0
9.183333333333334,982.9773227641541,554.3528031578742,3.133965613588853,1,2,6,0
9.191666666666666,983.4809291004533,554.4452325955269,3.1218238030739807,1,2,6,0
9.2,983.2003323537417,554.2518239060911,3.105578933163361,1,2,6,0
9.208333333333334,982.8217983222862,555.0926761389518,3.1143235944783565,1,2,6,0
9.216666666666667,982.3984837135258,555.2458119146877,3.109257941605042,1,2,6,0
9.225,982.2966329614715,556.1714944113329,3.113288405864178,1,2,6,0
9.233333333333333,982.9360619648859,555.5125539620306,3.0871380844867153,1,2,6,0
9.241666666666667,983.8523914232342,555.4608323385082,3.12831777874225,1,2,6,0
9.25,983.6818205516878,555.204922601465,3.148446798639709,1,2,6,0
9.258333333333333,983.9112139818878,555.9590714289924,3.084585518498896,1,2,6,0
9.266666666666667,984.7801303233452,555.0634747658048,3.146990078382324,1,2,6,0
9.275,984.3418312107862,555.4415680995805,3.1134746241128113,1,2,6,0
9.283333333333333,984.2982042513534,555.0919066815596,3.1654557852322913,1,2,6,0
9.291666666666666,984.888435993395,555.4124023780098,3.092430828653318,1,2,6,0
9.3,985.3683153674056,556.9248997108217,3.134889366751803,1,2,6,0
9.308333333333334,986.4167741201745,557.2932194184843,3.1534568730668306,1,2,6,0
9.316666666666666,986.8064250672246,556.6475260692972,3.102569892416716,1,2,6,0
9.325,987.0996957615616,556.4479944158253,3.1137162076437597,1,2,6,0
9.333333333333334,986.1607361879628,555.5876452011811,3.1122084606355007,1,2,6,0
9.341666666666667,986.2015770832251,554.6425483749466,3.1268482442984253,1,2,6,0
9.35,986.1838797149168,554.1947835242418,3.0796105872824002,1,2,6,0
9.358333333333333,986.369761011432,553.5989239783869,3.137660243247461,1,2,6,0
9.366666666666667,987.1848185820924,553.3851885441695,3.118928085076361,1,2,6,0
9.375,986.9618759840816,553.5114374300748,3.114346237595874,1,2,6,0
9.383333333333333,986.6370216395984,552.9624327771047,3.1377477650955994,1,2,6,0
9.391666666666667,986.8605191586956,553.4075151697252,3.1397492413612573,1,2,6,0
9.4,986.95382308221,552.552615505139,3.1377067492656083,1,2,6,0
9.408333333333333,986.8386164531736,552.7925717015777,3.1295377357851666,1,2,6,0
9.416666666666666,986.3685011890769,552.2951885905121,3.1397620697732838,1,2,6,0
9.425,986.9115579531793,552.6901032245459,3.1290426481873825,1,2,6,0
9.433333333333334,986.5640192279708,552.7508501902976,3.1030746830075233,1,2,6,0
9.441666666666666,986.8857511552543,553.8698132762959,3.1369069337938025,1,2,6,0
9.45,986.5746631614954,553.9396562437985,3.158863899901728,1,2,6,0
9.458333333333334,986.0339998212697,554.0666121767727,3.101286897806772,1,2,6,0
9.466666666666667,986.6631664995642,554.0083189836546,3.109989433994861,1,2,6,0
9.475,986.8464573151687,553.7464755003775,3.1089280992023602,1,2,6,0
9.483333333333333,986.955242927454,553.947661530669,3.150614543851069,1,2,6,0
9.491666666666667,987.66872137879,553.9287554985792,3.1024924265572476,1,2,6,0
9.5,987.7668428165841,554.9256343410854,3.118228425005651,1,2,6,0
9.508333333333333,987.3762039218229,555.1621439459593,3.187567877776274,1,2,6,0
9.516666666666667,986.5752866417222,556.1268681565253,3.1230613688947213,1,2,6,0
9.525,986.3608066080046,555.5556284388707,3.129059494627946,1,2,6,0
9.533333333333333,985.3664051649854,555.030490228457,3.1363374108149005,1,2,6,0
9.541666666666666,984.8891315567652,556.0344194755847,3.159784150518585,1,2,6,0
9.55,983.7811680747118,556.0046581862917,3.1427195957033214,1,2,6,0
9.558333333333334,984.3196106630745,555.9465712436269,3.1817614323940617,1,2,6,0
9.566666666666666,984.4810136769732,555.6291276760604,3.137429458356157,1,2,6,0
9.575,984.6681751302146,555.1925897738631,3.1424915505558815,1,2,6,0
9.583333333333334,984.2804730916846,554.7281615677465,3.179459310326155,1,2,6,0
9.591666666666667,983.7721006063641,555.5279069666307,3.127683868821845,1,2,6,0
9.6,984.2356768904696,555.5696520461192,3.1707153549051936,1,2,6,0
9.608333333333333,984.592913985035,555.1853376294313,3.163522676040526,1,2,6,0
9.616666666666667,935.0856561055956,376.2565947923827,3.0947658787171672,1,2,6,0
9.625,934.8888342640769,375.6005038614125,3.1669230600459297,1,2,6,0
9.633333333333333,984.7776245055701,554.5967531281034,3.1538291977659223,1,2,6,0
9.641666666666667,984.7193514399181,554.5643937238923,3.2065170938687837,1,2,6,0
9.65,984.1611223578777,555.0510204083696,3.1897764585928132,1,2,6,0
9.658333333333333,984.5627786326219,555.0519626355452,3.149414218995591,1,2,6,0
9.666666666666666,984.1943120279986,554.9890649967091,3.159656147701717,1,2,6,0
9.675,984.0483841305952,555.2362450547216,3.170258786528312,1,2,6,0
9.683333333333334,983.8840822233071,554.9959094048548,3.1908981008206685,1,2,6,0
9.691666666666666,984.9021617540412,555.7473319707605,3.1939349271017,1,2,6,0
9.7,985.0437678633293,555.6970828159106,3.174284316614902,1,2,6,0
9.708333333333334,984.8900160388159,555.8602229075348,3.158981363687488,1,2,6,0
9.716666666666667,985.2431339643256,556.0831225924495,3.1482074557328077,1,2,6,0
9.725,985.6623059263125,556.6636904189561,3.1583195289225943,1,2,6,0
9.733333333333333,985.8986053065746,557.0561138889128,3.1545639652191713,1,2,6,0
9.741666666666667,985.7478420479346,556.6240359391333,3.1740557310247133,1,2,6,0
9.75,986.175675810114,556.0299199187239,3.1699425415524853,1,2,6,0
9.758333333333333,985.9478222154522,556.07400274041,3.157156015404505,1,2,6,0
9.766666666666667,985.4299753685067,556.1319972140195,3.171165612261549,1,2,6,0
9.775,985.8323043372028,555.6914189712764,3.1465038358318234,1,2,6,0
9.783333333333333,985.7859613365761,556.1342456568754,3.1354747179396067,1,2,6,0
9.791666666666666,986.6399625311659,556.1738843508007,3.1451751419289966,1,2,6,0
9.8,987.121823669975,555.9113815404704,3.1950847103341533,1,2,6,0
9.808333333333334,986.8277814634678,556.5942732391201,3.1792233600861834,1,2,6,0
9.816666666666666,986.6604146534177,556.0859232956399,3.21751509911861,1,2,6,0
9.825,986.5922976215944,556.225347757965,3.1792735732791466,1,2,6,0
9.833333333333334,986.4033273523278,556.3979587182787,3.1865865683742607,1,2,6,0
9.841666666666667,987.0437791945831,556.3134161881458,3.182769782050876,1,2,6,0
9.85,986.7254150610058,556.5821861853436,3.206778477025201,1,2,6,0
9.858333333333333,1104.745196533847,456.9656528883529,3.183934260522154,1,2,6,0
9.866666666666667,1103.9294161181488,456.6796187747625,3.20813609456306,1,2,6,0
9.875,985.5376372694612,555.0028505990235,3.1596603344310634,1,2,6,0
9.883333333333333,985.850524613421,554.3021821631285,3.147377412679086,1,2,6,0
9.891666666666667,985.6983245498657,553.5201509774397,3.192511039883939,1,2,6,0
9.9,986.4509828393744,552.9327229510823,3.208843035344015,1,2,6,0
9.908333333333333,986.5481490684211,553.1562672261928,3.1883649161039163,1,2,6,0
9.916666666666666,986.9929193261543,553.2901199327183,3.1845661709440716,1,2,6,0
9.925,986.8108543141693,552.6634323747631,3.205588158236419,1,2,6,0
9.933333333333334,986.0862148059797,552.6593218276698,3.1939268347160397,1,2,6,0
9.941666666666666,986.0063236246482,552.8050144901024,3.1690987076371253,1,2,6,0
9.95,986.0780135466264,552.8950933019112,3.1743237517140908,1,2,6,0
9.958333333333334,986.008731694429,552.5802548987226,3.2196348459531916,1,2,6,0
9.966666666666667,986.1202323129053,553.6320628905977,3.196013178952498,1,2,6,0
9.975,985.7728539577795,553.1918247055181,3.1958796440862463,1,2,6,0
9.983333333333333,984.9317803357854,553.1753436285038,3.217626625392846,1,2,6,0
9.991666666666667,984.9741828787365,553.8013476144213,3.232316750139712,1,2,6,0
10.0,984.4509886674272,553.4877552904899,3.2225834770339903,1,2,6,0
10.008333333333333,984.5549422029761,553.0719773921537,3.183940738630626,1,2,6,0
10.016666666666667,984.6955057472924,553.9701760270956,3.2188681137964266,1,2,6,0
10.025,985.2945349412062,554.2032180492105,3.1750772678288763,1,2,6,0
10.033333333333333,984.9694612631089,555.106893186538,3.1943550382284673,1,2,6,0
10.041666666666666,984.2947218040116,554.8484504662458,3.1961330633165286,1,2,6,0
10.05,984.0802815949319,554.2799070716721,3.2017063537050667,1,2,6,0
10.058333333333334,983.7404298364642,554.7147306532902,3.2509999446889943,1,2,6,0
10.066666666666666,984.0743122755575,554.9125506489327,3.1929545691541525,1,2,6,0
10.075,984.57151912359,555.3588580881162,3.142985478326137,1,2,6,0
10.083333333333334,985.3632890820753,554.6105626908487,3.236454771695731,1,2,6,0
10.091666666666667,985.953387554532,555.1860035923343,3.223059183893127,1,2,6,0
10.1,986.164658225844,555.4375176871722,3.2224299130372063,1,2,6,0
10.108333333333333,986.1364806853037,555.0629242446066,3.179740165590324,1,2,6,0
10.116666666666667,986.5198309125977,554.2040740333075,3.174855996290556,1,2,6,0
10.125,984.6868675518092,554.3894875670484,3.2461281528550536,1,2,6,0
10.133333333333333,984.1655327253853,554.6772715093433,3.240646924684974,1,2,6,0
10.141666666666667,984.3276144708078,554.2976557800013,3.2381068657964422,1,2,6,0
10.15,984.7656826711905,554.3099137540423,3.2361321367037523,1,2,6,0
10.158333333333333,984.6269144572555,554.4947030507936,3.2588859929716345,1,2,6,0
10.166666666666666,984.0765411139007,554.5496226925907,3.2313437662407423,1,2,6,0
10.175,983.5048509653788,555.4912173879928,3.2546237441892547,1,2,6,0
10.183333333333334,984.077551539113,555.2405669832262,3.2036204380307067,1,2,6,0
10.191666666666666,983.8457842083205,555.6018717259137,3.24513064973308,1,2,6,0
10.2,983.418598054977,555.3773058262383,3.2160025474764073,1,2,6,0
10.208333333333334,984.2588233768297,554.911043135434,3.2029085877899712,1,2,6,0
10.216666666666667,983.9123177352526,554.1178239034758,3.212384898060149,1,2,6,0
10.225,983.8380724620081,554.3561686538796,3.245518784963844,1,2,6,0
10.233333333333333,984.8763298246444,553.9760176740546,3.2139667632409052,1,2,6,0
10.241666666666667,985.3208966551387,554.9015167402302,3.2398101849223324,1,2,6,0
10.25,985.7061403528262,555.0147638490982,3.281044211204686,1,2,6,0
10.258333333333333,985.5047168847777,555.7399845726303,3.2172796440909113,1,2,6,0
10.266666666666667,985.2315699026556,556.4113568843308,3.2578558970575653,1,2,6,0
10.275,985.1180696086946,556.0484256285437,3.2351745163385948,1,2,6,0
10.283333333333333,985.1055326361922,557.0322494387453,3.2129173494720504,1,2,6,0
10.291666666666666,843.0123212479709,530.361404055953,3.2223311810308446,1,2,6,0
10.3,843.5303427898027,530.4308009251474,3.2079235233517025,1,2,6,0
10.308333333333334,986.3742130107336,557.9720577504764,3.2315146953028253,1,2,6,0
10.316666666666666,986.2523744688199,558.1564406531097,3.2373385009831126,1,2,6,0
10.325,987.1665808146298,559.1429799396761,3.243912685158776,1,2,6,0
10.333333333333334,987.3340956453626,558.8198410723344,3.233103263024372,1,2,6,0
10.341666666666667,987.0701139541014,559.020169494877,3.2713017591305893,1,2,6,0
10.35,986.414512019057,559.5271472261084,3.2365756733875237,1,2,6,0
10.358333333333333,986.4723357376812,559.8696370837423,3.293003821527669,1,2,6,0
10.366666666666667,986.5325002656907,559.5927137624151,3.227685276874281,1,2,6,0
10.375,986.421775186763,559.282680855983,3.261504501963216,1,2,6,0
10.383333333333333,986.0113123831394,559.0840131442735,3.244413537919439,1,2,6,0
10.391666666666667,984.863082003911,558.9743207733798,3.2578429221260365,1,2,6,0
10.4,984.713920057692,558.6006084604002,3.247424338197296,1,2,6,0
10.408333333333333,985.314333762327,558.7110043980056,3.2352097576156265,1,2,6,0
10.416666666666666,984.7915006421938,558.5056749748264,3.2210067741908848,1,2,6,0
10.425,985.2479691667494,558.8625055184738,3.2544115476928197,1,2,6,0
10.433333333333334,985.5340115298358,558.4457015079332,3.2471168378965625,1,2,6,0
10.441666666666666,985.5256880400909,558.1090746957318,3.2445030705904516,1,2,6,0
10.45,985.2616460429482,558.8559441925848,3.250191502418204,1,2,6,0
10.458333333333334,986.6645340579686,559.3114351320841,3.2621320988463793,1,2,6,0
10.466666666666667,986.2926519882739,559.7864263448278,3.290396548599154,1,2,6,0
10.475,986.5781374103489,560.2407721569518,3.207393211569539,1,2,6,0
10.483333333333333,986.2996047406513,560.4043322130794,3.252502726415527,1,2,6,0
10.491666666666667,986.5544221730515,560.3161913923315,3.2411583245482336,1,2,6,0
10.5,987.3274244487067,560.593848073514,3.2580687131055517,1,2,6,0
10.508333333333333,987.569632793412,560.305006883519,3.230637823356775,1,2,6,0
10.516666666666667,987.5017903605303,560.7293568500095,3.267931129914893,1,2,6,0
10.525,986.767036415347,560.7807672389804,3.286190930821217,1,2,6,0
10.533333333333333,986.6723608962665,560.6397609257135,3.2083410017129896,1,2,6,0
10.541666666666666,986.2424663612403,560.3352683555422,3.255805166228706,1,2,6,0
10.55,986.3639355312354,559.9577847579203,3.2505915794598863,1,2,6,0
10.558333333333334,985.9070158548651,560.4732933103135,3.279331666172618,1,2,6,0
10.566666666666666,985.8934085134636,560.6169425861551,3.2438504292179333,1,2,6,0
10.575,985.6481248579523,560.3432059059433,3.2683225294623584,1,2,6,0
10.583333333333334,985.3781655348424,561.2284407920614,3.246554454198836,1,2,6,0
10.591666666666667,984.9419128252267,561.2659995980741,3.2897485117376144,1,2,6,0
10.6,984.6922600810717,561.5252223427863,3.2651358128992065,1,2,6,0
10.608333333333333,984.4635254286815,560.9694530000731,3.2827472649015252,1,2,6,0
10.616666666666667,985.276185842478,561.9653028964665,3.30898220570266,1,2,6,0
10.625,985.9693183896351,562.2745787724712,3.2676903183942962,1,2,6,0
10.633333333333333,986.4753617913206,561.9538207590241,3.2610226287843553,1,2,6,0
10.641666666666667,986.4400096582627,562.598052245144,3.277164738324682,1,2,6,0
10.65,985.8091485384832,562.6398569278182,3.2784223420538714,1,2,6,0
10.658333333333333,986.8948304508384,562.44344610914,3.2663326959760743,1,2,6,0
10.666666666666666,987.3705204615792,561.880285958868,3.2819745022869378,1,2,6,0
10.675,987.3697885941785,562.0410585026926,3.2914631819439504,1,2,6,0
10.683333333333334,988.3800962602146,562.8717306983294,3.279252789011691,1,2,6,0
10.691666666666666,987.5270640736055,563.0323417718331,3.2890352796259243,1,2,6,0
10.7,987.6134454409249,563.0136718368508,3.292365121081157,1,2,6,0
10.708333333333334,987.3252358764981,562.3873974875306,3.280333025072051,1,2,6,0
10.716666666666667,987.210932865798,563.1444544880175,3.3008927375755013,1,2,6,0
10.725,987.1640682649445,563.4507637074336,3.3158549631718603,1,2,6,0
10.733333333333333,988.4383188936863,563.4416417652578,3.2611045135615058,1,2,6,0
10.741666666666667,988.1571246744098,563.1676034907077,3.2958264668830153,1,2,6,0
10.75,988.2928985977205,563.4320703417937,3.299163999902201,1,2,6,0
10.758333333333333,988.2095230549573,564.265781883914,3.2935436232316153,1,2,6,0
10.766666666666667,988.1911966326893,564.770115201283,3.2958737509600975,1,2,6,0
10.775,988.1642603485752,564.9114189123659,3.33844209961575,1,2,6,0
10.783333333333333,988.7136396978341,565.2255143515705,3.3046145444353696,1,2,6,0
10.791666666666666,988.7875585881226,565.4358524949976,3.3161861165484225,1,2,6,0
10.8,988.9473570544516,565.0009575331516,3.3656180426516418,1,2,6,0
10.808333333333334,989.433712933826,565.1561514162548,3.3163193287242265,1,2,6,0
10.816666666666666,989.6238410284242,565.3725323324709,3.310157720432651,1,2,6,0
10.825,989.3136543947049,565.0927264273155,3.312769804511607,1,2,6,0
10.833333333333334,990.1273396036385,565.1881368860788,3.3492430194112948,1,2,6,0
10.841666666666667,990.0619772097297,565.5474700130995,3.333969309280971,1,2,6,0
10.85,990.0335016998587,565.3775264630058,3.3618289527965484,1,2,6,0
10.858333333333333,989.3083628269311,565.3168422596025,3.3476200284793376,1,2,6,0
10.866666666666667,989.566011315312,564.5575349869205,3.3174076896243356,1,2,6,0
10.875,989.4668479192381,564.0441160700734,3.3371454185083818,1,2,6,0
10.883333333333333,989.35126250482,564.0043473150973,3.3523888194548572,1,2,6,0
10.891666666666667,989.1165018428362,563.9576094378372,3.3507405079391384,1,2,6,0
10.9,987.753293755817,564.3992313009974,3.3607240347364535,1,2,6,0
10.908333333333333,987.785827724767,565.0124336307368,3.328848305573498,1,2,6,0
10.916666666666666,986.6458788703553,564.7211971423513,3.3176175842409665,1,2,6,0
10.925,986.5510329441038,564.4914891980422,3.3586879999956687,1,2,6,0
10.933333333333334,986.6821750116528,564.5208872218382,3.321083385262016,1,2,6,0
10.941666666666666,985.8403711616482,564.4740865887362,3.326566020643482,1,2,6,0
10.95,984.9086245931273,564.2018925634281,3.354907474766396,1,2,6,0
10.958333333333334,985.151683315695,563.2574725876983,3.3255391451402248,1,2,6,0
10.966666666666667,984.55085971254,563.6055251757239,3.3439785784260447,1,2,6,0
10.975,984.7911870201053,562.5416072925725,3.3261851762270003,1,2,6,0
10.983333333333333,984.7536023556049,562.8691930324466,3.3346796301340245,1,2,6,0
10.991666666666667,984.171418406647,563.1705666350053,3.3604109357074097,1,2,6,0
11.0,984.4393903371947,563.9857226768835,3.3551876440404222,1,2,6,0
11.008333333333333,984.5727917355933,563.3840727012882,3.3319370889344873,1,2,6,0
11.016666666666667,985.0478126961252,563.3365420673645,3.3284772781249155,1,2,6,0
11.025,985.2936053216102,562.8822731753518,3.3253633477967406,1,2,6,0
11.033333333333333,985.7170782849003,562.6641956064317,3.3365641177491137,1,2,6,0
11.041666666666666,985.6050310050392,562.8980233906151,3.3629768330421994,1,2,6,0
11.05,985.2545392637977,563.6135775933155,3.301975627701965,1,2,6,0
11.058333333333334,985.5387170469814,564.062660595593,3.34565339713341,1,2,6,0
11.066666666666666,985.9488291428875,564.0658489951178,3.3142026723232805,1,2,6,0
11.075,986.6653091213527,563.8413328183507,3.3042487562348954,1,2,6,0
11.083333333333334,986.6864472418046,562.8324939018936,3.3010500332982233,1,2,6,0
11.091666666666667,986.0776731440391,562.5374686141785,3.3189682195961736,1,2,6,0
11.1,986.0497580306827,561.8006378215276,3.3111941634238065,1,2,6,0
11.108333333333333,986.6103787810919,561.8395657372068,3.343715894227752,1,2,6,0
11.116666666666667,987.4132542709508,562.2506515420636,3.3250750698425566,1,2,6,0
11.125,987.2869296956136,561.5209853191036,3.2881698606421796,1,2,6,0
11.133333333333333,986.4717530765984,560.9976601261606,3.325321698423953,1,2,6,0
11.141666666666667,986.2203573498427,560.7174563860406,3.3189560842929198,1,2,6,0
11.15,986.3283672837159,560.1496511376454,3.325762626921287,1,2,6,0
11.158333333333333,987.164830619195,559.648780848451,3.3220213889522787,1,2,6,0
11.166666666666666,987.5424827099021,559.0012841492018,3.337314171855615,1,2,6,0
11.175,987.3964527568897,558.6286628373623,3.2973733405766827,1,2,6,0
11.183333333333334,988.4235136679271,558.2243240455164,3.2913805155236555,1,2,6,0
11.191666666666666,987.816013046538,557.947984980589,3.3131834690915243,1,2,6,0
11.2,987.5755718525243,557.6322507977575,3.2547743621686474,1,2,6,0
11.208333333333334,987.4696705405051,557.436129000982,3.2730827017741255,1,2,6,0
11.216666666666667,987.2208073434296,557.4804773382907,3.2910596281639384,1,2,6,0
11.225,987.1772989720652,558.191690631384,3.3124589002116407,1,2,6,0
11.233333333333333,986.747480957294,558.1032127039463,3.3005661587484427,1,2,6,0
11.241666666666667,987.2716368039609,557.9165411843051,3.272214343994059,1,2,6,0
11.25,987.110091273386,558.043262983241,3.3307981437377587,1,2,6,0
11.258333333333333,988.108917641949,557.5612170280605,3.2921908686331824,1,2,6,0
11.266666666666667,988.7042720728689,557.6193750941915,3.2875256590369113,1,2,6,0
11.275,988.2637197778155,558.0588885138936,3.296223818451364,1,2,6,0
11.283333333333333,987.9404304838639,557.8354738243228,3.2844522149934257,1,2,6,0
11.291666666666666,987.4802089248643,556.6702562082633,3.3246164697874607,1,2,6,0
11.3,986.447059315803,557.1350416814603,3.2827917384737635,1,2,6,0
11.308333333333334,985.9653487881737,556.7961616689564,3.279169767499143,1,2,6,0
11.316666666666666,985.9673315744311,556.883923063127,3.2851285766090577,1,2,6,0
11.325,985.8510478802415,557.4738089863672,3.297366003028434,1,2,6,0
11.333333333333334,862.9854506511532,733.2176823491773,3.3205932933235585,1,2,6,0
11.341666666666667,863.1707689847556,733.0390735698688,3.298481894845738,1,2,6,0
11.35,985.3493995288339,557.9411056484869,3.308240778763315,1,2,6,0
11.358333333333333,985.4384452702488,558.0892698828521,3.2935923052434415,1,2,6,0
11.366666666666667,985.9530646470586,558.2717941938821,3.334440413473032,1,2,6,0
11.375,986.4634990049017,557.3357666369088,3.257313255844369,1,2,6,0
11.383333333333333,986.5126134048752,558.0306073124766,3.321358370750988,1,2,6,0
11.391666666666667,986.4449205807622,557.468084402112,3.3121385460127017,1,2,6,0
11.4,987.4475134639595,556.964675431466,3.2746340597233847,1,2,6,0
11.408333333333333,987.1515839382191,556.7467860005087,3.291625724355683,1,2,6,0
11.416666666666666,986.8354120869236,556.6532930272692,3.2922801257850645,1,2,6,0
11.425,986.5193486328329,556.5568995962723,3.2696827272803612,1,2,6,0
11.433333333333334,986.2906489160889,556.6557343569261,3.299405192786232,1,2,6,0
11.441666666666666,985.5724975310354,557.4998168905303,3.336786496111039,1,2,6,0
11.45,986.4176221028767,558.3668828749417,3.3020093683972993,1,2,6,0
11.458333333333334,986.5348227679373,557.7619756136995,3.326500881846895,1,2,6,0
11.466666666666667,987.2069925648046,557.725872167022,3.2534232117213535,1,2,6,0
11.475,987.0083865054805,558.6313826799824,3.2965744627449407,1,2,6,0
11.483333333333333,986.8254742551011,558.9156377567685,3.284084580191897,1,2,6,0
11.491666666666667,986.7244506899176,558.4897816554335,3.3490728617337324,1,2,6,0
11.5,987.6659685627883,557.8517823919215,3.3005151105529102,1,2,6,0
11.508333333333333,987.5729677404597,557.2092119818043,3.3138323154882503,1,2,6,0
11.516666666666667,986.4957894572653,557.8052473825811,3.2778942984582757,1,2,6,0
11.525,987.7701851000918,557.672558948096,3.3576020985921478,1,2,6,0
11.533333333333333,988.2088989691888,557.737012241998,3.3046030670536037,1,2,6,0
11.541666666666666,988.1152601336652,557.751413827457,3.2676413425862862,1,2,6,0
11.55,987.3332835367145,557.8863184403466,3.3020724006535107,1,2,6,0
11.558333333333334,987.2798996933437,558.2895601292497,3.3015286925277856,1,2,6,0
11.566666666666666,986.5144596746471,558.8862627944542,3.248451532108834,1,2,6,0
11.575,985.9417370738252,559.1470072706521,3.2780464586337006,1,2,6,0
11.583333333333334,986.4383676224935,559.0261433830152,3.3280372820580992,1,2,6,0
11.591666666666667,987.1572422299693,558.6853404475763,3.3028032160624807,1,2,6,0
11.6,986.3037930544872,559.1753980184468,3.278665896067583,1,2,6,0
11.608333333333333,985.6836039327574,559.4536476927984,3.2977409674417393,1,2,6,0
11.616666666666667,985.8914566145185,559.3015134042263,3.2893298733172163,1,2,6,0
11.625,985.7384943782595,559.3403529938249,3.2967514238836766,1,2,6,0
11.633333333333333,986.3704598214977,559.4800623340617,3.331655657885165,1,2,6,0
11.641666666666667,986.2250310978513,559.7461399996857,3.2488446178464927,1,2,6,0
11.65,986.1099190084221,559.8186621669231,3.285776237271051,1,2,6,0
11.658333333333333,986.836056832219,559.8370579971579,3.313181258619154,1,2,6,0
11.666666666666666,987.1568117336708,559.4737676134818,3.261513867637852,1,2,6,0
11.675,987.0414890996282,559.9096616215121,3.308574254801209,1,2,6,0
11.683333333333334,986.4681411718038,559.017596002178,3.2728531116663366,1,2,6,0
11.691666666666666,986.7407482527467,559.6455492066306,3.2918518540404627,1,2,6,0
11.7,986.9468979180044,560.2215733393924,3.2689656121348483,1,2,6,0
11.708333333333334,987.080658264603,559.8171155412244,3.284614141622163,1,2,6,0
11.716666666666667,988.2631024077104,560.1421282150721,3.2623654547188723,1,2,6,0
11.725,987.5149614558164,560.2786870204612,3.2615708357260584,1,2,6,0
11.733333333333333,986.3760607997307,560.3210138676382,3.3072083258855005,1,2,6,0
11.741666666666667,987.1381116343726,559.9414849124076,3.28684959520591,1,2,6,0
11.75,986.8994043333639,559.576169150333,3.286344904986569,1,2,6,0
11.758333333333333,986.2348289460814,559.3040664817954,3.2850356190974837,1,2,6,0
11.766666666666667,986.3888009435224,559.4100173095463,3.2792557650822034,1,2,6,0
11.775,986.6196682656891,559.6440395031684,3.2701318010708205,1,2,6,0
11.783333333333333,987.627858867686,560.5901167895439,3.275925463484765,1,2,6,0
11.791666666666666,988.5386653173898,561.1640816542738,3.29084270043849,1,2,6,0
11.8,987.818722042274,561.8497119595183,3.304324046583102,1,2,6,0
11.808333333333334,988.0431605925103,560.9643153226376,3.2699238092766367,1,2,6,0
11.816666666666666,988.4554054405368,561.3565157253491,3.2749459521833404,1,2,6,0
11.825,988.7093695902047,560.9866603777131,3.2903591614601186,1,2,6,0
11.833333333333334,988.997520866642,561.1287545212093,3.27783077531255,1,2,6,0
11.841666666666667,988.247807702949,560.7305671302363,3.308219906745922,1,2,6,0
11.85,988.6467759353814,560.6152518592623,3.221328929828175,1,2,6,0
11.858333333333333,988.7665790109058,560.7978100772207,3.264917540093682,1,2,6,0
11.866666666666667,988.7524745762076,560.4194912670118,3.275371256576633,1,2,6,0
11.875,988.616429323202,560.9259337329544,3.235740975342967,1,2,6,0
11.883333333333333,988.0195386809603,560.849664054224,3.2986830340566597,1,2,6,0
11.891666666666667,988.45651922285,561.0028121147666,3.260479000815576,1,2,6,0
11.9,988.286747523012,560.7182573938211,3.276327493777476,1,2,6,0
11.908333333333333,988.5225657796335,560.7530833841804,3.274187781717384,1,2,6,0
11.916666666666666,989.9614581431916,561.0119372997841,3.246175165223221,1,2,6,0
11.925,989.4969107580935,561.3028401501039,3.276434548610536,1,2,6,0
11.933333333333334,989.4936131071324,561.0487402326258,3.24451619351095,1,2,6,0
11.941666666666666,988.7951104724025,560.6730722792943,3.225323633607706,1,2,6,0
11.95,989.6479285858896,560.9185278583973,3.2879546224418195,1,2,6,0
11.958333333333334,989.1256025610741,560.2182851848074,3.3156847227415165,1,2,6,0
11.966666666666667,989.3192093480983,559.7519990670792,3.255053080894814,1,2,6,0
11.975,988.9961921434544,559.6346490857146,3.2525239446908576,1,2,6,0
11.983333333333333,989.0681202113881,559.1027976622634,3.2586767615111842,1,2,6,0
11.991666666666667,988.8213709228869,559.4250515667195,3.2628683363757087,1,2,6,0
12.0,989.0511221672691,558.9727206229084,3.2966755753259305,1,2,6,0
12.008333333333333,987.905461134818,558.5761693046815,3.2548305693828894,1,2,6,0
12.016666666666667,987.9805039537597,559.1246816631862,3.255377268857927,1,2,6,0
12.025,987.4187324486979,558.299772853402,3.3203663738190614,1,2,6,0
12.033333333333333,987.1651039683214,558.3876882806342,3.268396824030051,1,2,6,0
12.041666666666666,987.316298421939,559.0418450826355,3.279252159711972,1,2,6,0
12.05,987.0528411115837,558.9892866118942,3.2429301945546354,1,2,6,0
12.058333333333334,987.3069390962456,559.7432751081276,3.2730986192239517,1,2,6,0
12.066666666666666,987.9328232443463,560.6759775622878,3.2588381501401176,1,2,6,0
12.075,987.8644415596048,560.1780393086048,3.27142383525846,1,2,6,0
12.083333333333334,988.3255143116603,559.4942346856867,3.232388651026759,1,2,6,0
12.091666666666667,988.3326595763577,558.9752627412392,3.299229865572618,1,2,6,0
12.1,988.5852370563938,558.9502009505729,3.2385920556711154,1,2,6,0
12.108333333333333,989.1294785058744,559.0468727254599,3.26385496640996,1,2,6,0
12.116666666666667,989.964083774131,559.2490249231852,3.2190887699256328,1,2,6,0
12.125,990.4965421723053,559.9670116232833,3.26251103460466,1,2,6,0
12.133333333333333,990.6176176254038,560.0859756933636,3.25291414173713,1,2,6,0
12.141666666666667,990.5322460120032,560.6048851529858,3.2498870218655243,1,2,6,0
12.15,990.208298365292,560.2258570279868,3.2480526912362047,1,2,6,0
12.158333333333333,990.9352511681266,559.5661877295988,3.226215450142437,1,2,6,0
12.166666666666666,991.0963948018039,558.7119132863986,3.2299046923258796,1,2,6,0
12.175,989.7308514365608,558.8452316163109,3.238261993098934,1,2,6,0
12.183333333333334,988.8007121466816,558.4574681041347,3.2400696642375957,1,2,6,0
12.191666666666666,988.3197550804208,558.424223359853,3.272773893416612,1,2,6,0
12.2,988.4501299429826,559.13904050705,3.1891093672187645,1,2,6,0
12.208333333333334,988.3423169086126,559.4941283643421,3.2344461945056455,1,2,6,0
12.216666666666667,988.3793001224627,559.0680052206682,3.2451455827290605,1,2,6,0
12.225,987.8940120641867,559.0054797777585,3.2208453523852585,1,2,6,0
12.233333333333333,988.5485126029855,559.2839065041552,3.249728597838638,1,2,6,0
12.241666666666667,988.7079350553196,559.1061379387496,3.236099555095686,1,2,6,0
12.25,988.2958525607531,558.8183997569081,3.2284494634808873,1,2,6,0
12.258333333333333,988.4893797815618,559.5040802741231,3.2429207063194587,1,2,6,0
12.266666666666667,987.8510297221452,559.7850303815878,3.252606475136574,1,2,6,0
12.275,987.4862852621634,560.0584394653433,3.2188940348298107,1,2,6,0
12.283333333333333,987.2785544398715,560.0791297933988,3.244172915339187,1,2,6,0
12.291666666666666,986.5910206639383,560.3210479726256,3.226342804820651,1,2,6,0
12.3,986.2321310098604,559.9549315035433,3.1981768534368786,1,2,6,0
12.308333333333334,987.2426755209547,559.3351591641741,3.234418355666781,1,2,6,0
12.316666666666666,987.119538096088,559.3037454368498,3.2153194300394436,1,2,6,0
12.325,987.1753837885549,559.3756829080637,3.2244845549914127,1,2,6,0
12.333333333333334,986.8637288023253,559.6841027539999,3.220671766741943,1,2,6,0
12.341666666666667,986.7233775856462,559.8613271548987,3.2036187730576855,1,2,6,0
12.35,987.1734221846963,560.8657614542018,3.207336959983845,1,2,6,0
12.358333333333333,987.7379591461603,560.4173646128811,3.210842862591629,1,2,6,0
12.366666666666667,987.8970599472186,561.2979490082765,3.2201767956053677,1,2,6,0
12.375,987.8564276334558,562.3165463594966,3.22342730868394,1,2,6,0
12.383333333333333,987.7620880834618,562.587689000086,3.2095670930098383,1,2,6,0
12.391666666666667,986.8996900844065,563.4802485970549,3.2247599239522255,1,2,6,0
12.4,986.4275693164707,562.1725164948455,3.245550704546359,1,2,6,0
12.408333333333333,986.4243843931008,562.8212221403734,3.2014361615620364,1,2,6,0
12.416666666666666,985.3187245552101,562.9974551036653,3.218590822749423,1,2,6,0
12.425,984.6386401992793,564.1669292763346,3.225097073764327,1,2,6,0
12.433333333333334,984.3263880006124,564.6629204121006,3.1887903659068413,1,2,6,0
12.441666666666666,984.4391038055973,564.5674038634332,3.1891928807093244,1,2,6,0
12.45,984.3658358636554,564.7393427491479,3.2275401297715223,1,2,6,0
12.458333333333334,984.915725333615,564.6334946891088,3.2283633068926534,1,2,6,0
12.466666666666667,984.1658539985468,564.7833330002712,3.2145015412632136,1,2,6,0
12.475,983.3719150756983,564.9321380516393,3.2159267002973717,1,2,6,0
12.483333333333333,984.1741805397946,564.8524387625965,3.192815852492097,1,2,6,0
12.491666666666667,984.0242257316587,564.7045978704064,3.1728682658802563,1,2,6,0
12.5,984.7456346201383,565.1390699054485,3.1849559870822652,1,2,6,0
12.508333333333333,985.1933468888327,565.5046521643939,3.2146853453894986,1,2,6,0
12.516666666666667,985.2209725782895,566.4002778726375,3.194617512547911,1,2,6,0
12.525,985.075354993894,566.2300639987743,3.163632211703999,1,2,6,0
12.533333333333333,984.8922773767166,565.5185277410997,3.1622271659161494,1,2,6,0
12.541666666666666,985.1269492222748,564.6530747925831,3.180720742763626,1,2,6,0
12.55,984.0051922251665,563.8720637167821,3.165968166800964,1,2,6,0
12.558333333333334,984.1656510929557,563.3937200178996,3.1482431727827116,1,2,6,0
12.566666666666666,983.2237626585126,562.8825607320232,3.2065171149459886,1,2,6,0
12.575,983.4471533881086,563.3419337155824,3.190143600393898,1,2,6,0
12.583333333333334,983.4579594566786,564.1436261813967,3.2015898883038116,1,2,6,0
12.591666666666667,983.0933236365918,563.6490489062625,3.201025423650013,1,2,6,0
12.6,983.0997447841685,563.3623917875581,3.1338415844471044,1,2,6,0
12.608333333333333,983.1357481121944,563.4314755583293,3.2038126055467306,1,2,6,0
12.616666666666667,982.5372885075944,563.9494030894035,3.174589547438723,1,2,6,0
12.625,983.0909074763658,564.680917016967,3.1886388537433747,1,2,6,0
12.633333333333333,981.9632987530139,564.3661812255019,3.1785216424501965,1,2,6,0
12.641666666666667,982.2649871363261,564.6187695302517,3.207493543468263,1,2,6,0
12.65,981.4907456025722,564.1105898408692,3.133310380445195,1,2,6,0
12.658333333333333,980.8778653370092,564.1352639105452,3.1817289961932587,1,2,6,0
12.666666666666666,981.5265849121632,564.1721561694256,3.1944633689745427,1,2,6,0
12.675,982.21446608997,563.6218097387132,3.1631524670436995,1,2,6,0
12.683333333333334,982.3605099462618,564.2200030061409,3.202814020438266,1,2,6,0
12.691666666666666,982.4097131630489,563.7864804329596,3.1959445968950715,1,2,6,0
12.7,982.1350498375665,563.7016318935237,3.163878663708552,1,2,6,0
12.708333333333334,981.2053217700006,563.6440054183016,3.1715804303111463,1,2,6,0
12.716666666666667,981.8942664500141,564.0421223919669,3.161131359324785,1,2,6,0
12.725,982.4160829823893,563.5288353780342,3.1523944076485724,1,2,6,0
12.733333333333333,982.8581434990185,564.0206337715564,3.150822758879504,1,2,6,0
12.741666666666667,983.3365525096494,563.9675474123666,3.150248429599678,1,2,6,0
12.75,983.5681047184912,564.516639282801,3.1698490567677498,1,2,6,0
12.758333333333333,984.0977279318231,563.6849220662463,3.1612900674912052,1,2,6,0
12.766666666666667,982.8909278105863,563.6092202121812,3.179176320798351,1,2,6,0
12.775,983.0707152095008,563.3971918498397,3.177788990542134,1,2,6,0
12.783333333333333,983.7414888185343,563.5352028687204,3.157415453121162,1,2,6,0
12.791666666666666,983.8196179543257,564.0439768325145,3.1662135926380053,1,2,6,0
12.8,983.8469666125038,563.9161564441013,3.168442297364163,1,2,6,0
12.808333333333334,983.3201737606346,563.4328314469851,3.1949552628240343,1,2,6,0
12.816666666666666,983.4757029410456,563.3354272074563,3.1703917113010927,1,2,6,0
12.825,983.6734345676524,562.8942659760529,3.166549765345872,1,2,6,0
12.833333333333334,982.8161876390411,562.52007201501,3.147954196747911,1,2,6,0
12.841666666666667,983.0390163731771,562.2747112990862,3.173173881495238,1,2,6,0
12.85,983.8634465836384,561.9415398034383,3.168362404212696,1,2,6,0
12.858333333333333,983.2419601223868,561.1863905620411,3.159952501967154,1,2,6,0
12.866666666666667,983.3072054017256,561.575647964203,3.163728626436828,1,2,6,0
12.875,982.8617514818043,562.4048416695371,3.1436362040340238,1,2,6,0
12.883333333333333,983.1272218758179,561.8452352810205,3.1573271696417127,1,2,6,0
12.891666666666667,983.3477032340212,561.5566805487998,3.1496200318082943,1,2,6,0
12.9,984.48585902632,561.2931155338845,3.161168518167338,1,2,6,0
12.908333333333333,1445.1863909980852,855.9623715800153,3.16059694039349,1,2,6,0
12.916666666666666,1445.281681817361,855.6145652911823,3.1355619061985514,1,2,6,0
12.925,984.4722041231156,561.1982612371052,3.11455158045847,1,2,6,0
12.933333333333334,983.819331399026,561.5278610106199,3.1606478148674086,1,2,6,0
12.941666666666666,984.2875829149075,561.3330248485995,3.114220365532192,1,2,6,0
12.95,984.5373142592841,561.5129941444704,3.126095181507557,1,2,6,0
12.958333333333334,984.1656641668511,560.7161668249032,3.1462294254426624,1,2,6,0
12.966666666666667,984.3102728650927,560.5330384752345,3.1503035975793523,1,2,6,0
12.975,984.9473239716762,560.0674842686615,3.1489179429177865,1,2,6,0
12.983333333333333,984.9914619784461,560.0392140567167,3.133511234520913,1,2,6,0
12.991666666666667,985.317865903022,560.6137317303796,3.132632767871642,1,2,6,0
13.0,985.2248529722618,560.4590360730277,3.140437303403327,1,2,6,0
13.008333333333333,985.2057617411394,561.1332102750243,3.158465366790581,1,2,6,0
13.016666666666667,984.5528039319614,561.6701175998177,3.1094287113048558,1,2,6,0
13.025,984.5893838532315,561.125738067269,3.1401665382573136,1,2,6,0
13.033333333333333,984.7409293361401,561.5950023370309,3.0880823079517947,1,2,6,0
13.041666666666666,984.203538539979,561.7133246495341,3.1134644671948895,1,2,6,0
13.05,984.8643527926923,560.9432907525103,3.1420479605576945,1,2,6,0
13.058333333333334,984.5408788803004,560.3303307203299,3.171026619251207,1,2,6,0
13.066666666666666,984.982314579476,561.0727485926615,3.1452962006867464,1,2,6,0
13.075,984.3186946422644,560.9026874755577,3.156326658916034,1,2,6,0
13.083333333333334,984.1039741939775,561.23399224941,3.12213355883504,1,2,6,0
13.091666666666667,983.8894972950847,561.2972373777231,3.1331333391828826,1,2,6,0
13.1,984.2985201450899,561.2511843557272,3.091164052378409,1,2,6,0
13.108333333333333,984.7128858909415,560.8952724153568,3.1401608823064335,1,2,6,0
13.116666666666667,985.26836064051,561.2402984182456,3.148016871097861,1,2,6,0
13.125,985.760435966003,561.6761015028428,3.117069687390189,1,2,6,0
13.133333333333333,985.7192239747075,562.3915285101031,3.1140423303733034,1,2,6,0
13.141666666666667,986.7857414167661,562.9908969242381,3.1204075235981796,1,2,6,0
13.15,986.1210017589341,562.9651471398474,3.1328997930157625,1,2,6,0
13.158333333333333,985.4185124056185,562.5592487552908,3.122487022613595,1,2,6,0
13.166666666666666,985.1118531165681,562.3804690913853,3.1335715891385756,1,2,6,0
13.175,985.9829514355805,562.7438731328608,3.130248176521194,1,2,6,0
13.183333333333334,987.129636171152,562.0432495925168,3.112409785666508,1,2,6,0
13.191666666666666,986.2842193593352,562.5539701070929,3.078343319475646,1,2,6,0
13.2,986.7564396525331,562.9642702004732,3.125030973784419,1,2,6,0
13.208333333333334,986.8360859582415,563.3773484809997,3.139279017786839,1,2,6,0
13.216666666666667,986.1753184086416,562.8626869663105,3.1325170344588997,1,2,6,0
13.225,986.0174960502558,562.7144871011715,3.120736720494572,1,2,6,0
13.233333333333333,985.8618990855564,562.3487988648237,3.12597570953517,1,2,6,0
13.241666666666667,985.2299334420885,562.5869216828846,3.1504739095717555,1,2,6,0
13.25,984.7573586811501,563.4077680643036,3.1006508197210594,1,2,6,0
13.258333333333333,985.0617159609241,563.3373002864554,3.087854785032664,1,2,6,0
13.266666666666667,985.3310122932984,562.9001821803406,3.095356573122546,1,2,6,0
13.275,985.3019197850549,563.4691090672229,3.1046905205724555,1,2,6,0
13.283333333333333,985.0671010973355,563.426483570894,3.1008279806606556,1,2,6,0
13.291666666666666,985.1824695744824,563.2640183656486,3.1105721932627155,1,2,6,0
13.3,985.1311034784952,562.6567417809209,3.109383604611875,1,2,6,0
13.308333333333334,985.3945731669377,561.9653782324846,3.081008101689307,1,2,6,0
13.316666666666666,985.6153033168309,561.8546772616896,3.107473867186063,1,2,6,0
13.325,986.2641668318071,561.0669652773944,3.138270242017159,1,2,6,0
13.333333333333334,985.8779939651109,560.3540114904642,3.141980819118724,1,2,6,0
13.341666666666667,985.8554990903839,560.4711577912911,3.146217580684404,1,2,6,0
13.35,986.0653505215457,560.2182018809181,3.1022161372853936,1,2,6,0
13.358333333333333,985.7919051414076,559.6660452888646,3.1084863874100113,1,2,6,0
13.366666666666667,986.0704834472818,559.5914974336254,3.109384316866404,1,2,6,0
13.375,986.3503913100794,560.1294637948946,3.0746823334758195,1,2,6,0
13.383333333333333,986.5594387256765,560.0498702293385,3.138909663045525,1,2,6,0
13.391666666666667,986.3382276311676,561.0249058257614,3.120878362684147,1,2,6,0
13.4,986.6379348154071,560.2048564707163,3.11596014094747,1,2,6,0
13.408333333333333,988.079795056962,559.7335431324703,3.158137608235151,1,2,6,0
13.416666666666666,988.2097114945107,559.4722912347402,3.1204783755972314,1,2,6,0
13.425,988.9939995694947,560.4716887576249,3.130777609637476,1,2,6,0
13.433333333333334,989.5078720374119,559.8670398490882,3.1010282737554977,1,2,6,0
13.441666666666666,989.3920754813258,559.1991551504475,3.1390370609767855,1,2,6,0
13.45,990.3586229496271,559.9696891473527,3.0816492835490514,1,2,6,0
13.458333333333334,990.7197171579624,560.1541863420598,3.111419466478701,1,2,6,0
13.466666666666667,991.1110336708252,559.7997333341093,3.1323413669114526,1,2,6,0
13.475,991.4242736854161,559.6808451375001,3.0932671946874613,1,2,6,0
13.483333333333333,992.3490334702417,560.1539677655957,3.123599747249396,1,2,6,0
13.491666666666667,991.258797507751,560.3921953604158,3.0933206299910814,1,2,6,0
13.5,991.3224386858012,560.1900642480421,3.1333034505934148,1,2,6,0
13.508333333333333,990.1154581827511,560.3249056192574,3.099460076178072,1,2,6,0
13.516666666666667,989.9375977982023,560.0184957216065,3.1059934025346148,1,2,6,0
13.525,989.4648513497444,560.1757149734347,3.0834897120845715,1,2,6,0
13.533333333333333,988.5493017963494,560.1612072448479,3.138397804005902,1,2,6,0
13.541666666666666,988.2518060180727,559.3654597875014,3.0710000430735547,1,2,6,0
13.55,987.4557504126506,559.3198159317151,3.122713864929085,1,2,6,0
13.558333333333334,987.4365046501545,560.0137164507264,3.0584936634348643,1,2,6,0
13.566666666666666,987.3792907964167,560.0285070688449,3.1206092453355834,1,2,6,0
13.575,987.4768364320544,561.1898206105767,3.0966482757900273,1,2,6,0
13.583333333333334,987.4652794120234,561.1295897246556,3.082866265018622,1,2,6,0
13.591666666666667,987.9833601880413,562.3147252138025,3.1358946540567483,1,2,6,0
13.6,987.033362841171,561.5058324723384,3.118969731906606,1,2,6,0
13.608333333333333,987.3141463033388,561.6666010776243,3.0827422180327098,1,2,6,0
13.616666666666667,986.6673321542257,561.8636320428291,3.1187137362166744,1,2,6,0
13.625,986.6866995571146,562.6264409285474,3.0912752154041274,1,2,6,0
13.633333333333333,986.606339311703,562.873071696517,3.1155611022734955,1,2,6,0
13.641666666666667,987.3234002554165,563.3922504226879,3.11556647738379,1,2,6,0
13.65,987.4919473963943,563.5342181749082,3.100572382671731,1,2,6,0
13.658333333333333,987.3948465986417,563.8610287208851,3.1182920672313252,1,2,6,0
13.666666666666666,987.1220641936247,563.7825670723647,3.112518056577696,1,2,6,0
13.675,986.6530014903556,564.2638003955178,3.102071787834014,1,2,6,0
13.683333333333334,987.4009763974536,564.1038583522082,3.1044637403746154,1,2,6,0
13.691666666666666,986.948734857415,563.9631978327664,3.081720490627301,1,2,6,0
13.7,986.6606022321263,563.1117489701068,3.0607877991296015,1,2,6,0
13.708333333333334,986.4854609282809,564.1682777160695,3.124726613448408,1,2,6,0
13.716666666666667,985.8696212570391,564.5312406679219,3.0920859873860556,1,2,6,0
13.725,986.2934326981958,564.022401344185,3.1048417675615427,1,2,6,0
13.733333333333333,986.8234883163516,564.0688732779295,3.1006957262365304,1,2,6,0
13.741666666666667,986.7125586489282,564.6605819179002,3.066813868555619,1,2,6,0
13.75,987.4454635658777,564.3845223244557,3.0732856903246293,1,2,6,0
13.758333333333333,987.4132655357755,564.5184295628142,3.068884566490641,1,2,6,0
13.766666666666667,986.0920369718091,564.8429264109252,3.101400837764068,1,2,6,0
13.775,986.0969841758758,565.4610692245471,3.131465021219797,1,2,6,0
13.783333333333333,985.2357506814876,565.5509301379536,3.1027708946286574,1,2,6,0
13.791666666666666,985.0945640631841,565.9634497281323,3.121728288780489,1,2,6,0
13.8,985.4361052123436,565.2623436112644,3.0910904296907167,1,2,6,0
13.808333333333334,986.3995969717554,565.3990695787373,3.1007938462146405,1,2,6,0
13.816666666666666,986.1153579187724,564.588522319915,3.0845711404013785,1,2,6,0
13.825,986.4219042793746,563.9317396789717,3.100340147237286,1,2,6,0
13.833333333333334,986.2984590868888,563.88142090559,3.1210050324784304,1,2,6,0
13.841666666666667,986.6671937971225,564.1198631546432,3.118076087691091,1,2,6,0
13.85,986.4154866563176,565.2328890781159,3.0929032775013248,1,2,6,0
13.858333333333333,985.6818418524061,564.4706004399584,3.096426626050025,1,2,6,0
13.866666666666667,986.1603684744481,564.5856378682633,3.1016197778548764,1,2,6,0
13.875,986.5372979024812,565.1944307870244,3.08201337071069,1,2,6,0
13.883333333333333,986.5475081174025,565.5768179593227,3.124617656453708,1,2,6,0
13.891666666666667,985.640028974257,565.2020544850674,3.1238211900209154,1,2,6,0
13.9,985.8028869027686,564.7046896490216,3.1021585948999215,1,2,6,0
13.908333333333333,986.3054324530603,565.85250206141,3.114035863322856,1,2,6,0
13.916666666666666,986.7084823405966,565.3186585570869,3.099933314011751,1,2,6,0
13.925,985.4789971941776,565.4866739154917,3.1168259185820593,1,2,6,0
13.933333333333334,985.1419589156667,565.3415849117027,3.135686093002404,1,2,6,0
13.941666666666666,984.3997336603541,565.6132324039338,3.099726526187516,1,2,6,0
13.95,984.5455010868595,565.3133604517487,3.088031097434426,1,2,6,0
13.958333333333334,985.0155321391768,565.5949785625273,3.106356716462791,1,2,6,0
13.966666666666667,985.1894369624409,565.5235325546216,3.078647118061353,1,2,6,0
13.975,985.2172787945619,566.282750815093,3.1052788244311915,1,2,6,0
13.983333333333333,985.107691507266,566.2429830747207,3.14538559409935,1,2,6,0
13.991666666666667,984.7216771163047,565.5821206417979,3.1207329796445604,1,2,6,0
14.0,984.867558587648,565.2658209710803,3.117692895071943,1,2,6,0
14.008333333333333,984.1641661032962,565.2594551833248,3.0933489126001077,1,2,6,0
14.016666666666667,984.0862096434563,564.5123133134916,3.1025394218777014,1,2,6,0
14.025,983.8128457981845,565.3897156980436,3.0853870954259404,1,2,6,0
14.033333333333333,983.146706032417,565.3168893274734,3.0683201362871593,1,2,6,0
14.041666666666666,983.1477556074353,565.3946093753722,3.11371244051945,1,2,6,0
14.05,983.172599799428,564.851614475555,3.1022577376236122,1,2,6,0
14.058333333333334,983.0136584813756,565.0675469893541,3.1374769411497185,1,2,6,0
14.066666666666666,983.7210164395252,564.629419040157,3.121659311253117,1,2,6,0
14.075,983.4698361295949,565.1614346505113,3.1104692011305395,1,2,6,0
14.083333333333334,983.7224293643308,565.0414750652083,3.1036884376601126,1,2,6,0
14.091666666666667,983.2095420760337,565.1911260532415,3.077331604840902,1,2,6,0
14.1,981.9453620283994,566.0013297966003,3.127120660610634,1,2,6,0
14.108333333333333,982.3616835219293,565.3814461605137,3.1391518126169533,1,2,6,0
14.116666666666667,982.016649888481,564.8600731290734,3.10198951239354,1,2,6,0
14.125,982.3035356940121,565.5175774639546,3.108836309785311,1,2,6,0
14.133333333333333,981.9787921311922,565.5869561963225,3.0718392345005814,1,2,6,0
14.141666666666667,981.6886427239078,565.3335482695749,3.118868684160024,1,2,6,0
14.15,981.3801206134532,565.3350423012719,3.1036921531111954,1,2,6,0
14.158333333333333,981.3023519983616,565.9253784148297,3.1254740768656433,1,2,6,0
14.166666666666666,980.9221204542781,565.2441945464368,3.101538256920582,1,2,6,0
14.175,981.0414829162629,564.5198232722512,3.094893692532379,1,2,6,0
14.183333333333334,982.0695525211011,564.5045199073035,3.125405273556068,1,2,6,0
14.191666666666666,982.5678551212231,564.5788364274555,3.086002478164525,1,2,6,0
14.2,983.008943932934,564.8542259042033,3.096359125347397,1,2,6,0
14.208333333333334,982.3910486202928,564.3924345511551,3.1726316427598378,1,2,6,0
14.216666666666667,982.7571562074071,564.7510442393977,3.111168607676971,1,2,6,0
14.225,983.6723892847726,564.2581684720618,3.1092701294084417,1,2,6,0
14.233333333333333,983.927293683677,563.924429123452,3.0970426833400126,1,2,6,0
14.241666666666667,984.4706827307217,564.4681339220914,3.0954916467784117,1,2,6,0
14.25,984.174607373928,564.0876702415409,3.108914604035131,1,2,6,0
14.258333333333333,984.8784349110033,563.3257100780138,3.156635552590491,1,2,6,0
14.266666666666667,985.2605615291959,563.6683449792308,3.1065416884426202,1,2,6,0
14.275,984.4570616796204,563.8602964988127,3.099920450936085,1,2,6,0
14.283333333333333,984.671227012904,563.6889861108458,3.1261312756230852,1,2,6,0
14.291666666666666,985.030115500196,563.4177378713863,3.1208986481923704,1,2,6,0
14.3,984.9806842720153,563.4821451855057,3.139205778505761,1,2,6,0
14.308333333333334,985.2011460941312,563.2255580507614,3.1265588127205097,1,2,6,0
14.316666666666666,984.7905530644482,563.3749704645379,3.134497532435029,1,2,6,0
14.325,984.6983775445742,563.2540501131914,3.0810450167843664,1,2,6,0
14.333333333333334,984.6684115120997,563.2810846054558,3.109964137376745,1,2,6,0
14.341666666666667,984.9547147982975,563.3421471989537,3.1115240495635046,1,2,6,0
14.35,984.1825106566952,563.5081113048226,3.1153547098396026,1,2,6,0
14.358333333333333,983.3878988034452,562.666619936652,3.117954833258998,1,2,6,0
14.366666666666667,983.3498067376955,564.2134808420666,3.1281084666752017,1,2,6,0
14.375,983.5069785084282,564.1861772771867,3.1423934861080554,1,2,6,0
14.383333333333333,983.385945796923,563.1816837935501,3.1237613634743826,1,2,6,0
14.391666666666667,982.7406653187925,563.7483187503707,3.08807496951916,1,2,6,0
14.4,982.0728321781794,563.5886982675146,3.157622879499583,1,2,6,0
14.408333333333333,982.0236772774921,563.1168337617729,3.11238405693365,1,2,6,0
14.416666666666666,982.3417829396798,562.9343827219313,3.1475246141874234,1,2,6,0
14.425,982.6154463851623,561.6353541002364,3.128125525553248,1,2,6,0
14.433333333333334,982.1650969207375,561.5902583348928,3.1162588482902147,1,2,6,0
14.441666666666666,982.2947049367804,562.1488222218516,3.14687164115479,1,2,6,0
14.45,982.4338018783907,562.4362294190859,3.1300254306744337,1,2,6,0
14.458333333333334,982.1115454294282,561.9127323912575,3.128503894836966,1,2,6,0
14.466666666666667,981.8325466986697,561.7768144169551,3.1431075087284466,1,2,6,0
14.475,982.087225413503,561.4961297636423,3.1618881325268986,1,2,6,0
14.483333333333333,982.1300357492398,562.0179184016396,3.160842896357244,1,2,6,0
14.491666666666667,982.2308754754135,561.5685449674181,3.123592650733731,1,2,6,0
14.5,981.9938091452102,562.0216055923437,3.133701588559971,1,2,6,0
14.508333333333333,982.1057588115629,561.7236982587428,3.1320610753543185,1,2,6,0
14.516666666666667,982.4686115874913,561.8805123093431,3.125959575200571,1,2,6,0
14.525,982.5248505062189,562.7383638284643,3.0972982314795634,1,2,6,0
14.533333333333333,982.0609523050116,561.9849287098474,3.14232254727114,1,2,6,0
14.541666666666666,981.4051188682955,561.7205918012211,3.1336878871491716,1,2,6,0
14.55,981.1050020621573,562.3489420206347,3.1670159634685024,1,2,6,0
14.558333333333334,981.7088373438534,561.896823117314,3.1401254005129013,1,2,6,0
14.566666666666666,1034.151358278726,640.2534132765745,3.132257472613243,1,2,6,0
14.575,1034.678572289501,640.0457763730072,3.14456082066772,1,2,6,0
14.583333333333334,981.8033077469165,560.8980722472202,3.1406073314207186,1,2,6,0
14.591666666666667,981.2378926586632,561.1752581886212,3.125849299848945,1,2,6,0
14.6,981.501983305363,560.7771749246114,3.147601854418791,1,2,6,0
14.608333333333333,981.8938328888764,560.4510958229337,3.0969219716725167,1,2,6,0
14.616666666666667,982.5782757467291,560.2423453783741,3.1495315950658465,1,2,6,0
14.625,983.0498747030634,559.6938100250486,3.149553669334159,1,2,6,0
14.633333333333333,983.2608231803429,559.5078496465214,3.1856814612803097,1,2,6,0
14.641666666666667,982.6475195033395,559.171408906907,3.187312765792509,1,2,6,0
14.65,982.4341651169136,559.2555628366943,3.1651693699692673,1,2,6,0
14.658333333333333,982.480716006087,559.0834575917925,3.1461798991117274,1,2,6,0
14.666666666666666,982.6695962532064,558.6738785905707,3.159304719593476,1,2,6,0
14.675,981.8071280632621,557.6948279992107,3.1493209276703515,1,2,6,0
14.683333333333334,981.1728899606967,558.5655527031703,3.1757119315765383,1,2,6,0
14.691666666666666,981.3834900703658,558.6442580110939,3.1519488382248664,1,2,6,0
14.7,981.7427817747988,557.8510281381955,3.1533642541627915,1,2,6,0
14.708333333333334,981.9477997031942,558.2014619881252,3.1585694167175546,1,2,6,0
14.716666666666667,981.2727992039084,558.5432811749056,3.143099718092472,1,2,6,0
14.725,980.5841055277747,558.5160896040483,3.2155777422017793,1,2,6,0
14.733333333333333,980.5712351125582,559.274700689137,3.1693516743144383,1,2,6,0
14.741666666666667,980.4723122189112,559.4662861948746,3.1703985303273425,1,2,6,0
14.75,980.160027163783,559.0305085841613,3.1880658088654394,1,2,6,0
14.758333333333333,979.7253357136316,559.1629531071004,3.155698513883553,1,2,6,0
14.766666666666667,980.3048909653345,558.5509681593524,3.1717270093799965,1,2,6,0
14.775,980.9734355195312,558.1809499495431,3.1750262162293694,1,2,6,0
14.783333333333333,980.9819000090857,558.2372815002728,3.181001417461715,1,2,6,0
14.791666666666666,980.6280319641443,558.1602728815759,3.1769518905268206,1,2,6,0
14.8,980.703530954167,557.6712106201161,3.1547724911247763,1,2,6,0
14.808333333333334,979.9736949016158,556.9741147118831,3.1668084304489392,1,2,6,0
14.816666666666666,979.630115593181,557.0862249086936,3.1619238732500476,1,2,6,0
14.825,979.107780975173,557.203004998929,3.1945357984491056,1,2,6,0
14.833333333333334,979.3576670711954,557.0325873172102,3.1504734064382474,1,2,6,0
14.841666666666667,979.3938840295054,557.1031338417556,3.2056551593113363,1,2,6,0
14.85,979.491608296937,557.2856453039482,3.1685038134284813,1,2,6,0
14.858333333333333,979.5387813583802,556.6907221787726,3.1888869823765806,1,2,6,0
14.866666666666667,980.3394596480784,556.8594676753472,3.167195393324868,1,2,6,0
14.875,979.816521103156,557.932738469078,3.168589060817688,1,2,6,0
14.883333333333333,979.1970803846651,558.2713260812975,3.1841942380182093,1,2,6,0
14.891666666666667,978.6015303270545,558.9001677252382,3.1825889539492027,1,2,6,0
14.9,978.7916772468428,558.3584994074381,3.172182646281742,1,2,6,0
14.908333333333333,979.0066414482042,557.7719064705117,3.1318890435710536,1,2,6,0
14.916666666666666,978.363494151321,557.5438972230309,3.206768336695295,1,2,6,0
14.925,977.8136718779057,558.3308794240284,3.169707225662933,1,2,6,0
14.933333333333334,978.347083244976,557.6636431168579,3.1791585559323785,1,2,6,0
14.941666666666666,978.704803589291,557.566905930944,3.187071665704986,1,2,6,0
14.95,979.116525935247,557.2851801014846,3.1708818128404674,1,2,6,0
14.958333333333334,979.0976684376577,556.0711929982939,3.1912601608786284,1,2,6,0
14.966666666666667,978.3418004690767,555.5588553927445,3.1857831808145414,1,2,6,0
14.975,978.0446574372867,555.2138609983482,3.1920789910827163,1,2,6,0
14.983333333333333,978.9447671102872,556.0378898233075,3.1953184086098165,1,2,6,0
14.991666666666667,979.4497145284806,556.0358237053483,3.23195855843288,1,2,6,0
15.0,980.1797466506112,556.260083151962,3.1843543929461435,1,2,6,0
15.008333333333333,980.6975405358467,557.0555358420805,3.1981950388821105,1,2,6,0
15.016666666666667,607.6055317640701,519.292609286429,3.1965936522188887,1,2,6,0
15.025,608.3050381919059,519.37652442818,3.2458269836600766,1,2,6,0
15.033333333333333,979.9161655424477,556.9136975696655,3.203452594076244,1,2,6,0
15.041666666666666,979.2015673159736,556.8852107348847,3.1901041237469623,1,2,6,0
15.05,979.205120120281,557.4199623297214,3.1988879497729976,1,2,6,0
15.058333333333334,980.1278004478681,556.6425694751108,3.217635092243837,1,2,6,0
15.066666666666666,979.6913960030962,557.3124351385037,3.1883699196374993,1,2,6,0
15.075,979.5196480646106,557.2389613273469,3.204832892569561,1,2,6,0
15.083333333333334,979.2828742949397,557.6133777325963,3.2409312705032596,1,2,6,0
15.091666666666667,979.2918692660922,557.1659397913473,3.206270442375161,1,2,6,0
15.1,980.4202804299728,558.2778276012472,3.224800473004096,1,2,6,0
15.108333333333333,980.8568853265739,558.8589734522169,3.261817226495995,1,2,6,0
15.116666666666667,981.4709284422801,559.0666272784063,3.2307358081075606,1,2,6,0
15.125,981.2531035528924,558.7894845078035,3.217873242403534,1,2,6,0
15.133333333333333,1238.7809114786621,326.0549781269226,3.231800621488274,1,2,6,0
15.141666666666667,1238.3714623543078,327.01697181135614,3.1751567678082,1,2,6,0
15.15,980.3558473262449,560.2326634039373,3.238915279258488,1,2,6,0
15.158333333333333,980.422323297826,559.8190794366168,3.2433714317713713,1,2,6,0
15.166666666666666,980.1509359909935,560.9866995445601,3.243117053163349,1,2,6,0
15.175,979.8477420672489,560.7902727319142,3.219810695296491,1,2,6,0
15.183333333333334,979.4717679546501,560.4999467103396,3.209165324263233,1,2,6,0
15.191666666666666,979.5473754400831,560.8768046939949,3.1941312486096702,1,2,6,0
15.2,980.0107386663371,561.0050297681221,3.2036689125306603,1,2,6,0
15.208333333333334,980.9231180317632,560.3153933120253,3.2074215528222827,1,2,6,0
15.216666666666667,981.0126460884467,560.3282253544655,3.232482199411479,1,2,6,0
15.225,981.2284035917214,559.5928472570539,3.210525503563644,1,2,6,0
15.233333333333333,981.0503781512459,559.8453625069437,3.2378271245171715,1,2,6,0
15.241666666666667,980.2703198078402,560.0935962907224,3.214632917624325,1,2,6,0
15.25,981.0449641107283,560.3165649320824,3.2607796214267597,1,2,6,0
15.258333333333333,980.7816373194463,560.7761763267856,3.200321953738142,1,2,6,0
15.266666666666667,980.3426127012549,560.9944983724147,3.256899628049159,1,2,6,0
15.275,980.5533701942182,560.762034932801,3.2386553632746393,1,2,6,0
15.283333333333333,981.0527304761338,560.7415453510673,3.254891763312792,1,2,6,0
15.291666666666666,981.0839108801554,561.0166375134116,3.2287800285131953,1,2,6,0
15.3,981.0805104527005,561.201287516953,3.23996745847307,1,2,6,0
15.308333333333334,980.9697140966547,562.1103107222868,3.2231729584019773,1,2,6,0
15.316666666666666,981.1369218298624,562.7523450452849,3.221219119011249,1,2,6,0
15.325,981.3504047664205,562.5991513161094,3.236733365493968,1,2,6,0
15.333333333333334,981.4610834047581,562.5920112327516,3.2627282338020382,1,2,6,0
15.341666666666667,982.0808832168732,562.4351754135258,3.2469117630888724,1,2,6,0
15.35,982.3942311696462,562.2193325451079,3.211309872566503,1,2,6,0
15.358333333333333,982.5199278080191,562.3047153462535,3.2358295537298085,1,2,6,0
15.366666666666667,982.3091222274028,563.0587911855113,3.2600946748758646,1,2,6,0
15.375,982.5459570171183,563.6616316081568,3.2156543382472025,1,2,6,0
15.383333333333333,982.8525116384958,563.4592976302238,3.2745807048448707,1,2,6,0
15.391666666666667,982.8346195504602,563.5423318054038,3.244923177615844,1,2,6,0
15.4,983.5782259918129,563.2529632781215,3.216970602217046,1,2,6,0
15.408333333333333,982.9731639431819,563.2298414006053,3.2576389381219673,1,2,6,0
15.416666666666666,982.9738453778649,562.9739167970008,3.2463556476892554,1,2,6,0
15.425,983.2224971219921,562.950920633844,3.2627771794632188,1,2,6,0
15.433333333333334,1370.4967058207908,729.7148837175255,3.250020379973032,1,2,6,0
15.441666666666666,1369.9280310418285,729.8227862240615,3.2840126148909166,1,2,6,0
15.45,982.8862152121914,562.8893811469044,3.262309112894817,1,2,6,0
15.458333333333334,983.4835979140435,563.5361535471648,3.231633098204979,1,2,6,0
15.466666666666667,984.1772261021102,563.9450262065872,3.258225623932059,1,2,6,0
15.475,984.3206979981468,564.0939077659845,3.2564139568600248,1,2,6,0
15.483333333333333,983.5975564427537,564.8933236209994,3.222849840054811,1,2,6,0
15.491666666666667,984.791419595458,564.5723421622151,3.265750810952384,1,2,6,0
15.5,984.9706118549484,564.7278036371482,3.2556997743051093,1,2,6,0
15.508333333333333,983.9795201240148,564.7166211529395,3.2457422609962645,1,2,6,0
15.516666666666667,984.2377647513608,564.758617808528,3.252541958643413,1,2,6,0
15.525,983.9242666043127,564.656400107409,3.2568233585017086,1,2,6,0
15.533333333333333,983.8699128272024,564.9862718133713,3.2667190986571724,1,2,6,0
15.541666666666666,983.7769644539235,565.2975466331247,3.2813905368030976,1,2,6,0
15.55,983.5746489645751,564.4128416747261,3.2718903370428936,1,2,6,0
15.558333333333334,983.6372856509231,564.0317509314904,3.272876517973421,1,2,6,0
15.566666666666666,983.4671965784753,564.4658664987312,3.255873158249279,1,2,6,0
15.575,984.0105206205831,564.0872962153735,3.284247712011751,1,2,6,0
15.583333333333334,984.4456257364997,563.1438586641528,3.2724233062520436,1,2,6,0
15.591666666666667,985.0917912722799,562.8267865779704,3.281866314853723,1,2,6,0
15.6,984.4684195319019,562.5429197135918,3.248870890982402,1,2,6,0
15.608333333333333,984.5043820015275,562.6055800759493,3.261829496562468,1,2,6,0
15.616666666666667,985.4833559686881,562.5962079907187,3.260205833346053,1,2,6,0
15.625,985.2028249194234,562.7169665819605,3.2658492757135678,1,2,6,0
15.633333333333333,984.4544288749457,562.4970997219224,3.2946425484979476,1,2,6,0
15.641666666666667,984.4245666688339,562.1893999543465,3.299797055727329,1,2,6,0
15.65,983.5888822779137,562.0108061008657,3.2708084086606113,1,2,6,0
15.658333333333333,983.4208314044557,561.3358071912184,3.304783286737408,1,2,6,0
15.666666666666666,982.6678930765255,561.442372717176,3.277991086703735,1,2,6,0
15.675,982.0638069458644,561.7068810692939,3.2847759553325058,1,2,6,0
15.683333333333334,982.342870105778,562.1098515168043,3.31487622313716,1,2,6,0
15.691666666666666,982.4944284285087,562.2262124700852,3.272211334311021,1,2,6,0
15.7,981.6315334903569,562.6732902151224,3.3096347491155993,1,2,6,0
15.708333333333334,981.8486731544122,563.0328112341391,3.2870348726669234,1,2,6,0
15.716666666666667,981.7061858591251,563.0539869642546,3.2795256441033946,1,2,6,0
15.725,981.7537283731137,563.2222214984617,3.2802523233287406,1,2,6,0
15.733333333333333,981.3084630388465,563.250439520343,3.2804934461182738,1,2,6,0
15.741666666666667,981.993237119616,563.635269641733,3.2918628953218305,1,2,6,0
15.75,981.8333777941841,563.3958450678018,3.3267171000307654,1,2,6,0
15.758333333333333,982.3230377250098,563.6811966040511,3.262542376462782,1,2,6,0
15.766666666666667,982.619572087162,563.9742452794459,3.2666286517839525,1,2,6,0
15.775,982.3717380096924,564.7750220668831,3.3466336030186272,1,2,6,0
15.783333333333333,982.3164529406085,564.6419215476742,3.2913937295006988,1,2,6,0
15.791666666666666,981.7285045196361,565.0601978773539,3.289197858161207,1,2,6,0
15.8,981.6165297231476,565.3499866261955,3.2638317419184277,1,2,6,0
15.808333333333334,981.5281057076901,565.5782852543578,3.2560205623248915,1,2,6,0
15.816666666666666,982.2893603804214,565.4159831725837,3.289758095179069,1,2,6,0
15.825,982.395040229339,564.6773017831264,3.3087099029228737,1,2,6,0
15.833333333333334,982.9818794262924,564.3189138363563,3.3025050383213443,1,2,6,0
15.841666666666667,982.853933993165,564.4305371424597,3.3346102120596983,1,2,6,0
15.85,982.9192313822283,563.6937144964911,3.2745681269632327,1,2,6,0
15.858333333333333,984.2469671098365,564.2767710232425,3.2557859786208674,1,2,6,0
15.866666666666667,983.5122868960257,563.6109594131061,3.258869315010083,1,2,6,0
15.875,983.2263928430013,563.7311808066825,3.302427378275472,1,2,6,0
15.883333333333333,983.5638211086768,564.2499915089275,3.2890699643305754,1,2,6,0
15.891666666666667,982.9237179914485,564.7152613112937,3.3315510567818474,1,2,6,0
15.9,983.641529661059,566.1697555197902,3.2767788440711354,1,2,6,0
15.908333333333333,983.6958168465196,565.2689081485967,3.291890068079119,1,2,6,0
15.916666666666666,984.2518814522064,566.0089755563814,3.302898131051832,1,2,6,0
15.925,984.2729566842194,566.5813870194382,3.299687323047923,1,2,6,0
15.933333333333334,984.0548416901886,566.7034232068579,3.297651199047848,1,2,6,0
15.941666666666666,984.3692439150911,566.2644747578834,3.293703344423508,1,2,6,0
15.95,984.1568328894009,567.5759270271759,3.270042846071624,1,2,6,0
15.958333333333334,984.351515677772,568.088912045139,3.2969844095193372,1,2,6,0
15.966666666666667,983.9568387328866,568.063127017337,3.31066550610858,1,2,6,0
15.975,983.4173608259927,568.2556655111163,3.302324841801918,1,2,6,0
15.983333333333333,983.5076915027375,567.2850398278634,3.268781510440542,1,2,6,0
15.991666666666667,982.8462002841859,567.2743614883826,3.282239575681619,1,2,6,0
16.0,983.0468175219206,566.8558506559157,3.269557020972887,1,2,6,0
16.008333333333333,982.6511206131884,567.2328915668871,3.2944762128045904,1,2,6,0
16.016666666666666,981.5557334797749,566.9571030322913,3.2915419154013135,1,2,6,0
16.025,981.5910845461234,567.5295559981531,3.270527131888303,1,2,6,0
16.033333333333335,981.5475888067422,568.6216084708361,3.2743189023423906,1,2,6,0
16.041666666666668,981.7909416373484,569.2509070223209,3.2818171268735528,1,2,6,0
16.05,982.8834252855739,569.3484133583524,3.331371009710716,1,2,6,0
16.058333333333334,981.3929136775873,569.5781764611663,3.271572081918012,1,2,6,0
16.066666666666666,981.4726913052083,569.956985420519,3.3154471116075834,1,2,6,0
16.075,980.2576565089431,570.1553593646809,3.3252417526825435,1,2,6,0
16.083333333333332,980.2421953541866,570.8716340138702,3.2954008078806787,1,2,6,0
16.091666666666665,980.687987889363,571.3550253869179,3.3342634860153084,1,2,6,0
16.1,981.4499535666575,571.6926048183809,3.26781444057739,1,2,6,0
16.108333333333334,981.4261943301431,572.6308502304123,3.289382617258094,1,2,6,0
16.116666666666667,982.124003732968,573.2371628331886,3.283090687727053,1,2,6,0
16.125,982.21602472537,573.7536671015249,3.258202025474435,1,2,6,0
16.133333333333333,982.9163586059722,573.5973277424478,3.273599910272487,1,2,6,0
16.141666666666666,982.8149103327859,573.4952147232161,3.2959795145555053,1,2,6,0
16.15,982.6543536712159,573.2097885815053,3.28108461513314,1,2,6,0
16.158333333333335,981.906189632895,573.8073212000553,3.3162913643820175,1,2,6,0
16.166666666666668,982.6991701156195,574.1938263787325,3.299065346933328,1,2,6,0
16.175,983.0365854141604,573.6871712459906,3.302594722429505,1,2,6,0
16.183333333333334,983.7488640799248,574.6710343345817,3.306709983572946,1,2,6,0
16.191666666666666,984.0941259121016,574.883306079441,3.2992993239846715,1,2,6,0
16.2,983.530603965295,574.8703265241353,3.3064020953213378,1,2,6,0
16.208333333333332,983.455376669188,575.1731655636665,3.289851038004764,1,2,6,0
16.216666666666665,983.0939285714043,574.1660111861347,3.3188482754141515,1,2,6,0
16.225,983.6217583379955,574.7855986779232,3.2816170842698966,1,2,6,0
16.233333333333334,827.7607719584945,505.28666439690227,3.2997243062209325,1,2,6,0
16.241666666666667,828.1762586933887,504.8084531960155,3.292769810966859,1,2,6,0
16.25,985.123348204588,574.1840106595181,3.2954068624975386,1,2,6,0
16.258333333333333,985.3661711718923,573.2680624881556,3.30899443998649,1,2,6,0
16.266666666666666,984.8618058072027,573.561433319195,3.276464725716274,1,2,6,0
16.275,984.4914480856045,574.1239235933425,3.315357776172405,1,2,6,0
16.283333333333335,984.5413196538564,573.4978665469462,3.2758972312962236,1,2,6,0
16.291666666666668,984.7518348210549,573.3287427644282,3.295889294716444,1,2,6,0
16.3,984.8958158421899,573.1175373207432,3.3217044642297395,1,2,6,0
16.308333333333334,984.7855355482234,573.181894412874,3.2988092952771177,1,2,6,0
16.316666666666666,985.7099457245167,574.4082485812764,3.3010958838436877,1,2,6,0
16.325,985.0140220642812,573.5872765738912,3.292456642774785,1,2,6,0
16.333333333333332,984.9845361898681,573.4227623812724,3.2641392467538055,1,2,6,0
16.341666666666665,985.40973906142,574.1235489319104,3.2879714069547505,1,2,6,0
16.35,985.8394056645895,573.6598452428802,3.2831126870809757,1,2,6,0
16.358333333333334,985.7652686666736,573.1160761417683,3.2921128481376067,1,2,6,0
16.366666666666667,985.9238923091305,572.7462195246451,3.328170475740683,1,2,6,0
16.375,985.6554589238519,572.4373290995644,3.2819907209658146,1,2,6,0
16.383333333333333,986.1426935160308,572.1764241487041,3.3224121849628023,1,2,6,0
16.391666666666666,986.5545928451022,572.7161705192149,3.3060205597501846,1,2,6,0
16.4,986.4849514932758,571.7637453706451,3.293281717842306,1,2,6,0
16.408333333333335,987.1659186791708,571.8151410164584,3.2706052430214205,1,2,6,0
16.416666666666668,986.9815168220971,571.3828599499853,3.26125619948176,1,2,6,0
16.425,986.7430295328674,571.8588631412906,3.2920570936437463,1,2,6,0
16.433333333333334,987.1881513405857,572.5418813805517,3.2823956319773315,1,2,6,0
16.441666666666666,987.1192915295369,572.3492859822051,3.2891722648302824,1,2,6,0
16.45,987.1492626586048,572.5354060928524,3.284805062778185,1,2,6,0
16.458333333333332,986.7022286650414,572.7033766477219,3.289813256985802,1,2,6,0
16.466666666666665,986.6307082600089,572.5576285030122,3.291510042802396,1,2,6,0
16.475,986.4315083996654,572.4362467069926,3.2813618126286666,1,2,6,0
16.483333333333334,985.6949306256198,572.9647051007158,3.294135716012442,1,2,6,0
16.491666666666667,985.8093092724143,572.4932529109328,3.2788683076692817,1,2,6,0
16.5,985.2580509831837,572.6782422858732,3.297564525580195,1,2,6,0
16.508333333333333,986.4991204455046,573.9367221917012,3.297140194877846,1,2,6,0
16.516666666666666,987.078093437375,574.751105428764,3.312788419911407,1,2,6,0
16.525,987.5960155363059,575.3483485957048,3.298968456647263,1,2,6,0
16.533333333333335,987.6970465936498,575.2884428275296,3.3344907074126984,1,2,6,0
16.541666666666668,989.3559890443254,575.7283061391755,3.3141612107920575,1,2,6,0
16.55,989.0390143883258,575.7143234973361,3.2959957618163807,1,2,6,0
16.558333333333334,989.41683461596,574.6184889573036,3.286574371176893,1,2,6,0
16.566666666666666,988.6899910954543,574.0881542165847,3.301779885240469,1,2,6,0
16.575,988.8617716224323,574.8771028399719,3.2890582805575095,1,2,6,0
16.583333333333332,988.8253688508086,574.2015574369311,3.3427958639845943,1,2,6,0
16.591666666666665,988.0326554037852,573.7819878383347,3.293919793943715,1,2,6,0
16.6,987.383731972344,574.1587689129575,3.3268460976207725,1,2,6,0
16.608333333333334,988.2112243029427,573.7224607948531,3.31644161303113,1,2,6,0
16.616666666666667,988.4427591615494,574.2869330104137,3.319161971313904,1,2,6,0
16.625,988.4634351519188,573.5402494930731,3.2919319631731017,1,2,6,0
16.633333333333333,987.5421196228223,573.9337144469399,3.3339487457827817,1,2,6,0
16.641666666666666,987.3840359299917,573.5669143888914,3.3054536102575263,1,2,6,0
16.65,987.041489446083,572.949314671874,3.357459876052357,1,2,6,0
16.658333333333335,986.4687852325147,572.9931044336683,3.312701089455765,1,2,6,0
16.666666666666668,985.9020980029014,572.8943246229603,3.3094959270149125,1,2,6,0
16.675,986.8027589591086,572.6690417130466,3.3273231045464384,1,2,6,0
16.683333333333334,987.1174360525322,572.0652575470841,3.3079196240654936,1,2,6,0
16.691666666666666,987.2238020637886,572.3510148256318,3.3410926975704545,1,2,6,0
16.7,987.9210314653296,571.8538289556869,3.3455013256143507,1,2,6,0
16.708333333333332,988.0158616947416,572.4470904932997,3.3156586880476513,1,2,6,0
16.716666666666665,988.1345585746745,572.2540299710505,3.312581977931113,1,2,6,0
16.725,988.2791626575751,572.8111017490799,3.321370856435411,1,2,6,0
16.733333333333334,988.5021957798042,573.1151236069338,3.331513563763072,1,2,6,0
16.741666666666667,987.8699991937843,573.3979256630453,3.3368923801936186,1,2,6,0
16.75,987.5639553596995,572.9137529319147,3.3131093769195923,1,2,6,0
16.758333333333333,987.4517071086611,573.0718319199648,3.3108013817210966,1,2,6,0
16.766666666666666,988.2851548721695,573.39832677669,3.329669770922601,1,2,6,0
16.775,988.1021186421156,572.9320706444468,3.362240687674342,1,2,6,0
16.783333333333335,988.3407686064122,573.4052066833459,3.3612735163604777,1,2,6,0
16.791666666666668,989.1347611093573,574.0101849279142,3.329899657760122,1,2,6,0
16.8,988.4061860841933,575.3446144648985,3.3676772274974973,1,2,6,0
16.808333333333334,988.6562086566335,575.6117255576177,3.3075033499671957,1,2,6,0
16.816666666666666,989.642474197985,575.6991864346725,3.317746746366155,1,2,6,0
16.825,990.1994223962066,574.9852605938714,3.289335716635308,1,2,6,0
16.833333333333332,989.4059246308485,575.0880101077663,3.30831702570755,1,2,6,0
16.841666666666665,989.4890001551458,575.8443273787735,3.324377608747222,1,2,6,0
16.85,989.0517798285373,576.3787945054596,3.2867813723819768,1,2,6,0
16.858333333333334,988.2817945858271,575.9308679752493,3.3466302930178458,1,2,6,0
16.866666666666667,988.343987169239,576.4372388307122,3.3183456076218802,1,2,6,0
16.875,988.3123986746074,576.5890998379123,3.31373532557145,1,2,6,0
16.883333333333333,988.7774095823963,576.8636846537539,3.323688047552812,1,2,6,0
16.891666666666666,988.4304791322237,576.5599659305569,3.317395928758161,1,2,6,0
16.9,988.9016362149194,577.3770809189654,3.293003366314376,1,2,6,0
16.908333333333335,988.826419557653,577.8770949906299,3.270789959305501,1,2,6,0
16.916666666666668,988.2649490618697,577.1562269234923,3.306716601933081,1,2,6,0
16.925,987.8095178585829,576.767921283145,3.252232986771235,1,2,6,0
16.933333333333334,987.6116731611692,576.5813303000666,3.294341676769451,1,2,6,0
16.941666666666666,987.5316227975896,576.484179196573,3.293909524955347,1,2,6,0
16.95,987.2678076091048,575.8055176344889,3.279303465585498,1,2,6,0
16.958333333333332,986.7784091274118,575.6257165969965,3.260266618072288,1,2,6,0
16.966666666666665,986.8344386709631,575.4489350307466,3.2743503703558505,1,2,6,0
16.975,986.7889825243379,575.7608013924865,3.267270170489518,1,2,6,0
16.983333333333334,986.9788200578245,576.6907268303742,3.2349809791133115,1,2,6,0
16.991666666666667,986.3442591200119,576.0446256786311,3.263318530766285,1,2,6,0
17.0,985.7982902902306,576.0151498761486,3.281260308017654,1,2,6,0
17.008333333333333,986.6474025320072,575.3093121159382,3.249082514853252,1,2,6,0
17.016666666666666,986.4754743533675,575.6456357729691,3.276607013705168,1,2,6,0
17.025,987.0351478673097,575.9319182745102,3.2592244982688854,1,2,6,0
17.033333333333335,987.1013220506802,575.0946103192354,3.25682843597096,1,2,6,0
17.041666666666668,987.6658219376283,575.0941028756058,3.266071031551995,1,2,6,0
17.05,988.3071034060163,574.8731237821667,3.2600966258910478,1,2,6,0
17.058333333333334,988.1082827255773,575.3372407837157,3.245863745771336,1,2,6,0
17.066666666666666,988.1033011979125,575.0679026014587,3.2039820464302253,1,2,6,0
17.075,988.0145850006776,575.1486218766586,3.2612474099039983,1,2,6,0
17.083333333333332,988.4805115973103,574.8943385331388,3.2568157444265746,1,2,6,0
17.091666666666665,987.8713591484202,574.6298693584956,3.258563774121955,1,2,6,0
17.1,988.0243520621044,573.9677364589813,3.2561899547866853,1,2,6,0
17.108333333333334,,,,0,2,6,0
17.116666666666667,,,,0,2,6,0
17.125,,,,0,2,6,0
17.133333333333333,,,,0,2,6,0
17.141666666666666,,,,0,2,6,0
17.15,,,,0,2,6,0
17.158333333333335,,,,0,2,6,0
17.166666666666668,,,,0,2,6,0
17.175,,,,0,2,6,0
17.183333333333334,,,,0,2,6,0
17.191666666666666,,,,0,2,6,0
17.2,,,,0,2,6,0
17.208333333333332,,,,0,2,6,0
17.216666666666665,,,,0,2,6,0
17.225,,,,0,2,6,0
17.233333333333334,,,,0,2,6,0
17.241666666666667,,,,0,2,6,0
17.25,985.1474223569705,578.0464661591881,3.2382944541683596,1,2,6,0
17.258333333333333,985.1111419465151,578.2978240639807,3.2208482208405353,1,2,6,0
17.266666666666666,984.8196974813122,578.7343114739849,3.191644492924354,1,2,6,0
17.275,984.4913324684736,578.5534555569039,3.1856637029598462,1,2,6,0
17.283333333333335,984.0451535837775,578.2843599719771,3.240476165554786,1,2,6,0
17.291666666666668,984.1479017074796,577.7464859012957,3.201594453491048,1,2,6,0
17.3,984.7716524182161,577.7031228682613,3.191244193502596,1,2,6,0
17.308333333333334,984.647095125196,578.482798107064,3.1950458747917296,1,2,6,0
17.316666666666666,984.6720621116808,579.1170038436558,3.19832709738155,1,2,6,0
17.325,984.8688137810373,578.8003817494831,3.219599829650245,1,2,6,0
17.333333333333332,984.6767350625862,578.710211879045,3.2303630161948296,1,2,6,0
17.341666666666665,984.5805050434344,578.5623260594932,3.1983804283737824,1,2,6,0
17.35,984.9534473571116,579.1013685432627,3.213558535256134,1,2,6,0
17.358333333333334,985.0558371676927,579.4260521078356,3.239928660659462,1,2,6,0
17.366666666666667,984.7850232638331,579.762202184502,3.2062194201373306,1,2,6,0
17.375,985.0426403964071,580.4170038930665,3.193182134862061,1,2,6,0
17.383333333333333,985.2054882390703,580.6878884655725,3.215497538097625,1,2,6,0
17.391666666666666,984.0520152595436,581.09782936178,3.2098444431827464,1,2,6,0
17.4,983.4379043767,581.3040962187096,3.234060377013909,1,2,6,0
17.408333333333335,983.459323708578,580.8062324828782,3.2134527112351168,1,2,6,0
17.416666666666668,982.7225557283389,580.2069633564845,3.201433069610277,1,2,6,0
17.425,982.9338124713123,580.744595120825,3.195435953909166,1,2,6,0
17.433333333333334,982.7212917944074,581.0609522034182,3.204931804722668,1,2,6,0
17.441666666666666,982.9958383295493,581.2317566254831,3.192612548597942,1,2,6,0
17.45,982.3719291697363,581.4549602263262,3.1997549967136973,1,2,6,0
17.458333333333332,981.928940563802,581.5532921182821,3.1935350394756004,1,2,6,0
17.466666666666665,981.327415497972,581.5539315716998,3.179856948079006,1,2,6,0
17.475,981.6993871506585,580.828750411476,3.1887801218395273,1,2,6,0
17.483333333333334,982.611858369478,579.7443838168206,3.1958048012075597,1,2,6,0
17.491666666666667,982.2980265950401,580.0399257007363,3.2055882611556608,1,2,6,0
17.5,982.1636721453496,580.3958986530411,3.1769165394373253,1,2,6,0
17.508333333333333,982.2676589588833,580.5268004537243,3.1779234692317293,1,2,6,0
17.516666666666666,982.6922767167033,580.5539443197017,3.2190281390623734,1,2,6,0
17.525,981.5919980219517,579.7109419817187,3.2067396983250083,1,2,6,0
17.533333333333335,981.6990120057437,580.0813075633321,3.1836597097160753,1,2,6,0
17.541666666666668,980.8996494254222,580.2915442985757,3.1893105491941154,1,2,6,0
17.55,981.2241853875237,581.3108778754538,3.19540440911057,1,2,6,0
17.558333333333334,980.720642532179,581.8014139876478,3.1820705290159754,1,2,6,0
17.566666666666666,981.034609488845,581.8763538283995,3.216844583814593,1,2,6,0
17.575,981.4761198325426,581.9607831054351,3.1591673248156877,1,2,6,0
17.583333333333332,981.6548640845679,581.5649485280939,3.177750412018298,1,2,6,0
17.591666666666665,983.0074391492192,581.9784710184554,3.181928829623172,1,2,6,0
17.6,983.2764970511305,582.0377575320347,3.179203093916138,1,2,6,0
17.608333333333334,983.8216690011332,581.961127825461,3.2306096492573344,1,2,6,0
17.616666666666667,984.4372523038654,581.4500186665144,3.202420802603938,1,2,6,0
17.625,983.8177248848843,582.4127910237302,3.1962865663584776,1,2,6,0
17.633333333333333,984.3801065358863,582.102478941833,3.1569914264019316,1,2,6,0
17.641666666666666,984.1536013628925,582.6288953116381,3.1558710014921414,1,2,6,0
17.65,983.9055274028375,582.790467867883,3.18766016888923,1,2,6,0
17.658333333333335,983.3854791158308,582.6046440537733,3.188176185647877,1,2,6,0
17.666666666666668,982.825651986666,582.9468078337127,3.145154846694182,1,2,6,0
17.675,982.2920541130995,582.9442160501807,3.209646587206975,1,2,6,0
17.683333333333334,982.5417617697201,583.0468999565625,3.1691519341549435,1,2,6,0
17.691666666666666,981.4002095317163,583.97078075266,3.213965277877381,1,2,6,0
17.7,980.9219746461135,583.8093765697568,3.1416144621723743,1,2,6,0
17.708333333333332,981.4264795526785,583.5717249200378,3.1823463134715566,1,2,6,0
17.716666666666665,980.9416331942776,583.42324918895,3.182834863722855,1,2,6,0
17.725,980.4945310739698,583.2157894971604,3.187712027904775,1,2,6,0
17.733333333333334,980.5085796962942,582.9228519511314,3.1742531130468405,1,2,6,0
17.741666666666667,980.8092997403492,582.5108543316048,3.176281506504663,1,2,6,0
17.75,980.5873663445102,582.4288407109099,3.1640749916411455,1,2,6,0
17.758333333333333,980.1523423572742,582.6486608082362,3.170013412577383,1,2,6,0
17.766666666666666,980.1717101703368,582.2530282245631,3.1728065064410114,1,2,6,0
17.775,979.7724455077096,582.2639298778863,3.193657593726423,1,2,6,0
17.783333333333335,980.3840040779007,582.0035085584848,3.1613555696853957,1,2,6,0
17.791666666666668,980.1800385337702,582.1212071991488,3.1466412965195443,1,2,6,0
17.8,980.5002260310505,582.0423860067913,3.1460030287687735,1,2,6,0
17.808333333333334,980.5646354765341,581.9881579008235,3.145654967211358,1,2,6,0
17.816666666666666,981.2621216651595,582.0802999240439,3.1517799643988837,1,2,6,0
17.825,981.4794815020631,581.2820079463232,3.1699160251064895,1,2,6,0
17.833333333333332,981.5454098016543,581.5020201836819,3.157040063705116,1,2,6,0
17.841666666666665,982.1461526307411,581.5549230560514,3.1558835380237387,1,2,6,0
17.85,981.8350885579807,581.9409305280557,3.149900481773324,1,2,6,0
17.858333333333334,980.73039954417,582.5417992580078,3.1623115394189014,1,2,6,0
17.866666666666667,981.5256581381768,582.5899933858371,3.16888531270039,1,2,6,0
17.875,980.8652868443539,582.0218580829904,3.1387984471283614,1,2,6,0
17.883333333333333,980.4281720784915,582.2628482305521,3.1326394663591737,1,2,6,0
17.891666666666666,980.2848227028936,582.4586077794147,3.1281455178842696,1,2,6,0
17.9,980.7031909637085,582.4534016483273,3.1389688558947197,1,2,6,0
17.908333333333335,980.7989429473482,583.4014716002014,3.1428565420601084,1,2,6,0
17.916666666666668,980.7598969641738,582.4957415934254,3.1220933617561344,1,2,6,0
17.925,980.5215661355567,582.024268234544,3.1668166553485704,1,2,6,0
17.933333333333334,980.5269157556272,581.0638129892994,3.086527423137792,1,2,6,0
17.941666666666666,980.5382534924986,579.892259885893,3.158309869125881,1,2,6,0
17.95,980.5597283026092,579.0016606901866,3.136111116222208,1,2,6,0
17.958333333333332,980.4676680797041,579.3978540375117,3.1423367551609807,1,2,6,0
17.966666666666665,981.0134574978093,580.0362203371329,3.130586437240599,1,2,6,0
17.975,980.1182812533253,580.3624488999419,3.1183405471955434,1,2,6,0
17.983333333333334,979.8890235568068,579.518328352175,3.1023761256854967,1,2,6,0
17.991666666666667,980.4093931400313,579.0920937605108,3.1234316953151753,1,2,6,0
18.0,980.219686252487,578.9644117146366,3.140854590865975,1,2,6,0
18.008333333333333,980.0270055053034,578.5670301883808,3.1359331836252506,1,2,6,0
18.016666666666666,980.3848981815281,579.1439937739527,3.1227531854342194,1,2,6,0
18.025,979.9272567221326,579.4076885052343,3.1541349577184143,1,2,6,0
18.033333333333335,979.7099326717398,579.2950039842991,3.1070263904750504,1,2,6,0
18.041666666666668,979.5192644286277,579.4816110364618,3.11378144093916,1,2,6,0
18.05,979.3092731277311,579.6280431553897,3.1639765536912776,1,2,6,0
18.058333333333334,979.1513032861207,579.6802667399535,3.149207423663643,1,2,6,0
18.066666666666666,978.7005196337516,579.3586335392174,3.125133101030244,1,2,6,0
18.075,977.73289382688,579.4556241862649,3.130957637936479,1,2,6,0
18.083333333333332,977.5387409133162,580.3458345704151,3.126296768843219,1,2,6,0
18.091666666666665,977.3306677740688,580.4491580115146,3.1147199542408988,1,2,6,0
18.1,977.0123550001824,579.8886820946884,3.1187777155339793,1,2,6,0
18.108333333333334,977.0440699522561,580.1386108634593,3.1154837661881762,1,2,6,0
18.116666666666667,977.1315242236888,580.8587740125578,3.0953400684435244,1,2,6,0
18.125,976.8679719476024,580.8031638547903,3.142188526808893,1,2,6,0
18.133333333333333,977.4654815627883,579.9923902850761,3.117228950918252,1,2,6,0
18.141666666666666,977.626298323503,580.3252485904995,3.1253247741056964,1,2,6,0
18.15,978.4576392738251,581.1716618749118,3.1140441419376677,1,2,6,0
18.158333333333335,977.9308932440052,580.931964621147,3.1347213748549367,1,2,6,0
18.166666666666668,977.8559464499532,580.7674374989717,3.116140594216607,1,2,6,0
18.175,977.7209726893087,580.982994925777,3.1036098413074127,1,2,6,0
18.183333333333334,977.241928703356,580.2733570890473,3.0849641667812095,1,2,6,0
18.191666666666666,976.0078345465963,580.2392983276512,3.1239843389357964,1,2,6,0
18.2,976.5584360828706,580.1005958341084,3.1296290040396713,1,2,6,0
18.208333333333332,975.5047201401424,580.0376278939381,3.1405056252031707,1,2,6,0
18.216666666666665,975.7787675278295,579.7270657014192,3.1270775156367603,1,2,6,0
18.225,976.1854466481336,579.1269743376408,3.1193917803880766,1,2,6,0
18.233333333333334,976.49983963072,578.6688773172106,3.1461073961087505,1,2,6,0
18.241666666666667,976.1294129316208,578.280178952034,3.149394591690461,1,2,6,0
18.25,976.0880114956984,578.5657801808117,3.1013523766531668,1,2,6,0
18.258333333333333,976.2843678613715,578.2859849814946,3.135467851515397,1,2,6,0
18.266666666666666,976.364798986424,577.9243706935599,3.10173800532815,1,2,6,0
18.275,976.5417385285901,578.4379991205402,3.144256773601179,1,2,6,0
18.283333333333335,976.4976383786899,578.8003080578965,3.136542779519017,1,2,6,0
18.291666666666668,976.088837547473,578.5983218826386,3.0889313603223445,1,2,6,0
18.3,975.8411694384705,577.6535797838565,3.1027252351733847,1,2,6,0
18.308333333333334,975.9295633746813,576.975457600392,3.1037260322632734,1,2,6,0
18.316666666666666,975.5909407747832,576.9139044942177,3.142496072335095,1,2,6,0
18.325,975.2561216621109,578.0938577729346,3.110899444220762,1,2,6,0
18.333333333333332,974.7817361183305,578.5616783421447,3.116079744036011,1,2,6,0
18.341666666666665,974.2393074864809,578.5517359210801,3.0936645451121714,1,2,6,0
18.35,974.4137749379059,578.4453701876432,3.1158807250314577,1,2,6,0
18.358333333333334,974.6419439221752,578.8179571624715,3.093876840159731,1,2,6,0
18.366666666666667,973.5786893143066,578.3284548695857,3.11582713381277,1,2,6,0
18.375,973.2225178703843,578.5869045550653,3.1400228654385596,1,2,6,0
18.383333333333333,973.7672855468219,579.2270404614269,3.1101544801159,1,2,6,0
18.391666666666666,973.0511350110568,578.8733809897265,3.1167417201457006,1,2,6,0
18.4,971.781498949211,578.768696145565,3.1132501441973903,1,2,6,0
18.408333333333335,972.0121176582426,578.2479072714209,3.1219040795450086,1,2,6,0
18.416666666666668,971.5178761480987,578.4158302827341,3.1294780821100385,1,2,6,0
18.425,972.1752210087669,577.1273147051257,3.1074027361890884,1,2,6,0
18.433333333333334,972.3767818416421,577.2327554626393,3.1053769073943513,1,2,6,0
18.441666666666666,972.1724644920134,577.3136968140229,3.098970214799914,1,2,6,0
18.45,972.0877683083936,577.6080277816255,3.133881402765908,1,2,6,0
18.458333333333332,971.4248724960983,576.9501656862897,3.116283044052546,1,2,6,0
18.466666666666665,971.224461880591,577.7434285302918,3.1308147786222396,1,2,6,0
18.475,971.157430796741,577.6182500758667,3.1209619571040124,1,2,6,0
18.483333333333334,971.3798416089895,577.7364595796107,3.0945030695262044,1,2,6,0
18.491666666666667,970.8895559680578,577.7836598656048,3.095733653472009,1,2,6,0
18.5,970.8465436798565,578.0957714925548,3.110797406645775,1,2,6,0
18.508333333333333,971.1436754915368,578.5923633066898,3.1030674394295907,1,2,6,0
18.516666666666666,970.7991647580594,579.1105288473284,3.1261905294980465,1,2,6,0
18.525,970.95375448523,578.9347447513823,3.0822085630910356,1,2,6,0
18.533333333333335,970.5621120148508,579.6012772008257,3.0804197953262977,1,2,6,0
18.541666666666668,970.6574046592557,579.3179597796263,3.0877178484677277,1,2,6,0
18.55,971.1106773396859,577.9837230582392,3.1134154813677837,1,2,6,0
18.558333333333334,971.7750800790714,577.6967827619658,3.1424429750582696,1,2,6,0
18.566666666666666,971.4427088371373,578.2713984282744,3.1158671672495815,1,2,6,0
18.575,971.7762168188036,578.5578617442696,3.061660671932072,1,2,6,0
18.583333333333332,971.7911351150086,579.1952072126868,3.090609978562294,1,2,6,0
18.591666666666665,971.684659199402,578.7455456971633,3.1040204911058997,1,2,6,0
18.6,971.7339129834858,579.6680804108186,3.0949344818345743,1,2,6,0
18.608333333333334,971.4397038018164,579.6870887501352,3.0820270090934465,1,2,6,0
18.616666666666667,971.7265584384307,580.5030183227864,3.096109433671225,1,2,6,0
18.625,972.1276502818484,581.3040565770112,3.1218317727539624,1,2,6,0
18.633333333333333,971.0078610820318,581.2304685648692,3.0794795394009347,1,2,6,0
18.641666666666666,970.7399762418175,581.4883489455913,3.1122250858207328,1,2,6,0
18.65,970.7354813047822,581.850245367479,3.1104496674779787,1,2,6,0
18.658333333333335,970.9644657783549,581.718134134321,3.105958495751451,1,2,6,0
18.666666666666668,970.8791229450582,581.9172029299203,3.1055671849332938,1,2,6,0
18.675,970.9708729427037,582.3264860097121,3.094896994333863,1,2,6,0
18.683333333333334,970.9617471136843,582.4223717610272,3.107541335268971,1,2,6,0
18.691666666666666,971.7603777133032,581.9584093347977,3.129736275381082,1,2,6,0
18.7,971.8322927285902,583.0884769100279,3.11155201740753,1,2,6,0
18.708333333333332,972.2237052526802,583.4877277368785,3.100114053716688,1,2,6,0
18.716666666666665,972.7332247750504,583.4265366522047,3.0604219247453224,1,2,6,0
18.725,972.9442108723583,583.2800288265213,3.0913965925557223,1,2,6,0
18.733333333333334,972.6568979157967,583.5279891400776,3.0771325732015797,1,2,6,0
18.741666666666667,971.9925422280157,583.6069766301645,3.0995712533595747,1,2,6,0
18.75,971.2675567019121,583.2573342668463,3.1437455640483827,1,2,6,0
18.758333333333333,970.9885432719929,584.3466258901248,3.078600730953055,1,2,6,0
18.766666666666666,971.093807521617,584.2974995614193,3.070931919073547,1,2,6,0
18.775,970.563406658723,584.1622206724768,3.102776429384556,1,2,6,0
18.783333333333335,971.0428352570738,583.8001742846301,3.0874631337200737,1,2,6,0
18.791666666666668,970.8579079400392,583.8112647483712,3.12639275270575,1,2,6,0
18.8,971.1579449687649,583.5475778300097,3.0429111035958374,1,2,6,0
18.808333333333334,970.2651713496458,583.2577338818028,3.1061921263320835,1,2,6,0
18.816666666666666,969.9931106769362,583.6159594934892,3.1060398780721816,1,2,6,0
18.825,969.0028379546345,582.6950462606012,3.1229742681917774,1,2,6,0
18.833333333333332,968.3774805596486,583.6990941599176,3.1189060248875684,1,2,6,0
18.841666666666665,968.6039693420967,583.67023501807,3.079833183772249,1,2,6,0
18.85,969.193177796298,583.9170604814752,3.104013033994041,1,2,6,0
18.858333333333334,969.2433783841517,583.8697356396736,3.099967021572696,1,2,6,0
18.866666666666667,969.2797949807297,584.5876768570394,3.1103438697745687,1,2,6,0
18.875,968.9186733569236,584.2102958634832,3.1530256759754582,1,2,6,0
18.883333333333333,968.5779205864615,584.5501706219915,3.0873390255654796,1,2,6,0
18.891666666666666,968.6863737757333,584.4073028157786,3.0930760820411907,1,2,6,0
18.9,969.5739380442474,584.9708581088652,3.060025271446355,1,2,6,0
18.908333333333335,969.0589513122773,585.2742771462649,3.177076324101227,1,2,6,0
18.916666666666668,969.4312061997671,586.1219534377059,3.127674561395014,1,2,6,0
18.925,968.8524500057347,586.1374934158597,3.092640523244372,1,2,6,0
18.933333333333334,969.2465580538186,585.9910193308626,3.071696357704602,1,2,6,0
18.941666666666666,968.8314446863384,585.6527644733586,3.0996803502286383,1,2,6,0
18.95,969.2846551497115,586.3347724150755,3.0853846659706576,1,2,6,0
18.958333333333332,969.0356152740062,586.161913747823,3.071656374393325,1,2,6,0
18.966666666666665,969.2811863618828,585.7659128778059,3.0837852196206463,1,2,6,0
18.975,969.4682218069831,585.4973097047747,3.0931137573272816,1,2,6,0
18.983333333333334,969.5672305744677,585.2181604970037,3.0722537694806187,1,2,6,0
18.991666666666667,970.1005813484566,584.4211138608422,3.1231816673522985,1,2,6,0
19.0,969.0783763277467,584.5028427376169,3.089735493828278,1,2,6,0
19.008333333333333,969.0587413305025,584.5209622121163,3.1260798777086105,1,2,6,0
19.016666666666666,968.4564872431961,584.7449450449021,3.0837014009444688,1,2,6,0
19.025,969.036255503014,584.2181758165974,3.0879379725939504,1,2,6,0
19.033333333333335,968.8651334080731,584.1096076753014,3.11785758904932,1,2,6,0
19.041666666666668,969.0797237360817,583.8054529631731,3.107839262897879,1,2,6,0
19.05,968.9260433859931,584.1370090225379,3.1541416781734735,1,2,6,0
19.058333333333334,968.5550897092701,584.1853354803748,3.098430494510585,1,2,6,0
19.066666666666666,967.8779092044659,584.2829136846294,3.1017530934761863,1,2,6,0
19.075,968.6846739580495,583.8048131706885,3.126070954246469,1,2,6,0
19.083333333333332,968.9835889011807,583.5182111565196,3.072829309088167,1,2,6,0
19.091666666666665,969.6985609347448,584.1892885483894,3.1344591967884434,1,2,6,0
19.1,970.256809465758,584.4392523285646,3.124590358496994,1,2,6,0
19.108333333333334,970.4461676011927,584.366593060653,3.112397314757182,1,2,6,0
19.116666666666667,970.6294309057917,584.3139479473382,3.106161615797114,1,2,6,0
19.125,970.6400596849351,585.1219115897638,3.0976449442857295,1,2,6,0
19.133333333333333,971.253798667742,585.0959873748691,3.1086105735017227,1,2,6,0
19.141666666666666,970.9163246207096,584.5171926527731,3.1212340666579395,1,2,6,0
19.15,970.7969250731375,584.2697774287576,3.105065358566163,1,2,6,0
19.158333333333335,971.5167145365112,584.484391353651,3.132519794710625,1,2,6,0
19.166666666666668,971.6796830710264,584.7844354313946,3.146863338857126,1,2,6,0
19.175,971.420092707697,584.5729063544615,3.1100571723792085,1,2,6,0
19.183333333333334,971.6278576800645,584.553179551296,3.1029494122085883,1,2,6,0
19.191666666666666,972.3879379272271,584.2544402610987,3.142526455067569,1,2,6,0
19.2,972.7289247317807,583.5645590084921,3.138945117579442,1,2,6,0
19.208333333333332,973.0430558431432,583.1485476997651,3.101345486512786,1,2,6,0
19.216666666666665,973.2675883686361,582.8583618646883,3.1146944701327177,1,2,6,0
19.225,973.3967079498522,583.5401977312627,3.1360388249023097,1,2,6,0
19.233333333333334,972.8601290158306,582.2000667405231,3.1333492589222685,1,2,6,0
19.241666666666667,972.7998255340273,582.3378469602393,3.116094075331352,1,2,6,0
19.25,972.9003234328948,581.5370943686014,3.1111780439232115,1,2,6,0
19.258333333333333,972.9346693203307,581.771925864697,3.1253016872590127,1,2,6,0
19.266666666666666,973.2691304048005,581.7733304685556,3.1272574859006634,1,2,6,0
19.275,973.7437836645089,581.6555340756606,3.1311099354691545,1,2,6,0
19.283333333333335,973.6377636555891,581.3377075224723,3.1560777221623297,1,2,6,0
19.291666666666668,973.1545941788312,581.7582948829723,3.0843375373917623,1,2,6,0
19.3,972.7956455638636,581.5393045277586,3.1199784821203536,1,2,6,0
19.308333333333334,973.8909527499377,580.6851074871227,3.1635268622682187,1,2,6,0
19.316666666666666,974.244451314729,581.0725671210838,3.1143781717026773,1,2,6,0
19.325,974.3127387671034,581.0966453630743,3.110213071815758,1,2,6,0
19.333333333333332,973.4641777658545,581.1586975572582,3.1526505116916925,1,2,6,0
19.341666666666665,974.0813525086787,581.1478363877833,3.1773286439651782,1,2,6,0
19.35,973.2380638241914,580.7306288164252,3.0827035302260173,1,2,6,0
19.358333333333334,972.812965610046,580.7993250639005,3.1116046545278557,1,2,6,0
19.366666666666667,971.6394739967926,580.6385293514041,3.1623279492597405,1,2,6,0
19.375,972.0146936519945,580.8022677088961,3.1365885585885476,1,2,6,0
19.383333333333333,971.9531801906685,580.6155447103702,3.126367682702642,1,2,6,0
19.391666666666666,970.7098383094927,580.2766409709877,3.1610604650999634,1,2,6,0
19.4,970.3156814327673,579.9860973932683,3.1432494907549065,1,2,6,0
19.408333333333335,970.0933474242408,580.4333486044627,3.147872519245126,1,2,6,0
19.416666666666668,970.4662032976702,580.3462086167747,3.126445365122154,1,2,6,0
19.425,970.2667625468808,580.9631848833052,3.087070244913119,1,2,6,0
19.433333333333334,970.2409156511245,581.0631320852215,3.151134291102526,1,2,6,0
19.441666666666666,970.4801782272334,580.3336594013517,3.14157671700538,1,2,6,0
19.45,969.5677646009706,580.426352551564,3.1321886785924566,1,2,6,0
19.458333333333332,969.3712074835204,579.923511501994,3.1584326415808106,1,2,6,0
19.466666666666665,969.2785950441132,579.702685268493,3.1375944512591074,1,2,6,0
19.475,969.9575734310198,579.4972168039707,3.143028171727871,1,2,6,0
19.483333333333334,969.6374021065859,579.300668915565,3.121462839807858,1,2,6,0
19.491666666666667,968.7617797386697,579.331169176552,3.1342149688481578,1,2,6,0
19.5,968.6849690230507,580.1065111506674,3.1777310156321605,1,2,6,0
19.508333333333333,968.5429996456854,579.7585548900801,3.122305522515333,1,2,6,0
19.516666666666666,968.6216109308681,579.5373936293113,3.1381588138020455,1,2,6,0
19.525,969.4931811764869,579.8477906661061,3.130926414040256,1,2,6,0
19.533333333333335,969.2345849451074,579.2815734651213,3.1097914815934726,1,2,6,0
19.541666666666668,969.4277020847475,579.4598237738865,3.143504443466634,1,2,6,0
19.55,969.6741752228425,579.6633305524641,3.1454698108743306,1,2,6,0
19.558333333333334,969.5922048232721,579.8452330092899,3.14994257995629,1,2,6,0
19.566666666666666,969.219638620581,579.3290488842954,3.1713549251769657,1,2,6,0
19.575,969.5149819914873,578.9689768139563,3.114268802731821,1,2,6,0
19.583333333333332,969.3025800433331,580.2509594222588,3.171152007155141,1,2,6,0
19.591666666666665,970.1703832839069,580.366991011857,3.1769775628866177,1,2,6,0
19.6,969.5694314396587,580.5920879744302,3.1328199310404354,1,2,6,0
19.608333333333334,968.6182560281433,581.4192113933899,3.170233532449874,1,2,6,0
19.616666666666667,968.9063466265586,581.3663200474512,3.149475737841274,1,2,6,0
19.625,968.9999252291869,581.4285481729106,3.171369308630075,1,2,6,0
19.633333333333333,970.1630317223605,581.8742834810496,3.127532960330865,1,2,6,0
19.641666666666666,970.8295245933853,582.5210825268992,3.128154797713924,1,2,6,0
19.65,970.3075093690002,581.184511695361,3.156166980205237,1,2,6,0
19.658333333333335,971.3829227211969,581.3439061405294,3.154446431544556,1,2,6,0
19.666666666666668,971.5204075806886,581.5217362538988,3.1934461787014348,1,2,6,0
19.675,970.8501609349652,581.048958611019,3.1786756662312676,1,2,6,0
19.683333333333334,971.0177334164616,581.364596330216,3.1952491141544748,1,2,6,0
19.691666666666666,971.2677063767748,581.5459423286006,3.18372010248028,1,2,6,0
19.7,971.1889929600555,581.6023908335167,3.1507211045651173,1,2,6,0
19.708333333333332,971.384273044312,581.2450118316829,3.1453626133205983,1,2,6,0
19.716666666666665,972.4620204618717,581.2078706508806,3.181800200672573,1,2,6,0
19.725,972.4408615814866,581.3453228809708,3.1507004491464388,1,2,6,0
19.733333333333334,972.0161845874827,581.5160159330003,3.1865261571968637,1,2,6,0
19.741666666666667,972.6861133314865,581.8381547373291,3.1667557658607492,1,2,6,0
19.75,972.8673511849545,582.3647170440306,3.1756208703061106,1,2,6,0
19.758333333333333,973.7827369535889,581.8625235954647,3.1846999170714905,1,2,6,0
19.766666666666666,973.2935924718986,581.2534745464019,3.177289139233187,1,2,6,0
19.775,973.960995568104,581.5479051221154,3.205073930663199,1,2,6,0
19.783333333333335,973.6195808534417,581.6885817169173,3.1793601957236737,1,2,6,0
19.791666666666668,973.5747045221663,580.689501906175,3.1963821646337482,1,2,6,0
19.8,973.6559223288872,580.3487141463128,3.158783293942203,1,2,6,0
19.808333333333334,974.2261578438481,581.0993935071627,3.167862972716873,1,2,6,0
19.816666666666666,973.6861822580508,581.7685951700655,3.177436181400808,1,2,6,0
19.825,972.8566732435744,581.2674767649006,3.161541802353967,1,2,6,0
19.833333333333332,973.6750208984603,580.8238538992814,3.153647017531314,1,2,6,0
19.841666666666665,974.1653967708676,580.3871041923,3.179257552733922,1,2,6,0
19.85,973.4189821721732,579.6991437935056,3.200895625730358,1,2,6,0
19.858333333333334,973.4802952928185,579.39731287803,3.119892717669307,1,2,6,0
19.866666666666667,973.219302236081,579.3550788320795,3.1809581831958993,1,2,6,0
19.875,972.9410167217749,578.3198183560455,3.1705817445322437,1,2,6,0
19.883333333333333,972.6750444192588,578.0045086964438,3.1826729296374423,1,2,6,0
19.891666666666666,972.3723745902405,578.6369036217349,3.157875968313308,1,2,6,0
19.9,973.2674676615002,578.6590321938868,3.202254286790139,1,2,6,0
19.908333333333335,973.8252026449316,579.1703862809852,3.1940650030926814,1,2,6,0
19.916666666666668,973.7421201395708,578.9924542916998,3.18881884693632,1,2,6,0
19.925,973.2606478939812,578.7335889089435,3.2105981592497774,1,2,6,0
19.933333333333334,973.2070852829813,578.83994086854,3.189649433712057,1,2,6,0
19.941666666666666,973.1524581014804,578.5893228955189,3.1968708637742895,1,2,6,0
19.95,973.0191447923297,579.082678946329,3.2065581394249976,1,2,6,0
19.958333333333332,972.9737525037231,578.7928965486947,3.2034258135116707,1,2,6,0
19.966666666666665,972.3675684926969,578.5123791676122,3.1515042004663183,1,2,6,0
19.975,972.3167193084406,578.6261034746381,3.2023007842360984,1,2,6,0
19.983333333333334,972.4948792984994,579.2155438120028,3.2023208013748814,1,2,6,0
19.991666666666667,972.9437279798165,578.7360198821037,3.1957302901357227,1,2,6,0
