t,gx,gy,pupil,valid,subj,trial,label
0.0,959.99923278365,539.10996340983,3.1972597522309765,1,2,1,0
0.008333333333333333,960.758929484807,539.501332612243,3.226940687138038,1,2,1,0
0.016666666666666666,960.6493158204667,540.2981402152149,3.1972857358457114,1,2,1,0
0.025,960.3358229429067,540.3412733836211,3.1857999073524295,1,2,1,0
0.03333333333333333,960.4403543081816,539.1262894134303,3.195757542278779,1,2,1,0
0.041666666666666664,960.3805431778763,539.6070179040901,3.239122633303801,1,2,1,0
0.05,961.0837931977034,539.6128474254365,3.202565207558629,1,2,1,0
0.058333333333333334,962.1777926340654,538.827617725962,3.2064815812798853,1,2,1,0
0.06666666666666667,962.5019253168834,538.3937621859349,3.169539014348333,1,2,1,0
0.075,962.9766865565932,538.6414811648217,3.2167673141796675,1,2,1,0
0.08333333333333333,962.9624507721711,538.3236345719214,3.204784216631203,1,2,1,0
0.09166666666666666,962.448658639572,538.3408826546072,3.175271113208723,1,2,1,0
0.1,962.8049686540752,537.1352976075448,3.202300670654005,1,2,1,0
0.10833333333333334,963.5497875269112,536.8111833404854,3.184649599318572,1,2,1,0
0.11666666666666667,963.5823545633407,536.2788582607487,3.2434683731164116,1,2,1,0
0.125,963.279338642998,536.3339784982446,3.18483079667439,1,2,1,0
0.13333333333333333,963.5374914156384,536.9742036514737,3.2142862613396472,1,2,1,0
0.14166666666666666,964.4037403095041,536.8485262308195,3.197727196556402,1,2,1,0
0.15,964.6003639236401,536.2263701670613,3.2139500107704726,1,2,1,0
0.15833333333333333,965.2578880346706,536.2767199734166,3.2476188389923393,1,2,1,0
0.16666666666666666,965.5518041113221,536.3922434087744,3.232466985518371,1,2,1,0
0.175,965.718657016195,536.5392154859575,3.178501164278986,1,2,1,0
0.18333333333333332,964.849739242024,536.4804914601987,3.2265981374455355,1,2,1,0
0.19166666666666668,965.2905347392693,536.4173824875287,3.2433772687238904,1,2,1,0
0.2,964.3463331712757,536.8697669690206,3.222138829904807,1,2,1,0
0.20833333333333334,964.4544592488506,536.3456404893925,3.2241392734297465,1,2,1,0
0.21666666666666667,965.5082026272149,535.9610469020934,3.2079086205380243,1,2,1,0
0.225,965.2992480628405,535.6850557582579,3.2544895440740063,1,2,1,0
0.23333333333333334,965.5062269623423,534.8151372615557,3.2240493075893535,1,2,1,0
0.24166666666666667,965.4148440830076,534.9087803871603,3.234950932123793,1,2,1,0
0.25,965.18511378465,534.9417392735694,3.23364774438151,1,2,1,0
0.25833333333333336,965.7512915248045,534.5740075052174,3.2223765752657196,1,2,1,0
0.26666666666666666,965.7414980567206,535.0794254552967,3.2586907201820887,1,2,1,0
0.275,965.6349544631304,535.6596438481479,3.227903837857342,1,2,1,0
0.2833333333333333,965.4196485271731,535.1538240209768,3.2499283968771686,1,2,1,0
0.2916666666666667,965.2998213897781,534.9754922943029,3.225106927088025,1,2,1,0
0.3,965.4049387756171,535.6201721693366,3.2412010051596414,1,2,1,0
0.30833333333333335,965.5779066251519,535.1554864908751,3.2509373991706947,1,2,1,0
0.31666666666666665,965.2743379791902,535.4603363851478,3.236158678034956,1,2,1,0
0.325,965.2273604961281,534.8456935548617,3.204946572745709,1,2,1,0
0.3333333333333333,965.1819964014838,534.6471283553976,3.238056358900852,1,2,1,0
0.3416666666666667,964.9507011099569,534.8035358453886,3.2476323544615813,1,2,1,0
0.35,965.4338301012485,534.7208100208858,3.2732494765297315,1,2,1,0
0.35833333333333334,965.4915665531674,534.8306066713047,3.235184934307731,1,2,1,0
0.36666666666666664,965.872631140693,535.0174582907438,3.243253132941866,1,2,1,0
0.375,966.37096719579,535.7283107312212,3.2387908421050327,1,2,1,0
0.38333333333333336,966.1978783705825,535.2727661802982,3.2684542778724373,1,2,1,0
0.39166666666666666,965.8983214168286,534.9055481873711,3.2578677432341023,1,2,1,0
0.4,966.3111207480353,534.6526757975039,3.2500583993069196,1,2,1,0
0.4083333333333333,965.9754663629774,535.3579578240568,3.2437686111735933,1,2,1,0
0.4166666666666667,966.5045723000723,535.0916531222744,3.2671832209028464,1,2,1,0
0.425,966.7042842897246,534.8147600206115,3.2289878221065327,1,2,1,0
0.43333333333333335,966.6758202384001,536.0118625459272,3.262864922598786,1,2,1,0
0.44166666666666665,966.5493696070924,535.8884539074111,3.2463666531091757,1,2,1,0
0.45,966.9515128599769,535.9849993097375,3.265154247940441,1,2,1,0
0.4583333333333333,966.7077002739578,536.6153943562343,3.278780962348482,1,2,1,0
0.4666666666666667,966.9251788219433,535.8602369233125,3.2999714865736594,1,2,1,0
0.475,966.9766074358583,535.3534202585587,3.2510633752130387,1,2,1,0
0.48333333333333334,966.7125515622897,535.6051535236321,3.2595480524031935,1,2,1,0
0.49166666666666664,966.2395521685112,534.9882114318863,3.315260201152272,1,2,1,0
0.5,966.1558474908242,534.5943904974674,3.2616686686235625,1,2,1,0
0.5083333333333333,966.6046712443773,534.6777294482064,3.256749811518816,1,2,1,0
0.5166666666666667,965.6915246457743,535.17873500835,3.2263374299077134,1,2,1,0
0.525,966.1522363033881,535.3264800139234,3.30251220085032,1,2,1,0
0.5333333333333333,965.8307678932538,535.4502110158451,3.278309378489509,1,2,1,0
0.5416666666666666,966.3291148866682,535.6113258457367,3.309897548614257,1,2,1,0
0.55,965.7698285580814,535.7198300349684,3.2682948496503923,1,2,1,0
0.5583333333333333,965.3323811597079,536.6716836687509,3.272404908668814,1,2,1,0
0.5666666666666667,966.0788372483865,536.4393772311969,3.2609993874288303,1,2,1,0
0.575,613.945424211014,570.4046271389368,3.2806477288269695,1,2,1,0
0.5833333333333334,614.2297319092879,570.8631363244275,3.2764611274234254,1,2,1,0
0.5916666666666667,967.2614447123898,536.071128180902,3.26104606964114,1,2,1,0
0.6,967.2636087498994,535.4808865870441,3.28666562920942,1,2,1,0
0.6083333333333333,966.4797425777397,534.970460381189,3.2563684057140962,1,2,1,0
0.6166666666666667,966.4370856063348,534.5599509401427,3.2650272144691366,1,2,1,0
0.625,966.7773388939015,534.0302676820387,3.2610179022694723,1,2,1,0
0.6333333333333333,967.126830608007,533.7586655025906,3.2513011506174463,1,2,1,0
0.6416666666666667,966.7488674302826,533.9535281367017,3.2633983077357387,1,2,1,0
0.65,966.5600499127457,533.7720839287368,3.2828418287620775,1,2,1,0
0.6583333333333333,966.5580263649522,533.9049768774757,3.2840200360035845,1,2,1,0
0.6666666666666666,966.4928830134262,534.5004384704681,3.2838782264346995,1,2,1,0
0.675,966.1767385838994,533.6573505057454,3.286703288590253,1,2,1,0
0.6833333333333333,965.3287652153703,534.355594875358,3.2480927437866782,1,2,1,0
0.6916666666666667,964.805921667724,535.1204142814455,3.28853200232132,1,2,1,0
0.7,964.9414088749902,534.9367411030249,3.2751474520808026,1,2,1,0
0.7083333333333334,965.084046893127,534.8117586429378,3.301169396450611,1,2,1,0
0.7166666666666667,964.649896364448,534.6932647715423,3.2972424564095566,1,2,1,0
0.725,964.6273279803228,534.7030828343134,3.289567349800668,1,2,1,0
0.7333333333333333,964.5519026626745,534.8903978273835,3.2796481263729187,1,2,1,0
0.7416666666666667,964.8052966036231,535.4133492482084,3.2793669613382717,1,2,1,0
0.75,964.8973395022125,535.7206936856892,3.252957169277124,1,2,1,0
0.7583333333333333,964.4822211549251,535.4080119087762,3.2716727016890363,1,2,1,0
0.7666666666666667,964.2518062688687,535.7065905742055,3.2807617920997205,1,2,1,0
0.775,964.6427118537232,534.6805287899068,3.2850794783467743,1,2,1,0
0.7833333333333333,964.4514736633867,535.0102021621155,3.3023965245792395,1,2,1,0
0.7916666666666666,965.129851464711,535.8821284227139,3.290485390661636,1,2,1,0
0.8,965.2947844820965,535.9460816843886,3.3329912724588406,1,2,1,0
0.8083333333333333,965.7539373120918,535.7481855461986,3.2794905626995114,1,2,1,0
0.8166666666666667,966.3656509525171,535.7565832163888,3.2663806427439233,1,2,1,0
0.825,966.520198345163,536.3555537081328,3.2886168923433092,1,2,1,0
0.8333333333333334,966.7090789480432,536.686572503038,3.2916144683439397,1,2,1,0
0.8416666666666667,967.1324476855311,537.0602314129388,3.245167396623667,1,2,1,0
0.85,966.4916773776575,537.8084426240318,3.2946433711412153,1,2,1,0
0.8583333333333333,967.1484061741687,537.0969744020717,3.3010941828567733,1,2,1,0
0.8666666666666667,966.4120542461811,536.7203759897055,3.304134479564324,1,2,1,0
0.875,967.0441171898528,536.8784744511389,3.2675891546889475,1,2,1,0
0.8833333333333333,966.9843910915068,536.3622969807162,3.284584559167995,1,2,1,0
0.8916666666666667,967.307582372787,535.5813820010198,3.304213062446146,1,2,1,0
0.9,966.7438933553087,535.638451591217,3.2900386515335818,1,2,1,0
0.9083333333333333,966.6301695783783,534.1305245825091,3.2642648109254946,1,2,1,0
0.9166666666666666,967.149798695236,534.5590989699856,3.299106119944292,1,2,1,0
0.925,967.2827956335174,534.8951511555248,3.305297824036038,1,2,1,0
0.9333333333333333,966.7769697836117,534.9232858370486,3.2891067480885257,1,2,1,0
0.9416666666666667,967.3199781025735,534.8747036597176,3.314678697534308,1,2,1,0
0.95,966.9021206744557,534.83918641365,3.321369759489687,1,2,1,0
0.9583333333333334,966.7252740304363,534.9777466107209,3.3075026669128897,1,2,1,0
0.9666666666666667,966.0315400229773,535.127588714079,3.2521424255979863,1,2,1,0
0.975,965.4814229477865,535.3444372908515,3.2664480542574235,1,2,1,0
0.9833333333333333,966.3007009966256,535.7313546044155,3.3616036919162644,1,2,1,0
0.9916666666666667,966.0887494882709,536.0037024986353,3.326816430748483,1,2,1,0
1.0,966.3204889942115,536.487463622445,3.2823881716131678,1,2,1,0
1.0083333333333333,966.6979976552034,536.4129866322404,3.2718972656767127,1,2,1,0
1.0166666666666666,966.3972585771105,536.7193328892639,3.3019034626978563,1,2,1,0
1.025,966.4208819472536,536.7192663409053,3.2895182583817113,1,2,1,0
1.0333333333333334,966.1470225670765,535.5222239117307,3.311080456993236,1,2,1,0
1.0416666666666667,966.3689845225003,535.2672632803251,3.3213372880135776,1,2,1,0
1.05,967.003973981419,534.5533122784822,3.3004083801939665,1,2,1,0
1.0583333333333333,966.6425879997457,534.0039269816024,3.3242825165533207,1,2,1,0
1.0666666666666667,966.461516180962,534.0863362870208,3.306631907008994,1,2,1,0
1.075,967.0094828890142,534.0975757186935,3.3082272352424256,1,2,1,0
1.0833333333333333,966.7970294859491,534.1430644574879,3.322562003069758,1,2,1,0
1.0916666666666666,966.5695307656817,534.4340009614552,3.3264106164308473,1,2,1,0
1.1,966.4294203125987,534.2704546388396,3.33193014109905,1,2,1,0
1.1083333333333334,967.0834394854144,533.7628235621745,3.3264523819627225,1,2,1,0
1.1166666666666667,967.5271193119902,534.4261142317863,3.3345503002489925,1,2,1,0
1.125,968.3449398822823,535.333484946016,3.3476974786012046,1,2,1,0
1.1333333333333333,968.1356558959582,534.5916812927939,3.3235153870979124,1,2,1,0
1.1416666666666666,969.1297780119717,534.6931214669465,3.3395632864878486,1,2,1,0
1.15,968.5769573638298,534.8439416189499,3.3520968488801604,1,2,1,0
1.1583333333333334,969.0592723909521,535.0586021401766,3.356824113904144,1,2,1,0
1.1666666666666667,968.1784310042787,535.3120327329958,3.333701512327613,1,2,1,0
1.175,967.9167814956519,535.2205133823419,3.334463116963238,1,2,1,0
1.1833333333333333,968.5057825496247,535.0277297234286,3.371895822158412,1,2,1,0
1.1916666666666667,968.3460167877768,535.068864356773,3.354581329210244,1,2,1,0
1.2,968.9921765415745,534.4467098903813,3.349212542766144,1,2,1,0
1.2083333333333333,969.0447631850682,534.235810518576,3.364672934540476,1,2,1,0
1.2166666666666666,968.86657528689,534.4351276186951,3.355155871333447,1,2,1,0
1.225,967.3946491311555,534.8489483938458,3.353056370642799,1,2,1,0
1.2333333333333334,966.6919532857784,535.2698314652173,3.3498199636470325,1,2,1,0
1.2416666666666667,967.3637948583253,535.217460508237,3.3549622534646146,1,2,1,0
1.25,967.7310336453279,535.6243651525997,3.328971553885334,1,2,1,0
1.2583333333333333,967.4428685877699,535.4880920476675,3.404489774327201,1,2,1,0
1.2666666666666666,967.9009900388388,536.1006533071076,3.34819357821126,1,2,1,0
1.275,967.3758467515647,536.4358981595038,3.339787237650336,1,2,1,0
1.2833333333333334,966.9501249731255,535.9231886711949,3.3635006672726417,1,2,1,0
1.2916666666666667,968.0151290849113,535.9815548351147,3.345192521790276,1,2,1,0
1.3,968.4713390861748,535.9780661052339,3.3536200720735483,1,2,1,0
1.3083333333333333,969.6569311627774,536.708180924746,3.370025867874009,1,2,1,0
1.3166666666666667,968.9035465509268,536.6676030404751,3.3725914067780796,1,2,1,0
1.325,968.7757563799373,536.4457883002469,3.3439459760547816,1,2,1,0
1.3333333333333333,968.8467823560478,536.2217167715319,3.317146457609762,1,2,1,0
1.3416666666666666,968.5259804479451,536.8419009091917,3.3442877730467844,1,2,1,0
1.35,968.216563897453,537.292925672454,3.322491500756958,1,2,1,0
1.3583333333333334,968.65070152871,537.266644466037,3.339368088270659,1,2,1,0
1.3666666666666667,968.053864330766,538.5608841656925,3.3220223738366004,1,2,1,0
1.375,968.0437292685534,539.2315852197369,3.2928388864119738,1,2,1,0
1.3833333333333333,968.397656085596,539.9994746034022,3.3626111061885875,1,2,1,0
1.3916666666666666,968.62246263033,540.1983502579462,3.3170891542127654,1,2,1,0
1.4,968.5367207999998,538.7952613119505,3.288758644248977,1,2,1,0
1.4083333333333334,968.9010130421882,537.9524389166963,3.2940332540799457,1,2,1,0
1.4166666666666667,967.4809975484108,537.7759970768792,3.302447883144883,1,2,1,0
1.425,968.2840222913583,537.6523365719943,3.344047479312312,1,2,1,0
1.4333333333333333,969.0959501222285,537.5488039926441,3.333046316388886,1,2,1,0
1.4416666666666667,969.4577017336658,537.8234370947467,3.3164382145550895,1,2,1,0
1.45,969.2605509314094,537.7505316744576,3.295341348763031,1,2,1,0
1.4583333333333333,969.0596839752931,538.0681134888322,3.319413006113187,1,2,1,0
1.4666666666666666,969.3572361235349,537.504709032866,3.2952006203712942,1,2,1,0
1.475,969.1190822492339,537.6521234329122,3.2987113997991107,1,2,1,0
1.4833333333333334,969.4596622357719,538.0048150775056,3.2562636387919106,1,2,1,0
1.4916666666666667,968.8646709074328,538.3528392513584,3.3088835958849296,1,2,1,0
1.5,969.4856328604797,537.5281820998964,3.2851078376869043,1,2,1,0
1.5083333333333333,969.0327322070505,537.9709955970432,3.278246531368126,1,2,1,0
1.5166666666666666,967.4831463807949,537.686371322716,3.3057261543245815,1,2,1,0
1.525,968.0047490262111,537.8210800906566,3.2884104299355736,1,2,1,0
1.5333333333333334,968.1980215951495,538.1100353682227,3.2501864133420098,1,2,1,0
1.5416666666666667,968.7381756270313,538.0547823683904,3.300650620041374,1,2,1,0
1.55,969.4449774781654,538.7407634376036,3.2701541115513977,1,2,1,0
1.5583333333333333,968.9694468505289,539.3497745932141,3.3075811763565146,1,2,1,0
1.5666666666666667,969.7450546422915,539.4622560344225,3.285837292097248,1,2,1,0
1.575,969.2639190226054,539.9548241846776,3.2963474207900525,1,2,1,0
1.5833333333333333,969.8445295650013,539.6834023748131,3.277483285343348,1,2,1,0
1.5916666666666666,969.2985868163653,540.1265325640819,3.3048569086034156,1,2,1,0
1.6,969.3779747235565,540.5185916050075,3.2932558261425804,1,2,1,0
1.6083333333333334,969.6162689540988,540.6910778961771,3.306823422792781,1,2,1,0
1.6166666666666667,970.8196516183932,540.6918671334427,3.3084057469917507,1,2,1,0
1.625,970.2462408178357,540.2253913215225,3.3357838293716457,1,2,1,0
1.6333333333333333,970.421939759632,540.5847844347646,3.289593542655208,1,2,1,0
1.6416666666666666,970.9110687321172,539.7613743441176,3.35952368885606,1,2,1,0
1.65,970.9997217013705,539.9401467814151,3.276992578578095,1,2,1,0
1.6583333333333334,971.0396087707928,540.4928336742286,3.2787958292787156,1,2,1,0
1.6666666666666667,970.9806449367532,540.51013298688,3.2924994546414195,1,2,1,0
1.675,970.5516412262082,539.9971379450724,3.302234354516012,1,2,1,0
1.6833333333333333,970.8751058925834,539.9078284045395,3.2909585803450003,1,2,1,0
1.6916666666666667,971.0587607322849,540.1704690718158,3.304476733757786,1,2,1,0
1.7,970.7652238450951,540.208183955344,3.3174651485644486,1,2,1,0
1.7083333333333333,971.7955670724733,540.3415298790361,3.304585313628508,1,2,1,0
1.7166666666666666,971.7748523820662,540.3422251104605,3.3000582039729274,1,2,1,0
1.725,972.5720193822134,540.091239541367,3.2791708199988276,1,2,1,0
1.7333333333333334,973.6733079921937,540.2111857677053,3.274839459834336,1,2,1,0
1.7416666666666667,973.2311463695172,540.0153344970403,3.264827290485765,1,2,1,0
1.75,972.197969605206,539.6410210745552,3.297316313582951,1,2,1,0
1.7583333333333333,971.481704643678,538.5218937019372,3.2782122660936786,1,2,1,0
1.7666666666666666,971.2177829769586,538.0791838913837,3.314001497768438,1,2,1,0
1.775,970.8802368473969,537.9343091970262,3.2758517264204188,1,2,1,0
1.7833333333333334,970.6154354695092,537.5779217271034,3.228957896073335,1,2,1,0
1.7916666666666667,970.3770766151049,537.7778476133897,3.2618291936556294,1,2,1,0
1.8,969.9881671572793,538.081599056753,3.293838730854585,1,2,1,0
1.8083333333333333,970.5184538199784,538.1847865876849,3.271811063315508,1,2,1,0
1.8166666666666667,971.0230800308834,538.0864299546732,3.2743887382659547,1,2,1,0
1.825,972.3557178549597,537.4440985385214,3.308431261536447,1,2,1,0
1.8333333333333333,972.5725944992843,536.4080848048825,3.2877609177559872,1,2,1,0
1.8416666666666666,971.5770857257897,537.7100339578253,3.289212934662389,1,2,1,0
1.85,971.1311428237457,537.8297446777308,3.2548991446137037,1,2,1,0
1.8583333333333334,971.239870637826,536.6643034932777,3.247840013458417,1,2,1,0
1.8666666666666667,971.5762674683581,535.7790724398661,3.267745100376349,1,2,1,0
1.875,971.0391260143879,536.3003789750057,3.282329937325835,1,2,1,0
1.8833333333333333,971.4412423853796,536.6289946653055,3.2380608067334733,1,2,1,0
1.8916666666666666,971.9349615796285,535.9318870759853,3.242029273459491,1,2,1,0
1.9,972.4740694956079,536.0829951130054,3.2718520983225052,1,2,1,0
1.9083333333333334,973.0260897655968,535.5461105873313,3.2938181832620654,1,2,1,0
1.9166666666666667,973.586690521097,536.3093443180467,3.254728603025243,1,2,1,0
1.925,974.1299966261815,536.4445391181571,3.3008991747773555,1,2,1,0
1.9333333333333333,973.484161446196,535.8764262218449,3.2795394278439667,1,2,1,0
1.9416666666666667,973.7741829299679,535.7585253461269,3.2405834790851147,1,2,1,0
1.95,973.9949015317319,536.4074380023471,3.2664160109658975,1,2,1,0
1.9583333333333333,974.2351647705059,537.471896746362,3.23030673507198,1,2,1,0
1.9666666666666666,974.1971117333319,537.5265523328426,3.2234382604692655,1,2,1,0
1.975,973.9404875976894,538.0102494123273,3.2762149247167107,1,2,1,0
1.9833333333333334,973.5066834285211,537.7979359399235,3.278785467771593,1,2,1,0
1.9916666666666667,973.2484291263219,537.7557900197743,3.2868764375147337,1,2,1,0
2.0,973.8768951078522,537.2396551038556,3.2128877190415714,1,2,1,0
2.0083333333333333,973.9545179658321,537.3264823735291,3.2741404931334404,1,2,1,0
2.0166666666666666,974.5231403190454,536.7131908409417,3.2411260646587636,1,2,1,0
2.025,974.4782331363363,536.6039255371835,3.2267399722838745,1,2,1,0
2.033333333333333,973.9211361217648,536.4907624908967,3.217581249430563,1,2,1,0
2.0416666666666665,973.7736382204198,536.821359650511,3.2393602676916537,1,2,1,0
2.05,973.4169052667462,536.1202374112247,3.2349384100921963,1,2,1,0
2.058333333333333,973.0551884686336,535.542650653607,3.2530470737133097,1,2,1,0
2.066666666666667,973.1135354400307,535.2705321935202,3.251293536796799,1,2,1,0
2.075,973.9553069664521,534.9698847368787,3.259202775711668,1,2,1,0
2.0833333333333335,972.8346283253941,535.6047582193236,3.2193783233239284,1,2,1,0
2.091666666666667,972.5249353410451,535.4234378348565,3.2609608211918886,1,2,1,0
2.1,972.7865392198729,534.999439411869,3.278715490239457,1,2,1,0
2.1083333333333334,973.4824013225312,535.1969804948333,3.227847056306226,1,2,1,0
2.1166666666666667,973.4636803898671,534.7301633602468,3.2898091897945805,1,2,1,0
2.125,973.1292798753254,535.1280570652331,3.247788988986404,1,2,1,0
2.1333333333333333,974.2506898446272,535.4680881853782,3.2533627956771856,1,2,1,0
2.1416666666666666,974.6364049521928,535.5647817296616,3.219745347441014,1,2,1,0
2.15,974.6806242924788,535.3971154462132,3.2287366993095112,1,2,1,0
2.158333333333333,973.9009931441574,537.1973826066809,3.2524507443080597,1,2,1,0
2.1666666666666665,973.5215091617534,537.6565760495764,3.225213557035589,1,2,1,0
2.175,972.5524225673532,537.0793700084324,3.256931105292284,1,2,1,0
2.183333333333333,973.0680500085218,537.1982896427817,3.2299917810165693,1,2,1,0
2.191666666666667,972.2867235567388,536.941706736762,3.2564583707802415,1,2,1,0
2.2,972.0976693961193,536.3626739754868,3.2264031605458388,1,2,1,0
2.2083333333333335,971.856193174021,536.3525741726561,3.258637631344743,1,2,1,0
2.216666666666667,972.1474410236773,536.6355237696853,3.290931243117801,1,2,1,0
2.225,971.4144950167369,536.5476233890433,3.2414405311459507,1,2,1,0
2.2333333333333334,971.8769321052362,535.622097755316,3.230955518294641,1,2,1,0
2.2416666666666667,972.3483032931455,535.2908781774306,3.230134607759026,1,2,1,0
2.25,972.8432190937713,535.2129661551865,3.2176572106745747,1,2,1,0
2.2583333333333333,972.3630444429089,535.4966665757402,3.238532326716801,1,2,1,0
2.2666666666666666,972.3613246010251,535.5512383042277,3.247313765294,1,2,1,0
2.275,971.9319280492757,534.7944893297602,3.2212510364542584,1,2,1,0
2.283333333333333,971.5180267281888,534.9132793032983,3.214158704155562,1,2,1,0
2.2916666666666665,970.6089568190853,534.228439627823,3.2509720765616823,1,2,1,0
2.3,970.5222043942167,534.6021426617726,3.243134838242886,1,2,1,0
2.308333333333333,970.9477869193275,534.65540451348,3.2164309597202525,1,2,1,0
2.316666666666667,972.1881200029076,535.5563393911488,3.199405572373725,1,2,1,0
2.325,972.175901487064,536.5184496811668,3.174213574640075,1,2,1,0
2.3333333333333335,973.1765881920356,536.8632425525285,3.2099158458196277,1,2,1,0
2.341666666666667,973.437637344403,536.5151114936862,3.207444582437258,1,2,1,0
2.35,973.5992136492101,536.2268681947794,3.197627511126204,1,2,1,0
2.3583333333333334,973.9071378650575,536.9338213027586,3.2169527287361364,1,2,1,0
2.3666666666666667,974.6904674016263,536.9260416462525,3.220365055341813,1,2,1,0
2.375,973.9576723006728,536.5465162337713,3.2093993514683863,1,2,1,0
2.3833333333333333,,,,0,2,1,0
2.3916666666666666,,,,0,2,1,0
2.4,,,,0,2,1,0
2.408333333333333,,,,0,2,1,0
2.4166666666666665,,,,0,2,1,0
2.425,,,,0,2,1,0
2.433333333333333,,,,0,2,1,0
2.441666666666667,,,,0,2,1,0
2.45,,,,0,2,1,0
2.4583333333333335,,,,0,2,1,0
2.466666666666667,,,,0,2,1,0
2.475,,,,0,2,1,0
2.4833333333333334,,,,0,2,1,0
2.4916666666666667,,,,0,2,1,0
2.5,,,,0,2,1,0
2.5083333333333333,,,,0,2,1,0
2.5166666666666666,973.6432275011034,537.009751748659,3.1674233906502254,1,2,1,0
2.525,974.4308116882489,536.1368851571638,3.198213469660435,1,2,1,0
2.533333333333333,974.7755378125861,536.0766130217417,3.180444037037061,1,2,1,0
2.5416666666666665,975.6990331318522,535.3291732555923,3.1476426407749942,1,2,1,0
2.55,974.750411239177,534.7285167402632,3.1792737800086863,1,2,1,0
2.558333333333333,974.5128336202837,534.3964379501895,3.173062998722186,1,2,1,0
2.566666666666667,974.2776414483175,533.8657551485921,3.224913213010409,1,2,1,0
2.575,974.0527737020954,534.1826011129785,3.1835231536416404,1,2,1,0
2.5833333333333335,973.8011712148578,534.2078489838074,3.19294849814287,1,2,1,0
2.591666666666667,973.7773551765684,533.4007946118539,3.1816878208608763,1,2,1,0
2.6,973.803159123,533.5337417119947,3.170818932858717,1,2,1,0
2.6083333333333334,974.3034345362711,533.9844926809279,3.1625042153328877,1,2,1,0
2.6166666666666667,974.6381154190515,533.8673143730142,3.1972031665082543,1,2,1,0
2.625,974.9291428649481,532.8195159695638,3.2157914580173466,1,2,1,0
2.6333333333333333,975.0221186923901,532.7023800720601,3.1708527111897906,1,2,1,0
2.6416666666666666,974.692629922521,533.1717214454986,3.1607694103062562,1,2,1,0
2.65,974.249117708689,533.462504676582,3.194894572695612,1,2,1,0
2.658333333333333,974.9288060019097,533.2785984926777,3.1888962161774335,1,2,1,0
2.6666666666666665,974.7025450331308,532.4382694964054,3.1740323191273876,1,2,1,0
2.675,974.6560417164352,532.385349048761,3.1831727179168765,1,2,1,0
2.683333333333333,974.797959646654,532.7813299839836,3.183714151384083,1,2,1,0
2.691666666666667,974.4322701988875,533.6081377246076,3.1484337813115877,1,2,1,0
2.7,974.4207414708902,533.6321974314085,3.173299014247353,1,2,1,0
2.7083333333333335,973.800581202884,533.9310591766184,3.155349922707832,1,2,1,0
2.716666666666667,973.9394790935363,534.0013658261956,3.14968419735494,1,2,1,0
2.725,974.5030246129875,534.2501056302463,3.1932612822143325,1,2,1,0
2.7333333333333334,974.1678708665819,534.1500485193764,3.156803486598657,1,2,1,0
2.7416666666666667,974.7721382674562,534.1795318078028,3.1676760054061472,1,2,1,0
2.75,975.5623575854961,533.6110628972118,3.1247571063379094,1,2,1,0
2.7583333333333333,975.8142597927886,533.4479124350356,3.198585864652275,1,2,1,0
2.7666666666666666,975.9473475150784,533.7238485415926,3.151432290433012,1,2,1,0
2.775,975.7483328397043,535.1079192674076,3.1947607283074917,1,2,1,0
2.783333333333333,975.1145038473024,534.9670592987256,3.153569640762336,1,2,1,0
2.7916666666666665,975.6951531217868,535.0352410861171,3.164095851109815,1,2,1,0
2.8,976.9635987544744,535.2183503032732,3.175882062129624,1,2,1,0
2.808333333333333,977.0923186322101,535.1044927509816,3.1436136400016177,1,2,1,0
2.816666666666667,977.0130191619758,534.4766904824336,3.175437794861174,1,2,1,0
2.825,977.3855861285116,533.836014460376,3.1703436611624327,1,2,1,0
2.8333333333333335,977.5123673896665,533.9395817120375,3.1461108666617363,1,2,1,0
2.841666666666667,977.5712908914079,533.8706585656208,3.128110608471035,1,2,1,0
2.85,977.5376442772094,533.3123242128502,3.183213026353726,1,2,1,0
2.8583333333333334,977.8059391710519,533.4147428604176,3.1950593039041104,1,2,1,0
2.8666666666666667,977.5640646662538,532.8125807030384,3.1548581569576855,1,2,1,0
2.875,978.0255981250516,533.7207465785306,3.165024485923917,1,2,1,0
2.8833333333333333,978.3248753102125,533.1277188393686,3.160989873350315,1,2,1,0
2.8916666666666666,977.809310311082,533.2105661851726,3.1711649219225087,1,2,1,0
2.9,977.6069709701105,532.9196920099162,3.1463903334775107,1,2,1,0
2.908333333333333,977.6622818677475,533.1127500077569,3.151287591285219,1,2,1,0
2.9166666666666665,978.0069183998297,532.6925669860692,3.165582006704801,1,2,1,0
2.925,977.2831427977535,533.0130388724424,3.19187837476864,1,2,1,0
2.933333333333333,978.1003071600624,532.8156521298201,3.1554205179012556,1,2,1,0
2.941666666666667,979.0454103520925,532.5209707679045,3.141125835479553,1,2,1,0
2.95,979.0246415919149,532.441032359308,3.1447596265859867,1,2,1,0
2.9583333333333335,977.9098596666657,533.2208680652074,3.1184938886271043,1,2,1,0
2.966666666666667,977.9461874399998,532.5512447893138,3.1367832256676427,1,2,1,0
2.975,978.279478712331,532.4970922538364,3.1593510690141966,1,2,1,0
2.9833333333333334,977.1057112509092,532.8122540949421,3.131317424914535,1,2,1,0
2.9916666666666667,977.3270001279244,532.8933681124659,3.1364147861043863,1,2,1,0
3.0,976.8245152920215,531.7737665696735,3.135209998992589,1,2,1,0
3.0083333333333333,976.5317896485612,532.107564369249,3.1592456333011714,1,2,1,0
3.0166666666666666,977.0016340476882,531.6151125561003,3.159450126142787,1,2,1,0
3.025,976.5140059947438,531.1968019532511,3.1244874364494324,1,2,1,0
3.033333333333333,977.0467635584248,530.9489065153847,3.1261646602145734,1,2,1,0
3.0416666666666665,977.857279252365,530.3389951556654,3.1582307963522127,1,2,1,0
3.05,978.010526551774,531.1316539739481,3.1395821820575582,1,2,1,0
3.058333333333333,978.2285162796061,532.0297944824127,3.1658655035989494,1,2,1,0
3.066666666666667,977.7698519581488,532.3507673760776,3.1357826991995847,1,2,1,0
3.075,977.7130023684573,531.5328586548671,3.131678209138131,1,2,1,0
3.0833333333333335,977.2665421202018,530.0212126488035,3.1349753111177816,1,2,1,0
3.091666666666667,977.2719492735176,530.5119849811529,3.1294136595433915,1,2,1,0
3.1,977.0120624511515,531.0361783663577,3.1352089065142668,1,2,1,0
3.1083333333333334,977.354915049905,530.8121776843699,3.114048632901115,1,2,1,0
3.1166666666666667,977.154011411706,530.1765909123503,3.131950044371115,1,2,1,0
3.125,977.1028337677918,530.1967379690973,3.1314476363838804,1,2,1,0
3.1333333333333333,977.8476505776914,530.6740583794002,3.1226203502838104,1,2,1,0
3.1416666666666666,978.5434512091078,530.3169204741125,3.127900465123523,1,2,1,0
3.15,978.8869685989928,529.693196947021,3.1334448302563502,1,2,1,0
3.158333333333333,978.3208020753024,530.0178648803247,3.114878044084163,1,2,1,0
3.1666666666666665,977.8671045827923,529.9602846740528,3.097697923587579,1,2,1,0
3.175,978.1245408429745,530.3853871069192,3.125618291752633,1,2,1,0
3.183333333333333,978.0569431142758,529.7879008796498,3.1185655448021854,1,2,1,0
3.191666666666667,977.3462174196964,528.9670228741651,3.129504995959978,1,2,1,0
3.2,977.0947752671,529.0861434615161,3.1360806382782505,1,2,1,0
3.2083333333333335,976.8405586219767,529.0468755603102,3.1153470032522095,1,2,1,0
3.216666666666667,976.9231352749496,529.0200967913879,3.1083721804784608,1,2,1,0
3.225,976.3902674649477,529.9996413574645,3.1403442161381707,1,2,1,0
3.2333333333333334,976.7148633360848,530.0250926388657,3.091331369852496,1,2,1,0
3.2416666666666667,976.534591665872,529.6214268391865,3.1523187211182817,1,2,1,0
3.25,976.8005839589623,529.9890793857471,3.160956035398116,1,2,1,0
3.2583333333333333,976.6066041995131,529.6512783743838,3.1047842665920182,1,2,1,0
3.2666666666666666,976.2980138498398,530.401146128186,3.084679283806575,1,2,1,0
3.275,976.246395853535,530.4279291615399,3.0983611378005507,1,2,1,0
3.283333333333333,976.3233740242416,530.6090168627765,3.1408067201180443,1,2,1,0
3.2916666666666665,976.0882884491851,531.0575507726043,3.099798263810806,1,2,1,0
3.3,976.7499458547943,529.9701940544072,3.1327097481587804,1,2,1,0
3.308333333333333,976.752592225545,529.6461574640159,3.1169228511092792,1,2,1,0
3.316666666666667,976.833209605731,529.7979419209755,3.123575646178155,1,2,1,0
3.325,977.0503703213419,529.8203237114637,3.1126376049350513,1,2,1,0
3.3333333333333335,976.8389998516362,529.5391614383497,3.094555130101647,1,2,1,0
3.341666666666667,976.5306342843072,530.4753784052004,3.0944265687532857,1,2,1,0
3.35,976.7518865807805,531.0403074274113,3.133595298731484,1,2,1,0
3.3583333333333334,975.9691918099912,531.1525453935267,3.0845084346098632,1,2,1,0
3.3666666666666667,975.6163362323042,530.4078708174713,3.1597489919336326,1,2,1,0
3.375,976.1907845709281,530.3771702388252,3.1217114121026963,1,2,1,0
3.3833333333333333,976.4345772389386,531.333036227676,3.1422151192659604,1,2,1,0
3.3916666666666666,976.1197953011513,531.5438827097028,3.1118831047027053,1,2,1,0
3.4,976.3744893941663,530.9689997394642,3.0919193214238856,1,2,1,0
3.408333333333333,977.1893425355587,531.7143121292772,3.1056402338295386,1,2,1,0
3.4166666666666665,976.9654806987434,532.2475266817092,3.117574396109284,1,2,1,0
3.425,976.2710796173219,531.8572692088554,3.1053350693952355,1,2,1,0
3.433333333333333,977.5365073159743,531.8618894616526,3.062798324790359,1,2,1,0
3.441666666666667,976.8367214603423,532.7081782606266,3.1187478093457286,1,2,1,0
3.45,977.4849278522464,533.0834889559918,3.0902756748335793,1,2,1,0
3.4583333333333335,977.3922438928486,534.3311880073759,3.1125944560716396,1,2,1,0
3.466666666666667,977.526990424558,533.9941266866754,3.1031225662106827,1,2,1,0
3.475,976.1094373058087,533.3448998204166,3.080594025742027,1,2,1,0
3.4833333333333334,975.8082354293234,532.4386783963693,3.0993912068568075,1,2,1,0
3.4916666666666667,975.5071683301602,531.8898509690271,3.104632123911268,1,2,1,0
3.5,976.2766012469642,531.8851044072708,3.1136306015158497,1,2,1,0
3.5083333333333333,976.3561372116321,532.119220003443,3.121638913599087,1,2,1,0
3.5166666666666666,976.109438519484,532.6211087437024,3.085707102816839,1,2,1,0
3.525,976.6571079035231,532.2537709593761,3.122231785450783,1,2,1,0
3.533333333333333,976.5803329197565,531.557953577056,3.1213307806785875,1,2,1,0
3.5416666666666665,977.2077357353088,531.1751603552846,3.0880700461972865,1,2,1,0
3.55,977.2087324077586,530.8881338544685,3.1180416159756557,1,2,1,0
3.558333333333333,976.9988080150857,531.4096540298871,3.0798949143595986,1,2,1,0
3.566666666666667,976.8457084362341,530.7971670498146,3.1134848786003,1,2,1,0
3.575,977.2742878036515,530.7972264149445,3.0726103388200596,1,2,1,0
3.5833333333333335,977.4385890848991,531.4050942297548,3.076605956726029,1,2,1,0
3.591666666666667,978.1548474766167,531.2973944844722,3.1271872192210517,1,2,1,0
3.6,978.011485517407,531.1123702959648,3.104706019343763,1,2,1,0
3.6083333333333334,978.4910681660455,530.569050623394,3.0816805751887304,1,2,1,0
3.6166666666666667,978.5037717515049,529.9312998174306,3.1073868917356613,1,2,1,0
3.625,978.4862856353602,529.6145670067358,3.1317033173731286,1,2,1,0
3.6333333333333333,978.9558452431853,530.4773940086928,3.081754912976473,1,2,1,0
3.6416666666666666,978.3611183501722,530.587366925515,3.1508644381782585,1,2,1,0
3.65,979.0696064851189,530.1264604736069,3.0965527301572613,1,2,1,0
3.658333333333333,978.8618697794718,530.6082395258859,3.0976190538051687,1,2,1,0
3.6666666666666665,979.1430149633969,530.8112392946903,3.110999525254096,1,2,1,0
3.675,978.9954254798912,530.8276869801871,3.068561516493011,1,2,1,0
3.683333333333333,978.9299452294647,530.512394157266,3.085664312207326,1,2,1,0
3.691666666666667,978.7782339035896,531.0135767394025,3.112462896871966,1,2,1,0
3.7,978.9726338573915,531.2192539725999,3.1093646907568324,1,2,1,0
3.7083333333333335,979.2670152640244,530.3923925406679,3.098555302170281,1,2,1,0
3.716666666666667,979.9848323410091,530.7948630977254,3.07876356237164,1,2,1,0
3.725,979.8562295223136,530.4590540780185,3.063924515705267,1,2,1,0
3.7333333333333334,979.3725148361782,530.5039658598495,3.0866926688660077,1,2,1,0
3.7416666666666667,979.532905211328,530.4703554374431,3.0937003597983144,1,2,1,0
3.75,979.3230076132745,530.2903163865752,3.1626099647042563,1,2,1,0
3.7583333333333333,979.3028806256664,529.982462654476,3.0834776261573253,1,2,1,0
3.7666666666666666,979.002070526308,530.767744191901,3.097128958852499,1,2,1,0
3.775,979.5881690498294,530.5701871613389,3.089950087198973,1,2,1,0
3.783333333333333,979.6880308420541,530.1438724993426,3.0808657622368916,1,2,1,0
3.7916666666666665,979.5879549601469,529.6729385015077,3.0997266424181915,1,2,1,0
3.8,979.9009396153108,529.1373759722724,3.075462207544193,1,2,1,0
3.808333333333333,978.879976504471,530.452093669224,3.0726287887867536,1,2,1,0
3.816666666666667,979.4165291627194,529.4907323371897,3.113345721017965,1,2,1,0
3.825,979.090511714111,529.5474104238898,3.1063652160065893,1,2,1,0
3.8333333333333335,979.0004152893999,529.1381817432547,3.0864356601689718,1,2,1,0
3.841666666666667,978.3421582536572,529.436449235605,3.131314795451389,1,2,1,0
3.85,978.9026898441904,529.6481865250363,3.0864289531798392,1,2,1,0
3.8583333333333334,979.5596087509728,529.9772892673658,3.100814013572454,1,2,1,0
3.8666666666666667,979.6363105460998,530.1150906051604,3.0979249413326504,1,2,1,0
3.875,979.7585865248559,530.6936593571668,3.0860134740023786,1,2,1,0
3.8833333333333333,979.5475249869139,530.2513110998719,3.095787313294928,1,2,1,0
3.8916666666666666,979.5579148760214,530.3721087552633,3.0752614666339637,1,2,1,0
3.9,979.445306025949,529.7732341944254,3.09779446114005,1,2,1,0
3.908333333333333,979.1418454771969,530.8192716455723,3.085076548340361,1,2,1,0
3.9166666666666665,979.5154107705476,530.6016101713802,3.1036606458917904,1,2,1,0
3.925,979.0057140763438,530.1123539312227,3.129977373825354,1,2,1,0
3.933333333333333,979.1409599201952,529.9793758232477,3.14161369355849,1,2,1,0
3.941666666666667,979.2190170951966,531.4478821778051,3.0973219228376268,1,2,1,0
3.95,978.8769741706224,531.6105687980905,3.138905191907387,1,2,1,0
3.9583333333333335,979.8484605893276,532.0435646166642,3.1047464096264106,1,2,1,0
3.966666666666667,980.4437348102291,532.043668913344,3.1146610272171755,1,2,1,0
3.975,980.7101202559006,531.8647910084461,3.115462027807812,1,2,1,0
3.9833333333333334,980.8056725551396,531.887509270285,3.092478484596783,1,2,1,0
3.9916666666666667,980.5921695462649,531.3099310220163,3.1388908575951344,1,2,1,0
4.0,979.9500711832744,531.5782392854734,3.100067858063867,1,2,1,0
4.008333333333334,978.8380533449437,532.371074081188,3.1020366400500623,1,2,1,0
4.016666666666667,978.8814370151008,532.6820268442568,3.1006580653558555,1,2,1,0
4.025,979.0432458873767,533.5992721447742,3.1230763752201818,1,2,1,0
4.033333333333333,978.2490277607092,533.2291233355508,3.101299502881735,1,2,1,0
4.041666666666667,978.2076400841516,532.8647639391381,3.111066100724088,1,2,1,0
4.05,978.0005579025637,531.9812088085796,3.10401871319861,1,2,1,0
4.058333333333334,977.0001345496955,531.9878832709846,3.0700338431874843,1,2,1,0
4.066666666666666,977.2333820715949,532.4368919738122,3.1171999554027976,1,2,1,0
4.075,977.8535323266435,532.5151375366626,3.1026378150796923,1,2,1,0
4.083333333333333,977.251613119296,532.4582426626406,3.1169613414303723,1,2,1,0
4.091666666666667,976.895334972952,531.7048867887336,3.129798146073231,1,2,1,0
4.1,976.9770782176238,532.2403118673925,3.147326418644517,1,2,1,0
4.108333333333333,977.1511697447124,531.9284066044312,3.097451947443249,1,2,1,0
4.116666666666666,978.1184960979191,533.0197464719299,3.133801696186795,1,2,1,0
4.125,978.7980858413155,533.4259817830435,3.077582418889625,1,2,1,0
4.133333333333334,1165.2863738337994,408.2693538491509,3.1297802704656585,1,2,1,0
4.141666666666667,1165.019588162027,406.9410470538678,3.1185080926997024,1,2,1,0
4.15,979.2192441027406,532.3723190733547,3.122642735113439,1,2,1,0
4.158333333333333,979.3435666486209,532.4112035397733,3.126198291412368,1,2,1,0
4.166666666666667,980.4217347254967,532.9860424923025,3.1363102782538745,1,2,1,0
4.175,980.481501380028,533.6748069075193,3.1215042282589804,1,2,1,0
4.183333333333334,980.930179059457,533.4245375687334,3.0692785115996717,1,2,1,0
4.191666666666666,981.1694891871292,532.6243128610256,3.1493101819929525,1,2,1,0
4.2,982.1749559636645,532.1587225639842,3.121094524356026,1,2,1,0
4.208333333333333,981.5481638910089,531.5705608433384,3.120896809693291,1,2,1,0
4.216666666666667,981.4484359419868,531.8621557441273,3.0948234265340475,1,2,1,0
4.225,981.4608491099908,531.4336941247398,3.1237473486922966,1,2,1,0
4.233333333333333,981.4865993283845,530.6227348401878,3.125659578111142,1,2,1,0
4.241666666666666,981.3665422349857,530.8917232319948,3.115915568564969,1,2,1,0
4.25,980.553715656011,531.1643528617826,3.1166898181006775,1,2,1,0
4.258333333333334,979.6923533970846,530.8334086339886,3.101689697697985,1,2,1,0
4.266666666666667,980.0604614870863,530.0326584759862,3.135191820320881,1,2,1,0
4.275,979.6784992280736,530.2498311500049,3.139420999621061,1,2,1,0
4.283333333333333,979.9603564759432,530.4780609955593,3.1226436135118325,1,2,1,0
4.291666666666667,979.6616293141759,530.8959158614078,3.11614333926102,1,2,1,0
4.3,980.1291781378732,530.7406529969442,3.1305163508298723,1,2,1,0
4.308333333333334,980.5777482904407,530.2656976090493,3.130373923490046,1,2,1,0
4.316666666666666,979.5138985662066,529.9891322283831,3.1092177360013715,1,2,1,0
4.325,979.0781118689656,529.6041169410483,3.1074488280879615,1,2,1,0
4.333333333333333,979.6914706311975,529.2852470287808,3.1232878150587973,1,2,1,0
4.341666666666667,980.8821624552902,528.8739048733008,3.1562195111544487,1,2,1,0
4.35,980.8084488927702,528.7095585296623,3.154954475628815,1,2,1,0
4.358333333333333,980.7643368386698,528.2091344240066,3.145432803232528,1,2,1,0
4.366666666666666,979.7098725346251,528.375734105116,3.1240216531860643,1,2,1,0
4.375,979.7513594764828,528.6778138059179,3.1338421450572715,1,2,1,0
4.383333333333334,980.0520915792629,528.3506572639371,3.114155694275132,1,2,1,0
4.391666666666667,980.853411730476,529.0493012807235,3.128510981472472,1,2,1,0
4.4,981.3154121979034,528.8670370030629,3.133203091710624,1,2,1,0
4.408333333333333,981.7809424762756,528.5714328542116,3.148762734384096,1,2,1,0
4.416666666666667,982.3628496963938,527.7897594291048,3.1478877837815533,1,2,1,0
4.425,982.15855796027,528.3438604628598,3.1176514937258126,1,2,1,0
4.433333333333334,982.4596856576321,527.7828628210749,3.1563453220104605,1,2,1,0
4.441666666666666,981.4352788823586,528.1381761223543,3.159703403159212,1,2,1,0
4.45,981.6790175410832,528.3514028627645,3.1231100839967016,1,2,1,0
4.458333333333333,981.3949414206498,527.3862316953282,3.1436677686304395,1,2,1,0
4.466666666666667,982.2774460492773,527.3176316575011,3.142566947831841,1,2,1,0
4.475,983.3398230881107,527.2833234685482,3.139600741995038,1,2,1,0
4.483333333333333,983.8855267011019,526.5908694913757,3.16750196863823,1,2,1,0
4.491666666666666,984.1409994513049,525.8501993345683,3.1637972160295984,1,2,1,0
4.5,984.2311271958936,525.617903453806,3.1743006364552206,1,2,1,0
4.508333333333334,984.4811142790077,526.7319332781569,3.1458961977746145,1,2,1,0
4.516666666666667,984.8109096896337,527.108829658933,3.154345488686558,1,2,1,0
4.525,984.0290816674677,526.7218616646209,3.128296361158267,1,2,1,0
4.533333333333333,983.4208710281133,527.1959282176937,3.1220968581307766,1,2,1,0
4.541666666666667,983.5780236472857,527.5906467565958,3.166932503994198,1,2,1,0
4.55,983.9632235956857,526.662145490416,3.1743671320302322,1,2,1,0
4.558333333333334,983.8671071500238,527.0057601171934,3.1519079027248873,1,2,1,0
4.566666666666666,983.1743642305167,527.1991635011784,3.112318221151003,1,2,1,0
4.575,982.8199144275919,527.3290272984182,3.154806098555428,1,2,1,0
4.583333333333333,982.6006746126254,527.4722006364995,3.160754364231355,1,2,1,0
4.591666666666667,982.7913314022693,527.3703940549229,3.151789773840368,1,2,1,0
4.6,983.2543546624563,526.9157580242668,3.122611855397062,1,2,1,0
4.608333333333333,982.8246181355519,526.1263538791042,3.1417906465138308,1,2,1,0
4.616666666666666,983.1929563412598,525.8399648723083,3.1551790591939004,1,2,1,0
4.625,983.012684514108,525.6672962647583,3.1684474345128963,1,2,1,0
4.633333333333334,982.6933586619988,525.5641285725218,3.164761643209706,1,2,1,0
4.641666666666667,983.1469407978474,525.1604356531913,3.1886317537123667,1,2,1,0
4.65,983.2532575884485,524.5241078660612,3.135990148364951,1,2,1,0
4.658333333333333,983.0174413638414,523.8686780633483,3.1440657545773005,1,2,1,0
4.666666666666667,982.7970755598669,524.2126020618963,3.144143449280359,1,2,1,0
4.675,982.4611402702283,523.8419328955542,3.194579853006991,1,2,1,0
4.683333333333334,982.5139820865932,523.9563583741116,3.14434837930001,1,2,1,0
4.691666666666666,981.4181159121898,523.8020375363814,3.1558868943247367,1,2,1,0
4.7,980.7950967721872,523.3916897976045,3.1447189253110133,1,2,1,0
4.708333333333333,980.4948118508662,523.0167452308287,3.179742596990521,1,2,1,0
4.716666666666667,980.6042884110304,522.848560112991,3.173456657837938,1,2,1,0
4.725,979.7961068846498,523.9374720564899,3.1760073178373878,1,2,1,0
4.733333333333333,980.3867633276593,524.4132127763962,3.1697391639834103,1,2,1,0
4.741666666666666,980.3988041465064,523.293368055583,3.1480733114909007,1,2,1,0
4.75,981.0183673930196,523.0326846498401,3.185805375430016,1,2,1,0
4.758333333333334,980.6990209156659,523.4004638177868,3.185235065136526,1,2,1,0
4.766666666666667,981.1503010067488,523.3582851597927,3.1703476517186773,1,2,1,0
4.775,981.1228388657817,522.8154993154704,3.168098059330417,1,2,1,0
4.783333333333333,982.1600078027045,522.131585162507,3.161671362439174,1,2,1,0
4.791666666666667,981.7608685060582,521.7735039539374,3.1919145396747166,1,2,1,0
4.8,981.5685167380448,521.6679429284184,3.1497928243685043,1,2,1,0
4.808333333333334,981.4647974901663,522.2961212731402,3.1807108751215334,1,2,1,0
4.816666666666666,981.738211440738,522.4648088146754,3.188177461707014,1,2,1,0
4.825,981.8114754422768,522.1925374143606,3.174380014098648,1,2,1,0
4.833333333333333,981.4623054717335,521.7148074906222,3.2223743868311927,1,2,1,0
4.841666666666667,980.782177568506,522.3494578576081,3.170505018769146,1,2,1,0
4.85,980.9257643629287,521.5812642407765,3.15903006791035,1,2,1,0
4.858333333333333,980.9347766474862,522.112899114656,3.177806232052787,1,2,1,0
4.866666666666666,980.4680868263785,522.5393624854265,3.207117231837228,1,2,1,0
4.875,980.0314486456974,523.0452138564173,3.1835417014425405,1,2,1,0
4.883333333333334,980.057486976292,523.414569974545,3.211378914217968,1,2,1,0
4.891666666666667,980.1739452804884,523.8423469241773,3.1741353797602967,1,2,1,0
4.9,979.9092754506819,523.4279081277757,3.20490065897598,1,2,1,0
4.908333333333333,981.3586202575484,523.1108770413655,3.1795481058883084,1,2,1,0
4.916666666666667,981.1736358403348,523.0604672093273,3.1688983765399668,1,2,1,0
4.925,981.043114999485,523.161325211569,3.175134050641059,1,2,1,0
4.933333333333334,980.5329901431429,523.5341891416178,3.2249997429862938,1,2,1,0
4.941666666666666,980.6149283680741,523.2151488504953,3.1925988287799063,1,2,1,0
4.95,980.7334289765129,523.4821220221322,3.1870297445449287,1,2,1,0
4.958333333333333,980.3839507562568,523.2797347090564,3.190803137891688,1,2,1,0
4.966666666666667,980.4445342628198,523.6575249470748,3.15037078152184,1,2,1,0
4.975,981.4756268210825,523.7001276306055,3.223697939436707,1,2,1,0
4.983333333333333,981.8076830748224,524.5412313779648,3.202124269041105,1,2,1,0
4.991666666666666,982.3908063543508,525.0555051580387,3.180674627132068,1,2,1,0
5.0,982.7590660506957,524.694353448284,3.1513866663324306,1,2,1,0
5.008333333333334,982.448848639131,524.484357990281,3.199769094599078,1,2,1,0
5.016666666666667,982.8632093346347,524.1024458607766,3.214317916396092,1,2,1,0
5.025,982.7070680824496,523.3383334893971,3.1869383923378365,1,2,1,0
5.033333333333333,983.2543890334135,524.1640059234571,3.2093102357289607,1,2,1,0
5.041666666666667,982.0360759156232,524.4850340753597,3.2412624597442994,1,2,1,0
5.05,981.6071664475995,524.7517804470904,3.2155630960297437,1,2,1,0
5.058333333333334,981.9865660896296,524.5350858798156,3.2443243402289026,1,2,1,0
5.066666666666666,981.6218495313399,525.0137759528236,3.2081301153149218,1,2,1,0
5.075,981.8156093320096,523.6668596911072,3.2307446182378703,1,2,1,0
5.083333333333333,980.8431368111592,523.7339779677451,3.2483682153133957,1,2,1,0
5.091666666666667,981.4736129301049,523.6560260512324,3.215319641943757,1,2,1,0
5.1,981.6903213859348,523.061409971327,3.2348881679659334,1,2,1,0
5.108333333333333,982.5918777569619,523.8384101752927,3.2078389902931312,1,2,1,0
5.116666666666666,982.1448378293026,524.0772708582928,3.1816286024870606,1,2,1,0
5.125,983.0906244388244,524.5920622615636,3.2034723489972747,1,2,1,0
5.133333333333334,984.1276458741806,524.1802153661899,3.2525463990760337,1,2,1,0
5.141666666666667,983.2851848601332,524.4513653596646,3.18328491786613,1,2,1,0
5.15,983.106875573936,524.92184973099,3.2103664725553913,1,2,1,0
5.158333333333333,1060.910335333178,683.4751355051711,3.230359992446213,1,2,1,0
5.166666666666667,1060.1024224855637,683.9721170683412,3.18745159543304,1,2,1,0
5.175,983.1530990391085,524.5778387973465,3.2537648361587213,1,2,1,0
5.183333333333334,982.9934949337037,524.724029988388,3.218047208589976,1,2,1,0
5.191666666666666,982.5976256223125,524.9320465781423,3.209716612346051,1,2,1,0
5.2,983.0631777512342,524.4492132862221,3.223785349561476,1,2,1,0
5.208333333333333,983.1303851704039,524.8245403315686,3.2553309319687713,1,2,1,0
5.216666666666667,982.941920610241,524.7772725055471,3.24412132555756,1,2,1,0
5.225,573.6933040332804,212.12531750279243,3.255652525655283,1,2,1,0
5.233333333333333,573.3037429142514,212.75466197889568,3.2286577312084743,1,2,1,0
5.241666666666666,983.9305377935382,524.962702649434,3.263285406977757,1,2,1,0
5.25,984.2916713316162,524.8610994126672,3.2425008797943824,1,2,1,0
5.258333333333334,984.254808136216,524.4812795974126,3.2457854298300037,1,2,1,0
5.266666666666667,984.2353232233211,524.7975102572995,3.2264464017748984,1,2,1,0
5.275,984.5425153336275,524.6049546578381,3.2263668043583187,1,2,1,0
5.283333333333333,984.4202801204825,524.509200429482,3.2258008816853745,1,2,1,0
5.291666666666667,984.5477528674625,524.1894578577084,3.238667974506123,1,2,1,0
5.3,983.8805358499342,523.1970566187024,3.2312176538032165,1,2,1,0
5.308333333333334,984.5897834889618,524.0387237289352,3.223223230479194,1,2,1,0
5.316666666666666,984.322563816849,524.8164460320063,3.2585396023066338,1,2,1,0
5.325,984.3515847371011,522.9143713833865,3.2359729276221176,1,2,1,0
5.333333333333333,984.6368888171746,522.4620915516482,3.2575939864167442,1,2,1,0
5.341666666666667,984.177630116947,522.1046529537665,3.2634048883790676,1,2,1,0
5.35,984.5605440262951,521.7179608784447,3.258693663722119,1,2,1,0
5.358333333333333,983.6559894171124,521.0462974202734,3.254658500841651,1,2,1,0
5.366666666666666,984.2148520711286,520.729435522074,3.237853637858324,1,2,1,0
5.375,983.2524844965549,521.407345451282,3.2654779211956306,1,2,1,0
5.383333333333334,982.8430817021261,521.8831932535159,3.2454735948025504,1,2,1,0
5.391666666666667,983.1566901202209,522.5715778129501,3.2529624348011272,1,2,1,0
5.4,913.6029042867048,474.1575913547631,3.269116038602722,1,2,1,0
5.408333333333333,912.9406064707966,473.51115601282606,3.2725299792130564,1,2,1,0
5.416666666666667,982.9355663754154,521.3654948410481,3.252519539183944,1,2,1,0
5.425,983.5196997518174,520.6089396756156,3.2686305575265093,1,2,1,0
5.433333333333334,983.2865164634599,520.2889063190983,3.243793787981371,1,2,1,0
5.441666666666666,982.8286289875048,520.1429172357671,3.200518238063868,1,2,1,0
5.45,982.5972444355924,520.6057683401277,3.259893933424442,1,2,1,0
5.458333333333333,982.4680239693292,521.8582959580948,3.2239184125694496,1,2,1,0
5.466666666666667,981.6006557865134,522.4135347252391,3.260540145308646,1,2,1,0
5.475,980.6694894316552,521.9865019582064,3.262033908537727,1,2,1,0
5.483333333333333,980.5457955820266,522.4684337953489,3.2632722070074425,1,2,1,0
5.491666666666666,980.164759474385,523.0117946230876,3.272666155483078,1,2,1,0
5.5,980.2401085215083,522.6249231424055,3.2420937297143673,1,2,1,0
5.508333333333334,979.9292053677431,522.7202590746762,3.242764421016416,1,2,1,0
5.516666666666667,979.7344204051251,523.4501944206072,3.266579227730113,1,2,1,0
5.525,980.3591538630141,523.7575913529995,3.218590579778222,1,2,1,0
5.533333333333333,979.7855219025514,524.1130557997793,3.2619016078090404,1,2,1,0
5.541666666666667,980.7049052157976,524.0924369626103,3.2308516832083165,1,2,1,0
5.55,980.5594663856879,523.6868798327616,3.26096646369799,1,2,1,0
5.558333333333334,980.7968226267265,523.5618591434055,3.2739749319641662,1,2,1,0
5.566666666666666,981.7580905898299,523.2704488273968,3.290485221972515,1,2,1,0
5.575,982.4528010407615,523.79755601958,3.29379678198714,1,2,1,0
5.583333333333333,983.2144894132956,523.7542370923444,3.2294210198948075,1,2,1,0
5.591666666666667,981.5448499402238,524.0811343534192,3.2665172460890783,1,2,1,0
5.6,981.5145240874308,524.3247105974427,3.2282017561137057,1,2,1,0
5.608333333333333,981.9160995910295,524.2955591941368,3.2785464201764962,1,2,1,0
5.616666666666666,982.0699285772121,525.0304274391124,3.2895288848922672,1,2,1,0
5.625,981.7209424004512,524.6217184453649,3.246706099350091,1,2,1,0
5.633333333333334,982.3217468712355,525.5239894771202,3.294869324129017,1,2,1,0
5.641666666666667,982.1107276892482,524.6004760176314,3.3003071166394333,1,2,1,0
5.65,982.3969991745341,525.5678711135664,3.2637609110718824,1,2,1,0
5.658333333333333,981.9610516122675,525.3131234057711,3.2772729460825487,1,2,1,0
5.666666666666667,981.8559069200368,524.9659963457517,3.2575418389167443,1,2,1,0
5.675,983.0054984596112,524.324341353638,3.2955665748324585,1,2,1,0
5.683333333333334,983.1552550460148,523.1095478223176,3.2931769088224727,1,2,1,0
5.691666666666666,983.5796168260945,522.6924828418887,3.2677152648649863,1,2,1,0
5.7,984.3030091557066,522.8696372550196,3.2374943621184222,1,2,1,0
5.708333333333333,985.1468111027239,523.6209104291636,3.30278002380418,1,2,1,0
5.716666666666667,985.8603799615577,524.1493187654924,3.2894682690817256,1,2,1,0
5.725,986.2385815183854,524.1215055811948,3.296463256076236,1,2,1,0
5.733333333333333,985.8285244373697,524.3625101641885,3.258193175342509,1,2,1,0
5.741666666666666,986.3635647176236,524.1437754500697,3.2778171693841096,1,2,1,0
5.75,986.0338456284823,522.9033041144072,3.288679353979637,1,2,1,0
5.758333333333334,986.0073624539518,521.9533319290571,3.2892576380384106,1,2,1,0
5.766666666666667,985.6006514012039,521.9588337837713,3.3000500817701166,1,2,1,0
5.775,985.4690745576964,521.4765586942247,3.2979771257782966,1,2,1,0
5.783333333333333,986.0070894616232,521.0814867574218,3.2642404877651794,1,2,1,0
5.791666666666667,986.229817219892,520.8666621703509,3.282103111587726,1,2,1,0
5.8,986.7231431397076,520.940408084128,3.299193627243913,1,2,1,0
5.808333333333334,987.0693957828613,519.5837094015628,3.3030800162896106,1,2,1,0
5.816666666666666,986.8650131880701,520.0294146098332,3.263401904984914,1,2,1,0
5.825,986.9858691845407,520.1797361330727,3.3108418501509758,1,2,1,0
5.833333333333333,987.5161403617128,519.7332834558158,3.293590827910551,1,2,1,0
5.841666666666667,987.7022116508998,519.2646552114883,3.2743923779507442,1,2,1,0
5.85,987.592791489777,519.6860252766878,3.268686318030284,1,2,1,0
5.858333333333333,987.4117867895709,519.9673890895792,3.264823063532237,1,2,1,0
5.866666666666666,986.7170366447773,520.0046251210795,3.271675524222549,1,2,1,0
5.875,986.0238516903552,519.8448154009096,3.285012145928852,1,2,1,0
5.883333333333334,985.8972986134083,520.1300880935322,3.280093860308517,1,2,1,0
5.891666666666667,985.6272606838149,519.7374881649007,3.2657574860210072,1,2,1,0
5.9,985.5725945576945,519.4060862370374,3.285236347675394,1,2,1,0
5.908333333333333,985.232683266891,518.8112111446774,3.2939939163983083,1,2,1,0
5.916666666666667,985.0847999818068,518.7032483185385,3.279646727411688,1,2,1,0
5.925,984.7286092710013,518.9218509992465,3.301057751652303,1,2,1,0
5.933333333333334,985.2816192387536,519.2474389854899,3.302457742867877,1,2,1,0
5.941666666666666,984.5432699252411,519.042210457567,3.278257423321076,1,2,1,0
5.95,983.8516816891591,517.9250856221325,3.289552032268139,1,2,1,0
5.958333333333333,982.891712988154,518.0918931721469,3.3154487441665843,1,2,1,0
5.966666666666667,983.4742905695031,517.9788038579219,3.259554191491794,1,2,1,0
5.975,983.2306591414243,517.5988699547131,3.3042470168997005,1,2,1,0
5.983333333333333,982.7653878609522,517.6876908190764,3.269435772287116,1,2,1,0
5.991666666666666,982.5357207271472,517.6295499740286,3.2698904995407685,1,2,1,0
6.0,982.7852454221687,517.559653021191,3.293327832604274,1,2,1,0
6.008333333333334,983.4708578824543,517.5888328093223,3.2622743140996584,1,2,1,0
6.016666666666667,983.098471229342,517.1256169445579,3.2994603777824794,1,2,1,0
6.025,982.8770683156101,517.3982324232619,3.306817293755559,1,2,1,0
6.033333333333333,982.6497705372389,517.4653135695775,3.317350937340348,1,2,1,0
6.041666666666667,983.0447665158456,517.2748941063553,3.304448417047743,1,2,1,0
6.05,983.2382926537811,516.3258269430029,3.3023167577954076,1,2,1,0
6.058333333333334,983.3192492762624,516.0518226589769,3.2846811887334244,1,2,1,0
6.066666666666666,984.0797197701366,516.0610388151499,3.2986643052811804,1,2,1,0
6.075,983.4917191034314,515.8713062851393,3.349893480225309,1,2,1,0
6.083333333333333,983.4076172201658,516.4729438946467,3.282573056818888,1,2,1,0
6.091666666666667,984.1751652032725,517.3498041844242,3.3110610113847962,1,2,1,0
6.1,984.32275575778,517.3241971651976,3.2925711428129865,1,2,1,0
6.108333333333333,983.204160807671,516.5899482199504,3.3431834704479675,1,2,1,0
6.116666666666666,984.8268223777688,516.9930145679047,3.2807036122432183,1,2,1,0
6.125,985.8683979103413,516.8706908340207,3.3033343319817314,1,2,1,0
6.133333333333334,985.8599876877222,516.2360343513734,3.285397273118053,1,2,1,0
6.141666666666667,985.6937881655646,515.8602351823355,3.2948341206451315,1,2,1,0
6.15,985.6063721482888,515.7161658900413,3.3326877253740186,1,2,1,0
6.158333333333333,985.2129180335374,515.1583219936973,3.2800384416651656,1,2,1,0
6.166666666666667,985.6704631754989,514.3899383815641,3.309437827523459,1,2,1,0
6.175,985.67273198537,514.352682072985,3.306483473326777,1,2,1,0
6.183333333333334,985.3061941422246,514.5480075516838,3.2922996178115556,1,2,1,0
6.191666666666666,985.1315835290051,514.4523724615204,3.2888692295497077,1,2,1,0
6.2,984.7897293346081,513.5342684274291,3.316454354450981,1,2,1,0
6.208333333333333,984.7712925831291,513.1188372193957,3.327094916972837,1,2,1,0
6.216666666666667,986.2960361277039,513.1497961168961,3.3011938863398376,1,2,1,0
6.225,986.4503910172524,512.30014144133,3.30620343916848,1,2,1,0
6.233333333333333,986.6298887720354,511.9372289817733,3.2561630555966756,1,2,1,0
6.241666666666666,986.9932206718076,512.3826659229164,3.301526692150381,1,2,1,0
6.25,987.5374564198488,513.1568665443162,3.3017657820899027,1,2,1,0
6.258333333333334,988.5605579578295,513.1691165583575,3.3014760047868315,1,2,1,0
6.266666666666667,988.1211216645105,513.7255101398874,3.290999195087789,1,2,1,0
6.275,987.9094236309329,513.4180017021675,3.2812326902326645,1,2,1,0
6.283333333333333,987.3101627676265,513.783066863361,3.3163931473527453,1,2,1,0
6.291666666666667,987.1815164836133,514.1828321154143,3.332530598751879,1,2,1,0
6.3,987.8542703387357,515.2154504976775,3.301567117023051,1,2,1,0
6.308333333333334,988.5646627016879,515.0165670546199,3.2656059164192937,1,2,1,0
6.316666666666666,988.5394453794403,514.6215646627084,3.3143931589987825,1,2,1,0
6.325,988.5904681922628,514.017657260102,3.3535979732839065,1,2,1,0
6.333333333333333,988.9280616320069,513.8193328138168,3.3004380416207915,1,2,1,0
6.341666666666667,988.1313974707987,514.1301963441196,3.359775635039266,1,2,1,0
6.35,987.6665961300346,513.667663944733,3.32390787448389,1,2,1,0
6.358333333333333,987.1007599933434,513.2963275314099,3.3242875653557915,1,2,1,0
6.366666666666666,986.7734081042058,512.8987518463473,3.331232888775694,1,2,1,0
6.375,986.8015797166828,512.8393037521527,3.3240399748927087,1,2,1,0
6.383333333333334,986.1725099821164,513.1353433188567,3.348259817504367,1,2,1,0
6.391666666666667,986.2750044825358,512.8316332020169,3.332409384001242,1,2,1,0
6.4,986.7290521600871,512.9597890264268,3.346424022920928,1,2,1,0
6.408333333333333,986.490522037368,512.5765969377758,3.3802693625146425,1,2,1,0
6.416666666666667,986.1266552485002,512.3561179994715,3.3323057411281525,1,2,1,0
6.425,985.1672255546993,513.3433647892845,3.37031082982601,1,2,1,0
6.433333333333334,984.670430753068,512.7037112821838,3.3180635225598385,1,2,1,0
6.441666666666666,984.9021894691855,512.8764693249188,3.3135616094555855,1,2,1,0
6.45,984.8265055394221,513.5416712648084,3.300863218556418,1,2,1,0
6.458333333333333,984.4604274570545,513.4730483468227,3.369967429598755,1,2,1,0
6.466666666666667,983.9732366071087,513.7410334485182,3.3240323482379015,1,2,1,0
6.475,984.426804431479,513.402645534466,3.3417653057001844,1,2,1,0
6.483333333333333,983.9101947893034,513.0133694083257,3.3552966178083445,1,2,1,0
6.491666666666666,983.8108694008793,513.4327621772653,3.3372105495056696,1,2,1,0
6.5,983.9236421082269,513.7400826621117,3.345917171970837,1,2,1,0
6.508333333333334,984.2565179634472,513.8719898327191,3.3711464168175693,1,2,1,0
6.516666666666667,985.1064974614168,514.4374524683816,3.3469498459735396,1,2,1,0
6.525,984.696558676141,514.3555817686474,3.315792114183775,1,2,1,0
6.533333333333333,984.5152976026231,514.0387954665734,3.385086149216294,1,2,1,0
6.541666666666667,984.3244013398263,513.8626102426576,3.336290527125162,1,2,1,0
6.55,983.7140654814251,514.4106194338033,3.3133099110185054,1,2,1,0
6.558333333333334,984.1780345568668,514.8282742774963,3.3024666276704853,1,2,1,0
6.566666666666666,984.9119418176087,514.7103058558446,3.3103697845886533,1,2,1,0
6.575,985.0587599649799,513.4078915911687,3.320810166233797,1,2,1,0
6.583333333333333,984.9077018349689,512.2389488581463,3.338412261427568,1,2,1,0
6.591666666666667,986.0941341425205,513.7769253848132,3.321681751368839,1,2,1,0
6.6,986.2391945333441,514.2149893853526,3.314973021855182,1,2,1,0
6.608333333333333,986.0233198795559,514.9848791342775,3.3538227256249815,1,2,1,0
6.616666666666666,986.0887172618317,514.0040738316458,3.310834196551848,1,2,1,0
6.625,985.7423407811891,514.9628910710505,3.3293420397565363,1,2,1,0
6.633333333333334,985.544739267906,515.1561750194198,3.300922974385587,1,2,1,0
6.641666666666667,986.2931147465898,515.5270407343681,3.326153695906222,1,2,1,0
6.65,985.4005223691295,515.2588496026797,3.3015293375224286,1,2,1,0
6.658333333333333,986.2271957796092,516.218556339613,3.306194603837527,1,2,1,0
6.666666666666667,985.0947307305569,516.3211316322873,3.284360722305825,1,2,1,0
6.675,985.3890532772452,515.888547191393,3.2993776144800253,1,2,1,0
6.683333333333334,984.5143664944093,516.4048159439732,3.2758930140925013,1,2,1,0
6.691666666666666,984.5596072502619,515.8607758743409,3.3092654929854186,1,2,1,0
6.7,984.8706314688528,515.7558817909843,3.2914206998838345,1,2,1,0
6.708333333333333,984.8199107036572,515.0998103772655,3.256018398471679,1,2,1,0
6.716666666666667,985.1855542617755,515.0989472766704,3.271003056435018,1,2,1,0
6.725,985.4114033939578,515.0360594372488,3.2753014411649612,1,2,1,0
6.733333333333333,986.2112396033374,515.7381935218395,3.2616963121144376,1,2,1,0
6.741666666666666,985.9138918477425,516.0257958575622,3.247424984114399,1,2,1,0
6.75,985.7538371523638,516.3970862251502,3.23767839989833,1,2,1,0
6.758333333333334,985.6755627389535,517.1991182821371,3.2685447374738072,1,2,1,0
6.766666666666667,985.7688879608578,517.8743246821882,3.276639932437401,1,2,1,0
6.775,985.7594828192639,518.1475080977997,3.25497883975393,1,2,1,0
6.783333333333333,986.3595303556718,518.5089436706207,3.2929245401160974,1,2,1,0
6.791666666666667,986.0226856261262,518.7616775618898,3.276920820484437,1,2,1,0
6.8,985.6009044920188,518.7465760988546,3.295470024275626,1,2,1,0
6.808333333333334,985.4883086180208,517.5356123757074,3.2715635097616347,1,2,1,0
6.816666666666666,985.376978421417,517.171262726036,3.2740872476837057,1,2,1,0
6.825,984.9465586799633,516.5206476357109,3.2545642983186953,1,2,1,0
6.833333333333333,985.6152085026866,516.5565650670677,3.2840740315663783,1,2,1,0
6.841666666666667,984.5042325319882,516.7673754108105,3.2736351547130917,1,2,1,0
6.85,984.8784768053878,516.8801600365875,3.264004566368632,1,2,1,0
6.858333333333333,984.8962214493707,516.69531694436,3.2825475279737817,1,2,1,0
6.866666666666666,984.0439096798215,516.5539559802055,3.3130956199466333,1,2,1,0
6.875,983.5806043897253,516.2754689401077,3.28739854032228,1,2,1,0
6.883333333333334,983.3847062891598,515.9874483114362,3.247605558510624,1,2,1,0
6.891666666666667,984.7133482667335,515.0244561335037,3.273387586531004,1,2,1,0
6.9,984.4165327268685,514.3683842866387,3.269570828460876,1,2,1,0
6.908333333333333,984.0420436144638,514.52269761538,3.2773681415063303,1,2,1,0
6.916666666666667,983.7853274490603,513.8002647733584,3.2630328984959402,1,2,1,0
6.925,983.233626027829,513.1523796705515,3.2621726838685325,1,2,1,0
6.933333333333334,982.6335343092694,512.665131117503,3.225645917981183,1,2,1,0
6.941666666666666,982.5620905474645,512.936060542632,3.248106108209858,1,2,1,0
6.95,983.4481632585131,513.7504309978691,3.2668242810830432,1,2,1,0
6.958333333333333,983.9834813236499,513.6336808928485,3.259816115282271,1,2,1,0
6.966666666666667,984.1049644935816,514.2664997703787,3.2993925274337106,1,2,1,0
6.975,984.3503558189276,513.4795183702226,3.2768485631797732,1,2,1,0
6.983333333333333,984.2864051527511,513.6430136050053,3.2663554654460416,1,2,1,0
6.991666666666666,984.1235447471337,513.4204593286848,3.310854249041066,1,2,1,0
7.0,983.2038384041819,513.0064316022906,3.291215566359768,1,2,1,0
7.008333333333334,982.6026028437619,513.4338377752557,3.2468182475999425,1,2,1,0
7.016666666666667,982.86886378444,514.0892225057102,3.2297442878565357,1,2,1,0
7.025,982.9716267666133,514.7330567441122,3.2490902199307388,1,2,1,0
7.033333333333333,984.330224452232,514.6439315963668,3.239715048223386,1,2,1,0
7.041666666666667,984.4066075202476,514.7938335757225,3.275729828538367,1,2,1,0
7.05,984.1044979734398,514.4796394565443,3.2303644730155785,1,2,1,0
7.058333333333334,983.52198814478,515.3196771802056,3.255699796558112,1,2,1,0
7.066666666666666,983.3096837475214,515.7161000238165,3.246206285273124,1,2,1,0
7.075,983.4598032363278,516.1395824351921,3.2303392234859722,1,2,1,0
7.083333333333333,983.6015532357605,515.508915407229,3.214012601705662,1,2,1,0
7.091666666666667,983.0327325732679,515.8701504708234,3.253782084477163,1,2,1,0
7.1,982.0987495068734,516.7985794394738,3.237243779286785,1,2,1,0
7.108333333333333,982.1400345128347,516.5762641796082,3.240483467701853,1,2,1,0
7.116666666666666,982.7325340361193,516.8663126339156,3.2420700341848434,1,2,1,0
7.125,982.9076344377615,516.9194005791841,3.2443638761115725,1,2,1,0
7.133333333333334,982.5693139364579,516.8582535157987,3.215684331189827,1,2,1,0
7.141666666666667,982.3385283840313,517.5060319574147,3.25720331997616,1,2,1,0
7.15,982.3646306747821,517.5443454666978,3.2603172242397664,1,2,1,0
7.158333333333333,982.646375174281,518.4457715688864,3.219139231960128,1,2,1,0
7.166666666666667,982.3739231671765,518.3480319657704,3.2610086694238776,1,2,1,0
7.175,982.3527201979397,517.9752998772032,3.2505161245221146,1,2,1,0
7.183333333333334,981.6375836475354,517.4439586799035,3.223021650223643,1,2,1,0
7.191666666666666,981.9268206045393,517.6867055429128,3.2425933329917225,1,2,1,0
7.2,982.0051024334913,518.3540863668538,3.239118705460022,1,2,1,0
7.208333333333333,981.6781868930667,517.8756766350726,3.2442070625375115,1,2,1,0
7.216666666666667,981.0792802733247,518.4820549297351,3.2313831854697876,1,2,1,0
7.225,980.3130347391733,518.8231918765782,3.188852280256798,1,2,1,0
7.233333333333333,980.6090105347823,519.6134610934661,3.2275129622088623,1,2,1,0
7.241666666666666,980.6646278131002,518.5016588879091,3.2210914606985317,1,2,1,0
7.25,980.452279587634,518.1297434186336,3.251603975803574,1,2,1,0
7.258333333333334,980.4247208484549,517.8556122202912,3.2411130225531877,1,2,1,0
7.266666666666667,980.3954689993809,517.2124895909907,3.236298211051997,1,2,1,0
7.275,980.5089904078858,517.3866386105038,3.253223830592405,1,2,1,0
7.283333333333333,980.1938944722637,517.661719185006,3.2422006317040735,1,2,1,0
7.291666666666667,979.1675938464167,517.1461703188097,3.2393980491062004,1,2,1,0
7.3,978.5570831144703,516.9316186689332,3.2000622960117804,1,2,1,0
7.308333333333334,977.9395642448535,516.8277370566641,3.227013102775601,1,2,1,0
7.316666666666666,978.0847839261556,516.3123812195323,3.2201736281707443,1,2,1,0
7.325,977.8686075974304,516.07248450366,3.2376294881897274,1,2,1,0
7.333333333333333,978.3141215452814,515.3240018536886,3.222921823208832,1,2,1,0
7.341666666666667,979.0066107882291,514.9291604230452,3.240231485146816,1,2,1,0
7.35,978.6902561774333,514.8432003163861,3.224931158577748,1,2,1,0
7.358333333333333,978.150318769629,515.5367146522344,3.196827164080614,1,2,1,0
7.366666666666666,977.6160994633021,515.6991710125196,3.237926542041662,1,2,1,0
7.375,977.8937270649851,515.9288264176588,3.199303629911121,1,2,1,0
7.383333333333334,977.0471330362229,516.3374018573049,3.203471881419489,1,2,1,0
7.391666666666667,977.4867300175451,516.6584037102402,3.2265378152372772,1,2,1,0
7.4,977.571280380113,516.6555896759268,3.2203458320077685,1,2,1,0
7.408333333333333,977.4555027133246,516.7348724147755,3.224478312977979,1,2,1,0
7.416666666666667,978.4045052958214,515.6579195082297,3.243778259666079,1,2,1,0
7.425,978.7036937622341,515.6268828196612,3.201217758417434,1,2,1,0
7.433333333333334,978.5582363816962,516.0105992499857,3.233994630980183,1,2,1,0
7.441666666666666,978.8737978015614,516.2558734471894,3.2071734169465564,1,2,1,0
7.45,978.6056743338044,516.2886982240858,3.1709239001262333,1,2,1,0
7.458333333333333,978.5964364277307,516.4322652043254,3.1844266544742164,1,2,1,0
7.466666666666667,979.3811653817496,516.8289029146887,3.2054275171924345,1,2,1,0
7.475,978.6706434447992,516.7779592791925,3.190335730519966,1,2,1,0
7.483333333333333,977.8410127040582,516.5426882881894,3.230892209026869,1,2,1,0
7.491666666666666,977.2740991873977,516.4064340714198,3.1972212591604006,1,2,1,0
7.5,976.6478338954961,516.0185697872682,3.197944810590544,1,2,1,0
7.508333333333334,976.314059682047,517.0903117280653,3.233225644215137,1,2,1,0
7.516666666666667,976.4310168182378,517.3970608107455,3.1882107759322356,1,2,1,0
7.525,975.4630845092119,517.0877978473198,3.1935927358114045,1,2,1,0
7.533333333333333,975.6583885098977,517.3551673149442,3.2043042602732332,1,2,1,0
7.541666666666667,975.1537207779539,516.8035221446994,3.1739475703265945,1,2,1,0
7.55,975.772859362001,516.7275791328007,3.2303876263393665,1,2,1,0
7.558333333333334,975.3413826443259,518.1107031946499,3.197693871321561,1,2,1,0
7.566666666666666,975.1676139626928,517.9562505610141,3.1744246394857765,1,2,1,0
7.575,974.8884906912298,518.478931759111,3.1671170542879747,1,2,1,0
7.583333333333333,975.7397299400942,518.1139563413578,3.1766464443045326,1,2,1,0
7.591666666666667,976.1003942011461,517.5872098636737,3.2140156085785825,1,2,1,0
7.6,976.5810697965563,518.1645020851155,3.177181073797427,1,2,1,0
7.608333333333333,976.7359579181416,517.4104223574516,3.1571021149153338,1,2,1,0
7.616666666666666,977.0178147692819,517.7243489655742,3.220255371286763,1,2,1,0
7.625,977.0833978088767,518.0012555868311,3.183941240661383,1,2,1,0
7.633333333333334,976.671139295387,518.1461942374931,3.2023554729692583,1,2,1,0
7.641666666666667,977.6441251180579,518.0662321166874,3.1702591378115677,1,2,1,0
7.65,977.3538801659241,517.632042195689,3.1868693651321593,1,2,1,0
7.658333333333333,977.9051963660479,517.4952251526886,3.1759569531254725,1,2,1,0
7.666666666666667,977.4782059234493,516.9804719359182,3.185175064011668,1,2,1,0
7.675,977.2115437396913,516.8144987337072,3.192808103942249,1,2,1,0
7.683333333333334,976.2452925334597,516.2728166291154,3.2152551138986634,1,2,1,0
7.691666666666666,976.1765194223984,516.1180111178118,3.1909948072690044,1,2,1,0
7.7,976.606401895467,515.9553474096798,3.1496553658580697,1,2,1,0
7.708333333333333,977.0528947037611,515.8206136473758,3.182072489083872,1,2,1,0
7.716666666666667,977.4148080723759,516.4162409469621,3.1748682986842423,1,2,1,0
7.725,977.1582594625772,515.5675049841761,3.1776116651456574,1,2,1,0
7.733333333333333,976.5501653168853,515.2681492341361,3.161994659572056,1,2,1,0
7.741666666666666,977.4437148201409,514.6292997575987,3.167634894396942,1,2,1,0
7.75,978.486858371627,514.6411208360627,3.164735740193931,1,2,1,0
7.758333333333334,978.151029248186,515.4726304513723,3.1720354327517817,1,2,1,0
7.766666666666667,978.7682036414203,516.800199493139,3.193798083717709,1,2,1,0
7.775,977.7287666594642,517.1924816988375,3.161315181804264,1,2,1,0
7.783333333333333,977.6552129203956,518.0469879088715,3.161369651214414,1,2,1,0
7.791666666666667,977.5388047438754,518.6272245193336,3.182844636056723,1,2,1,0
7.8,977.7435852464316,518.4406096867091,3.135317684899349,1,2,1,0
7.808333333333334,977.4365537428853,518.2062993124621,3.164227742009333,1,2,1,0
7.816666666666666,977.2231724087771,518.1737667854616,3.1457131366336593,1,2,1,0
7.825,976.6303253507161,517.5988330743646,3.1515347144906936,1,2,1,0
7.833333333333333,976.4112928553945,517.4569336935842,3.155471711686969,1,2,1,0
7.841666666666667,976.7631170548766,517.3553834649498,3.176628774480578,1,2,1,0
7.85,976.6197970260378,517.5657517073204,3.131740647315253,1,2,1,0
7.858333333333333,976.1542515522436,518.6879368166035,3.1674505606753294,1,2,1,0
7.866666666666666,976.4659553446039,519.6583122163199,3.153119986119891,1,2,1,0
7.875,977.3330769435404,519.6090793906999,3.1451759407639623,1,2,1,0
7.883333333333334,977.6464983051774,519.0359225029771,3.1882178231004894,1,2,1,0
7.891666666666667,978.7715868910541,519.5336880576174,3.1744793185813296,1,2,1,0
7.9,979.3353531066126,519.9216810490441,3.140348567361246,1,2,1,0
7.908333333333333,979.8498996280499,519.0953069516378,3.1604364505004834,1,2,1,0
7.916666666666667,979.8135628374764,518.7707081059866,3.153302750611108,1,2,1,0
7.925,979.8196292680835,517.9795397433777,3.1193639662695927,1,2,1,0
7.933333333333334,979.0998186908145,518.1256480593408,3.1567712301486788,1,2,1,0
7.941666666666666,979.1085160880818,518.7552417301742,3.152504433285167,1,2,1,0
7.95,978.7608808741165,518.8532278507114,3.171430232346234,1,2,1,0
7.958333333333333,978.3611629317678,519.165613986014,3.136644069328388,1,2,1,0
7.966666666666667,977.4604506642986,518.968654101261,3.1340950748429957,1,2,1,0
7.975,976.955189436206,518.2151625572502,3.1326705502688137,1,2,1,0
7.983333333333333,976.9145930711381,518.3546220699238,3.1404671119787313,1,2,1,0
7.991666666666666,976.4387808137917,518.3904179153699,3.121265902519547,1,2,1,0
8.0,975.8078287232134,518.2884177586394,3.1165319610451836,1,2,1,0
8.008333333333333,976.5636267864768,518.2619116354384,3.1697475171037137,1,2,1,0
8.016666666666667,976.2843867447389,519.0663926687273,3.139052727341867,1,2,1,0
8.025,976.4253683661532,519.6817010341349,3.100124369123617,1,2,1,0
8.033333333333333,976.9474160494271,519.8805553784423,3.1408297476303706,1,2,1,0
8.041666666666666,976.9797912438094,520.0357728910141,3.1117855413337008,1,2,1,0
8.05,977.8263837098278,519.5657513232749,3.1403038825652816,1,2,1,0
8.058333333333334,978.2633464080886,520.3625082899199,3.104230728830327,1,2,1,0
8.066666666666666,978.3613647731331,520.2163746515906,3.1557986110723077,1,2,1,0
8.075,977.8105567626142,520.1034194585873,3.160463956555532,1,2,1,0
8.083333333333334,977.4396929476511,520.3158458864481,3.1265679274275704,1,2,1,0
8.091666666666667,977.299358480419,520.5766262457482,3.1503005015921506,1,2,1,0
8.1,977.6124028440034,520.4760129589832,3.1562286779310247,1,2,1,0
8.108333333333333,977.8573344519147,521.1935746704077,3.0845028667857712,1,2,1,0
8.116666666666667,978.0517993740415,520.6496004129926,3.1355655237366893,1,2,1,0
8.125,978.1933671928562,520.3559744677391,3.134114512857962,1,2,1,0
8.133333333333333,977.7492743272604,520.5782690012263,3.168797737081708,1,2,1,0
8.141666666666667,977.3998075446764,520.517468262103,3.1278527718112703,1,2,1,0
8.15,977.5866693200252,520.6987694413926,3.124436211637151,1,2,1,0
8.158333333333333,976.9550015379078,520.6595587368284,3.147330452314723,1,2,1,0
8.166666666666666,976.5899003129599,519.148179121065,3.1158549865576783,1,2,1,0
8.175,977.007672809798,518.540684217539,3.1054524283582245,1,2,1,0
8.183333333333334,977.7622334584443,518.8803784290877,3.1232669107425868,1,2,1,0
8.191666666666666,977.9665657406757,519.1756853903884,3.1013761906164814,1,2,1,0
8.2,977.8280600299929,519.3173011137472,3.127625004195702,1,2,1,0
8.208333333333334,978.0208374292034,519.5026040723949,3.1241768823302185,1,2,1,0
8.216666666666667,977.5907133003185,519.7916897365235,3.134641896083588,1,2,1,0
8.225,978.4042382223524,519.1935312704845,3.1392634590757917,1,2,1,0
8.233333333333333,977.5846366368779,519.3647960759306,3.1185105923842653,1,2,1,0
8.241666666666667,976.9420029283839,518.4820437601626,3.0977621419692247,1,2,1,0
8.25,976.5815017746655,518.4334451840267,3.094833763510138,1,2,1,0
8.258333333333333,977.1254217952442,518.8653922121639,3.140377257956249,1,2,1,0
8.266666666666667,976.2363719035328,518.457782971337,3.105052063829471,1,2,1,0
8.275,975.3508995547381,518.3860727741745,3.119385842466882,1,2,1,0
8.283333333333333,975.2508274862021,518.5409463229552,3.137082157641803,1,2,1,0
8.291666666666666,975.3052715020567,518.5543529055701,3.100527515381877,1,2,1,0
8.3,975.8019119077969,518.2965578273206,3.0937653009054884,1,2,1,0
8.308333333333334,975.2670913704577,518.1326548410084,3.133479403368399,1,2,1,0
8.316666666666666,974.915327501274,518.9152772439905,3.1468411799001603,1,2,1,0
8.325,974.0320315938687,519.5954352772095,3.1116483020579713,1,2,1,0
8.333333333333334,972.9992492743854,519.2558187404999,3.084218641647048,1,2,1,0
8.341666666666667,972.4259126010005,519.2084691184622,3.111638015101566,1,2,1,0
8.35,971.7172666941423,519.2946688498639,3.135342283260429,1,2,1,0
8.358333333333333,971.8934620474952,519.3909727295242,3.117606207259398,1,2,1,0
8.366666666666667,972.1678873416955,519.8825406812148,3.0925762588132417,1,2,1,0
8.375,972.5655400071167,519.8939407955237,3.076290390107887,1,2,1,0
8.383333333333333,972.0616947883485,519.6931810009271,3.1196424830486964,1,2,1,0
8.391666666666667,971.5454165554798,520.104998922399,3.127819016894936,1,2,1,0
8.4,971.5960086126961,520.1392816906655,3.0795063178344604,1,2,1,0
8.408333333333333,970.4309556722402,519.921825091185,3.132925174164339,1,2,1,0
8.416666666666666,970.6673109426424,519.8384447174136,3.104601837131406,1,2,1,0
8.425,970.3098110646313,519.4863649771062,3.134323328980229,1,2,1,0
8.433333333333334,969.2041073710992,519.0388907575945,3.1251155732227427,1,2,1,0
8.441666666666666,968.7394743632253,518.5358258110125,3.0762118637319134,1,2,1,0
8.45,967.993500099045,519.3189723831437,3.0903781590614217,1,2,1,0
8.458333333333334,967.6724919063454,519.665942042848,3.0996881701630166,1,2,1,0
8.466666666666667,967.3771007442496,519.6594821599874,3.1192319639972856,1,2,1,0
8.475,967.2653974207567,520.2185811032193,3.164884067613374,1,2,1,0
8.483333333333333,966.5577252742406,520.1519505520903,3.101342860084519,1,2,1,0
8.491666666666667,965.9967176399911,518.9683474914285,3.129293844211923,1,2,1,0
8.5,966.0757693200003,518.2164998342864,3.07183124307722,1,2,1,0
8.508333333333333,965.6864782519325,517.8061876388855,3.1066625053538157,1,2,1,0
8.516666666666667,964.8304552004464,517.9084634381808,3.087168578669338,1,2,1,0
8.525,965.2008651228106,517.6970778610762,3.1254565219421195,1,2,1,0
8.533333333333333,965.6934954950922,518.7023083636757,3.096602613720321,1,2,1,0
8.541666666666666,965.1528480795201,518.8348775340289,3.1040288119923947,1,2,1,0
8.55,965.6776053613779,518.1641906515613,3.126634105603405,1,2,1,0
8.558333333333334,964.9327512659061,518.4481970059941,3.085747162631173,1,2,1,0
8.566666666666666,964.5430660693078,518.1754084695934,3.094610899503954,1,2,1,0
8.575,964.0812542145948,517.984821191323,3.124503321462378,1,2,1,0
8.583333333333334,964.0517024747126,517.0363644944846,3.109961412271357,1,2,1,0
8.591666666666667,963.0316077475153,517.1494471660726,3.1162384175437965,1,2,1,0
8.6,962.2784915950095,516.8239284266763,3.1217348094766946,1,2,1,0
8.608333333333333,963.3926925237741,517.0860044997008,3.10166558793063,1,2,1,0
8.616666666666667,963.3391840648561,516.9502730516467,3.1095335028982816,1,2,1,0
8.625,962.84919081483,517.0103860435657,3.1091707282227974,1,2,1,0
8.633333333333333,961.1220248831429,517.1419328967485,3.1064861156361676,1,2,1,0
8.641666666666667,960.7717514149543,517.2550084536235,3.1211375392537586,1,2,1,0
8.65,961.0966237879377,517.123165510584,3.1210675035808126,1,2,1,0
8.658333333333333,960.8461687919048,516.8219755671688,3.0905670336977904,1,2,1,0
8.666666666666666,960.8279554080608,516.7006586911223,3.079520425145326,1,2,1,0
8.675,962.0311871680087,517.2405886481893,3.1376192936904115,1,2,1,0
8.683333333333334,962.5235266754868,516.498444958791,3.141636829477983,1,2,1,0
8.691666666666666,962.509599195444,516.1557722809737,3.1160531359077663,1,2,1,0
8.7,962.4397252214636,515.6890770455452,3.095473888359102,1,2,1,0
8.708333333333334,962.9979754128158,515.6954171755099,3.1017896282362667,1,2,1,0
8.716666666666667,963.9663399008498,515.6686780576484,3.1094104377883225,1,2,1,0
8.725,963.7714732118739,515.5237673271685,3.07899410805385,1,2,1,0
8.733333333333333,963.3242853355781,516.0849442918551,3.1066425386376477,1,2,1,0
8.741666666666667,963.2011579535565,514.9541025639177,3.122278260218978,1,2,1,0
8.75,962.4628996687482,515.1728695311434,3.1045032009162656,1,2,1,0
8.758333333333333,962.4517342121346,515.2941878840314,3.1052149172701076,1,2,1,0
8.766666666666667,962.6319851290615,514.9269286119602,3.102406638267989,1,2,1,0
8.775,962.3289735957286,514.9173990096608,3.13480424743054,1,2,1,0
8.783333333333333,962.2279957092736,514.3955826401789,3.0954099659099206,1,2,1,0
8.791666666666666,961.8063466519634,514.7943179732679,3.1069057600823387,1,2,1,0
8.8,961.8042057563775,515.4524195475657,3.1144798376523233,1,2,1,0
8.808333333333334,961.4056555581506,515.0590944417236,3.097905923298868,1,2,1,0
8.816666666666666,960.700093938816,514.6823193260968,3.110165842055448,1,2,1,0
8.825,960.4692876288334,515.5882075505976,3.0829625318813436,1,2,1,0
8.833333333333334,961.3396248044842,515.258843981225,3.1099712482542667,1,2,1,0
8.841666666666667,961.4812618048418,515.5286786564894,3.1071493330853106,1,2,1,0
8.85,961.4338855481991,515.0390479234561,3.0867569985883097,1,2,1,0
8.858333333333333,962.0985472902676,514.9012352095798,3.1067758229417084,1,2,1,0
8.866666666666667,962.0705210850338,514.3521061731323,3.098836474245702,1,2,1,0
8.875,961.638056380705,514.7801193443635,3.081000891138524,1,2,1,0
8.883333333333333,961.7322562004427,514.2226275587338,3.0790906897458408,1,2,1,0
8.891666666666667,961.9934454425998,513.5951259622346,3.093913817693242,1,2,1,0
8.9,961.3341431359115,514.0551146046892,3.0729882154530928,1,2,1,0
8.908333333333333,961.6065128905656,514.4372221095714,3.0779870107151215,1,2,1,0
8.916666666666666,961.7580189335702,514.4764473157687,3.122850624004473,1,2,1,0
8.925,961.1962232062365,514.9257946714159,3.099153726083726,1,2,1,0
8.933333333333334,961.6658795854779,514.3345604444328,3.1382163878382774,1,2,1,0
8.941666666666666,961.7819294097155,515.038048379402,3.059817917748922,1,2,1,0
8.95,961.7811496857144,514.6790168398792,3.1135352364073796,1,2,1,0
8.958333333333334,961.655663824641,514.0397818927169,3.1093963677569594,1,2,1,0
8.966666666666667,961.2874403144177,513.7294672338274,3.1029924026635944,1,2,1,0
8.975,960.7693880978819,513.7287464813647,3.140349245045138,1,2,1,0
8.983333333333333,960.8144381563327,514.0490834970238,3.116401039834998,1,2,1,0
8.991666666666667,960.49164457252,514.4058131020777,3.119139825575074,1,2,1,0
9.0,960.0759453865412,513.8555365806234,3.115216117394017,1,2,1,0
9.008333333333333,960.4214377496145,513.7260768390738,3.082188517130421,1,2,1,0
9.016666666666667,959.5684147891872,514.1108214084953,3.144022683331744,1,2,1,0
9.025,959.1668332580044,513.7241069948393,3.1389955793716684,1,2,1,0
9.033333333333333,958.7506211689623,513.2046233706983,3.120352325024715,1,2,1,0
9.041666666666666,959.3023536704684,512.844092489797,3.120183244870808,1,2,1,0
9.05,959.504568625682,513.0859192990778,3.0935109185443572,1,2,1,0
9.058333333333334,959.4046324958894,513.7651884331682,3.09232828621703,1,2,1,0
9.066666666666666,959.1118284210773,513.5656172826403,3.15816424768384,1,2,1,0
9.075,958.7351520062267,513.3941448067956,3.090936339538972,1,2,1,0
9.083333333333334,958.4856885457792,513.26153032348,3.1242617161654938,1,2,1,0
9.091666666666667,958.1901962427684,513.8450622442631,3.143314197510211,1,2,1,0
9.1,957.8690436338856,513.6728374791701,3.103095453757192,1,2,1,0
9.108333333333333,958.4775692012931,514.6627887382978,3.0936426942786883,1,2,1,0
9.116666666666667,958.7124178217317,514.4869690387912,3.098537948585168,1,2,1,0
9.125,958.7409192166765,515.5836735564408,3.0725831215788415,1,2,1,0
9.133333333333333,960.586145823117,515.9974452910184,3.0427389652283745,1,2,1,0
9.141666666666667,959.7859740182435,515.8103359452247,3.1074928538494526,1,2,1,0
9.15,960.7275304924833,515.501023782202,3.1106298134348322,1,2,1,0
9.158333333333333,960.4753532037088,515.314734841679,3.1427337840030343,1,2,1,0
9.166666666666666,960.4505901467649,514.7523433183162,3.1198179867211433,1,2,1,0
9.175,960.6981354573621,515.3130593893776,3.1095054442758117,1,2,1,0
9.183333333333334,960.272837275888,515.357995636501,3.0929574913881086,1,2,1,0
9.191666666666666,960.0229343973707,515.5325013082675,3.0889654691719026,1,2,1,0
9.2,959.9788092719457,515.8299263025746,3.0974070775597538,1,2,1,0
9.208333333333334,959.7517533433304,514.8670658852408,3.091035722437196,1,2,1,0
9.216666666666667,959.9903700115827,514.9300094326437,3.098848101796913,1,2,1,0
9.225,960.1400765680453,515.0839522822064,3.128144371446912,1,2,1,0
9.233333333333333,960.6344820334502,515.4785176093421,3.1402587323782267,1,2,1,0
9.241666666666667,960.935873758594,515.9139557336254,3.1227404201141824,1,2,1,0
9.25,961.1513705316863,516.58547788159,3.108973276240894,1,2,1,0
9.258333333333333,960.7540686525605,516.4310093123102,3.134087068058439,1,2,1,0
9.266666666666667,960.1653692902987,515.8748732424025,3.1490992704733762,1,2,1,0
9.275,959.8217439351727,515.3954686430253,3.098990746750512,1,2,1,0
9.283333333333333,960.4941439201845,515.6451342778744,3.122565242931691,1,2,1,0
9.291666666666666,960.1510466123176,515.3492064178453,3.121684243357179,1,2,1,0
9.3,960.7688090567809,515.1571641030057,3.1205450425255528,1,2,1,0
9.308333333333334,961.6841967836614,514.4534318655883,3.1138299972241748,1,2,1,0
9.316666666666666,962.4412964150569,514.6966892450515,3.1401694037852024,1,2,1,0
9.325,962.2965472113935,514.3441638857107,3.1209684548308854,1,2,1,0
9.333333333333334,961.9900806754167,514.0045775763738,3.1247512246042817,1,2,1,0
9.341666666666667,961.9578967205385,513.5317948667557,3.1178923091319635,1,2,1,0
9.35,961.7367158182317,512.3540507085396,3.103596916930864,1,2,1,0
9.358333333333333,961.6584691581456,512.4740840972205,3.1366626140107257,1,2,1,0
9.366666666666667,960.3581172263367,512.8105975343154,3.1769683677257405,1,2,1,0
9.375,959.5385913020143,513.2376514469504,3.1311701343925966,1,2,1,0
9.383333333333333,959.6064741998941,512.9286277364594,3.12272783581261,1,2,1,0
9.391666666666667,960.174093845177,513.5851297704247,3.118116446930459,1,2,1,0
9.4,960.0341998525568,513.8253507831964,3.1509343589261727,1,2,1,0
9.408333333333333,960.5588403601165,513.3883678351065,3.175633130081452,1,2,1,0
9.416666666666666,960.8166146169287,512.9168444295434,3.1231792223246138,1,2,1,0
9.425,960.6427793528404,512.8706367533722,3.1874616053716545,1,2,1,0
9.433333333333334,960.050924510318,512.555474545762,3.1208326820574035,1,2,1,0
9.441666666666666,960.0726545638285,512.1117845216813,3.1260584379990872,1,2,1,0
9.45,959.4236938551652,512.5889726687278,3.1202383132762423,1,2,1,0
9.458333333333334,958.6978050925325,512.048244888151,3.1477197500632377,1,2,1,0
9.466666666666667,957.8733975576124,511.5304784091485,3.0944393955060074,1,2,1,0
9.475,957.7416518262289,511.6019662958595,3.1624303148924855,1,2,1,0
9.483333333333333,958.0292690771407,512.1729347808871,3.1299722656097777,1,2,1,0
9.491666666666667,958.2304348513138,512.1740070613359,3.166134585367994,1,2,1,0
9.5,958.0833277871355,511.93622853298643,3.1484311748463276,1,2,1,0
9.508333333333333,957.2472161821738,511.8769027836882,3.1087761061880954,1,2,1,0
9.516666666666667,957.6515908153385,511.6478943166726,3.1285603448076373,1,2,1,0
9.525,957.331008475455,511.66032356917236,3.1417795637088264,1,2,1,0
9.533333333333333,957.4381713531067,512.1167616373436,3.1167813595507226,1,2,1,0
9.541666666666666,958.4787500561414,512.9597048052236,3.186267730151023,1,2,1,0
9.55,958.6283943953453,514.0378732678608,3.105938648763783,1,2,1,0
9.558333333333334,957.9669029087169,514.2412784172714,3.1380563285244567,1,2,1,0
9.566666666666666,957.5785762349796,514.1104334279813,3.1522194503619967,1,2,1,0
9.575,958.1850634465479,514.6263771670624,3.1392231196391456,1,2,1,0
9.583333333333334,958.0948617101368,515.2286816149302,3.1356958463654747,1,2,1,0
9.591666666666667,957.9957091152668,515.3765653229952,3.1582798699871426,1,2,1,0
9.6,958.5449047021859,515.4620939802668,3.1642628053987303,1,2,1,0
9.608333333333333,958.4136465086366,516.0633339586151,3.1774453064565344,1,2,1,0
9.616666666666667,957.3027930751712,516.0981432003099,3.1397048900998943,1,2,1,0
9.625,957.2827123496216,516.4870154369049,3.1325406692689315,1,2,1,0
9.633333333333333,957.4846526221249,517.1576336690752,3.1839446322502387,1,2,1,0
9.641666666666667,957.2453308034363,516.9797268183947,3.193130241444422,1,2,1,0
9.65,958.0796673482944,516.601713814524,3.212327305399723,1,2,1,0
9.658333333333333,957.1246795324528,517.0280510294731,3.1621155307613855,1,2,1,0
9.666666666666666,956.7705858503092,516.5586743240096,3.141256376602139,1,2,1,0
9.675,957.1307697867393,516.080459044495,3.1519062731261616,1,2,1,0
9.683333333333334,957.4963119032318,516.7005005354546,3.1365430295244243,1,2,1,0
9.691666666666666,957.1718320180793,515.6541568773764,3.176020257996725,1,2,1,0
9.7,957.6282264832141,515.6789036144545,3.1372477894125494,1,2,1,0
9.708333333333334,957.902035672081,516.1729072145781,3.1508668146098326,1,2,1,0
9.716666666666667,957.5693993729817,516.0705996748532,3.1530640310662874,1,2,1,0
9.725,957.0159064196804,515.6998292317737,3.1522901733645186,1,2,1,0
9.733333333333333,957.2003939477544,515.5246525945989,3.1606332898341267,1,2,1,0
9.741666666666667,957.5268718298971,515.3744503922852,3.1641326938019048,1,2,1,0
9.75,957.4807573563361,515.0059010298725,3.165412732233364,1,2,1,0
9.758333333333333,957.0461955970035,515.4560051941401,3.1671550215273068,1,2,1,0
9.766666666666667,957.3318625098518,516.0192005247455,3.1847030099409324,1,2,1,0
9.775,956.5917831903929,515.4869708576065,3.1956684605428114,1,2,1,0
9.783333333333333,956.1964811312506,515.072401885176,3.200735639410498,1,2,1,0
9.791666666666666,955.0915754387343,515.8054094489223,3.1861446951971244,1,2,1,0
9.8,955.0895035313205,516.3658061034805,3.1784611510431846,1,2,1,0
9.808333333333334,955.5649462481391,516.8393132897389,3.1830325595720295,1,2,1,0
9.816666666666666,955.5364642627377,517.4263748530797,3.1743861468740877,1,2,1,0
9.825,955.9502288545206,516.6313876478016,3.206835025104223,1,2,1,0
9.833333333333334,956.9289020543574,517.8563996413211,3.183239429363555,1,2,1,0
9.841666666666667,956.9892435855539,517.89166615001,3.165869363134498,1,2,1,0
9.85,957.1996899849104,518.4206152860361,3.165058214714535,1,2,1,0
9.858333333333333,956.8634636085498,518.0870644797062,3.1662880750002356,1,2,1,0
9.866666666666667,956.8492366971535,517.9259543657295,3.188729946174047,1,2,1,0
9.875,956.0673916286966,517.732163524794,3.183989315337056,1,2,1,0
9.883333333333333,956.6641796244348,517.7689683285591,3.232047372375294,1,2,1,0
9.891666666666667,957.5389765590522,518.173858909059,3.209545357190913,1,2,1,0
9.9,957.0088301202647,518.3668770604257,3.2007339910575925,1,2,1,0
9.908333333333333,958.1679942692381,518.8200056749241,3.2168224813226263,1,2,1,0
9.916666666666666,958.1386604761329,518.4618522924161,3.1829169918432103,1,2,1,0
9.925,958.9014566843134,518.4189132591222,3.203802913950257,1,2,1,0
9.933333333333334,958.9028246084692,518.0629460795349,3.1969115564702633,1,2,1,0
9.941666666666666,959.5156839320117,517.7814064532902,3.1687083209581,1,2,1,0
9.95,959.4323181042881,518.1386044237078,3.203345497187105,1,2,1,0
9.958333333333334,959.5544577676554,518.5746570027716,3.1853368336103918,1,2,1,0
9.966666666666667,958.6215111646064,518.6254763457472,3.2224604547692137,1,2,1,0
9.975,958.9193729952224,518.9848534665455,3.1820436404855017,1,2,1,0
9.983333333333333,959.1869640143454,519.3801060459053,3.244932409636542,1,2,1,0
9.991666666666667,959.2214800337746,519.2710709847132,3.188969793682713,1,2,1,0
10.0,958.8945781511762,518.9973423953994,3.1772426071935587,1,2,1,0
10.008333333333333,958.5516808576891,518.64371933742,3.1948712604195175,1,2,1,0
10.016666666666667,958.4968696933009,518.896582480059,3.2133278720221563,1,2,1,0
10.025,958.8052489417125,519.4814911230986,3.23573485892741,1,2,1,0
10.033333333333333,958.6497417074869,519.9598884400926,3.1925235295214374,1,2,1,0
10.041666666666666,958.8427704338856,519.7357590654321,3.174431304891289,1,2,1,0
10.05,959.283054428422,519.5223308754593,3.225206950118399,1,2,1,0
10.058333333333334,959.2687157785525,519.6540104585317,3.233936189363049,1,2,1,0
10.066666666666666,959.3805389635621,519.8314252002925,3.181348572600629,1,2,1,0
10.075,959.5163997925192,520.0133936114994,3.1961575883675,1,2,1,0
10.083333333333334,959.4565135527592,520.2730760657745,3.201153444468833,1,2,1,0
10.091666666666667,959.1706741993885,520.2271029876968,3.217144559499571,1,2,1,0
10.1,958.932469330209,519.8052584900008,3.2017099123458936,1,2,1,0
10.108333333333333,959.004782962405,519.600805624154,3.2177938157753294,1,2,1,0
10.116666666666667,958.5694996645547,519.534806549539,3.2669883344341617,1,2,1,0
10.125,959.3105845560048,519.4807038010953,3.2116285062934757,1,2,1,0
10.133333333333333,959.1512334006349,519.7873839961317,3.2162217146872125,1,2,1,0
10.141666666666667,958.7289216888851,520.2054544339871,3.2217694195279973,1,2,1,0
10.15,957.5823099229218,520.2574878870971,3.259348539844367,1,2,1,0
10.158333333333333,957.3930487848427,520.0738468699965,3.2347427467608187,1,2,1,0
10.166666666666666,957.7939033651188,520.6435963563689,3.2219629583478127,1,2,1,0
10.175,958.2895241987859,520.4025457680543,3.2294719259312346,1,2,1,0
10.183333333333334,958.2321152102973,520.3451261727786,3.2154670613340177,1,2,1,0
10.191666666666666,958.5272262567404,521.1980161687338,3.2122437824883083,1,2,1,0
10.2,958.1881845860462,520.6024001078601,3.2147645188468594,1,2,1,0
10.208333333333334,957.9514717014671,521.0298093158101,3.2284563815118226,1,2,1,0
10.216666666666667,957.7810369099748,521.119402330829,3.201048695133664,1,2,1,0
10.225,958.0414136049079,521.2294420719373,3.2127929094986594,1,2,1,0
10.233333333333333,957.6602661202186,520.9358789616587,3.1927875807601205,1,2,1,0
10.241666666666667,958.7213779986027,521.266427564979,3.2240704845348054,1,2,1,0
10.25,958.6969352558284,521.3604606195539,3.2325097532150946,1,2,1,0
10.258333333333333,958.6518031028507,521.3278786177408,3.2067567026177546,1,2,1,0
10.266666666666667,958.0619179650361,520.7637544302514,3.2190213946336987,1,2,1,0
10.275,958.0299532579636,520.791967994188,3.2175839662892436,1,2,1,0
10.283333333333333,958.7762343178014,520.5618764550856,3.2176945337451257,1,2,1,0
10.291666666666666,958.7963396274563,520.3021216210004,3.2513962114635593,1,2,1,0
10.3,959.2455064426005,520.7772906626384,3.2573748733657433,1,2,1,0
10.308333333333334,959.7650548622017,521.449582085653,3.267602232967031,1,2,1,0
10.316666666666666,959.2553293467652,522.0482915028505,3.2568234699809975,1,2,1,0
10.325,959.393307088805,521.7780811161717,3.257985027751567,1,2,1,0
10.333333333333334,959.5746514181782,521.980435472894,3.266046393590951,1,2,1,0
10.341666666666667,959.9537928945035,522.421502964577,3.2068717432210416,1,2,1,0
10.35,959.9073296079983,522.2849730669884,3.2706824329957422,1,2,1,0
10.358333333333333,960.4468480816008,522.384823717761,3.281251293909224,1,2,1,0
10.366666666666667,960.2219901708005,522.5692414647413,3.2766401631811926,1,2,1,0
10.375,959.4395948632736,522.8276160132592,3.2272642320575016,1,2,1,0
10.383333333333333,960.0678905029057,522.7538684508073,3.2974011348987813,1,2,1,0
10.391666666666667,960.094772150709,522.0659496183342,3.246098588730976,1,2,1,0
10.4,959.7899079687704,522.4885060957072,3.2578354246437353,1,2,1,0
10.408333333333333,960.2543459414355,522.9276227232156,3.261104194156433,1,2,1,0
10.416666666666666,960.9523260444516,523.0582934664183,3.279770951815132,1,2,1,0
10.425,960.3278367200969,523.3453578839735,3.2799832214566846,1,2,1,0
10.433333333333334,959.9051468607286,522.624650222314,3.304825560859537,1,2,1,0
10.441666666666666,959.6331211117526,522.6748951750001,3.2676560868016464,1,2,1,0
10.45,959.6389636355775,522.9201120871295,3.2832755388731054,1,2,1,0
10.458333333333334,960.0116014539643,523.1992431751627,3.3016892793398998,1,2,1,0
10.466666666666667,960.2081804588288,522.7605233466115,3.2760203295974297,1,2,1,0
10.475,960.27713016977,522.3482387862172,3.30013588843565,1,2,1,0
10.483333333333333,959.5457536354246,522.2401965743925,3.284862325755267,1,2,1,0
10.491666666666667,959.4439685524262,522.6829095418032,3.3142723254683064,1,2,1,0
10.5,960.3301840983397,522.132877768368,3.3020826802672407,1,2,1,0
10.508333333333333,960.2299168147515,522.0415401073476,3.3068625671698624,1,2,1,0
10.516666666666667,959.0082792265983,521.4036313004433,3.3286574205885127,1,2,1,0
10.525,959.3836614854358,520.8862932920048,3.328460602207683,1,2,1,0
10.533333333333333,958.9659158473952,521.4494242359482,3.301773256109496,1,2,1,0
10.541666666666666,959.3097911436329,521.9522276815022,3.3334569947475714,1,2,1,0
10.55,958.6056085040562,522.5969734670331,3.2951399591754185,1,2,1,0
10.558333333333334,958.0729223569571,522.2156021250098,3.34431377062619,1,2,1,0
10.566666666666666,958.7688546620351,522.5249096672769,3.280129853836796,1,2,1,0
10.575,958.2577207515234,523.2104596431103,3.3270932832017897,1,2,1,0
10.583333333333334,957.7400014569661,522.909490939875,3.3098362614938983,1,2,1,0
10.591666666666667,957.6819305858694,523.0673707817971,3.318891566935513,1,2,1,0
10.6,957.5014624197952,523.77021175634,3.336659391574226,1,2,1,0
10.608333333333333,957.8014674485354,524.6180294339393,3.323144321998474,1,2,1,0
10.616666666666667,958.6503913780057,524.4915846810507,3.290204876044401,1,2,1,0
10.625,959.0373805807916,524.028961664291,3.3033064123996985,1,2,1,0
10.633333333333333,958.9896069283028,524.3501422352027,3.3140014210279736,1,2,1,0
10.641666666666667,959.2739384327931,525.0745422801499,3.334783185101806,1,2,1,0
10.65,958.9660816563007,525.2719618838531,3.2571638303834116,1,2,1,0
10.658333333333333,959.4166186653945,525.5118433949416,3.273982152002925,1,2,1,0
10.666666666666666,959.5737432392746,526.4651169925345,3.2887070383913932,1,2,1,0
10.675,959.5382564727404,526.6242333335556,3.316305755114197,1,2,1,0
10.683333333333334,959.812332941954,527.0965747313277,3.3234997375546493,1,2,1,0
10.691666666666666,959.8353112682545,526.4927460510562,3.303242144907,1,2,1,0
10.7,960.0927139360191,526.283659253449,3.2673459865235306,1,2,1,0
10.708333333333334,960.198379744727,526.4369143709397,3.2909447218763304,1,2,1,0
10.716666666666667,960.0176040754943,526.6636539389485,3.2620738851550772,1,2,1,0
10.725,959.3360292760514,527.2490072437931,3.2834933579407046,1,2,1,0
10.733333333333333,958.8134090424775,526.2064502784466,3.307067679783873,1,2,1,0
10.741666666666667,958.6939328221255,525.8586286200147,3.318957450576242,1,2,1,0
10.75,959.0898006868684,525.6914137603611,3.268118655062585,1,2,1,0
10.758333333333333,958.708923806144,526.8151941223467,3.262190582111852,1,2,1,0
10.766666666666667,958.6099903249267,526.1000387589984,3.2972969748785945,1,2,1,0
10.775,959.2606747352077,526.9787759682024,3.2729898693451647,1,2,1,0
10.783333333333333,958.6260343836411,526.7759574454516,3.2822020461097545,1,2,1,0
10.791666666666666,958.5069752139912,527.3747265003813,3.2782011124512276,1,2,1,0
10.8,958.7933994025091,527.4916554606756,3.267447421771211,1,2,1,0
10.808333333333334,957.502381198275,527.4342726089267,3.2930098542040867,1,2,1,0
10.816666666666666,957.2030883187177,527.8538645998158,3.2802591171348348,1,2,1,0
10.825,957.0237959552351,528.1385375318924,3.233233099775943,1,2,1,0
10.833333333333334,957.2111945712386,526.9538034199085,3.2758111899840836,1,2,1,0
10.841666666666667,957.6219575352108,527.1391024991982,3.300473319795114,1,2,1,0
10.85,957.701182270841,527.3820775202003,3.2767130459810305,1,2,1,0
10.858333333333333,957.0167888640688,527.3006527867833,3.2430151036575405,1,2,1,0
10.866666666666667,956.0818939162874,527.3295488932893,3.303155010666416,1,2,1,0
10.875,955.1160575777885,526.5393574816991,3.3197979788168013,1,2,1,0
10.883333333333333,955.3573099860362,527.1411788920781,3.2726186841073353,1,2,1,0
10.891666666666667,954.3978293839559,526.7002885363354,3.2652862009070796,1,2,1,0
10.9,953.8623639235899,527.56832956376,3.282646384456759,1,2,1,0
10.908333333333333,953.736037293255,528.8045164595264,3.29825533742241,1,2,1,0
10.916666666666666,954.6801174182378,528.7844200009854,3.296382634327082,1,2,1,0
10.925,954.6708215552321,529.2258462084741,3.2583305666520204,1,2,1,0
10.933333333333334,954.4812444192931,528.5906266096922,3.313342703349118,1,2,1,0
10.941666666666666,516.5734655061274,333.53033682678995,3.3106521761483516,1,2,1,0
10.95,515.5498785691199,334.00687570869934,3.2805441169806384,1,2,1,0
10.958333333333334,954.2227231904225,529.5360909482714,3.3021180070565177,1,2,1,0
10.966666666666667,953.9203055335117,529.5969421029884,3.3018406874568673,1,2,1,0
10.975,954.0273504882331,529.7386469272451,3.2910082048259426,1,2,1,0
10.983333333333333,954.3135866883168,530.7183780387501,3.2961383959292476,1,2,1,0
10.991666666666667,954.6417953727671,531.0526285621695,3.3081109062629097,1,2,1,0
11.0,954.1336227965373,531.4929387797312,3.3168745481821924,1,2,1,0
11.008333333333333,953.9253436056441,531.5139934696008,3.300013918315792,1,2,1,0
11.016666666666667,954.2741087983246,531.3216028655186,3.290858557821589,1,2,1,0
11.025,953.8152766578521,531.0735929051906,3.2528328411811,1,2,1,0
11.033333333333333,953.8764401179745,531.9544481820453,3.3068867630086194,1,2,1,0
11.041666666666666,954.4234830375525,531.9898130904846,3.2942673926626203,1,2,1,0
11.05,953.9243326903807,531.659786973906,3.2994343565670117,1,2,1,0
11.058333333333334,953.7918321616656,532.7423335120523,3.267549637571091,1,2,1,0
11.066666666666666,953.9319829709256,532.8681374592243,3.3002231444539913,1,2,1,0
11.075,953.8561013514259,533.2760660427905,3.2660569975228113,1,2,1,0
11.083333333333334,954.0493615828675,532.9256771828746,3.2917882670317167,1,2,1,0
11.091666666666667,954.2499130934071,533.1891570492625,3.2832090734929924,1,2,1,0
11.1,954.5394955814713,532.6404461878454,3.2884938799418206,1,2,1,0
11.108333333333333,954.3774356144231,532.1724420279579,3.2898957435811265,1,2,1,0
11.116666666666667,954.4464103625797,531.3820162144989,3.309372429337181,1,2,1,0
11.125,953.7550759488721,531.2081108146203,3.2890899905131836,1,2,1,0
11.133333333333333,953.8432503822139,530.8367411274777,3.2819465457923487,1,2,1,0
11.141666666666667,954.0681911517132,530.0934007194044,3.3216285531546963,1,2,1,0
11.15,952.9028132639231,530.4541544692121,3.2576092911435954,1,2,1,0
11.158333333333333,953.4541784814949,529.8498894709866,3.316413264692911,1,2,1,0
11.166666666666666,953.6696503273109,529.7841275769362,3.315253302985561,1,2,1,0
11.175,953.8325341001854,530.2224712600457,3.31074196616058,1,2,1,0
11.183333333333334,953.6794544975551,530.0962502834992,3.3282246322796647,1,2,1,0
11.191666666666666,953.299834518139,530.2353491970556,3.2944518910993352,1,2,1,0
11.2,952.8802942163975,530.3325640997838,3.306807084483853,1,2,1,0
11.208333333333334,952.0429484969306,530.0637236500081,3.295117287098917,1,2,1,0
11.216666666666667,952.4172807082382,530.047614834434,3.2896607924718504,1,2,1,0
11.225,952.3453763554377,530.2839269705229,3.2958940628532916,1,2,1,0
11.233333333333333,952.5436642379118,530.0748485353005,3.3090040289644853,1,2,1,0
11.241666666666667,952.4709831432307,530.40097942851,3.3062462726043593,1,2,1,0
11.25,952.1285452407944,530.5390361453246,3.2506062551316868,1,2,1,0
11.258333333333333,951.8001145037786,530.7581874837906,3.2917424796203973,1,2,1,0
11.266666666666667,951.2835368205887,531.1567626906908,3.2746780827040944,1,2,1,0
11.275,951.1825202520583,530.7770121172614,3.321437242096849,1,2,1,0
11.283333333333333,951.8572019036338,531.4061895210807,3.289807710930392,1,2,1,0
11.291666666666666,951.6361089528672,532.0189638990291,3.310517712569491,1,2,1,0
11.3,952.4039686410385,532.7986613137084,3.316689713267997,1,2,1,0
11.308333333333334,952.2945265683159,533.3531894151683,3.273669982291111,1,2,1,0
11.316666666666666,952.3169295469712,532.5944208201148,3.2823567158433677,1,2,1,0
11.325,1052.4736421817436,740.4019256757995,3.307828974876549,1,2,1,0
11.333333333333334,1052.0761153222647,739.864464199756,3.3082309623551973,1,2,1,0
11.341666666666667,952.4375827474794,532.6116810218307,3.33103991118018,1,2,1,0
11.35,952.5274896168536,531.6169114664883,3.3286473080775716,1,2,1,0
11.358333333333333,952.1581712636709,531.7986769105873,3.28987462476818,1,2,1,0
11.366666666666667,952.4723277679304,531.911395961203,3.317934958167291,1,2,1,0
11.375,952.8312233503485,532.517262248919,3.3075090443107342,1,2,1,0
11.383333333333333,952.4398570971994,530.8703233850623,3.3179189676280236,1,2,1,0
11.391666666666667,952.3654267804401,529.9834301765752,3.2889356696114254,1,2,1,0
11.4,951.9202592719593,529.8038673150943,3.2817845483123427,1,2,1,0
11.408333333333333,951.3679935730029,528.8995582388291,3.3368349826092696,1,2,1,0
11.416666666666666,951.046314147616,528.5488930507202,3.29185880863078,1,2,1,0
11.425,950.9162826318994,528.6392231075581,3.2861108708616884,1,2,1,0
11.433333333333334,950.5166408153624,529.5553268572687,3.298798018828504,1,2,1,0
11.441666666666666,950.2603825111063,529.1664964818419,3.261232610847994,1,2,1,0
11.45,950.4656512563695,529.0330820910759,3.3310214631097947,1,2,1,0
11.458333333333334,950.2964743234784,529.6918051761816,3.287700348082228,1,2,1,0
11.466666666666667,949.9427140641277,529.0229200391666,3.3200840255782866,1,2,1,0
11.475,949.0049293459338,530.5418796056886,3.3085612849072956,1,2,1,0
11.483333333333333,949.6618561799388,530.065928023442,3.2907602170393857,1,2,1,0
11.491666666666667,949.729291260695,529.7201755423803,3.32627239118073,1,2,1,0
11.5,949.91192613037,529.7637358690127,3.2977907242765494,1,2,1,0
11.508333333333333,950.349412706288,529.6643128349682,3.2957597790262128,1,2,1,0
11.516666666666667,950.5463435197556,528.7218069115488,3.2873867852402356,1,2,1,0
11.525,950.2021482590823,529.1458055967965,3.3353696476791863,1,2,1,0
11.533333333333333,948.7595488822319,529.4795018466838,3.284477517267772,1,2,1,0
11.541666666666666,947.9638811932605,529.3161982958363,3.2974951712761547,1,2,1,0
11.55,948.096593502903,529.8261361654259,3.3196428486879794,1,2,1,0
11.558333333333334,949.3066853494471,530.1815096867307,3.2773298332908913,1,2,1,0
11.566666666666666,949.762012972227,530.4094436833913,3.3320784673424266,1,2,1,0
11.575,949.9049815438595,530.968917162846,3.28064460464406,1,2,1,0
11.583333333333334,949.6030666489086,531.3869969944014,3.301802478275221,1,2,1,0
11.591666666666667,949.260188421873,531.3530954034702,3.26070570907126,1,2,1,0
11.6,949.2603994937734,531.425985808965,3.290387195051172,1,2,1,0
11.608333333333333,949.8129185269904,532.1933067905726,3.3089480937855087,1,2,1,0
11.616666666666667,950.5105479124298,532.5863437901804,3.2762621972556305,1,2,1,0
11.625,950.6085356196335,532.0179596654311,3.283675888786082,1,2,1,0
11.633333333333333,950.7903421188898,532.0124715761904,3.2934661844462862,1,2,1,0
11.641666666666667,950.2917856478244,531.1464042315856,3.2790170064609176,1,2,1,0
11.65,950.2901956167437,531.5962695503456,3.2978903230301713,1,2,1,0
11.658333333333333,949.7249896620987,531.6617328290532,3.2654883612001684,1,2,1,0
11.666666666666666,949.8292609092324,532.0250551397431,3.3142507981298004,1,2,1,0
11.675,950.2433880781604,531.7236314880586,3.2646795810350127,1,2,1,0
11.683333333333334,950.1588519423858,531.9164535470182,3.2896429841032204,1,2,1,0
11.691666666666666,949.8494768826611,531.0426492734417,3.2987594823100617,1,2,1,0
11.7,949.3349709803834,530.3762202709421,3.27655227840567,1,2,1,0
11.708333333333334,948.4837996229577,530.6705411086713,3.2768876412427583,1,2,1,0
11.716666666666667,948.0076490316911,530.8787021967313,3.266719390888928,1,2,1,0
11.725,947.875950977199,531.4575197762198,3.2768769656890457,1,2,1,0
11.733333333333333,948.1190911181723,532.0754962000015,3.280039223117764,1,2,1,0
11.741666666666667,947.3030884522631,531.7513174679987,3.281577576178675,1,2,1,0
11.75,947.0338761823018,532.7515594453649,3.288274951196122,1,2,1,0
11.758333333333333,947.009738659017,533.6161387072591,3.284227275874987,1,2,1,0
11.766666666666667,947.7086917955074,533.5668601981475,3.276353163365552,1,2,1,0
11.775,947.9896774111766,533.4863480998347,3.318054353515816,1,2,1,0
11.783333333333333,948.2371645402839,533.7116441734577,3.2924747573118722,1,2,1,0
11.791666666666666,948.7705614691422,533.590868473712,3.2641348957495984,1,2,1,0
11.8,949.6662577928452,533.2547025654405,3.264990739795962,1,2,1,0
11.808333333333334,949.1231237056464,533.9719179529075,3.3075039842795677,1,2,1,0
11.816666666666666,948.8384737938982,533.3873639022314,3.253100948358369,1,2,1,0
11.825,948.7521833086851,532.9195312135898,3.2995431427464306,1,2,1,0
11.833333333333334,949.4099395310158,533.5459494972234,3.269695660146686,1,2,1,0
11.841666666666667,949.4668818394605,533.2932132411158,3.2776749129905873,1,2,1,0
11.85,948.9693470438748,532.9176243750169,3.2449223042375888,1,2,1,0
11.858333333333333,949.4510728510122,532.9559093962341,3.282744309010277,1,2,1,0
11.866666666666667,949.60234343997,533.6153356326173,3.296911211165133,1,2,1,0
11.875,948.7254744971925,532.8956089137745,3.22696024548666,1,2,1,0
11.883333333333333,948.9285504936765,532.3649826562186,3.269048182236423,1,2,1,0
11.891666666666667,948.4555347659493,531.8164158736848,3.2806046508733138,1,2,1,0
11.9,948.0970135863146,532.1199747385806,3.2676322236321287,1,2,1,0
11.908333333333333,948.5401115960639,532.9282935092557,3.2576116883538853,1,2,1,0
11.916666666666666,948.437495150158,533.1209762205327,3.2790698836453713,1,2,1,0
11.925,948.6319591873905,533.1975832552909,3.2872633535039664,1,2,1,0
11.933333333333334,948.1369337930869,532.5308707688638,3.2561676885642235,1,2,1,0
11.941666666666666,948.124087681317,532.9533883364372,3.2488239261155076,1,2,1,0
11.95,948.1406448241604,533.4082841867172,3.2566031646849587,1,2,1,0
11.958333333333334,947.4604480627587,533.9871196122193,3.2889454476073876,1,2,1,0
11.966666666666667,947.6650585906955,533.7481054390917,3.2358322274310667,1,2,1,0
11.975,946.6619605652905,533.8813056798549,3.265233349796943,1,2,1,0
11.983333333333333,946.5857836071326,533.169446645597,3.2438048827027766,1,2,1,0
11.991666666666667,947.4938113016694,533.5332729059604,3.2502848076346185,1,2,1,0
12.0,947.4465398861843,533.7349790341027,3.2822300539708857,1,2,1,0
12.008333333333333,948.1818872100117,533.8945605843036,3.244789940038233,1,2,1,0
12.016666666666667,947.6932627557227,534.9978003654663,3.2451147524224013,1,2,1,0
12.025,947.8077963778027,535.8292139791959,3.232861661576538,1,2,1,0
12.033333333333333,947.8214516255698,535.1620925883716,3.264908656700795,1,2,1,0
12.041666666666666,1152.9287113654507,760.1893538741997,3.226891649988292,1,2,1,0
12.05,1152.5518800221064,759.4853295708297,3.2371815947328577,1,2,1,0
12.058333333333334,948.8813484573851,533.3172241634574,3.26052432787254,1,2,1,0
12.066666666666666,950.0258026785459,532.5424652683049,3.26338744280405,1,2,1,0
12.075,949.0343564101549,532.2515091015432,3.225336169499763,1,2,1,0
12.083333333333334,949.8760519112279,532.8813335875569,3.247741834156408,1,2,1,0
12.091666666666667,950.0108828921565,532.8534488207204,3.2650996743434355,1,2,1,0
12.1,949.5665948913713,533.0502557382882,3.2428970209917707,1,2,1,0
12.108333333333333,948.5918900923317,533.8924461652334,3.2113454537884656,1,2,1,0
12.116666666666667,948.8213966768177,533.5524912311804,3.2384495429424,1,2,1,0
12.125,948.6973828378005,533.9289658456031,3.262947049461926,1,2,1,0
12.133333333333333,948.9630464017547,533.9833028853085,3.2298743776928296,1,2,1,0
12.141666666666667,948.3571931290905,534.2261926858673,3.2156281052426174,1,2,1,0
12.15,948.2683245954032,534.2917370285895,3.249197202726388,1,2,1,0
12.158333333333333,948.5836363708614,533.8243884096785,3.2200713125424834,1,2,1,0
12.166666666666666,948.4610831431081,533.29166633155,3.257248187714516,1,2,1,0
12.175,947.584623962987,533.7043992520025,3.2538634866226954,1,2,1,0
12.183333333333334,948.9602375156239,532.6814359663417,3.2364609045558836,1,2,1,0
12.191666666666666,949.2526068943984,533.7324701565423,3.2451106240068426,1,2,1,0
12.2,949.5818213453972,533.9724603876291,3.2113066813138618,1,2,1,0
12.208333333333334,949.4586131534343,533.895545334236,3.2342166239211325,1,2,1,0
12.216666666666667,948.8420632021537,534.3783552917016,3.229763009846316,1,2,1,0
12.225,949.3145236624279,534.2517019736667,3.2187608816073676,1,2,1,0
12.233333333333333,949.0477339256345,533.9812270726829,3.237762701507783,1,2,1,0
12.241666666666667,948.3222435423409,533.7110979104846,3.251031264298125,1,2,1,0
12.25,948.4846252176583,533.1073251835875,3.2005252031951237,1,2,1,0
12.258333333333333,948.5970356688322,533.8680950610357,3.262068926619504,1,2,1,0
12.266666666666667,949.2622393571257,534.3130041230511,3.2318087516582525,1,2,1,0
12.275,948.861839741828,533.932720269546,3.219481305558612,1,2,1,0
12.283333333333333,948.1486432510119,533.6171440945395,3.2419094918492335,1,2,1,0
12.291666666666666,948.5641537847563,533.1811169585957,3.218952439014231,1,2,1,0
12.3,947.0462289913501,534.7992275544076,3.2464678419118056,1,2,1,0
12.308333333333334,946.796195713198,535.2583460550702,3.2116248246454444,1,2,1,0
12.316666666666666,947.6806705184738,536.1068729161974,3.2048233418111627,1,2,1,0
12.325,947.4302744625352,535.2786854672222,3.208872459156211,1,2,1,0
12.333333333333334,946.5549214377993,535.8030262825341,3.208075014837449,1,2,1,0
12.341666666666667,947.4604116696155,535.5537316623854,3.231683443152616,1,2,1,0
12.35,948.1465847744756,534.716824339884,3.221288190725745,1,2,1,0
12.358333333333333,948.7650274564407,534.7238264415655,3.223176989965297,1,2,1,0
12.366666666666667,948.5707708269266,535.129772986193,3.212340355384392,1,2,1,0
12.375,948.2852572735792,536.0152191499051,3.203760121949614,1,2,1,0
12.383333333333333,948.1255826230469,536.258270326222,3.199049356877647,1,2,1,0
12.391666666666667,948.02042283464,535.8020697136151,3.2227239125588953,1,2,1,0
12.4,948.4848055286183,535.1650748036795,3.244680947685597,1,2,1,0
12.408333333333333,948.041118876191,534.8918702108318,3.161901602888625,1,2,1,0
12.416666666666666,947.8443979047478,534.752761118144,3.2354964253796012,1,2,1,0
12.425,948.5530110740283,535.0207102936536,3.2105695954646394,1,2,1,0
12.433333333333334,948.5100114878447,534.6559481227566,3.2412554515826675,1,2,1,0
12.441666666666666,948.4870705275915,535.2163937136677,3.1916354651562813,1,2,1,0
12.45,949.7139323392721,534.6421654376157,3.1892306903439183,1,2,1,0
12.458333333333334,949.1324079338833,534.6728254658397,3.241248375722184,1,2,1,0
12.466666666666667,949.0063272856878,534.4183668998578,3.237328962461738,1,2,1,0
12.475,949.0347185283415,534.0954321039322,3.2023565180563613,1,2,1,0
12.483333333333333,947.9845708667934,534.1353645949454,3.2130994597562115,1,2,1,0
12.491666666666667,949.2045880179413,534.1068696008459,3.211980294090289,1,2,1,0
12.5,949.1566511832564,533.50415203529,3.1821577249215296,1,2,1,0
12.508333333333333,948.9288382181073,532.5822770956169,3.1762910383749556,1,2,1,0
12.516666666666667,948.3018205406407,532.0211672212045,3.2039184404707695,1,2,1,0
12.525,948.8017130367523,531.5684493402981,3.182780173923124,1,2,1,0
12.533333333333333,948.5714152136437,532.0020800406094,3.156604833804736,1,2,1,0
12.541666666666666,948.604644857798,531.7551105459626,3.202241587929589,1,2,1,0
12.55,948.381334653864,531.2506913265314,3.2100645813930813,1,2,1,0
12.558333333333334,948.9824564212206,531.1894625092015,3.1965364332692827,1,2,1,0
12.566666666666666,948.8745171978202,531.2409396158024,3.185526741988662,1,2,1,0
12.575,949.0387605087428,530.3046912493079,3.173447307546918,1,2,1,0
12.583333333333334,949.505156318233,529.4870508989094,3.1912014235832684,1,2,1,0
12.591666666666667,949.3662785152113,529.6451009133236,3.185655616461696,1,2,1,0
12.6,949.2225300082689,529.2088770007439,3.2164043653881076,1,2,1,0
12.608333333333333,948.2644453427772,528.7845050817513,3.177240688462672,1,2,1,0
12.616666666666667,949.1379330345561,528.5450360114149,3.197062496237278,1,2,1,0
12.625,949.2215941108013,528.2409271935492,3.1874273141884375,1,2,1,0
12.633333333333333,949.3966432925788,528.548568317755,3.1878118234060664,1,2,1,0
12.641666666666667,949.1081596139636,528.6947679161965,3.2093972703944225,1,2,1,0
12.65,949.3405361679199,528.1343925440381,3.174611527502759,1,2,1,0
12.658333333333333,949.2676254686767,527.6267849884807,3.1565007420468154,1,2,1,0
12.666666666666666,950.0121213278451,527.4629178417672,3.1860028473552773,1,2,1,0
12.675,949.5616424425097,528.0945609382925,3.1774425315157573,1,2,1,0
12.683333333333334,949.876974730776,528.1574851383389,3.1923486737851063,1,2,1,0
12.691666666666666,950.4693184294408,527.6520362662178,3.1836220041144023,1,2,1,0
12.7,950.6825644359367,528.0343893608992,3.1556439915786543,1,2,1,0
12.708333333333334,950.454188056817,528.5104828618491,3.1608336373709176,1,2,1,0
12.716666666666667,950.691766619948,528.2743383975943,3.168490368342251,1,2,1,0
12.725,951.0185708468896,527.3414640830682,3.1879867482138446,1,2,1,0
12.733333333333333,951.0514351031094,526.9946143676673,3.170105881408731,1,2,1,0
12.741666666666667,950.6452140398648,527.3580486984449,3.1970851037780017,1,2,1,0
12.75,950.7007021219906,527.5076783738648,3.170718742996057,1,2,1,0
12.758333333333333,949.8261604404587,527.5471272380485,3.142662049625578,1,2,1,0
12.766666666666667,949.5597680318708,527.7613101623692,3.203280114211075,1,2,1,0
12.775,950.0357281920675,527.9694758421612,3.1583426258674563,1,2,1,0
12.783333333333333,950.7084875426169,528.3826499809252,3.136218920806012,1,2,1,0
12.791666666666666,950.9396832225971,528.1214026661117,3.151416924908147,1,2,1,0
12.8,949.579786139452,528.1496160053632,3.1447059272240256,1,2,1,0
12.808333333333334,950.1936995832712,528.311494347535,3.1890406266058338,1,2,1,0
12.816666666666666,950.097422662814,528.4553833372547,3.1817936368709168,1,2,1,0
12.825,950.5774269710805,528.4123176679964,3.1978194850115926,1,2,1,0
12.833333333333334,950.8174488004961,528.9404736841606,3.154111231776781,1,2,1,0
12.841666666666667,951.24383553914,529.5079734379693,3.133849930254277,1,2,1,0
12.85,951.5924729153462,530.067277446756,3.136693927930142,1,2,1,0
12.858333333333333,951.6967817835244,530.2058861758869,3.16722460978082,1,2,1,0
12.866666666666667,952.0922319222578,530.0980330266564,3.1562688774806085,1,2,1,0
12.875,951.9985424255319,529.7994954853862,3.104362386796974,1,2,1,0
12.883333333333333,952.4970903254698,529.6294858145661,3.162279801627786,1,2,1,0
12.891666666666667,951.9434933934199,530.329068178825,3.1307880913265898,1,2,1,0
12.9,951.4630057338516,530.4092504159491,3.1787447690711077,1,2,1,0
12.908333333333333,951.5363309707543,530.640458948238,3.1171622302648516,1,2,1,0
12.916666666666666,950.7932699988745,531.3413295143018,3.1430227361904173,1,2,1,0
12.925,951.5469563473326,532.0231200491703,3.143122490651305,1,2,1,0
12.933333333333334,950.801635799258,532.7224713195194,3.1185222906958034,1,2,1,0
12.941666666666666,950.8355232654943,533.6856291220206,3.1488724916062427,1,2,1,0
12.95,950.6453695860574,533.1247718382289,3.172056516199986,1,2,1,0
12.958333333333334,950.7358012539709,533.3030079075487,3.1383287233944808,1,2,1,0
12.966666666666667,950.0083457297413,533.1790835696607,3.134530995781107,1,2,1,0
12.975,950.2985433989367,533.4239114962719,3.124451903287187,1,2,1,0
12.983333333333333,950.1072622495894,533.3626178013136,3.152295409204687,1,2,1,0
12.991666666666667,950.9021922526047,533.873672047577,3.13680130555134,1,2,1,0
13.0,950.6357616645244,533.9745448973309,3.137100454609535,1,2,1,0
13.008333333333333,950.4911705178167,533.2872725832834,3.1559720117403667,1,2,1,0
13.016666666666667,950.6499421039518,533.3918851443061,3.1119608192538792,1,2,1,0
13.025,949.646857213318,532.8139350753333,3.1424897569786174,1,2,1,0
13.033333333333333,948.6543940567263,532.2880136921087,3.1695028127155984,1,2,1,0
13.041666666666666,948.6641188361416,533.4891993298971,3.133621617378232,1,2,1,0
13.05,949.1849111570242,532.8996172206469,3.1642607175754027,1,2,1,0
13.058333333333334,949.4774038539321,532.4514695651033,3.1057190402869677,1,2,1,0
13.066666666666666,949.3116377670739,532.4800241707896,3.10247536722605,1,2,1,0
13.075,950.0957700025485,532.5049516528258,3.148535220254992,1,2,1,0
13.083333333333334,950.5275078578812,532.3490775366615,3.1612523871161877,1,2,1,0
13.091666666666667,950.8850059803531,531.0631792808638,3.1181062912060353,1,2,1,0
13.1,950.9747783214616,531.2888122312157,3.1294205620952416,1,2,1,0
13.108333333333333,950.7618065038863,531.0460363737062,3.1026707431407883,1,2,1,0
13.116666666666667,951.0301304519857,530.8521699244437,3.1402793399267486,1,2,1,0
13.125,951.9196881974509,530.4687875569676,3.1432000872809915,1,2,1,0
13.133333333333333,952.0740460422084,530.4232462661946,3.1229990915556565,1,2,1,0
13.141666666666667,951.4374732328876,529.9952819152833,3.0969354851591966,1,2,1,0
13.15,951.535572656961,529.8276842079956,3.11517782969648,1,2,1,0
13.158333333333333,951.7899629684944,529.5445889432233,3.132488532552813,1,2,1,0
13.166666666666666,952.2886173841063,528.579346952861,3.1246502525149484,1,2,1,0
13.175,951.8214805168728,527.6586988662175,3.1594930461394597,1,2,1,0
13.183333333333334,952.071497213174,527.3152074822051,3.119882791353154,1,2,1,0
13.191666666666666,951.6046401672994,527.614192617508,3.0970339035761834,1,2,1,0
13.2,951.2692662418041,526.6893636558989,3.120846440506129,1,2,1,0
13.208333333333334,952.1506304676509,526.4666942442228,3.1067529236970453,1,2,1,0
13.216666666666667,952.2957789981182,526.4682076376272,3.1214657514338673,1,2,1,0
13.225,952.1566993383985,526.2950294078883,3.1177739394348736,1,2,1,0
13.233333333333333,952.0994032759578,526.4784943935684,3.137967488448631,1,2,1,0
13.241666666666667,951.803559344179,526.9962483464805,3.1147770269953257,1,2,1,0
13.25,951.8010453121054,526.1572391530985,3.124484589520882,1,2,1,0
13.258333333333333,951.7365380907937,526.8169256916858,3.116008188176804,1,2,1,0
13.266666666666667,951.0751039622114,526.8559657115817,3.131855126864365,1,2,1,0
13.275,951.399668590289,527.0583218298483,3.1262347494543308,1,2,1,0
13.283333333333333,950.8562374567977,527.0421768777144,3.1289943348690197,1,2,1,0
13.291666666666666,950.4295663003228,526.9754360039515,3.117339168038309,1,2,1,0
13.3,950.4361886649694,526.8234588040383,3.1011585873057737,1,2,1,0
13.308333333333334,950.4131955463611,526.251772591669,3.1214677836720437,1,2,1,0
13.316666666666666,950.3072865936904,526.0358472354014,3.1247117325612748,1,2,1,0
13.325,950.4266817996494,525.2288048257578,3.111334594362716,1,2,1,0
13.333333333333334,951.0736321590559,525.7942172245174,3.117808898693707,1,2,1,0
13.341666666666667,950.3188363993202,526.4789466701309,3.1183977932979676,1,2,1,0
13.35,950.4441269206197,526.4173410092335,3.1337930960263036,1,2,1,0
13.358333333333333,950.7033517890638,526.1160408473846,3.110328326366361,1,2,1,0
13.366666666666667,951.2034650775126,526.8689089769631,3.135501624333919,1,2,1,0
13.375,951.3854984362928,526.4263322095877,3.100906794641518,1,2,1,0
13.383333333333333,950.8210238661161,526.1287347747808,3.1080876999506257,1,2,1,0
13.391666666666667,950.3723283626357,527.0708245392825,3.079830281815164,1,2,1,0
13.4,950.0682454875506,526.4937085829173,3.144316549629094,1,2,1,0
13.408333333333333,949.5987769657903,525.8870920007586,3.1079866687581155,1,2,1,0
13.416666666666666,949.9712116858017,525.748572923544,3.110434205142474,1,2,1,0
13.425,950.0119344864077,525.5033239324094,3.0861760773359026,1,2,1,0
13.433333333333334,950.8112199137199,525.1927221246808,3.1142752169559276,1,2,1,0
13.441666666666666,949.8729210915235,525.1560461197208,3.0979131080483056,1,2,1,0
13.45,950.3812908115115,525.6271829248388,3.1128548847477924,1,2,1,0
13.458333333333334,950.024979682054,525.331927499197,3.0973111696355167,1,2,1,0
13.466666666666667,949.45196682583,524.7965898693576,3.106185941530704,1,2,1,0
13.475,949.6433729547641,524.1956762489514,3.105474394684458,1,2,1,0
13.483333333333333,949.7309028217298,524.3682860209535,3.1268362172693926,1,2,1,0
13.491666666666667,950.1332490966589,525.2232970104311,3.1103326704649885,1,2,1,0
13.5,949.3064488139445,525.5995815227307,3.106714629377404,1,2,1,0
13.508333333333333,948.962684212562,525.8445791209544,3.0969218133827465,1,2,1,0
13.516666666666667,948.8066024173656,526.2690430378723,3.066607054138659,1,2,1,0
13.525,948.7035041927888,527.7271068915582,3.1280157738309313,1,2,1,0
13.533333333333333,949.7219789965887,528.1750697426661,3.124899533053801,1,2,1,0
13.541666666666666,950.5076725843578,527.3049196947768,3.0817170300210646,1,2,1,0
13.55,951.2780779834817,526.8593045684756,3.0899702006714875,1,2,1,0
13.558333333333334,951.5885596009655,526.9587601873723,3.110026251818898,1,2,1,0
13.566666666666666,952.3349951402483,527.3216186934329,3.109207151959775,1,2,1,0
13.575,952.9386153116601,527.6679356111293,3.115288944243622,1,2,1,0
13.583333333333334,952.2217241757008,528.146100111172,3.119354137745592,1,2,1,0
13.591666666666667,951.2752863538215,528.9378573860232,3.0886197417208705,1,2,1,0
13.6,951.0073325242349,529.1991488291321,3.0709194508175908,1,2,1,0
13.608333333333333,951.4902247195723,529.6767552859652,3.091912531037877,1,2,1,0
13.616666666666667,951.545891849879,529.7445842807365,3.111109790183119,1,2,1,0
13.625,952.6917626580679,529.4020343728872,3.128810303232156,1,2,1,0
13.633333333333333,953.3603240408473,529.3847371128694,3.1190541445634032,1,2,1,0
13.641666666666667,953.8337543887884,528.9369971476824,3.1172771421389904,1,2,1,0
13.65,953.2597212059054,529.5185850506476,3.0608116775390966,1,2,1,0
13.658333333333333,952.8297605936384,529.8882081946497,3.10788314780183,1,2,1,0
13.666666666666666,952.5453185014347,529.754242806233,3.093695360187486,1,2,1,0
13.675,952.8772268973406,529.972635032665,3.0638109343803515,1,2,1,0
13.683333333333334,952.5855628888099,530.8529816128713,3.1261304360673483,1,2,1,0
13.691666666666666,952.8264244252163,531.1616190935465,3.0976342352767254,1,2,1,0
13.7,952.5688163513173,531.6555948114973,3.1026158735455884,1,2,1,0
13.708333333333334,952.691664959018,531.8153708498808,3.1239336071273107,1,2,1,0
13.716666666666667,952.6270794976231,531.6516182032817,3.1042000759916597,1,2,1,0
13.725,952.3546413755989,531.9572326536537,3.1127004703239045,1,2,1,0
13.733333333333333,952.9960532527004,531.8011519858977,3.0661547902193926,1,2,1,0
13.741666666666667,953.397484938965,531.4050650374295,3.1442426488446884,1,2,1,0
13.75,953.3779641350443,530.9457980884072,3.066232971721214,1,2,1,0
13.758333333333333,953.8867302967915,531.2371203872497,3.132473779544917,1,2,1,0
13.766666666666667,953.8648834505533,531.535143161339,3.0698812844961907,1,2,1,0
13.775,953.5636296092684,530.8794938726097,3.0708699341925665,1,2,1,0
13.783333333333333,954.841783659548,530.8178024263973,3.0934477612216504,1,2,1,0
13.791666666666666,954.6778644581225,530.9798721765138,3.0732055544741828,1,2,1,0
13.8,954.6328196694348,530.4893929398256,3.0666405331087714,1,2,1,0
13.808333333333334,954.2749813179391,531.1450487763391,3.1318756132332837,1,2,1,0
13.816666666666666,954.5012905294284,530.9251010083123,3.140851458122454,1,2,1,0
13.825,954.5824740474926,531.0290303214069,3.0765619541705425,1,2,1,0
13.833333333333334,955.6210396732527,531.200550054561,3.1184408815677904,1,2,1,0
13.841666666666667,955.2204067892924,530.594093915256,3.088079343612031,1,2,1,0
13.85,955.4025853286008,530.1215311830778,3.0731137591347695,1,2,1,0
13.858333333333333,954.3772339507257,531.1998784255288,3.1112538564595433,1,2,1,0
13.866666666666667,955.2870594303686,530.3156062158974,3.0915831622502954,1,2,1,0
13.875,956.0211049004062,530.3735826131654,3.0923071345602824,1,2,1,0
13.883333333333333,955.5302794824452,530.6578067305243,3.107055463953799,1,2,1,0
13.891666666666667,955.6769184993262,530.8103414157832,3.126104556456179,1,2,1,0
13.9,956.1542829253397,531.7965211074933,3.1079282472848306,1,2,1,0
13.908333333333333,956.6451375898994,532.0680884617171,3.1017807823778187,1,2,1,0
13.916666666666666,956.304078434633,532.0895939319017,3.128981369576154,1,2,1,0
13.925,956.0019573487,532.3129295883783,3.1018629987114945,1,2,1,0
13.933333333333334,901.3565796022694,391.74825189654507,3.0697976762258388,1,2,1,0
13.941666666666666,901.2082319950882,391.8329959241538,3.098752541644316,1,2,1,0
13.95,955.1500320164852,532.1601055617464,3.0794628484951803,1,2,1,0
13.958333333333334,955.0546163482431,531.8078349538334,3.1370497607367103,1,2,1,0
13.966666666666667,954.6554697339043,531.8720841425012,3.0759789456710385,1,2,1,0
13.975,954.5547106211114,531.8385304132818,3.074037976328809,1,2,1,0
13.983333333333333,954.4762653243355,531.7084809316465,3.1048122699733627,1,2,1,0
13.991666666666667,953.9720844283786,531.3345877538702,3.1213032416898017,1,2,1,0
14.0,953.092575713556,531.4394396033957,3.1469782229657155,1,2,1,0
14.008333333333333,952.5548155815732,532.3170041837361,3.1161540499913496,1,2,1,0
14.016666666666667,953.0527427267552,532.1404892273393,3.155068611812404,1,2,1,0
14.025,,,,0,2,1,0
14.033333333333333,,,,0,2,1,0
14.041666666666666,,,,0,2,1,0
14.05,,,,0,2,1,0
14.058333333333334,,,,0,2,1,0
14.066666666666666,,,,0,2,1,0
14.075,,,,0,2,1,0
14.083333333333334,,,,0,2,1,0
14.091666666666667,,,,0,2,1,0
14.1,,,,0,2,1,0
14.108333333333333,,,,0,2,1,0
14.116666666666667,,,,0,2,1,0
14.125,,,,0,2,1,0
14.133333333333333,,,,0,2,1,0
14.141666666666667,,,,0,2,1,0
14.15,,,,0,2,1,0
14.158333333333333,,,,0,2,1,0
14.166666666666666,,,,0,2,1,0
14.175,,,,0,2,1,0
14.183333333333334,953.7931071565325,531.3483382411314,3.135496345495942,1,2,1,0
14.191666666666666,953.3591970348022,530.7227221041591,3.1304674315246896,1,2,1,0
14.2,953.3183093051277,531.1181327037159,3.140661882536165,1,2,1,0
14.208333333333334,953.7507753460944,531.1554663260824,3.1007240574425987,1,2,1,0
14.216666666666667,954.700062388467,530.555964373205,3.140351972209997,1,2,1,0
14.225,954.5797617376971,530.7277128854182,3.103103176564574,1,2,1,0
14.233333333333333,954.7810363799526,530.2294617693857,3.110900795788075,1,2,1,0
14.241666666666667,954.7027052248676,529.6332888218328,3.102445620180538,1,2,1,0
14.25,954.0347637224194,530.2644926929785,3.1110795658541472,1,2,1,0
14.258333333333333,954.2168375858997,531.2461908763935,3.095666400165111,1,2,1,0
14.266666666666667,954.4351212557259,531.1810584807075,3.1212077684934045,1,2,1,0
14.275,954.4613218054525,531.103659018981,3.1270580166701607,1,2,1,0
14.283333333333333,953.6725958722591,530.5156144838132,3.137795116833714,1,2,1,0
14.291666666666666,953.0427335060034,530.6827057871967,3.1202714770244464,1,2,1,0
14.3,953.4672787063245,530.6621491187275,3.1423900000250033,1,2,1,0
14.308333333333334,952.2319034199176,529.9403695524245,3.1452030874372756,1,2,1,0
14.316666666666666,952.3579358302438,529.858580692655,3.089308720689517,1,2,1,0
14.325,952.645729985032,530.1288788125008,3.136596566227796,1,2,1,0
14.333333333333334,952.1827965746227,529.9246619352608,3.1380456048301673,1,2,1,0
14.341666666666667,951.8041210464611,529.8324141215262,3.1294977909906345,1,2,1,0
14.35,951.808771334321,529.4887248082882,3.1423375065093357,1,2,1,0
14.358333333333333,951.3148030648351,529.8703999496336,3.1853551398590483,1,2,1,0
14.366666666666667,951.5535703478674,529.0327431014697,3.112911047126648,1,2,1,0
14.375,951.1716608036102,528.7248513288326,3.1415679782462567,1,2,1,0
14.383333333333333,951.8461318136865,528.8174003109251,3.123655855527928,1,2,1,0
14.391666666666667,952.3134473752929,529.4509448910061,3.1223870024294897,1,2,1,0
14.4,951.8081401618911,529.0814917755724,3.1182222556699295,1,2,1,0
14.408333333333333,951.8247540362615,528.4581714815869,3.1496053091495564,1,2,1,0
14.416666666666666,952.5607853451631,528.580889665008,3.1085513371633433,1,2,1,0
14.425,952.6567460285621,528.2360237124975,3.1491020889489914,1,2,1,0
14.433333333333334,951.7205596606411,527.8425085873158,3.1475572645567604,1,2,1,0
14.441666666666666,951.2619787379402,527.4563431162118,3.1407681310996303,1,2,1,0
14.45,951.2938937432064,527.3675921381401,3.101330833161921,1,2,1,0
14.458333333333334,952.1701396185305,527.7902249179613,3.119363379435459,1,2,1,0
14.466666666666667,952.0313276228368,528.498034229855,3.1390915478050863,1,2,1,0
14.475,952.0854900144741,528.3417664645693,3.154725251294407,1,2,1,0
14.483333333333333,951.6855838759261,528.4435929785875,3.1416373275989327,1,2,1,0
14.491666666666667,951.4100650628314,529.5529454934563,3.1271495676718644,1,2,1,0
14.5,951.7274385358938,530.8014366361896,3.1227884264606227,1,2,1,0
14.508333333333333,951.72815293236,530.3407590411952,3.130245740859896,1,2,1,0
14.516666666666667,951.9907808150281,529.9139349815796,3.1421988880841223,1,2,1,0
14.525,951.8941119340632,529.7662204817346,3.1242588927553725,1,2,1,0
14.533333333333333,951.5328509679168,529.5562618864988,3.1502968061474443,1,2,1,0
14.541666666666666,951.7484105964145,529.710840462035,3.1437380267185913,1,2,1,0
14.55,951.1794752151523,530.4775612876869,3.1273106956656838,1,2,1,0
14.558333333333334,951.7373822413772,530.4078169508837,3.166230257022804,1,2,1,0
14.566666666666666,951.4400294846748,530.1588099396818,3.1369792250547723,1,2,1,0
14.575,951.8309403587879,531.0276104903528,3.1425250774325844,1,2,1,0
14.583333333333334,951.667609373252,530.8260173583445,3.1541293889508837,1,2,1,0
14.591666666666667,951.3148373021555,530.9196288189083,3.1704169300110503,1,2,1,0
14.6,950.9063022733721,531.1556045923847,3.1415169220541754,1,2,1,0
14.608333333333333,950.499609999152,531.4313052848953,3.164920088173064,1,2,1,0
14.616666666666667,950.6863218877545,531.0620933013158,3.120952575683233,1,2,1,0
14.625,949.9899245512605,531.3388834296945,3.171668529453919,1,2,1,0
14.633333333333333,950.737298805212,531.6541543322319,3.1611569394731505,1,2,1,0
14.641666666666667,950.4241396230725,531.779303157536,3.1345699256468675,1,2,1,0
14.65,950.9039599857228,531.1370833041361,3.181230709832732,1,2,1,0
14.658333333333333,951.1332878380102,531.0526070032654,3.1901729025626717,1,2,1,0
14.666666666666666,951.178474031605,531.2842247379402,3.1669940041823224,1,2,1,0
14.675,950.9797570440256,530.9653793579705,3.194515774701016,1,2,1,0
14.683333333333334,950.6353985496121,531.883284431226,3.1570905077649307,1,2,1,0
14.691666666666666,951.2105680098364,532.117050495061,3.156362998476589,1,2,1,0
14.7,950.8992892324571,532.2835838306078,3.151838329804935,1,2,1,0
14.708333333333334,950.9239657001801,532.8245524129452,3.1720098730906874,1,2,1,0
14.716666666666667,950.7828749350261,533.2900333311944,3.1922274724506865,1,2,1,0
14.725,951.0977892129963,533.7409444008687,3.1616039554422364,1,2,1,0
14.733333333333333,951.3048013298817,533.5620088504206,3.1610926019277072,1,2,1,0
14.741666666666667,951.3105795563745,533.8661298204507,3.122018600880923,1,2,1,0
14.75,952.138305307536,533.7109384823004,3.1581759040277366,1,2,1,0
14.758333333333333,951.6470890103855,533.3764289636752,3.1887461284523955,1,2,1,0
14.766666666666667,951.6323368274902,533.9694940765633,3.195497499867748,1,2,1,0
14.775,950.9809639126272,533.3956042906289,3.161686798075471,1,2,1,0
14.783333333333333,951.5354208989029,533.4697178293864,3.1389203751864954,1,2,1,0
14.791666666666666,952.2199912294395,534.2143675236274,3.1432099293835285,1,2,1,0
14.8,952.3824259564907,534.4456715779397,3.1559971082132687,1,2,1,0
14.808333333333334,952.2765653988027,534.4974530174344,3.1609398457040445,1,2,1,0
14.816666666666666,953.2371320493626,533.6007242433437,3.1629990884256607,1,2,1,0
14.825,952.2768745297033,533.3481661790129,3.1467030162397434,1,2,1,0
14.833333333333334,951.8513158786086,533.6497762222813,3.178253320383221,1,2,1,0
14.841666666666667,951.6167771803814,533.7817023037576,3.208632946815861,1,2,1,0
14.85,951.070710503626,533.9391162426454,3.1418084496500676,1,2,1,0
14.858333333333333,951.1801632606062,533.9947087549726,3.1750662531457814,1,2,1,0
14.866666666666667,950.892415577424,533.7564425710386,3.1651396202094597,1,2,1,0
14.875,950.8437486398074,534.3434943073773,3.1792198835484338,1,2,1,0
14.883333333333333,949.9031413891058,534.3450434117548,3.21134016909494,1,2,1,0
14.891666666666667,949.6675807614303,535.2002887219187,3.1977963523290756,1,2,1,0
14.9,949.4941099674543,536.4534746844279,3.1996351876487834,1,2,1,0
14.908333333333333,949.1121135717585,536.5868494069018,3.158699207168083,1,2,1,0
14.916666666666666,948.7682290468113,537.3471159690555,3.1960802217133333,1,2,1,0
14.925,948.9074753417767,537.093338571124,3.1714456521515673,1,2,1,0
14.933333333333334,948.9229850276628,537.0537787745693,3.1928926068726295,1,2,1,0
14.941666666666666,948.8283899961873,537.0487098805517,3.2157760517454497,1,2,1,0
14.95,948.8552088694925,536.594563749943,3.23049498804553,1,2,1,0
14.958333333333334,948.9890910012371,536.9581909165017,3.1967968029619205,1,2,1,0
14.966666666666667,949.4163711804151,537.6502916652533,3.2292273118533656,1,2,1,0
14.975,949.7255304772551,536.804627644708,3.1875861573203386,1,2,1,0
14.983333333333333,949.6423342264148,536.8461594850226,3.214486681832858,1,2,1,0
14.991666666666667,948.2358088733786,537.1978157105257,3.203905789872189,1,2,1,0
15.0,948.0317902966517,535.8319220580519,3.194273189720004,1,2,1,0
15.008333333333333,948.0689604338113,536.1354526108104,3.1816532879537704,1,2,1,0
15.016666666666667,947.845385642136,535.7930586722141,3.23568899151946,1,2,1,0
15.025,948.3611965706515,534.9429837928604,3.2053446824823073,1,2,1,0
15.033333333333333,948.2876234543073,534.6675102544907,3.2200900377475334,1,2,1,0
15.041666666666666,948.0293837850921,533.7607628335346,3.186044631830642,1,2,1,0
15.05,948.3553450738168,533.6255383588241,3.1874404088528836,1,2,1,0
15.058333333333334,947.3533862486332,532.9110662129325,3.2271809458145704,1,2,1,0
15.066666666666666,947.2700069850861,533.3361536419,3.204371463625617,1,2,1,0
15.075,947.7443533970213,533.3120664680687,3.2365651719075763,1,2,1,0
15.083333333333334,947.4912114179394,533.1964459647742,3.175678572014513,1,2,1,0
15.091666666666667,947.0826960082886,533.4975566579507,3.2113215598221436,1,2,1,0
15.1,947.2009464707158,533.6820061664624,3.1931721703475526,1,2,1,0
15.108333333333333,946.7502768015513,534.3504453043796,3.1926263827589083,1,2,1,0
15.116666666666667,946.2048484192472,534.396451967392,3.2579715302855075,1,2,1,0
15.125,944.9303413316791,534.7432921886542,3.218364672977513,1,2,1,0
15.133333333333333,944.0114514615188,534.6335205665308,3.2381898230574926,1,2,1,0
15.141666666666667,944.1796314205882,534.1746649797141,3.2254228919593637,1,2,1,0
15.15,944.574936793673,534.271843394054,3.2351997143997386,1,2,1,0
15.158333333333333,944.8169841204991,534.6241064427493,3.2678896557142596,1,2,1,0
15.166666666666666,944.6132062277303,534.4694172502982,3.2576823303706735,1,2,1,0
15.175,946.076401610142,534.3123105419977,3.2342947692797908,1,2,1,0
15.183333333333334,945.9685275430255,534.6948308206103,3.2069599572739382,1,2,1,0
15.191666666666666,945.7328843891942,535.1433098911548,3.2144915976593307,1,2,1,0
15.2,945.6695546235902,534.4655234842362,3.2028818036575375,1,2,1,0
15.208333333333334,945.9535649619095,534.1643042360304,3.2066705443698633,1,2,1,0
15.216666666666667,945.2973522033047,533.7433908202943,3.2167292271171366,1,2,1,0
15.225,945.2663542956557,533.3968061225736,3.239420583752624,1,2,1,0
15.233333333333333,945.4190166488136,532.8335519000179,3.2547692238907886,1,2,1,0
15.241666666666667,944.7407775200279,532.882300617898,3.2293169271418565,1,2,1,0
15.25,945.1619183206466,533.8348530930241,3.243818026173186,1,2,1,0
15.258333333333333,944.7757086619912,533.7625319322455,3.2380422526228463,1,2,1,0
15.266666666666667,944.8961187883475,534.0128885009862,3.222027084646089,1,2,1,0
15.275,944.6001567690663,534.4814217135022,3.2022298157999236,1,2,1,0
15.283333333333333,945.4365281238331,534.1682730518319,3.251008366881432,1,2,1,0
15.291666666666666,946.1263018555651,533.9538305929226,3.2405193350744486,1,2,1,0
15.3,945.6051501041679,534.5456875854014,3.2504365057912596,1,2,1,0
15.308333333333334,945.7974848885309,534.2553631660417,3.2542289188795968,1,2,1,0
15.316666666666666,945.6452280721595,534.4527432417667,3.2427258971770616,1,2,1,0
15.325,945.3377442302709,534.5213137987865,3.2564367499595614,1,2,1,0
15.333333333333334,944.9015881862161,533.963167889252,3.2445622232164393,1,2,1,0
15.341666666666667,945.3624954859259,533.9033751457616,3.244238070189825,1,2,1,0
15.35,944.7197627111324,533.4725963026898,3.267516935446799,1,2,1,0
15.358333333333333,945.5143785013659,533.9433307402301,3.252017576257387,1,2,1,0
15.366666666666667,945.2809720788163,533.7342384900074,3.203614237564841,1,2,1,0
15.375,945.3966287866855,533.5282864304418,3.225822847976774,1,2,1,0
15.383333333333333,945.4245830100333,533.2971389759457,3.254572262390282,1,2,1,0
15.391666666666667,945.5054645991388,532.3382767600041,3.2226832138902317,1,2,1,0
15.4,945.7819015891605,532.1087926833902,3.229620158588579,1,2,1,0
15.408333333333333,945.9716497693245,531.9145619876709,3.2555249479078108,1,2,1,0
15.416666666666666,946.2368935688422,531.790357998413,3.22096012205867,1,2,1,0
15.425,946.6041104992405,531.524837117389,3.251243889015961,1,2,1,0
15.433333333333334,946.8216265046416,530.846880873534,3.307632339482694,1,2,1,0
15.441666666666666,946.6872823539392,530.8445805321317,3.22787582508513,1,2,1,0
15.45,947.061139938388,529.8127878883455,3.217196189848641,1,2,1,0
15.458333333333334,946.3018849834616,530.2958861128027,3.2209445532675733,1,2,1,0
15.466666666666667,946.291955327471,530.4067905706363,3.2762775798357278,1,2,1,0
15.475,945.8427634778976,530.6194909065341,3.239157619761499,1,2,1,0
15.483333333333333,945.7990332247657,531.3837976454415,3.2066625681545715,1,2,1,0
15.491666666666667,945.9819259376106,531.3082230886108,3.252317872460307,1,2,1,0
15.5,946.3530727866354,530.8490132365337,3.2285919589313314,1,2,1,0
15.508333333333333,946.1931479040265,530.9270886485339,3.2859763922071705,1,2,1,0
15.516666666666667,945.9073949008572,530.9656976634776,3.275663445388688,1,2,1,0
15.525,946.1187717180803,530.5108469275506,3.25788887572393,1,2,1,0
15.533333333333333,946.4663750000623,530.4794359629547,3.250161097392803,1,2,1,0
15.541666666666666,946.1161858720079,531.6275225915826,3.302993236461609,1,2,1,0
15.55,945.9302287259037,531.0878467240735,3.260237114273373,1,2,1,0
15.558333333333334,946.1710076498001,532.243223912054,3.2868641089827864,1,2,1,0
15.566666666666666,945.5352898942266,532.0555170680395,3.263948113235787,1,2,1,0
15.575,946.3848325194912,532.1879725160863,3.2798284328323914,1,2,1,0
15.583333333333334,946.0138015540424,532.1002686744459,3.2747971905446933,1,2,1,0
15.591666666666667,946.339166872232,531.5280467096301,3.2417266220616474,1,2,1,0
15.6,946.6391878935821,531.2564329431098,3.2230589897786492,1,2,1,0
15.608333333333333,946.7986930736424,531.2656852839635,3.2971766863228034,1,2,1,0
15.616666666666667,946.8481884869897,530.6257707800131,3.2593518401187844,1,2,1,0
15.625,947.3769538591966,530.9180552704572,3.2613065245735218,1,2,1,0
15.633333333333333,947.4256007740532,531.803876331503,3.2810213875552385,1,2,1,0
15.641666666666667,948.2546730231272,531.1669997949095,3.294246861939711,1,2,1,0
15.65,948.6651054862864,531.152003860073,3.300983252788628,1,2,1,0
15.658333333333333,948.4313795774779,531.2957942143505,3.29195851755612,1,2,1,0
15.666666666666666,948.5389555686336,531.8850548387546,3.2435732059391422,1,2,1,0
15.675,948.640077126318,532.689612641527,3.2574829552872417,1,2,1,0
15.683333333333334,948.5850619953856,532.1188686699877,3.2707727719169837,1,2,1,0
15.691666666666666,948.4795588984869,531.4312967014372,3.265888218408394,1,2,1,0
15.7,948.2149326671605,532.2257455526772,3.3077185159281393,1,2,1,0
15.708333333333334,948.008290264343,532.693334712342,3.297817461602179,1,2,1,0
15.716666666666667,947.8107345142439,532.2175025793127,3.271890769115396,1,2,1,0
15.725,947.7237800398393,531.5806528915047,3.2882874146385155,1,2,1,0
15.733333333333333,947.0743706669991,531.6446224941252,3.2995155003867263,1,2,1,0
15.741666666666667,947.6509193567928,531.7204655227986,3.2767058488453586,1,2,1,0
15.75,947.0295902433938,531.7284010031782,3.3188492480075635,1,2,1,0
15.758333333333333,947.7168185058666,531.7599416492285,3.294066750243884,1,2,1,0
15.766666666666667,947.8225106205333,531.4159579532674,3.2683102108785698,1,2,1,0
15.775,947.9675780184604,531.5341971182447,3.259491676245783,1,2,1,0
15.783333333333333,947.5174260518095,531.4059790706918,3.271636134980638,1,2,1,0
15.791666666666666,947.5027522661485,531.8030945401731,3.290401440863046,1,2,1,0
15.8,947.5637743660035,530.8272584831982,3.3077759768428097,1,2,1,0
15.808333333333334,949.5352334884305,530.8519349449786,3.295096768972107,1,2,1,0
15.816666666666666,949.052640559074,531.8110705089887,3.2575774197518075,1,2,1,0
15.825,949.6584460599178,531.7921866528478,3.302449683902137,1,2,1,0
15.833333333333334,949.2217225527368,532.0884834219697,3.3018270180328955,1,2,1,0
15.841666666666667,949.2449526928882,532.3876382428566,3.2594042366014473,1,2,1,0
15.85,949.8994020254969,531.8552772170661,3.2994517797997442,1,2,1,0
15.858333333333333,950.6296157007743,532.467876565646,3.2916087616253744,1,2,1,0
15.866666666666667,951.2225856628888,531.6168931224271,3.301548960090032,1,2,1,0
15.875,950.7113404779182,531.8852135300789,3.29152729367325,1,2,1,0
15.883333333333333,950.0298238930892,532.3248327571953,3.2850589647523396,1,2,1,0
15.891666666666667,949.7667867219195,532.9804179151996,3.307633498680769,1,2,1,0
15.9,949.3839817684726,533.5326461428969,3.3113210406910016,1,2,1,0
15.908333333333333,949.555233014205,533.7836955662937,3.2709430024500574,1,2,1,0
15.916666666666666,949.1309209029139,534.3630357488851,3.2874289687108953,1,2,1,0
15.925,949.523358312273,533.3823641876642,3.2860454307117415,1,2,1,0
15.933333333333334,949.6613219112098,532.6661402143101,3.235133953505451,1,2,1,0
15.941666666666666,949.7733180670139,533.1295816111493,3.293992546648364,1,2,1,0
15.95,950.4046536705982,532.8496450739788,3.285332104943384,1,2,1,0
15.958333333333334,951.2393148930154,533.9999085683809,3.347398809553562,1,2,1,0
15.966666666666667,951.4178217179741,534.5788473061607,3.2777473948574327,1,2,1,0
15.975,951.9033663718292,534.9927603522791,3.279636993929474,1,2,1,0
15.983333333333333,951.2206773421808,534.4594566268242,3.2678961150999655,1,2,1,0
15.991666666666667,951.4416330995292,535.0525323215326,3.281882847225847,1,2,1,0
16.0,950.4117641581422,535.1973912580465,3.2842922080878565,1,2,1,0
16.008333333333333,949.8207146210102,534.9349376796737,3.314900651721551,1,2,1,0
16.016666666666666,949.8884824744264,534.3404254190175,3.328400971473466,1,2,1,0
16.025,949.3661851888559,533.9818976505967,3.2967862296362087,1,2,1,0
16.033333333333335,949.5875254776897,534.2561266431618,3.2823969737523235,1,2,1,0
16.041666666666668,,,,0,2,1,0
16.05,,,,0,2,1,0
16.058333333333334,,,,0,2,1,0
16.066666666666666,,,,0,2,1,0
16.075,,,,0,2,1,0
16.083333333333332,,,,0,2,1,0
16.091666666666665,,,,0,2,1,0
16.1,,,,0,2,1,0
16.108333333333334,,,,0,2,1,0
16.116666666666667,,,,0,2,1,0
16.125,949.8124445599591,534.9574708781765,3.279266825058009,1,2,1,0
16.133333333333333,949.1805608966836,534.6767530967686,3.3056920594662453,1,2,1,0
16.141666666666666,949.0950655605353,534.6403121077478,3.305495236420496,1,2,1,0
16.15,948.3805027957848,535.1343004914922,3.28305414793808,1,2,1,0
16.158333333333335,948.2359117566739,534.5821178454388,3.3240513556006377,1,2,1,0
16.166666666666668,948.1709727369158,534.4014457866369,3.2789823509309315,1,2,1,0
16.175,948.3789248196011,535.2828711768029,3.2770628238522863,1,2,1,0
16.183333333333334,947.8475164698608,536.3289820139606,3.2991193881477585,1,2,1,0
16.191666666666666,948.0648891979347,536.0149604887667,3.316248924801013,1,2,1,0
16.2,948.9902655023675,536.2819634734149,3.3213249196360177,1,2,1,0
16.208333333333332,949.455227095073,535.9581804693821,3.3102094341392614,1,2,1,0
16.216666666666665,949.7547639883496,535.921944471516,3.3210158729926142,1,2,1,0
16.225,950.4225270330277,536.6817721644658,3.2989221374371054,1,2,1,0
16.233333333333334,950.3534318316912,535.8883786686597,3.291073202726701,1,2,1,0
16.241666666666667,950.7635556967542,535.8427064897074,3.315574746136147,1,2,1,0
16.25,950.9751754686032,535.8271742477099,3.3524004100150457,1,2,1,0
16.258333333333333,950.7029445067436,536.2438788176903,3.3372273184713546,1,2,1,0
16.266666666666666,950.7105989335467,536.5871163554998,3.2980937176274936,1,2,1,0
16.275,950.8336216340626,536.5009541916049,3.3201019856203984,1,2,1,0
16.283333333333335,951.6921350884053,536.9659934633252,3.294903872976728,1,2,1,0
16.291666666666668,950.680496793706,536.4813552155148,3.304138033610214,1,2,1,0
16.3,950.6645925453969,536.387159545271,3.3629921843333634,1,2,1,0
16.308333333333334,951.0311594319713,536.6231746431774,3.3261387547498247,1,2,1,0
16.316666666666666,950.5049271578628,537.0758102961412,3.3536919585292018,1,2,1,0
16.325,950.2772003809428,536.3689354872566,3.318369067269269,1,2,1,0
16.333333333333332,949.7396198184352,536.00857283933,3.343214840372736,1,2,1,0
16.341666666666665,949.9098228034308,536.7014889853759,3.3196373399100425,1,2,1,0
16.35,950.7986112417773,536.7064548633708,3.353275313520957,1,2,1,0
16.358333333333334,950.4213070649901,536.0205955005398,3.3394353506407626,1,2,1,0
16.366666666666667,1461.5975607952832,504.6620576778532,3.318960472554848,1,2,1,0
16.375,1462.1559411875376,504.4443076835769,3.3262375699759077,1,2,1,0
16.383333333333333,951.295315704574,536.0444819496819,3.303461009067818,1,2,1,0
16.391666666666666,951.0224074514142,535.2900136622238,3.3406182110925218,1,2,1,0
16.4,951.3834914552268,535.820535869818,3.3540182699195054,1,2,1,0
16.408333333333335,950.7548959982556,534.6268155926763,3.364933946947724,1,2,1,0
16.416666666666668,951.0975108910746,534.7432373083035,3.3378327644144963,1,2,1,0
16.425,950.297089867311,534.1316874361154,3.3659130113174944,1,2,1,0
16.433333333333334,950.4855612860878,534.3817717654123,3.345102537184136,1,2,1,0
16.441666666666666,950.5946739637523,534.6346196834152,3.325681317684428,1,2,1,0
16.45,950.3857662633438,534.8138930906111,3.350540454633979,1,2,1,0
16.458333333333332,950.8901401293713,534.9008256484562,3.351481728293011,1,2,1,0
16.466666666666665,950.2692968920757,534.2227460354078,3.308346351396122,1,2,1,0
16.475,949.992875318739,534.2935513375088,3.3560722673020953,1,2,1,0
16.483333333333334,950.2727467212542,534.2074024640301,3.3413834220282133,1,2,1,0
16.491666666666667,950.6833853364885,533.54442297264,3.3390856582141644,1,2,1,0
16.5,951.2737307194795,533.786728523272,3.3277195199824634,1,2,1,0
16.508333333333333,951.2100327858087,533.974691825806,3.338816498538385,1,2,1,0
16.516666666666666,951.0419546386428,534.1924793320343,3.3387993221452836,1,2,1,0
16.525,950.0593504111209,534.1285320408572,3.3481321676586444,1,2,1,0
16.533333333333335,950.3150731945776,533.825830327072,3.3270131992668315,1,2,1,0
16.541666666666668,950.6510707592457,534.0155154388451,3.315465459269372,1,2,1,0
16.55,950.4952988797152,534.5237809607053,3.3167613651281664,1,2,1,0
16.558333333333334,951.417407871561,534.649915713116,3.32913674344341,1,2,1,0
16.566666666666666,951.7669393774811,535.5291127001638,3.3214065024467287,1,2,1,0
16.575,951.4673179060646,536.2424130015029,3.332355687821045,1,2,1,0
16.583333333333332,951.4327290038293,536.0923433686145,3.2864004245964713,1,2,1,0
16.591666666666665,950.9327391527023,535.6452933204575,3.330375949880347,1,2,1,0
16.6,950.7280664979309,535.3200525411984,3.309850167528116,1,2,1,0
16.608333333333334,951.5000712062498,535.044810790757,3.315103691419537,1,2,1,0
16.616666666666667,951.4506439012321,534.6179356922017,3.316630055754493,1,2,1,0
16.625,951.1632951931175,534.2081542539505,3.3298534086945875,1,2,1,0
16.633333333333333,951.6183744532796,534.562030677564,3.315610536822084,1,2,1,0
16.641666666666666,952.7560288640685,534.7657146104475,3.2819323432607868,1,2,1,0
16.65,952.8846987860895,534.84489291365,3.3155868013298706,1,2,1,0
16.658333333333335,953.3406940463183,534.3283376357089,3.2954090119547246,1,2,1,0
16.666666666666668,952.8065624068058,534.2217826802652,3.2877298677869233,1,2,1,0
16.675,953.1584313389449,534.6923940057586,3.282744709976713,1,2,1,0
16.683333333333334,953.0767577177833,534.8305794329177,3.276610277910534,1,2,1,0
16.691666666666666,952.4160910672352,533.6229899781575,3.257608303525608,1,2,1,0
16.7,952.0131939442606,533.7076294246355,3.29652089851631,1,2,1,0
16.708333333333332,951.5313897564009,533.0696229680448,3.268969349409098,1,2,1,0
16.716666666666665,951.6476992479545,533.8065554982546,3.2579803986904445,1,2,1,0
16.725,952.1196687635056,533.4294706991134,3.2651608671698993,1,2,1,0
16.733333333333334,418.67213304032305,599.574800748117,3.271398924089216,1,2,1,0
16.741666666666667,418.75725450697496,598.8508390742311,3.290378379489852,1,2,1,0
16.75,951.065127848323,532.1807680890087,3.273379588232934,1,2,1,0
16.758333333333333,950.773746001818,532.2366086574674,3.31287051281526,1,2,1,0
16.766666666666666,951.4391835086092,532.3451393955786,3.291860287618801,1,2,1,0
16.775,951.337824792652,532.6203633945487,3.2404489971235417,1,2,1,0
16.783333333333335,951.6531449796663,532.5296491532408,3.2717343683485307,1,2,1,0
16.791666666666668,952.3981201039799,532.4475307320816,3.277407200228735,1,2,1,0
16.8,951.5241063177627,532.6944757569304,3.271490588579118,1,2,1,0
16.808333333333334,951.4423656436749,531.9702107040501,3.254251171991942,1,2,1,0
16.816666666666666,951.5140724832161,532.1164395786909,3.2639735169187123,1,2,1,0
16.825,950.8108735350803,532.4082612603215,3.2923627353982323,1,2,1,0
16.833333333333332,951.0114955820253,531.5622451953446,3.2909008467952647,1,2,1,0
16.841666666666665,950.2958735837548,531.5592907649448,3.2490126019267636,1,2,1,0
16.85,951.2228406847865,532.3526301654762,3.294965497985258,1,2,1,0
16.858333333333334,951.475801101717,532.3896245211305,3.239673911095248,1,2,1,0
16.866666666666667,952.0650777375965,531.4296937528918,3.2666041703228204,1,2,1,0
16.875,952.3038146557709,531.1250118118809,3.286514954769352,1,2,1,0
16.883333333333333,952.888724598758,530.9203993976113,3.2685199497478767,1,2,1,0
16.891666666666666,952.5793616978928,531.1498081755249,3.2686052471041305,1,2,1,0
16.9,952.4081470884204,530.7722397017993,3.2876170144296704,1,2,1,0
16.908333333333335,953.0255638071332,530.8849040510523,3.2625636012941146,1,2,1,0
16.916666666666668,953.6382875436648,531.5310777145247,3.3129544325504914,1,2,1,0
16.925,953.0727221258779,531.7361976052163,3.2530621906070776,1,2,1,0
16.933333333333334,952.9480074801213,531.3089710545797,3.2352639270592167,1,2,1,0
16.941666666666666,953.0248973845871,531.9265621922582,3.248553967905304,1,2,1,0
16.95,953.4234036363442,532.7416134344816,3.2626811644924603,1,2,1,0
16.958333333333332,953.6191282588723,533.0333829943224,3.252962031734116,1,2,1,0
16.966666666666665,954.3861878488299,532.0911401924919,3.242761770715282,1,2,1,0
16.975,954.4666551876163,531.4693029440447,3.32863905885263,1,2,1,0
16.983333333333334,954.6847884546348,531.3607400818685,3.2641170507885895,1,2,1,0
16.991666666666667,953.7943910515894,530.8583890259433,3.2494113657599693,1,2,1,0
17.0,,,,0,2,1,0
17.008333333333333,,,,0,2,1,0
17.016666666666666,,,,0,2,1,0
17.025,,,,0,2,1,0
17.033333333333335,,,,0,2,1,0
17.041666666666668,,,,0,2,1,0
17.05,,,,0,2,1,0
17.058333333333334,,,,0,2,1,0
17.066666666666666,,,,0,2,1,0
17.075,,,,0,2,1,0
17.083333333333332,,,,0,2,1,0
17.091666666666665,,,,0,2,1,0
17.1,,,,0,2,1,0
17.108333333333334,,,,0,2,1,0
17.116666666666667,,,,0,2,1,0
17.125,,,,0,2,1,0
17.133333333333333,952.0612488090264,529.1261848742809,3.27853229906215,1,2,1,0
17.141666666666666,951.7366265331541,529.2323765479995,3.2334828769363124,1,2,1,0
17.15,951.5486131669094,528.9300646563378,3.2302494818825926,1,2,1,0
17.158333333333335,951.204945333359,528.4641657368716,3.2252363515526703,1,2,1,0
17.166666666666668,950.5278362995352,528.6684935592618,3.2472852097984513,1,2,1,0
17.175,950.4705370589862,528.4353168462627,3.250053411489535,1,2,1,0
17.183333333333334,950.3455146709249,528.8105477220154,3.256742053412091,1,2,1,0
17.191666666666666,949.8347147874307,528.8925070912912,3.214283208024527,1,2,1,0
17.2,949.9498145247179,529.0351219807775,3.246052857134937,1,2,1,0
17.208333333333332,948.7087794957439,529.4924435292113,3.258324714236262,1,2,1,0
17.216666666666665,948.8173516717354,529.7583178146597,3.2340613376517124,1,2,1,0
17.225,948.8778639434967,529.7619759123845,3.203715400073069,1,2,1,0
17.233333333333334,948.6065185496612,530.399847617843,3.1956409322354413,1,2,1,0
17.241666666666667,948.2225565945836,529.9273002796397,3.205020403433307,1,2,1,0
17.25,947.6642280041608,530.0220906761865,3.206284863593036,1,2,1,0
17.258333333333333,947.7282154208144,530.5092022224118,3.266533241568538,1,2,1,0
17.266666666666666,947.379363815689,530.5600421212845,3.2450351432091344,1,2,1,0
17.275,947.6380355599092,530.4553141873272,3.22652919956957,1,2,1,0
17.283333333333335,947.7599221398712,530.3225060763273,3.236491444010564,1,2,1,0
17.291666666666668,947.2048062434726,529.683341766901,3.2333499599150226,1,2,1,0
17.3,946.1128129684184,529.2572266337571,3.226263059815226,1,2,1,0
17.308333333333334,946.001527227198,529.1269357671913,3.245954553335987,1,2,1,0
17.316666666666666,946.5123835295212,529.2887939701363,3.1958108849886133,1,2,1,0
17.325,946.6564027111593,529.048015592775,3.1892672643808297,1,2,1,0
17.333333333333332,947.2111817246266,529.3919366032451,3.189758956870805,1,2,1,0
17.341666666666665,947.4125165119492,529.73663373429,3.217211389532646,1,2,1,0
17.35,947.7727626850923,529.6607640435776,3.213553496816912,1,2,1,0
17.358333333333334,948.7494214379653,528.853388806102,3.1951523494249505,1,2,1,0
17.366666666666667,947.9876230281759,529.0332903155723,3.2776044730362384,1,2,1,0
17.375,948.1662740920602,528.754247509219,3.2392018839841894,1,2,1,0
17.383333333333333,948.6367688650283,528.2469821148877,3.241469228314214,1,2,1,0
17.391666666666666,948.2216273345427,528.7384770732167,3.215802548616186,1,2,1,0
17.4,947.6959450707259,529.623547412378,3.2453956106956348,1,2,1,0
17.408333333333335,947.3947014151781,529.1983742480702,3.173199054852261,1,2,1,0
17.416666666666668,947.224166671705,528.8709900424066,3.214777247549973,1,2,1,0
17.425,948.3976677273356,527.9263069210855,3.2028605284063816,1,2,1,0
17.433333333333334,948.9754485610066,528.0229675514479,3.2095961469838015,1,2,1,0
17.441666666666666,949.2982847957941,528.1294769906939,3.212887194829113,1,2,1,0
17.45,948.1126254474084,528.0104103184776,3.224223495209371,1,2,1,0
17.458333333333332,946.9454918753416,528.2788134550536,3.19734371890641,1,2,1,0
17.466666666666665,945.8033225597507,528.1495334821495,3.1806211354125415,1,2,1,0
17.475,946.1175331969175,527.3408104542445,3.1773503903186713,1,2,1,0
17.483333333333334,945.6430880978711,527.0687819968689,3.218914061892807,1,2,1,0
17.491666666666667,945.367967951014,527.6644852662246,3.188863451642916,1,2,1,0
17.5,945.4878846765109,528.0703806288974,3.1840687404363575,1,2,1,0
17.508333333333333,945.3970359682227,528.382649152677,3.199842056201086,1,2,1,0
17.516666666666666,945.4938711973206,528.1041742986486,3.236801589134551,1,2,1,0
17.525,945.1008018290883,527.8156633056054,3.194181780448674,1,2,1,0
17.533333333333335,945.3024233592165,528.4915506445591,3.2085830957723727,1,2,1,0
17.541666666666668,755.3241998518947,286.47768187981626,3.1830944323359667,1,2,1,0
17.55,755.5279929362637,285.9549386941218,3.1750096366434364,1,2,1,0
17.558333333333334,946.2916686464088,529.3394314506093,3.2189359350601956,1,2,1,0
17.566666666666666,946.8061656270767,529.2498238415008,3.1872684965053146,1,2,1,0
17.575,946.8530952706443,528.7643783209384,3.1605081570358493,1,2,1,0
17.583333333333332,947.2185631758875,528.179865747496,3.1971189669410847,1,2,1,0
17.591666666666665,946.9177498786689,528.0400882371109,3.1762153394666317,1,2,1,0
17.6,947.1039878419298,527.0189937489837,3.1939682414177777,1,2,1,0
17.608333333333334,947.5101157856816,526.9636568891103,3.1630126395156783,1,2,1,0
17.616666666666667,948.0630442780849,528.3322942902948,3.1800268182413816,1,2,1,0
17.625,948.304602793169,528.9228258953365,3.1623880419055412,1,2,1,0
17.633333333333333,948.1411875470098,529.2510996402225,3.221483421648271,1,2,1,0
17.641666666666666,948.2710067156659,528.8862276784946,3.1654344656168076,1,2,1,0
17.65,948.1402902460877,529.6379251886582,3.1471352702313387,1,2,1,0
17.658333333333335,948.3270946451314,528.4949559411003,3.1948427236265013,1,2,1,0
17.666666666666668,948.3380390465195,528.5507478942533,3.1722778891427064,1,2,1,0
17.675,947.7266027077841,529.2258468222218,3.1882677825796764,1,2,1,0
17.683333333333334,947.7357189857046,529.4750665260646,3.138724957256914,1,2,1,0
17.691666666666666,948.2686870433646,528.6200665874665,3.1876192144829063,1,2,1,0
17.7,947.6192069720689,528.3593297393907,3.202504153438141,1,2,1,0
17.708333333333332,947.7056322983622,529.0339501400799,3.180909140637168,1,2,1,0
17.716666666666665,947.4354551291124,529.3236118268833,3.190195255986308,1,2,1,0
17.725,947.150322373535,529.7472302641258,3.169261800527521,1,2,1,0
17.733333333333334,947.8769325017175,529.7338656745732,3.2084454747590856,1,2,1,0
17.741666666666667,948.37568857928,529.9336684181986,3.1862104248037015,1,2,1,0
17.75,947.8746281019729,529.8178213078727,3.143815135945802,1,2,1,0
17.758333333333333,948.5678677737906,529.6242929227226,3.1571130163681955,1,2,1,0
17.766666666666666,949.1749654963677,529.7776640587601,3.1790033120176755,1,2,1,0
17.775,949.984639887205,529.8481162798495,3.162905089476028,1,2,1,0
17.783333333333335,950.3704920467695,529.6804104025391,3.175132343821524,1,2,1,0
17.791666666666668,950.8205175833409,529.418369265002,3.1835084086085486,1,2,1,0
17.8,950.1246761912726,530.2300080410535,3.1783779654944846,1,2,1,0
17.808333333333334,950.6327251581439,530.3208266408453,3.151000419498788,1,2,1,0
17.816666666666666,950.5294610814557,530.5622726777173,3.1855593103269717,1,2,1,0
17.825,950.5446776509973,530.2995328097876,3.1735206197312698,1,2,1,0
17.833333333333332,950.0015560201816,530.2797676877503,3.1327422196050865,1,2,1,0
17.841666666666665,949.7380359137825,530.4228794936854,3.167687206814345,1,2,1,0
17.85,949.8605234792249,530.433864466352,3.17233659949331,1,2,1,0
17.858333333333334,948.8631530612702,530.7338105206868,3.137239408374619,1,2,1,0
17.866666666666667,948.5565489506262,530.8929881846555,3.1421634251977544,1,2,1,0
17.875,949.398721942815,531.1694251084269,3.1568659329943465,1,2,1,0
17.883333333333333,949.0981370863068,531.1114245356664,3.138064776258292,1,2,1,0
17.891666666666666,948.8842288939705,530.6800675342821,3.16891109199662,1,2,1,0
17.9,949.1329220875626,530.9498940538016,3.161330812881338,1,2,1,0
17.908333333333335,948.9171647938543,530.5647370824537,3.1408726728539027,1,2,1,0
17.916666666666668,948.6082870525902,530.7294827587788,3.139584660671701,1,2,1,0
17.925,948.3565525356277,530.9643705254424,3.140472786095668,1,2,1,0
17.933333333333334,947.3232037602919,530.570073215433,3.1200834097671875,1,2,1,0
17.941666666666666,947.2130265581977,529.9751150854048,3.1387197927237995,1,2,1,0
17.95,947.7182264925611,530.2293025310931,3.1240726827754193,1,2,1,0
17.958333333333332,947.1650022118113,529.185404350053,3.1526351470235765,1,2,1,0
17.966666666666665,947.3445239362233,529.8352252668532,3.1278069568494664,1,2,1,0
17.975,948.0379383624331,529.6566715102797,3.1432206445020996,1,2,1,0
17.983333333333334,947.523125925624,529.8236827562508,3.119529771554768,1,2,1,0
17.991666666666667,947.4721360111756,530.9533936474152,3.122572957455058,1,2,1,0
18.0,947.3265246541959,530.6906858474622,3.151248429245907,1,2,1,0
18.008333333333333,947.950675102093,530.5392566483981,3.118430513949087,1,2,1,0
18.016666666666666,947.419198384958,530.0372574850865,3.1529169430965336,1,2,1,0
18.025,947.5833632835738,530.0445855600778,3.1876826076762828,1,2,1,0
18.033333333333335,948.1103010033372,530.9987627068161,3.139701312089459,1,2,1,0
18.041666666666668,946.8910518668308,530.8334851074552,3.115353136750062,1,2,1,0
18.05,946.7062822266436,529.7764320374494,3.1270729621835147,1,2,1,0
18.058333333333334,947.4056736940437,530.2557705521458,3.158153320575496,1,2,1,0
18.066666666666666,947.8809373813525,531.0212951007863,3.133016113022829,1,2,1,0
18.075,947.7624546939487,530.8287472738278,3.1196127350755445,1,2,1,0
18.083333333333332,947.7003160108393,530.0304805535404,3.1173741435627678,1,2,1,0
18.091666666666665,946.9835517424694,530.2969996123751,3.0956569970684167,1,2,1,0
18.1,946.5913705930309,530.5013118767105,3.1414043084785424,1,2,1,0
18.108333333333334,947.089496310506,530.7539907672978,3.0852189801197025,1,2,1,0
18.116666666666667,947.3634492741567,531.056522553456,3.135817524675522,1,2,1,0
18.125,947.7246212583308,531.2918861799691,3.1555298095467683,1,2,1,0
18.133333333333333,947.7981179136777,531.2148417196241,3.1587665340606894,1,2,1,0
18.141666666666666,948.5813874116304,531.8826330046599,3.162219324522162,1,2,1,0
18.15,948.9821956900876,532.958952492014,3.1002927764438577,1,2,1,0
18.158333333333335,948.6726029552893,532.4444005095739,3.116182427582451,1,2,1,0
18.166666666666668,948.5324029531066,531.8245981294477,3.0978495959908487,1,2,1,0
18.175,948.1653487611836,531.8170466023562,3.1112732227294786,1,2,1,0
18.183333333333334,948.073519913021,531.3945426427152,3.133859771031765,1,2,1,0
18.191666666666666,948.3626667143055,532.7315459398249,3.1322314480875915,1,2,1,0
18.2,948.2227541989416,532.4697523307158,3.115210623304027,1,2,1,0
18.208333333333332,947.9114009359974,532.1458025362281,3.1104825546160133,1,2,1,0
18.216666666666665,947.1316151996309,532.2139000277406,3.149619220684962,1,2,1,0
18.225,947.2754589522788,531.8283882079041,3.1197542107391802,1,2,1,0
18.233333333333334,946.9052233417782,532.2623071131793,3.1484451979349113,1,2,1,0
18.241666666666667,947.6026812226421,532.2370660318468,3.1102254683339763,1,2,1,0
18.25,947.8836214870335,532.0764494452654,3.1357483876953602,1,2,1,0
18.258333333333333,947.2172064025896,532.967670668155,3.0961452276440147,1,2,1,0
18.266666666666666,947.6206177883322,533.6337140793134,3.1110413881866705,1,2,1,0
18.275,947.2690014552688,534.039811587063,3.1226210834847485,1,2,1,0
18.283333333333335,947.8225193320601,533.7286079749018,3.101003599379525,1,2,1,0
18.291666666666668,948.7654578442229,534.3001884476072,3.1104052734671805,1,2,1,0
18.3,949.4561775448688,535.0515770463035,3.086719741531012,1,2,1,0
18.308333333333334,949.5092437707785,534.8381896465347,3.076403414129441,1,2,1,0
18.316666666666666,948.9086890803843,535.5320724749427,3.1392983896503215,1,2,1,0
18.325,948.7857678117269,536.0548736891112,3.0917060903966664,1,2,1,0
18.333333333333332,949.7390467112128,536.1560941863909,3.109198155959163,1,2,1,0
18.341666666666665,949.7047245333113,536.9280188269018,3.088210437697795,1,2,1,0
18.35,948.9237914197225,536.7403920553725,3.1151291515533948,1,2,1,0
18.358333333333334,948.3649938476156,536.1221165942117,3.1240417691410394,1,2,1,0
18.366666666666667,947.935981170724,536.6047481350548,3.1208225722178344,1,2,1,0
18.375,948.5141298149247,536.3982716874073,3.066645778071643,1,2,1,0
18.383333333333333,948.2556393130887,536.8214281323939,3.12958426657742,1,2,1,0
18.391666666666666,948.6770836640886,536.912204375152,3.138249156722259,1,2,1,0
18.4,948.5740379181603,536.5427419288757,3.100724876718032,1,2,1,0
18.408333333333335,949.0177783883023,536.3380922814767,3.1199729077880005,1,2,1,0
18.416666666666668,948.546000437113,536.0691293109933,3.0795789616374893,1,2,1,0
18.425,947.6527989240269,535.8785307844685,3.149706235624475,1,2,1,0
18.433333333333334,947.6196692553311,535.5243321480181,3.1164595801500408,1,2,1,0
18.441666666666666,947.4793879807733,535.9289858617789,3.1180280621176677,1,2,1,0
18.45,947.5460798889168,536.2955602354114,3.113942702415732,1,2,1,0
18.458333333333332,947.2808745663745,536.8067365257758,3.1047593575017935,1,2,1,0
18.466666666666665,947.1454114353581,535.9514481688478,3.08872928987656,1,2,1,0
18.475,947.0274801437707,535.9829300558285,3.0727074744168683,1,2,1,0
18.483333333333334,946.9202222256555,536.4389119642177,3.117459894230152,1,2,1,0
18.491666666666667,946.6182164813863,537.69033764978,3.1302145687723457,1,2,1,0
18.5,947.3089052507764,538.3786914427916,3.103686815213735,1,2,1,0
18.508333333333333,948.4464411622243,537.2315744434123,3.067161816088003,1,2,1,0
18.516666666666666,948.8870427485366,537.566078792339,3.0799917046770577,1,2,1,0
18.525,948.6982235198128,537.896993216657,3.1336544571713714,1,2,1,0
18.533333333333335,949.5401853809126,537.6705563729828,3.094858499140141,1,2,1,0
18.541666666666668,949.3895063722224,538.4610861233346,3.073732040052859,1,2,1,0
18.55,950.3213538697914,539.5463079027855,3.102155605995608,1,2,1,0
18.558333333333334,950.470230103882,539.4049686898022,3.1236749467607092,1,2,1,0
18.566666666666666,950.492377597805,539.3627210481209,3.122121270124636,1,2,1,0
18.575,950.2664875749437,539.3921522517134,3.1103809884130342,1,2,1,0
18.583333333333332,950.1166925391623,539.9328709597319,3.0816872747374413,1,2,1,0
18.591666666666665,950.46931939419,541.0115629028194,3.1019734876871112,1,2,1,0
18.6,950.3522385525835,540.6875783443043,3.115185855921173,1,2,1,0
18.608333333333334,950.4719087405146,541.6002313607427,3.0979929480064476,1,2,1,0
18.616666666666667,951.174040171268,541.1916626780609,3.0794545058471416,1,2,1,0
18.625,951.7643784695697,540.9710925127619,3.0576807377292865,1,2,1,0
18.633333333333333,951.452165423175,541.0748355715303,3.0867632749500644,1,2,1,0
18.641666666666666,951.2027350823412,541.3714013362624,3.0967278097523296,1,2,1,0
18.65,950.3184144444537,540.6677565730041,3.0848059441735636,1,2,1,0
18.658333333333335,950.2471496230853,541.4111587849931,3.158320555352251,1,2,1,0
18.666666666666668,950.686751404452,541.0091405975463,3.087713755131711,1,2,1,0
18.675,951.2315040763673,541.5623188423813,3.091531223781388,1,2,1,0
18.683333333333334,950.5722419304399,541.8489669119176,3.094127166243203,1,2,1,0
18.691666666666666,425.00611280790065,724.5439789757123,3.1203786708349788,1,2,1,0
18.7,424.8081108674726,724.5737560782521,3.10737678187595,1,2,1,0
18.708333333333332,950.1303039689936,542.0850783536143,3.111546957891548,1,2,1,0
18.716666666666665,949.6587340159239,541.5425933496856,3.069530550277853,1,2,1,0
18.725,949.5820930379983,542.0146874867096,3.095592221541957,1,2,1,0
18.733333333333334,949.4187094755915,541.8653287013612,3.124473083352939,1,2,1,0
18.741666666666667,949.848595809691,541.0420800808416,3.0804271508672896,1,2,1,0
18.75,949.4155704323701,540.9447905366666,3.124464210093193,1,2,1,0
18.758333333333333,949.3715237804533,540.8329135764565,3.101926129781271,1,2,1,0
18.766666666666666,949.244815391427,541.031636051628,3.114293410630803,1,2,1,0
18.775,950.1178008839582,540.991473071516,3.0925629570673943,1,2,1,0
18.783333333333335,949.9811167626704,540.884359729034,3.0921329126268975,1,2,1,0
18.791666666666668,950.4887760881126,540.4511076415939,3.0564745791105983,1,2,1,0
18.8,950.9047077241407,539.6663793034485,3.102816939593589,1,2,1,0
18.808333333333334,950.958898217333,539.2745715928651,3.1149617407300285,1,2,1,0
18.816666666666666,950.8447452286739,539.2793477536034,3.0756062606508427,1,2,1,0
18.825,951.4527104219253,538.7846882273592,3.093418295433858,1,2,1,0
18.833333333333332,951.1859859140817,537.6431632801925,3.0712461479793047,1,2,1,0
18.841666666666665,950.9822010854717,537.3951606089544,3.1127349206917336,1,2,1,0
18.85,950.3963423503344,537.3409014634988,3.1155750232008503,1,2,1,0
18.858333333333334,950.9325303168754,536.396152447294,3.1044961702458727,1,2,1,0
18.866666666666667,951.4702476470617,536.3193789061112,3.1205770583789643,1,2,1,0
18.875,952.1710453478507,537.3471497475626,3.1261278571203395,1,2,1,0
18.883333333333333,951.8113316232018,537.4166164035267,3.108965599565049,1,2,1,0
18.891666666666666,951.4008489334532,538.1235101273445,3.0926740329867397,1,2,1,0
18.9,951.8071235374206,538.1447378113623,3.109576404093925,1,2,1,0
18.908333333333335,950.82748749119,537.3009739779533,3.079623455790183,1,2,1,0
18.916666666666668,950.8566327724598,536.5249835284071,3.093087188306159,1,2,1,0
18.925,950.7280741589062,536.2449731965099,3.117591513834311,1,2,1,0
18.933333333333334,950.6755974282754,536.2076807514361,3.1175569204645686,1,2,1,0
18.941666666666666,950.2340352309043,536.4185517222099,3.094317557321918,1,2,1,0
18.95,1088.4596178660022,812.230366529091,3.107480493386431,1,2,1,0
18.958333333333332,1088.045645261445,811.8826114092184,3.094680398337159,1,2,1,0
18.966666666666665,949.1884623501877,535.5773041556805,3.1493620183490116,1,2,1,0
18.975,949.8372160561416,535.606039769046,3.110995083233093,1,2,1,0
18.983333333333334,949.3429513702832,535.5049425162686,3.105921030629304,1,2,1,0
18.991666666666667,949.433800871579,535.6098520328043,3.0983798470554507,1,2,1,0
19.0,948.9924454369539,535.666894508054,3.0901302638734247,1,2,1,0
19.008333333333333,948.0713705270962,535.4834611542876,3.074999248415726,1,2,1,0
19.016666666666666,948.2810210316031,536.3627405950178,3.0944930055351385,1,2,1,0
19.025,948.3259869614776,536.8573471206851,3.1123638157210447,1,2,1,0
19.033333333333335,948.7640164992732,537.1532557737629,3.1245858173033945,1,2,1,0
19.041666666666668,949.1117688948157,537.2322995029804,3.083509948629354,1,2,1,0
19.05,948.9863182003605,536.7229886489337,3.0730204299767405,1,2,1,0
19.058333333333334,948.3276588774015,536.9798004797577,3.143937326899861,1,2,1,0
19.066666666666666,948.5280196088758,537.7070937363605,3.094022912991656,1,2,1,0
19.075,948.6814743949097,537.3527469430312,3.1042805366225905,1,2,1,0
19.083333333333332,948.0088564415581,537.2150618188138,3.1067199327151713,1,2,1,0
19.091666666666665,948.779358882028,537.9815632764677,3.113377496430638,1,2,1,0
19.1,948.5803794243485,538.5070592542519,3.1058213342196406,1,2,1,0
19.108333333333334,948.6465721063673,539.456110208816,3.0930616099950257,1,2,1,0
19.116666666666667,949.2743881685562,539.3518225965746,3.1197922519162686,1,2,1,0
19.125,949.603988146446,539.0077676157172,3.1091125071468437,1,2,1,0
19.133333333333333,949.4244440608521,538.9924289154549,3.1145311497175285,1,2,1,0
19.141666666666666,949.7675899579681,538.2055633213224,3.1366641012100227,1,2,1,0
19.15,950.7178038606356,537.7374936870782,3.12869852984022,1,2,1,0
19.158333333333335,950.3135336278116,537.3597929966055,3.0840914257202936,1,2,1,0
19.166666666666668,950.5631211479833,537.6314949820645,3.109005990067298,1,2,1,0
19.175,951.3736115535145,537.5343125016933,3.0952828726421338,1,2,1,0
19.183333333333334,952.0396100945507,538.375282802624,3.1599606562470224,1,2,1,0
19.191666666666666,951.8874595645302,537.4383085571658,3.128015762918199,1,2,1,0
19.2,952.4270061904749,537.5530629563283,3.1671638020224457,1,2,1,0
19.208333333333332,952.4184814535892,538.4529895865835,3.1114204229589935,1,2,1,0
19.216666666666665,953.3660618938862,538.1324603524147,3.118280844691514,1,2,1,0
19.225,953.4722973845754,537.3335542625251,3.1152157404981997,1,2,1,0
19.233333333333334,953.5292982745173,537.0084090283667,3.1106028771958436,1,2,1,0
19.241666666666667,953.8251107516816,537.2562882354285,3.149989990325528,1,2,1,0
19.25,953.9475100505225,537.9699141127743,3.1400268645409533,1,2,1,0
19.258333333333333,954.1728501817975,538.3067706795377,3.140513839992536,1,2,1,0
19.266666666666666,953.9444144307902,537.6779191657081,3.1503694569432286,1,2,1,0
19.275,954.126463725112,537.2543907078352,3.142754194140323,1,2,1,0
19.283333333333335,954.0955448987419,537.2025861748373,3.0875812708668904,1,2,1,0
19.291666666666668,954.8720271769562,537.666559382257,3.1586356194810983,1,2,1,0
19.3,955.3801018685614,538.0304853217178,3.137397133241211,1,2,1,0
19.308333333333334,955.2081736300705,537.0064178183079,3.141146354941757,1,2,1,0
19.316666666666666,954.9715479394,537.1420938619666,3.1391578273596243,1,2,1,0
19.325,955.284252001951,536.396254131182,3.129305168417064,1,2,1,0
19.333333333333332,955.8391776884142,536.6451451603823,3.122075374790369,1,2,1,0
19.341666666666665,955.0009880772911,536.2735467811096,3.132043727721126,1,2,1,0
19.35,955.2146865119938,536.103437531792,3.144798707243643,1,2,1,0
19.358333333333334,954.4855327703165,536.6539695096245,3.143554835923892,1,2,1,0
19.366666666666667,954.3953311773646,536.4409600515239,3.1391578154037636,1,2,1,0
19.375,954.6882176433388,536.706446025517,3.108033635581917,1,2,1,0
19.383333333333333,953.7136700568554,536.5815487388392,3.12609501277813,1,2,1,0
19.391666666666666,953.3274657111228,535.9591566644625,3.1103804452241595,1,2,1,0
19.4,952.9972018432564,536.1456492912031,3.1304587718518784,1,2,1,0
19.408333333333335,953.9042820779371,536.5892033486277,3.1157581259576133,1,2,1,0
19.416666666666668,953.2643469072325,536.2505385210106,3.134334227428469,1,2,1,0
19.425,952.7180379800171,536.4383365703303,3.1371782999618874,1,2,1,0
19.433333333333334,953.2626298175571,537.6888962978319,3.1113874830896577,1,2,1,0
19.441666666666666,953.2575289291681,537.7526707729048,3.1635227416138783,1,2,1,0
19.45,953.2786170850356,538.5773337261363,3.132280651211667,1,2,1,0
19.458333333333332,953.5696919826231,539.1001602230363,3.1108100678611024,1,2,1,0
19.466666666666665,953.7919892885784,539.3263471820648,3.1259965092033504,1,2,1,0
19.475,952.6711770129949,539.7651043896433,3.1482712705868696,1,2,1,0
19.483333333333334,952.4616079006029,538.8471685639657,3.154345210495318,1,2,1,0
19.491666666666667,952.80456146787,539.5633979791678,3.1495128180988248,1,2,1,0
19.5,952.2415835112064,539.8331989984661,3.139734535009193,1,2,1,0
19.508333333333333,952.4692785870541,539.1462610390641,3.1211135985505702,1,2,1,0
19.516666666666666,951.9806093123493,539.0685301272522,3.122867994572857,1,2,1,0
19.525,952.5046605223474,539.6414852434091,3.1519986245986167,1,2,1,0
19.533333333333335,951.7306528193559,539.8837441603177,3.158677759813486,1,2,1,0
19.541666666666668,951.3916615349638,539.6394267864814,3.171286528728866,1,2,1,0
19.55,951.4093523146458,539.4839310372694,3.136071372297942,1,2,1,0
19.558333333333334,951.9354686256721,540.2419398530042,3.120447656618021,1,2,1,0
19.566666666666666,952.5129174226363,540.2720169116889,3.1390713986061143,1,2,1,0
19.575,952.6916824143659,539.4691139977087,3.126127752876658,1,2,1,0
19.583333333333332,952.8578400851795,539.5879323551379,3.174928323541702,1,2,1,0
19.591666666666665,953.2458171917045,539.5501651697516,3.1519068316463206,1,2,1,0
19.6,953.6148565167011,539.3206779583804,3.1502178221939108,1,2,1,0
19.608333333333334,954.6138270783175,539.3287958547093,3.1435939460601316,1,2,1,0
19.616666666666667,954.9663985822817,539.5267376639238,3.1447305061101622,1,2,1,0
19.625,954.6564562459964,540.3015763474452,3.1615385324726897,1,2,1,0
19.633333333333333,954.919340528865,540.0470005717924,3.1492139169216964,1,2,1,0
19.641666666666666,1024.7780585039686,732.9970373300353,3.15749314581552,1,2,1,0
19.65,1024.809029044661,733.3214745776868,3.1940369449247097,1,2,1,0
19.658333333333335,956.1805751633226,540.2081823292363,3.1265844113575607,1,2,1,0
19.666666666666668,956.3230378565625,540.7304905938705,3.1670583608663962,1,2,1,0
19.675,956.1634451247643,540.4431846832465,3.146871175108718,1,2,1,0
19.683333333333334,956.2371467214689,539.8289262563497,3.2023670803572095,1,2,1,0
19.691666666666666,956.2625118561099,539.0243233672483,3.1762908043560003,1,2,1,0
19.7,957.3103154820527,538.4765000208458,3.157129760813815,1,2,1,0
19.708333333333332,956.5076267628344,537.8753425720932,3.152764244739468,1,2,1,0
19.716666666666665,956.1490072473717,537.6848707478478,3.168093058627305,1,2,1,0
19.725,955.9460750962251,537.3246019219065,3.156019293821623,1,2,1,0
19.733333333333334,955.330502356704,537.0919311478048,3.1699939767560585,1,2,1,0
19.741666666666667,955.3276278886685,536.0177790482517,3.180126012784779,1,2,1,0
19.75,955.9744163877393,536.2147271285527,3.141171574769404,1,2,1,0
19.758333333333333,956.0804587381501,536.07751198176,3.1776749985170856,1,2,1,0
19.766666666666666,954.824917947241,536.4027282252413,3.183068543004861,1,2,1,0
19.775,954.2936155693545,535.753201547415,3.166695314334896,1,2,1,0
19.783333333333335,954.2665876246573,535.2927583585417,3.17574672424184,1,2,1,0
19.791666666666668,954.8517052946892,535.652680546691,3.188399707289489,1,2,1,0
19.8,954.775505032661,536.3266826118955,3.1559373917060936,1,2,1,0
19.808333333333334,953.6565327499897,536.335810261634,3.181978572017538,1,2,1,0
19.816666666666666,953.5558419235396,536.5886935145252,3.150814344131046,1,2,1,0
19.825,953.1193772252,537.1869422328152,3.204797449332796,1,2,1,0
19.833333333333332,952.8453459252194,537.5124212879194,3.20348528526138,1,2,1,0
19.841666666666665,953.1265702943687,537.2523773579542,3.174521426174321,1,2,1,0
19.85,953.5060942699356,537.6102050522487,3.197245083800573,1,2,1,0
19.858333333333334,953.3259837618787,537.3391762262795,3.2010498620314443,1,2,1,0
19.866666666666667,953.4139525126042,537.199533560326,3.2244900943735986,1,2,1,0
19.875,953.7694437122487,537.2606386695701,3.19625437920846,1,2,1,0
19.883333333333333,954.4349860991326,536.6135901447855,3.1684164835127566,1,2,1,0
19.891666666666666,954.2370909923471,537.3094199449704,3.201806824173256,1,2,1,0
19.9,955.4011725021894,536.7733184902161,3.1980153206091697,1,2,1,0
19.908333333333335,955.1313763511463,536.6363555411453,3.1875710683603695,1,2,1,0
19.916666666666668,955.2381975165921,536.9196667182807,3.18175099104778,1,2,1,0
19.925,954.5318675080754,536.890482990434,3.17288911718706,1,2,1,0
19.933333333333334,954.3761004888186,536.5973286604861,3.1921150984956626,1,2,1,0
19.941666666666666,953.8396416655714,536.3614656596809,3.199506322977666,1,2,1,0
19.95,953.6266684244641,536.515717496083,3.2035189691518515,1,2,1,0
19.958333333333332,953.4536602685267,536.8480414481652,3.192030988438084,1,2,1,0
19.966666666666665,953.2722361427831,536.8472721477784,3.2030730016475,1,2,1,0
19.975,952.8293379328468,536.3271427581662,3.1830391591406113,1,2,1,0
19.983333333333334,953.5931906206033,536.7194376463261,3.182558876875701,1,2,1,0
19.991666666666667,953.186622001708,536.8575693781244,3.208294283275748,1,2,1,0
20.0,953.4413256186315,537.0889019786813,3.211472442648662,1,2,1,0
20.008333333333333,954.2429126955242,537.1887761429671,3.201365193345745,1,2,1,0
20.016666666666666,953.9498272328987,537.4673739485721,3.215369120269378,1,2,1,0
20.025,953.7893658614344,537.6922939294926,3.1701263444040086,1,2,1,0
20.033333333333335,954.2128479611977,538.548919249843,3.1975607646967035,1,2,1,0
20.041666666666668,953.4630694077606,539.7260833060377,3.148367518537041,1,2,1,0
20.05,953.035294393284,539.4590794778304,3.2049920467179196,1,2,1,0
20.058333333333334,953.6687641310568,539.7924511771411,3.173899326241515,1,2,1,0
20.066666666666666,953.2490840942733,539.5958831879032,3.2388108695027777,1,2,1,0
20.075,953.7756958270247,538.9535779985977,3.222819788615283,1,2,1,0
20.083333333333332,955.3884367855491,538.3226625193057,3.1872877233120613,1,2,1,0
20.091666666666665,955.6373143412003,538.2813856891307,3.222037402524293,1,2,1,0
20.1,956.3705997412653,538.3035362629652,3.173926460290532,1,2,1,0
20.108333333333334,956.2280050165373,538.7519683935063,3.1798305128218147,1,2,1,0
20.116666666666667,956.9284050902801,538.4471969742453,3.1995057095158126,1,2,1,0
20.125,956.5666617555004,538.1760948694484,3.209141898805386,1,2,1,0
20.133333333333333,956.3154213065953,538.0976710328125,3.2280325183363585,1,2,1,0
20.141666666666666,956.0196761992669,538.2154150458978,3.216310288400318,1,2,1,0
20.15,956.6257888544233,539.1259629737945,3.2065458787289596,1,2,1,0
20.158333333333335,956.7981365895427,538.1816055001741,3.2301122426184503,1,2,1,0
20.166666666666668,956.3260833302836,538.3658257409076,3.2355109954927435,1,2,1,0
20.175,956.1145444845884,538.8525342424343,3.229575159974989,1,2,1,0
20.183333333333334,956.010531194771,538.5103695703563,3.2241984099703602,1,2,1,0
20.191666666666666,956.2674395510727,538.8973789813751,3.189909942896278,1,2,1,0
20.2,955.3921224905728,539.3890969102484,3.2618080851449847,1,2,1,0
20.208333333333332,955.139965161323,540.2234765433691,3.2487540778756436,1,2,1,0
20.216666666666665,954.1102882109508,540.4199532712103,3.2344571484377878,1,2,1,0
20.225,953.5129154594339,539.1839403772356,3.2463641392576816,1,2,1,0
20.233333333333334,952.8518880146803,539.8254041888875,3.188063457470639,1,2,1,0
20.241666666666667,952.8691294613536,539.3222456257008,3.221600482327805,1,2,1,0
20.25,953.2770069379926,539.4344291371832,3.2241608573262766,1,2,1,0
20.258333333333333,953.3159519296227,539.4323746283832,3.1966893964592096,1,2,1,0
20.266666666666666,952.9881691743576,539.5324555929152,3.2467622339839672,1,2,1,0
20.275,953.6645796758061,540.2724046400441,3.215430055337755,1,2,1,0
20.283333333333335,953.8868103483325,540.5040958801532,3.222386358558606,1,2,1,0
20.291666666666668,953.5967292316213,540.3946895373507,3.202124589625873,1,2,1,0
20.3,953.9054139856444,540.9638114180669,3.246290332426485,1,2,1,0
20.308333333333334,953.8970110809034,541.1677688958719,3.2644752535067423,1,2,1,0
20.316666666666666,955.1773199187696,540.6635483826833,3.2701065590009453,1,2,1,0
20.325,954.6900650376743,539.9964280471597,3.2445891437714027,1,2,1,0
20.333333333333332,955.1362677613738,539.7984978927169,3.236755108084138,1,2,1,0
20.341666666666665,955.3701485831448,539.1581605246428,3.2793067544124317,1,2,1,0
20.35,954.2097251874459,538.8958837898313,3.213987155588487,1,2,1,0
20.358333333333334,953.8871747449599,539.2271600897586,3.206105640101985,1,2,1,0
20.366666666666667,954.0252618214314,538.8899739539156,3.2180787556771504,1,2,1,0
20.375,825.2982355955199,521.7340486924396,3.2212053166177936,1,2,1,0
20.383333333333333,825.7051260258831,521.3071183659932,3.2316740847541836,1,2,1,0
20.391666666666666,955.897615259543,538.3270294614679,3.235541853878754,1,2,1,0
20.4,956.0177578479374,539.4449911383806,3.2407204989241443,1,2,1,0
20.408333333333335,955.5815496698142,540.6644241385924,3.2455780825732505,1,2,1,0
20.416666666666668,956.3335919058763,540.9201171985242,3.2569346643306876,1,2,1,0
20.425,956.2384150890011,541.1741396888467,3.264154422307793,1,2,1,0
20.433333333333334,955.9801614215735,541.6206107626407,3.2711532693479466,1,2,1,0
20.441666666666666,955.4053174563085,541.6454294964284,3.2777781471814054,1,2,1,0
20.45,955.9466753936969,541.4114524102752,3.2679951203148856,1,2,1,0
20.458333333333332,956.069408764426,542.001854173217,3.2819855518767143,1,2,1,0
20.466666666666665,956.6715508832481,542.1537589948475,3.2563049143690415,1,2,1,0
20.475,956.4859353505058,541.9214946874282,3.2075978276024713,1,2,1,0
20.483333333333334,956.6061838953418,542.0233821227357,3.2458751283686333,1,2,1,0
20.491666666666667,955.6449593293029,541.084228775416,3.2593811332274294,1,2,1,0
20.5,956.2847686072314,540.7619283851368,3.242943060513256,1,2,1,0
20.508333333333333,955.9372460911534,540.5774879594247,3.2314962898830317,1,2,1,0
20.516666666666666,956.1127458748036,539.8761618419715,3.2540425291927217,1,2,1,0
20.525,956.3748503739141,540.6004989556048,3.257909742170509,1,2,1,0
20.533333333333335,957.2376866990046,541.4164256231442,3.251348616152637,1,2,1,0
20.541666666666668,956.9702189156507,541.8755278754337,3.245190151250106,1,2,1,0
20.55,956.7319065367792,542.3907067214666,3.266228378107394,1,2,1,0
20.558333333333334,957.0458591562509,541.9186213637201,3.292335638013701,1,2,1,0
20.566666666666666,956.6292264674559,541.1580994708766,3.2821475170191414,1,2,1,0
20.575,957.5036149339999,540.5989791564465,3.2494943607346745,1,2,1,0
20.583333333333332,957.0895907249976,540.8861238905619,3.2601604008757894,1,2,1,0
20.591666666666665,956.7127576686248,540.9433551187722,3.25495450955547,1,2,1,0
20.6,956.7822572875831,541.2439960136271,3.2894900667358646,1,2,1,0
20.608333333333334,956.7057663158937,541.157390023589,3.275007274923068,1,2,1,0
20.616666666666667,956.1189264886291,541.0641326957034,3.280750991671324,1,2,1,0
20.625,956.0597057594736,540.8028052023802,3.261099135565965,1,2,1,0
20.633333333333333,955.305350787715,541.2252812562278,3.2395244139685366,1,2,1,0
20.641666666666666,955.6650721928046,542.0366513618621,3.281094541280854,1,2,1,0
20.65,955.1864619440584,541.9822750340942,3.3128991168797346,1,2,1,0
20.658333333333335,955.3125665368531,542.6263354945256,3.2567791581855747,1,2,1,0
20.666666666666668,954.8549912652393,542.370115392655,3.2709007047165253,1,2,1,0
20.675,954.9823914561053,541.2716967183878,3.2898792093502287,1,2,1,0
20.683333333333334,954.4216063095448,540.9172084086467,3.294877082975375,1,2,1,0
20.691666666666666,954.7506904401968,540.3929807471756,3.2792010011654784,1,2,1,0
20.7,954.8918233263939,541.1747522541223,3.302616324980303,1,2,1,0
20.708333333333332,954.9636918279771,541.5988719581122,3.273415430878749,1,2,1,0
20.716666666666665,953.468944056514,541.3715601195539,3.2978825914180248,1,2,1,0
20.725,953.4399061239584,541.3262532559244,3.3075058843090623,1,2,1,0
20.733333333333334,953.4061879844812,541.1455992854162,3.319736846584701,1,2,1,0
20.741666666666667,953.7039220376122,541.4936482794482,3.2756596845506514,1,2,1,0
20.75,953.1730365502339,541.160683518968,3.3209250979834186,1,2,1,0
20.758333333333333,952.7437997377236,541.2802194162662,3.303777457546931,1,2,1,0
20.766666666666666,952.7615326157827,540.7973746730983,3.3161997565690147,1,2,1,0
20.775,951.6031791235097,540.5969601773248,3.304206937145722,1,2,1,0
20.783333333333335,952.6532994354399,539.8084381847166,3.298243666406458,1,2,1,0
20.791666666666668,952.8393833692771,539.3211524067297,3.333637509729337,1,2,1,0
20.8,745.6554813984528,-89.95120842480537,3.3052840395107994,1,2,1,0
20.808333333333334,745.5782596345016,-89.97202181522357,3.327707371476525,1,2,1,0
20.816666666666666,953.4331842463447,538.7350055909618,3.3506334774163333,1,2,1,0
20.825,953.8073968588413,538.3614939127672,3.2943814186366573,1,2,1,0
20.833333333333332,954.4025501463351,538.4011861529651,3.300451349960653,1,2,1,0
20.841666666666665,954.4226696242683,538.454573152632,3.3321871582160836,1,2,1,0
20.85,717.3064201803683,526.99871510548,3.337022026227626,1,2,1,0
20.858333333333334,717.2384891051437,527.2898379445429,3.339549326582121,1,2,1,0
20.866666666666667,953.8507840325549,537.7649374760911,3.3571931169617417,1,2,1,0
20.875,953.6514066474116,537.4004833652465,3.3403087741931934,1,2,1,0
20.883333333333333,954.0826954285327,537.8340599356511,3.3560734428100663,1,2,1,0
20.891666666666666,953.3897114672718,537.0997978589908,3.335964836462501,1,2,1,0
20.9,953.053865494427,537.2712187075987,3.354466694207051,1,2,1,0
20.908333333333335,953.5273570989968,536.4670336586338,3.3930605910206144,1,2,1,0
20.916666666666668,953.7281619984575,535.9407640165041,3.339540419191452,1,2,1,0
20.925,953.7933123908234,535.469039629588,3.326551668047733,1,2,1,0
20.933333333333334,953.7255448360414,534.945832243444,3.3114428201022843,1,2,1,0
20.941666666666666,953.922564016359,535.6702051597246,3.3278271666888024,1,2,1,0
20.95,952.8049963372845,535.6569903954982,3.362580031149049,1,2,1,0
20.958333333333332,953.2425186496583,535.5760965862202,3.353890973736915,1,2,1,0
20.966666666666665,953.0583034639764,535.7762970313021,3.3321328310399037,1,2,1,0
20.975,952.6570788697289,536.1176548321926,3.303344614793512,1,2,1,0
20.983333333333334,953.1732889814679,535.782954398859,3.317538346394876,1,2,1,0
20.991666666666667,953.3346673582346,535.0108880759403,3.3237036494029963,1,2,1,0
21.0,953.6912331870321,535.2749056883752,3.3276622046360567,1,2,1,0
21.008333333333333,953.5703016354265,535.0136043179036,3.3190875052819555,1,2,1,0
21.016666666666666,954.3101308642391,534.863909801103,3.316924896595982,1,2,1,0
21.025,954.6883346858597,535.003857967798,3.314642218065285,1,2,1,0
21.033333333333335,953.3634399448449,533.844269071652,3.3297277896946125,1,2,1,0
21.041666666666668,953.3381453530682,532.7489350446778,3.326657548042162,1,2,1,0
21.05,953.5533730661328,533.4018678167762,3.3080918101793277,1,2,1,0
21.058333333333334,952.9378170444279,533.701534308451,3.2686852025410076,1,2,1,0
21.066666666666666,953.7895244873378,533.4807464923126,3.3431126613543785,1,2,1,0
21.075,954.164736410746,533.36020398405,3.311096652161124,1,2,1,0
21.083333333333332,955.1705674463125,533.0135194096584,3.322983155112986,1,2,1,0
21.091666666666665,954.7129112967341,533.5143641702093,3.2800543685849277,1,2,1,0
21.1,953.8476875258108,533.4519046408444,3.304260129482788,1,2,1,0
21.108333333333334,952.8673164271065,533.9071725299331,3.2844452133421105,1,2,1,0
21.116666666666667,952.7251778026267,533.8396768197714,3.3350580295126204,1,2,1,0
21.125,952.8439172051552,534.6712689004615,3.326008040332105,1,2,1,0
21.133333333333333,952.9970939268853,535.2655578715573,3.2746465500130078,1,2,1,0
21.141666666666666,952.7127796925079,535.3538805053887,3.3084748333207674,1,2,1,0
21.15,953.7082778358237,535.7881867103214,3.2644908250041476,1,2,1,0
21.158333333333335,953.5395946789384,535.3346757185564,3.311127847716276,1,2,1,0
21.166666666666668,954.2122098875126,535.5828390063783,3.2898372871863786,1,2,1,0
21.175,953.5076024261402,535.8620363452579,3.327184415589327,1,2,1,0
21.183333333333334,953.7828730772333,535.6260469400803,3.3253483045402916,1,2,1,0
21.191666666666666,953.7863124425452,535.1611369757696,3.2895623052799117,1,2,1,0
21.2,953.7947864682166,534.9139951561272,3.307764264208092,1,2,1,0
21.208333333333332,952.7816889176347,535.4208928907534,3.3425667050118393,1,2,1,0
21.216666666666665,952.8747011843857,535.4050380243891,3.335419486219016,1,2,1,0
21.225,953.2343921070438,534.7617105525032,3.3270787413511997,1,2,1,0
21.233333333333334,953.6005147219673,535.3031002716949,3.306214440880948,1,2,1,0
21.241666666666667,953.9309947209022,534.8270889463514,3.3256230855249966,1,2,1,0
21.25,953.8751599284063,535.4505539500278,3.2931255399445316,1,2,1,0
21.258333333333333,953.6257163066261,535.8140841829673,3.321405047218152,1,2,1,0
21.266666666666666,953.4929918070678,536.4182441787103,3.3025948080276737,1,2,1,0
21.275,952.9771002183577,536.8639879206949,3.3007217667526585,1,2,1,0
21.283333333333335,953.4005181539331,536.95405872474,3.2861576759712703,1,2,1,0
21.291666666666668,953.0314630974681,536.2909045191195,3.2885450733893267,1,2,1,0
21.3,953.0531853560442,536.4567980650787,3.2668566386952396,1,2,1,0
21.308333333333334,952.4898715917263,536.2068030996528,3.294517346811265,1,2,1,0
21.316666666666666,952.4142116847545,536.2531853281074,3.288226951929743,1,2,1,0
21.325,952.7495145531399,535.756477614201,3.274273952196326,1,2,1,0
21.333333333333332,952.3659743417986,535.8785679802353,3.303468896475296,1,2,1,0
21.341666666666665,953.0051163019417,535.8531268346613,3.309574351638132,1,2,1,0
21.35,952.5566387016819,535.7822289082362,3.295923287425016,1,2,1,0
21.358333333333334,952.9550914950587,536.0225262904222,3.2828949426640097,1,2,1,0
21.366666666666667,952.5316201744623,536.4687650198102,3.312650765799871,1,2,1,0
21.375,952.8812835956314,537.3482667541161,3.32289559378639,1,2,1,0
21.383333333333333,951.9004996500994,536.6234928152282,3.2932742948981293,1,2,1,0
21.391666666666666,951.830082967194,536.2485334403175,3.2855346178062317,1,2,1,0
21.4,952.2172663926847,535.6386441771467,3.305376044164511,1,2,1,0
21.408333333333335,952.6504291958371,535.4443651445797,3.3007869032037194,1,2,1,0
21.416666666666668,952.5203993328472,536.3136901953135,3.318421399294762,1,2,1,0
21.425,952.7382010129578,535.9632862586277,3.2899883949715294,1,2,1,0
21.433333333333334,952.8548969576606,536.2958225102858,3.3093443093807418,1,2,1,0
21.441666666666666,952.9004588113819,535.839920028589,3.3323093101682306,1,2,1,0
21.45,952.5790816955518,534.685559837892,3.2885033410274986,1,2,1,0
21.458333333333332,953.0885803865624,534.6649141951616,3.3488303818287557,1,2,1,0
21.466666666666665,952.821641128047,534.9790048581675,3.330412067815854,1,2,1,0
21.475,952.8350253696323,534.7638278648348,3.28994133376436,1,2,1,0
21.483333333333334,952.9603143086699,535.1097320036135,3.2894768451097627,1,2,1,0
21.491666666666667,953.2776049739352,536.0248956728899,3.316185230107705,1,2,1,0
21.5,953.0151927414023,535.8938737154174,3.3162561016413186,1,2,1,0
21.508333333333333,953.3817324768869,536.0952163934058,3.32501057863325,1,2,1,0
21.516666666666666,952.2172877508624,535.4105239453967,3.3088109849097935,1,2,1,0
21.525,951.6901095705787,535.7039040530481,3.3000509816045738,1,2,1,0
21.533333333333335,951.682135010106,534.9309946137425,3.287186120220634,1,2,1,0
21.541666666666668,951.5155479341921,533.8937871088664,3.290033263155906,1,2,1,0
21.55,951.7373763657038,533.2861877775758,3.2763573602676743,1,2,1,0
21.558333333333334,951.8683499778595,533.6238206572629,3.3226221633138247,1,2,1,0
21.566666666666666,951.962600885516,534.2220868870153,3.3032843769162366,1,2,1,0
21.575,952.3203979162006,533.6405383392984,3.287260372555041,1,2,1,0
21.583333333333332,951.6639301354778,533.3160979386981,3.2854961521199817,1,2,1,0
21.591666666666665,952.7657816300729,532.4846532173322,3.288245296318773,1,2,1,0
21.6,952.5983540864394,531.1900515634427,3.255086230926898,1,2,1,0
21.608333333333334,952.9949905112286,530.9432687730327,3.291297068898842,1,2,1,0
21.616666666666667,953.2015962960791,531.112535686282,3.271556809679927,1,2,1,0
21.625,953.4898892062804,531.0803341281102,3.3043631923079606,1,2,1,0
21.633333333333333,953.9103626992318,530.8669586767019,3.259748900643253,1,2,1,0
21.641666666666666,954.1920441009064,530.2772857899186,3.2527299428861083,1,2,1,0
21.65,954.177464385046,530.1216933327026,3.2947851416124663,1,2,1,0
21.658333333333335,954.4189200688882,529.5738080014565,3.3186347951763246,1,2,1,0
21.666666666666668,953.4879114801241,529.9442081594639,3.284198145935491,1,2,1,0
21.675,953.0812237869171,529.7655479521167,3.279098583598231,1,2,1,0
21.683333333333334,952.3684156071298,530.5245912927041,3.2775092905864804,1,2,1,0
21.691666666666666,951.985762010914,530.1714172540868,3.3199092780758668,1,2,1,0
21.7,951.502590583598,529.86706868871,3.2792694381652003,1,2,1,0
21.708333333333332,950.7275414610775,529.9130498108443,3.2858763656912475,1,2,1,0
21.716666666666665,950.7743130680533,530.9993717275204,3.253085195486431,1,2,1,0
21.725,950.6839893076373,530.7684034738425,3.2712267980708423,1,2,1,0
21.733333333333334,949.9979681846877,530.9769554584232,3.241955335486806,1,2,1,0
21.741666666666667,949.1555008309053,530.6333159580422,3.2567720946770575,1,2,1,0
21.75,949.8515743430627,530.9999181961267,3.2655961583350717,1,2,1,0
21.758333333333333,950.9742270401078,529.9717476032548,3.2683507650862,1,2,1,0
21.766666666666666,950.6814454809287,529.7738699718195,3.2979378733511178,1,2,1,0
21.775,949.6890496189013,530.4546123348885,3.2926197941493327,1,2,1,0
21.783333333333335,950.1103831701065,530.6514021796388,3.260565597832919,1,2,1,0
21.791666666666668,950.2359625536525,531.1263661587527,3.242368698727215,1,2,1,0
21.8,951.3193815462805,530.8962890976042,3.3128266894640346,1,2,1,0
21.808333333333334,952.5533326763001,531.0268304932473,3.289414612306471,1,2,1,0
21.816666666666666,952.329244459032,530.8776749812861,3.3081114437335213,1,2,1,0
21.825,953.1617902804317,531.1324280574647,3.2665829207534824,1,2,1,0
21.833333333333332,953.0046112708884,530.4020691870292,3.2741489154674928,1,2,1,0
21.841666666666665,953.3714097221375,529.9291310986135,3.2933781995728006,1,2,1,0
21.85,953.8215227199007,530.3949935687048,3.2552021857162288,1,2,1,0
21.858333333333334,953.8404873531607,530.4594047232927,3.2747089553376147,1,2,1,0
21.866666666666667,953.3679103563614,530.1102097683304,3.270991320074572,1,2,1,0
21.875,953.8855507007188,529.5761244337106,3.2934434663496486,1,2,1,0
21.883333333333333,953.496506222642,530.0030108317995,3.263011800490593,1,2,1,0
21.891666666666666,953.4965584556862,529.922970755566,3.2873917652406592,1,2,1,0
21.9,953.213305018794,529.716191460122,3.2674812326581733,1,2,1,0
21.908333333333335,953.0543718665017,528.9884355814492,3.265905533148505,1,2,1,0
21.916666666666668,952.5937577346651,528.3322206149837,3.2596671802180595,1,2,1,0
21.925,952.5395663706222,527.8621972065491,3.27720092727551,1,2,1,0
21.933333333333334,953.4431672152816,527.3913193819324,3.25976225973344,1,2,1,0
21.941666666666666,952.8616300331599,527.1911601717578,3.262970992984862,1,2,1,0
21.95,953.1064667264021,526.8063112563497,3.226269324207985,1,2,1,0
21.958333333333332,952.2018627546047,526.9432906168498,3.279463798383989,1,2,1,0
21.966666666666665,952.0396178476658,526.3761486817698,3.2681544030883534,1,2,1,0
21.975,951.0170184693492,526.5492048075087,3.294595833200937,1,2,1,0
21.983333333333334,950.9774458479867,525.8042206314011,3.2364826444898163,1,2,1,0
21.991666666666667,951.0555998758449,525.4394912413554,3.2533858629216175,1,2,1,0
22.0,951.7827586604665,525.564738562708,3.250103916899771,1,2,1,0
22.008333333333333,952.328259780141,525.7115009703159,3.2671981886630697,1,2,1,0
22.016666666666666,952.1465492037621,525.5594921892315,3.2545579555311637,1,2,1,0
22.025,952.0192117522819,524.5226992348256,3.266411288694853,1,2,1,0
22.033333333333335,952.1101710358967,523.8579324778095,3.249501724378871,1,2,1,0
22.041666666666668,951.5102014422891,525.2206324510283,3.27587414750043,1,2,1,0
22.05,951.2860228616745,525.3506711259091,3.231199603605155,1,2,1,0
22.058333333333334,951.3394796834864,525.7329077383843,3.247287337594267,1,2,1,0
22.066666666666666,951.5538439526134,525.6063034978479,3.256352567161215,1,2,1,0
22.075,950.8636692919114,526.3914855459614,3.2403802536120363,1,2,1,0
22.083333333333332,950.7413166166258,526.9975646063003,3.262291644814144,1,2,1,0
22.091666666666665,950.3510645977535,527.8079938134279,3.2520678878308016,1,2,1,0
22.1,949.9708860710539,528.7426659816349,3.256701646133335,1,2,1,0
22.108333333333334,949.4421225502042,528.8445664100756,3.2675131077947883,1,2,1,0
22.116666666666667,949.316815640293,529.3567329315263,3.2334905337794653,1,2,1,0
22.125,949.5562530819166,529.6758394815481,3.2749839069747244,1,2,1,0
22.133333333333333,950.0575872135979,529.2297068909486,3.213755927933024,1,2,1,0
22.141666666666666,950.6530636975798,529.4404780633892,3.2436090465939507,1,2,1,0
22.15,950.1918200186182,529.2056938279804,3.2304583724539806,1,2,1,0
22.158333333333335,949.6425208021868,529.4174471422216,3.2775895790176985,1,2,1,0
22.166666666666668,950.1551180612374,529.1308155622235,3.2305708024476907,1,2,1,0
22.175,948.8070416486468,528.3858975743182,3.234774522670521,1,2,1,0
22.183333333333334,948.5144351855804,527.5528771320908,3.2415418105820004,1,2,1,0
22.191666666666666,949.3074640465355,527.5471187780497,3.2230217921136446,1,2,1,0
22.2,948.8864144120032,527.0060875666446,3.2122757573927263,1,2,1,0
22.208333333333332,948.5718653844494,527.4846121958102,3.228967347186677,1,2,1,0
22.216666666666665,948.8291420549681,527.0272379922035,3.227644053883481,1,2,1,0
22.225,949.4558977917112,526.3988834252006,3.1963726803804455,1,2,1,0
22.233333333333334,949.1901659625005,526.4671691793975,3.2760094988322117,1,2,1,0
22.241666666666667,949.6869618619094,525.7102011395087,3.219485525330182,1,2,1,0
22.25,950.1094006739938,526.4428373595931,3.27212896887357,1,2,1,0
22.258333333333333,949.8185329723024,526.097911127311,3.226989044431069,1,2,1,0
22.266666666666666,949.8023160233835,526.034311847256,3.2475025275949787,1,2,1,0
22.275,949.4128713259099,526.3243485573246,3.23332383608743,1,2,1,0
22.283333333333335,949.7263102452251,526.7693983416452,3.222037277500376,1,2,1,0
22.291666666666668,950.154917210845,527.1752058521253,3.230884989370877,1,2,1,0
22.3,950.4588423132026,526.8523875428084,3.240092340402132,1,2,1,0
22.308333333333334,951.1586240453795,527.3162642220839,3.2048151955208595,1,2,1,0
22.316666666666666,950.4169143233617,526.632136487384,3.1974608942546054,1,2,1,0
22.325,949.8503521899632,526.4033453622251,3.2285578055061426,1,2,1,0
22.333333333333332,948.5403676365266,526.1762888795986,3.2245426572676714,1,2,1,0
22.341666666666665,948.5161278497695,526.1752719053889,3.203535199519792,1,2,1,0
22.35,949.6177105838741,526.5911110362857,3.2083586389905863,1,2,1,0
22.358333333333334,948.6567940914143,526.8235130484377,3.229508820301094,1,2,1,0
22.366666666666667,948.8560718057654,527.3854505535288,3.2091510001260146,1,2,1,0
22.375,948.6206873817438,528.1445460697379,3.2168119866969365,1,2,1,0
22.383333333333333,948.5292881918831,526.9966912956619,3.215662883609946,1,2,1,0
22.391666666666666,948.5974348662078,527.2280876137648,3.2567482672135437,1,2,1,0
22.4,949.3277936339758,526.9622834704148,3.1726198098731553,1,2,1,0
22.408333333333335,949.6703721533944,527.2476570131046,3.2038977655996166,1,2,1,0
22.416666666666668,949.2115017813315,528.2013568544364,3.1962866296337493,1,2,1,0
22.425,949.0975039968782,528.5312021289803,3.1879118674841065,1,2,1,0
22.433333333333334,949.2985433935241,529.502390080434,3.226215671194375,1,2,1,0
22.441666666666666,948.5700030361147,529.4644942964901,3.2097961511719126,1,2,1,0
22.45,948.1314817668876,529.8478301623378,3.191733739597722,1,2,1,0
22.458333333333332,947.8999160640033,529.466495936807,3.1752896335573406,1,2,1,0
22.466666666666665,948.222341711386,529.6283095225145,3.207277074783417,1,2,1,0
22.475,947.8705526956222,529.7191456829669,3.217871366304962,1,2,1,0
22.483333333333334,947.6270419226854,530.0795695175532,3.173463177609412,1,2,1,0
22.491666666666667,948.0484114122247,530.2596364741113,3.2021354837678557,1,2,1,0
22.5,948.1399836295392,529.3130799894427,3.1935789956285165,1,2,1,0
22.508333333333333,948.2554106209702,528.6725902089034,3.1776041679984024,1,2,1,0
22.516666666666666,947.9764747878679,529.1197382799567,3.213010181203875,1,2,1,0
22.525,947.3271630451324,528.9217471877853,3.2020643539368794,1,2,1,0
22.533333333333335,947.9373626875954,528.9017878987257,3.1864165450384294,1,2,1,0
22.541666666666668,948.4107624652165,529.1249896747017,3.1693897430825193,1,2,1,0
22.55,947.6110785813204,529.3015578817835,3.177794001165806,1,2,1,0
22.558333333333334,947.6809832835887,529.8493009378686,3.1964197329117803,1,2,1,0
22.566666666666666,948.0029008745697,530.2702677014585,3.221003407890077,1,2,1,0
22.575,947.8759129293502,529.4912251120531,3.2095798070672186,1,2,1,0
22.583333333333332,947.8573258463555,529.2521270262265,3.1975110227615295,1,2,1,0
22.591666666666665,947.287583150717,529.0597637430593,3.1871856277223025,1,2,1,0
22.6,947.7340459788602,530.0076400007844,3.134598481681624,1,2,1,0
22.608333333333334,947.2780287801611,530.0386898070817,3.1525765568214843,1,2,1,0
22.616666666666667,947.7994804496794,530.2663966879438,3.177047315237538,1,2,1,0
22.625,948.1803164572681,529.0133201341346,3.209563751973874,1,2,1,0
22.633333333333333,948.7044300065114,529.0816254282696,3.1737076661227803,1,2,1,0
22.641666666666666,948.6521075598284,529.4579076440791,3.187150954605196,1,2,1,0
22.65,947.3148035282759,530.2808608835462,3.222358881955679,1,2,1,0
22.658333333333335,947.3130946953396,530.4974523422998,3.1692006697268003,1,2,1,0
22.666666666666668,1242.9549063933182,506.9029629544116,3.204421904877894,1,2,1,0
22.675,1242.832358280058,507.2277337452508,3.182481454773849,1,2,1,0
22.683333333333334,946.233150387247,531.3658420816416,3.187746980013959,1,2,1,0
22.691666666666666,946.2825032422094,530.9542974773059,3.1776648329822326,1,2,1,0
22.7,945.9364723279218,531.3988298543761,3.2060117360420715,1,2,1,0
22.708333333333332,945.9112129566386,531.5471611305654,3.1980179011627983,1,2,1,0
22.716666666666665,945.5225929194776,531.6827000452795,3.14010843902264,1,2,1,0
22.725,945.5258056133371,531.5194978081873,3.1669035427184946,1,2,1,0
22.733333333333334,944.944021007734,532.7033894352152,3.1870934192470304,1,2,1,0
22.741666666666667,944.6537540252564,532.8023255718725,3.1743011727579558,1,2,1,0
22.75,945.0399618479405,532.7056227393014,3.16799089752483,1,2,1,0
22.758333333333333,944.4601318233723,532.6751327753309,3.1443587812479517,1,2,1,0
22.766666666666666,944.2067721703951,532.693181898453,3.1382567790738567,1,2,1,0
22.775,944.520257871325,532.9149397380743,3.187245529980101,1,2,1,0
22.783333333333335,945.1520046343114,533.1178928569227,3.1683603448029882,1,2,1,0
22.791666666666668,945.3577847975588,533.5240493447831,3.1441414960447345,1,2,1,0
22.8,945.2853178006208,532.5592065509095,3.1859274147335013,1,2,1,0
22.808333333333334,946.062214809962,531.982504594482,3.14801483259641,1,2,1,0
22.816666666666666,945.4125426614603,532.215495010498,3.1629690490431988,1,2,1,0
22.825,944.6523983053366,532.723583857221,3.1344624803864116,1,2,1,0
22.833333333333332,944.7295108172318,534.0135615868106,3.1992549007875986,1,2,1,0
22.841666666666665,944.0769399347142,534.3017094535012,3.1956615254364853,1,2,1,0
22.85,943.6487075406316,533.6060140720508,3.1724632480033286,1,2,1,0
22.858333333333334,943.9135576677171,534.4697665942222,3.161618650240133,1,2,1,0
22.866666666666667,943.82871263365,534.5965297993852,3.1534011251046623,1,2,1,0
22.875,944.2124565007211,533.7580298560473,3.1344774670288245,1,2,1,0
22.883333333333333,944.5157520695773,533.587209222462,3.1567463995812757,1,2,1,0
22.891666666666666,944.8283225318787,533.475312429675,3.1699135323462806,1,2,1,0
22.9,944.0677232228974,533.5438697055557,3.1451113853673194,1,2,1,0
22.908333333333335,943.6403701503893,532.9320804499841,3.1753024765519755,1,2,1,0
22.916666666666668,943.8939673827547,534.0606560472577,3.1311374599719906,1,2,1,0
22.925,944.4883597597083,534.5972542615641,3.14503467301079,1,2,1,0
22.933333333333334,943.6081987516848,534.7443467632495,3.1463738711338123,1,2,1,0
22.941666666666666,943.2022341226099,535.4264933672023,3.1390986978822433,1,2,1,0
22.95,943.0469462813736,534.9942692200851,3.1591791431639407,1,2,1,0
22.958333333333332,943.8942502749252,534.0324172918298,3.1779238712916897,1,2,1,0
22.966666666666665,943.0794742733809,533.8117607216724,3.130337528109259,1,2,1,0
22.975,942.5029082378941,534.1711858416478,3.1236479268185353,1,2,1,0
22.983333333333334,941.2653713126236,533.3668297317879,3.142537259551646,1,2,1,0
22.991666666666667,941.5605457224071,533.6490679593362,3.122308489500241,1,2,1,0
23.0,941.3193943077267,533.9741427265741,3.171246159217295,1,2,1,0
23.008333333333333,941.475411241624,534.0759101991837,3.157948116765203,1,2,1,0
23.016666666666666,942.7241540969501,534.2114724775514,3.1309203468703264,1,2,1,0
23.025,942.4685106028595,535.1302801362954,3.134879442128652,1,2,1,0
23.033333333333335,942.8820270915188,534.9367530260554,3.1439820395473554,1,2,1,0
23.041666666666668,942.854727471606,535.6614638765157,3.17138783759131,1,2,1,0
23.05,942.3971799009065,536.495386516371,3.155393143952155,1,2,1,0
23.058333333333334,941.2005953788735,535.7060902294202,3.1222773836170465,1,2,1,0
23.066666666666666,941.1285592608253,534.6002010565184,3.1504354476973173,1,2,1,0
23.075,941.4879392343959,534.0383150129522,3.1104211475641432,1,2,1,0
23.083333333333332,941.7054596680123,533.7440211976086,3.1476210414322856,1,2,1,0
23.091666666666665,942.024457979265,534.0904428004243,3.1514498938188193,1,2,1,0
23.1,942.5193695983727,534.7502960048131,3.1297671431206364,1,2,1,0
23.108333333333334,942.7575089591887,535.2637278026184,3.151803423447113,1,2,1,0
23.116666666666667,943.7811732505193,534.9871077257914,3.1492506177939523,1,2,1,0
23.125,943.5267568356231,535.2460365782144,3.1417880761422157,1,2,1,0
23.133333333333333,943.8699023054121,535.2268778721549,3.1539584654716033,1,2,1,0
23.141666666666666,943.6358988081548,535.4572141852183,3.135565893773252,1,2,1,0
23.15,943.9958166754884,535.4692038138934,3.1418517375098394,1,2,1,0
23.158333333333335,943.4173089413194,535.0038892074057,3.1117107182125685,1,2,1,0
23.166666666666668,942.7761637893867,535.1136802859876,3.1343597008410895,1,2,1,0
23.175,942.2285003026432,536.2131970091999,3.131475458784987,1,2,1,0
23.183333333333334,941.7509029200218,535.7729371102864,3.0767212093961,1,2,1,0
23.191666666666666,941.4983450934999,535.6611203530983,3.118391644963083,1,2,1,0
23.2,941.4555340865363,535.948681415502,3.1247666185756624,1,2,1,0
23.208333333333332,940.9965330044207,535.356532878116,3.1066447901523064,1,2,1,0
23.216666666666665,941.0077666891532,535.2788042901213,3.1182269200651462,1,2,1,0
23.225,942.1535220003311,534.6380543901745,3.116673908809562,1,2,1,0
23.233333333333334,942.8139575185908,535.021297110489,3.1031944801275984,1,2,1,0
23.241666666666667,943.3906497751956,534.1568459196201,3.0685599249692554,1,2,1,0
23.25,943.8997045153542,534.0367144044556,3.1183498936911422,1,2,1,0
23.258333333333333,943.7950168128821,533.5991054056481,3.089748546440835,1,2,1,0
23.266666666666666,944.0788195911575,533.612152617445,3.1339007264138505,1,2,1,0
23.275,945.1977997155524,533.2425049075815,3.1638702927019993,1,2,1,0
23.283333333333335,944.7718298554979,534.1733418263606,3.1591235673523475,1,2,1,0
23.291666666666668,945.2095626428728,534.1231361480113,3.119349424568144,1,2,1,0
23.3,945.7228453594788,534.0077437386532,3.1137024146851418,1,2,1,0
23.308333333333334,945.2438333437728,533.6280805371551,3.132084910612574,1,2,1,0
23.316666666666666,944.6370166598597,533.3101232016417,3.1263349109143097,1,2,1,0
23.325,944.1639823130471,533.5482223297549,3.1010332770941065,1,2,1,0
23.333333333333332,944.5741530111594,533.4978784233097,3.114551465838842,1,2,1,0
23.341666666666665,945.3888534404333,533.4437308040773,3.127621407015113,1,2,1,0
23.35,944.87281653948,533.4839378037709,3.1034964531367435,1,2,1,0
23.358333333333334,945.3145523001186,532.8451768515419,3.134420468756661,1,2,1,0
23.366666666666667,945.215477048258,532.590251449772,3.0876996378778006,1,2,1,0
23.375,945.6113279926187,532.0699728955492,3.0939327654714086,1,2,1,0
23.383333333333333,946.3471744564008,530.8580210168881,3.0957738582123664,1,2,1,0
23.391666666666666,947.392883227427,531.3542592797207,3.110530176851147,1,2,1,0
23.4,946.0961582856186,532.6290830010097,3.124139821081243,1,2,1,0
23.408333333333335,946.4281437289346,533.292770901113,3.108084708412388,1,2,1,0
23.416666666666668,946.183551347952,533.4067924439497,3.080332779891306,1,2,1,0
23.425,946.5302575811222,533.0049930286458,3.1224801836853042,1,2,1,0
23.433333333333334,946.5556879216111,533.6429776689087,3.1348006040352834,1,2,1,0
23.441666666666666,947.074436318242,533.8517906014819,3.086373005559504,1,2,1,0
23.45,947.1125142430515,534.3713073331995,3.0878670145286717,1,2,1,0
23.458333333333332,947.5994381974542,533.9329892946198,3.1069250674510287,1,2,1,0
23.466666666666665,947.1245425812716,533.3387510271255,3.095362152118129,1,2,1,0
23.475,947.6565999995722,533.9123865797939,3.1571518898310016,1,2,1,0
23.483333333333334,947.0528351519044,534.2029129610819,3.134721499457042,1,2,1,0
23.491666666666667,946.8468717993326,533.8296127768481,3.109324244298776,1,2,1,0
23.5,947.4798853650285,533.5346661461857,3.1292516301535795,1,2,1,0
23.508333333333333,947.105510054783,533.378087018193,3.0968024940497636,1,2,1,0
23.516666666666666,947.3770872489247,532.6517362073885,3.0963371232720553,1,2,1,0
23.525,947.3331829411522,532.2442614555094,3.056985079264699,1,2,1,0
23.533333333333335,947.7691981675226,532.1188358346694,3.110441962467585,1,2,1,0
23.541666666666668,947.9978738698777,532.5626508034695,3.085837802952909,1,2,1,0
23.55,948.6450406609251,533.1710991419063,3.1100840420181233,1,2,1,0
23.558333333333334,949.3278411691817,532.9634577537948,3.0700542070656183,1,2,1,0
23.566666666666666,949.3817248879748,534.1197814645427,3.1107291393824186,1,2,1,0
23.575,949.9082087472693,533.3890596386643,3.119582032703655,1,2,1,0
23.583333333333332,950.648906643765,533.3899343209138,3.103514845117453,1,2,1,0
23.591666666666665,950.9163380726529,533.0174514433241,3.118804652384907,1,2,1,0
23.6,951.3069177053684,532.8956053710474,3.088002290596626,1,2,1,0
23.608333333333334,951.0333384715999,533.3903017195697,3.095552435253933,1,2,1,0
23.616666666666667,950.3633902122068,533.5256758306638,3.100415386135259,1,2,1,0
23.625,950.3407491011868,533.0066113389395,3.0752999783088435,1,2,1,0
23.633333333333333,949.6687015348634,533.7100030446991,3.07580017691923,1,2,1,0
23.641666666666666,948.72988020701,534.7783868445024,3.1356328643993705,1,2,1,0
23.65,949.2025084534763,534.4739049795768,3.0823532004375167,1,2,1,0
23.658333333333335,949.1764258782005,534.6999561106559,3.066315002455369,1,2,1,0
23.666666666666668,949.7977116410065,534.7832603424421,3.0943098746923705,1,2,1,0
23.675,950.6147218254945,534.6520860428936,3.0808041121187935,1,2,1,0
23.683333333333334,950.7259192694653,535.2198369016589,3.0820117647026506,1,2,1,0
23.691666666666666,950.9469591845578,534.2927820673932,3.112743444623024,1,2,1,0
23.7,951.626485693551,534.8378500517315,3.104696854767939,1,2,1,0
23.708333333333332,952.6044854499631,533.94982986844,3.13665559338123,1,2,1,0
23.716666666666665,952.4619167111824,534.4245002155,3.1143845250022753,1,2,1,0
23.725,952.3685755696499,534.1135830686779,3.074512182282257,1,2,1,0
23.733333333333334,952.2562952464604,534.3524516629088,3.0774149672452684,1,2,1,0
23.741666666666667,951.6476838067035,534.2474172888404,3.125501584591332,1,2,1,0
23.75,951.2462908282222,533.7418292545842,3.1156541711516392,1,2,1,0
23.758333333333333,950.8636204383597,533.8076194291721,3.101844727866947,1,2,1,0
23.766666666666666,950.6118125706311,534.448319831153,3.1060688531764806,1,2,1,0
23.775,950.8015854842367,535.178259987072,3.0635602553640306,1,2,1,0
23.783333333333335,950.6645293550522,534.8689340541976,3.1341888987738167,1,2,1,0
23.791666666666668,949.6556314143984,534.2268285680508,3.078247502887723,1,2,1,0
23.8,949.3348912340946,533.8542610903023,3.1013304590423463,1,2,1,0
23.808333333333334,949.2151300680007,534.5133895598898,3.125763181620502,1,2,1,0
23.816666666666666,949.4999730854103,534.7112287911008,3.0947139970446655,1,2,1,0
23.825,949.9236024802328,534.303659937074,3.090440044760128,1,2,1,0
23.833333333333332,949.0860360468381,534.392945534731,3.0691116071041336,1,2,1,0
23.841666666666665,948.8939328447915,533.8501996934785,3.0926641753263655,1,2,1,0
23.85,949.0807257634556,533.385211536473,3.148888986136712,1,2,1,0
23.858333333333334,948.5246668679125,532.7718111598004,3.1473334340445236,1,2,1,0
23.866666666666667,948.1491629243718,532.5811320143087,3.109600226623641,1,2,1,0
23.875,947.7351464096774,532.2416924797859,3.0919428491523546,1,2,1,0
23.883333333333333,948.6355680495766,531.8564344502198,3.0757877017895243,1,2,1,0
23.891666666666666,948.0356313133576,531.9617224344549,3.081343561760009,1,2,1,0
23.9,948.4152823621538,531.1046819952612,3.0603391590176376,1,2,1,0
23.908333333333335,948.6286144277277,531.1459703219534,3.1070420977690514,1,2,1,0
23.916666666666668,948.9216298274112,532.4239588675034,3.1054301653499516,1,2,1,0
23.925,949.194387982439,532.5372131190919,3.114813844451391,1,2,1,0
23.933333333333334,949.0723290900237,532.2017618515466,3.112915313612961,1,2,1,0
23.941666666666666,948.9494152299712,532.1752767636376,3.1143120747577684,1,2,1,0
23.95,948.1782841166034,532.861629518626,3.1345027782069157,1,2,1,0
23.958333333333332,947.5207091767213,532.8756030898833,3.128496912985284,1,2,1,0
23.966666666666665,945.9173921079242,532.3410440767516,3.086457817763125,1,2,1,0
23.975,947.1501635231974,532.084508589604,3.1289424451501704,1,2,1,0
23.983333333333334,946.4159434317505,531.6122965767128,3.0920292908894456,1,2,1,0
23.991666666666667,945.8716624752929,532.3531509032359,3.117599218023503,1,2,1,0
24.0,946.3460368840605,532.4053547657059,3.104914813861075,1,2,1,0
24.008333333333333,946.2558548029106,532.156964236837,3.0851147597731967,1,2,1,0
24.016666666666666,946.1457894694728,532.9062678314099,3.0722725892762743,1,2,1,0
24.025,945.8306249709204,532.6401738547352,3.074579482443922,1,2,1,0
24.033333333333335,945.7425371442796,532.9026507522069,3.091982566860268,1,2,1,0
24.041666666666668,945.7770842987571,532.0562211578822,3.1333752752027393,1,2,1,0
24.05,945.4065570641308,532.3689143074655,3.1022996511489542,1,2,1,0
24.058333333333334,945.3569655234406,533.1461283755953,3.1043250370901867,1,2,1,0
24.066666666666666,944.5793204604876,532.5231242707074,3.077915438470024,1,2,1,0
24.075,944.0033970332804,532.307156208591,3.114077414138747,1,2,1,0
24.083333333333332,944.5575489521249,532.3535554027324,3.0931551090671356,1,2,1,0
24.091666666666665,944.187586821182,532.4804724291505,3.1232334522408256,1,2,1,0
24.1,943.8298834383569,533.3951276834734,3.1195138799086015,1,2,1,0
24.108333333333334,944.100382371398,533.4081843396802,3.114652296565829,1,2,1,0
24.116666666666667,944.5460939595878,533.9863562565869,3.1433265218819915,1,2,1,0
24.125,943.7541298995898,533.8109624405234,3.116785903010229,1,2,1,0
24.133333333333333,945.2550297921512,533.1529546822993,3.148976403680133,1,2,1,0
24.141666666666666,945.6046313319313,532.8257983634356,3.098033759927075,1,2,1,0
24.15,945.3373182870823,532.3898992371694,3.1082512108638984,1,2,1,0
24.158333333333335,944.8340158766168,532.2808290127336,3.0927165933156733,1,2,1,0
24.166666666666668,944.1648939869261,531.7780374320538,3.1045088244878243,1,2,1,0
24.175,943.493452223237,531.3554997279767,3.1162007308704522,1,2,1,0
24.183333333333334,942.5555499611139,531.1470828903975,3.1035102534271646,1,2,1,0
24.191666666666666,942.4519695626785,530.7693911085144,3.105597202731948,1,2,1,0
24.2,941.7209614829403,531.4329580602829,3.1151956121382134,1,2,1,0
24.208333333333332,941.9935827190852,530.4433224429146,3.169918093935707,1,2,1,0
24.216666666666665,941.4823255767172,531.1425325553005,3.136816650768664,1,2,1,0
24.225,941.9995405169057,531.685160558731,3.1480060308781304,1,2,1,0
24.233333333333334,941.5608248185999,531.1732391982964,3.1140669625527657,1,2,1,0
24.241666666666667,941.0577049229146,531.4593522746297,3.1319442492186256,1,2,1,0
24.25,941.037341139516,530.9105945522125,3.1183140680550046,1,2,1,0
24.258333333333333,940.962828546581,531.0635545189241,3.118612725459205,1,2,1,0
24.266666666666666,941.1126530299367,530.0232462137935,3.113952896002687,1,2,1,0
24.275,941.2351232267531,530.1059093523132,3.1297397756240546,1,2,1,0
24.283333333333335,941.220329650158,530.4670113044408,3.123818433026187,1,2,1,0
24.291666666666668,941.0924481661489,530.5946725213481,3.1077843276779755,1,2,1,0
24.3,941.2749512381777,530.5600713540188,3.1116392863831845,1,2,1,0
24.308333333333334,941.3823031079447,530.6173368415997,3.1165982766064793,1,2,1,0
24.316666666666666,941.3679111041292,530.5289416228821,3.1321308063325097,1,2,1,0
24.325,941.2080320229012,531.0522337345965,3.1141857580426713,1,2,1,0
24.333333333333332,941.4922598944103,530.0109431844191,3.1179933493627945,1,2,1,0
24.341666666666665,943.0685908468466,529.6610069107059,3.1100747015453836,1,2,1,0
24.35,942.7870524372032,528.9986222229885,3.1230689573690444,1,2,1,0
24.358333333333334,942.2644697562433,528.8269671822994,3.1328310522665244,1,2,1,0
24.366666666666667,941.2933415854743,528.3520723920108,3.096596401271916,1,2,1,0
24.375,940.8359404865145,529.2790883388586,3.15087000129655,1,2,1,0
24.383333333333333,941.3930541209176,528.9944201806231,3.1097970104331227,1,2,1,0
24.391666666666666,941.1586458679666,529.4118206240895,3.124194330419822,1,2,1,0
24.4,941.7767605307296,529.4262884545113,3.139692269747889,1,2,1,0
24.408333333333335,941.7531184428178,529.2604232637229,3.120533744045934,1,2,1,0
24.416666666666668,941.7051689140219,528.8292454853836,3.0935551618331236,1,2,1,0
24.425,941.8926680054165,527.4816662735876,3.1289390820156706,1,2,1,0
24.433333333333334,941.4618406561628,528.3518054305458,3.1005133627734756,1,2,1,0
24.441666666666666,941.6886704814108,529.1953588008993,3.1369735324330397,1,2,1,0
24.45,941.8952886408728,530.0575756708498,3.0973317351303877,1,2,1,0
24.458333333333332,941.8664943490912,529.8544948197672,3.1251457081466554,1,2,1,0
24.466666666666665,942.315366795408,530.5048879318832,3.1388361363330777,1,2,1,0
24.475,593.3916373022248,779.4913866987108,3.1254788149387274,1,2,1,0
24.483333333333334,593.992813130337,779.003247760037,3.1495291242376657,1,2,1,0
24.491666666666667,942.6626030537018,529.0914248610513,3.1347785737288287,1,2,1,0
24.5,941.9657052560706,528.8939660786303,3.157109863353193,1,2,1,0
24.508333333333333,942.4696164868146,528.366624013488,3.145284569804434,1,2,1,0
24.516666666666666,942.2539341560365,528.8132190188642,3.123987597076957,1,2,1,0
24.525,942.9716408842954,528.9176722417717,3.1458643701712514,1,2,1,0
24.533333333333335,942.4565157224978,529.3997700766913,3.1480394889520382,1,2,1,0
24.541666666666668,942.033108923525,528.6134457718257,3.1302190007378887,1,2,1,0
24.55,941.942635023016,529.163541065905,3.138212573021563,1,2,1,0
24.558333333333334,941.4721652131178,528.8308996145014,3.139844605990947,1,2,1,0
24.566666666666666,942.2308567402649,529.1360910638654,3.1474256678303605,1,2,1,0
24.575,942.4906523098985,528.3921473850112,3.1814018226906104,1,2,1,0
24.583333333333332,943.097451231252,528.1885738045944,3.176580338764906,1,2,1,0
24.591666666666665,943.5301354263277,528.1044783645137,3.151337763401838,1,2,1,0
24.6,942.6996681415952,529.0069901881634,3.139940741816093,1,2,1,0
24.608333333333334,942.4059005913103,528.9537814749984,3.1606003393515287,1,2,1,0
24.616666666666667,942.4070924856156,529.1234744880322,3.1322769009132436,1,2,1,0
24.625,941.725781157986,529.1193757188162,3.1420670870745404,1,2,1,0
24.633333333333333,942.1395241736583,528.1684800344899,3.163578493512159,1,2,1,0
24.641666666666666,941.8506055340503,528.3393915109481,3.1431169079833303,1,2,1,0
24.65,941.8665524352333,529.1881480765671,3.15558285381349,1,2,1,0
24.658333333333335,940.9110163547639,529.3523486983348,3.154684829689974,1,2,1,0
24.666666666666668,940.5614898417549,528.9335536759705,3.165489874818356,1,2,1,0
24.675,940.7113771812415,528.3892033643956,3.169829884398167,1,2,1,0
24.683333333333334,940.227269077744,528.5657821035272,3.177973539085113,1,2,1,0
24.691666666666666,939.9722420066782,528.2658833895742,3.1874964863621207,1,2,1,0
24.7,939.4752550016387,528.2352555764619,3.1445467925455275,1,2,1,0
24.708333333333332,939.8541721997109,528.7088632630563,3.203647836691772,1,2,1,0
24.716666666666665,941.199320830339,529.1015405760745,3.1637923723963675,1,2,1,0
24.725,941.3180749583039,529.7897960470859,3.172762332409207,1,2,1,0
24.733333333333334,941.451767629874,528.9149661830618,3.153187097401855,1,2,1,0
24.741666666666667,942.0989165644846,529.0900214346339,3.1971756035192485,1,2,1,0
24.75,942.4575697300611,528.4236704617553,3.1805473546310292,1,2,1,0
24.758333333333333,942.6768401897468,528.356473037522,3.1626886050093574,1,2,1,0
24.766666666666666,943.1061343302564,528.4004046908643,3.1434569637313476,1,2,1,0
24.775,942.6995899898014,528.3156033182801,3.1476496404803136,1,2,1,0
24.783333333333335,943.0698548911032,527.634054084567,3.195464598053172,1,2,1,0
24.791666666666668,943.4545055117203,527.5846959910436,3.1744826405774167,1,2,1,0
24.8,942.303043594472,527.3628688807481,3.1594392221019705,1,2,1,0
24.808333333333334,942.2347980511925,528.1054770125452,3.1788681897991813,1,2,1,0
24.816666666666666,942.2636149290678,527.7887553417363,3.1605649957451245,1,2,1,0
24.825,942.3884050289828,527.3272521030777,3.17340426093433,1,2,1,0
24.833333333333332,942.8793645214962,527.6308638727842,3.16301122377192,1,2,1,0
24.841666666666665,943.014816489134,527.644075107598,3.1583326237620533,1,2,1,0
24.85,943.2038671579418,527.156796671312,3.183039067541762,1,2,1,0
24.858333333333334,943.0113341979029,527.6431340112883,3.191559686822512,1,2,1,0
24.866666666666667,942.5428481332972,527.8248181182712,3.205824906896907,1,2,1,0
24.875,942.5825269062994,527.9568572871588,3.201618838051783,1,2,1,0
24.883333333333333,942.9391255754922,527.5814652797646,3.182074959876784,1,2,1,0
24.891666666666666,942.0120250517839,528.2802223586509,3.1205032252884886,1,2,1,0
24.9,942.38011082261,528.9184023689065,3.223078512800494,1,2,1,0
24.908333333333335,942.6066093188699,529.0918796379383,3.182154504990356,1,2,1,0
24.916666666666668,942.6842046009505,528.4990009437745,3.185164179612552,1,2,1,0
24.925,942.498769402469,527.9057710905333,3.203947556451567,1,2,1,0
24.933333333333334,942.7383277128265,527.9919125488698,3.2217345420024666,1,2,1,0
24.941666666666666,942.1306850533532,528.6314296211586,3.225265562855387,1,2,1,0
24.95,942.3642788211299,527.9695061675485,3.180999037185663,1,2,1,0
24.958333333333332,942.3478925096033,527.7171149030331,3.172656494112341,1,2,1,0
24.966666666666665,942.1968582209793,526.8776896252382,3.2044013723374642,1,2,1,0
24.975,941.7021429732739,526.8782538709088,3.188791418811167,1,2,1,0
24.983333333333334,941.1490952087964,527.0324344272668,3.2131948265059442,1,2,1,0
24.991666666666667,940.7796690488171,526.9253398755727,3.226836818549636,1,2,1,0
