t,gx,gy,pupil,valid,subj,trial,label
0.0,961.2536511707489,539.1461371530575,4.114521559932565,1,4,6,1
0.008333333333333333,961.3966392536204,538.7895507234449,4.093553424547976,1,4,6,1
0.016666666666666666,961.9187185447566,538.5469747301069,4.141431641238993,1,4,6,1
0.025,960.6109686665358,539.0316930077162,4.119587325350178,1,4,6,1
0.03333333333333333,960.7544026094191,537.5016635179056,4.088170691374841,1,4,6,1
0.041666666666666664,960.240297344997,537.7621313310092,4.122007308733231,1,4,6,1
0.05,959.2738511111281,537.7791197777179,4.099592719964785,1,4,6,1
0.058333333333333334,959.2151007999087,537.261669463151,4.07790982895029,1,4,6,1
0.06666666666666667,957.0543085021908,536.3654659084457,4.063565753192694,1,4,6,1
0.075,956.4226312980754,535.962103065679,4.095646632165944,1,4,6,1
0.08333333333333333,956.846183664181,536.6024746260515,4.036343838081552,1,4,6,1
0.09166666666666666,955.807393708558,537.276174248331,4.083268202456055,1,4,6,1
0.1,954.9818918906187,537.2885596524442,4.078782148229249,1,4,6,1
0.10833333333333334,956.0889346773096,537.3644219688969,4.107801517616604,1,4,6,1
0.11666666666666667,957.0348882275745,537.1096000945784,4.074381509068414,1,4,6,1
0.125,956.8217189875428,537.4573069111716,4.103017158428546,1,4,6,1
0.13333333333333333,956.8402586429524,537.5856158350456,4.103039076033955,1,4,6,1
0.14166666666666666,957.2712847902593,537.6093133831453,4.0542959222599055,1,4,6,1
0.15,644.5784140379756,-82.08656390121052,4.111182189845204,1,4,6,1
0.15833333333333333,644.8175246731555,-82.85553142698393,4.093044226603878,1,4,6,1
0.16666666666666666,956.5386079446906,535.926406583656,4.105592683177858,1,4,6,1
0.175,957.2132798231339,536.1596482498344,4.122352113597305,1,4,6,1
0.18333333333333332,957.4192237016995,535.6121839475938,4.113099987711452,1,4,6,1
0.19166666666666668,957.6189338848183,536.266131854328,4.150295200010003,1,4,6,1
0.2,956.9240111923888,537.2076215727698,4.210853418358131,1,4,6,1
0.20833333333333334,957.5704698855957,537.08708621996,4.121644538275037,1,4,6,1
0.21666666666666667,958.5297230695854,536.3249821164208,4.110912126391552,1,4,6,1
0.225,957.9983868608547,536.7781585073994,4.121486273154498,1,4,6,1
0.23333333333333334,958.4141127436318,536.5116820423382,4.041800085326773,1,4,6,1
0.24166666666666667,957.023213438432,535.9286038285558,4.062156075089452,1,4,6,1
0.25,956.6329648307412,535.8658482544997,4.129469693297809,1,4,6,1
0.25833333333333336,954.9096257367713,534.7348692709458,4.167378581532459,1,4,6,1
0.26666666666666666,953.9751391855325,533.5861997872565,4.142885972670087,1,4,6,1
0.275,953.2787081163906,533.352389492938,4.145486960850073,1,4,6,1
0.2833333333333333,953.2306338036265,533.0281571551501,4.155389746401971,1,4,6,1
0.2916666666666667,954.136415901752,533.3513725900378,4.118695567641185,1,4,6,1
0.3,954.3650759230827,533.8765031612029,4.140412147632174,1,4,6,1
0.30833333333333335,954.3303207358549,532.817300862701,4.145231278277424,1,4,6,1
0.31666666666666665,954.8627927441887,533.079964422441,4.094489100386083,1,4,6,1
0.325,954.8046334401796,533.6729460128195,4.126664170668716,1,4,6,1
0.3333333333333333,954.4565950727933,534.6612610443842,4.172032050450948,1,4,6,1
0.3416666666666667,954.1146721939643,534.6878341530701,4.1476229615058005,1,4,6,1
0.35,954.5865266312802,535.096807948285,4.140982170384447,1,4,6,1
0.35833333333333334,954.042409357514,534.2554818354147,4.182115323068043,1,4,6,1
0.36666666666666664,953.8386097753552,533.8112568310117,4.114144230372829,1,4,6,1
0.375,952.7561098166831,533.9236729377532,4.222329751102092,1,4,6,1
0.38333333333333336,951.9290769570324,534.1913265145939,4.124577487332897,1,4,6,1
0.39166666666666666,952.26622123226,535.0396368628024,4.14151365373635,1,4,6,1
0.4,951.4696184558026,535.4240112960094,4.158318293453675,1,4,6,1
0.4083333333333333,952.1079788066951,535.9236680753398,4.138124525696729,1,4,6,1
0.4166666666666667,951.7944138059514,536.2355442223825,4.143697194391938,1,4,6,1
0.425,952.9522975910774,536.2504513054372,4.198741712391829,1,4,6,1
0.43333333333333335,952.6207724614534,536.7382572671347,4.192183508853767,1,4,6,1
0.44166666666666665,953.7095922377665,538.7282518817718,4.140252494902589,1,4,6,1
0.45,953.9448881188205,539.8403462172515,4.140305435785029,1,4,6,1
0.4583333333333333,955.3707934869218,539.2789363922634,4.153214077931074,1,4,6,1
0.4666666666666667,955.0178405369547,538.4656651243534,4.201572128871702,1,4,6,1
0.475,954.8954103898617,537.4412335341011,4.128914554476465,1,4,6,1
0.48333333333333334,954.5632857718662,537.3451274419883,4.142284549158094,1,4,6,1
0.49166666666666664,954.3707604043711,536.7705629219499,4.168047511864272,1,4,6,1
0.5,952.76172113564,537.0976608597172,4.11630929343507,1,4,6,1
0.5083333333333333,952.5311700019125,537.6755920096273,4.141722221954161,1,4,6,1
0.5166666666666667,951.952945045996,538.7869965439319,4.144128377286834,1,4,6,1
0.525,951.0736405692517,538.2876145048807,4.169402105589275,1,4,6,1
0.5333333333333333,951.4585600975913,538.1387614581722,4.128801527776245,1,4,6,1
0.5416666666666666,951.4750949924312,538.2046618794014,4.111305772433022,1,4,6,1
0.55,951.9746067330111,538.7094804511764,4.194218055008071,1,4,6,1
0.5583333333333333,951.7726754263214,539.9805072251412,4.128260821514547,1,4,6,1
0.5666666666666667,950.8084741242201,540.5526687944399,4.173474614826924,1,4,6,1
0.575,951.8340402398843,541.1985556209138,4.191488150467982,1,4,6,1
0.5833333333333334,951.4860695621313,540.4886634312643,4.166966985814831,1,4,6,1
0.5916666666666667,951.7358939361437,538.9717626751788,4.138974437486632,1,4,6,1
0.6,951.2470953752162,540.0826491474012,4.141969941095898,1,4,6,1
0.6083333333333333,950.7870866593457,540.0800003963444,4.231841068833641,1,4,6,1
0.6166666666666667,950.8315424815041,540.0116260261773,4.138334601039308,1,4,6,1
0.625,950.0548810043623,539.5049058811902,4.139629237966657,1,4,6,1
0.6333333333333333,948.0853771209172,539.6837982304488,4.166184585133093,1,4,6,1
0.6416666666666667,948.7229785013259,540.2745536206551,4.162000062492993,1,4,6,1
0.65,947.5780074907194,540.5389716216926,4.148266393234728,1,4,6,1
0.6583333333333333,949.2488917556661,541.2338204201926,4.173500934148985,1,4,6,1
0.6666666666666666,948.4087078132842,541.4186444168686,4.171281443742945,1,4,6,1
0.675,948.5702977150728,541.4996528280732,4.119541425878331,1,4,6,1
0.6833333333333333,948.6900018077075,541.3055002963961,4.116121168952336,1,4,6,1
0.6916666666666667,949.8231046377239,541.2638105645183,4.143322846427118,1,4,6,1
0.7,948.9800048267184,540.9050564338984,4.173432572458629,1,4,6,1
0.7083333333333334,949.4272479448867,541.1285567297481,4.123822447425267,1,4,6,1
0.7166666666666667,950.2485569709492,541.5823948811174,4.205924806437,1,4,6,1
0.725,950.1664918026897,540.6784848416697,4.205874861351788,1,4,6,1
0.7333333333333333,950.4543375039993,539.7055517742438,4.136675516629069,1,4,6,1
0.7416666666666667,947.6034245735011,541.4559408577483,4.210044388422914,1,4,6,1
0.75,947.9954739326696,540.846026480235,4.156909091096697,1,4,6,1
0.7583333333333333,947.7714227895547,540.8416446123268,4.203046998721665,1,4,6,1
0.7666666666666667,947.9907175449467,541.2172100678115,4.184176655661199,1,4,6,1
0.775,947.2105206756418,541.5585291922799,4.2232637483677085,1,4,6,1
0.7833333333333333,947.2923774557098,541.5682489956531,4.204720528696547,1,4,6,1
0.7916666666666666,947.9817272457317,542.5193490409525,4.180284775009422,1,4,6,1
0.8,949.6339478609868,542.5420879072965,4.179270833035146,1,4,6,1
0.8083333333333333,949.1568413478277,541.5686339424628,4.1654243172274805,1,4,6,1
0.8166666666666667,948.9683269758018,541.3602413882071,4.122032311483394,1,4,6,1
0.825,949.3880412751647,539.7642198897596,4.234508666148745,1,4,6,1
0.8333333333333334,949.4830704221064,539.4636094109221,4.178094388663768,1,4,6,1
0.8416666666666667,949.9850780171782,538.7021428450075,4.168913664181878,1,4,6,1
0.85,948.9790307675803,538.3727521365114,4.208908789637555,1,4,6,1
0.8583333333333333,950.3689937353219,539.3364638884573,4.195488391501119,1,4,6,1
0.8666666666666667,950.3763775723337,540.1038906629107,4.177216366341761,1,4,6,1
0.875,950.1012083065059,541.2177292416114,4.181151143174439,1,4,6,1
0.8833333333333333,949.4916928271315,541.1954837745564,4.182581172415317,1,4,6,1
0.8916666666666667,947.8197114729538,540.5415562613927,4.1817031848314485,1,4,6,1
0.9,949.0111387822727,540.7540799156384,4.209122670492477,1,4,6,1
0.9083333333333333,950.9904982535444,540.7331593857983,4.1680746746734085,1,4,6,1
0.9166666666666666,950.582614747972,539.8438568806379,4.147369868593549,1,4,6,1
0.925,949.2789363059654,539.3862297507972,4.176291414656262,1,4,6,1
0.9333333333333333,950.1236188286125,538.9349086377598,4.1994230692080725,1,4,6,1
0.9416666666666667,949.2528638587638,539.7794672109294,4.232609572530683,1,4,6,1
0.95,950.0196007372398,540.2664430342571,4.195648196928977,1,4,6,1
0.9583333333333334,949.334201245588,540.4316702011392,4.230805917743305,1,4,6,1
0.9666666666666667,949.173003019623,542.5903000615148,4.184418094892865,1,4,6,1
0.975,948.3826417524398,542.5714340895064,4.180909328248713,1,4,6,1
0.9833333333333333,948.5150645766104,542.3040946720448,4.268569364271553,1,4,6,1
0.9916666666666667,950.0903925093847,542.0196304182658,4.156848107649163,1,4,6,1
1.0,950.2817446862729,541.563540306037,4.19410551539055,1,4,6,1
1.0083333333333333,949.96437416729,541.8193126315774,4.190238570078491,1,4,6,1
1.0166666666666666,949.866124801255,542.0387463079092,4.241511716562786,1,4,6,1
1.025,950.0598043816644,541.9663341485049,4.228479741230444,1,4,6,1
1.0333333333333334,949.1611567899348,541.5505065823983,4.20296515241336,1,4,6,1
1.0416666666666667,949.2413877874432,541.6420688706486,4.155883238822025,1,4,6,1
1.05,948.0591248010076,541.2512552133876,4.187038787555458,1,4,6,1
1.0583333333333333,947.022911067082,541.9546098448578,4.195716656438387,1,4,6,1
1.0666666666666667,946.2493152344157,542.2235253774691,4.200530652906935,1,4,6,1
1.075,946.6310018227998,541.9709039738003,4.210928629651571,1,4,6,1
1.0833333333333333,948.3414701315237,541.6664683910396,4.22464649996948,1,4,6,1
1.0916666666666666,949.0819562192404,541.1471731699678,4.237195836199851,1,4,6,1
1.1,948.9725649595771,540.0724205749586,4.12976033574392,1,4,6,1
1.1083333333333334,949.2752513494789,540.6770055916664,4.203151833993659,1,4,6,1
1.1166666666666667,950.4115010180719,540.826448357633,4.206477198682971,1,4,6,1
1.125,950.930558388103,541.4340159781086,4.162439937322948,1,4,6,1
1.1333333333333333,951.243404180951,542.8686567506759,4.189212352533063,1,4,6,1
1.1416666666666666,950.6942526320499,543.4272545423809,4.192821151810665,1,4,6,1
1.15,951.8296819902483,542.3512710123064,4.159011239299763,1,4,6,1
1.1583333333333334,950.6136741701954,542.1281807542737,4.214416612838737,1,4,6,1
1.1666666666666667,951.2176660659386,541.7355622967555,4.1928518517834945,1,4,6,1
1.175,949.666961210229,540.1774498451894,4.190580076770759,1,4,6,1
1.1833333333333333,949.6327857134881,539.6508983966078,4.200676420029531,1,4,6,1
1.1916666666666667,947.5492345586345,539.3262604943093,4.190294092115333,1,4,6,1
1.2,947.8970524255766,539.7733193755098,4.245811592602135,1,4,6,1
1.2083333333333333,947.1370856866047,538.3906553641924,4.217732576785963,1,4,6,1
1.2166666666666666,947.0139960963152,538.7563670292801,4.178731160728558,1,4,6,1
1.225,947.1467278726349,538.4539042375959,4.1844865575684205,1,4,6,1
1.2333333333333334,945.9252270137922,538.019898837039,4.186449800230558,1,4,6,1
1.2416666666666667,945.9980125401786,538.8740247997468,4.208006580856152,1,4,6,1
1.25,947.4039736776177,538.138001684439,4.1727684426635925,1,4,6,1
1.2583333333333333,946.7306402929262,538.6179217273891,4.211305487489653,1,4,6,1
1.2666666666666666,945.1955390940788,537.4978545607715,4.220955363547421,1,4,6,1
1.275,945.1657597388988,536.4838690228979,4.184295405604668,1,4,6,1
1.2833333333333334,945.6780085131945,537.8194167480649,4.2116157315131,1,4,6,1
1.2916666666666667,945.7821547880342,536.653634362377,4.2433976007484775,1,4,6,1
1.3,946.0206195038047,537.0784890193855,4.146813122336481,1,4,6,1
1.3083333333333333,946.0134611810569,536.8508990997382,4.170395574728578,1,4,6,1
1.3166666666666667,945.9769349657466,535.5206667585518,4.199715686239523,1,4,6,1
1.325,946.2067320674219,536.0291009689834,4.218583487108092,1,4,6,1
1.3333333333333333,947.1986219607504,537.0397416562653,4.196671812801685,1,4,6,1
1.3416666666666666,947.3989726546861,536.297293814634,4.190103779003245,1,4,6,1
1.35,947.8841022733537,536.5073502299167,4.184885701566212,1,4,6,1
1.3583333333333334,947.8783538823533,536.8395560583461,4.223687972376813,1,4,6,1
1.3666666666666667,949.7003768278242,534.9280847754111,4.178402621315297,1,4,6,1
1.375,949.0674676525954,535.2123618823637,4.241563426501185,1,4,6,1
1.3833333333333333,948.169753741444,535.2579701010952,4.1513982080464435,1,4,6,1
1.3916666666666666,949.0083060160532,535.6252921599579,4.2232630497653805,1,4,6,1
1.4,947.9747275390877,535.0998055770091,4.216175936761147,1,4,6,1
1.4083333333333334,949.2560364218261,535.7123566336595,4.200147646357517,1,4,6,1
1.4166666666666667,948.8213734266398,535.0872336196791,4.234489599264255,1,4,6,1
1.425,948.7788300459714,535.1310729510017,4.1666419662387195,1,4,6,1
1.4333333333333333,949.5217329535469,536.2435008395338,4.143157799746542,1,4,6,1
1.4416666666666667,948.6190132899741,536.4427286824144,4.134798307161921,1,4,6,1
1.45,947.8965742539535,537.6016803613257,4.198072311164246,1,4,6,1
1.4583333333333333,883.3859256832507,854.4790882349612,4.185708665606479,1,4,6,1
1.4666666666666666,882.2405763847784,853.7360303060977,4.204042709075837,1,4,6,1
1.475,947.1366952863634,537.9730468616629,4.2279053436248955,1,4,6,1
1.4833333333333334,947.0911049933363,537.0221304999393,4.204613260593183,1,4,6,1
1.4916666666666667,946.8801440031334,535.5191912593792,4.167211589842076,1,4,6,1
1.5,947.8544995892406,535.0225835518085,4.181273435431107,1,4,6,1
1.5083333333333333,948.7765753672564,535.7619316756618,4.1908008128937615,1,4,6,1
1.5166666666666666,539.4899396054323,550.3305906339347,4.211858394820645,1,4,6,1
1.525,539.046864114635,549.5102255974203,4.2576413005242255,1,4,6,1
1.5333333333333334,949.0150483742873,536.9720950188533,4.211281649433818,1,4,6,1
1.5416666666666667,949.6685110339233,537.5336614538915,4.201639078270912,1,4,6,1
1.55,948.3958494052358,537.6309630534427,4.2899684406273035,1,4,6,1
1.5583333333333333,949.0208950322146,536.396085625015,4.246264734195122,1,4,6,1
1.5666666666666667,948.6104857669158,536.2064377505752,4.308324842457908,1,4,6,1
1.575,948.5860487666639,536.3291263988003,4.335152111993188,1,4,6,1
1.5833333333333333,948.9929049303705,535.9652908094016,4.361394657621852,1,4,6,1
1.5916666666666666,948.948382575989,535.1884241990444,4.248898387386033,1,4,6,1
1.6,948.0997188675811,535.298284776306,4.248224519716601,1,4,6,1
1.6083333333333334,948.4486531413968,534.9977083542097,4.292516878889671,1,4,6,1
1.6166666666666667,948.2947209513524,535.3978307530198,4.276604810150762,1,4,6,1
1.625,948.8776268886938,535.6173669463318,4.334421204838733,1,4,6,1
1.6333333333333333,948.9358916030507,534.4654355833833,4.282222149336114,1,4,6,1
1.6416666666666666,948.3800972627142,535.0388809216319,4.3046802363274566,1,4,6,1
1.65,948.4991456281264,534.6132498608517,4.376886867002264,1,4,6,1
1.6583333333333334,948.9464573064498,533.3807756784912,4.309961510220682,1,4,6,1
1.6666666666666667,949.8365251103612,531.3718266196769,4.319722705915856,1,4,6,1
1.675,948.6040110690074,531.150811507275,4.371771630465809,1,4,6,1
1.6833333333333333,948.1761423645306,531.6335138908987,4.364874901214907,1,4,6,1
1.6916666666666667,948.2107117839968,531.8238228650572,4.37358450394416,1,4,6,1
1.7,947.8607630255261,530.7938726613761,4.3490564952017685,1,4,6,1
1.7083333333333333,948.9661955772186,530.7723547872165,4.325058852555609,1,4,6,1
1.7166666666666666,948.5678559555836,528.6798709747427,4.3725284946575,1,4,6,1
1.725,949.0911033933033,529.2581798103802,4.331229916651825,1,4,6,1
1.7333333333333334,949.2211497094714,528.7718021574417,4.3558961627376585,1,4,6,1
1.7416666666666667,948.8588750039016,528.9596911229714,4.268419542353539,1,4,6,1
1.75,949.5339683271811,529.2330928831402,4.374293732420346,1,4,6,1
1.7583333333333333,949.6061401906204,529.2072040038075,4.363580897271954,1,4,6,1
1.7666666666666666,950.1933585267622,530.2270055183633,4.3646286628635655,1,4,6,1
1.775,950.6570452910676,530.4477399908491,4.253670780581913,1,4,6,1
1.7833333333333334,950.2231914350215,531.4271823975225,4.336522843719905,1,4,6,1
1.7916666666666667,951.3563518912684,531.094418440992,4.228271227112126,1,4,6,1
1.8,951.4421440290673,531.9374686328974,4.238802603340362,1,4,6,1
1.8083333333333333,950.3631953794163,533.4083357636679,4.260745850960005,1,4,6,1
1.8166666666666667,949.9965472186864,532.3257232782958,4.352347037469628,1,4,6,1
1.825,949.6871979487931,532.7472992949936,4.280658551788398,1,4,6,1
1.8333333333333333,950.5757064476545,532.3309299333407,4.259517938111482,1,4,6,1
1.8416666666666666,950.9322705670412,531.0465578564452,4.27762078754429,1,4,6,1
1.85,950.8244120694427,532.3016417705721,4.304076951495489,1,4,6,1
1.8583333333333334,949.3003691395314,532.9484837329185,4.261624666858653,1,4,6,1
1.8666666666666667,950.0415402946014,531.8042378336629,4.255401384964801,1,4,6,1
1.875,949.3917101301142,531.0799030260428,4.20827349860005,1,4,6,1
1.8833333333333333,949.039392071884,532.550288092624,4.290291347763214,1,4,6,1
1.8916666666666666,948.7124430433535,532.7555220688885,4.163866812769348,1,4,6,1
1.9,949.6966084619469,532.825736422146,4.2565919332585045,1,4,6,1
1.9083333333333334,949.46590861578,532.507822326713,4.164806764213107,1,4,6,1
1.9166666666666667,949.5165708082578,532.7837600011942,4.184151665094056,1,4,6,1
1.925,949.3453964936823,532.9149132705176,4.157205446706785,1,4,6,1
1.9333333333333333,950.125795892003,534.0491900512072,4.132622794918401,1,4,6,1
1.9416666666666667,950.840609430637,533.9953512851582,4.149085094031863,1,4,6,1
1.95,951.1435892682571,534.2866338126021,4.150385535515563,1,4,6,1
1.9583333333333333,951.1074114412024,532.8015150501408,4.163692958700966,1,4,6,1
1.9666666666666666,950.035610261112,532.205459194496,4.140813017076952,1,4,6,1
1.975,950.252895254681,531.8301883104388,4.185537032828119,1,4,6,1
1.9833333333333334,950.4167229263687,531.4976776172235,4.116563096123503,1,4,6,1
1.9916666666666667,951.0242535076137,529.5701102002317,4.161480240133393,1,4,6,1
2.0,952.3749418931139,529.9373483988096,4.0928936255563935,1,4,6,1
2.0083333333333333,953.8063124522236,531.0164957412046,4.197861637254811,1,4,6,1
2.0166666666666666,953.1416548010022,533.3289832334353,4.147242424878951,1,4,6,1
2.025,953.3015824727626,532.6846427926112,4.150458363210335,1,4,6,1
2.033333333333333,955.001524463953,533.5756933120138,4.134763067392043,1,4,6,1
2.0416666666666665,955.3073317184447,532.645209749516,4.1076420621819345,1,4,6,1
2.05,956.3999309933815,533.4966582675606,4.119032449667874,1,4,6,1
2.058333333333333,956.4902895215828,533.7189573465593,4.2010344712651255,1,4,6,1
2.066666666666667,955.9523906935445,534.8799371349937,4.158585419293684,1,4,6,1
2.075,955.278134991495,534.6321412982059,4.116386461070671,1,4,6,1
2.0833333333333335,956.713222711435,536.311848115996,4.217989484033501,1,4,6,1
2.091666666666667,956.4517372925285,535.4683084004448,4.195898218891849,1,4,6,1
2.1,955.0639141473506,535.353807247852,4.174030800575356,1,4,6,1
2.1083333333333334,954.8147849614787,535.9411764651652,4.149192031305498,1,4,6,1
2.1166666666666667,954.7606156539447,535.4305348262106,4.146274661907167,1,4,6,1
2.125,954.4519388404109,534.6563548848865,4.162720463256792,1,4,6,1
2.1333333333333333,954.0901731534309,534.1339222524022,4.128103249833513,1,4,6,1
2.1416666666666666,952.9320966712063,533.8455696302967,4.19543097227289,1,4,6,1
2.15,952.485033133718,534.6238767855417,4.110648572522167,1,4,6,1
2.158333333333333,953.6884746176823,533.4335925348635,4.146038586983517,1,4,6,1
2.1666666666666665,952.8350874292571,531.826491784689,4.137262966594938,1,4,6,1
2.175,952.7840101386375,532.1764594507633,4.15041079875977,1,4,6,1
2.183333333333333,951.8378376475617,531.5561722713219,4.11356872012995,1,4,6,1
2.191666666666667,951.8185510081782,532.552144518602,4.120501401360714,1,4,6,1
2.2,951.7969597037808,531.8609026138588,4.157696053193799,1,4,6,1
2.2083333333333335,951.0882625637805,530.415625082583,4.126618901079674,1,4,6,1
2.216666666666667,950.5054504767497,531.1342432966793,4.132860503485722,1,4,6,1
2.225,951.4863888152471,530.3233181515784,4.1042452174099795,1,4,6,1
2.2333333333333334,951.4764342486499,530.3049987334696,4.1623600259709965,1,4,6,1
2.2416666666666667,952.1232645559178,530.028576501545,4.190851965034911,1,4,6,1
2.25,952.2439343567291,529.562877202303,4.16801249376449,1,4,6,1
2.2583333333333333,953.6217776038284,529.20942540948,4.11712924282196,1,4,6,1
2.2666666666666666,954.1969535879936,530.7676740695114,4.144742603704516,1,4,6,1
2.275,953.9661715020881,530.82825773912,4.095098561785415,1,4,6,1
2.283333333333333,954.6985115449165,531.1025806673578,4.127248692794746,1,4,6,1
2.2916666666666665,954.8575372733188,530.7714402480184,4.143400424332354,1,4,6,1
2.3,954.3139760023067,528.7426751839545,4.150170701072404,1,4,6,1
2.308333333333333,955.4416180494542,529.2593883243167,4.143684685817942,1,4,6,1
2.316666666666667,956.354202897858,528.2562459146608,4.106036932434294,1,4,6,1
2.325,954.8280387693695,526.3929217765303,4.158282161679629,1,4,6,1
2.3333333333333335,955.3996554082496,525.9455166963018,4.187756514597926,1,4,6,1
2.341666666666667,954.1763049058668,526.1162784043472,4.136678156304029,1,4,6,1
2.35,955.9334773604106,526.6995454433224,4.179565256508253,1,4,6,1
2.3583333333333334,955.8309748891479,528.0410581559172,4.13503325169957,1,4,6,1
2.3666666666666667,956.0696193129697,526.6919277574553,4.095530402715311,1,4,6,1
2.375,956.0338859029024,526.7020953570542,4.147150747154319,1,4,6,1
2.3833333333333333,956.8756134374293,526.4825634675468,4.032340779863659,1,4,6,1
2.3916666666666666,956.4937152401146,526.5444829646935,4.137373585017733,1,4,6,1
2.4,955.5714078398127,527.2962502818751,4.079715200812203,1,4,6,1
2.408333333333333,955.7877661230611,526.8037794749262,4.137146973405177,1,4,6,1
2.4166666666666665,957.0784053561227,527.5178909221316,4.090844765262968,1,4,6,1
2.425,958.1493435558922,527.6994894993492,4.087028437217721,1,4,6,1
2.433333333333333,958.6970016146387,528.0160777046997,4.099996406620291,1,4,6,1
2.441666666666667,959.2377418103147,528.1775631242701,4.1133649666942125,1,4,6,1
2.45,959.3883534411851,528.6638084058511,4.126389924756859,1,4,6,1
2.4583333333333335,959.1624858323457,527.5540907941377,4.138104074845014,1,4,6,1
2.466666666666667,958.1421547356297,527.996837738208,4.071626404887133,1,4,6,1
2.475,958.1953680429751,528.8630926826468,4.144117697511439,1,4,6,1
2.4833333333333334,958.2020399121507,528.6697469912014,4.131929121046211,1,4,6,1
2.4916666666666667,959.2779794935137,529.0081060507254,4.065869071273046,1,4,6,1
2.5,959.5991648239636,530.6636659368311,4.103107973168639,1,4,6,1
2.5083333333333333,958.7793337403576,530.3041732775193,4.125834119640596,1,4,6,1
2.5166666666666666,957.3287554067825,530.3009392738415,4.067043628029882,1,4,6,1
2.525,956.0968337823934,529.095538391311,4.049450463391332,1,4,6,1
2.533333333333333,955.6846295145215,528.8449835326611,4.101182928717468,1,4,6,1
2.5416666666666665,956.9850404760585,528.4782665973742,4.089776669840338,1,4,6,1
2.55,956.2100091697868,529.8530696047649,4.10862516892352,1,4,6,1
2.558333333333333,955.4806399701502,530.3227150915222,4.08478617269283,1,4,6,1
2.566666666666667,954.7990991395584,531.476601509054,4.068938690758016,1,4,6,1
2.575,954.9213952439028,531.9908676617497,4.083327399047233,1,4,6,1
2.5833333333333335,954.6271640273164,534.090758890909,4.208824636045777,1,4,6,1
2.591666666666667,953.9744296211874,533.5356964962735,4.015686085493866,1,4,6,1
2.6,954.6611340659641,533.4395147984628,4.064976591881309,1,4,6,1
2.6083333333333334,954.60767112127,534.5438025732471,4.097298434238564,1,4,6,1
2.6166666666666667,953.4550819970693,535.5985756059366,4.092259018683861,1,4,6,1
2.625,952.449738572567,536.2695397403669,4.068301364711231,1,4,6,1
2.6333333333333333,952.744610801475,535.8664311144529,4.110796736832886,1,4,6,1
2.6416666666666666,953.5123283257233,535.8746335377369,4.082862579530391,1,4,6,1
2.65,953.780668971287,535.3597314977479,4.045228895974181,1,4,6,1
2.658333333333333,952.9717382978807,535.6338963789618,4.105069239982139,1,4,6,1
2.6666666666666665,952.9463638866923,535.6766606514069,4.087702278527695,1,4,6,1
2.675,952.0129944223647,537.2965866614521,4.101314157784402,1,4,6,1
2.683333333333333,953.4642838125677,538.9596334348349,4.077234948209872,1,4,6,1
2.691666666666667,954.8029146811781,539.4174083432002,4.032708301908263,1,4,6,1
2.7,955.8928562882363,538.7952122363689,3.9855445878905296,1,4,6,1
2.7083333333333335,957.0012912419016,538.4452911397027,4.07381387201458,1,4,6,1
2.716666666666667,957.9301311091566,538.6982105467724,4.058672543236495,1,4,6,1
2.725,958.9364999360233,538.0312833631057,3.9989034200710982,1,4,6,1
2.7333333333333334,959.0225923832983,537.8685837144218,4.079127615954117,1,4,6,1
2.7416666666666667,958.4573275894093,537.4442564265652,4.110170456645452,1,4,6,1
2.75,957.3634886307999,536.4468835430858,4.0728047854530995,1,4,6,1
2.7583333333333333,957.1706472875496,534.9082584515196,4.073864302350926,1,4,6,1
2.7666666666666666,957.703154239229,535.2588021682411,4.082539925740222,1,4,6,1
2.775,956.792160905506,534.5902895292811,4.063984649139493,1,4,6,1
2.783333333333333,956.4596611524823,534.5201017075872,4.072819927264041,1,4,6,1
2.7916666666666665,956.8467298110041,532.9544689060637,4.113899508319105,1,4,6,1
2.8,957.6139735044845,533.7477549309807,4.113599084589486,1,4,6,1
2.808333333333333,956.4686570847206,532.9458097813643,4.065374042629546,1,4,6,1
2.816666666666667,956.9993769676031,534.3677604925939,4.062632744515366,1,4,6,1
2.825,956.917247515635,533.7024786472111,4.049545945007084,1,4,6,1
2.8333333333333335,957.4206535526615,533.0804511010573,4.084332951397958,1,4,6,1
2.841666666666667,956.0900384247641,533.1073760735128,4.066125042638188,1,4,6,1
2.85,956.1012848844641,531.4562738742237,4.090226874178782,1,4,6,1
2.8583333333333334,955.7676120817162,532.1177804416208,4.035621957403322,1,4,6,1
2.8666666666666667,956.5598998723167,533.894180939825,4.049311220990089,1,4,6,1
2.875,957.1861669468888,533.3004347931349,4.009400919280701,1,4,6,1
2.8833333333333333,956.0285809504081,531.9422009236918,4.059685013704348,1,4,6,1
2.8916666666666666,956.2028405825515,531.4265679281816,4.043352717092804,1,4,6,1
2.9,955.2200258523466,532.3066207072568,4.0603336875387415,1,4,6,1
2.908333333333333,955.3813571219367,532.617637877175,4.002110515777964,1,4,6,1
2.9166666666666665,955.616855971009,532.8812908617706,4.056054853991778,1,4,6,1
2.925,954.4202456232582,533.4346188025232,4.062855092756392,1,4,6,1
2.933333333333333,953.5884222609412,532.6310640641274,4.091912509570062,1,4,6,1
2.941666666666667,953.6025778636437,533.5765966676811,4.033772946997195,1,4,6,1
2.95,953.448760737043,533.165080926843,4.078912072838998,1,4,6,1
2.9583333333333335,952.5725709081454,532.5205439269076,3.987979440796779,1,4,6,1
2.966666666666667,952.7327735526579,531.5198527551861,4.029867666068034,1,4,6,1
2.975,952.4353742409629,531.3609827443104,4.034323871250298,1,4,6,1
2.9833333333333334,952.7509814062786,530.6858611611136,4.088729229891221,1,4,6,1
2.9916666666666667,952.7305813476663,530.5914517941909,4.028659894393976,1,4,6,1
3.0,952.8564820933397,529.3819020772141,4.036830917566931,1,4,6,1
3.0083333333333333,951.5217413124429,529.6288835621982,3.9808578120590385,1,4,6,1
3.0166666666666666,952.4967649306019,529.2884326186368,4.034881945379594,1,4,6,1
3.025,953.0065452090331,529.2956782774917,4.051106269870505,1,4,6,1
3.033333333333333,951.746549876308,529.6279895916329,4.076530398807797,1,4,6,1
3.0416666666666665,952.3350192795474,528.8232033223545,4.009603831257323,1,4,6,1
3.05,951.7169612516877,527.9674705531168,4.029658254685629,1,4,6,1
3.058333333333333,951.7702087490891,528.3419574479738,4.047978495711482,1,4,6,1
3.066666666666667,952.7969171414566,528.3516738571898,4.024948401364141,1,4,6,1
3.075,951.7912818282587,527.7772320049775,4.05306917228941,1,4,6,1
3.0833333333333335,950.1287949449237,528.0622988591726,4.008817933370396,1,4,6,1
3.091666666666667,950.8259047490668,528.8284180488782,4.029442665437669,1,4,6,1
3.1,949.2883907153273,528.0768769103488,4.077227468931638,1,4,6,1
3.1083333333333334,949.7287758368421,526.9791614084195,4.077414611002955,1,4,6,1
3.1166666666666667,949.3469378397517,526.8345941623957,4.050814210390341,1,4,6,1
3.125,948.9051323437146,528.4186839091054,4.056056210754513,1,4,6,1
3.1333333333333333,948.2039223890629,528.057268433332,3.9651402261691455,1,4,6,1
3.1416666666666666,947.2933994267073,527.625438125283,4.039618242893485,1,4,6,1
3.15,947.2838447597436,527.038440670758,4.056714258151786,1,4,6,1
3.158333333333333,945.9638926674404,526.6034229974828,3.9515502421042346,1,4,6,1
3.1666666666666665,944.9952559568209,524.9942110577416,4.005587625746814,1,4,6,1
3.175,946.1017854767796,526.4199512859436,4.0325095517221925,1,4,6,1
3.183333333333333,944.9795635355257,525.9303628924148,4.089057035700019,1,4,6,1
3.191666666666667,945.3287998571327,525.7569324843319,4.0271116128982465,1,4,6,1
3.2,945.9507457934288,525.4065667793951,3.9861247476929633,1,4,6,1
3.2083333333333335,945.2258958255042,524.940258516483,4.018536004326755,1,4,6,1
3.216666666666667,944.5654894848255,524.8854309365829,3.959333545348328,1,4,6,1
3.225,944.3899780691131,525.5556184915023,4.019093516793674,1,4,6,1
3.2333333333333334,945.9249591105878,526.3637061239132,3.990548552418925,1,4,6,1
3.2416666666666667,946.7302475927297,527.2216464024781,4.043027978344832,1,4,6,1
3.25,947.6352854648713,527.4726694677992,4.079342932403999,1,4,6,1
3.2583333333333333,947.388124439982,526.4071576794925,3.9873145255894027,1,4,6,1
3.2666666666666666,948.2435814515271,525.9921114755908,4.043035036070098,1,4,6,1
3.275,947.4693803809024,526.0244992644934,4.0156302387141345,1,4,6,1
3.283333333333333,946.5854797742616,526.3114507448678,4.03707188603283,1,4,6,1
3.2916666666666665,946.0062025877074,525.2599723304464,4.005115227328743,1,4,6,1
3.3,946.2975722880959,525.8136350514978,4.005442107314114,1,4,6,1
3.308333333333333,947.4094773645129,526.0852230838645,4.007014022723141,1,4,6,1
3.316666666666667,946.7437763891879,526.4051651807999,3.989448275609434,1,4,6,1
3.325,947.3735854680224,526.6605305555909,4.02317415617775,1,4,6,1
3.3333333333333335,948.2345456939332,526.865774158946,3.9628222457449005,1,4,6,1
3.341666666666667,947.1135038911762,527.3121749972853,4.033834686476468,1,4,6,1
3.35,947.4502093686301,529.9715013493577,3.961774003154555,1,4,6,1
3.3583333333333334,946.9975699762807,530.4782783117781,3.9857773931959475,1,4,6,1
3.3666666666666667,946.5169282586681,531.1173569066435,4.022559508443001,1,4,6,1
3.375,945.4449939394098,531.9355523171153,3.9839303683305762,1,4,6,1
3.3833333333333333,945.7603532612641,532.0072698345757,4.00808682654327,1,4,6,1
3.3916666666666666,946.26864512671,529.9824448394788,3.960793295218813,1,4,6,1
3.4,947.019175203557,529.2262277734824,4.003509411316218,1,4,6,1
3.408333333333333,946.0957755894278,529.2569571972833,3.9503992732167865,1,4,6,1
3.4166666666666665,946.2692615557552,528.7546781819625,3.9755463514436387,1,4,6,1
3.425,946.4748562940193,527.6609846697194,4.04646633094609,1,4,6,1
3.433333333333333,945.7624053481188,528.560487206647,3.981700928022221,1,4,6,1
3.441666666666667,945.806269650174,527.7862717327956,3.9768742063048124,1,4,6,1
3.45,946.5295702800727,526.7343830897263,3.9819776823965127,1,4,6,1
3.4583333333333335,945.5259162217052,525.9297491335549,4.007141059916905,1,4,6,1
3.466666666666667,945.9509503461452,525.772755445732,4.047586057060629,1,4,6,1
3.475,945.5975742998994,524.770175507812,3.983437546444468,1,4,6,1
3.4833333333333334,946.0788814713601,524.5324542651763,4.00761638844261,1,4,6,1
3.4916666666666667,946.3283856778863,523.9351421116056,3.990530567085699,1,4,6,1
3.5,945.3159737970938,523.683923183257,3.9824673535206294,1,4,6,1
3.5083333333333333,944.4616887251276,525.4017300781175,4.023377703722634,1,4,6,1
3.5166666666666666,943.5001426855674,526.3543535692115,4.0472632313525265,1,4,6,1
3.525,943.6862611021816,525.037820339083,4.019616113882342,1,4,6,1
3.533333333333333,943.3570484762809,525.8712993318028,3.9455636883041243,1,4,6,1
3.5416666666666665,944.6411723729819,527.306193367014,3.988961355171157,1,4,6,1
3.55,944.555821353002,526.4676875043956,4.0069251130662025,1,4,6,1
3.558333333333333,944.6417524825954,526.9841883691065,4.023270787142172,1,4,6,1
3.566666666666667,945.6807065040916,526.4499078832511,4.058451231674669,1,4,6,1
3.575,945.8653998139154,526.79360769999,4.045235612620103,1,4,6,1
3.5833333333333335,946.4657481869843,525.1173956412534,3.943743326409655,1,4,6,1
3.591666666666667,946.1738578099527,524.8731281800116,4.060989387705058,1,4,6,1
3.6,947.0293910305194,526.3557145259533,3.9738221091297365,1,4,6,1
3.6083333333333334,946.9244369482502,526.2176924496124,4.01446564573014,1,4,6,1
3.6166666666666667,948.0872189915888,526.3394801884176,4.025385702208206,1,4,6,1
3.625,946.6270027273684,527.3756886965236,4.017840723097521,1,4,6,1
3.6333333333333333,945.8669582527015,528.8354897316804,4.025311912116757,1,4,6,1
3.6416666666666666,945.24544343855,528.4214887344606,4.0765685486286705,1,4,6,1
3.65,945.2401012005389,527.6961406390749,3.9798737443623184,1,4,6,1
3.658333333333333,944.8166437954932,528.0500921574215,3.9946603342245544,1,4,6,1
3.6666666666666665,945.9115928608869,528.2940744775433,3.959804102926487,1,4,6,1
3.675,946.9245166838134,529.3140130980684,4.034721770994678,1,4,6,1
3.683333333333333,1138.9334593353362,291.3293724449788,4.014352021739275,1,4,6,1
3.691666666666667,1140.1452561870694,292.9215951794792,3.9912115740377816,1,4,6,1
3.7,948.6842721640724,532.4993627070693,4.028710690517414,1,4,6,1
3.7083333333333335,948.5655092262677,532.3655861812734,3.947802111357924,1,4,6,1
3.716666666666667,947.3717647074315,532.1271147664734,3.9557903013902167,1,4,6,1
3.725,947.3065391779394,532.2407366849577,4.009057794413952,1,4,6,1
3.7333333333333334,945.990530563645,530.5660299924757,3.971941752543265,1,4,6,1
3.7416666666666667,945.5060544986236,529.1536846387658,3.9558859633019248,1,4,6,1
3.75,944.5685405292361,528.9885095587929,4.005172400827117,1,4,6,1
3.7583333333333333,944.6534919191034,528.5324650857962,4.010747771783005,1,4,6,1
3.7666666666666666,945.2587265992503,528.3912355180292,4.004699180511833,1,4,6,1
3.775,944.0812146858697,527.7145213538604,4.019959008020014,1,4,6,1
3.783333333333333,943.3852251949493,528.1031551554609,4.047287250842249,1,4,6,1
3.7916666666666665,943.6046622510318,527.5038580157913,3.9955726881219324,1,4,6,1
3.8,944.5810907765454,526.8159741342843,3.945466130670434,1,4,6,1
3.808333333333333,945.0371014007776,527.4643836871014,4.015653035427517,1,4,6,1
3.816666666666667,945.3863398074507,528.0020226237386,4.023566276541496,1,4,6,1
3.825,945.640988421616,528.6678285093119,4.002665897485558,1,4,6,1
3.8333333333333335,945.6813311856301,528.8643432589912,4.02681826419709,1,4,6,1
3.841666666666667,945.3615230195701,528.9369516807068,4.00449766668205,1,4,6,1
3.85,946.0248517231993,530.0107481669966,4.026893225967962,1,4,6,1
3.8583333333333334,947.0953511750084,530.3163908232419,3.9648164092237748,1,4,6,1
3.8666666666666667,947.774946830887,530.9547777760872,4.010963208108263,1,4,6,1
3.875,947.3575553113903,531.3574700824339,3.9658633855636563,1,4,6,1
3.8833333333333333,948.4219994239896,531.6191756907782,3.970082362537316,1,4,6,1
3.8916666666666666,947.9418064980268,532.200872971502,3.976809735926311,1,4,6,1
3.9,949.859554397632,533.7059237530503,4.077275355685613,1,4,6,1
3.908333333333333,948.7605177138121,533.2422383075627,4.012621261374106,1,4,6,1
3.9166666666666665,950.1359839336515,533.1793337678255,4.033522440294286,1,4,6,1
3.925,950.8753003871029,531.3722263736098,4.025881601220788,1,4,6,1
3.933333333333333,950.5352793831859,530.5643855454672,4.030216146411793,1,4,6,1
3.941666666666667,951.8361621406742,529.7777938825421,3.9485817164169315,1,4,6,1
3.95,952.0475456099708,530.4512613499907,4.031885052271281,1,4,6,1
3.9583333333333335,952.4975359303573,530.9273052811972,3.967437122514289,1,4,6,1
3.966666666666667,952.5805279051239,531.2450599730244,3.9886099093695258,1,4,6,1
3.975,951.9679832996916,530.9580939228966,4.031439130651751,1,4,6,1
3.9833333333333334,952.5708203392633,529.3884104996266,4.013475831171715,1,4,6,1
3.9916666666666667,951.1237632010865,529.3267002137253,3.9540911817755626,1,4,6,1
4.0,951.0381563637324,528.8281521923295,4.029747184934431,1,4,6,1
4.008333333333334,950.6051139990542,528.3460951434633,4.021060477143968,1,4,6,1
4.016666666666667,951.4269126934597,527.3562507555449,4.0246709112670205,1,4,6,1
4.025,951.2909440397707,526.9499174888406,3.9776712359049298,1,4,6,1
4.033333333333333,951.2388798761427,526.1529407726741,4.03888281680074,1,4,6,1
4.041666666666667,952.7529404693264,527.076175611181,4.024898436209039,1,4,6,1
4.05,952.8573382771125,527.1764148678992,4.081950451110636,1,4,6,1
4.058333333333334,953.5671533480256,527.8655324607722,4.000963452464875,1,4,6,1
4.066666666666666,953.727994341392,527.7423146870544,4.019933419649595,1,4,6,1
4.075,953.0225902015144,528.525918813514,4.001173324174136,1,4,6,1
4.083333333333333,954.0174197307923,527.9561957936802,4.004800465719961,1,4,6,1
4.091666666666667,954.4717150868178,527.20902942689,3.959692561469315,1,4,6,1
4.1,954.7465686741796,527.6109681485759,4.039817152974256,1,4,6,1
4.108333333333333,954.8053914237604,528.0113628258492,3.9952065344463206,1,4,6,1
4.116666666666666,956.1214912684237,527.688355417068,4.000441239052209,1,4,6,1
4.125,955.5145792353968,527.5946054250354,4.002720280087194,1,4,6,1
4.133333333333334,955.7605294574138,527.8659242174417,4.005914520231018,1,4,6,1
4.141666666666667,955.2128054726733,527.0063233461916,4.0031498729760875,1,4,6,1
4.15,954.6733617955272,526.5288316726835,3.998932196203663,1,4,6,1
4.158333333333333,955.5845700591714,526.2828726636773,4.01035126745133,1,4,6,1
4.166666666666667,955.3984531802865,525.9294631746558,4.036496549043223,1,4,6,1
4.175,954.8493114969692,525.8264825870318,4.041255613246215,1,4,6,1
4.183333333333334,954.3012153132557,527.0299259139198,3.9527049010901236,1,4,6,1
4.191666666666666,954.2830850320712,525.640747428503,3.997642661711468,1,4,6,1
4.2,953.9251426279916,524.264807583607,4.015525168645531,1,4,6,1
4.208333333333333,954.08950092423,524.1032288474648,4.021997943774401,1,4,6,1
4.216666666666667,954.5993860810347,523.3926614804302,3.984853616798302,1,4,6,1
4.225,954.7244006283854,523.5860961253101,4.040969561493149,1,4,6,1
4.233333333333333,955.2946738443334,523.6159147612867,4.0306184156457565,1,4,6,1
4.241666666666666,955.0525909683989,523.837562238838,4.035675301134476,1,4,6,1
4.25,954.1955133737423,524.608106118607,3.9854333119632233,1,4,6,1
4.258333333333334,954.6044222531723,523.7480549930222,4.04325693955787,1,4,6,1
4.266666666666667,954.8495138436275,523.4477542659541,4.0652767125019444,1,4,6,1
4.275,954.7343858635722,523.8827210249524,3.9872636167324726,1,4,6,1
4.283333333333333,954.7402574157431,523.510022470465,4.05760117560698,1,4,6,1
4.291666666666667,954.3896020246385,523.772107117378,4.090673569158061,1,4,6,1
4.3,954.5666268341033,524.619402224423,4.033593904759497,1,4,6,1
4.308333333333334,956.033588882379,523.7518148636758,4.019124812988083,1,4,6,1
4.316666666666666,956.3339777819391,523.663092018756,4.0776937715798836,1,4,6,1
4.325,955.5751036225599,523.627730873286,4.007542975184721,1,4,6,1
4.333333333333333,956.7374553188299,523.8965892864443,4.077532595701442,1,4,6,1
4.341666666666667,959.2001205034015,523.7990786300759,4.064389094809352,1,4,6,1
4.35,958.3717641528567,522.3749412727179,4.037134067319788,1,4,6,1
4.358333333333333,958.9370897734857,520.9389104800302,4.052450545846426,1,4,6,1
4.366666666666666,957.6497146574721,520.1771907373126,4.069615095408604,1,4,6,1
4.375,958.2511183449516,519.6522394859917,4.087244034744671,1,4,6,1
4.383333333333334,956.5092179696011,520.611957399226,4.042175363894288,1,4,6,1
4.391666666666667,956.6530775987738,519.1957255297184,4.01046131097175,1,4,6,1
4.4,957.8014180039537,519.3768330631059,4.059071377363915,1,4,6,1
4.408333333333333,956.5021489042553,518.5431659499642,4.055566582660449,1,4,6,1
4.416666666666667,955.3218079598627,518.1171193790387,4.046920621842143,1,4,6,1
4.425,955.7553683919152,518.5565178035276,4.038043586707489,1,4,6,1
4.433333333333334,956.6943969787453,519.7080941865304,4.098792065775906,1,4,6,1
4.441666666666666,957.6658515967323,521.2940061277711,4.0603007756062865,1,4,6,1
4.45,957.952217239607,520.8694148997764,4.036144823253219,1,4,6,1
4.458333333333333,957.9152849830544,522.0780180465794,4.020463960649202,1,4,6,1
4.466666666666667,958.1576319537638,523.5826075071312,3.967170660421741,1,4,6,1
4.475,957.499236641826,522.7464246211241,4.031804064076515,1,4,6,1
4.483333333333333,956.6445230994926,521.4599257057862,4.078867100545087,1,4,6,1
4.491666666666666,485.7032316140193,436.5492266522935,4.069447922364058,1,4,6,1
4.5,485.30849614682506,436.83351281700465,4.0244383203290575,1,4,6,1
4.508333333333334,956.2064271680687,523.1868256499481,4.064720864942277,1,4,6,1
4.516666666666667,956.0930604438366,523.9669209806907,4.033336497406731,1,4,6,1
4.525,956.9966183252317,523.024356613924,4.044314767965064,1,4,6,1
4.533333333333333,957.7274686610649,523.0892583185384,4.029148912297201,1,4,6,1
4.541666666666667,957.418408015992,522.5501200330749,4.073807205624388,1,4,6,1
4.55,957.0924081292029,521.571693464745,4.080640270419301,1,4,6,1
4.558333333333334,956.1418380452989,521.5792588782324,4.034317031805108,1,4,6,1
4.566666666666666,956.4090737987723,521.1269522318547,4.030094439224646,1,4,6,1
4.575,956.6208857977849,522.0128387638235,4.026700862543619,1,4,6,1
4.583333333333333,957.200569077601,522.1839497971794,4.020355370692154,1,4,6,1
4.591666666666667,957.6710117301178,521.4245422995273,4.058561181755891,1,4,6,1
4.6,957.8197911549718,521.4454016281169,4.069706750021117,1,4,6,1
4.608333333333333,957.2871513847944,520.745549192638,3.9719595707070185,1,4,6,1
4.616666666666666,957.6532551993357,521.5483407617073,4.002741216517962,1,4,6,1
4.625,957.2364445812025,522.2011723515233,4.120077043951637,1,4,6,1
4.633333333333334,957.8030542275227,522.6857723230179,4.042125004661621,1,4,6,1
4.641666666666667,958.3683499091673,522.7066601409542,4.043912865766857,1,4,6,1
4.65,957.5830282820092,522.6575053433388,4.054866255000269,1,4,6,1
4.658333333333333,957.8831140245297,522.4275221589422,4.028622365111055,1,4,6,1
4.666666666666667,957.7127186550498,524.1039349056055,4.08057286521307,1,4,6,1
4.675,958.9499688223141,525.1991474700662,4.0747282313349915,1,4,6,1
4.683333333333334,960.1937789206725,525.6434969972876,4.044312442225179,1,4,6,1
4.691666666666666,959.8387459808658,526.4924375015504,4.070242862471501,1,4,6,1
4.7,959.4958362966252,526.9882493699016,4.06471906589585,1,4,6,1
4.708333333333333,958.6200751504491,526.2915042442855,3.994785081692441,1,4,6,1
4.716666666666667,959.2544312627392,524.6702368306563,4.012671881390341,1,4,6,1
4.725,959.8000670476588,523.3588099695163,4.118488690742883,1,4,6,1
4.733333333333333,959.4666966473757,521.9251193070722,4.0720930922581,1,4,6,1
4.741666666666666,959.4635346945369,520.5647835573649,4.1121153078071915,1,4,6,1
4.75,959.0302039388123,519.8945512116293,4.060080621969247,1,4,6,1
4.758333333333334,959.0777558432981,519.7343031163794,4.024497652649599,1,4,6,1
4.766666666666667,958.3711856194981,520.7952162077938,4.043553715629769,1,4,6,1
4.775,1353.598496999085,887.7777474779359,4.096322350039511,1,4,6,1
4.783333333333333,1352.0881140356862,888.7461880604947,4.064805411212718,1,4,6,1
4.791666666666667,957.2300610904001,522.1296901752829,4.11505721029429,1,4,6,1
4.8,956.7336497278636,522.8571518193407,4.073331511949428,1,4,6,1
4.808333333333334,955.2789786224,522.7945092148117,4.054903262931957,1,4,6,1
4.816666666666666,955.9989458172569,523.070427936594,4.099690314462481,1,4,6,1
4.825,955.4323581789985,522.7939426089073,4.141313954292375,1,4,6,1
4.833333333333333,956.0239227203449,523.0287001922383,4.040855624264485,1,4,6,1
4.841666666666667,957.7016232375079,523.5509808041224,4.074302807298547,1,4,6,1
4.85,956.6998976494555,524.3109491847149,4.033528610597054,1,4,6,1
4.858333333333333,955.4941148182608,524.547967190573,4.094721356030836,1,4,6,1
4.866666666666666,955.267426448274,524.7591218374903,4.090151731681653,1,4,6,1
4.875,954.0390202505384,525.5215883179629,4.077766795192689,1,4,6,1
4.883333333333334,954.4673886263549,525.6584887806106,4.1032309252970665,1,4,6,1
4.891666666666667,954.4608393550085,525.387556066057,4.142578146413319,1,4,6,1
4.9,953.0422405490817,526.0561855303972,4.088012843032015,1,4,6,1
4.908333333333333,953.7345393019151,525.484000208816,4.083488372329957,1,4,6,1
4.916666666666667,953.5718199189894,525.5602261464012,4.071270962294836,1,4,6,1
4.925,955.4705894588313,525.5851230400203,4.041740731980835,1,4,6,1
4.933333333333334,955.8840705347286,524.9852141688359,4.140364923274665,1,4,6,1
4.941666666666666,955.7236818799723,524.9240981239658,3.9906801933217473,1,4,6,1
4.95,955.5542366577859,525.0673232801374,4.082586959654887,1,4,6,1
4.958333333333333,954.6897958044091,526.2641292185925,4.090800662095771,1,4,6,1
4.966666666666667,954.5664957183242,525.6590884124074,4.0594158458541685,1,4,6,1
4.975,955.5875335399305,526.6058240613113,4.132503414477481,1,4,6,1
4.983333333333333,955.6287995224731,527.2907536511661,4.018824888849528,1,4,6,1
4.991666666666666,956.1353228340414,527.438298138338,4.096908685683018,1,4,6,1
5.0,956.7926761335742,528.9396961861778,4.132358043560546,1,4,6,1
5.008333333333334,957.8828937883801,527.982547450709,4.108024743227814,1,4,6,1
5.016666666666667,957.7039338803625,527.7212499603107,4.144683827037392,1,4,6,1
5.025,956.9647809469259,526.6576322272385,4.191301639057245,1,4,6,1
5.033333333333333,956.2430152582037,526.612135863148,4.084798339470622,1,4,6,1
5.041666666666667,956.4909236360326,525.3200581544652,4.093099317598315,1,4,6,1
5.05,956.2884918724573,524.6875302179392,4.110716729388869,1,4,6,1
5.058333333333334,956.493772711497,524.771528067787,4.05735170747959,1,4,6,1
5.066666666666666,956.9131255775538,524.4261015069808,4.148402746895207,1,4,6,1
5.075,957.4593630137148,525.0974320667407,4.138363129928382,1,4,6,1
5.083333333333333,956.9598542482563,524.2366894750367,4.175474927298841,1,4,6,1
5.091666666666667,955.8571542331492,522.8747780817741,4.107895478328749,1,4,6,1
5.1,955.5614537808328,521.3715955824335,4.144623332362441,1,4,6,1
5.108333333333333,954.6510683395164,522.9682831609324,4.090281506863226,1,4,6,1
5.116666666666666,954.8595123564601,523.0780739191141,4.174467030027601,1,4,6,1
5.125,953.8704850420271,522.3568727815525,4.09374559396686,1,4,6,1
5.133333333333334,954.1414226564201,522.2569522512953,4.126062396681609,1,4,6,1
5.141666666666667,954.6440111077214,523.4484045288538,4.154953975832933,1,4,6,1
5.15,954.6435404652786,523.7569217186063,4.098539329886638,1,4,6,1
5.158333333333333,954.3478850048486,524.1126317606324,4.136841166394848,1,4,6,1
5.166666666666667,953.4929271826771,523.9182362276775,4.0571646093662705,1,4,6,1
5.175,953.6521857740906,523.207037797003,4.123817041712125,1,4,6,1
5.183333333333334,954.8681851098365,523.5161621118215,4.095409480420567,1,4,6,1
5.191666666666666,955.9119738924132,523.6822095271325,4.116335544857204,1,4,6,1
5.2,956.06446409248,523.7748875726256,4.092193431137799,1,4,6,1
5.208333333333333,955.2528681434325,524.4660714714332,4.110714329588488,1,4,6,1
5.216666666666667,954.3247074767548,525.3319828995548,4.111123314104789,1,4,6,1
5.225,954.6799240600361,525.0630228635796,4.1226012911032734,1,4,6,1
5.233333333333333,955.1193255350342,527.1488929564949,4.091383596625624,1,4,6,1
5.241666666666666,955.4626358639567,527.3299825819689,4.113874204494319,1,4,6,1
5.25,954.6800731123514,528.1656958673109,4.122277111067707,1,4,6,1
5.258333333333334,955.4145230953168,528.7940946364467,4.121072568442627,1,4,6,1
5.266666666666667,955.1603402426678,528.1324277643578,4.169402418632499,1,4,6,1
5.275,954.9482190726203,527.1536657871983,4.1452048133094594,1,4,6,1
5.283333333333333,955.2302734988417,526.8256395704775,4.15525123573123,1,4,6,1
5.291666666666667,954.7339365600762,526.7349761693242,4.133069972150295,1,4,6,1
5.3,954.2647962095575,526.7633720426222,4.170296440100979,1,4,6,1
5.308333333333334,954.5394196363645,526.1499829253255,4.105724460474466,1,4,6,1
5.316666666666666,954.3195710627281,526.3394641236517,4.108885639371287,1,4,6,1
5.325,956.0526632199269,527.5325119265461,4.1461086391480775,1,4,6,1
5.333333333333333,956.5306876831368,527.4908796749324,4.107298296278938,1,4,6,1
5.341666666666667,955.5875183442383,528.806174680293,4.140162668385136,1,4,6,1
5.35,954.5284473885066,529.9364333448169,4.131335651185804,1,4,6,1
5.358333333333333,954.3027098253115,529.3998331323506,4.165189951465911,1,4,6,1
5.366666666666666,953.4113921092529,529.1672684077784,4.079750608821759,1,4,6,1
5.375,953.2959146382251,530.1045541530209,4.15335570513862,1,4,6,1
5.383333333333334,953.2081137853257,530.5409325249811,4.12053003158318,1,4,6,1
5.391666666666667,952.964688038343,530.8525688159846,4.148377415444358,1,4,6,1
5.4,953.8328479187204,531.7329893533301,4.150552424138565,1,4,6,1
5.408333333333333,955.0621857601361,530.2354808253177,4.129110723398244,1,4,6,1
5.416666666666667,955.2325526522721,530.6365650507641,4.116315504181076,1,4,6,1
5.425,955.3726500577721,531.3854743298776,4.2045946833432675,1,4,6,1
5.433333333333334,954.6287355345221,532.3538533497061,4.129314920810009,1,4,6,1
5.441666666666666,953.9714488786444,533.7077460452678,4.1522839999846894,1,4,6,1
5.45,953.5485323069154,534.334049390999,4.128670400126464,1,4,6,1
5.458333333333333,952.8189625477613,534.2217276543654,4.163977746953601,1,4,6,1
5.466666666666667,953.8303531622983,533.0318413390089,4.186483635482426,1,4,6,1
5.475,953.3161288011981,533.5818572391094,4.138780274073443,1,4,6,1
5.483333333333333,954.2593096175608,533.3370815055733,4.190558914618351,1,4,6,1
5.491666666666666,953.2546174396692,533.5510522054198,4.16346450460322,1,4,6,1
5.5,952.7572796154401,533.3761341224044,4.159966891254429,1,4,6,1
5.508333333333334,953.3797872538493,534.0088344684348,4.203819224291452,1,4,6,1
5.516666666666667,953.8342730148984,534.3607581918078,4.160079061381883,1,4,6,1
5.525,953.2186023426746,534.7096498931957,4.19162459448377,1,4,6,1
5.533333333333333,953.5609066307076,534.965091454437,4.187715225203212,1,4,6,1
5.541666666666667,954.2584240812636,535.7679793674486,4.117946062820842,1,4,6,1
5.55,807.3318486664057,348.31726429797936,4.17355357493388,1,4,6,1
5.558333333333334,806.3931891364209,347.2394737142175,4.140209647318381,1,4,6,1
5.566666666666666,953.0577055979036,536.6148067799837,4.168605422494611,1,4,6,1
5.575,954.6946472875679,537.2028079717301,4.171062137228859,1,4,6,1
5.583333333333333,954.6310673191336,537.3516936228538,4.158829296198243,1,4,6,1
5.591666666666667,955.1023751910055,537.7105370682608,4.149121727835005,1,4,6,1
5.6,955.6814814056147,538.6184930535942,4.241713754055597,1,4,6,1
5.608333333333333,955.4319652209423,539.3654336544755,4.179015255961095,1,4,6,1
5.616666666666666,957.0921889365716,538.6802492035808,4.184994046554024,1,4,6,1
5.625,957.3650279503915,538.2907354182744,4.176208315806406,1,4,6,1
5.633333333333334,956.5104394754761,537.6320898904678,4.146632196118635,1,4,6,1
5.641666666666667,956.6558620401184,538.6453174048795,4.217081474360684,1,4,6,1
5.65,957.3485772153404,538.461366387882,4.168454449358589,1,4,6,1
5.658333333333333,957.5086253216377,538.4387081400785,4.159401860587591,1,4,6,1
5.666666666666667,957.590859706512,539.5103545321831,4.146474667713277,1,4,6,1
5.675,956.391202172378,540.2099098367873,4.175357108189637,1,4,6,1
5.683333333333334,956.5029844251736,540.8107270203049,4.151734205779239,1,4,6,1
5.691666666666666,956.6841770236726,540.6946086222819,4.15818966688206,1,4,6,1
5.7,957.7100089891845,541.4405036787814,4.196906565810881,1,4,6,1
5.708333333333333,956.6918488929688,542.6318306892163,4.186080441154831,1,4,6,1
5.716666666666667,956.657976950378,543.3270402528555,4.155013596332654,1,4,6,1
5.725,956.2466859854746,542.3215680525634,4.253506130733984,1,4,6,1
5.733333333333333,956.6405614337492,541.8185903839676,4.133030171258519,1,4,6,1
5.741666666666666,956.4535275743352,540.2390412447204,4.228943711713497,1,4,6,1
5.75,955.5806991910766,539.8822468048223,4.153063561532766,1,4,6,1
5.758333333333334,955.2367696451805,538.8094200293095,4.184678618475613,1,4,6,1
5.766666666666667,955.9610211543435,538.5276073949196,4.148284342866986,1,4,6,1
5.775,956.6719098391192,538.9672612250585,4.2006983703988245,1,4,6,1
5.783333333333333,955.9923250408932,540.9765332950369,4.2003713461465315,1,4,6,1
5.791666666666667,955.7629697423712,540.3933366983239,4.159490114090865,1,4,6,1
5.8,956.8102666708631,540.5443392018514,4.211412805468022,1,4,6,1
5.808333333333334,956.6011688627179,541.0033268137649,4.209247317209578,1,4,6,1
5.816666666666666,956.5634654120304,540.6495672268342,4.194466798407016,1,4,6,1
5.825,957.1677104098841,539.0278675805018,4.191399603718584,1,4,6,1
5.833333333333333,956.3357134641434,539.570395387474,4.128421144580746,1,4,6,1
5.841666666666667,955.967033601922,538.3151439616375,4.165521488316189,1,4,6,1
5.85,955.0591327870249,538.7730954925271,4.196447785257215,1,4,6,1
5.858333333333333,954.9445021182237,539.3394661226907,4.198527384092178,1,4,6,1
5.866666666666666,954.2759600110319,538.4158511866973,4.179499705550803,1,4,6,1
5.875,955.8586113409594,539.2291668024852,4.20219044579558,1,4,6,1
5.883333333333334,954.9742953651662,540.92590670489,4.161727090315772,1,4,6,1
5.891666666666667,954.9936260945738,541.6864406990913,4.184120329577263,1,4,6,1
5.9,954.009605766884,542.3689226743174,4.2210595350476465,1,4,6,1
5.908333333333333,953.9410813900874,542.8610264680203,4.145318912283669,1,4,6,1
5.916666666666667,955.1929325566919,543.0350575971257,4.199414537856548,1,4,6,1
5.925,955.6630240122774,542.1299830302219,4.2264164923579735,1,4,6,1
5.933333333333334,955.131424977141,542.2636040011934,4.142155526236302,1,4,6,1
5.941666666666666,956.4539427485608,543.2248085422855,4.243227276837693,1,4,6,1
5.95,956.5952493303778,543.3764595417226,4.192854977071883,1,4,6,1
5.958333333333333,955.7991721917274,542.6891176278916,4.184693449296751,1,4,6,1
5.966666666666667,957.330799349805,542.4608503497354,4.247715900515652,1,4,6,1
5.975,956.2450910422666,542.3673557721702,4.19128192206716,1,4,6,1
5.983333333333333,957.1254842736649,541.4658706604811,4.151091137911043,1,4,6,1
5.991666666666666,957.6354485415554,543.1105812253624,4.122403426899779,1,4,6,1
6.0,959.0411058179507,543.0352242254711,4.221784027806144,1,4,6,1
6.008333333333334,959.3328395946183,543.5443057793817,4.183168779591095,1,4,6,1
6.016666666666667,959.5578578697147,544.1437390645938,4.243193936971423,1,4,6,1
6.025,958.9986538063085,542.0867528716692,4.212538133129506,1,4,6,1
6.033333333333333,959.163339170664,541.8118024233577,4.229290836490005,1,4,6,1
6.041666666666667,960.292403415032,541.6405863261449,4.230099354710949,1,4,6,1
6.05,960.3579000431225,541.3965900623016,4.1547629769265875,1,4,6,1
6.058333333333334,959.9360819706023,540.2011700059302,4.234653543095705,1,4,6,1
6.066666666666666,958.6963319471153,541.1065199407159,4.263816584935003,1,4,6,1
6.075,959.342118509784,541.5822180557565,4.207734692015355,1,4,6,1
6.083333333333333,960.1693812564589,540.4209822235932,4.2225133529679395,1,4,6,1
6.091666666666667,959.7432552689705,539.5291097581343,4.164857677691337,1,4,6,1
6.1,959.4119424445428,539.4115422526565,4.174786299723749,1,4,6,1
6.108333333333333,961.0001825200618,538.834788111119,4.1924231609320906,1,4,6,1
6.116666666666666,960.5636722760299,538.552195231539,4.229788615567363,1,4,6,1
6.125,961.3451091704508,538.4512941443298,4.193013059367341,1,4,6,1
6.133333333333334,961.4112943452883,538.2117207340704,4.215357688159938,1,4,6,1
6.141666666666667,960.5569098526611,538.2276383893379,4.211930291157948,1,4,6,1
6.15,961.5044581194973,537.616948051652,4.2397634101393855,1,4,6,1
6.158333333333333,961.9592015940095,538.4670650159027,4.215210845815703,1,4,6,1
6.166666666666667,961.3145781226422,539.6593296174831,4.195277713922254,1,4,6,1
6.175,961.5591476117091,540.6905082762883,4.181652225737769,1,4,6,1
6.183333333333334,960.951298835506,540.421886803205,4.204069823858726,1,4,6,1
6.191666666666666,961.1162703353677,540.9621622519472,4.2192269555813215,1,4,6,1
6.2,961.577423853457,540.4909894723887,4.193091052657276,1,4,6,1
6.208333333333333,962.7193127496965,539.2387432439183,4.201318396598685,1,4,6,1
6.216666666666667,961.621994271119,538.3744639080768,4.216177041604905,1,4,6,1
6.225,961.8475207312522,538.5063844029193,4.253381264140722,1,4,6,1
6.233333333333333,961.2510149124475,538.1846418438249,4.19901710021861,1,4,6,1
6.241666666666666,961.0468038930577,538.6696727467925,4.237934573584359,1,4,6,1
6.25,960.0650221027557,537.6588340468087,4.220952722772796,1,4,6,1
6.258333333333334,959.7241838146583,536.1376579635958,4.230469124086838,1,4,6,1
6.266666666666667,960.165608919738,537.9839454731002,4.2020279315162306,1,4,6,1
6.275,959.9444476667402,537.2972236121142,4.221522982196938,1,4,6,1
6.283333333333333,960.6907462662998,536.5205775412071,4.232426878003629,1,4,6,1
6.291666666666667,961.1819551172875,535.3418529637587,4.120498522177709,1,4,6,1
6.3,961.186559039499,534.9788231425186,4.198192936496431,1,4,6,1
6.308333333333334,960.5220331872754,534.8680018584398,4.198230634642845,1,4,6,1
6.316666666666666,960.7943967464383,535.1943026649336,4.218077912157281,1,4,6,1
6.325,961.3977779163538,534.9694948490252,4.198054770116336,1,4,6,1
6.333333333333333,961.5042736627533,535.0466605656593,4.205433605015229,1,4,6,1
6.341666666666667,961.0842376277876,534.9682757959976,4.1798005010978025,1,4,6,1
6.35,960.5685280628101,535.4383581124456,4.265767439757471,1,4,6,1
6.358333333333333,961.420851841579,536.3075774624604,4.186152663042815,1,4,6,1
6.366666666666666,961.4302089054964,535.9975996285223,4.177163337625869,1,4,6,1
6.375,961.3428563630174,537.1520041469573,4.202879076991209,1,4,6,1
6.383333333333334,960.5010095364061,536.1319676917084,4.188741273543635,1,4,6,1
6.391666666666667,959.5938235975303,536.7868575642148,4.231036378354172,1,4,6,1
6.4,960.3605922262791,537.4848903861345,4.25382889802156,1,4,6,1
6.408333333333333,960.2469808133217,537.0894933724122,4.202117754227779,1,4,6,1
6.416666666666667,959.1196238970655,536.4215414755145,4.213823467375978,1,4,6,1
6.425,960.3193045559611,535.9449827377942,4.197192481636487,1,4,6,1
6.433333333333334,959.3786992231705,536.8407808160958,4.1819713263559555,1,4,6,1
6.441666666666666,959.2765465438531,537.0064900896147,4.215257670691489,1,4,6,1
6.45,959.5505710006754,536.5199483425237,4.206832034814052,1,4,6,1
6.458333333333333,959.3177318738315,537.5316808435003,4.204990822134879,1,4,6,1
6.466666666666667,959.1424090568828,538.1149453352504,4.199115196059867,1,4,6,1
6.475,959.7935341079136,537.8839188197526,4.18277318465593,1,4,6,1
6.483333333333333,960.7341951835014,536.7916152326935,4.162049363484064,1,4,6,1
6.491666666666666,961.8195093283316,538.0365778351882,4.244613276078408,1,4,6,1
6.5,962.7190102454713,537.9814536974498,4.252713132837058,1,4,6,1
6.508333333333334,963.8247990117285,537.5125859536587,4.128396003714614,1,4,6,1
6.516666666666667,964.3379149487116,537.5233867454904,4.170572284928554,1,4,6,1
6.525,966.1427305675285,537.5597913949118,4.201200813706692,1,4,6,1
6.533333333333333,966.6665478253784,537.8530292748653,4.257180897386235,1,4,6,1
6.541666666666667,965.3388931742606,537.3522128178107,4.231873386301481,1,4,6,1
6.55,966.902284787243,537.8166273388035,4.2064577208304765,1,4,6,1
6.558333333333334,967.6680692251717,538.1266053133659,4.18127749333031,1,4,6,1
6.566666666666666,968.4109316705582,537.7444024410185,4.19136778625762,1,4,6,1
6.575,969.0755533432495,537.5570420637981,4.223281668760007,1,4,6,1
6.583333333333333,968.1268988874224,536.4279541685057,4.214445010866446,1,4,6,1
6.591666666666667,966.5247063789212,535.7707093998839,4.19614298981531,1,4,6,1
6.6,967.2087627384038,537.0278503453259,4.246013599906827,1,4,6,1
6.608333333333333,966.6819439753019,536.6486054258407,4.246792753716616,1,4,6,1
6.616666666666666,966.2007165751746,535.9566848821178,4.167787180879313,1,4,6,1
6.625,966.0790454833483,536.1155186737974,4.2285308973667535,1,4,6,1
6.633333333333334,965.7054703774002,535.8084375531599,4.193755705483595,1,4,6,1
6.641666666666667,965.536230416204,538.0302136943985,4.131468990361256,1,4,6,1
6.65,965.1742700884066,537.6169994929812,4.160630156659143,1,4,6,1
6.658333333333333,1188.502206055402,871.8746858707711,4.199749068269025,1,4,6,1
6.666666666666667,1188.4652498699602,871.6423672381325,4.174169482542637,1,4,6,1
6.675,964.7284918009053,536.4194987315348,4.205002069515428,1,4,6,1
6.683333333333334,965.0133266133333,536.8135593330153,4.163461338453749,1,4,6,1
6.691666666666666,966.6990267916492,535.6299122205644,4.203723045217554,1,4,6,1
6.7,965.3958345692581,536.1335840891142,4.16266195439409,1,4,6,1
6.708333333333333,965.9942473629436,535.6735735806463,4.158223961812923,1,4,6,1
6.716666666666667,965.7528484572854,535.755457249086,4.176273762685268,1,4,6,1
6.725,965.5274625694433,535.7274707282551,4.159768528225543,1,4,6,1
6.733333333333333,965.6267077529031,537.0413885987044,4.224491463653185,1,4,6,1
6.741666666666666,965.9090694013548,538.591149133739,4.158253304883137,1,4,6,1
6.75,967.4480631889594,539.0327950352441,4.188289585404825,1,4,6,1
6.758333333333334,967.2397728851536,538.9742549877544,4.13417839106912,1,4,6,1
6.766666666666667,967.1521358340552,538.861959005936,4.141298649314683,1,4,6,1
6.775,967.6892006033007,538.9884307673597,4.178934447821167,1,4,6,1
6.783333333333333,968.3012151428674,537.7948988012839,4.236604980315179,1,4,6,1
6.791666666666667,968.056812060141,537.8159442422793,4.226277736831105,1,4,6,1
6.8,968.7317483451156,537.5797548468445,4.199629390252424,1,4,6,1
6.808333333333334,968.2979518211943,538.1518199335352,4.201546078895926,1,4,6,1
6.816666666666666,968.7493463891919,538.0228183814846,4.163532547299367,1,4,6,1
6.825,968.7472191479951,538.5508257301516,4.149944851915157,1,4,6,1
6.833333333333333,969.1432916234555,538.4649008425503,4.125491890196934,1,4,6,1
6.841666666666667,968.6549672903008,540.1707737794509,4.149515221003315,1,4,6,1
6.85,967.4234389394716,539.6505256665914,4.1174309161092655,1,4,6,1
6.858333333333333,967.9780942254749,539.7752749744964,4.171396927461109,1,4,6,1
6.866666666666666,966.7731972493023,539.5797274646917,4.2026986249780975,1,4,6,1
6.875,966.6354830085345,539.8795949751426,4.178541781314145,1,4,6,1
6.883333333333334,966.6215161997255,539.9195585906052,4.25362835126477,1,4,6,1
6.891666666666667,966.7282475472263,539.9817096389214,4.186795651951677,1,4,6,1
6.9,965.9310428064067,539.4959547034292,4.214211640461521,1,4,6,1
6.908333333333333,968.0383152990883,539.1707154811138,4.157443195702479,1,4,6,1
6.916666666666667,967.4347953073272,537.6453272574042,4.16080845772706,1,4,6,1
6.925,968.7425525886308,537.1313897217981,4.135153095767618,1,4,6,1
6.933333333333334,969.90260017723,538.2686816376007,4.192929249199,1,4,6,1
6.941666666666666,970.0099842800173,537.126249034764,4.190796102011157,1,4,6,1
6.95,969.3384918490938,537.1536660381879,4.189598388056042,1,4,6,1
6.958333333333333,969.9786129427896,536.6363990680288,4.210774207212424,1,4,6,1
6.966666666666667,970.1413204738946,537.4116478289124,4.220445330962664,1,4,6,1
6.975,970.012567208029,538.143266107646,4.1844825079709445,1,4,6,1
6.983333333333333,971.1139486728963,538.6088048563067,4.244323055174198,1,4,6,1
6.991666666666666,970.7141892251568,537.6170895163116,4.250719619961826,1,4,6,1
7.0,970.4587543904853,538.4168530773243,4.2050917093926765,1,4,6,1
7.008333333333334,970.5889756483823,538.2204418070654,4.201754551128481,1,4,6,1
7.016666666666667,970.6631237496133,538.5750964863545,4.267196820165566,1,4,6,1
7.025,971.233134277762,538.4997230945222,4.1919556044745985,1,4,6,1
7.033333333333333,970.7099819871206,538.3635335963927,4.275313724017386,1,4,6,1
7.041666666666667,970.236717986918,538.0376737590792,4.3083078555093115,1,4,6,1
7.05,971.9457354639283,536.7029703167905,4.251300783871896,1,4,6,1
7.058333333333334,972.0921880575894,535.686679256607,4.254872111123938,1,4,6,1
7.066666666666666,972.8368205279634,536.3261025948821,4.255565587964822,1,4,6,1
7.075,971.4188995710858,535.9821689752341,4.28224062771634,1,4,6,1
7.083333333333333,971.0783452179006,535.3825360212937,4.260476108021118,1,4,6,1
7.091666666666667,1186.1487319487076,444.6878368338638,4.296215382790604,1,4,6,1
7.1,1187.4509224816452,444.77814203483376,4.2624337536382,1,4,6,1
7.108333333333333,970.7344319485676,535.9782396127503,4.295892848777833,1,4,6,1
7.116666666666666,969.4277183011326,535.920289287008,4.352065676605439,1,4,6,1
7.125,968.6842960098003,535.0941207204046,4.321673628836195,1,4,6,1
7.133333333333334,967.6968674478559,534.8972492713136,4.310860224957694,1,4,6,1
7.141666666666667,968.4859834239264,534.3927866948544,4.274350623516614,1,4,6,1
7.15,968.7865835200407,533.7675223276276,4.286305872734161,1,4,6,1
7.158333333333333,967.7308220313,534.283742260491,4.350516354753085,1,4,6,1
7.166666666666667,968.4079537349666,535.4843153666737,4.302783471057167,1,4,6,1
7.175,968.6084821299951,535.1933237140934,4.257954848473976,1,4,6,1
7.183333333333334,968.854372084688,535.3947906797292,4.329604697981305,1,4,6,1
7.191666666666666,969.1027333072794,534.4293255707283,4.292504408431464,1,4,6,1
7.2,968.6269905001003,534.5077092021052,4.263966604336263,1,4,6,1
7.208333333333333,969.6447857345536,534.9580768691743,4.221582699443927,1,4,6,1
7.216666666666667,969.8945152950699,535.7940263489851,4.25196679702332,1,4,6,1
7.225,968.8761945379891,535.4760101648507,4.27807848024187,1,4,6,1
7.233333333333333,968.7504105933233,534.3143613872872,4.204081166223861,1,4,6,1
7.241666666666666,969.5120045355663,534.2232063636498,4.1990223327785685,1,4,6,1
7.25,969.8621837044024,533.9560858441332,4.250663887703016,1,4,6,1
7.258333333333334,969.3153439159647,534.7766852861741,4.268804715465547,1,4,6,1
7.266666666666667,969.8942298305035,534.242020785443,4.226522039889769,1,4,6,1
7.275,969.4268964310079,533.3960635662638,4.2180305419473,1,4,6,1
7.283333333333333,969.5756566825327,533.2938588206773,4.23156082345314,1,4,6,1
7.291666666666667,968.2356534618153,532.0565124512664,4.157039478141411,1,4,6,1
7.3,967.8243536612622,532.8564556032818,4.219526502779811,1,4,6,1
7.308333333333334,965.8054670027516,532.7680478007652,4.195846038814466,1,4,6,1
7.316666666666666,965.5750150915757,533.8251042360807,4.130866634392575,1,4,6,1
7.325,964.7576075472045,534.774750311581,4.135682021738268,1,4,6,1
7.333333333333333,965.5807439040807,535.578542747247,4.1962184093229,1,4,6,1
7.341666666666667,965.9548714555617,535.9687428992714,4.148683383833704,1,4,6,1
7.35,966.0042187427484,535.3569551597404,4.121672258461875,1,4,6,1
7.358333333333333,968.0833918150577,536.0667235133019,4.1408883394009415,1,4,6,1
7.366666666666666,969.0375030260896,535.9366257419445,4.1498124881118885,1,4,6,1
7.375,969.5889371738724,535.366349380884,4.146699693514081,1,4,6,1
7.383333333333334,970.6517471724904,536.6328006503979,4.064304534139787,1,4,6,1
7.391666666666667,970.6548654645837,537.3357267227709,4.126999706171104,1,4,6,1
7.4,971.4600429703818,536.5419162928323,4.116344888321942,1,4,6,1
7.408333333333333,971.9350896532304,537.1840111703564,4.131308270309356,1,4,6,1
7.416666666666667,971.6708445250108,537.5412713222809,4.160210195310984,1,4,6,1
7.425,972.6001668205103,537.9259101700501,4.0681954289400934,1,4,6,1
7.433333333333334,972.8759534682229,538.9258693254436,4.123982256626238,1,4,6,1
7.441666666666666,972.9316299858739,538.1633270589127,4.126458358410228,1,4,6,1
7.45,973.9903402479785,538.4679955856977,4.150781553655894,1,4,6,1
7.458333333333333,975.7464903029869,538.9491319552799,4.124865689598311,1,4,6,1
7.466666666666667,976.2109971771213,539.6656480205713,4.142794272887674,1,4,6,1
7.475,976.2811747528757,538.4419856394193,4.098149461175695,1,4,6,1
7.483333333333333,976.5020703034681,538.2127021127167,4.164399806963125,1,4,6,1
7.491666666666666,976.6898450496221,539.1368790382647,4.0744647568270125,1,4,6,1
7.5,976.5138090941613,539.5349038517426,4.0682934571572344,1,4,6,1
7.508333333333334,977.2767828380726,539.8287255584082,4.057322107465145,1,4,6,1
7.516666666666667,977.6387464961435,541.412414955984,4.149789785441327,1,4,6,1
7.525,979.1035549098691,542.0349510413004,4.067799641098058,1,4,6,1
7.533333333333333,979.6989554365575,541.9812353399047,4.138968010223993,1,4,6,1
7.541666666666667,978.740457329408,542.2717154427505,4.164149433430659,1,4,6,1
7.55,978.6408672576792,543.0026369020743,4.08001851113729,1,4,6,1
7.558333333333334,979.809698328579,543.0062501837682,4.028691837982137,1,4,6,1
7.566666666666666,980.7091078405252,544.8506592490141,4.09928822665986,1,4,6,1
7.575,979.7196082747473,544.020766189189,4.109703052537021,1,4,6,1
7.583333333333333,979.8494862009431,543.5574035299331,4.019940663159804,1,4,6,1
7.591666666666667,979.5143967009817,544.233272924843,4.0924755952411935,1,4,6,1
7.6,979.300381924725,545.1561712192399,4.117901882939897,1,4,6,1
7.608333333333333,980.2545884690662,543.4457784399932,4.1011599202681985,1,4,6,1
7.616666666666666,980.5080755492056,544.4417717295132,4.08955796720062,1,4,6,1
7.625,980.3112782746967,543.7640364631438,4.097312906479002,1,4,6,1
7.633333333333334,979.4907240202887,544.6648408380344,4.037563559386373,1,4,6,1
7.641666666666667,979.1026691098722,544.3955359541958,4.093215135694761,1,4,6,1
7.65,978.7390165316398,544.0307903150451,4.105234002835155,1,4,6,1
7.658333333333333,977.9360513925841,543.5840611914759,4.101500067562589,1,4,6,1
7.666666666666667,978.2222583348861,544.2139754472496,4.058260134126891,1,4,6,1
7.675,977.8972140519568,543.2093680492331,4.085983730674818,1,4,6,1
7.683333333333334,977.4055097828633,543.1342037742305,4.083565988231751,1,4,6,1
7.691666666666666,978.9102542935532,543.595030628362,4.083785382779912,1,4,6,1
7.7,978.6218789600878,544.2204354226466,4.077684317946267,1,4,6,1
7.708333333333333,978.780756805116,544.7851706411445,4.080426511075448,1,4,6,1
7.716666666666667,978.2265309616488,543.9436808797751,4.0661179240774725,1,4,6,1
7.725,979.5556516182085,543.6088823532695,4.017889943734352,1,4,6,1
7.733333333333333,979.1566768200915,543.3751072515321,4.067776499525066,1,4,6,1
7.741666666666666,977.9113468656277,542.6329670990227,4.048722666610126,1,4,6,1
7.75,978.7521274873884,542.2970303554985,4.041826224736503,1,4,6,1
7.758333333333334,979.3447190792614,541.6064600124936,4.13332691840276,1,4,6,1
7.766666666666667,978.1136007998726,541.7744341799802,4.057462929062507,1,4,6,1
7.775,978.467513849605,542.0272859717479,4.060305451434928,1,4,6,1
7.783333333333333,978.4009133508602,541.5086206442365,4.077370966850487,1,4,6,1
7.791666666666667,978.5660826772441,542.1029842293066,4.064989317644364,1,4,6,1
7.8,978.7674338580913,542.7573910455933,4.085645563603443,1,4,6,1
7.808333333333334,1361.3937709729983,873.6665906699918,4.0316384925785655,1,4,6,1
7.816666666666666,1361.1328768769545,875.7237914866128,4.059067623431683,1,4,6,1
7.825,979.4175873837266,545.830915351254,4.052303599830347,1,4,6,1
7.833333333333333,978.965076265332,546.7530264300066,4.039072520202008,1,4,6,1
7.841666666666667,978.0867307646531,546.4007533330736,4.079534512020743,1,4,6,1
7.85,977.3014470510635,546.3360421468653,3.9954604187936,1,4,6,1
7.858333333333333,977.0237263981403,545.9757454026819,4.07071617315563,1,4,6,1
7.866666666666666,976.9859191468385,546.4307232874773,4.08132295399656,1,4,6,1
7.875,977.0822570292773,546.1696971355022,4.032724317320587,1,4,6,1
7.883333333333334,977.047043844278,546.2651530929099,4.052771089595553,1,4,6,1
7.891666666666667,977.1926531348751,547.1382129150344,4.085902614978049,1,4,6,1
7.9,977.9695839286321,547.2648494360533,4.031424173654059,1,4,6,1
7.908333333333333,978.6106579740102,548.7745253870706,4.008044588001269,1,4,6,1
7.916666666666667,977.9985801302738,549.0700435803938,4.056565865296252,1,4,6,1
7.925,977.6769107936526,547.3453230008153,4.065301336189939,1,4,6,1
7.933333333333334,978.1375470492287,548.1356486536546,4.0267141967262585,1,4,6,1
7.941666666666666,978.124946875139,547.9643193220991,3.9950197330196824,1,4,6,1
7.95,977.1624441664283,548.6024257416891,4.055844581402802,1,4,6,1
7.958333333333333,977.0822070406546,548.1285117477072,4.080090124647927,1,4,6,1
7.966666666666667,977.5115164644819,548.6416054134244,4.02809087413663,1,4,6,1
7.975,978.5673251833368,548.352083427009,4.030113954640775,1,4,6,1
7.983333333333333,978.2828617453969,548.9474999509007,4.026447744579698,1,4,6,1
7.991666666666666,979.9747382522625,549.1198608323016,3.9353956591417707,1,4,6,1
8.0,978.8094386324607,549.6539729272557,4.063908856896909,1,4,6,1
8.008333333333333,979.8557424586202,548.8475458056969,4.0247665472144085,1,4,6,1
8.016666666666667,980.3127190661899,548.9554664148721,4.091407879789114,1,4,6,1
8.025,979.8001703020572,549.1756043955634,4.031969324045297,1,4,6,1
8.033333333333333,978.7515015271368,548.9637076327441,4.02289816535579,1,4,6,1
8.041666666666666,977.9489613769113,548.8657040651593,4.060411237353425,1,4,6,1
8.05,978.1845944512066,547.662618369095,4.027787952764834,1,4,6,1
8.058333333333334,976.6720948441322,548.039085480179,4.088294838576087,1,4,6,1
8.066666666666666,977.4307627404891,547.4781092305581,3.9824423618586895,1,4,6,1
8.075,978.3608315957938,546.9081263220231,4.0201444061594955,1,4,6,1
8.083333333333334,1474.9818147239591,452.7583932546503,4.042803812117766,1,4,6,1
8.091666666666667,1475.2446993918222,452.6862640477116,4.065840426655232,1,4,6,1
8.1,980.1324276753555,546.3000096263681,4.076575802292453,1,4,6,1
8.108333333333333,979.6377914001723,546.1957444105693,4.025974216873187,1,4,6,1
8.116666666666667,978.3461402623781,545.9380063757794,4.062489938799652,1,4,6,1
8.125,977.4653173228492,545.8037155223884,4.046259333687386,1,4,6,1
8.133333333333333,977.5325381118795,546.8040185461809,4.065232587743866,1,4,6,1
8.141666666666667,977.026139516927,547.7275694647841,4.000837834232162,1,4,6,1
8.15,977.5504441115227,547.4637548580108,3.974237486885472,1,4,6,1
8.158333333333333,977.8083394219125,546.9190398407229,4.000599093871772,1,4,6,1
8.166666666666666,978.3563028609976,546.9096006658575,4.042563527816872,1,4,6,1
8.175,978.3873492394121,546.4467628266224,4.041287275968173,1,4,6,1
8.183333333333334,978.2634333149546,544.9367396588029,4.037048323072777,1,4,6,1
8.191666666666666,977.3471312479394,545.1043906460424,4.070758604458888,1,4,6,1
8.2,976.1933933324219,543.3733823011776,4.014279816295222,1,4,6,1
8.208333333333334,977.0683252389597,544.1887445026446,4.035379193841527,1,4,6,1
8.216666666666667,977.7479836632461,544.9784660769276,4.013129176164471,1,4,6,1
8.225,975.8249716066309,544.0525659298062,3.981981661886865,1,4,6,1
8.233333333333333,974.9438232079862,544.5033552858524,3.989550167346075,1,4,6,1
8.241666666666667,974.2114437222862,544.2990224466752,3.967610194675169,1,4,6,1
8.25,974.2571554394907,544.9074428355317,4.0405142781066585,1,4,6,1
8.258333333333333,975.9452919920158,545.4974735674512,4.014311661731147,1,4,6,1
8.266666666666667,974.1941018628489,545.209399436784,4.017440138423157,1,4,6,1
8.275,973.7036274867598,545.1866862443819,3.961368515639921,1,4,6,1
8.283333333333333,974.2964475410474,544.4362620461985,3.957882544540941,1,4,6,1
8.291666666666666,974.0587913325995,543.9208941338554,4.004951058668538,1,4,6,1
8.3,973.9122731105132,544.6921158191933,4.063764207682805,1,4,6,1
8.308333333333334,974.8684731031931,545.2258447906572,3.97991383704505,1,4,6,1
8.316666666666666,1905.1674647866002,1015.8718924297339,4.012987978003279,1,4,6,1
8.325,1904.0768721164686,1015.5422326793347,4.017191260803254,1,4,6,1
8.333333333333334,975.5982120137821,545.0535231998551,3.9809619516394603,1,4,6,1
8.341666666666667,974.9744688298188,545.1464805266817,4.030757263796004,1,4,6,1
8.35,975.2086942035944,544.7236821352452,4.035409179106928,1,4,6,1
8.358333333333333,974.4095684617556,545.3430698767415,4.013656217395045,1,4,6,1
8.366666666666667,974.7112220945414,545.8488484225469,3.965571954752754,1,4,6,1
8.375,974.8486069536945,545.1394599619438,3.9911659765389054,1,4,6,1
8.383333333333333,975.3524635038569,544.8330340434553,4.001650762357619,1,4,6,1
8.391666666666667,975.7695274136939,545.8647966290429,4.011768664343499,1,4,6,1
8.4,974.6275637362916,546.012563699126,4.04665079917009,1,4,6,1
8.408333333333333,974.2354538868915,545.5903667713151,3.988013247104929,1,4,6,1
8.416666666666666,973.9375934170578,547.1524329862167,3.9782250719818033,1,4,6,1
8.425,974.1928725379778,546.4103556372569,4.049141975997159,1,4,6,1
8.433333333333334,972.9432447668216,547.759874545696,4.003439837310665,1,4,6,1
8.441666666666666,971.8656276937911,546.2373893743247,4.021353831319759,1,4,6,1
8.45,971.0214480379652,545.9157097113923,4.0046592709265,1,4,6,1
8.458333333333334,970.6819501095391,545.6399590848189,4.0501999092892085,1,4,6,1
8.466666666666667,971.0284404071107,545.1039244245594,3.919843164091533,1,4,6,1
8.475,971.0446826856153,544.5288258939449,3.978637932121378,1,4,6,1
8.483333333333333,970.1131635836692,544.8234810830244,4.041347403021226,1,4,6,1
8.491666666666667,969.9951770142039,546.2343953476812,3.9523887304970033,1,4,6,1
8.5,971.0617821348907,548.0920168985052,4.054497627652722,1,4,6,1
8.508333333333333,970.2816252087478,547.6556726971696,4.039984989981232,1,4,6,1
8.516666666666667,971.1637917800225,547.3523797342049,4.013363196517755,1,4,6,1
8.525,972.3182227623548,547.8878029653682,3.9940889015550263,1,4,6,1
8.533333333333333,972.0705817453882,547.8775268968004,4.048649239529847,1,4,6,1
8.541666666666666,971.9558788818722,546.9465956922069,3.9613752429962794,1,4,6,1
8.55,972.412549659317,547.363355588448,4.055013859221144,1,4,6,1
8.558333333333334,972.3521178943562,547.5355850530851,4.009536840682781,1,4,6,1
8.566666666666666,973.0049355784316,548.2172288382502,3.956981502081169,1,4,6,1
8.575,973.4890781632542,547.4043446508472,4.036361975815659,1,4,6,1
8.583333333333334,974.1147228241498,546.7917864362637,4.0555030905791805,1,4,6,1
8.591666666666667,974.9341446321184,546.9291584286514,4.033111750900329,1,4,6,1
8.6,974.570440173001,547.8565541748911,4.011409139406146,1,4,6,1
8.608333333333333,973.5192536377473,547.0132282929573,3.96058933588463,1,4,6,1
8.616666666666667,975.0157745612054,545.9798348800329,3.92619755102596,1,4,6,1
8.625,976.1831830798064,545.9937060529293,4.003346052058233,1,4,6,1
8.633333333333333,975.5256854137098,546.5614632984992,4.002532661172388,1,4,6,1
8.641666666666667,975.3854749635607,546.4145128717139,3.966673553238999,1,4,6,1
8.65,974.8116291471488,546.9258501378418,3.9684683477922955,1,4,6,1
8.658333333333333,975.8571891529638,546.9081335801856,4.026375223575351,1,4,6,1
8.666666666666666,974.7719141649668,546.8869250822894,3.964758983328152,1,4,6,1
8.675,974.5570571952105,546.220512450868,4.029991494210871,1,4,6,1
8.683333333333334,975.0854916885507,547.1532831340546,3.9790406850204474,1,4,6,1
8.691666666666666,974.7660155269895,547.2434475997215,3.9791991657100776,1,4,6,1
8.7,975.8008235510181,548.1709285145616,4.0133772781902435,1,4,6,1
8.708333333333334,976.8251996257868,547.5685338509649,3.9603803358533307,1,4,6,1
8.716666666666667,977.1897558693075,546.5934223947143,4.0317545226815055,1,4,6,1
8.725,977.7396328371152,547.7227888073612,4.033027235076576,1,4,6,1
8.733333333333333,979.1001054887914,547.8719194859693,4.065447825219922,1,4,6,1
8.741666666666667,979.71935602355,549.0640761595276,4.028764162350962,1,4,6,1
8.75,981.1858919310779,547.4818364940922,4.0174319495082145,1,4,6,1
8.758333333333333,980.8217058746172,546.1701419049815,4.075667929937774,1,4,6,1
8.766666666666667,979.934977897051,544.2330177951883,3.997150244713813,1,4,6,1
8.775,979.8678497946554,545.5872475182977,4.009976661531388,1,4,6,1
8.783333333333333,980.5580721024462,546.6490416572723,3.9877466626539717,1,4,6,1
8.791666666666666,980.5179089603413,546.1208363458015,3.950138019496527,1,4,6,1
8.8,979.3904797256934,546.2026979495857,3.9612860359983304,1,4,6,1
8.808333333333334,978.4681710600337,546.3557738849045,3.957122715755091,1,4,6,1
8.816666666666666,979.1078376948832,544.9408167280976,3.9854281373078257,1,4,6,1
8.825,978.8778545211263,545.4230569220753,4.057372058488831,1,4,6,1
8.833333333333334,978.2005863803681,545.7763514776395,4.045737979884172,1,4,6,1
8.841666666666667,978.2834798607743,546.251831830941,3.9597214671210343,1,4,6,1
8.85,980.1357510215066,546.2238619935888,3.959377729846501,1,4,6,1
8.858333333333333,979.3074514069147,545.2416133954723,4.050043348139409,1,4,6,1
8.866666666666667,979.5659069540242,544.9445275176546,4.023333976810313,1,4,6,1
8.875,978.5517775485191,545.8819092237526,4.023599644019733,1,4,6,1
8.883333333333333,978.4943833283457,545.4767142391534,3.9787030733114217,1,4,6,1
8.891666666666667,978.6811915466809,545.4001808350089,3.9931704692428664,1,4,6,1
8.9,978.7169714877426,545.0743759216844,3.9748513065757742,1,4,6,1
8.908333333333333,979.3216562203744,546.0020203997218,3.981901277200903,1,4,6,1
8.916666666666666,979.45666726331,546.2865947594452,3.9660734236251054,1,4,6,1
8.925,980.918305421152,547.5408804643215,3.9876862729929674,1,4,6,1
8.933333333333334,981.1185946376334,548.6661946457674,4.000293064753632,1,4,6,1
8.941666666666666,979.9243955947908,549.1790104298362,4.042068469047402,1,4,6,1
8.95,980.9415027926703,550.000198507213,3.9854637872319483,1,4,6,1
8.958333333333334,980.5311354271618,549.6273896292696,3.996855147958558,1,4,6,1
8.966666666666667,981.1387127733145,548.8624314798577,3.997229948595255,1,4,6,1
8.975,980.6299194415899,548.1921548046711,3.961923394530979,1,4,6,1
8.983333333333333,981.6552481784294,548.3881002915805,3.9930777683985688,1,4,6,1
8.991666666666667,981.6118405355649,547.8202541451899,3.98050424344033,1,4,6,1
9.0,982.2256389016973,546.6703210872089,3.9663875371243935,1,4,6,1
9.008333333333333,981.429518324007,546.445792023204,4.009323083197195,1,4,6,1
9.016666666666667,981.9559093106257,546.6758859275957,3.974041483641603,1,4,6,1
9.025,982.2852102074604,546.0839042354158,4.028869104841871,1,4,6,1
9.033333333333333,981.70098049173,547.3106821588448,3.972516447525626,1,4,6,1
9.041666666666666,981.1789282968804,547.6356858006349,4.066020641475581,1,4,6,1
9.05,981.3672596906703,547.1525873331115,3.993820420873967,1,4,6,1
9.058333333333334,981.2476091180027,547.2199873802825,3.9946133574984763,1,4,6,1
9.066666666666666,980.986032232643,547.4338121986812,4.012784824188357,1,4,6,1
9.075,981.1898769761827,548.7552246224128,4.0426548612611155,1,4,6,1
9.083333333333334,981.698916069136,547.4163908286249,4.002657683899411,1,4,6,1
9.091666666666667,981.0063649457312,548.153147092728,3.9496806185585136,1,4,6,1
9.1,982.1599381567809,547.1673630249192,4.05889590798852,1,4,6,1
9.108333333333333,980.8485095250858,547.2813018184623,4.0359819856107695,1,4,6,1
9.116666666666667,980.4371597944727,546.6611129662728,4.014974021360997,1,4,6,1
9.125,980.7620022153711,547.8863429347622,3.9764576251421953,1,4,6,1
9.133333333333333,980.953446137102,548.7456880115335,3.979657680552286,1,4,6,1
9.141666666666667,980.2312363971524,547.612964381386,3.969258346339019,1,4,6,1
9.15,980.7442690925706,549.7301469573116,4.029716671308892,1,4,6,1
9.158333333333333,980.1399809830676,549.5022772526181,4.016840185108782,1,4,6,1
9.166666666666666,979.0616339951137,550.0641076491493,4.015073270228311,1,4,6,1
9.175,978.3328576630881,550.1055278960349,4.031333351740688,1,4,6,1
9.183333333333334,978.6951203963217,549.3233310566262,3.9724118437340827,1,4,6,1
9.191666666666666,979.0732079516279,549.1686218953191,3.9882736457778747,1,4,6,1
9.2,977.962088994653,548.5169276804533,4.006085521241496,1,4,6,1
9.208333333333334,978.8330100386822,547.6411154076214,4.046134828571036,1,4,6,1
9.216666666666667,979.7969684854658,547.0398030684116,4.000870166689991,1,4,6,1
9.225,978.5672603204811,548.439235498334,4.032969867896418,1,4,6,1
9.233333333333333,978.122887782472,549.0825798673457,3.9913324718537493,1,4,6,1
9.241666666666667,977.3928006307221,548.8614014446055,4.022971607823814,1,4,6,1
9.25,977.1529844688938,549.3031028005577,4.066516446229657,1,4,6,1
9.258333333333333,976.9094956695994,549.2546313566195,4.035557884884646,1,4,6,1
9.266666666666667,977.738918977873,547.402652994387,4.024124904706567,1,4,6,1
9.275,978.6539861287242,547.0232482808592,3.955465260772646,1,4,6,1
9.283333333333333,978.8105599915275,548.2005825263377,4.010807675934262,1,4,6,1
9.291666666666666,978.0881846932758,549.5536537097124,3.9579664458919943,1,4,6,1
9.3,978.6456533477332,551.5996762266831,4.048571296603618,1,4,6,1
9.308333333333334,978.1850700948822,551.0512515269769,4.032939925093268,1,4,6,1
9.316666666666666,978.9426179519105,552.6375356873662,4.048317079546854,1,4,6,1
9.325,979.2942735663075,552.5565159750436,4.062742362653048,1,4,6,1
9.333333333333334,978.6242361629004,553.3882490390749,4.024580016052553,1,4,6,1
9.341666666666667,980.0287378880438,552.0331833410353,3.9857572102859855,1,4,6,1
9.35,979.4056476243882,552.152889341581,4.066443889319784,1,4,6,1
9.358333333333333,980.2363003704888,553.1431726281069,4.003292789303333,1,4,6,1
9.366666666666667,980.4734491548011,553.7650037748299,4.00148311514986,1,4,6,1
9.375,981.310110025437,554.6132269918851,3.9831026133735454,1,4,6,1
9.383333333333333,,,,0,4,6,1
9.391666666666667,,,,0,4,6,1
9.4,,,,0,4,6,1
9.408333333333333,,,,0,4,6,1
9.416666666666666,,,,0,4,6,1
9.425,,,,0,4,6,1
9.433333333333334,,,,0,4,6,1
9.441666666666666,,,,0,4,6,1
9.45,,,,0,4,6,1
9.458333333333334,,,,0,4,6,1
9.466666666666667,,,,0,4,6,1
9.475,,,,0,4,6,1
9.483333333333333,981.9416027341723,552.6969594200727,4.028858954908072,1,4,6,1
9.491666666666667,982.933388508121,552.5189984189026,4.056896015442782,1,4,6,1
9.5,982.3422625490358,553.4061093275299,4.070140510668391,1,4,6,1
9.508333333333333,982.0559775513647,553.5348679194611,4.051797175388621,1,4,6,1
9.516666666666667,980.807876709382,554.0142778166517,3.9832529566239474,1,4,6,1
9.525,991.3411199276921,213.41116704292006,4.092433208811505,1,4,6,1
9.533333333333333,991.1956994379577,214.43203172286906,4.135182167735846,1,4,6,1
9.541666666666666,979.143979398827,554.1586543474142,4.023457343193521,1,4,6,1
9.55,980.5342352230747,554.3507393230067,4.011782862111938,1,4,6,1
9.558333333333334,980.9001384670863,553.6242591156891,4.039599869696747,1,4,6,1
9.566666666666666,980.6731168588655,553.4256943112996,3.998896224589963,1,4,6,1
9.575,982.0166865052754,553.5243390793757,4.051376743972374,1,4,6,1
9.583333333333334,982.0495148824184,553.6653470894831,4.097537550669096,1,4,6,1
9.591666666666667,982.8523906416395,554.4643321390671,4.031158505988944,1,4,6,1
9.6,982.963754586801,555.2995391076382,4.062863313062053,1,4,6,1
9.608333333333333,983.0308177679059,555.8610905089054,4.082481535207677,1,4,6,1
9.616666666666667,982.2007165238368,556.1699218061267,4.052498576601482,1,4,6,1
9.625,981.5554735191248,555.5670961343516,4.081812387831638,1,4,6,1
9.633333333333333,981.484402887911,554.8059342324873,4.0396915022928885,1,4,6,1
9.641666666666667,981.9956476402938,553.5165314685278,4.003083320209846,1,4,6,1
9.65,981.9404092115808,554.1369676596528,4.08783933082171,1,4,6,1
9.658333333333333,981.1304017560519,554.4553195681369,4.07248919341555,1,4,6,1
9.666666666666666,980.4631134322974,554.5622762618043,4.060371532560497,1,4,6,1
9.675,978.7199972724568,554.762874245871,4.0606860481103855,1,4,6,1
9.683333333333334,979.2260693931039,555.2164348539977,4.132671311377183,1,4,6,1
9.691666666666666,979.1496917466325,554.2628773052086,4.083990081631415,1,4,6,1
9.7,978.6774899294386,552.1058583593318,3.992251511419361,1,4,6,1
9.708333333333334,978.0698646292395,552.5085255676744,4.074851645061627,1,4,6,1
9.716666666666667,977.3463927812356,552.4849561390396,4.076986206066243,1,4,6,1
9.725,977.6893515615682,552.4063772488036,4.097628848183297,1,4,6,1
9.733333333333333,979.0053444554723,553.0134950835119,4.101477233330735,1,4,6,1
9.741666666666667,978.6500175029087,553.8071437452247,4.1158676022014395,1,4,6,1
9.75,978.3337544832824,553.5811781275063,4.098257168371429,1,4,6,1
9.758333333333333,979.065366575187,553.4267295585663,4.037446213559796,1,4,6,1
9.766666666666667,977.8093457500355,552.4527284453428,4.109114518014488,1,4,6,1
9.775,977.9276599298651,551.4129117410183,4.075280100442114,1,4,6,1
9.783333333333333,976.8422165805517,550.8199959271224,4.055463266782103,1,4,6,1
9.791666666666666,976.5431325571402,551.0939387477077,4.083012839737277,1,4,6,1
9.8,976.3399121935435,551.60756809362,4.086766736290253,1,4,6,1
9.808333333333334,977.2876518540254,551.716516439413,4.070967220052096,1,4,6,1
9.816666666666666,977.0344841909334,551.6456485321199,4.07408422553604,1,4,6,1
9.825,977.3490613951274,551.0392154765017,4.094800251069819,1,4,6,1
9.833333333333334,977.7261972323378,550.6836520710349,4.077335098041105,1,4,6,1
9.841666666666667,976.8967744631325,550.2006118888662,4.121728506594522,1,4,6,1
9.85,977.2881488923388,548.5481830012476,4.103455543713948,1,4,6,1
9.858333333333333,977.7964763619035,548.2103957784697,4.10864849300199,1,4,6,1
9.866666666666667,978.00469703972,547.9166171072281,4.084586007130878,1,4,6,1
9.875,977.4020864809002,548.7713051731661,4.124927779064061,1,4,6,1
9.883333333333333,976.4856881104351,547.58948498781,4.078687199267643,1,4,6,1
9.891666666666667,976.7475191929993,547.7149273982279,4.124002689428718,1,4,6,1
9.9,977.2934910961609,546.9437904913488,4.021357855555652,1,4,6,1
9.908333333333333,977.3619361095105,546.3089707942627,4.085274771087717,1,4,6,1
9.916666666666666,978.6564923442245,546.6009354086659,4.067544835395959,1,4,6,1
9.925,978.3772984158643,548.062546959557,4.032070375553553,1,4,6,1
9.933333333333334,978.2057782747959,548.7818531658918,4.150302202860309,1,4,6,1
9.941666666666666,977.2548233779007,548.6807398879016,4.09942618277982,1,4,6,1
9.95,976.6663214410532,549.7944923977673,4.12357635172007,1,4,6,1
9.958333333333334,976.7510977738717,550.1244776681851,4.012543343444611,1,4,6,1
9.966666666666667,976.333682917933,550.3926601172129,4.0551518759804175,1,4,6,1
9.975,975.7400792506701,549.3244430751756,4.103030889558821,1,4,6,1
9.983333333333333,975.6051859972224,549.5962277949794,4.09362853916872,1,4,6,1
9.991666666666667,974.79500895622,549.523151429166,4.081426654090274,1,4,6,1
10.0,975.3234780956066,548.6423124467793,4.158607395236915,1,4,6,1
10.008333333333333,976.0206397836602,547.3316061244585,4.115028945249804,1,4,6,1
10.016666666666667,975.0955212239393,546.2372798112604,4.092455610693405,1,4,6,1
10.025,974.9397168005254,547.5591897166277,4.121746923475693,1,4,6,1
10.033333333333333,974.6169397332843,549.1014102954089,4.119618964647421,1,4,6,1
10.041666666666666,974.224760488381,549.21302927126,4.12907262225988,1,4,6,1
10.05,973.9261883117888,549.1625827474853,4.133577571071244,1,4,6,1
10.058333333333334,974.1644834982977,549.5860037198433,4.103726330249887,1,4,6,1
10.066666666666666,974.3802401006918,550.221293520242,4.054506488938248,1,4,6,1
10.075,973.5040279640505,548.8088365575607,4.146387097393257,1,4,6,1
10.083333333333334,972.2513510349877,548.765691248169,4.036842073209799,1,4,6,1
10.091666666666667,973.7183743170608,548.3980430206597,4.12439513798172,1,4,6,1
10.1,974.2641439506183,549.6538093006933,4.15191096963535,1,4,6,1
10.108333333333333,974.6309947312795,549.9498040339857,4.0907333295963575,1,4,6,1
10.116666666666667,1844.7747273443035,863.2212946865252,4.0565260878742375,1,4,6,1
10.125,1843.8982404840199,863.6599619304598,4.104241375088907,1,4,6,1
10.133333333333333,973.7662836774251,550.8094703778554,4.067648214557325,1,4,6,1
10.141666666666667,972.6701754996565,550.9196859448674,4.158748470098171,1,4,6,1
10.15,973.0532598072095,551.3497988531174,4.128799734426354,1,4,6,1
10.158333333333333,973.4633961495547,552.2282767072272,4.130855248110128,1,4,6,1
10.166666666666666,972.864307657511,552.6565401982554,4.133040595843794,1,4,6,1
10.175,972.8984980412067,552.2320680896732,4.124867435783946,1,4,6,1
10.183333333333334,973.4084746757492,553.7907854599159,4.117630990069941,1,4,6,1
10.191666666666666,973.5871902721601,551.7237193243335,4.136786693905816,1,4,6,1
10.2,972.9795010458209,550.3939950448045,4.112976661914864,1,4,6,1
10.208333333333334,972.6078093237209,549.0614598037763,4.1241574053074395,1,4,6,1
10.216666666666667,1546.2637810986118,515.5547606653917,4.108890718303812,1,4,6,1
10.225,1547.190657512214,516.3857785129936,4.105752240355086,1,4,6,1
10.233333333333333,973.0237537359579,549.5123557125972,4.119414896482219,1,4,6,1
10.241666666666667,973.653872195184,549.8116163360702,4.129687853748679,1,4,6,1
10.25,975.7940837375995,550.260632321881,4.198894038948818,1,4,6,1
10.258333333333333,840.9173876650433,486.1363953052475,4.138167539385988,1,4,6,1
10.266666666666667,840.9839496703556,486.7549568092617,4.0648597714831425,1,4,6,1
10.275,975.4793146079134,550.6185129988633,4.157192214002778,1,4,6,1
10.283333333333333,975.5724078511107,550.4896003823642,4.154792795291089,1,4,6,1
10.291666666666666,976.1918299042914,551.2049361469961,4.150084853939033,1,4,6,1
10.3,975.8286042023839,551.0351212438742,4.15816494792703,1,4,6,1
10.308333333333334,974.7221308209805,550.3261738436504,4.126426363265371,1,4,6,1
10.316666666666666,975.2510057522201,553.0082264455227,4.128621364982282,1,4,6,1
10.325,974.6843024064954,552.5960548386889,4.182837718434528,1,4,6,1
10.333333333333334,974.2949545528933,551.6533348683224,4.171913067449052,1,4,6,1
10.341666666666667,975.2311123635685,552.2728645513703,4.159099930158825,1,4,6,1
10.35,975.4882779877194,551.5404681697689,4.195796626467755,1,4,6,1
10.358333333333333,975.1178396516608,552.4519232049098,4.20208557341537,1,4,6,1
10.366666666666667,975.2313217768758,552.101884107673,4.18234448309962,1,4,6,1
10.375,974.1097565804045,553.5922510275989,4.1759583424663775,1,4,6,1
10.383333333333333,973.7031895405976,553.3860347233293,4.2227787712442835,1,4,6,1
10.391666666666667,973.0546640703946,553.6045200625096,4.214363688235912,1,4,6,1
10.4,972.708065887757,553.3994094735864,4.236366411515428,1,4,6,1
10.408333333333333,972.4783714325588,553.2380431429597,4.262568911205673,1,4,6,1
10.416666666666666,972.4750976929587,553.3274946590282,4.252403601304311,1,4,6,1
10.425,971.6312796084108,554.4617512006104,4.2262821850218195,1,4,6,1
10.433333333333334,971.809561114528,553.7183961621805,4.1906213335731115,1,4,6,1
10.441666666666666,971.9511563697758,553.593525767764,4.277823087605991,1,4,6,1
10.45,973.1401154767593,554.6967790865974,4.29676698689318,1,4,6,1
10.458333333333334,972.9970366098428,553.3512425513271,4.2765095781038,1,4,6,1
10.466666666666667,972.5422649909347,553.9136621103901,4.316171392323078,1,4,6,1
10.475,971.8142222276737,553.5627775165925,4.292420816416176,1,4,6,1
10.483333333333333,972.4413887009712,555.0748278725521,4.3357486492401325,1,4,6,1
10.491666666666667,972.4504772116749,555.4651838529009,4.286937447717818,1,4,6,1
10.5,972.337159882755,556.1012725786909,4.259894986478626,1,4,6,1
10.508333333333333,971.7456479032285,556.3234309746141,4.261604635192482,1,4,6,1
10.516666666666667,971.6942239176985,556.1423506426142,4.327507370037224,1,4,6,1
10.525,971.3761711490405,556.1393874337617,4.357454380684124,1,4,6,1
10.533333333333333,971.3929500152522,556.6363726830183,4.366262085144894,1,4,6,1
10.541666666666666,972.629592368965,555.585643373711,4.254030976150029,1,4,6,1
10.55,973.5017634925957,554.8650161385848,4.323664359572885,1,4,6,1
10.558333333333334,974.2982146787662,553.31668110863,4.293526833208501,1,4,6,1
10.566666666666666,974.8737195946325,553.3292003774708,4.273570203988291,1,4,6,1
10.575,973.14154138239,553.2440889213003,4.309857987870085,1,4,6,1
10.583333333333334,972.05975616723,554.456268538138,4.244396510686173,1,4,6,1
10.591666666666667,972.806968524027,553.3483285735593,4.312600264937998,1,4,6,1
10.6,973.0276257912438,553.227743401963,4.297056521001029,1,4,6,1
10.608333333333333,973.980383730475,552.5111514453318,4.309298742048957,1,4,6,1
10.616666666666667,972.7617357437374,553.0640448148212,4.261367236637424,1,4,6,1
10.625,972.1289447139437,552.305335726033,4.291925652843696,1,4,6,1
10.633333333333333,972.9639706558165,553.1330230858802,4.274804430977012,1,4,6,1
10.641666666666667,973.084217464443,552.8190866276417,4.291686840403448,1,4,6,1
10.65,972.9174508661307,553.0453092458054,4.26842985902851,1,4,6,1
10.658333333333333,972.7512373476446,552.9986860254904,4.2968178922429265,1,4,6,1
10.666666666666666,972.5316314429028,550.4481557335698,4.212327740265863,1,4,6,1
10.675,971.8291679194816,551.2007332355048,4.240234926056141,1,4,6,1
10.683333333333334,971.4087133021853,552.6966720944191,4.235651744261077,1,4,6,1
10.691666666666666,970.8497123428325,553.0534178637984,4.265520831216684,1,4,6,1
10.7,969.5765915575756,552.3974312114719,4.234213761223592,1,4,6,1
10.708333333333334,970.2403357329291,552.6943758043261,4.255171481227275,1,4,6,1
10.716666666666667,971.0537274845849,553.0509283714239,4.256935726169458,1,4,6,1
10.725,970.9119117734955,553.003359446474,4.203547571381609,1,4,6,1
10.733333333333333,970.2501214450732,553.0182671341944,4.204652858417494,1,4,6,1
10.741666666666667,968.7210155892703,553.3047750260413,4.248373294994273,1,4,6,1
10.75,968.3195326121967,551.9523666951029,4.1960669803699115,1,4,6,1
10.758333333333333,968.073665941974,552.3924878624949,4.231377480589068,1,4,6,1
10.766666666666667,968.4992579757202,554.0044213164736,4.231114427294752,1,4,6,1
10.775,969.8133058857519,553.6913021208222,4.190561420863784,1,4,6,1
10.783333333333333,969.4825161968911,553.5915030847774,4.174457439154459,1,4,6,1
10.791666666666666,1123.1924210024551,391.65082323840863,4.198364055855971,1,4,6,1
10.8,1124.2305208910361,392.53147966630127,4.210172155440159,1,4,6,1
10.808333333333334,971.1010022984038,552.821061732211,4.173794666042323,1,4,6,1
10.816666666666666,971.5114243481893,552.8442256937277,4.1632099214518,1,4,6,1
10.825,972.0871246088509,552.9882482111242,4.20585369346539,1,4,6,1
10.833333333333334,971.8638129795519,551.6814471836532,4.22633442751168,1,4,6,1
10.841666666666667,971.8991184885685,551.2177407374219,4.185635221470978,1,4,6,1
10.85,971.7322190191818,552.0845392896592,4.21077754795177,1,4,6,1
10.858333333333333,971.6318478363636,552.0274931573583,4.178080105949199,1,4,6,1
10.866666666666667,971.4914016029555,551.1752522093626,4.153448883936677,1,4,6,1
10.875,971.7500117659042,551.6848692974331,4.173737804901731,1,4,6,1
10.883333333333333,971.3944763196597,551.2440461497498,4.174303121870032,1,4,6,1
10.891666666666667,971.7676398831511,551.8338022871127,4.211130319990309,1,4,6,1
10.9,972.4111990848439,551.2726351356881,4.139856882369015,1,4,6,1
10.908333333333333,974.3286013092986,551.7301701331622,4.184239131070083,1,4,6,1
10.916666666666666,975.5084386186171,551.4133892981131,4.216676168027518,1,4,6,1
10.925,976.3402155035662,552.1952409343339,4.213559239440846,1,4,6,1
10.933333333333334,976.7575237351813,553.3433101316764,4.221798765857856,1,4,6,1
10.941666666666666,977.9889588911652,552.5136948336253,4.117600591065584,1,4,6,1
10.95,976.9720122475892,552.1551819772009,4.20103493449449,1,4,6,1
10.958333333333334,977.1776685652661,551.8011967958723,4.144957897672174,1,4,6,1
10.966666666666667,977.2209232141039,550.9434822309953,4.156840617066907,1,4,6,1
10.975,978.095013367638,552.1456237473161,4.175282964848639,1,4,6,1
10.983333333333333,978.9466284073529,552.410490306333,4.2216950868543766,1,4,6,1
10.991666666666667,978.7382608186367,552.5047523722055,4.231248452178306,1,4,6,1
11.0,979.2517690844462,551.8539660378469,4.24086586104682,1,4,6,1
11.008333333333333,978.1809615332407,553.8377899638486,4.200212849213236,1,4,6,1
11.016666666666667,461.64896272903763,404.5517716425807,4.2084254850343115,1,4,6,1
11.025,461.25504737418476,405.0215800299749,4.161118109979054,1,4,6,1
11.033333333333333,976.5442670051744,552.6122941873663,4.202460721276802,1,4,6,1
11.041666666666666,976.7968126095544,552.3440205425394,4.1824556335879075,1,4,6,1
11.05,977.6404071809418,551.5209784285901,4.1505193196076675,1,4,6,1
11.058333333333334,976.8540654214136,553.223340771071,4.228683344375174,1,4,6,1
11.066666666666666,978.5583392130626,551.1156238584368,4.152385221444493,1,4,6,1
11.075,977.9848518448024,550.8967541677796,4.2532397808050435,1,4,6,1
11.083333333333334,977.0447271880222,552.2909610692711,4.244258867216622,1,4,6,1
11.091666666666667,976.89040590822,552.3311237805582,4.200599270765762,1,4,6,1
11.1,977.7662825977749,552.385290341922,4.148327949483763,1,4,6,1
11.108333333333333,977.2779971995883,552.5388136550962,4.117349301115254,1,4,6,1
11.116666666666667,977.4645853641628,551.9082200898737,4.186169254656305,1,4,6,1
11.125,977.6814439740858,552.9455327649221,4.168350242765806,1,4,6,1
11.133333333333333,977.9844721483179,552.0873437059756,4.19924753148984,1,4,6,1
11.141666666666667,978.4758746832362,552.4228630168659,4.160564967365173,1,4,6,1
11.15,978.1294263935712,554.2954753576023,4.2113449423090605,1,4,6,1
11.158333333333333,977.2601404226343,554.8316340964803,4.189198754803852,1,4,6,1
11.166666666666666,977.2728557622067,554.8906567101243,4.19635501772683,1,4,6,1
11.175,977.0788425734139,556.459924745405,4.177450360039606,1,4,6,1
11.183333333333334,977.6314435281234,556.5810658457222,4.201544530398921,1,4,6,1
11.191666666666666,977.526534540887,555.9517589303151,4.175022081583571,1,4,6,1
11.2,978.4663982048878,556.0087154960735,4.247496540823565,1,4,6,1
11.208333333333334,978.9688447876096,555.7590824905856,4.193518961451406,1,4,6,1
11.216666666666667,977.8813183381134,554.2084933561824,4.213709073301843,1,4,6,1
11.225,978.0763871973211,554.6547019361197,4.191592910332667,1,4,6,1
11.233333333333333,978.187646826207,555.0303080058071,4.202922399275809,1,4,6,1
11.241666666666667,978.6202914978753,555.8042217496057,4.229770745623553,1,4,6,1
11.25,978.5086535481344,556.9766409718485,4.1876793450912855,1,4,6,1
11.258333333333333,978.7630535506506,556.6592003621687,4.179361349405216,1,4,6,1
11.266666666666667,978.8760251913884,556.0806752540918,4.199613229644112,1,4,6,1
11.275,980.1009935873751,556.2364121239577,4.192957233795573,1,4,6,1
11.283333333333333,979.4953498937706,556.1397319388992,4.205795582129394,1,4,6,1
11.291666666666666,979.5316931774033,556.3712082529681,4.14902380086489,1,4,6,1
11.3,979.692803701822,555.9126045243119,4.199013252128901,1,4,6,1
11.308333333333334,980.7851123650191,557.4388186114437,4.226287238437601,1,4,6,1
11.316666666666666,979.5935355397665,558.3152605205411,4.242294625291243,1,4,6,1
11.325,980.2664687267653,556.7400437788477,4.227221890468159,1,4,6,1
11.333333333333334,980.0902248204372,556.2861562843905,4.191659456620407,1,4,6,1
11.341666666666667,980.3240931022011,554.6768128654865,4.17714821976898,1,4,6,1
11.35,979.8746570154029,554.202579035348,4.191253047212503,1,4,6,1
11.358333333333333,979.7345571999889,554.2432785749141,4.1867213109969414,1,4,6,1
11.366666666666667,981.2783880257106,555.0944289264808,4.178215630778309,1,4,6,1
11.375,980.5001627581679,554.6621027555863,4.189633684868471,1,4,6,1
11.383333333333333,978.1758133896373,554.5384743685875,4.259054844949006,1,4,6,1
11.391666666666667,977.2846602729913,553.3258231035874,4.161314448050041,1,4,6,1
11.4,978.6817096725476,555.1490750645424,4.250306837634514,1,4,6,1
11.408333333333333,978.5666993171651,554.7142588077226,4.173640997549321,1,4,6,1
11.416666666666666,979.6552116999349,555.0649880360327,4.175442061221302,1,4,6,1
11.425,978.8495307601008,555.031604678248,4.22042860763343,1,4,6,1
11.433333333333334,980.2855564601251,555.3240452711789,4.213351486433193,1,4,6,1
11.441666666666666,980.8609973840574,556.6213432037662,4.164954106696454,1,4,6,1
11.45,981.6935306114794,557.3795095361189,4.195519805485991,1,4,6,1
11.458333333333334,982.5327891558975,556.7809393894393,4.195336878957157,1,4,6,1
11.466666666666667,982.3493278488313,556.4695708951976,4.226451149980403,1,4,6,1
11.475,982.9663801097593,556.207023520046,4.22559741139594,1,4,6,1
11.483333333333333,983.800878687443,557.8638574529633,4.225336995081418,1,4,6,1
11.491666666666667,983.9072614232099,555.9947611664326,4.201029081487291,1,4,6,1
11.5,984.6190251032614,555.1772841836548,4.232392047679245,1,4,6,1
11.508333333333333,985.051082083095,555.8924159435389,4.187732094386525,1,4,6,1
11.516666666666667,984.7921984263247,555.523159320678,4.173875528608533,1,4,6,1
11.525,985.4310583812094,555.0298815541897,4.201214751410798,1,4,6,1
11.533333333333333,986.0090369385874,554.8268789674889,4.208503192267748,1,4,6,1
11.541666666666666,986.7384711132079,554.0358623351661,4.221623343856413,1,4,6,1
11.55,987.1467325072413,553.5675305178943,4.128408558015645,1,4,6,1
11.558333333333334,987.5312362811558,552.713491431524,4.172476721427404,1,4,6,1
11.566666666666666,987.597854415478,553.6830551073158,4.208061397621716,1,4,6,1
11.575,986.3116030640266,553.01618701491,4.212919249274053,1,4,6,1
11.583333333333334,986.0796109484538,553.5306620038237,4.172014633203646,1,4,6,1
11.591666666666667,986.1120107109751,553.3968197349707,4.254376984334564,1,4,6,1
11.6,987.2948638316483,552.926663936682,4.1993127411416475,1,4,6,1
11.608333333333333,986.3938683214844,553.7791518108154,4.167671343145814,1,4,6,1
11.616666666666667,985.5283509162019,553.8360664435127,4.146081430239803,1,4,6,1
11.625,985.9576934023522,553.7041007775305,4.2256783146377925,1,4,6,1
11.633333333333333,441.656091960989,850.8154981819644,4.151516217064698,1,4,6,1
11.641666666666667,442.9833741875526,850.6423850374711,4.210760322663539,1,4,6,1
11.65,988.2992827044995,554.1196051201449,4.197867661274148,1,4,6,1
11.658333333333333,988.0871090865895,554.3531985708448,4.236499086198841,1,4,6,1
11.666666666666666,985.6572963995078,553.7026437328389,4.198322743284083,1,4,6,1
11.675,985.782006930629,555.2148288711455,4.150395634571619,1,4,6,1
11.683333333333334,986.3571139480076,555.0407158390149,4.171740158859856,1,4,6,1
11.691666666666666,986.9547682633691,555.1099804295475,4.1573840528520725,1,4,6,1
11.7,986.8097001705446,555.1054031233391,4.12660853669604,1,4,6,1
11.708333333333334,986.3365926337771,554.8435711790424,4.140277255683311,1,4,6,1
11.716666666666667,985.883426829765,554.2625921764375,4.129693996574373,1,4,6,1
11.725,986.785209443215,553.3269312455687,4.146645125493128,1,4,6,1
11.733333333333333,985.9735247667253,553.067011657034,4.124395246030555,1,4,6,1
11.741666666666667,985.6537240512325,553.9865390369011,4.172139848849225,1,4,6,1
11.75,986.089950232672,554.5952053064875,4.198148938519745,1,4,6,1
11.758333333333333,985.3852107736884,555.1440419483328,4.196473956728157,1,4,6,1
11.766666666666667,986.8532287693009,553.542142389058,4.16024095440391,1,4,6,1
11.775,985.8824420572149,552.4488798196296,4.2052659955539395,1,4,6,1
11.783333333333333,984.7746855290121,551.8705513191654,4.150705285801596,1,4,6,1
11.791666666666666,1018.6263833492295,948.4340196808079,4.235044965212042,1,4,6,1
11.8,1018.9093882064667,949.1955592600457,4.144772591512576,1,4,6,1
11.808333333333334,984.7774482933482,553.7255820334595,4.109412450784103,1,4,6,1
11.816666666666666,985.939766029634,553.9659918239021,4.206274537418763,1,4,6,1
11.825,986.2584811432098,556.0257725421388,4.148320541636255,1,4,6,1
11.833333333333334,985.8124442113553,555.723259457413,4.137375188018942,1,4,6,1
11.841666666666667,985.8555320952563,554.3573638387646,4.117956891889523,1,4,6,1
11.85,986.041404032286,553.593759703491,4.211551077653202,1,4,6,1
11.858333333333333,986.0375914981153,552.194126042852,4.174213817621337,1,4,6,1
11.866666666666667,986.4984122688472,551.5168540024347,4.198177179436244,1,4,6,1
11.875,986.5770280655765,551.5389832664802,4.166579052169667,1,4,6,1
11.883333333333333,987.0370044098217,552.0516485390738,4.175134852437172,1,4,6,1
11.891666666666667,986.0231214123369,550.2520904737111,4.144505993184329,1,4,6,1
11.9,986.0919331422285,550.3916934001448,4.190620349040698,1,4,6,1
11.908333333333333,986.1222017011157,550.3246646723042,4.193811737941876,1,4,6,1
11.916666666666666,986.7473022799187,552.432373797002,4.137021969956734,1,4,6,1
11.925,985.5043133729679,552.5739977236244,4.17802663570377,1,4,6,1
11.933333333333334,986.403638824389,552.7500890265826,4.181613003114301,1,4,6,1
11.941666666666666,986.4190468611955,552.0363563360047,4.142579735643361,1,4,6,1
11.95,986.5681353186385,553.0194190373617,4.1534508923922635,1,4,6,1
11.958333333333334,984.5084043184922,553.557713911989,4.1519438222091045,1,4,6,1
11.966666666666667,984.3964001941979,552.9236822462577,4.210882675198873,1,4,6,1
11.975,983.9464537405795,552.7479192775182,4.152376697645414,1,4,6,1
11.983333333333333,983.2975528941078,552.5241674899295,4.1895391943909495,1,4,6,1
11.991666666666667,983.693986824469,551.771681906123,4.143003740968622,1,4,6,1
12.0,983.3499256028034,550.7680991871459,4.128245906822186,1,4,6,1
12.008333333333333,983.1688015020835,549.4292890841277,4.136096571770884,1,4,6,1
12.016666666666667,983.6695488651836,548.8400023972698,4.1501766826440445,1,4,6,1
12.025,983.4267121589687,548.255473567399,4.158349797354587,1,4,6,1
12.033333333333333,983.2205138702695,547.694089775382,4.179204368878935,1,4,6,1
12.041666666666666,983.5051857155572,547.1941224617384,4.148913248835824,1,4,6,1
12.05,982.8046111701809,547.7613758146913,4.1328299568247715,1,4,6,1
12.058333333333334,982.6348353562187,546.630415318088,4.1223221824563305,1,4,6,1
12.066666666666666,983.6750345950248,546.4452041473677,4.198296145412611,1,4,6,1
12.075,983.0745912552279,546.6231803930928,4.149668542173539,1,4,6,1
12.083333333333334,982.0523300568477,546.3034787125196,4.143102293872821,1,4,6,1
12.091666666666667,982.5222385369126,545.9970430275624,4.1332476643226945,1,4,6,1
12.1,983.050423056018,545.556457322023,4.2231779431171015,1,4,6,1
12.108333333333333,982.3385531208423,546.7940493163028,4.137954364910974,1,4,6,1
12.116666666666667,983.0682681876648,546.572143519019,4.117129623288105,1,4,6,1
12.125,982.4128490181103,546.9180597032022,4.158159552078853,1,4,6,1
12.133333333333333,982.8544476684083,544.7770028466336,4.146316492508242,1,4,6,1
12.141666666666667,983.5894907582484,545.3256096549428,4.1686538736786645,1,4,6,1
12.15,983.9236461436448,546.1570301018088,4.174889817082285,1,4,6,1
12.158333333333333,983.5135985788146,544.657444282843,4.160210118694998,1,4,6,1
12.166666666666666,982.5249446469055,545.4984513323958,4.202342645932806,1,4,6,1
12.175,982.4231552831067,545.6961920479818,4.115085385272193,1,4,6,1
12.183333333333334,981.7998470915916,545.1669837482444,4.147092697457633,1,4,6,1
12.191666666666666,981.5262834569838,546.8059845619546,4.137871899920803,1,4,6,1
12.2,981.7486851689146,545.9985786203146,4.102711650776544,1,4,6,1
12.208333333333334,982.215138655423,546.2622096257024,4.1490335881488285,1,4,6,1
12.216666666666667,982.2158175723401,546.8108287290581,4.096580718120614,1,4,6,1
12.225,983.1420623063877,547.4665281193038,4.084323768650606,1,4,6,1
12.233333333333333,982.1826421579958,546.5862642150156,4.16011565083295,1,4,6,1
12.241666666666667,983.1716134952347,545.8977707076044,4.176715665379752,1,4,6,1
12.25,983.0616743332431,545.6207742422572,4.117737890078339,1,4,6,1
12.258333333333333,984.7333799370803,545.7305739430552,4.181012271027428,1,4,6,1
12.266666666666667,984.902053601268,546.0616713310461,4.1657535285523135,1,4,6,1
12.275,986.1788510875086,546.2139055951949,4.177832574078347,1,4,6,1
12.283333333333333,985.4866674022223,545.468506016777,4.121188247216902,1,4,6,1
12.291666666666666,983.9125535814003,545.4594528822432,4.12433873942123,1,4,6,1
12.3,983.6064786475926,546.0751441453762,4.150481651377697,1,4,6,1
12.308333333333334,984.7256463951228,546.4859516572196,4.1320507151569625,1,4,6,1
12.316666666666666,985.4272625376759,546.0758009875962,4.133687319377145,1,4,6,1
12.325,987.4476596697831,546.3809999599846,4.133189519365924,1,4,6,1
12.333333333333334,988.1999570554194,546.9894682785861,4.1253391962662445,1,4,6,1
12.341666666666667,989.2942562517037,547.6126553179844,4.09024624395435,1,4,6,1
12.35,989.0348120326703,546.9201889548258,4.189575040046516,1,4,6,1
12.358333333333333,988.1209327453173,546.7188849190359,4.094149025859539,1,4,6,1
12.366666666666667,987.7832831245548,547.070026481681,4.10194063498092,1,4,6,1
12.375,989.8730957311998,548.2735277822661,4.104481602032769,1,4,6,1
12.383333333333333,991.201068047358,547.4620933892469,4.121521933106793,1,4,6,1
12.391666666666667,991.4623755286112,547.2310772405855,4.093322578408963,1,4,6,1
12.4,992.6337198790834,546.4572754305113,4.141145984046499,1,4,6,1
12.408333333333333,990.6621043368722,545.4619809709438,4.110423418761871,1,4,6,1
12.416666666666666,991.157794212093,544.8459639832413,4.173346954484148,1,4,6,1
12.425,991.2376749802553,544.9045696746674,4.080629175599668,1,4,6,1
12.433333333333334,992.2349152388038,543.7604083691675,4.053649394289993,1,4,6,1
12.441666666666666,992.6160224117276,543.7266409241956,4.110522073680632,1,4,6,1
12.45,992.4053090438056,544.2215943559808,4.123640322480274,1,4,6,1
12.458333333333334,991.4225827467529,544.7984392744227,4.122966577396982,1,4,6,1
12.466666666666667,992.3494645119923,544.9222790052481,4.134353668126703,1,4,6,1
12.475,992.8458118249685,543.4733530054539,4.11030979132271,1,4,6,1
12.483333333333333,994.4616301344228,542.8534623591706,4.163559490469517,1,4,6,1
12.491666666666667,993.9763293076085,542.7969839555403,4.103779846005291,1,4,6,1
12.5,994.5687670291543,542.5267827142021,4.113411624644719,1,4,6,1
12.508333333333333,996.0987680835735,543.5924558456912,4.138790221310874,1,4,6,1
12.516666666666667,995.6527437233838,545.2945771410061,4.050348090593584,1,4,6,1
12.525,995.5079916494993,546.1086362450777,4.1118367670761,1,4,6,1
12.533333333333333,994.6890937868244,546.8170897363234,4.06760679132939,1,4,6,1
12.541666666666666,995.1777628070456,547.6522779670972,4.074034589884851,1,4,6,1
12.55,995.2030930014406,548.183767439215,4.074300115468719,1,4,6,1
12.558333333333334,995.043177184482,547.3581049132574,4.085608884777337,1,4,6,1
12.566666666666666,994.8957175494476,547.2700592257488,4.069260793248687,1,4,6,1
12.575,995.4341795314011,547.3143915481637,4.063381285313257,1,4,6,1
12.583333333333334,995.7380520756675,547.2676510764919,4.003975063948618,1,4,6,1
12.591666666666667,994.9693051674437,546.085211191466,4.081423640606952,1,4,6,1
12.6,995.6437780549428,546.0386025016323,4.138021774166632,1,4,6,1
12.608333333333333,995.0369601408808,546.7320985587787,4.09362395889739,1,4,6,1
12.616666666666667,993.8670797692203,545.9305822127095,4.0995683346932505,1,4,6,1
12.625,993.381701285149,545.6883206496075,4.105716974462737,1,4,6,1
12.633333333333333,992.6449128829114,544.5910539873246,4.084790065129802,1,4,6,1
12.641666666666667,993.4279045559647,543.7733232191355,4.064744130674755,1,4,6,1
12.65,992.332821294926,543.7766507517973,4.060047601437437,1,4,6,1
12.658333333333333,992.3392138104109,542.7380380379739,4.0273157337632295,1,4,6,1
12.666666666666666,991.9454826894536,542.5884415542585,4.0436738538072206,1,4,6,1
12.675,991.282307439156,542.9418435699333,4.078451350440632,1,4,6,1
12.683333333333334,991.9401597100538,541.8036127515038,4.112883610630681,1,4,6,1
12.691666666666666,992.9629979018928,542.1682030711644,4.080511666800099,1,4,6,1
12.7,994.3607884189754,542.6584931844,4.14422647598589,1,4,6,1
12.708333333333334,994.8996673385338,542.9027347548475,4.057514727304003,1,4,6,1
12.716666666666667,995.5916725272459,542.8596511180523,4.0500345623001515,1,4,6,1
12.725,994.6498610012965,543.0605299290902,4.061811679368937,1,4,6,1
12.733333333333333,994.3779095263302,542.345717393763,4.099367572147674,1,4,6,1
12.741666666666667,994.6550322912145,542.6613962609866,4.065036807519272,1,4,6,1
12.75,995.7500120440989,542.2625683836071,4.0636053600370365,1,4,6,1
12.758333333333333,994.8955350129158,542.003509027151,4.059257312069912,1,4,6,1
12.766666666666667,994.5030650409121,540.436781447484,3.9953513117641317,1,4,6,1
12.775,1303.6859617502153,467.3031089005349,4.1097026151358,1,4,6,1
12.783333333333333,1303.4074272648909,466.753217623723,4.07031491992125,1,4,6,1
12.791666666666666,995.3969357605945,538.7753864161785,4.110595283983419,1,4,6,1
12.8,996.6577603739698,539.2049614178567,4.062362866126545,1,4,6,1
12.808333333333334,997.1071757438876,539.0497536309543,3.9548053207312206,1,4,6,1
12.816666666666666,997.7429916575941,537.9675568884215,4.100480424762633,1,4,6,1
12.825,998.3291388574902,537.9753899967196,4.080471381982879,1,4,6,1
12.833333333333334,997.5872884460518,537.7662236965638,4.103505275330624,1,4,6,1
12.841666666666667,997.1530608700708,537.6611611503904,4.0136620787198565,1,4,6,1
12.85,996.9163830836624,535.866077887846,4.064389896865646,1,4,6,1
12.858333333333333,996.6504481078583,535.7477695105532,4.118128035921338,1,4,6,1
12.866666666666667,997.0220434525593,535.1781339825468,4.02056070603907,1,4,6,1
12.875,996.2067191602116,535.1306157298991,4.057278278086437,1,4,6,1
12.883333333333333,998.0294867140907,535.5014909958162,4.067669674964871,1,4,6,1
12.891666666666667,998.0993751650868,535.46021487838,4.064808820801129,1,4,6,1
12.9,996.667117183704,536.1672805238624,4.078481577511016,1,4,6,1
12.908333333333333,996.3733632592865,536.9256757283241,4.052454313663401,1,4,6,1
12.916666666666666,996.4413467171654,535.7770327853788,4.02958502904392,1,4,6,1
12.925,994.8921916360233,534.0813176406538,4.003604077198608,1,4,6,1
12.933333333333334,994.2975197640709,533.7775014325301,4.026743186236108,1,4,6,1
12.941666666666666,994.3156200484021,533.1781386890563,4.0732235234487835,1,4,6,1
12.95,995.2724215848942,533.5893471017896,4.036337597990788,1,4,6,1
12.958333333333334,996.5628435926616,532.6192071020482,4.015336943356807,1,4,6,1
12.966666666666667,995.9020639651073,531.6169320566443,4.069217349061014,1,4,6,1
12.975,995.8565255769281,531.5983697511356,4.086155811348343,1,4,6,1
12.983333333333333,995.2588723329015,530.6450528923385,4.047049331617146,1,4,6,1
12.991666666666667,995.3151535011191,532.5338197178021,4.0624546101887455,1,4,6,1
13.0,994.8456115686433,530.950005422013,4.049216557114636,1,4,6,1
13.008333333333333,993.9403818908257,530.9077135768132,4.023848744565976,1,4,6,1
13.016666666666667,992.0966540375648,530.8017187580241,4.071659545015099,1,4,6,1
13.025,992.2941814125254,531.8325464295626,4.054611978659524,1,4,6,1
13.033333333333333,992.3111296662198,531.6698805249638,4.011046160376971,1,4,6,1
13.041666666666666,992.3505274589704,530.8846556909795,4.028916179668971,1,4,6,1
13.05,991.5871735936875,531.1063725402133,4.014274421756026,1,4,6,1
13.058333333333334,992.7286505887569,529.0952434308448,4.020077503942171,1,4,6,1
13.066666666666666,992.7227254336303,529.2134264302858,4.051576786357015,1,4,6,1
13.075,992.2771863017775,529.6559836965445,4.008171512138513,1,4,6,1
13.083333333333334,991.9913163195722,530.1267077592236,3.97455887481358,1,4,6,1
13.091666666666667,991.7621769620805,530.0627366191156,4.015420982747875,1,4,6,1
13.1,991.575441642001,529.8692789580571,4.018500343701333,1,4,6,1
13.108333333333333,991.2802519053761,529.8699882598773,4.033176002613449,1,4,6,1
13.116666666666667,990.8767721812783,529.2536760104717,4.0387167825408135,1,4,6,1
13.125,991.1540714934675,529.2132527147028,4.044100717990507,1,4,6,1
13.133333333333333,990.1937563061956,530.4674145019961,4.05315687115073,1,4,6,1
13.141666666666667,990.2549691598427,529.3452985615858,4.0667915509610335,1,4,6,1
13.15,989.9649961043788,530.5027421544024,3.9890377407476074,1,4,6,1
13.158333333333333,990.1737325864486,530.376591999188,3.996401928393033,1,4,6,1
13.166666666666666,990.4369776205402,529.6975355731975,4.004014845209012,1,4,6,1
13.175,989.8690141404185,531.5112016375166,4.02572319618731,1,4,6,1
13.183333333333334,989.1940848028687,531.7690692475294,4.0574154926481585,1,4,6,1
13.191666666666666,988.4390544671645,531.4786582255681,4.049313772700028,1,4,6,1
13.2,987.1871716788684,532.3435270573652,4.063037588727415,1,4,6,1
13.208333333333334,987.3170226069872,531.700603740199,4.070960380167014,1,4,6,1
13.216666666666667,978.9876583124543,820.2780132644614,4.0583428038537965,1,4,6,1
13.225,978.3435735672035,819.1134502747832,4.0306429195407745,1,4,6,1
13.233333333333333,987.5145732287378,529.0694704923889,4.035953965267802,1,4,6,1
13.241666666666667,987.3651171641486,529.209693834933,4.061405666856967,1,4,6,1
13.25,987.5673643548437,529.5684238899528,3.9245953737466373,1,4,6,1
13.258333333333333,987.3037025775805,529.4058302421565,4.115968407686592,1,4,6,1
13.266666666666667,986.8233683529027,530.3059756051762,4.013079013637809,1,4,6,1
13.275,985.6410455621927,530.0246526909622,4.0132440393253,1,4,6,1
13.283333333333333,987.1724289395953,530.1549559316809,4.017975274385547,1,4,6,1
13.291666666666666,,,,0,4,6,1
13.3,,,,0,4,6,1
13.308333333333334,,,,0,4,6,1
13.316666666666666,,,,0,4,6,1
13.325,,,,0,4,6,1
13.333333333333334,,,,0,4,6,1
13.341666666666667,,,,0,4,6,1
13.35,,,,0,4,6,1
13.358333333333333,,,,0,4,6,1
13.366666666666667,,,,0,4,6,1
13.375,,,,0,4,6,1
13.383333333333333,,,,0,4,6,1
13.391666666666667,,,,0,4,6,1
13.4,,,,0,4,6,1
13.408333333333333,,,,0,4,6,1
13.416666666666666,984.1233765246101,521.5023376193293,4.031669300142165,1,4,6,1
13.425,984.3360328802593,521.7529461477404,3.9939588490222393,1,4,6,1
13.433333333333334,984.9258283631223,521.3071229284121,3.998159311140399,1,4,6,1
13.441666666666666,985.4385676125898,521.8641339344776,3.997926570703593,1,4,6,1
13.45,984.1921474602757,523.5655685047894,3.9846287550395805,1,4,6,1
13.458333333333334,983.8858195486695,524.006954502182,3.999914455969349,1,4,6,1
13.466666666666667,984.7939694431145,523.3235973205261,4.04838231666992,1,4,6,1
13.475,986.2021512575461,522.5097478923478,4.049775346522423,1,4,6,1
13.483333333333333,986.7748015768459,523.2834758483978,4.0312742169870805,1,4,6,1
13.491666666666667,986.7847351393126,521.6867675503282,3.9914177609439343,1,4,6,1
13.5,987.073666071676,521.6666675773466,4.009519064861135,1,4,6,1
13.508333333333333,987.1738628247637,522.3355798818479,4.0782118295312575,1,4,6,1
13.516666666666667,986.9246447243918,522.1373049610415,4.038716595052336,1,4,6,1
13.525,986.9228774766756,521.9450009848321,3.995128501881625,1,4,6,1
13.533333333333333,987.9077670775479,521.5956577408251,4.001280290116598,1,4,6,1
13.541666666666666,988.2418567016559,521.0390696221597,4.0236795041874585,1,4,6,1
13.55,988.2089113396356,520.5740193144933,3.946287163366966,1,4,6,1
13.558333333333334,988.2597904976086,520.2676536517894,4.016378305833186,1,4,6,1
13.566666666666666,987.5629325775471,520.6801516167666,3.993907293523782,1,4,6,1
13.575,988.2748787293897,520.9376572721095,4.0531474225495865,1,4,6,1
13.583333333333334,987.9867763384102,521.1173452365738,4.02908409327727,1,4,6,1
13.591666666666667,986.7607103796172,520.6681033770141,3.9424010114824792,1,4,6,1
13.6,986.1362301694381,520.1483666240755,3.969767537645034,1,4,6,1
13.608333333333333,985.048306742861,519.6881591195503,4.023274940216828,1,4,6,1
13.616666666666667,985.3639807852381,519.1632711116248,4.017376675811472,1,4,6,1
13.625,984.5383169574261,518.2631091343907,3.996020533656689,1,4,6,1
13.633333333333333,983.7177277666699,517.5134609043231,3.97446311836214,1,4,6,1
13.641666666666667,982.4764552873745,516.9881367735528,4.000160880102247,1,4,6,1
13.65,982.4281002822921,516.8957439865072,3.992532979960457,1,4,6,1
13.658333333333333,982.7647675147563,517.9821079911056,3.9584677564858306,1,4,6,1
13.666666666666666,982.6927453112844,518.040589624603,3.9905531515242094,1,4,6,1
13.675,983.5937623259109,517.0091205718384,3.9382869037607238,1,4,6,1
13.683333333333334,983.9914587930564,517.0559292978195,4.038805445194541,1,4,6,1
13.691666666666666,983.73800299933,516.7468195345427,3.989356655790447,1,4,6,1
13.7,982.1840625979135,517.166870172308,3.9785158762932946,1,4,6,1
13.708333333333334,982.3270357729648,517.8345122649588,3.9817328777044736,1,4,6,1
13.716666666666667,981.8021534757892,517.3026217173743,3.93429744157732,1,4,6,1
13.725,982.35195614631,516.9672054377749,4.063500990416815,1,4,6,1
13.733333333333333,981.2406912146838,517.1506888692006,3.9767051124717847,1,4,6,1
13.741666666666667,980.4804276911333,517.4965411324189,4.023308629696187,1,4,6,1
13.75,772.4464784205693,275.1035000036464,3.989566055145921,1,4,6,1
13.758333333333333,771.951059894994,274.45321695868046,3.98023378517595,1,4,6,1
13.766666666666667,979.6819733036887,518.2261511226246,4.009981905226249,1,4,6,1
13.775,979.0353825169061,518.9062329516538,4.014916453329944,1,4,6,1
13.783333333333333,978.6932162048736,518.3966470881026,3.981975331092409,1,4,6,1
13.791666666666666,978.9983440977846,519.0901544427916,4.059927840967856,1,4,6,1
13.8,979.7534799314109,519.2111802205303,3.9881896156594374,1,4,6,1
13.808333333333334,980.8889114800938,518.9591032640228,4.01959145604111,1,4,6,1
13.816666666666666,980.1404649707437,518.7991471854958,3.981738570043576,1,4,6,1
13.825,979.5810104048023,518.5130182756242,3.952167666488439,1,4,6,1
13.833333333333334,978.2998082653127,517.9850276604845,4.019072470011471,1,4,6,1
13.841666666666667,979.7562417989143,516.9039064007022,4.007754131710006,1,4,6,1
13.85,979.2998738521474,516.6782215543504,3.9586052378079053,1,4,6,1
13.858333333333333,979.3197709587553,516.328218137602,4.0188605606468535,1,4,6,1
13.866666666666667,979.5172272186043,518.1995292125748,3.954637523328553,1,4,6,1
13.875,978.2755708707298,519.5585251555668,4.0317417751078795,1,4,6,1
13.883333333333333,977.840381521074,519.7361909386314,3.9803460136268205,1,4,6,1
13.891666666666667,978.018956426377,519.5651053615845,4.012191911197874,1,4,6,1
13.9,977.9957170303729,520.136668645909,4.010092605674141,1,4,6,1
13.908333333333333,977.3450833979404,518.5430063610519,4.020862887475682,1,4,6,1
13.916666666666666,976.8098934529825,517.856696299627,3.9897029716160106,1,4,6,1
13.925,977.2548624871173,518.9596060938302,3.9440730786587936,1,4,6,1
13.933333333333334,976.2980491282542,519.1701408489082,3.9964028823708437,1,4,6,1
13.941666666666666,975.5099220779055,518.2964684220217,4.0022202210245545,1,4,6,1
13.95,976.5055691157559,517.4676012299926,3.9792847915384373,1,4,6,1
13.958333333333334,977.0763272467933,517.9050625686635,3.9960591747958554,1,4,6,1
13.966666666666667,977.9724326061015,518.080210041308,4.006474272385447,1,4,6,1
13.975,978.2188506238299,518.0426749760924,3.9954052154261293,1,4,6,1
13.983333333333333,977.6353217780946,516.2448718617337,3.9753815936560297,1,4,6,1
13.991666666666667,976.5109521252,514.7154692509215,4.006882053705765,1,4,6,1
14.0,977.4814059895226,515.0787836984399,3.9297190022831425,1,4,6,1
14.008333333333333,977.54753410254,514.4476940742508,3.9671479527109965,1,4,6,1
14.016666666666667,978.3341076938681,515.9988375518675,4.070021384716411,1,4,6,1
14.025,976.7497055342174,517.1412426527891,4.058955269870847,1,4,6,1
14.033333333333333,975.987516788577,518.34126228509,3.9696730179502584,1,4,6,1
14.041666666666666,976.1110624080184,518.392923116923,4.070363092373294,1,4,6,1
14.05,975.4984398777987,518.9531104863477,4.025432262479774,1,4,6,1
14.058333333333334,976.9178391850003,519.3428831066219,4.031681387230601,1,4,6,1
14.066666666666666,977.7203386052813,519.8185113489986,4.018406845176038,1,4,6,1
14.075,977.7723182377185,520.6716631391786,4.072698440238442,1,4,6,1
14.083333333333334,976.7502920749731,520.2499781131647,4.000965469609987,1,4,6,1
14.091666666666667,977.2331249686981,520.2058805036496,4.021494235150512,1,4,6,1
14.1,1502.856553044328,568.2026766790095,3.994081648930044,1,4,6,1
14.108333333333333,1501.3809701811301,567.1754604385962,3.991028523935669,1,4,6,1
14.116666666666667,975.2827115132573,518.5336202724905,4.019592608831918,1,4,6,1
14.125,975.2850434810792,518.9943190004698,3.9727644776685294,1,4,6,1
14.133333333333333,976.3256781588805,518.3192992069166,4.015687368454248,1,4,6,1
14.141666666666667,975.7673853448104,519.5625971072934,4.059136744675688,1,4,6,1
14.15,975.6647905457659,519.8971197521514,4.047623870657553,1,4,6,1
14.158333333333333,976.4296157532643,519.288514313299,3.985680711819874,1,4,6,1
14.166666666666666,976.7275761962402,519.0582776039836,4.003651994396969,1,4,6,1
14.175,975.8990960416214,518.2886252093655,4.049026086621952,1,4,6,1
14.183333333333334,975.1110389583388,517.4715510725914,3.9759550256973313,1,4,6,1
14.191666666666666,974.863597004357,517.7725143666594,4.015544936156803,1,4,6,1
14.2,974.0731592727776,519.0458158693715,4.029911539846923,1,4,6,1
14.208333333333334,973.9380344927963,519.1879885435708,3.9960419777075793,1,4,6,1
14.216666666666667,972.8277626213129,518.749181653599,4.046073314267938,1,4,6,1
14.225,974.0499050537383,519.4257508930102,4.020552494478484,1,4,6,1
14.233333333333333,975.1950176434351,519.5148760735731,3.99858165349739,1,4,6,1
14.241666666666667,974.318798266176,520.640186950687,4.002196770794504,1,4,6,1
14.25,973.9953409862769,520.2458544441373,4.026679962333879,1,4,6,1
14.258333333333333,974.1643927840421,520.7016764649039,4.057314295025752,1,4,6,1
14.266666666666667,974.904643431956,520.2787239947295,4.03598097493501,1,4,6,1
14.275,974.6141017976375,520.9594189908912,4.014062106010853,1,4,6,1
14.283333333333333,973.690741089606,521.2388697381074,3.9935042397708536,1,4,6,1
14.291666666666666,974.4216937573511,521.4166404937944,4.001993658786436,1,4,6,1
14.3,974.6952185615085,521.0524794348298,3.996767273396843,1,4,6,1
14.308333333333334,975.9141860743077,520.9254981205495,4.066769847222005,1,4,6,1
14.316666666666666,975.803458741967,521.3047124120907,4.013522545581541,1,4,6,1
14.325,975.8330539103475,521.0816303970245,3.9907420502918507,1,4,6,1
14.333333333333334,974.6097168643441,522.1665503651502,3.9897443664444676,1,4,6,1
14.341666666666667,976.2217540252246,521.3329581262968,3.998151200529588,1,4,6,1
14.35,976.4883544554651,521.3728311267731,4.016942926331636,1,4,6,1
14.358333333333333,976.6625591547051,521.1303121354858,4.0014640621997986,1,4,6,1
14.366666666666667,975.8989391677314,520.43326895677,4.016082420364381,1,4,6,1
14.375,975.2057962720743,518.8123632047289,4.051887006450549,1,4,6,1
14.383333333333333,975.0615653763341,518.6730570091606,4.053326980989738,1,4,6,1
14.391666666666667,976.1561677740883,518.8134881365861,4.00719555651542,1,4,6,1
14.4,976.5483865697768,518.775325638111,4.025116341729189,1,4,6,1
14.408333333333333,975.7578820737314,519.614227813016,4.054060435618507,1,4,6,1
14.416666666666666,975.3933133782796,520.3644461537746,4.02801320253359,1,4,6,1
14.425,974.0748292396796,520.030568901465,4.0675567166472195,1,4,6,1
14.433333333333334,974.4082182772557,520.5073534053578,4.061047936374107,1,4,6,1
14.441666666666666,975.7381369976434,521.9773414560552,4.010827581580819,1,4,6,1
14.45,976.2225682681112,522.5131739850602,4.034981381039755,1,4,6,1
14.458333333333334,974.3494988251466,521.380800143388,4.083771314618789,1,4,6,1
14.466666666666667,975.2390646518493,521.4836847437148,4.0382847694553785,1,4,6,1
14.475,975.1644819018447,522.0123215823592,4.044757674409844,1,4,6,1
14.483333333333333,975.2420138468351,521.6390791917097,4.004798208173902,1,4,6,1
14.491666666666667,974.3430544721274,522.6292642211043,4.065472083589051,1,4,6,1
14.5,973.5538388235801,522.5739490917051,4.017065579429308,1,4,6,1
14.508333333333333,973.3345082578039,524.7036682561966,4.057297112200169,1,4,6,1
14.516666666666667,972.6570999277615,524.6439958912995,3.9956278502524456,1,4,6,1
14.525,972.2916702045135,524.0309605377803,4.016218470164154,1,4,6,1
14.533333333333333,972.746164754759,524.7970912727371,4.060221998609726,1,4,6,1
14.541666666666666,972.1082891868081,525.3532744982923,4.032809858228673,1,4,6,1
14.55,970.9258019029278,525.5080696065834,4.069617665055265,1,4,6,1
14.558333333333334,971.4800966059504,524.7679139639278,4.0592934916206005,1,4,6,1
14.566666666666666,971.4146073040296,524.7709820917474,3.9839085372745973,1,4,6,1
14.575,971.9645886030917,523.3445982014671,4.016729070099675,1,4,6,1
14.583333333333334,972.7854323548656,523.0429921460207,4.038232567005106,1,4,6,1
14.591666666666667,968.2619210705542,876.1785631701844,4.031386602497567,1,4,6,1
14.6,970.7684197364348,876.7015117540747,4.0353011312793,1,4,6,1
14.608333333333333,973.6554927449523,524.1045884556385,4.113712894232188,1,4,6,1
14.616666666666667,974.1836396399578,523.400369606611,4.070738547324996,1,4,6,1
14.625,974.761845747132,524.0223117281141,4.135216982526233,1,4,6,1
14.633333333333333,973.7228947160623,522.9441960934578,4.060754813889186,1,4,6,1
14.641666666666667,972.8793422094769,523.03953537845,4.101654019606336,1,4,6,1
14.65,973.1235344424773,522.2897303667589,4.055665164795593,1,4,6,1
14.658333333333333,973.0352941626912,522.4658155433796,4.0546096413810195,1,4,6,1
14.666666666666666,973.0069510083661,522.0584846081161,4.052667483961351,1,4,6,1
14.675,972.7767178954538,522.2734415870324,4.01680169868492,1,4,6,1
14.683333333333334,972.5936191660837,522.4653423185091,4.047870742418775,1,4,6,1
14.691666666666666,972.3098543351217,522.2737829246664,4.042500604531481,1,4,6,1
14.7,971.064192267641,521.8957557220863,4.05279359854427,1,4,6,1
14.708333333333334,970.2101023189291,521.2430960570964,4.0388145677705225,1,4,6,1
14.716666666666667,969.014618110459,522.8877633731316,4.087548205334984,1,4,6,1
14.725,969.5028802933077,522.9161562112421,4.096952824438048,1,4,6,1
14.733333333333333,968.5487069808464,522.9339678608292,4.040798099143455,1,4,6,1
14.741666666666667,968.5894250558982,523.7023647077199,4.0790037976800315,1,4,6,1
14.75,969.1525909767744,523.9491855996906,4.023422721570035,1,4,6,1
14.758333333333333,968.9734620570567,524.5091031418884,4.046875761191478,1,4,6,1
14.766666666666667,968.5801513151675,525.0545947449202,4.077003701999978,1,4,6,1
14.775,969.8092014617336,522.6156588601459,4.1235259308040355,1,4,6,1
14.783333333333333,967.6367766084015,521.8645819989433,4.077797090274576,1,4,6,1
14.791666666666666,967.8515876610264,521.4732300148078,4.076100597525782,1,4,6,1
14.8,967.622033962921,522.4247247470641,4.068065694908835,1,4,6,1
14.808333333333334,968.4171128301492,522.3860706902482,4.056535311559179,1,4,6,1
14.816666666666666,969.2051511546098,523.3835709802046,4.072528482046965,1,4,6,1
14.825,968.2982893588103,524.1825826718128,4.056250587781581,1,4,6,1
14.833333333333334,969.6918414597347,524.3853562271476,4.137978311945743,1,4,6,1
14.841666666666667,969.9080751452075,523.5981557553396,4.055481728993411,1,4,6,1
14.85,968.5893917838886,523.8221630749556,4.122178082876138,1,4,6,1
14.858333333333333,968.0340344027238,523.3868324461831,4.075432103019208,1,4,6,1
14.866666666666667,967.1160936462228,523.9365119725168,4.095750802760198,1,4,6,1
14.875,966.6025382625077,524.2120458909258,4.0997345392664375,1,4,6,1
14.883333333333333,966.1726073526373,526.3452812135793,4.0802635314184466,1,4,6,1
14.891666666666667,967.2021656091904,526.7491118634802,4.089019488067426,1,4,6,1
14.9,967.2700249233002,527.4706649843642,4.094166549061245,1,4,6,1
14.908333333333333,966.3585992403616,527.5317826693068,4.1230562662615675,1,4,6,1
14.916666666666666,965.9027966392462,527.108410780406,4.176763609983844,1,4,6,1
14.925,965.6653690353083,525.8858794825697,4.103391333514171,1,4,6,1
14.933333333333334,964.9992041034684,527.3281128383057,4.09447232037853,1,4,6,1
14.941666666666666,963.8103226342923,528.4085656952205,4.115627805607785,1,4,6,1
14.95,963.7795254422418,526.9853682292656,4.091160079009705,1,4,6,1
14.958333333333334,963.901047782675,527.2062886641787,3.999919426945467,1,4,6,1
14.966666666666667,964.4877264661707,526.6002957342005,4.107063542541623,1,4,6,1
14.975,962.9915068630175,527.2639362498894,4.1107761184918035,1,4,6,1
14.983333333333333,961.2192409495299,527.3628736374583,4.114383303768693,1,4,6,1
14.991666666666667,962.4183719515896,527.0940827738128,4.067405109485668,1,4,6,1
15.0,962.216944335051,527.0691445298096,4.14512853786855,1,4,6,1
15.008333333333333,962.4192709587751,528.6654357020108,4.160723680947656,1,4,6,1
15.016666666666667,963.3021714703054,526.1153709139036,4.106962552692658,1,4,6,1
15.025,960.8348923605465,526.2136492691385,4.101074333707181,1,4,6,1
15.033333333333333,960.8338027919723,526.3415641313223,4.111808984598983,1,4,6,1
15.041666666666666,960.7299490405774,526.101964659186,4.1221856539856105,1,4,6,1
15.05,960.1372650891134,527.0708841495484,4.15230567573653,1,4,6,1
15.058333333333334,960.8177680980094,526.4030034739543,4.150128972662924,1,4,6,1
15.066666666666666,962.4555810932691,526.5966567243894,4.110360971913494,1,4,6,1
15.075,963.7392087326616,525.5762015734729,4.104858619544455,1,4,6,1
15.083333333333334,966.0484069605344,525.7968658547029,4.125570946172649,1,4,6,1
15.091666666666667,965.554789391573,524.7847899983885,4.078935361125922,1,4,6,1
15.1,965.0166739702742,524.33634225037,4.165543710206001,1,4,6,1
15.108333333333333,966.0251733227062,524.6927179436008,4.079009646655868,1,4,6,1
15.116666666666667,966.5640149902299,525.1205864023226,4.144773728383167,1,4,6,1
15.125,967.3328313454812,524.8688561564005,4.0568081785806624,1,4,6,1
15.133333333333333,968.0003872570171,524.6681597546678,4.095378706502281,1,4,6,1
15.141666666666667,968.8123432358794,523.9342934543107,4.131723282321324,1,4,6,1
15.15,969.4225807893162,524.8376398543664,4.115815273779229,1,4,6,1
15.158333333333333,968.0091947026241,523.7550206137441,4.185316939010481,1,4,6,1
15.166666666666666,968.3397057417834,523.3507043406963,4.090940296632343,1,4,6,1
15.175,533.6219434730318,418.68251425575204,4.089035970698612,1,4,6,1
15.183333333333334,534.3429064653582,418.6439890224815,4.084380065870994,1,4,6,1
15.191666666666666,968.2487842160358,523.6863767234556,4.143484270497187,1,4,6,1
15.2,969.2791082896358,523.2201429765746,4.084906983245548,1,4,6,1
15.208333333333334,969.6396533300955,524.2340690278185,4.0993290830324,1,4,6,1
15.216666666666667,969.4486649955265,523.3705537498354,4.162271102523265,1,4,6,1
15.225,969.2823023305546,521.6481808941987,4.174004456613446,1,4,6,1
15.233333333333333,969.1687839650299,520.640757207459,4.103496154982559,1,4,6,1
15.241666666666667,968.9527498733371,520.7784742669938,4.149311287690033,1,4,6,1
15.25,967.3565486473043,521.2302969571418,4.088380521757842,1,4,6,1
15.258333333333333,966.473830257309,521.278937824784,4.133161244525871,1,4,6,1
15.266666666666667,968.1910936683007,520.3432766714386,4.106651979004041,1,4,6,1
15.275,968.261668854674,520.6558315713719,4.181809460071738,1,4,6,1
15.283333333333333,968.5449010848581,520.6251635948029,4.131788259093746,1,4,6,1
15.291666666666666,969.0300420666675,520.6505176949381,4.162218421056158,1,4,6,1
15.3,969.0923733728193,521.2197866230844,4.078136774900884,1,4,6,1
15.308333333333334,969.4934899593661,521.4837101368178,4.157254396808162,1,4,6,1
15.316666666666666,968.3712941268667,522.4824395678693,4.181391579648701,1,4,6,1
15.325,968.3187465032504,523.3376207230049,4.150876288142954,1,4,6,1
15.333333333333334,968.8745012491987,523.9198337976171,4.138574316571626,1,4,6,1
15.341666666666667,969.1216493815127,523.2682142394418,4.091858650393726,1,4,6,1
15.35,969.3159401649785,524.357333376551,4.120326149040929,1,4,6,1
15.358333333333333,968.9742498309735,523.8303315803803,4.171481275610694,1,4,6,1
15.366666666666667,968.7216875196063,522.4017708699915,4.058244253867161,1,4,6,1
15.375,969.1129224484183,522.0387676887426,4.106011515205041,1,4,6,1
15.383333333333333,968.8331035632461,521.91423376937,4.124650501168384,1,4,6,1
15.391666666666667,969.0835014903392,522.0529183769039,4.135881280028457,1,4,6,1
15.4,969.9472411202872,524.7622853755757,4.121230033750344,1,4,6,1
15.408333333333333,968.0426878007529,525.0508111849971,4.176568775327917,1,4,6,1
15.416666666666666,968.7588699467618,525.6039690021896,4.150938765849677,1,4,6,1
15.425,967.6710029648972,526.3465804919845,4.131624980857122,1,4,6,1
15.433333333333334,966.4124292372404,526.1712498929655,4.143214756578002,1,4,6,1
15.441666666666666,967.0022066180205,526.0983095657023,4.144715844731588,1,4,6,1
15.45,966.2590340696378,526.9599755142069,4.146324073884753,1,4,6,1
15.458333333333334,965.5008816450927,526.6415854839113,4.1124952597154,1,4,6,1
15.466666666666667,964.2297186236874,525.6551954330907,4.170572838358998,1,4,6,1
15.475,966.0523159452192,525.8313238467648,4.166483142169658,1,4,6,1
15.483333333333333,965.5326145819865,526.2759769317146,4.240321413660468,1,4,6,1
15.491666666666667,966.4100319799614,526.5372571917055,4.181482052791346,1,4,6,1
15.5,966.9370587811935,526.6505620295383,4.150284869714869,1,4,6,1
15.508333333333333,966.9866099356776,526.8700370781075,4.158955316140183,1,4,6,1
15.516666666666667,967.8360245330443,525.8181064506467,4.17835237528007,1,4,6,1
15.525,968.0903645085948,526.5931459385716,4.201008536829941,1,4,6,1
15.533333333333333,966.8067689154803,525.8348524739761,4.134541978182783,1,4,6,1
15.541666666666666,1174.0340267526342,873.5671313274165,4.175828968946011,1,4,6,1
15.55,1175.1265555964337,873.8257072125205,4.209287076394933,1,4,6,1
15.558333333333334,967.2972118389075,525.67252446021,4.186617728760467,1,4,6,1
15.566666666666666,967.5962472069791,526.3145100551931,4.201225031535133,1,4,6,1
15.575,967.0205947278008,524.9441245194981,4.159551386673082,1,4,6,1
15.583333333333334,967.6740463853022,523.9298251436679,4.147996150106101,1,4,6,1
15.591666666666667,965.9568029827177,524.055232000184,4.192377059262899,1,4,6,1
15.6,964.5370760227767,524.9841691160523,4.150413568445391,1,4,6,1
15.608333333333333,965.0938809764989,525.5788496368701,4.185249640534275,1,4,6,1
15.616666666666667,964.833657604736,526.4447619028944,4.121356699446069,1,4,6,1
15.625,964.7122391298547,526.137870990026,4.186233713805386,1,4,6,1
15.633333333333333,964.4108734772598,526.1737692562442,4.233862519405269,1,4,6,1
15.641666666666667,963.7040302686331,526.9954692124788,4.133667544076979,1,4,6,1
15.65,962.5099924880607,526.2963617208766,4.144452490636997,1,4,6,1
15.658333333333333,961.5266375040214,525.4988909873185,4.216461963461476,1,4,6,1
15.666666666666666,961.0163005833134,526.371835625413,4.165246716449909,1,4,6,1
15.675,960.9841234786055,525.8219663415475,4.178624002988325,1,4,6,1
15.683333333333334,961.0965221522596,525.6130169306275,4.170475007496317,1,4,6,1
15.691666666666666,960.6491373885391,525.5042228585196,4.13790475307399,1,4,6,1
15.7,960.9440380066918,524.6872838189956,4.232813903101241,1,4,6,1
15.708333333333334,960.1038298532042,525.7919487104343,4.1706076602407975,1,4,6,1
15.716666666666667,960.789987863834,524.9341205361756,4.167212205727475,1,4,6,1
15.725,960.4014900542516,525.361893353292,4.13778737372896,1,4,6,1
15.733333333333333,960.7847716695132,525.4032498353522,4.163911735106059,1,4,6,1
15.741666666666667,959.6623166090934,524.6046566409865,4.183504354508819,1,4,6,1
15.75,959.9052764276604,525.7194067119436,4.140245283502718,1,4,6,1
15.758333333333333,960.9975322211344,524.8498422837274,4.166961536010831,1,4,6,1
15.766666666666667,961.4171977346671,524.7703625281532,4.185907954272923,1,4,6,1
15.775,961.9052763332172,525.233437050932,4.203352043309482,1,4,6,1
15.783333333333333,961.6658897155571,525.0667983179553,4.222305394477095,1,4,6,1
15.791666666666666,960.8909834754692,527.2285196257594,4.166449320495863,1,4,6,1
15.8,960.1387933034803,527.9466347026405,4.14960632709611,1,4,6,1
15.808333333333334,960.4103416691628,527.09752171447,4.219495912566229,1,4,6,1
15.816666666666666,959.6462068523434,527.7739654973223,4.16625008533886,1,4,6,1
15.825,958.4832944107366,527.3160950384568,4.147940574077649,1,4,6,1
15.833333333333334,959.0856278836204,528.0062687796077,4.190755959006076,1,4,6,1
15.841666666666667,1172.9505612005205,713.4027484870795,4.226949522948705,1,4,6,1
15.85,1174.8691287667707,713.2323403552642,4.111865690469566,1,4,6,1
15.858333333333333,961.5229618626,527.5164664003672,4.142977698225136,1,4,6,1
15.866666666666667,962.1158600865373,528.295728432168,4.156259491487445,1,4,6,1
15.875,963.2146495916578,527.9593368862485,4.227895847434012,1,4,6,1
15.883333333333333,963.2268328079646,527.507209481025,4.205147442725725,1,4,6,1
15.891666666666667,963.5579090585171,527.7267948370009,4.177293566884153,1,4,6,1
15.9,963.8967842010882,527.9092023799432,4.170623759790767,1,4,6,1
15.908333333333333,962.9381845617099,527.199759139186,4.166444632333265,1,4,6,1
15.916666666666666,963.1292823620079,527.6982998629569,4.172811618923077,1,4,6,1
15.925,963.0024651070196,525.6833024496775,4.237823574198955,1,4,6,1
15.933333333333334,962.8180325167276,525.5049139605743,4.239711367603377,1,4,6,1
15.941666666666666,962.0128929593722,524.2982875207706,4.21688389469232,1,4,6,1
15.95,962.6651282397962,524.8759825426296,4.214919251584786,1,4,6,1
15.958333333333334,962.2955313621673,523.1566192221455,4.19931494784714,1,4,6,1
15.966666666666667,961.6255832201192,522.7507054426153,4.240889609249234,1,4,6,1
15.975,962.9893335277214,522.044362197774,4.195590240386391,1,4,6,1
15.983333333333333,963.0943124280536,522.1695220737071,4.203729694089047,1,4,6,1
15.991666666666667,963.9093217787597,523.1795263812945,4.163964395639155,1,4,6,1
16.0,964.4209977360316,522.2569690481288,4.184765112557643,1,4,6,1
16.008333333333333,964.3055416624225,524.4492973717812,4.28334609899412,1,4,6,1
16.016666666666666,964.9664357119309,522.4064621168424,4.219063572859503,1,4,6,1
16.025,965.5743783490237,521.8513799171993,4.257306448219339,1,4,6,1
16.033333333333335,965.0039046630479,522.7090964687583,4.26988063533935,1,4,6,1
16.041666666666668,964.4109636390065,522.2080647184154,4.324833872632314,1,4,6,1
16.05,964.9749357255542,521.7531848378591,4.276020613482111,1,4,6,1
16.058333333333334,964.5843225557179,519.9755305818774,4.2806262942170505,1,4,6,1
16.066666666666666,964.8156805045988,520.9044622754838,4.3259237206926,1,4,6,1
16.075,965.108752973594,521.456792282872,4.284984836827982,1,4,6,1
16.083333333333332,966.4613586713072,522.3325111001452,4.281693282975659,1,4,6,1
16.091666666666665,965.6301405840551,523.1263271160368,4.286702683082728,1,4,6,1
16.1,964.7067675778925,524.0034601315264,4.2917931714997355,1,4,6,1
16.108333333333334,964.6874654686532,523.9318357562684,4.321056893436058,1,4,6,1
16.116666666666667,964.8327515679899,523.877971853716,4.397408792121327,1,4,6,1
16.125,965.408664941888,524.6090201738244,4.314371028517426,1,4,6,1
16.133333333333333,965.7164091846645,523.8905722332435,4.3469271779833925,1,4,6,1
16.141666666666666,966.870781518854,525.2763492545606,4.346679339616336,1,4,6,1
16.15,967.3578257345176,526.0570019319763,4.331812584939144,1,4,6,1
16.158333333333335,968.6369301240109,525.7135579984339,4.353155035806341,1,4,6,1
16.166666666666668,966.3368005359014,524.9321043007835,4.322210094012779,1,4,6,1
16.175,965.4704669476033,524.19556592493,4.365527656641914,1,4,6,1
16.183333333333334,966.2081500743384,524.4041277083936,4.319994124158118,1,4,6,1
16.191666666666666,966.3754145615877,525.2257846976947,4.360349268117555,1,4,6,1
16.2,966.0988082740566,525.926446432005,4.342584993920087,1,4,6,1
16.208333333333332,965.5983971672754,525.8337227605277,4.320399962199313,1,4,6,1
16.216666666666665,966.1527147671771,526.9497636614212,4.3938212742631775,1,4,6,1
16.225,966.1389798810302,527.0586334168312,4.330858808941161,1,4,6,1
16.233333333333334,966.2941858392054,527.9731862484111,4.2818920036756785,1,4,6,1
16.241666666666667,966.6932074518658,526.2214976185729,4.359464015485555,1,4,6,1
16.25,967.3152747157936,525.1405944253489,4.328596099651244,1,4,6,1
16.258333333333333,967.1215931995814,525.9805207366741,4.2961862607140295,1,4,6,1
16.266666666666666,966.160406309413,525.7722718704107,4.361144028678881,1,4,6,1
16.275,966.094621392471,526.9448325002348,4.2730624007847124,1,4,6,1
16.283333333333335,965.023263502243,527.6623784315278,4.307159184064257,1,4,6,1
16.291666666666668,964.4091559442649,528.6681259329026,4.3021617193659205,1,4,6,1
16.3,964.1757068017192,528.5790966007602,4.286991115816743,1,4,6,1
16.308333333333334,963.3979677448575,527.7839832633434,4.30579487303033,1,4,6,1
16.316666666666666,961.9719949010023,527.7977080076874,4.34090710836344,1,4,6,1
16.325,962.1919603479705,527.6152671428365,4.2674516254649735,1,4,6,1
16.333333333333332,962.2575655531315,528.5466804084767,4.280848818704602,1,4,6,1
16.341666666666665,962.9259847429921,529.9205595181612,4.3153501466633815,1,4,6,1
16.35,963.005312692953,529.725711613051,4.1932373518236385,1,4,6,1
16.358333333333334,962.7000865107749,529.1609223939953,4.289848728758942,1,4,6,1
16.366666666666667,962.7228167139099,530.2024175739192,4.257231491854322,1,4,6,1
16.375,962.2110403854889,530.3740869335396,4.223810307524187,1,4,6,1
16.383333333333333,962.9889617853906,531.3322017620806,4.200745114064878,1,4,6,1
16.391666666666666,962.7186505802175,531.1647210647675,4.238206595958026,1,4,6,1
16.4,963.3224107562377,531.0130398335843,4.215693104590813,1,4,6,1
16.408333333333335,962.8654931349635,531.6342716476066,4.233355235673702,1,4,6,1
16.416666666666668,962.072415122261,533.829459772947,4.19654446965118,1,4,6,1
16.425,961.8584816577547,534.1058616715169,4.228321917204806,1,4,6,1
16.433333333333334,962.9498570752625,534.4082613284588,4.152019475609545,1,4,6,1
16.441666666666666,961.3044335747154,534.8741108095096,4.221958625768826,1,4,6,1
16.45,960.9590503616982,535.863007242321,4.201160192660616,1,4,6,1
16.458333333333332,959.7710784914037,534.9857978524369,4.116968400123572,1,4,6,1
16.466666666666665,959.3480805034854,535.0496322204812,4.184941880312609,1,4,6,1
16.475,959.8282796560131,535.5039865402695,4.1854751269276145,1,4,6,1
16.483333333333334,961.7040083585941,534.3588771845873,4.196062527359248,1,4,6,1
16.491666666666667,961.3279876459654,534.4291129304614,4.243881514542409,1,4,6,1
16.5,962.3080109231303,534.3545507850946,4.195428020726321,1,4,6,1
16.508333333333333,961.9202565960883,534.640662789808,4.141410777539874,1,4,6,1
16.516666666666666,962.9065213673782,534.308990976538,4.215126922203455,1,4,6,1
16.525,963.1688875695966,533.5707141566443,4.160182791961452,1,4,6,1
16.533333333333335,963.8882407238042,534.491422969126,4.185072711486368,1,4,6,1
16.541666666666668,963.5577533237206,535.3003685298634,4.267666950423366,1,4,6,1
16.55,963.8870418891256,533.8716592577431,4.233003094295247,1,4,6,1
16.558333333333334,963.8243996674258,533.8943173968361,4.171042300274688,1,4,6,1
16.566666666666666,963.275555959706,532.4863527299939,4.196050785668126,1,4,6,1
16.575,963.9098803799786,531.4384476741968,4.237605402122782,1,4,6,1
16.583333333333332,964.8968333306495,530.4571688556211,4.161334524604898,1,4,6,1
16.591666666666665,965.3392516226393,529.8948692774065,4.201166428830595,1,4,6,1
16.6,965.5238693709102,529.8883285248862,4.204541449259659,1,4,6,1
16.608333333333334,965.9590180420644,528.7728859827666,4.1658057448181385,1,4,6,1
16.616666666666667,965.7160539911279,529.2294806352384,4.210954400930148,1,4,6,1
16.625,965.7800567538975,529.1981970891342,4.24663449436448,1,4,6,1
16.633333333333333,967.9638187811858,529.7840121794429,4.194637369410407,1,4,6,1
16.641666666666666,968.3513000977981,529.3746211835725,4.214220716511295,1,4,6,1
16.65,968.4130039009951,530.0852283555088,4.205832079426773,1,4,6,1
16.658333333333335,967.6789687512922,529.4874107137088,4.2234797858643,1,4,6,1
16.666666666666668,966.7146438410798,528.7695211366052,4.150205909318327,1,4,6,1
16.675,966.4329072782255,529.8325541753456,4.190923263154495,1,4,6,1
16.683333333333334,966.9508777236706,529.8856074865029,4.213571765200097,1,4,6,1
16.691666666666666,967.6766349641771,530.999166728443,4.169143393015624,1,4,6,1
16.7,967.5251561564838,531.2771503182544,4.203677799771761,1,4,6,1
16.708333333333332,965.4285833974368,531.0444837636372,4.168498023281375,1,4,6,1
16.716666666666665,965.8874897558321,530.8126603281981,4.163549847313714,1,4,6,1
16.725,966.5846447481925,531.9622835150722,4.1569216930369075,1,4,6,1
16.733333333333334,965.809563677449,531.6413517274422,4.142724404665647,1,4,6,1
16.741666666666667,966.6310978802741,530.3671796684195,4.196071755571185,1,4,6,1
16.75,968.2292766588545,529.9008683285906,4.175716057446643,1,4,6,1
16.758333333333333,969.2572897852616,529.99520638294,4.139156324603565,1,4,6,1
16.766666666666666,968.4405314939669,529.1656769437668,4.191324632216013,1,4,6,1
16.775,968.6314205323848,529.0380667073803,4.181787191967903,1,4,6,1
16.783333333333335,969.1356010062512,530.1613196127047,4.175501917831562,1,4,6,1
16.791666666666668,968.7608676669571,530.4032664311912,4.193751176360912,1,4,6,1
16.8,968.5431002287612,530.6300375502616,4.153957583783302,1,4,6,1
16.808333333333334,969.0060943936128,531.0235064562637,4.146983956335777,1,4,6,1
16.816666666666666,967.8451296775571,529.468192626615,4.208891173637759,1,4,6,1
16.825,966.3583879953941,530.8356242718161,4.164778677453055,1,4,6,1
16.833333333333332,967.4310513645845,532.0188251476077,4.154482590304881,1,4,6,1
16.841666666666665,967.6828490994008,532.9748399424333,4.204538379930619,1,4,6,1
16.85,966.6341106117512,533.4966485513763,4.186959340103504,1,4,6,1
16.858333333333334,967.3551392721423,534.5966403025636,4.191458313481331,1,4,6,1
16.866666666666667,966.6864443289161,535.3335551262664,4.1533843699930735,1,4,6,1
16.875,967.180875790211,534.4623874181691,4.166808497146492,1,4,6,1
16.883333333333333,966.9641899246577,533.8222004993247,4.13180152876017,1,4,6,1
16.891666666666666,965.0868545161826,533.1457289412449,4.1671044969625095,1,4,6,1
16.9,965.3738626866335,533.5997191665336,4.156886899936448,1,4,6,1
16.908333333333335,965.212145538909,534.1214222417206,4.229700449182646,1,4,6,1
16.916666666666668,965.3785333657848,534.6993325194333,4.223223280233343,1,4,6,1
16.925,964.8688961405693,535.0616258426843,4.162092637453917,1,4,6,1
16.933333333333334,962.5557335516959,534.755706482319,4.17528559255081,1,4,6,1
16.941666666666666,962.2462312359232,534.8115822180698,4.115501927164445,1,4,6,1
16.95,963.7248782936399,534.8682149258666,4.196216488136996,1,4,6,1
16.958333333333332,964.7095601554149,533.9868229351102,4.201252175245441,1,4,6,1
16.966666666666665,965.1043782129453,532.9968258427228,4.213319218287959,1,4,6,1
16.975,964.5677756212117,533.3810447282553,4.199369466862792,1,4,6,1
16.983333333333334,966.1385285163637,533.064833861398,4.1587601207597045,1,4,6,1
16.991666666666667,965.4963243068484,533.2708540059381,4.1522233690442665,1,4,6,1
17.0,963.8710327308834,534.1097134230187,4.145115667691965,1,4,6,1
17.008333333333333,963.6407395229853,534.5158536093272,4.141231722963111,1,4,6,1
17.016666666666666,964.0720968801534,533.7112385280429,4.115967634952348,1,4,6,1
17.025,964.3053865938327,532.9351366889184,4.138910104399302,1,4,6,1
17.033333333333335,964.8074412484702,533.8972774057908,4.123129156864611,1,4,6,1
17.041666666666668,963.6921210015288,534.3417015098482,4.173487954610352,1,4,6,1
17.05,963.8271304728703,534.4260063696194,4.096835424858642,1,4,6,1
17.058333333333334,962.8978913165469,535.2505458627846,4.1713234058595905,1,4,6,1
17.066666666666666,962.3405411274945,534.515318159391,4.1388054375207695,1,4,6,1
17.075,962.0297209565977,535.7957300262381,4.126207658529725,1,4,6,1
17.083333333333332,962.8572999592362,536.6682099286315,4.164841937676686,1,4,6,1
17.091666666666665,962.718909580899,535.2769965322414,4.098843269325962,1,4,6,1
17.1,962.223900164477,535.7909661818057,4.1946226517725895,1,4,6,1
17.108333333333334,962.2145860884617,535.0885503156696,4.150606190849292,1,4,6,1
17.116666666666667,962.0723970295552,533.2625764497267,4.092461851999127,1,4,6,1
17.125,962.1095288804643,534.2198499208323,4.117909268525313,1,4,6,1
17.133333333333333,962.019606793918,535.5179887469709,4.177886199701244,1,4,6,1
17.141666666666666,962.1636581686334,535.2923190367273,4.079519697240748,1,4,6,1
17.15,964.0430214096752,535.9418411539316,4.1572869670144685,1,4,6,1
17.158333333333335,963.8742336790797,536.4645338523798,4.10356511359003,1,4,6,1
17.166666666666668,962.7995289739421,537.2206390392203,4.159869096365173,1,4,6,1
17.175,962.5597456039304,538.1837202188187,4.155286844331159,1,4,6,1
17.183333333333334,962.5804155068367,538.5467549621301,4.115801478253016,1,4,6,1
17.191666666666666,963.1228490219572,537.7829698372424,4.143423705107173,1,4,6,1
17.2,965.8538723937228,537.9247083290616,4.162226384845561,1,4,6,1
17.208333333333332,965.7121242582291,537.0790110267556,4.156464254208008,1,4,6,1
17.216666666666665,965.6994429410684,536.7125135031854,4.145902759247301,1,4,6,1
17.225,966.7215483659606,537.735570932762,4.111081253574746,1,4,6,1
17.233333333333334,967.4377846756126,537.314701513036,4.132610489419116,1,4,6,1
17.241666666666667,966.8539429727878,537.065869524068,4.1358899345146884,1,4,6,1
17.25,965.9040775042727,536.9463155793152,4.124413126849793,1,4,6,1
17.258333333333333,967.0441927832511,536.8047833317787,4.0854920981599205,1,4,6,1
17.266666666666666,966.3743365052936,537.7380096036044,4.1233316750135005,1,4,6,1
17.275,966.4160760838296,537.0910996294624,4.136806656959579,1,4,6,1
17.283333333333335,966.9937047960256,537.7460173914325,4.1469375645328155,1,4,6,1
17.291666666666668,965.9120436170273,537.2056443984283,4.142497705339244,1,4,6,1
17.3,964.7211306901078,535.6183083420513,4.184720717920953,1,4,6,1
17.308333333333334,966.3898105846978,535.821998382198,4.11502828681055,1,4,6,1
17.316666666666666,966.4745069838608,535.0382426676065,4.090675481334874,1,4,6,1
17.325,966.6062822045723,534.7786652481784,4.119167989026343,1,4,6,1
17.333333333333332,966.916746355717,534.876058135961,4.123799076971321,1,4,6,1
17.341666666666665,967.5438848035311,535.970410325882,4.107427551123787,1,4,6,1
17.35,968.3705483051066,536.4473992550102,4.020000734953323,1,4,6,1
17.358333333333334,967.5486967628392,536.7023884559476,4.181123799291723,1,4,6,1
17.366666666666667,967.8146577397374,535.8140077186129,4.127243264728304,1,4,6,1
17.375,967.0784351623246,536.3799122575118,4.128645454081745,1,4,6,1
17.383333333333333,968.0584690264618,536.0055222104248,4.199421725566727,1,4,6,1
17.391666666666666,968.3199009025855,536.4174899980391,4.111480742262712,1,4,6,1
17.4,968.965092536462,535.6187198568446,4.126577722949856,1,4,6,1
17.408333333333335,970.964629805862,535.5841030356164,4.100886573951449,1,4,6,1
17.416666666666668,971.8667545868674,535.9142933553998,4.115317553747126,1,4,6,1
17.425,973.6406676128823,535.408935117799,4.118890157483543,1,4,6,1
17.433333333333334,974.4187487279868,536.8314519065087,4.105726704731581,1,4,6,1
17.441666666666666,974.4417239578235,536.6348199114298,4.060426717270907,1,4,6,1
17.45,975.45619123899,536.3362557689403,4.073512027228167,1,4,6,1
17.458333333333332,975.344336155435,535.3134543901824,4.119659699405135,1,4,6,1
17.466666666666665,974.9832557507248,534.406152894865,4.1032865344972205,1,4,6,1
17.475,974.9540064007065,534.0453599190272,4.074398186368601,1,4,6,1
17.483333333333334,975.6097632031363,534.4236290340781,4.0532859643795,1,4,6,1
17.491666666666667,975.2903823881853,534.6533024321378,4.080210594542777,1,4,6,1
17.5,975.5311390243917,535.3864392111811,4.121755010134808,1,4,6,1
17.508333333333333,975.3506851447335,533.9474558949496,4.130822761109489,1,4,6,1
17.516666666666666,976.5315651248757,533.1303284427029,4.097914667960351,1,4,6,1
17.525,976.7328768505114,532.9917936054024,4.049426412612929,1,4,6,1
17.533333333333335,977.2575913380886,533.9979451675229,4.10783499477915,1,4,6,1
17.541666666666668,978.2322114952186,534.6770853588465,4.101302297215537,1,4,6,1
17.55,977.7728179179476,535.327828956221,4.100735953135456,1,4,6,1
17.558333333333334,976.8791756847261,535.5819203252169,4.123560153655802,1,4,6,1
17.566666666666666,975.57187043409,535.2513258468728,4.1044473192593225,1,4,6,1
17.575,974.9750179151624,535.3018952537614,4.107675346774872,1,4,6,1
17.583333333333332,975.156878075638,535.5701830480253,4.106083547176559,1,4,6,1
17.591666666666665,975.5279184992854,534.4053747500952,4.080042537526666,1,4,6,1
17.6,976.3768528004135,533.215852147655,4.074928671066812,1,4,6,1
17.608333333333334,975.5235464151611,533.4613948102774,4.129205723880459,1,4,6,1
17.616666666666667,974.6386061255071,534.1246025447679,4.077905545013232,1,4,6,1
17.625,975.2330641148974,533.8505302425192,4.0697206841041185,1,4,6,1
17.633333333333333,975.6856995740882,533.0415003963797,4.082341883630968,1,4,6,1
17.641666666666666,976.108052585163,532.7860281908681,4.043900695388851,1,4,6,1
17.65,975.1951935026243,531.126445005453,4.1212853913394545,1,4,6,1
17.658333333333335,975.6646991752444,530.452668978489,4.102701628312426,1,4,6,1
17.666666666666668,976.5368822997963,530.6683945392374,4.077060525276738,1,4,6,1
17.675,1367.5019363269812,733.8936102380333,4.123932229135213,1,4,6,1
17.683333333333334,1367.3899096398766,734.0022211786488,4.03642797926353,1,4,6,1
17.691666666666666,975.052680969995,530.8420122371008,4.084969888944805,1,4,6,1
17.7,974.326427141354,530.5673296320577,4.054182976257541,1,4,6,1
17.708333333333332,973.7398981266855,529.2925781659025,4.057457911080034,1,4,6,1
17.716666666666665,973.9315543449352,530.9593865070669,4.062808186725154,1,4,6,1
17.725,974.7218247328814,530.7476479867099,4.043506293022534,1,4,6,1
17.733333333333334,975.3969726370535,531.3496071654193,4.059920706827811,1,4,6,1
17.741666666666667,975.5705361426476,532.6976973183711,4.102363403286132,1,4,6,1
17.75,976.6160438991413,533.4734839278868,4.125413491434361,1,4,6,1
17.758333333333333,976.9969145376645,533.9847631771149,4.09242770984574,1,4,6,1
17.766666666666666,976.510055045054,534.0988745725978,4.065091301485064,1,4,6,1
17.775,977.1004574935091,535.5221530393786,4.108702849612116,1,4,6,1
17.783333333333335,977.3218750836863,536.0554222937926,4.0675920612824745,1,4,6,1
17.791666666666668,976.2168045600664,535.240366453488,4.068968764479307,1,4,6,1
17.8,976.1263764739641,535.3100856792138,4.052450697951692,1,4,6,1
17.808333333333334,975.6845534736386,534.7099807275008,4.071171977798045,1,4,6,1
17.816666666666666,975.2547923198317,534.4848302930947,4.037834660006257,1,4,6,1
17.825,975.6607304728806,534.9674428970158,4.01732708047223,1,4,6,1
17.833333333333332,976.2782049076833,535.3475239451474,4.057388815864089,1,4,6,1
17.841666666666665,975.1091682932256,535.3115998395044,4.109238042288383,1,4,6,1
17.85,975.3373588862127,534.9996946135204,4.0758451947609045,1,4,6,1
17.858333333333334,973.9476547670145,535.7034581403802,4.087466303701151,1,4,6,1
17.866666666666667,973.8956916200733,536.5119327375537,4.0299216255436345,1,4,6,1
17.875,973.2763886638918,536.862222815815,4.109848718050189,1,4,6,1
17.883333333333333,973.3543350754345,536.1409220111769,4.0655196535172795,1,4,6,1
17.891666666666666,974.0548641421591,536.4676790283783,4.084630219042552,1,4,6,1
17.9,973.3222991199376,536.8523570093269,4.067437033610254,1,4,6,1
17.908333333333335,973.3893329251031,535.633200339906,4.044023819637218,1,4,6,1
17.916666666666668,974.135568754194,534.1806874893397,4.0671373937416515,1,4,6,1
17.925,974.5126046498599,533.484445622722,4.088988719533163,1,4,6,1
17.933333333333334,974.6362509635048,533.5701852267807,4.122105491687879,1,4,6,1
17.941666666666666,974.3100584319209,533.7195578679331,4.0765127468568645,1,4,6,1
17.95,974.8967255268763,533.6467016468655,4.047183106797952,1,4,6,1
17.958333333333332,974.5123400296264,533.1905959741125,4.029600424290753,1,4,6,1
17.966666666666665,975.6658897672114,532.3966291180593,4.066353989648526,1,4,6,1
17.975,975.6858330827721,531.7205318102449,4.0569617050629185,1,4,6,1
17.983333333333334,976.8240562449931,531.7166939114692,4.085215677226717,1,4,6,1
17.991666666666667,976.6255328915587,532.9185448414776,4.030223053194776,1,4,6,1
18.0,976.3638015017026,532.3469403244901,4.014374081514348,1,4,6,1
18.008333333333333,976.1685403198826,531.4051129599505,4.0590701933933,1,4,6,1
18.016666666666666,976.0920103977547,532.9738164096062,4.045447814444201,1,4,6,1
18.025,976.7331702199554,531.9141714480611,4.0695389106797935,1,4,6,1
18.033333333333335,976.5305499747828,532.367156409388,4.0875355137089615,1,4,6,1
18.041666666666668,975.7005639404732,532.3668053312634,4.014950256325155,1,4,6,1
18.05,974.7239270623616,533.8176832625636,4.01891566917545,1,4,6,1
18.058333333333334,974.1091485968809,534.1777614433627,4.06365967474333,1,4,6,1
18.066666666666666,973.1568652159372,533.663818412623,4.06788343083866,1,4,6,1
18.075,972.3300333350587,534.286808366613,4.074697401356799,1,4,6,1
18.083333333333332,973.0812304513267,534.0391568462916,4.045215170907852,1,4,6,1
18.091666666666665,971.8778020590413,533.4273602798357,3.9905745759971403,1,4,6,1
18.1,972.6694431295668,533.976450502241,3.9979352647598425,1,4,6,1
18.108333333333334,972.1440147227406,534.246849250848,4.0200916027983515,1,4,6,1
18.116666666666667,971.7626541905015,533.2849374400639,4.030520818293997,1,4,6,1
18.125,970.938960237817,532.2439652396661,4.023395381036061,1,4,6,1
18.133333333333333,971.4617534324988,531.8173314002197,4.026559674273587,1,4,6,1
18.141666666666666,972.1987361737913,532.0314845732478,4.079842225414897,1,4,6,1
18.15,970.6086880930218,531.8713829626458,3.9939824723755035,1,4,6,1
18.158333333333335,971.5810825050567,531.023226264908,3.9914989683450175,1,4,6,1
18.166666666666668,971.9472924182636,530.9567997171973,4.060749474316583,1,4,6,1
18.175,973.6733203400669,529.4605793498794,4.064690859996793,1,4,6,1
18.183333333333334,971.8994922240345,528.8185150274969,4.002981099770834,1,4,6,1
18.191666666666666,971.9547047829069,529.1075036754622,4.017553580282721,1,4,6,1
18.2,972.5535174466951,527.6044811610192,4.038232410949462,1,4,6,1
18.208333333333332,972.1795665898758,526.4556129219274,3.996009752395488,1,4,6,1
18.216666666666665,971.9466090358393,526.4327376900052,4.007749828275223,1,4,6,1
18.225,971.3235656347637,526.6652186448463,4.006895772472148,1,4,6,1
18.233333333333334,970.0838707371614,526.2460679359368,4.04937834126669,1,4,6,1
18.241666666666667,969.9257568469936,526.6959805312622,3.975393109174428,1,4,6,1
18.25,969.0118383309049,528.290394970868,4.026279202358083,1,4,6,1
18.258333333333333,969.428664133985,527.5352558386066,4.024318396134086,1,4,6,1
18.266666666666666,970.5988223764541,527.0153639088697,3.961455731242539,1,4,6,1
18.275,969.9224494197041,528.9015313111438,4.048945763066192,1,4,6,1
18.283333333333335,967.7072030965705,528.8064159621571,3.9986176822686694,1,4,6,1
18.291666666666668,968.232412941565,528.116795355041,3.9648240403580006,1,4,6,1
18.3,968.6195593032544,527.2637586022879,4.02100366990573,1,4,6,1
18.308333333333334,968.3560879656242,524.9869100616731,3.983119723013241,1,4,6,1
18.316666666666666,970.1418701886637,525.711702971988,4.029331801371455,1,4,6,1
18.325,970.3049371286994,525.1397218614385,3.998478968547683,1,4,6,1
18.333333333333332,969.7229795857855,524.0948919698902,4.057979394901048,1,4,6,1
18.341666666666665,970.3391961110799,523.7922784999816,3.977506117211441,1,4,6,1
18.35,969.92849799211,521.9068274615202,3.9750577487266656,1,4,6,1
18.358333333333334,968.5465115667374,522.6751693662459,3.992793400773097,1,4,6,1
18.366666666666667,967.9754018629413,523.9890091627497,3.983688034763409,1,4,6,1
18.375,966.9168749559263,523.9819209745975,4.043747945271878,1,4,6,1
18.383333333333333,966.3528442927225,523.9700490403501,4.0417663301952125,1,4,6,1
18.391666666666666,967.6562184901015,523.3607167118732,3.9814607727702827,1,4,6,1
18.4,967.839257250285,523.106752534546,4.059842870595775,1,4,6,1
18.408333333333335,966.4766673435641,523.1785886773654,3.9925515832326597,1,4,6,1
18.416666666666668,967.3960840923226,523.3161488169794,3.9738564374217584,1,4,6,1
18.425,966.676907391003,523.1274088945444,3.9626533894844282,1,4,6,1
18.433333333333334,965.8616779800448,523.2563484181131,3.9865281366045346,1,4,6,1
18.441666666666666,964.9688519708961,523.6098117096224,4.004828559255874,1,4,6,1
18.45,964.1658390327356,524.4393543962718,4.038220394581555,1,4,6,1
18.458333333333332,964.3694273528113,524.255637694761,3.999263344093106,1,4,6,1
18.466666666666665,963.8851574172188,523.811484568039,4.014959210791221,1,4,6,1
18.475,964.6054158474759,524.7078074805348,4.070501882294831,1,4,6,1
18.483333333333334,964.4214987366033,524.5210296602334,3.9531596233139887,1,4,6,1
18.491666666666667,962.8244103328925,525.2290874826533,3.975337000995575,1,4,6,1
18.5,962.298485849628,524.662460705889,4.0071283776005995,1,4,6,1
18.508333333333333,962.4820536780786,524.9254942250724,3.997212383195536,1,4,6,1
18.516666666666666,963.2859349078177,524.6799840303353,4.024593968897874,1,4,6,1
18.525,961.9639704423189,524.6785771115459,3.993504168645367,1,4,6,1
18.533333333333335,962.90416188043,524.619012956699,4.02579297062316,1,4,6,1
18.541666666666668,961.3217633380542,524.9019569841793,4.001421558906263,1,4,6,1
18.55,960.0743543293436,523.5248482066319,4.01112475997988,1,4,6,1
18.558333333333334,959.3017592798,523.436784306028,4.008021563118228,1,4,6,1
18.566666666666666,957.9150692355306,524.2477686315896,3.957499145955455,1,4,6,1
18.575,959.2172333006778,523.0640982676806,3.9668918902991708,1,4,6,1
18.583333333333332,958.7422859667083,522.905917393841,4.04663485211873,1,4,6,1
18.591666666666665,958.0029418285635,522.8040784491981,4.004923346152067,1,4,6,1
18.6,958.2962096257198,521.9183545246489,3.9821760659552523,1,4,6,1
18.608333333333334,958.3050831606852,522.4440344266327,3.9845326060223307,1,4,6,1
18.616666666666667,957.8565245852483,521.9275352250868,4.04034343934575,1,4,6,1
18.625,957.8366704415873,520.2098030938565,4.030277586174244,1,4,6,1
18.633333333333333,957.8917821285219,519.222377892732,4.029958745115638,1,4,6,1
18.641666666666666,959.063838911742,519.1310708643333,3.9699357774635087,1,4,6,1
18.65,958.6344496871242,519.5659364796762,4.027796094908177,1,4,6,1
18.658333333333335,957.6058370932872,520.0024238575926,4.011982359344776,1,4,6,1
18.666666666666668,956.3111665279771,519.893377229133,3.911693373578233,1,4,6,1
18.675,956.9726760626738,521.0752118349803,4.014957924138182,1,4,6,1
18.683333333333334,956.635705746656,520.1811859302503,4.030010344382228,1,4,6,1
18.691666666666666,955.4632233502575,519.0500998504169,4.021617964632492,1,4,6,1
18.7,955.0241322599289,518.6147396450954,4.031150257305529,1,4,6,1
18.708333333333332,955.0181825316337,518.2201943684373,4.035409025455195,1,4,6,1
18.716666666666665,955.3037062919574,518.2849156465346,4.030497029764865,1,4,6,1
18.725,955.2411225292824,518.0987999743418,4.005543154878602,1,4,6,1
18.733333333333334,954.956184315486,518.1295222336478,3.98283426284079,1,4,6,1
18.741666666666667,956.1503957767512,518.2410038056719,4.016216591690237,1,4,6,1
18.75,955.0346946737709,518.3923182263143,4.06228750698257,1,4,6,1
18.758333333333333,955.8226732858296,517.8952164726824,3.950735370508896,1,4,6,1
18.766666666666666,956.2062835331242,518.124009257881,3.943965697913263,1,4,6,1
18.775,955.130012919668,519.4401735606727,4.042755763280092,1,4,6,1
18.783333333333335,954.9388579447287,520.4141857815221,3.9994959897827957,1,4,6,1
18.791666666666668,954.4676641860491,520.5063827993954,4.005377575836561,1,4,6,1
18.8,911.4045529794331,798.9568039065574,4.029934098616873,1,4,6,1
18.808333333333334,911.5227058518798,798.5584284146535,4.000002941478743,1,4,6,1
18.816666666666666,954.3957955883368,520.5843610550795,3.9619923228512692,1,4,6,1
18.825,954.1987217818468,520.2999382419304,3.998932202682388,1,4,6,1
18.833333333333332,954.5045801634591,520.213858068443,4.042727351571851,1,4,6,1
18.841666666666665,954.4545343673544,519.1433693653274,3.9862196664673135,1,4,6,1
18.85,955.9180060938429,518.6556443491161,3.9622760622227444,1,4,6,1
18.858333333333334,956.1403790557555,518.2338184709516,4.01582292619278,1,4,6,1
18.866666666666667,957.1811362886052,519.2206208119461,4.014945283133924,1,4,6,1
18.875,957.5874949755015,519.9485203536632,4.034263519675085,1,4,6,1
18.883333333333333,958.256171587632,520.1236249187947,3.944622792495949,1,4,6,1
18.891666666666666,958.3125632748615,518.3064904519567,3.983794579915027,1,4,6,1
18.9,957.9738879142277,518.0016796885071,3.9743301021191946,1,4,6,1
18.908333333333335,958.1952845355124,517.9607935092076,3.9929042494816698,1,4,6,1
18.916666666666668,957.321366167261,519.5769833382103,4.013158582788783,1,4,6,1
18.925,958.3577508132768,520.0757237902345,4.022138047159109,1,4,6,1
18.933333333333334,958.8138310654449,520.8665254960695,4.020230008049697,1,4,6,1
18.941666666666666,960.0571864916949,521.4578437771554,4.025674279601849,1,4,6,1
18.95,958.9137129884934,521.5902349106841,4.025221748348067,1,4,6,1
18.958333333333332,959.5548663367482,522.1340460115474,4.0154985093138835,1,4,6,1
18.966666666666665,958.7558488129365,521.5837750518028,4.056927500831587,1,4,6,1
18.975,958.8854072551832,521.2140233755052,4.061657793969258,1,4,6,1
18.983333333333334,959.5776185535899,521.207659343616,4.051656515522024,1,4,6,1
18.991666666666667,959.1692458749857,520.1172496483096,3.9986635719154098,1,4,6,1
19.0,959.4350187690083,520.458983010394,4.036971615657753,1,4,6,1
19.008333333333333,959.2515576480741,520.3552227614672,4.0045717626179815,1,4,6,1
19.016666666666666,958.9470344206445,520.2004729645056,4.01308872700097,1,4,6,1
19.025,958.66751125693,519.387892162796,4.015112035653305,1,4,6,1
19.033333333333335,956.4031010597429,518.9641971194777,4.114431629540846,1,4,6,1
19.041666666666668,956.9988351100213,518.5224842012343,4.030461986671654,1,4,6,1
19.05,956.6486866551271,518.2820582714836,3.975570950568439,1,4,6,1
19.058333333333334,955.809896812248,518.9224229211566,4.017728321201512,1,4,6,1
19.066666666666666,955.8822177659208,519.1490494182448,4.046541322584262,1,4,6,1
19.075,955.5312456627911,517.9284164467886,3.96644095585496,1,4,6,1
19.083333333333332,955.2239276134541,518.748014648452,4.058806308249781,1,4,6,1
19.091666666666665,955.9560165835812,518.1815062024401,4.054574809153981,1,4,6,1
19.1,955.7185108146024,518.6183028588163,3.98262106647839,1,4,6,1
19.108333333333334,953.6311590311608,518.6457165892812,3.987646217729546,1,4,6,1
19.116666666666667,953.4510730575613,518.2937042756497,4.026296458197116,1,4,6,1
19.125,951.6907171073725,519.5506075791175,3.9911224596107933,1,4,6,1
19.133333333333333,951.0455633000576,519.5828439278431,4.0095850794887005,1,4,6,1
19.141666666666666,951.4767570423843,518.7780986495252,4.031059320340903,1,4,6,1
19.15,951.4807379119025,519.3438491099147,4.023592318020458,1,4,6,1
19.158333333333335,949.9465454618479,519.2519531385719,4.020942332942246,1,4,6,1
19.166666666666668,950.8634946156475,519.5345972465827,4.012018417424189,1,4,6,1
19.175,950.4843861765917,519.527197240947,4.058285637732997,1,4,6,1
19.183333333333334,950.6904157515885,519.1611976748283,3.9851416505586124,1,4,6,1
19.191666666666666,949.4276600524312,518.2751679057435,4.01575809905822,1,4,6,1
19.2,949.241581988719,518.1645225679149,4.007706249115256,1,4,6,1
19.208333333333332,950.0029687013626,517.0489450432096,3.9981550365147904,1,4,6,1
19.216666666666665,949.7960952500505,517.4234955244376,3.9826985902637473,1,4,6,1
19.225,948.7751802834617,518.5613948084728,3.983548005593687,1,4,6,1
19.233333333333334,948.6515990444103,518.3655813055684,3.9988543814395676,1,4,6,1
19.241666666666667,947.2240082448251,517.2608649684987,4.0358674607479506,1,4,6,1
19.25,947.2279225230855,516.1819649761073,4.090828478738409,1,4,6,1
19.258333333333333,946.5975271932961,515.3072492334582,4.05623744000399,1,4,6,1
19.266666666666666,946.9537289434954,516.1212619379764,4.025946299287293,1,4,6,1
19.275,371.1681391013483,967.4116173575729,4.000957649112947,1,4,6,1
19.283333333333335,370.9776921013822,967.5144194712067,4.046016686027002,1,4,6,1
19.291666666666668,948.1109818149615,517.0013004702981,4.027453416876178,1,4,6,1
19.3,948.7025015871882,516.457382726494,4.048031531330554,1,4,6,1
19.308333333333334,948.7979450342262,516.2838320842017,3.990299777898056,1,4,6,1
19.316666666666666,948.2130405866938,515.39124829755,3.991917477403629,1,4,6,1
19.325,946.3326825148132,515.4085815908652,4.031495621848974,1,4,6,1
19.333333333333332,947.6284711777383,515.3854264811782,4.081463708050655,1,4,6,1
19.341666666666665,948.4373740423453,516.1539069473957,4.069895649733626,1,4,6,1
19.35,948.4452397255764,517.0737663048197,4.063547744802205,1,4,6,1
19.358333333333334,949.2049117175314,517.0354189745609,4.065620022423418,1,4,6,1
19.366666666666667,950.3863225006585,517.4110436658237,4.006010752025576,1,4,6,1
19.375,950.2357678210338,516.3092362546158,4.051882820561301,1,4,6,1
19.383333333333333,950.719485219359,517.5526891383762,3.9450224139118246,1,4,6,1
19.391666666666666,950.9457248489736,516.5287586626638,4.0088237564442,1,4,6,1
19.4,950.5831289819745,516.6471032208956,3.9423006815648214,1,4,6,1
19.408333333333335,951.9082727764201,517.5582650953629,4.075511566672907,1,4,6,1
19.416666666666668,951.2050484943477,518.8916928189686,4.052092846546427,1,4,6,1
19.425,952.1738377214022,519.5113199980622,4.031635955778308,1,4,6,1
19.433333333333334,951.9003735586126,518.7420490450627,4.050317688673643,1,4,6,1
19.441666666666666,952.5121371117486,519.9393133067744,4.0023587771688565,1,4,6,1
19.45,952.9498290144974,518.9395810875257,4.080600586491483,1,4,6,1
19.458333333333332,952.9529570766041,518.31182687142,4.003853828230452,1,4,6,1
19.466666666666665,953.1739683082976,518.4157336561317,4.019921007482961,1,4,6,1
19.475,954.1473576655403,519.7210094314128,4.042667487615012,1,4,6,1
19.483333333333334,953.2525652906415,519.1918505387698,4.028312844367254,1,4,6,1
19.491666666666667,952.4881487913312,520.1326745264496,4.052433872400611,1,4,6,1
19.5,951.4131597675854,517.745480993208,4.046504144151786,1,4,6,1
19.508333333333333,952.2093553193865,517.2070008728496,3.983456232333057,1,4,6,1
19.516666666666666,953.0222702795453,517.737141919293,4.041028607074547,1,4,6,1
19.525,952.6844796319525,516.9357996329009,4.081528822679441,1,4,6,1
19.533333333333335,952.7821428632905,515.8948136847408,4.054937129559187,1,4,6,1
19.541666666666668,954.7427624398464,516.519646862635,4.026643215400343,1,4,6,1
19.55,956.1591187820375,518.3411039314453,4.061617811500006,1,4,6,1
19.558333333333334,956.2627838709153,518.5780030749386,4.072479893914997,1,4,6,1
19.566666666666666,956.1142542201165,518.695696726058,4.059930922485033,1,4,6,1
19.575,956.3942216459708,518.3604397974352,4.035069761119302,1,4,6,1
19.583333333333332,956.3619818730498,518.1392391768743,4.067086404091188,1,4,6,1
19.591666666666665,956.814107999017,518.6799681329627,4.030953558225534,1,4,6,1
19.6,957.0826078829145,519.1782786682132,4.056170264383503,1,4,6,1
19.608333333333334,955.2079754814471,519.0941131231544,4.08810454742934,1,4,6,1
19.616666666666667,955.3109629694995,518.8908377049905,4.0507535430540225,1,4,6,1
19.625,955.7558555485806,518.6308282491731,4.055460390468079,1,4,6,1
19.633333333333333,956.2546243230319,519.7253446511446,3.994817261949854,1,4,6,1
19.641666666666666,956.4114787389221,520.2603977513189,4.069406158957448,1,4,6,1
19.65,957.5123165384192,520.4029846727966,4.099584192068652,1,4,6,1
19.658333333333335,957.7196796766532,519.9828749840327,4.064755691780625,1,4,6,1
19.666666666666668,959.0278295372589,519.9304905644846,4.062958766425961,1,4,6,1
19.675,957.1647686472143,520.0451111333299,4.029963392303969,1,4,6,1
19.683333333333334,956.9321171348399,520.207384184905,4.090018666127458,1,4,6,1
19.691666666666666,957.1626299240769,519.222149707747,4.025227968279657,1,4,6,1
19.7,958.4004080702048,517.887860779578,4.059440568469052,1,4,6,1
19.708333333333332,958.3463890211907,518.8939558064428,4.076689930579604,1,4,6,1
19.716666666666665,958.6558771375799,519.6976601448717,4.026030949028063,1,4,6,1
19.725,959.1732383882069,519.9572565251814,4.030430500927703,1,4,6,1
19.733333333333334,958.0470836665504,520.3661135544031,4.020932384103404,1,4,6,1
19.741666666666667,959.2628428315109,520.3410484027689,4.076811959346729,1,4,6,1
19.75,958.3586366686555,519.9534010169956,4.046817713232889,1,4,6,1
19.758333333333333,959.152577691623,519.5541193832688,4.028104094793967,1,4,6,1
19.766666666666666,960.2322337692166,519.0102678359299,4.080559087752805,1,4,6,1
19.775,959.9058878983667,519.4273658410705,4.111866891979051,1,4,6,1
19.783333333333335,960.1129376910575,519.5947410525943,4.105920394545453,1,4,6,1
19.791666666666668,961.0022040900384,518.161051956492,4.0226749397646495,1,4,6,1
19.8,961.8690863905608,516.9480986923093,4.076228286576376,1,4,6,1
19.808333333333334,961.7420533245108,516.1763209066614,4.08231973658825,1,4,6,1
19.816666666666666,961.6623397136698,516.0943597157557,4.057801903971088,1,4,6,1
19.825,961.4496426475439,515.5953648016001,4.135081075078924,1,4,6,1
19.833333333333332,961.5289952617894,514.5613113599962,4.0659797679922,1,4,6,1
19.841666666666665,960.6872384947858,516.0345470452851,4.097223884330994,1,4,6,1
19.85,961.0296885006161,515.7241688444524,4.093742121873983,1,4,6,1
19.858333333333334,961.2220728473307,516.4689517432687,4.0848667652277815,1,4,6,1
19.866666666666667,960.5122763657381,517.1487168254575,4.075122628303717,1,4,6,1
19.875,959.9806983376866,516.8832048498284,4.052346512897968,1,4,6,1
19.883333333333333,960.4230147815041,516.1841858866044,4.125171911561574,1,4,6,1
19.891666666666666,960.4121175306663,515.7008213171189,4.0848777366079565,1,4,6,1
19.9,962.1621246828325,516.8000868557181,4.09492854228558,1,4,6,1
19.908333333333335,962.2348662251508,516.4345161761544,4.149493097597868,1,4,6,1
19.916666666666668,961.4581522025079,516.2501056391038,4.104431710466689,1,4,6,1
19.925,960.634017839951,517.467354047738,4.077019404800066,1,4,6,1
19.933333333333334,962.0256297619684,518.0282626787413,4.0859861819825305,1,4,6,1
19.941666666666666,962.0408514461143,519.078339799908,4.073219245748379,1,4,6,1
19.95,962.7259636009142,518.8620136920154,4.111752377554551,1,4,6,1
19.958333333333332,963.6566626010715,518.4015470285896,4.099816894603384,1,4,6,1
19.966666666666665,963.624984283415,517.8689738130529,4.128328729169941,1,4,6,1
19.975,963.5284236422746,518.0222252053085,4.077027706514151,1,4,6,1
19.983333333333334,963.9711225610738,518.0321033733566,4.082362096142459,1,4,6,1
19.991666666666667,965.8819869355702,518.5074202752672,4.094215269984332,1,4,6,1
