t,gx,gy,pupil,valid,subj,trial,label
0.0,960.5516958964844,540.0163969081533,3.2278164513883887,1,1,3,0
0.008333333333333333,960.8675741301666,539.959238676425,3.196312746932695,1,1,3,0
0.016666666666666666,960.3756742730345,539.670304258862,3.214385150969102,1,1,3,0
0.025,959.2320464268068,538.8590381020573,3.1957512397691676,1,1,3,0
0.03333333333333333,958.6608405201954,539.0462047581871,3.2126356411841406,1,1,3,0
0.041666666666666664,958.2864636782057,538.9522115004944,3.205958692230186,1,1,3,0
0.05,958.8060224044468,539.0764181968754,3.205115133600477,1,1,3,0
0.058333333333333334,958.5543793757404,539.1510909985935,3.2079373830310627,1,1,3,0
0.06666666666666667,958.8743621336516,540.2783953347729,3.211461005530125,1,1,3,0
0.075,958.5805795813319,540.8728325966267,3.181072847018275,1,1,3,0
0.08333333333333333,958.8853380979806,541.2049106915633,3.201191651538067,1,1,3,0
0.09166666666666666,958.7512017783126,541.9435942312798,3.2122101890375028,1,1,3,0
0.1,958.9116325667704,541.7671647631784,3.2503057944752554,1,1,3,0
0.10833333333333334,959.3814328059896,542.7839794886752,3.2031707973860364,1,1,3,0
0.11666666666666667,959.8140295949943,543.2274313492339,3.220106666954924,1,1,3,0
0.125,959.5526620222636,542.9211207536275,3.20554379611587,1,1,3,0
0.13333333333333333,959.4375528459094,542.289234358306,3.221679532876602,1,1,3,0
0.14166666666666666,959.338899555214,542.4883857688727,3.25608395336629,1,1,3,0
0.15,959.031907574856,542.2090261736105,3.232872918546212,1,1,3,0
0.15833333333333333,958.5472189589879,542.3832694434365,3.2341722543893288,1,1,3,0
0.16666666666666666,958.6251613435913,541.7975109756204,3.2198819714522418,1,1,3,0
0.175,959.1866156131946,541.5139630634023,3.199354461101798,1,1,3,0
0.18333333333333332,959.081335816183,542.6102141320094,3.1935820976503826,1,1,3,0
0.19166666666666668,958.5209410977922,542.6447115044488,3.2382881293134087,1,1,3,0
0.2,958.9034265146099,542.977495029307,3.2266731125468326,1,1,3,0
0.20833333333333334,958.6233880941377,543.2308586365053,3.2324898816431427,1,1,3,0
0.21666666666666667,958.6972641655195,542.8922967461536,3.2069028372421924,1,1,3,0
0.225,958.8761183419673,542.1727286701365,3.2314159304322327,1,1,3,0
0.23333333333333334,959.185995710211,542.2639579413012,3.207297425729646,1,1,3,0
0.24166666666666667,959.5767475601684,542.6080053351906,3.209390469033672,1,1,3,0
0.25,958.9977404693951,542.1923701960251,3.2166938595319716,1,1,3,0
0.25833333333333336,958.3302063405996,542.242490438626,3.2043102871993296,1,1,3,0
0.26666666666666666,957.817238218898,542.5809011326584,3.242162811292131,1,1,3,0
0.275,957.2898700186347,542.8187872443298,3.268780127215923,1,1,3,0
0.2833333333333333,957.2929650249364,543.1559460196235,3.2250623351031686,1,1,3,0
0.2916666666666667,957.3426424217824,542.9063297158185,3.22461514072434,1,1,3,0
0.3,956.8011966569574,543.6378094608953,3.266031107471409,1,1,3,0
0.30833333333333335,956.5855646242253,544.4813417651982,3.2479777614539946,1,1,3,0
0.31666666666666665,957.310087308286,543.8083883774273,3.2477923556684276,1,1,3,0
0.325,956.6297532818226,544.6147470498055,3.236378078959669,1,1,3,0
0.3333333333333333,957.1940448167022,544.6728216560263,3.237108811666144,1,1,3,0
0.3416666666666667,957.0234787361325,545.2530403121136,3.2263347929422554,1,1,3,0
0.35,956.1607535935761,545.7948588998046,3.216520044091659,1,1,3,0
0.35833333333333334,955.299994617861,545.9272579783504,3.2863888806639663,1,1,3,0
0.36666666666666664,955.592592925297,545.6664240499528,3.2293687347055906,1,1,3,0
0.375,955.6561966904541,545.0799921979515,3.2757082172609095,1,1,3,0
0.38333333333333336,956.3188117625876,545.8715565561973,3.2216618353308744,1,1,3,0
0.39166666666666666,957.058923507597,545.8221781456657,3.2585902679586285,1,1,3,0
0.4,956.9220542176355,545.771840952685,3.242554898938107,1,1,3,0
0.4083333333333333,956.1302598086003,546.7291852424378,3.264311693202875,1,1,3,0
0.4166666666666667,956.3954484054389,547.2113282728697,3.2609937726343485,1,1,3,0
0.425,956.1013698619272,547.5041764500487,3.273769336743885,1,1,3,0
0.43333333333333335,956.4090560126878,547.7498503900855,3.264967489086493,1,1,3,0
0.44166666666666665,956.7854416450036,547.3765810079942,3.2745773711085637,1,1,3,0
0.45,956.6538310755373,546.7833944132009,3.2646556075503734,1,1,3,0
0.4583333333333333,956.5869256845922,545.8406741292009,3.3201312994956687,1,1,3,0
0.4666666666666667,956.9907701241654,545.9729321862726,3.277864097125176,1,1,3,0
0.475,956.3373172180387,546.2005743881485,3.282365128768937,1,1,3,0
0.48333333333333334,955.1154909367738,545.8905479558091,3.296357442678966,1,1,3,0
0.49166666666666664,955.3773482551917,546.2811772972223,3.264139957202356,1,1,3,0
0.5,955.8871364315431,546.1095142891744,3.2964268611216627,1,1,3,0
0.5083333333333333,955.5617059842771,546.2891182362285,3.3218954997967334,1,1,3,0
0.5166666666666667,955.3813631830978,546.1388002032618,3.283018460146665,1,1,3,0
0.525,954.9089659224222,545.9060393311515,3.2746929159778113,1,1,3,0
0.5333333333333333,954.6610386108853,546.238836803335,3.296667443545371,1,1,3,0
0.5416666666666666,955.2604139391738,546.6715109828059,3.2899501171662933,1,1,3,0
0.55,956.056980420871,546.7929282468117,3.3206107243844443,1,1,3,0
0.5583333333333333,956.0602333426305,546.736242967905,3.2997210794091245,1,1,3,0
0.5666666666666667,956.4365163154581,546.8459114287341,3.31410303071376,1,1,3,0
0.575,956.4980199279402,546.5454492188154,3.3119732978623753,1,1,3,0
0.5833333333333334,955.9205971238285,546.8911466616111,3.296824029070559,1,1,3,0
0.5916666666666667,955.6907465358327,546.8864751792884,3.344715655038423,1,1,3,0
0.6,955.5610675865422,546.1760877191247,3.2997190636016547,1,1,3,0
0.6083333333333333,955.7846835005995,546.9446793444782,3.3040414360874273,1,1,3,0
0.6166666666666667,956.7769089494753,547.2254674804498,3.3345021819250484,1,1,3,0
0.625,957.5714242414597,547.1171257364076,3.325649996559774,1,1,3,0
0.6333333333333333,956.9943763374337,547.194827120584,3.3388905722730318,1,1,3,0
0.6416666666666667,956.5607916612313,547.991503946608,3.355623740445926,1,1,3,0
0.65,956.5703775145618,548.1103049626536,3.3427218342959377,1,1,3,0
0.6583333333333333,956.5748647385112,547.6163915558615,3.3041605086287698,1,1,3,0
0.6666666666666666,957.1679703969196,547.4868731481233,3.291184005101589,1,1,3,0
0.675,956.8832494529023,548.0958306710797,3.3335336641924576,1,1,3,0
0.6833333333333333,956.4071557708389,547.6366854852354,3.3079996100598117,1,1,3,0
0.6916666666666667,957.0214120000097,547.9976551206456,3.284409449111069,1,1,3,0
0.7,956.9522100452386,548.5861384015207,3.315183333363255,1,1,3,0
0.7083333333333334,957.009079915834,548.5865739572371,3.3475275669346924,1,1,3,0
0.7166666666666667,956.0248873733269,547.4683598700844,3.33515326995995,1,1,3,0
0.725,955.889648305,548.1853686375623,3.272453037181314,1,1,3,0
0.7333333333333333,954.6933408893576,548.8043326325428,3.277692707036617,1,1,3,0
0.7416666666666667,954.3309740796789,549.2157277300566,3.3040186636469544,1,1,3,0
0.75,954.0848364161194,549.3022287463288,3.299798996796854,1,1,3,0
0.7583333333333333,954.6126242850513,549.7364091820833,3.2735662702902175,1,1,3,0
0.7666666666666667,954.7290432294781,549.8998415523823,3.3070802627472276,1,1,3,0
0.775,955.5484316344547,550.0210487309024,3.3150814561978996,1,1,3,0
0.7833333333333333,955.8176067156402,549.225693465791,3.2899796912807533,1,1,3,0
0.7916666666666666,955.8719005189214,549.2658132659753,3.3327655579072606,1,1,3,0
0.8,955.5222834343579,548.811556772122,3.288045940450712,1,1,3,0
0.8083333333333333,956.2094164024032,549.4029284528423,3.291478213581086,1,1,3,0
0.8166666666666667,955.5919236996124,549.8623394528905,3.3115615428559546,1,1,3,0
0.825,956.4974983004211,550.1071727820133,3.319062782281309,1,1,3,0
0.8333333333333334,956.8828782712544,550.0135715719202,3.298938778877896,1,1,3,0
0.8416666666666667,956.9845789948846,549.5140842205557,3.2796212214367313,1,1,3,0
0.85,956.7445047791111,550.4441831704141,3.2601939507307156,1,1,3,0
0.8583333333333333,955.5830825319229,550.3076261391044,3.304765420581794,1,1,3,0
0.8666666666666667,955.0109175573133,550.1438531591132,3.2427257120818114,1,1,3,0
0.875,954.365947335016,551.2538409253024,3.3073889301542527,1,1,3,0
0.8833333333333333,954.4301011484258,551.6367568946256,3.2796350659647016,1,1,3,0
0.8916666666666667,954.6476673616444,552.1030296346373,3.271955706138142,1,1,3,0
0.9,954.0237042573596,552.3859279355825,3.31333553832362,1,1,3,0
0.9083333333333333,954.7623429217839,552.0999513937849,3.311911872876005,1,1,3,0
0.9166666666666666,954.4234770785768,551.6589687427893,3.2966310999049653,1,1,3,0
0.925,954.4235706858777,551.487271939288,3.273631260707463,1,1,3,0
0.9333333333333333,954.3510169143816,550.7098738271728,3.267033405487943,1,1,3,0
0.9416666666666667,953.4201160354042,550.7764917499377,3.32607563281977,1,1,3,0
0.95,953.3920263712104,550.8206860833914,3.3105665814971337,1,1,3,0
0.9583333333333334,954.1299625397158,550.7721960824437,3.2973735288072437,1,1,3,0
0.9666666666666667,953.6641516897229,550.6405434659417,3.315873560585208,1,1,3,0
0.975,953.486151235388,550.5248976350894,3.325551317678393,1,1,3,0
0.9833333333333333,953.513056171688,550.2830362969761,3.3063384625352175,1,1,3,0
0.9916666666666667,953.0874900115913,550.4880601016184,3.2705222471130106,1,1,3,0
1.0,952.8771050126526,550.8973421276905,3.3040490118302923,1,1,3,0
1.0083333333333333,952.9869752843617,551.0304692550915,3.287547488916828,1,1,3,0
1.0166666666666666,953.1967640501944,551.3254059384642,3.262959798271371,1,1,3,0
1.025,952.2525258975443,550.6194793475928,3.3068044842085884,1,1,3,0
1.0333333333333334,951.4299867373876,550.7515319017883,3.288404519485259,1,1,3,0
1.0416666666666667,952.2292971835772,550.652023348224,3.346645647971314,1,1,3,0
1.05,951.2811915708514,551.0140147866939,3.310712300822901,1,1,3,0
1.0583333333333333,951.5014628733611,550.6172541372109,3.305937097442348,1,1,3,0
1.0666666666666667,951.323647789261,550.1457473992793,3.2857906022291727,1,1,3,0
1.075,950.9412473248045,550.3341880299589,3.28983730571279,1,1,3,0
1.0833333333333333,949.8606400895388,550.600740219443,3.300093709979371,1,1,3,0
1.0916666666666666,950.3407109397331,549.4388228043038,3.272357176787418,1,1,3,0
1.1,951.0753086762979,549.5008901640621,3.2909039899691335,1,1,3,0
1.1083333333333334,950.9694516131357,550.0052932169218,3.301898141045105,1,1,3,0
1.1166666666666667,950.342593131495,550.1828472444315,3.2901877603114213,1,1,3,0
1.125,950.6945064981061,549.7810826112635,3.3060971815386915,1,1,3,0
1.1333333333333333,950.8231602062071,548.8626435503515,3.3024923057475224,1,1,3,0
1.1416666666666666,950.7340622120681,549.2396361255429,3.3048216533253414,1,1,3,0
1.15,951.143056737265,549.2318695593665,3.3225610787329787,1,1,3,0
1.1583333333333334,950.7172705486672,549.4076036048477,3.284113382197106,1,1,3,0
1.1666666666666667,950.2626585646375,549.8921863949928,3.3044947109519724,1,1,3,0
1.175,949.8408927802151,550.0868202496301,3.2826159041778498,1,1,3,0
1.1833333333333333,950.1174215263054,550.1957895731196,3.293210523318291,1,1,3,0
1.1916666666666667,949.863745019753,550.477579636355,3.2910705715958524,1,1,3,0
1.2,950.318386257402,550.4617103930465,3.302466666991594,1,1,3,0
1.2083333333333333,950.5315664543008,550.7262969249363,3.304091658633323,1,1,3,0
1.2166666666666666,950.5400553061039,550.5723169464521,3.2878713524687444,1,1,3,0
1.225,950.8316644793173,550.5628415075672,3.2768403004386903,1,1,3,0
1.2333333333333334,950.2423201374148,551.0085589753817,3.323285839117035,1,1,3,0
1.2416666666666667,950.8113129575839,550.7547584062423,3.2811433867665536,1,1,3,0
1.25,950.3772268754495,551.1779954049392,3.2664574319153146,1,1,3,0
1.2583333333333333,950.5293318519912,551.7858625829399,3.286633273828459,1,1,3,0
1.2666666666666666,950.522984475688,552.5109153418198,3.329685034167579,1,1,3,0
1.275,950.0345182515147,552.1074761427964,3.304206342318582,1,1,3,0
1.2833333333333334,949.3130967170003,552.3370785224445,3.2691643765626033,1,1,3,0
1.2916666666666667,949.0561791353565,552.1394188772531,3.316185857242619,1,1,3,0
1.3,948.69267429512,551.4984830746937,3.2664577194570894,1,1,3,0
1.3083333333333333,948.652631443557,551.3845312146756,3.294064676571214,1,1,3,0
1.3166666666666667,949.2265772179015,552.3976978750045,3.275473790510915,1,1,3,0
1.325,949.3836442855053,551.5989559952613,3.2619295273829882,1,1,3,0
1.3333333333333333,950.3102918881337,552.2260415107537,3.305974467079658,1,1,3,0
1.3416666666666666,949.3515720872839,551.3115737549883,3.3256477980996304,1,1,3,0
1.35,950.0662084418263,550.7312558603853,3.2980635560477833,1,1,3,0
1.3583333333333334,949.7217994739287,550.4012895801809,3.3282546035578897,1,1,3,0
1.3666666666666667,949.335215941061,550.4197628074314,3.333956621353693,1,1,3,0
1.375,949.3528712397415,550.9533019546844,3.2972158851593667,1,1,3,0
1.3833333333333333,949.5159813110241,551.9516230657138,3.3114324404026614,1,1,3,0
1.3916666666666666,948.3511176288647,552.2829391026299,3.300362774150845,1,1,3,0
1.4,948.0820954173748,551.9994413476782,3.2776930638719426,1,1,3,0
1.4083333333333334,947.2758194940121,552.6139622352794,3.2413705480200887,1,1,3,0
1.4166666666666667,946.5146457470448,552.0665284144185,3.2993330817793387,1,1,3,0
1.425,946.4797063924065,551.6941135209349,3.2915582195058914,1,1,3,0
1.4333333333333333,945.7213307655201,551.9894263653974,3.2801957003743745,1,1,3,0
1.4416666666666667,945.6970625970501,552.0777446384564,3.2910678285445076,1,1,3,0
1.45,944.4537112651678,552.8537521162358,3.2985753383773937,1,1,3,0
1.4583333333333333,944.4035919803675,552.5700433041778,3.2992354554430254,1,1,3,0
1.4666666666666666,944.3938573340345,552.300940939349,3.256511790978582,1,1,3,0
1.475,944.6001395518438,553.0579952609841,3.282956957596414,1,1,3,0
1.4833333333333334,944.7678583355678,552.9470135129665,3.294425366793904,1,1,3,0
1.4916666666666667,945.3075091132944,553.339552290203,3.2817697255196685,1,1,3,0
1.5,945.5647357573175,554.2076158998184,3.2725133615530275,1,1,3,0
1.5083333333333333,945.5783066634281,554.0150258254207,3.2901603225095393,1,1,3,0
1.5166666666666666,945.3345364854437,553.8353083718631,3.276323572551453,1,1,3,0
1.525,945.0301306263744,553.5146486617705,3.2864986569049157,1,1,3,0
1.5333333333333334,944.9875865719284,552.7978670347708,3.317095112624428,1,1,3,0
1.5416666666666667,945.7207738459085,552.3461916831426,3.329210512319751,1,1,3,0
1.55,946.3374031390692,552.1719293271491,3.281826179290442,1,1,3,0
1.5583333333333333,945.8619430899278,552.9217536923977,3.308827462204323,1,1,3,0
1.5666666666666667,946.1049745631271,553.1373004529183,3.297697386618078,1,1,3,0
1.575,946.142973510051,553.7734580421694,3.2932667199562804,1,1,3,0
1.5833333333333333,945.7985839176555,553.466480818,3.2886194761605427,1,1,3,0
1.5916666666666666,945.3544374740252,552.7853075133457,3.304083566697899,1,1,3,0
1.6,946.3909512436487,552.3637095559255,3.267957585537746,1,1,3,0
1.6083333333333334,946.3269500249639,553.1645787354927,3.28511339416016,1,1,3,0
1.6166666666666667,946.1043898181969,552.2360696260479,3.298367565166426,1,1,3,0
1.625,946.2428549285553,552.0044751480798,3.299114915379415,1,1,3,0
1.6333333333333333,946.0789540229997,551.4829295056915,3.310412382911156,1,1,3,0
1.6416666666666666,945.7267717741338,550.3568223139606,3.2495288983841415,1,1,3,0
1.65,945.9607510923987,550.1637270283129,3.2824872715820765,1,1,3,0
1.6583333333333334,945.4768966306108,550.8374017201799,3.312822661545598,1,1,3,0
1.6666666666666667,945.1137956840039,550.8278600876587,3.2638042346005474,1,1,3,0
1.675,945.2614065282953,551.0271443025327,3.292253313370888,1,1,3,0
1.6833333333333333,945.259023686232,551.380988560032,3.276337532847624,1,1,3,0
1.6916666666666667,945.3314654660757,552.1011064128096,3.2892590735283824,1,1,3,0
1.7,944.7976643237345,552.0113336213775,3.288645914099766,1,1,3,0
1.7083333333333333,944.8907235959455,552.1137809252464,3.2888420747619214,1,1,3,0
1.7166666666666666,944.5813982711257,553.0263157664679,3.3075960853302395,1,1,3,0
1.725,944.5543807062302,553.6135878677835,3.2948830083204688,1,1,3,0
1.7333333333333334,944.4722414211883,553.6265350240407,3.301955456893618,1,1,3,0
1.7416666666666667,944.1750576027355,553.3191042129773,3.3246180640083423,1,1,3,0
1.75,943.3928026876282,552.8832751400199,3.271334068186392,1,1,3,0
1.7583333333333333,943.679721374668,553.633028580216,3.240269891645425,1,1,3,0
1.7666666666666666,944.4539292795897,553.3265243498338,3.3082183598832824,1,1,3,0
1.775,944.540725219876,553.5295662832468,3.276050791590642,1,1,3,0
1.7833333333333334,944.6325047590109,553.9294767691905,3.223909686616834,1,1,3,0
1.7916666666666667,944.9733687765721,554.1334871196892,3.2708850023492495,1,1,3,0
1.8,945.1268713702523,554.0660212107459,3.3141306585275685,1,1,3,0
1.8083333333333333,944.6687209127235,555.2020714750835,3.217374473152634,1,1,3,0
1.8166666666666667,944.762807580062,554.5572281678434,3.265565866723516,1,1,3,0
1.825,944.0475958238613,555.4610220864594,3.2726734129185013,1,1,3,0
1.8333333333333333,944.8683715109505,554.7985162524404,3.276246042883909,1,1,3,0
1.8416666666666666,944.9899877181975,554.1447530546303,3.2951031928984738,1,1,3,0
1.85,945.2058545315208,553.9825891886909,3.2340998259701816,1,1,3,0
1.8583333333333334,945.6385670256468,554.0631381964116,3.271718593584828,1,1,3,0
1.8666666666666667,946.2584349420513,554.254459248009,3.2745486660440584,1,1,3,0
1.875,946.2408729819468,554.61308759633,3.276247368338951,1,1,3,0
1.8833333333333333,946.3886198353119,554.6001091191731,3.277885519766146,1,1,3,0
1.8916666666666666,945.6528325900891,554.1966100278487,3.268277162163202,1,1,3,0
1.9,945.4845373628401,554.6715046584743,3.310688193588044,1,1,3,0
1.9083333333333334,945.938409647425,554.9338280749798,3.2877414355019248,1,1,3,0
1.9166666666666667,946.0558508330182,555.7434288013983,3.228584886231116,1,1,3,0
1.925,946.3686930201143,555.7987655835732,3.2228057365124525,1,1,3,0
1.9333333333333333,945.6351253888769,555.577939498156,3.2257921968876664,1,1,3,0
1.9416666666666667,945.3802253104112,555.477307737957,3.2829916548648335,1,1,3,0
1.95,944.6956278570483,556.1593302467272,3.266747998285566,1,1,3,0
1.9583333333333333,944.9158892609863,555.8807844258012,3.267668784238141,1,1,3,0
1.9666666666666666,944.6575857823398,555.6055281366916,3.258817364516516,1,1,3,0
1.975,944.324516554701,555.3664237387615,3.2303437147795138,1,1,3,0
1.9833333333333334,944.403429268429,554.816934828892,3.242312728680119,1,1,3,0
1.9916666666666667,945.1859689589592,554.888809772866,3.236029806939471,1,1,3,0
2.0,944.6017559312645,555.0890447268685,3.293398092686375,1,1,3,0
2.0083333333333333,944.1377794508567,554.9305242439441,3.242664179142277,1,1,3,0
2.0166666666666666,944.2965658528162,553.7482128909395,3.2513520472375372,1,1,3,0
2.025,944.7660717268541,553.3116966491663,3.2509273797324565,1,1,3,0
2.033333333333333,944.1379094041228,553.7435227813212,3.2891834136584848,1,1,3,0
2.0416666666666665,944.0501340179234,552.993510375002,3.2402088236755286,1,1,3,0
2.05,943.7349025359722,552.462465488863,3.2793360457934653,1,1,3,0
2.058333333333333,944.0473294722195,552.6854741319254,3.270347697476734,1,1,3,0
2.066666666666667,943.871023397266,552.6449271164163,3.2859983641650823,1,1,3,0
2.075,943.6527299872599,552.9040523494082,3.2595113833606617,1,1,3,0
2.0833333333333335,943.9360537274284,553.3137498254058,3.255166212948256,1,1,3,0
2.091666666666667,943.0736614576838,553.363800721909,3.244794534322464,1,1,3,0
2.1,942.4313104886365,552.2359289706833,3.290141198210623,1,1,3,0
2.1083333333333334,942.5972041414132,552.4253784611367,3.242078637797516,1,1,3,0
2.1166666666666667,942.7042545463319,552.5720783325442,3.2676070782538553,1,1,3,0
2.125,942.8444541593328,551.4772475730106,3.228403273590439,1,1,3,0
2.1333333333333333,943.7840989886566,551.3755034380847,3.246813268380126,1,1,3,0
2.1416666666666666,943.0251325879794,551.6820618811937,3.2560086360005984,1,1,3,0
2.15,942.9167712535275,551.8313796427192,3.2569866549510134,1,1,3,0
2.158333333333333,942.6871057870914,551.6054137092543,3.222923338024169,1,1,3,0
2.1666666666666665,942.7045397063121,550.7593857475387,3.228113235369346,1,1,3,0
2.175,942.4855498927435,550.3027705767078,3.2061925035767485,1,1,3,0
2.183333333333333,943.2097536340186,550.359213627263,3.2479202702553462,1,1,3,0
2.191666666666667,943.2458941983724,550.1609217775408,3.2291900453466056,1,1,3,0
2.2,943.1641390421282,550.1023480756772,3.263945028742516,1,1,3,0
2.2083333333333335,943.2462288448927,549.6419097173634,3.239504872033154,1,1,3,0
2.216666666666667,943.4353623843436,549.0981886073882,3.2746795097197428,1,1,3,0
2.225,943.5839538250415,548.952227427472,3.2262401180978872,1,1,3,0
2.2333333333333334,943.2069715051244,548.8294774602149,3.1840025384974115,1,1,3,0
2.2416666666666667,942.7733061219878,549.5130298390038,3.2515343897143003,1,1,3,0
2.25,941.8808661153787,549.7727753588181,3.201021648972571,1,1,3,0
2.2583333333333333,942.199015249765,550.0173650244019,3.2620044198710594,1,1,3,0
2.2666666666666666,941.9431324280608,549.9903798385099,3.233385621263786,1,1,3,0
2.275,941.2730216101505,550.60906323582,3.214995884744808,1,1,3,0
2.283333333333333,941.5099974118965,550.5562531279992,3.2590063103969897,1,1,3,0
2.2916666666666665,940.7593729252864,550.8281831569157,3.249882324575899,1,1,3,0
2.3,940.8192674116289,550.8490099164242,3.235172164722355,1,1,3,0
2.308333333333333,940.9515838173535,550.6672622650514,3.20548835360623,1,1,3,0
2.316666666666667,940.5241068403932,550.576973905749,3.2586386842038064,1,1,3,0
2.325,941.8414446144599,551.1971864779409,3.192966387049807,1,1,3,0
2.3333333333333335,942.1585605541057,551.3158169377919,3.2331581888599588,1,1,3,0
2.341666666666667,942.2330157146514,551.4746891901584,3.1964065523995977,1,1,3,0
2.35,942.5245330445263,551.1410322648707,3.2175059472002503,1,1,3,0
2.3583333333333334,942.1060155835827,551.3542512649226,3.20967920114646,1,1,3,0
2.3666666666666667,941.9173792346465,551.1610389583846,3.1918619959125336,1,1,3,0
2.375,942.4093107712364,551.2669014800863,3.233005373335694,1,1,3,0
2.3833333333333333,942.414743720695,551.0351088780118,3.217938085285575,1,1,3,0
2.3916666666666666,942.4141729429417,551.1922602504994,3.21722857652733,1,1,3,0
2.4,942.2640965411202,551.1574494151641,3.232163278855402,1,1,3,0
2.408333333333333,943.3463327856922,551.1132602288164,3.1938009881691016,1,1,3,0
2.4166666666666665,943.1422077754241,552.110531774703,3.232276060078072,1,1,3,0
2.425,942.9603159612711,550.9573568398446,3.204065879438837,1,1,3,0
2.433333333333333,943.0957012350589,552.4714558877808,3.2116654640440734,1,1,3,0
2.441666666666667,943.0514852619465,552.4915472639849,3.2163999691478122,1,1,3,0
2.45,942.9256668556051,551.8094006289523,3.1827898034596425,1,1,3,0
2.4583333333333335,942.7490189020699,551.9310446042624,3.1909292631638277,1,1,3,0
2.466666666666667,942.4911367980594,551.4565598007196,3.242235144645901,1,1,3,0
2.475,942.5462189108573,550.9452872203424,3.199682092898185,1,1,3,0
2.4833333333333334,942.3332947724372,550.7339186643362,3.20523533362357,1,1,3,0
2.4916666666666667,942.2691917852964,550.9097491315966,3.1934267756390184,1,1,3,0
2.5,941.8842706462503,550.6563985676917,3.1896912713023684,1,1,3,0
2.5083333333333333,942.2583344424916,551.1694830470971,3.172077442348211,1,1,3,0
2.5166666666666666,941.5965460836915,551.1949397032306,3.2091102006035137,1,1,3,0
2.525,941.9488210219444,551.4851758590514,3.2129882091411184,1,1,3,0
2.533333333333333,941.8705456391248,551.1184430448166,3.2169073785310793,1,1,3,0
2.5416666666666665,942.2125531241823,551.2750806506557,3.1623191811651066,1,1,3,0
2.55,942.7639575054012,551.5304352867568,3.1733902811404797,1,1,3,0
2.558333333333333,943.1177663393012,551.7295084976279,3.169833874116576,1,1,3,0
2.566666666666667,943.6580335681639,551.5388437581875,3.2128184721417328,1,1,3,0
2.575,943.9756728681048,551.6720204039008,3.1688311291641886,1,1,3,0
2.5833333333333335,944.5512656517653,551.2348856713159,3.1581841018429038,1,1,3,0
2.591666666666667,943.8301141803729,551.1186395411628,3.2205210212063555,1,1,3,0
2.6,944.418973371809,551.3151750652316,3.1801585047403056,1,1,3,0
2.6083333333333334,944.6842028643002,550.9980101215018,3.1934587085690507,1,1,3,0
2.6166666666666667,944.9528563426874,551.1873473157256,3.170530372190862,1,1,3,0
2.625,944.7983291389276,551.9604092459252,3.1898841010295143,1,1,3,0
2.6333333333333333,944.3181936678693,551.5672751075616,3.1830712943721116,1,1,3,0
2.6416666666666666,943.4676238382814,551.2852319079244,3.189765854885106,1,1,3,0
2.65,944.1233051079569,551.0310336514207,3.1763054224919025,1,1,3,0
2.658333333333333,943.1420940228802,551.0144219165519,3.2195524376391487,1,1,3,0
2.6666666666666665,943.5459980234655,552.3546773127196,3.170563331929267,1,1,3,0
2.675,943.7883721761075,553.3529279455475,3.1553997999832673,1,1,3,0
2.683333333333333,942.7989796825095,552.5996011013567,3.18129724205595,1,1,3,0
2.691666666666667,942.7386222109565,552.3552511607592,3.2077694165881647,1,1,3,0
2.7,942.5752325075982,552.5396588341569,3.1839940318372135,1,1,3,0
2.7083333333333335,942.6322203337828,552.9802103819742,3.1741295269889274,1,1,3,0
2.716666666666667,942.3515346881784,553.0791473041776,3.1418346326618707,1,1,3,0
2.725,942.0097824235298,552.7625537451412,3.143585126791527,1,1,3,0
2.7333333333333334,941.7870499647788,552.2691648281581,3.1758303504438765,1,1,3,0
2.7416666666666667,941.8102936260324,552.2535835218442,3.190164177019544,1,1,3,0
2.75,942.00752488705,552.9992726434868,3.1865383422880997,1,1,3,0
2.7583333333333333,941.5526716589407,552.6676082330761,3.1522182436364825,1,1,3,0
2.7666666666666666,941.5114875175426,553.9360185743075,3.1721894663779473,1,1,3,0
2.775,941.5237675132678,553.596828148341,3.130608620996896,1,1,3,0
2.783333333333333,941.9206337057409,553.1177582333436,3.166119649182086,1,1,3,0
2.7916666666666665,941.4144447306767,553.585929019355,3.1511446072772764,1,1,3,0
2.8,940.9873583627628,554.2999804058043,3.1559732873502737,1,1,3,0
2.808333333333333,941.7748701652166,554.3008760393126,3.1514976435553024,1,1,3,0
2.816666666666667,941.1661401115458,554.4500494340124,3.1879326834799047,1,1,3,0
2.825,940.310305657428,554.7813080039828,3.173184545807275,1,1,3,0
2.8333333333333335,941.0247599054456,555.2814388685011,3.1565659828182757,1,1,3,0
2.841666666666667,940.9634214603618,555.396052427022,3.176654854065138,1,1,3,0
2.85,940.8743264953765,554.8747308558694,3.161820264222872,1,1,3,0
2.8583333333333334,940.6795334936728,554.5154901503299,3.161857106633275,1,1,3,0
2.8666666666666667,940.8148633090442,553.8257768459017,3.150471703810694,1,1,3,0
2.875,940.7609269729226,553.120535551834,3.1368121498702513,1,1,3,0
2.8833333333333333,941.6932923051922,552.552321576038,3.157254447841441,1,1,3,0
2.8916666666666666,942.059093250745,552.5615266198824,3.1380464793802916,1,1,3,0
2.9,942.046069302213,551.5836898953341,3.1858882316452566,1,1,3,0
2.908333333333333,942.2634012042098,551.5064878592112,3.1309723644492773,1,1,3,0
2.9166666666666665,942.3986401324053,551.8306995002066,3.145611377070486,1,1,3,0
2.925,942.4247433073796,552.2544653091297,3.156824270463543,1,1,3,0
2.933333333333333,942.9698564255866,551.9457907737067,3.175623478073241,1,1,3,0
2.941666666666667,942.2485991699907,551.6590264316533,3.1632129956014534,1,1,3,0
2.95,941.6549102938787,551.2267034451158,3.1616486101143475,1,1,3,0
2.9583333333333335,941.1470662237896,551.5927640935222,3.171505284754455,1,1,3,0
2.966666666666667,941.3369111561209,551.3678506168528,3.159667857937241,1,1,3,0
2.975,940.8440609302338,551.3360942853149,3.182455360290838,1,1,3,0
2.9833333333333334,940.6532900226699,550.8334944412593,3.1139809113147403,1,1,3,0
2.9916666666666667,940.453655864997,551.1795080037147,3.1181665650268107,1,1,3,0
3.0,940.5479218044337,551.2589573405787,3.1376377728393727,1,1,3,0
3.0083333333333333,939.6763193689427,550.9094996917413,3.1725202480536723,1,1,3,0
3.0166666666666666,939.0727303892132,551.7741258081344,3.1091523527585956,1,1,3,0
3.025,939.6521243801669,552.6678989715872,3.140123672677637,1,1,3,0
3.033333333333333,939.1146890253845,552.2711407998376,3.138709572050643,1,1,3,0
3.0416666666666665,939.8962274826371,552.1477806106058,3.1457406719115504,1,1,3,0
3.05,940.8778226497342,552.0975345660311,3.1042092334262583,1,1,3,0
3.058333333333333,940.4199307415901,552.4774988010905,3.1384971065654046,1,1,3,0
3.066666666666667,940.6575642744912,552.6133500632535,3.1435857434230887,1,1,3,0
3.075,940.7158357111472,552.5704392003004,3.1396345674623203,1,1,3,0
3.0833333333333335,940.7772379171394,553.069585268809,3.158320005293685,1,1,3,0
3.091666666666667,940.8105689159838,552.230888867929,3.1403620881784744,1,1,3,0
3.1,941.3143133603128,552.4335953809699,3.115436408911419,1,1,3,0
3.1083333333333334,942.041635089694,551.9778901041285,3.1331888843808446,1,1,3,0
3.1166666666666667,941.8361539028091,551.9230918616761,3.1349768041991077,1,1,3,0
3.125,941.7719586566028,551.8758040811052,3.129884207828431,1,1,3,0
3.1333333333333333,941.6904558891655,552.2189765870215,3.1331506499709225,1,1,3,0
3.1416666666666666,941.9623801969607,551.803921230815,3.144027737060693,1,1,3,0
3.15,942.0854960732341,551.5408991259973,3.13806077345302,1,1,3,0
3.158333333333333,941.4855042661459,552.2185106392635,3.0899587529803196,1,1,3,0
3.1666666666666665,,,,0,1,3,0
3.175,,,,0,1,3,0
3.183333333333333,,,,0,1,3,0
3.191666666666667,,,,0,1,3,0
3.2,,,,0,1,3,0
3.2083333333333335,,,,0,1,3,0
3.216666666666667,,,,0,1,3,0
3.225,,,,0,1,3,0
3.2333333333333334,,,,0,1,3,0
3.2416666666666667,,,,0,1,3,0
3.25,,,,0,1,3,0
3.2583333333333333,,,,0,1,3,0
3.2666666666666666,,,,0,1,3,0
3.275,,,,0,1,3,0
3.283333333333333,,,,0,1,3,0
3.2916666666666665,,,,0,1,3,0
3.3,,,,0,1,3,0
3.308333333333333,,,,0,1,3,0
3.316666666666667,,,,0,1,3,0
3.325,,,,0,1,3,0
3.3333333333333335,,,,0,1,3,0
3.341666666666667,,,,0,1,3,0
3.35,,,,0,1,3,0
3.3583333333333334,969.2731248432794,726.321896414861,3.131083972887863,1,1,3,0
3.3666666666666667,939.7332424459617,553.0173796834079,3.0940631089413775,1,1,3,0
3.375,939.3421289576719,553.1399403692226,3.0999337100725723,1,1,3,0
3.3833333333333333,940.3054980550262,553.4215293388764,3.0775195554033368,1,1,3,0
3.3916666666666666,940.176499435834,553.7793546435149,3.1082176385793083,1,1,3,0
3.4,939.0356824550768,553.5161158214939,3.085777784505922,1,1,3,0
3.408333333333333,939.1007186327731,552.7644583421114,3.0701488253452127,1,1,3,0
3.4166666666666665,939.0727690873028,553.3689365586267,3.11871222809165,1,1,3,0
3.425,939.1889746364834,553.5365550074328,3.0663872869179425,1,1,3,0
3.433333333333333,939.3603896192325,553.9625821363996,3.1028894236030933,1,1,3,0
3.441666666666667,938.5493896267349,553.7915139661827,3.0801647346008076,1,1,3,0
3.45,938.5063716208624,554.2461016632236,3.1474129982419368,1,1,3,0
3.4583333333333335,939.1419468938931,554.8469558154502,3.0942286279220257,1,1,3,0
3.466666666666667,938.406343191919,555.5660977086977,3.1054528591340516,1,1,3,0
3.475,938.778600536996,555.1344686703112,3.0597828981700834,1,1,3,0
3.4833333333333334,938.7140085038096,554.7076581258619,3.1007704538184857,1,1,3,0
3.4916666666666667,939.3787940655781,554.5776118554762,3.100255179451569,1,1,3,0
3.5,939.7394043666072,554.1429275162669,3.065993853990514,1,1,3,0
3.5083333333333333,939.3237993769326,553.9795977215153,3.099865344175654,1,1,3,0
3.5166666666666666,939.1407590369904,553.5733586485657,3.0889866121474165,1,1,3,0
3.525,938.3955446899973,553.510961472917,3.09870510475788,1,1,3,0
3.533333333333333,938.3854191381395,553.916172078017,3.1283638665209677,1,1,3,0
3.5416666666666665,938.3336120855521,553.600285511852,3.1058057963254333,1,1,3,0
3.55,938.1909627320751,553.4145149141931,3.080609181625119,1,1,3,0
3.558333333333333,938.9661092499647,554.2303298806402,3.123963322926148,1,1,3,0
3.566666666666667,938.7479424023991,553.6490438408032,3.085457364984057,1,1,3,0
3.575,938.9143405418787,553.8335110031014,3.074839802923728,1,1,3,0
3.5833333333333335,939.3930434909694,554.1417423758347,3.106948176249206,1,1,3,0
3.591666666666667,939.03697499207,554.734751508313,3.064991917233265,1,1,3,0
3.6,939.8208696352918,554.7826150684249,3.1117348304058314,1,1,3,0
3.6083333333333334,939.2636742111778,554.9008264800433,3.0881659963272687,1,1,3,0
3.6166666666666667,939.606652049897,555.101730652569,3.108009604945914,1,1,3,0
3.625,939.7356182998117,554.7187467958946,3.116318965669556,1,1,3,0
3.6333333333333333,939.2527154080382,553.9183862948759,3.0931325843736803,1,1,3,0
3.6416666666666666,938.861139948131,554.6408539300048,3.1144232565762913,1,1,3,0
3.65,938.5579876877893,555.2140828500732,3.135760507423232,1,1,3,0
3.658333333333333,938.3260863104298,555.7431548198648,3.0533260946667427,1,1,3,0
3.6666666666666665,938.7655212753839,555.0456813649726,3.084184320873302,1,1,3,0
3.675,938.7579288317964,554.7316526744008,3.107123652118545,1,1,3,0
3.683333333333333,939.5342139048508,554.675432869703,3.090641253879769,1,1,3,0
3.691666666666667,940.0970882644522,555.0840476226927,3.084662793487784,1,1,3,0
3.7,939.6782245241741,554.414537625637,3.101477763283681,1,1,3,0
3.7083333333333335,939.7599197079164,554.352844699488,3.0489494457351354,1,1,3,0
3.716666666666667,939.613657458917,554.6649544528732,3.10563625050784,1,1,3,0
3.725,939.6263510714542,554.773487954977,3.1277586984251426,1,1,3,0
3.7333333333333334,939.1701379947638,554.9969869423148,3.1156419475299617,1,1,3,0
3.7416666666666667,938.541546677023,556.3339435332787,3.071539735853091,1,1,3,0
3.75,938.8352942961191,556.9300085036136,3.0941966334932216,1,1,3,0
3.7583333333333333,938.4091795409804,557.0037573677802,3.1010996132484236,1,1,3,0
3.7666666666666666,937.9223182571731,556.1752816902062,3.0915490260747807,1,1,3,0
3.775,938.284767231381,555.859095613115,3.0708372552131316,1,1,3,0
3.783333333333333,938.9958308310773,556.5140609646701,3.1268431727312493,1,1,3,0
3.7916666666666665,939.5991124927156,555.2046837763029,3.0912915253929873,1,1,3,0
3.8,939.4736977610864,554.9094432270035,3.118906303770632,1,1,3,0
3.808333333333333,939.4889513955881,554.3348031572064,3.0951611563077663,1,1,3,0
3.816666666666667,939.5452896261654,554.3575700422066,3.095825434895088,1,1,3,0
3.825,939.5042727403048,554.1721387274496,3.0968552594464516,1,1,3,0
3.8333333333333335,938.7206568766852,553.8084429307729,3.110182981703758,1,1,3,0
3.841666666666667,939.0926958123811,554.2765195930336,3.094668963278548,1,1,3,0
3.85,938.9992383784318,554.10006084805,3.095443503896466,1,1,3,0
3.8583333333333334,939.1486120251167,554.7574652559971,3.0631663869421275,1,1,3,0
3.8666666666666667,939.6096732818364,555.724822836897,3.0654309467722918,1,1,3,0
3.875,938.9963186261707,555.1935530986053,3.104561226655591,1,1,3,0
3.8833333333333333,938.7512409629553,555.9122476588112,3.1365064496454034,1,1,3,0
3.8916666666666666,938.2275056789703,556.9612025605263,3.0776565711454267,1,1,3,0
3.9,938.4099599568002,557.24602379502,3.1021830803215154,1,1,3,0
3.908333333333333,937.7972436811509,556.8159783994852,3.0930475313904147,1,1,3,0
3.9166666666666665,938.329957149546,556.4628402488614,3.108946736041375,1,1,3,0
3.925,938.5493580266077,556.5724853288608,3.0664865355739495,1,1,3,0
3.933333333333333,938.0539681889938,556.369176731911,3.120624600324973,1,1,3,0
3.941666666666667,937.9674831602638,555.7367553075934,3.1083747570171347,1,1,3,0
3.95,938.3914168680308,556.1871047560471,3.096144720175715,1,1,3,0
3.9583333333333335,938.9724222624849,556.4470816959807,3.083950831831696,1,1,3,0
3.966666666666667,939.2951888018896,557.1743393864015,3.1102693206038183,1,1,3,0
3.975,939.7346638694091,557.5647627936866,3.108934598029654,1,1,3,0
3.9833333333333334,939.7599151724215,557.8385385299723,3.093504471262091,1,1,3,0
3.9916666666666667,939.4386215146443,557.5017322828785,3.112380012822969,1,1,3,0
4.0,938.0131665114284,557.7777789451067,3.1138670978056893,1,1,3,0
4.008333333333334,938.3468255474063,557.6447311342502,3.134203348274499,1,1,3,0
4.016666666666667,938.4792627353697,557.6779638939495,3.1262676072401656,1,1,3,0
4.025,937.9669317691631,557.3338492866359,3.095420768885811,1,1,3,0
4.033333333333333,937.9794699089788,556.6319848998212,3.0998910241353936,1,1,3,0
4.041666666666667,936.9903337036139,556.9157953983677,3.115831591936055,1,1,3,0
4.05,937.2239900336489,556.4438129394147,3.111011416028067,1,1,3,0
4.058333333333334,937.1012722274138,556.6569721130234,3.095796778716973,1,1,3,0
4.066666666666666,936.2224405795341,556.7013822948742,3.0980225408708963,1,1,3,0
4.075,936.5776635450793,556.955834510324,3.1368206492742634,1,1,3,0
4.083333333333333,935.3608257250041,557.4285732440259,3.0775656336181005,1,1,3,0
4.091666666666667,935.4897739005228,557.7693455828481,3.1424386453617585,1,1,3,0
4.1,935.1332501345917,557.9138117797752,3.1116874276458346,1,1,3,0
4.108333333333333,935.9402972605659,558.1211223887242,3.1208047334890354,1,1,3,0
4.116666666666666,936.363497160754,557.7453649133696,3.1239180853280923,1,1,3,0
4.125,936.7019859411813,558.2577809986128,3.0866124661985337,1,1,3,0
4.133333333333334,936.5539717106071,558.9967350293847,3.0974359728352208,1,1,3,0
4.141666666666667,936.6924322972338,558.553350524178,3.1114950764278784,1,1,3,0
4.15,936.4422228729134,559.2913952262486,3.115709570542047,1,1,3,0
4.158333333333333,936.5313239502799,558.8628673677406,3.123148530560568,1,1,3,0
4.166666666666667,935.9160716894694,558.4846559150669,3.129963906362171,1,1,3,0
4.175,935.9356365340374,558.579497177789,3.1168341398221115,1,1,3,0
4.183333333333334,936.8032337406876,558.6048978455227,3.1318332382580607,1,1,3,0
4.191666666666666,936.7710813471033,558.838408574731,3.131869704245729,1,1,3,0
4.2,937.3322418312641,559.1978205763085,3.141403328422284,1,1,3,0
4.208333333333333,936.800244371331,559.2960893958734,3.1056560958454864,1,1,3,0
4.216666666666667,936.3738072056938,559.5206314635719,3.115731252044978,1,1,3,0
4.225,936.5969747805455,559.8146179143243,3.1213464967184885,1,1,3,0
4.233333333333333,936.5561399611498,559.8064562269283,3.1264714354152763,1,1,3,0
4.241666666666666,936.2113831970083,559.966534890957,3.092793438478983,1,1,3,0
4.25,935.4862663411191,560.0551209423178,3.1557526531841633,1,1,3,0
4.258333333333334,936.1041318108527,559.8518048048461,3.115372400259399,1,1,3,0
4.266666666666667,936.5401984665343,559.3617711518123,3.139581030439836,1,1,3,0
4.275,935.5911273700619,559.1052741445774,3.143405890234948,1,1,3,0
4.283333333333333,934.9575390886312,558.8973837296169,3.103145211476015,1,1,3,0
4.291666666666667,934.4089788747956,558.5802864969068,3.1176580615839393,1,1,3,0
4.3,934.9660643896908,557.9473285807519,3.105869332340146,1,1,3,0
4.308333333333334,934.7979860054393,557.5152033585977,3.163868460938005,1,1,3,0
4.316666666666666,935.1685908355734,558.0957673489578,3.130963040062255,1,1,3,0
4.325,934.9493479688185,557.9877481349323,3.1088133261301016,1,1,3,0
4.333333333333333,933.8307836528168,558.2655817338743,3.0891067532849332,1,1,3,0
4.341666666666667,934.0160499353477,559.1250142085773,3.122743141154899,1,1,3,0
4.35,934.3183878596053,559.0900961345477,3.136700313315512,1,1,3,0
4.358333333333333,933.7395833832835,558.9562438596789,3.1183460630642124,1,1,3,0
4.366666666666666,933.897483270077,558.6685365999625,3.0919717268334113,1,1,3,0
4.375,933.6920550077882,557.9035778905783,3.1381128669576146,1,1,3,0
4.383333333333334,933.2280364549794,557.1293676579545,3.1342153435405007,1,1,3,0
4.391666666666667,934.2862995517339,557.5317885537894,3.116759748523741,1,1,3,0
4.4,935.0470377070491,557.2838913653713,3.133841669020479,1,1,3,0
4.408333333333333,935.5068257642032,557.6146571792208,3.1529914348954504,1,1,3,0
4.416666666666667,934.8132960293756,558.0299667261949,3.1351680336511114,1,1,3,0
4.425,935.0879389680672,557.9691103776476,3.1457521085014,1,1,3,0
4.433333333333334,935.0330519385367,558.9477039498079,3.1805257809745395,1,1,3,0
4.441666666666666,935.963454194624,558.8290197501428,3.1890147956067043,1,1,3,0
4.45,935.450805391082,558.6828495208405,3.121798170358118,1,1,3,0
4.458333333333333,1233.1981207534386,695.7724584894338,3.1289768840210375,1,1,3,0
4.466666666666667,1233.576624449524,695.6941827809699,3.132145019176391,1,1,3,0
4.475,936.4470674631257,558.5444110384957,3.1220437597826676,1,1,3,0
4.483333333333333,935.0279735441908,558.4749236429717,3.1499588683565194,1,1,3,0
4.491666666666666,935.5728205312653,558.2279926221225,3.1147226867405844,1,1,3,0
4.5,936.0383536568312,558.6771532780224,3.083880235777593,1,1,3,0
4.508333333333334,936.6269176271829,558.4957064936277,3.13048165738393,1,1,3,0
4.516666666666667,937.4977069939793,559.2227158912076,3.1592853120973303,1,1,3,0
4.525,937.4123660332002,558.6331096318846,3.1602826208277777,1,1,3,0
4.533333333333333,938.5405265798894,558.0047292314973,3.1578107744656423,1,1,3,0
4.541666666666667,939.0368635735601,558.025263480494,3.1298060266379633,1,1,3,0
4.55,939.2769372066765,558.1585132117717,3.1589192327462077,1,1,3,0
4.558333333333334,939.045996665599,558.0793287381985,3.1695634803639203,1,1,3,0
4.566666666666666,939.8915498277264,558.976956489091,3.1364381695752264,1,1,3,0
4.575,939.6639772300606,558.7707025970815,3.1892996698906018,1,1,3,0
4.583333333333333,939.7404862660076,559.1953783560236,3.135209465872486,1,1,3,0
4.591666666666667,940.3438028666502,559.3718832520216,3.1528514388269997,1,1,3,0
4.6,940.3705875682483,558.7161248060992,3.1499717141827173,1,1,3,0
4.608333333333333,940.5164251619561,558.375891324297,3.1668814386765414,1,1,3,0
4.616666666666666,940.785288549633,557.9052237949687,3.1669298408260054,1,1,3,0
4.625,941.0464446950732,557.0771764569142,3.1963365064459643,1,1,3,0
4.633333333333334,941.2439405747722,557.3853715007624,3.1925843498202595,1,1,3,0
4.641666666666667,940.1373096809164,556.6519535025354,3.1571497721063704,1,1,3,0
4.65,940.1910584477076,556.4752249070511,3.131215366927304,1,1,3,0
4.658333333333333,940.834025317375,556.5107290436138,3.1679570736082834,1,1,3,0
4.666666666666667,940.3633085733208,556.5477855399974,3.1785077834173374,1,1,3,0
4.675,940.1764248665966,557.1665464411817,3.14901139605486,1,1,3,0
4.683333333333334,939.7688796642403,557.712932738459,3.177243728181825,1,1,3,0
4.691666666666666,939.9454164674827,557.8114624891416,3.206490276580264,1,1,3,0
4.7,940.064976961383,558.1193813104361,3.1587204942345672,1,1,3,0
4.708333333333333,939.5100612449978,558.1743913850086,3.1457083912438555,1,1,3,0
4.716666666666667,939.0673892109983,558.7800232532228,3.1663319451570198,1,1,3,0
4.725,938.7481961292594,559.0478741221289,3.2071528188222787,1,1,3,0
4.733333333333333,939.1617527861453,559.013867379754,3.1293013215456416,1,1,3,0
4.741666666666666,938.9589201374819,559.2037329032054,3.136423274769388,1,1,3,0
4.75,939.7176108069519,559.4255377222842,3.1573527093064215,1,1,3,0
4.758333333333334,939.4944643922871,558.6023337627258,3.2000149242780456,1,1,3,0
4.766666666666667,938.9001579033687,558.3721369617241,3.113861832884796,1,1,3,0
4.775,939.2843475827997,558.2659372482682,3.189950310304051,1,1,3,0
4.783333333333333,938.7084970079709,558.7462418406932,3.1942622100757916,1,1,3,0
4.791666666666667,376.5900524239348,528.0136894724022,3.174142719492576,1,1,3,0
4.8,377.2451500276618,528.6193425385306,3.1723649603197717,1,1,3,0
4.808333333333334,938.2769891781428,560.5886868423983,3.1673654067103643,1,1,3,0
4.816666666666666,939.1011694600417,560.5790321451965,3.1782174936592815,1,1,3,0
4.825,939.1038551949279,560.8223707456574,3.187267723655592,1,1,3,0
4.833333333333333,938.8568597218613,560.5466376647188,3.1987286121785057,1,1,3,0
4.841666666666667,938.4243030706662,560.5206318010655,3.1297282177551726,1,1,3,0
4.85,937.9137901527793,559.9530021112257,3.1781520002328127,1,1,3,0
4.858333333333333,937.8187602188881,560.3739165495936,3.176879165916218,1,1,3,0
4.866666666666666,937.2080854410304,560.7221566332179,3.1771911320135398,1,1,3,0
4.875,936.3724511993286,560.348875528234,3.1745184530049113,1,1,3,0
4.883333333333334,936.2187390220897,560.1657481687287,3.1387256485927106,1,1,3,0
4.891666666666667,935.7611940740678,560.2718600107053,3.1865942084814423,1,1,3,0
4.9,935.2098364948224,560.1329106356717,3.1255493367149256,1,1,3,0
4.908333333333333,935.265983411352,559.6534157351315,3.204621203838596,1,1,3,0
4.916666666666667,934.6686572374718,559.8378644852033,3.1520859899639277,1,1,3,0
4.925,934.802053745349,558.9928215101576,3.182526789148102,1,1,3,0
4.933333333333334,934.4118127836153,558.0761623102064,3.207248429755228,1,1,3,0
4.941666666666666,934.428132732043,558.2956393942919,3.1882184861292653,1,1,3,0
4.95,934.8079517122399,558.3839734645344,3.2078874535656583,1,1,3,0
4.958333333333333,935.6998606740765,558.4091839981149,3.225959030594764,1,1,3,0
4.966666666666667,935.6653800487859,558.5976593012828,3.2112381123375027,1,1,3,0
4.975,935.858757928681,558.3204287406365,3.182608955136485,1,1,3,0
4.983333333333333,936.6337978611882,557.7125350202085,3.2355022093611985,1,1,3,0
4.991666666666666,936.6236921130555,556.9477385751395,3.2200762289523337,1,1,3,0
5.0,937.0757457359156,557.6864656171485,3.1982329912504763,1,1,3,0
5.008333333333334,937.4499118850101,557.9471183897538,3.212697600425104,1,1,3,0
5.016666666666667,937.8274478667659,557.5043942243185,3.1996271635871936,1,1,3,0
5.025,938.0750691405342,557.6743690585691,3.2255853098931633,1,1,3,0
5.033333333333333,938.0235180325819,557.7549012892589,3.188676103366044,1,1,3,0
5.041666666666667,939.330159736474,557.1345101813362,3.210525749170213,1,1,3,0
5.05,939.221595074348,556.7867596662786,3.2210853529758827,1,1,3,0
5.058333333333334,939.6181444908586,556.884257568472,3.234928785790777,1,1,3,0
5.066666666666666,939.5033915463758,556.5531557398059,3.217431651073354,1,1,3,0
5.075,940.0545045967174,556.7384567457307,3.1970099876319784,1,1,3,0
5.083333333333333,939.8147664563628,556.8358223866305,3.1630848687448077,1,1,3,0
5.091666666666667,939.9349260928725,557.0388083671096,3.2232791989316265,1,1,3,0
5.1,940.1077144736614,557.1063425804273,3.187324323314729,1,1,3,0
5.108333333333333,939.2492881086462,557.3878273624273,3.1824436075912774,1,1,3,0
5.116666666666666,938.246287852036,557.3041373872624,3.241649440150039,1,1,3,0
5.125,938.471543438382,557.2194644096114,3.2231381431372887,1,1,3,0
5.133333333333334,938.5067146017843,557.8221391788475,3.2109746612329557,1,1,3,0
5.141666666666667,938.6805255800651,557.7675670510791,3.2133480779453496,1,1,3,0
5.15,938.6342707855721,557.758453880267,3.2209613184866384,1,1,3,0
5.158333333333333,937.6027795829059,557.5179749630887,3.2047928963252126,1,1,3,0
5.166666666666667,938.6872395327864,556.9270753611298,3.18934513671774,1,1,3,0
5.175,938.819440681705,557.271605648052,3.2161207842659736,1,1,3,0
5.183333333333334,938.739398758897,556.6489193163266,3.2157614162804715,1,1,3,0
5.191666666666666,938.686908985125,555.6373067687254,3.2470455772693643,1,1,3,0
5.2,938.7990912317226,555.9908926567748,3.263603579517206,1,1,3,0
5.208333333333333,938.4260824775846,555.603343166874,3.2009398644636096,1,1,3,0
5.216666666666667,938.846430462931,555.1863137890658,3.239810684265311,1,1,3,0
5.225,938.1146605413296,555.6180030560728,3.2493656598913905,1,1,3,0
5.233333333333333,938.5086099182226,555.473155811442,3.223978611436042,1,1,3,0
5.241666666666666,939.0787850702238,555.431019010704,3.2329700208691325,1,1,3,0
5.25,939.6068302094683,555.9325194362298,3.2223921191736,1,1,3,0
5.258333333333334,939.6727805778692,556.2827855226495,3.258129294850068,1,1,3,0
5.266666666666667,939.9245516655795,556.4172761664653,3.259351480094597,1,1,3,0
5.275,939.9485989848494,556.2177225390855,3.2300460534579005,1,1,3,0
5.283333333333333,938.895061693886,556.9244449243803,3.262985255525092,1,1,3,0
5.291666666666667,939.4399653348114,556.8514314581605,3.2143612557512546,1,1,3,0
5.3,939.4597032518468,557.1214101070923,3.2488460366198697,1,1,3,0
5.308333333333334,939.7902966075401,557.5764648190842,3.245775876523835,1,1,3,0
5.316666666666666,940.0486066420767,557.7464500767234,3.253502895708489,1,1,3,0
5.325,939.6308752094704,557.985074189717,3.2289209869195057,1,1,3,0
5.333333333333333,939.0009869523724,557.9121060370048,3.234020064547479,1,1,3,0
5.341666666666667,939.522975771877,557.0004674209007,3.237948865847459,1,1,3,0
5.35,939.815159618403,556.5301146726815,3.217434703527479,1,1,3,0
5.358333333333333,939.5572297490925,556.7116253189636,3.24397040014617,1,1,3,0
5.366666666666666,939.0475694060342,556.3425628490459,3.273178766499478,1,1,3,0
5.375,939.5448275506837,556.5237960354824,3.2382155795057117,1,1,3,0
5.383333333333334,939.1250448951977,556.5458584718361,3.2227265763034656,1,1,3,0
5.391666666666667,938.4926013952858,556.6601713285971,3.2448319172275726,1,1,3,0
5.4,938.3462093685646,557.0000146663509,3.255361603074983,1,1,3,0
5.408333333333333,938.4986819239089,557.1009905401819,3.2776788589253596,1,1,3,0
5.416666666666667,938.1124344357951,555.6752501398041,3.2220256762717194,1,1,3,0
5.425,938.3740491467871,554.2844077208456,3.2357263111996244,1,1,3,0
5.433333333333334,938.2968899105718,553.0222791792828,3.2359876816638087,1,1,3,0
5.441666666666666,938.5621330318444,553.0986866822728,3.25557876781684,1,1,3,0
5.45,938.2594770563836,553.5195122410519,3.2915988456942347,1,1,3,0
5.458333333333333,938.1333791698586,553.803941850515,3.2328853164848175,1,1,3,0
5.466666666666667,938.6002087735585,553.3189229496735,3.238926195933081,1,1,3,0
5.475,938.058377713063,553.0275697773956,3.2642966057087577,1,1,3,0
5.483333333333333,937.4100846141624,553.4169910900468,3.2742128040731444,1,1,3,0
5.491666666666666,938.1283109625513,553.5763141645057,3.2658412239789896,1,1,3,0
5.5,938.2536340169536,553.101485310075,3.2643423991240073,1,1,3,0
5.508333333333334,938.4328344456924,552.9444926635881,3.2507131052355387,1,1,3,0
5.516666666666667,938.2528677816206,553.4619403278502,3.2721945770874226,1,1,3,0
5.525,938.1298812722479,553.9246145244718,3.257838409287643,1,1,3,0
5.533333333333333,939.1272804585075,553.7977610634879,3.2290953450557693,1,1,3,0
5.541666666666667,939.8635024730828,553.8985589548726,3.2754171445928444,1,1,3,0
5.55,940.2526571069252,554.2821795886572,3.283931873787041,1,1,3,0
5.558333333333334,939.9324190049064,554.0968661905821,3.2751750833934246,1,1,3,0
5.566666666666666,940.1315542385117,554.554133670267,3.2582168088228722,1,1,3,0
5.575,939.4194230409047,555.1927932212614,3.249054746694873,1,1,3,0
5.583333333333333,939.187174450437,554.7741441168941,3.268601710614273,1,1,3,0
5.591666666666667,939.185908671178,554.6095071261965,3.259392438579475,1,1,3,0
5.6,939.7616636807286,554.0439088041078,3.288968688251816,1,1,3,0
5.608333333333333,940.2607764899509,554.0666145641783,3.262842417526364,1,1,3,0
5.616666666666666,940.3036264616513,553.3736637281197,3.260309079049794,1,1,3,0
5.625,940.0940356454379,553.2641254972821,3.275454032315181,1,1,3,0
5.633333333333334,941.1618094955793,552.1239221558535,3.2586962563231525,1,1,3,0
5.641666666666667,940.502768338285,551.8419974724853,3.288587407847712,1,1,3,0
5.65,940.6216249166238,551.5389112139928,3.259532698469182,1,1,3,0
5.658333333333333,939.6855372992853,552.1208902405468,3.2473982927983265,1,1,3,0
5.666666666666667,939.8064586208277,552.8463681588984,3.2647481023738023,1,1,3,0
5.675,939.1654383069446,551.9195519508331,3.254034702437099,1,1,3,0
5.683333333333334,938.9834954244229,551.5995796608516,3.265417468383713,1,1,3,0
5.691666666666666,939.0690746693856,552.2570312326914,3.3093156991274744,1,1,3,0
5.7,938.5913075588513,552.2270912029734,3.2880911310812238,1,1,3,0
5.708333333333333,937.2038617795606,552.8203542081941,3.276550492157428,1,1,3,0
5.716666666666667,937.6087944777184,552.5448819318699,3.3003657917661444,1,1,3,0
5.725,937.6357370261733,552.3673789954756,3.255919768279496,1,1,3,0
5.733333333333333,937.4236889395104,552.4544908807471,3.265553297533847,1,1,3,0
5.741666666666666,936.8681342510906,552.1903026360641,3.300659180414666,1,1,3,0
5.75,937.1553887276328,551.4438773790772,3.252779670485688,1,1,3,0
5.758333333333334,937.3386072314032,550.3779111073337,3.25263079679257,1,1,3,0
5.766666666666667,937.6675147649277,550.7659004736728,3.2641914502538714,1,1,3,0
5.775,938.2161135515223,550.8807414681705,3.274144545799281,1,1,3,0
5.783333333333333,938.632868800035,551.5050819671854,3.260199495757938,1,1,3,0
5.791666666666667,939.3571049260684,551.0632437467908,3.261433554073837,1,1,3,0
5.8,939.3672062445507,549.9672994533435,3.2488431363841896,1,1,3,0
5.808333333333334,939.0355902937205,550.5068688541693,3.2663392598370873,1,1,3,0
5.816666666666666,938.6048089369771,550.7230860095119,3.2738221086939747,1,1,3,0
5.825,938.263522863189,550.7705999362223,3.2836218976095806,1,1,3,0
5.833333333333333,938.4765281058413,550.9673715360419,3.2847770135078567,1,1,3,0
5.841666666666667,938.1503776283122,551.0515065342614,3.2875856473807197,1,1,3,0
5.85,938.6921214703926,550.535090332364,3.323988130173436,1,1,3,0
5.858333333333333,938.0621293158802,550.4307734403079,3.2982290563874255,1,1,3,0
5.866666666666666,938.5843403698817,549.3075329557352,3.284702537473164,1,1,3,0
5.875,938.0455077284031,550.138590479193,3.291589971963512,1,1,3,0
5.883333333333334,937.5404075894468,550.7109344432193,3.2756630157416238,1,1,3,0
5.891666666666667,938.2011470524808,550.7991430748561,3.261709437179554,1,1,3,0
5.9,937.9411062140408,550.2313936273549,3.2976837878553287,1,1,3,0
5.908333333333333,938.3368695405796,549.8817789414147,3.27525304542403,1,1,3,0
5.916666666666667,939.1237580927451,549.954833658228,3.3514257484311334,1,1,3,0
5.925,939.1318587613433,549.0081291457236,3.3044172053962098,1,1,3,0
5.933333333333334,939.125461465827,549.6089147616286,3.3104489988538957,1,1,3,0
5.941666666666666,939.0216672032476,549.3381236063757,3.281823309311984,1,1,3,0
5.95,938.5399760377408,549.8042359254175,3.3326387203578314,1,1,3,0
5.958333333333333,938.7154056297805,550.2339587333536,3.3245385244844643,1,1,3,0
5.966666666666667,938.226885465039,550.6761900794844,3.3278922766804175,1,1,3,0
5.975,938.7500672433563,550.8215153103604,3.2948892162626606,1,1,3,0
5.983333333333333,938.5470474398505,550.9716110547282,3.2878165553790732,1,1,3,0
5.991666666666666,938.455858576149,551.3681060698927,3.3181204944856475,1,1,3,0
6.0,938.2739172429967,552.0982883914011,3.327755768552147,1,1,3,0
6.008333333333334,939.1367677653554,551.7889293396271,3.328708009137999,1,1,3,0
6.016666666666667,939.1659692531676,551.7451045033451,3.3201964589212203,1,1,3,0
6.025,938.2501825715086,551.8489385674482,3.3152323545414895,1,1,3,0
6.033333333333333,938.4612576741887,550.9466840603769,3.3607146732483413,1,1,3,0
6.041666666666667,938.5892094546601,550.542629727103,3.3548399122061987,1,1,3,0
6.05,938.1600029498023,551.8863291712145,3.322731855880522,1,1,3,0
6.058333333333334,938.2764290550706,552.0464432425719,3.3410835821955036,1,1,3,0
6.066666666666666,938.6349630881634,552.1031203103773,3.3438172827361647,1,1,3,0
6.075,938.8140983928305,552.5302775670018,3.337432504816975,1,1,3,0
6.083333333333333,939.5415508955546,551.675993564307,3.330897576036948,1,1,3,0
6.091666666666667,940.0408914465115,552.7194116188783,3.385171029473519,1,1,3,0
6.1,940.0419077678037,553.1824488802943,3.367870968302938,1,1,3,0
6.108333333333333,940.273095742767,552.2827097808026,3.35420230650999,1,1,3,0
6.116666666666666,940.4012504336004,552.7969425289098,3.377833097811717,1,1,3,0
6.125,940.623696432323,552.872650843837,3.3425815135345265,1,1,3,0
6.133333333333334,940.3514270655181,553.3841575696729,3.3562864522701337,1,1,3,0
6.141666666666667,939.8573981959845,553.3726669881661,3.3488571362974384,1,1,3,0
6.15,938.7718653036125,553.7235173389341,3.3722138712289236,1,1,3,0
6.158333333333333,938.7712736213074,553.7997103570893,3.348080960961909,1,1,3,0
6.166666666666667,939.4666306184189,554.8341149059776,3.3281856324764014,1,1,3,0
6.175,939.9000640031154,554.0950454631964,3.3421118565260146,1,1,3,0
6.183333333333334,940.3485450520938,554.2174809417766,3.3383146721587913,1,1,3,0
6.191666666666666,941.1811618806479,554.4217341896109,3.3480122600128635,1,1,3,0
6.2,941.399477978493,555.4676916704841,3.391124174746099,1,1,3,0
6.208333333333333,941.146531021923,555.6682629721346,3.2948605765448784,1,1,3,0
6.216666666666667,941.4667775163681,554.8422065449925,3.347506027723163,1,1,3,0
6.225,941.0295488603866,554.9396437733673,3.335844099655732,1,1,3,0
6.233333333333333,941.6056909539165,554.9678151518526,3.327844001908322,1,1,3,0
6.241666666666666,941.9797895353635,555.3687406498094,3.298777957669168,1,1,3,0
6.25,941.9763990370274,554.7713799213722,3.332936157972203,1,1,3,0
6.258333333333334,940.9456846289529,554.7584515698112,3.310434257449086,1,1,3,0
6.266666666666667,940.5066817717328,554.3329356256793,3.2999199034307614,1,1,3,0
6.275,940.0291024379673,554.6479778310561,3.2869832533470764,1,1,3,0
6.283333333333333,940.1053068156473,554.5182423232944,3.3288648697483807,1,1,3,0
6.291666666666667,940.0791149464088,554.5195493402949,3.3031759816323674,1,1,3,0
6.3,940.2960792159835,553.660713770215,3.2832142617455684,1,1,3,0
6.308333333333334,940.577822530237,554.3000874439374,3.3505728857154113,1,1,3,0
6.316666666666666,940.8321093313585,554.3876454121239,3.330816146648015,1,1,3,0
6.325,940.7554126707801,554.4016045960755,3.344202785706319,1,1,3,0
6.333333333333333,940.2211796368375,553.4810805459683,3.295196501843616,1,1,3,0
6.341666666666667,940.6178014447845,553.6833474530202,3.3119428651439446,1,1,3,0
6.35,940.1178902737493,554.3490747809888,3.2786488275616867,1,1,3,0
6.358333333333333,940.1836035392425,554.9441604500767,3.3162483815710155,1,1,3,0
6.366666666666666,939.133404718351,555.0348283745452,3.2896637577187176,1,1,3,0
6.375,939.2003493034467,554.9622904098762,3.278133653575897,1,1,3,0
6.383333333333334,938.4050278961955,555.3895486369188,3.2682270308313788,1,1,3,0
6.391666666666667,937.9283860394277,554.4095232185022,3.3108681699347673,1,1,3,0
6.4,938.0226344691354,553.1118221742032,3.2941657859374125,1,1,3,0
6.408333333333333,938.3009225841494,554.0983014016598,3.290045929577271,1,1,3,0
6.416666666666667,937.6776098102011,553.9082516857067,3.3040948993478674,1,1,3,0
6.425,937.4681373707128,553.8276125418362,3.3118274624136115,1,1,3,0
6.433333333333334,938.239393897122,554.1144690697698,3.3057115862328335,1,1,3,0
6.441666666666666,938.3020846524832,554.4079814662886,3.283958698731145,1,1,3,0
6.45,937.5109847016847,554.5996408261565,3.285684002246925,1,1,3,0
6.458333333333333,937.3782836692432,554.8752953460928,3.2761533529506615,1,1,3,0
6.466666666666667,938.00725538599,554.0253773390112,3.2910865399844313,1,1,3,0
6.475,938.4403286557905,553.7435401854755,3.2912516774838396,1,1,3,0
6.483333333333333,938.4393976647464,554.0263625559844,3.292262715823242,1,1,3,0
6.491666666666666,938.2152812889611,554.2111766578903,3.282641447436652,1,1,3,0
6.5,938.6552123122426,553.790158176173,3.2933591244816163,1,1,3,0
6.508333333333334,938.8446897051236,554.1469177429613,3.264065918599192,1,1,3,0
6.516666666666667,938.4492498338104,554.486863422623,3.2830409861735528,1,1,3,0
6.525,939.5961508179909,554.4475924966824,3.2804169841652264,1,1,3,0
6.533333333333333,939.3199899125334,554.8389169417547,3.2735178958976583,1,1,3,0
6.541666666666667,939.1271641879633,555.3733754928895,3.295035717979502,1,1,3,0
6.55,938.551207518506,555.0599767586449,3.2664874998251205,1,1,3,0
6.558333333333334,937.9561771045833,555.150955576731,3.2972717062457564,1,1,3,0
6.566666666666666,938.6212686573166,555.2927307051306,3.275458558658111,1,1,3,0
6.575,938.6641387289544,555.3712918565196,3.282633936900279,1,1,3,0
6.583333333333333,937.6331807689401,555.4974548110483,3.3079475136467096,1,1,3,0
6.591666666666667,937.0955012759935,555.9064730399643,3.2978232033823702,1,1,3,0
6.6,936.8704641972726,555.5446149272653,3.3053378574524555,1,1,3,0
6.608333333333333,936.6994522603499,555.9159453427083,3.2843537819258,1,1,3,0
6.616666666666666,936.5432062364753,555.5387976790241,3.3239546619811318,1,1,3,0
6.625,936.0401394119863,554.6876668547217,3.236891632263023,1,1,3,0
6.633333333333334,935.8269658889014,555.0879603873168,3.292427375255152,1,1,3,0
6.641666666666667,936.1544502819526,555.7813883178865,3.2614784997936974,1,1,3,0
6.65,935.6556722431284,555.9626619775377,3.2772815346678517,1,1,3,0
6.658333333333333,936.2144435029564,555.9564574775154,3.2993587218017697,1,1,3,0
6.666666666666667,936.5755657943106,555.6826726369609,3.237880016858958,1,1,3,0
6.675,936.9100245023111,556.366351634046,3.2769086333536652,1,1,3,0
6.683333333333334,937.1732690566124,556.3495631276013,3.2990459198085174,1,1,3,0
6.691666666666666,936.9353371800715,557.4784809526549,3.262609513533729,1,1,3,0
6.7,937.7466859641836,556.1241309160322,3.2819153128909866,1,1,3,0
6.708333333333333,937.9922880407009,555.4796473888593,3.271225499915183,1,1,3,0
6.716666666666667,938.2691242815715,555.3693192930004,3.261214553622643,1,1,3,0
6.725,938.2860468503962,555.1498258629664,3.2529163251056774,1,1,3,0
6.733333333333333,938.9443672953397,554.4385464961779,3.2781506906677644,1,1,3,0
6.741666666666666,938.9071835685828,554.7676297679045,3.286464127448739,1,1,3,0
6.75,938.3822943608553,553.9924354444654,3.27664466102529,1,1,3,0
6.758333333333334,937.9000078721904,554.9963087862538,3.294685308269315,1,1,3,0
6.766666666666667,938.2168853346773,554.8532101388928,3.290804791906945,1,1,3,0
6.775,938.5373741727371,555.0457882131525,3.3038731874138016,1,1,3,0
6.783333333333333,938.5973153499216,555.8700962879678,3.3103354692881948,1,1,3,0
6.791666666666667,938.0221484008414,555.3369630333592,3.2828735948773713,1,1,3,0
6.8,937.6745621916926,555.4522822959357,3.284096438323027,1,1,3,0
6.808333333333334,938.2496237382605,555.3496696328858,3.283016557617251,1,1,3,0
6.816666666666666,938.2731158920838,555.6799208153135,3.2753169522969654,1,1,3,0
6.825,937.809614730843,556.5575544852315,3.269360691904088,1,1,3,0
6.833333333333333,938.2393436901857,556.8044632376447,3.273925043554756,1,1,3,0
6.841666666666667,937.8384673587966,557.647940753091,3.2730776296432165,1,1,3,0
6.85,938.161302175522,557.3762503046573,3.259916089146186,1,1,3,0
6.858333333333333,938.2390807540316,556.8070507409722,3.2667652739550754,1,1,3,0
6.866666666666666,937.8898081343663,555.9947124701926,3.2968801672773167,1,1,3,0
6.875,938.1819804217338,555.7455263178878,3.2692672667255964,1,1,3,0
6.883333333333334,938.2451523405532,556.0319996357609,3.2707834210558118,1,1,3,0
6.891666666666667,937.1013238679568,555.8132503357365,3.2316651499563354,1,1,3,0
6.9,937.0463397571127,556.3682913326965,3.264960307540628,1,1,3,0
6.908333333333333,936.6971143854321,556.5342599175416,3.273747837819704,1,1,3,0
6.916666666666667,936.7611043456566,555.871260772955,3.249603613257287,1,1,3,0
6.925,936.9416066708425,555.4015080334925,3.2510046452983836,1,1,3,0
6.933333333333334,936.043906129622,555.8331887446019,3.241331250465697,1,1,3,0
6.941666666666666,935.79371840063,556.0168486607594,3.232150443162892,1,1,3,0
6.95,489.6005767402603,446.4949710447228,3.239324148716091,1,1,3,0
6.958333333333333,489.75755663135135,446.6666226263626,3.2739752832700355,1,1,3,0
6.966666666666667,936.973512071378,555.4394590768443,3.2401865927027687,1,1,3,0
6.975,936.5502732766357,555.5639203109619,3.2669402900531552,1,1,3,0
6.983333333333333,936.8835245336168,555.6482535318725,3.2870221915255478,1,1,3,0
6.991666666666666,936.9908299138585,555.2294143258973,3.2797080124959974,1,1,3,0
7.0,937.3186857324544,555.1661340816455,3.2819539406614116,1,1,3,0
7.008333333333334,937.7861449021578,555.811468990583,3.2570690999801952,1,1,3,0
7.016666666666667,937.2322360361926,556.1766505179365,3.2389628459598643,1,1,3,0
7.025,938.109751002562,555.6528715122292,3.2535825404753687,1,1,3,0
7.033333333333333,938.0011257935805,555.8705125983538,3.254081668834071,1,1,3,0
7.041666666666667,937.3072045684496,555.8349420689838,3.2655718815579933,1,1,3,0
7.05,936.0249246648219,555.6501640993706,3.2344080435877802,1,1,3,0
7.058333333333334,935.6564575906971,556.2408902352857,3.22663389776136,1,1,3,0
7.066666666666666,935.5977722940497,556.1556290769522,3.2495709031080873,1,1,3,0
7.075,934.1666773786237,556.0632807971693,3.280578503465872,1,1,3,0
7.083333333333333,934.9627913675291,556.223748214873,3.2668826202091306,1,1,3,0
7.091666666666667,934.6756126747637,556.0747478928779,3.216438310283308,1,1,3,0
7.1,934.3129578734836,556.4661254041979,3.2472655592286674,1,1,3,0
7.108333333333333,934.3750880980948,555.3329238700856,3.2384580812324115,1,1,3,0
7.116666666666666,933.8333215409891,555.4978335256679,3.212748423061163,1,1,3,0
7.125,933.6782068329397,555.5588020856164,3.2299188760879254,1,1,3,0
7.133333333333334,933.7436087412186,555.9123360729483,3.2265204777466003,1,1,3,0
7.141666666666667,933.3278338935635,556.2127246272936,3.2409570311458173,1,1,3,0
7.15,933.3722127898805,556.514602043236,3.248451084715886,1,1,3,0
7.158333333333333,933.0185919535596,556.2473991643234,3.2301956532359752,1,1,3,0
7.166666666666667,933.8702903918975,556.5839026546579,3.2401464095647308,1,1,3,0
7.175,934.6038722187606,556.3712728794873,3.246639736591474,1,1,3,0
7.183333333333334,934.3317863711193,555.4391192483176,3.2156979078931758,1,1,3,0
7.191666666666666,934.4304684348983,556.1622333611372,3.2053868600094275,1,1,3,0
7.2,933.9822573130772,557.092186384777,3.255466673386553,1,1,3,0
7.208333333333333,934.3561752417555,557.0805975121601,3.2141188718457547,1,1,3,0
7.216666666666667,934.5620311266081,556.9419142207857,3.2331407953528837,1,1,3,0
7.225,934.0019390784855,556.7642883956739,3.212632042913943,1,1,3,0
7.233333333333333,934.1666657264639,557.0997598941694,3.2403479696657844,1,1,3,0
7.241666666666666,933.2392061081613,557.7605415749189,3.21635930052924,1,1,3,0
7.25,932.9858554143276,556.9744511650838,3.2367993927781065,1,1,3,0
7.258333333333334,933.1899610328376,556.7640315866556,3.2294562893944243,1,1,3,0
7.266666666666667,933.0464631375777,557.1931493834419,3.210110176761391,1,1,3,0
7.275,933.5038190983887,557.2446188491467,3.242931354364885,1,1,3,0
7.283333333333333,934.090702399862,557.8259447913762,3.236594295313374,1,1,3,0
7.291666666666667,934.1864672610453,557.5359540400804,3.2517569148202514,1,1,3,0
7.3,934.0514199793392,557.9208421312107,3.2132202999693056,1,1,3,0
7.308333333333334,934.0454535909165,557.7434587076295,3.2306876349577247,1,1,3,0
7.316666666666666,934.1751951455773,556.9805493237637,3.228759362708385,1,1,3,0
7.325,934.6475028765035,556.3349609007022,3.2513094608483213,1,1,3,0
7.333333333333333,934.5835421570155,556.1510570673995,3.226326217372885,1,1,3,0
7.341666666666667,933.9455431780116,555.873828156836,3.192514951453789,1,1,3,0
7.35,934.3404574523053,556.6211572089694,3.24902885892225,1,1,3,0
7.358333333333333,934.2020120997292,557.0473735567663,3.233035632027612,1,1,3,0
7.366666666666666,934.5219892235099,556.2802672919642,3.1951168850508203,1,1,3,0
7.375,933.8385951793632,556.8189071994934,3.2030778960504067,1,1,3,0
7.383333333333334,933.218229616211,556.7658135866672,3.214616599804845,1,1,3,0
7.391666666666667,932.6796217605295,557.0120288133378,3.215865070210447,1,1,3,0
7.4,932.2355274887075,557.3305291913136,3.2245655554319055,1,1,3,0
7.408333333333333,932.9015419784765,556.1654257981352,3.2012515098118577,1,1,3,0
7.416666666666667,932.0017249109375,556.281581661719,3.2068333856573092,1,1,3,0
7.425,931.5816035343793,556.581879365529,3.1928452837653314,1,1,3,0
7.433333333333334,932.0807519594254,556.618360910341,3.208898499816158,1,1,3,0
7.441666666666666,933.0740451117266,556.7533926632959,3.2198125374835778,1,1,3,0
7.45,932.8899062549702,556.9114124844647,3.172413775480406,1,1,3,0
7.458333333333333,932.3648749672726,556.1304018755628,3.191092069502877,1,1,3,0
7.466666666666667,931.9869724200994,555.406719413334,3.2275084309822377,1,1,3,0
7.475,931.8163696502953,555.7109043580899,3.2270931692092026,1,1,3,0
7.483333333333333,931.7130769482484,556.0141504400546,3.1849260665822348,1,1,3,0
7.491666666666666,931.490857509889,556.4934810852213,3.189460863741585,1,1,3,0
7.5,930.4918240265223,556.3650547894239,3.1734637924273295,1,1,3,0
7.508333333333334,930.148092323991,556.3470969979486,3.212660249378393,1,1,3,0
7.516666666666667,930.2103713237095,556.0146065810826,3.1949013411623457,1,1,3,0
7.525,929.6124665501479,555.3755703774548,3.199350037530515,1,1,3,0
7.533333333333333,928.5194590388438,555.3339992168636,3.2224391441692934,1,1,3,0
7.541666666666667,928.0187847927501,556.0740773103381,3.2327948396590793,1,1,3,0
7.55,928.9257423690283,556.3800195135531,3.171611241429053,1,1,3,0
7.558333333333334,928.555633603279,556.1517177832526,3.172196968370729,1,1,3,0
7.566666666666666,928.3599891252835,555.8064106435659,3.188793957957171,1,1,3,0
7.575,928.4837821713122,556.0983301939074,3.224082703529094,1,1,3,0
7.583333333333333,928.312975788794,555.2422337507838,3.182638120468427,1,1,3,0
7.591666666666667,927.6047108120864,555.6822836545766,3.1742619466882087,1,1,3,0
7.6,927.7244108530051,556.0887387880225,3.1925381150691177,1,1,3,0
7.608333333333333,926.8240966023681,556.3852746828402,3.2019212800370713,1,1,3,0
7.616666666666666,927.077290180952,557.4091303219012,3.1855847562853103,1,1,3,0
7.625,926.8124106790679,557.4708469717194,3.1806594286592587,1,1,3,0
7.633333333333334,926.523870953323,557.9770561673832,3.183991198371359,1,1,3,0
7.641666666666667,925.8896040646243,558.1651428415474,3.2211522666931307,1,1,3,0
7.65,925.3025471909622,557.2761899996744,3.163984945251673,1,1,3,0
7.658333333333333,925.2833714006158,557.833616466,3.1855523927033325,1,1,3,0
7.666666666666667,925.1969808982781,557.6883449804708,3.193255033696196,1,1,3,0
7.675,924.920163485102,557.2797792939804,3.1784341325671903,1,1,3,0
7.683333333333334,925.3571414139154,557.784296934918,3.2147236240964,1,1,3,0
7.691666666666666,924.9839215708399,558.1121705375905,3.1776276844909135,1,1,3,0
7.7,925.2362305697668,558.0362787447752,3.191731767222002,1,1,3,0
7.708333333333333,925.5595110127996,558.7808571498824,3.170012728919039,1,1,3,0
7.716666666666667,925.5341378145216,558.5196699449202,3.1560308403074027,1,1,3,0
7.725,925.3636552015238,558.1686803889761,3.1488611182943207,1,1,3,0
7.733333333333333,925.0564615137453,558.6285467655889,3.178242749905396,1,1,3,0
7.741666666666666,925.4054784835116,558.472229155083,3.1700451386968984,1,1,3,0
7.75,925.2553771851149,558.4414516078208,3.1748577983108435,1,1,3,0
7.758333333333334,924.9007518354836,558.2154749408668,3.17715483556889,1,1,3,0
7.766666666666667,924.7058439795198,558.268044718259,3.1719957961184937,1,1,3,0
7.775,924.9703534273597,558.9923494366742,3.1513339013300854,1,1,3,0
7.783333333333333,924.869804500177,559.9313706084416,3.2075630789727025,1,1,3,0
7.791666666666667,924.9923779752231,560.1234275959251,3.1731840722764075,1,1,3,0
7.8,925.8344802668211,559.9477766413693,3.199483051968348,1,1,3,0
7.808333333333334,926.0259484784707,560.486263860648,3.180920525856688,1,1,3,0
7.816666666666666,927.363932247298,560.3312015471532,3.162826031302318,1,1,3,0
7.825,927.5078990386141,559.855019393604,3.1687729156412736,1,1,3,0
7.833333333333333,926.9320030648332,559.9746533891393,3.166773718652488,1,1,3,0
7.841666666666667,926.5974782439721,560.1864359006161,3.1390240555278983,1,1,3,0
7.85,375.5286254057546,564.3372975912881,3.1636576911234724,1,1,3,0
7.858333333333333,376.1574961044588,564.911192707559,3.1627409004343,1,1,3,0
7.866666666666666,928.6759529497766,560.7018122571176,3.1360173549584176,1,1,3,0
7.875,929.109810224593,560.9777649785826,3.1537238997486794,1,1,3,0
7.883333333333334,929.0928506326653,560.7812217774143,3.1872812788274847,1,1,3,0
7.891666666666667,928.6312383878117,561.2144022277605,3.1627665101704663,1,1,3,0
7.9,928.6398726331053,561.184149478163,3.1788032592602735,1,1,3,0
7.908333333333333,928.3308016778528,560.6737202071924,3.130095321750321,1,1,3,0
7.916666666666667,928.0838808126908,560.5484526418807,3.1384465160582855,1,1,3,0
7.925,927.870380551296,560.2303588764069,3.123545272685902,1,1,3,0
7.933333333333334,927.0830876937084,560.7059557938304,3.147915393981294,1,1,3,0
7.941666666666666,926.5335283528811,561.2846980827422,3.171828010952743,1,1,3,0
7.95,927.2143556394922,561.9421907471364,3.1341631867496607,1,1,3,0
7.958333333333333,927.1318411223623,561.7605719551805,3.163037207468248,1,1,3,0
7.966666666666667,926.5250116426505,562.1828041541871,3.1391079554378125,1,1,3,0
7.975,926.5634751868671,561.6260240474782,3.111801214462266,1,1,3,0
7.983333333333333,927.2415175977146,562.0014123066263,3.1223397206706576,1,1,3,0
7.991666666666666,927.4303151296455,562.2229932071737,3.1589273183242015,1,1,3,0
8.0,927.3171856235433,562.1589028969734,3.113479420576807,1,1,3,0
8.008333333333333,927.5145847171165,562.5141574299613,3.130633174400063,1,1,3,0
8.016666666666667,927.6489872844909,561.5540978139019,3.1580868461625276,1,1,3,0
8.025,928.5211571493735,561.9436571891353,3.143090913749638,1,1,3,0
8.033333333333333,927.8450049978783,561.6420818359501,3.1485120269786364,1,1,3,0
8.041666666666666,927.2742883535203,561.9288138387378,3.1734675642022228,1,1,3,0
8.05,927.3194703154421,563.0361253288884,3.141022676323489,1,1,3,0
8.058333333333334,928.0653778718403,562.8737188590284,3.1225918707794604,1,1,3,0
8.066666666666666,927.1200840894365,562.9813598510705,3.13740971958688,1,1,3,0
8.075,927.0791541865158,563.4302834998217,3.146724529522457,1,1,3,0
8.083333333333334,926.9539116004553,563.4911456684159,3.1689732142040787,1,1,3,0
8.091666666666667,927.6438409588733,564.0377675987279,3.1122595540164144,1,1,3,0
8.1,927.6922397588718,564.3340114948684,3.098574692792017,1,1,3,0
8.108333333333333,927.9076823027341,563.5117825028145,3.1322582236159713,1,1,3,0
8.116666666666667,927.5386405707764,563.4684222600443,3.1169674474762212,1,1,3,0
8.125,927.3014203667433,563.4779256118868,3.1190137592393192,1,1,3,0
8.133333333333333,927.0423179822885,563.3602940877904,3.1052867250944347,1,1,3,0
8.141666666666667,926.925119936421,563.0344161648794,3.1301847890557903,1,1,3,0
8.15,926.8598062634453,562.6753886807065,3.130778854484502,1,1,3,0
8.158333333333333,926.4548366330358,562.5134390883482,3.139926202060914,1,1,3,0
8.166666666666666,927.5267587419086,562.4220245041322,3.101859257283769,1,1,3,0
8.175,927.7689200474509,561.9733032460827,3.151653687630694,1,1,3,0
8.183333333333334,927.7299776158376,561.5924351312262,3.1178533128530526,1,1,3,0
8.191666666666666,927.4480461766858,560.853024323653,3.088836724306483,1,1,3,0
8.2,927.4498728597642,560.9681425934976,3.1251674968095866,1,1,3,0
8.208333333333334,927.2176364676311,561.8894518874142,3.1303856229865312,1,1,3,0
8.216666666666667,927.4138751339274,561.3580581058688,3.1308657069286077,1,1,3,0
8.225,926.7157755300883,561.1110874401834,3.105868072477938,1,1,3,0
8.233333333333333,927.0008942019874,560.4942930562673,3.122251710809437,1,1,3,0
8.241666666666667,927.01081059254,561.1150602491969,3.129721871569744,1,1,3,0
8.25,927.1107581956494,560.7395718704433,3.109767111138336,1,1,3,0
8.258333333333333,926.8465668114609,561.1224849515536,3.0842482360862853,1,1,3,0
8.266666666666667,926.6464663668821,561.125018862269,3.118994908824893,1,1,3,0
8.275,926.6267814052244,561.0514564553077,3.1494466263369083,1,1,3,0
8.283333333333333,926.3514829183179,560.8347481608886,3.089688044980666,1,1,3,0
8.291666666666666,924.9104463604097,561.8680437746282,3.121834345753329,1,1,3,0
8.3,925.1073885064102,561.5399839690468,3.1681517093796066,1,1,3,0
8.308333333333334,924.4576582641095,561.3909572361082,3.1077141131996986,1,1,3,0
8.316666666666666,924.0581721810207,563.2141391309566,3.0945212955342596,1,1,3,0
8.325,924.6094155859748,563.2962847549892,3.079044492669981,1,1,3,0
8.333333333333334,924.419598277911,563.0790764605018,3.1245983435315647,1,1,3,0
8.341666666666667,924.4524056223825,562.4412680274777,3.105693737721927,1,1,3,0
8.35,924.4210641401767,562.193949099723,3.113120230831676,1,1,3,0
8.358333333333333,923.0952066108684,562.6375632405038,3.128501671265616,1,1,3,0
8.366666666666667,923.4386559108784,562.3607571550351,3.1304666474304894,1,1,3,0
8.375,922.8221603077565,563.3716056390916,3.1097157239523066,1,1,3,0
8.383333333333333,922.8186599787623,563.5622210644453,3.104938932684615,1,1,3,0
8.391666666666667,923.6112567385106,563.5331202912081,3.1047191984352662,1,1,3,0
8.4,922.9539216315275,564.1076623759434,3.1284457023847003,1,1,3,0
8.408333333333333,922.554412053495,563.8820194879897,3.098356040171116,1,1,3,0
8.416666666666666,923.1670267611167,564.0326359100552,3.101478674247718,1,1,3,0
8.425,923.5352684109038,564.2878420539563,3.118727884976421,1,1,3,0
8.433333333333334,923.2558732438866,564.9157846576052,3.1212659480710734,1,1,3,0
8.441666666666666,923.3839845706301,564.6358209950492,3.1429674161553973,1,1,3,0
8.45,924.1595330273541,564.7943507544214,3.1179362708405742,1,1,3,0
8.458333333333334,924.0428015876631,564.8869628674121,3.1219995010382973,1,1,3,0
8.466666666666667,924.1878209505602,565.9877162127165,3.118239593118584,1,1,3,0
8.475,924.3520438188908,566.2953657477692,3.1067199552290146,1,1,3,0
8.483333333333333,924.4058871753772,565.9652334995424,3.120583575485458,1,1,3,0
8.491666666666667,924.4278797456242,565.9958763999769,3.13027854370814,1,1,3,0
8.5,924.5352489891674,565.9589072547163,3.1331525465846295,1,1,3,0
8.508333333333333,924.0022700338092,565.2285092809244,3.095133062544507,1,1,3,0
8.516666666666667,924.5343572007605,565.1616515744987,3.0659683883376405,1,1,3,0
8.525,924.3838565422886,564.8767585484155,3.1159292534130447,1,1,3,0
8.533333333333333,923.7123916049106,565.0910875385707,3.097024208196651,1,1,3,0
8.541666666666666,923.6483079356032,565.2273283175813,3.0793957065593918,1,1,3,0
8.55,922.3898507514178,565.6346595489767,3.1223261836247715,1,1,3,0
8.558333333333334,922.8812399040395,567.0150029833325,3.102441445374054,1,1,3,0
8.566666666666666,923.8136979676144,566.839188594126,3.096397819985601,1,1,3,0
8.575,924.0153980607907,566.8397796559444,3.0926404860628303,1,1,3,0
8.583333333333334,924.2463946448681,566.9914030374665,3.077795595955437,1,1,3,0
8.591666666666667,924.0314575999485,566.710301768967,3.129296057780533,1,1,3,0
8.6,924.7136625781063,565.5414215482923,3.093034562306692,1,1,3,0
8.608333333333333,925.3077860490827,565.8245594590717,3.094701629395219,1,1,3,0
8.616666666666667,925.233694312488,566.4046433633387,3.114653068139868,1,1,3,0
8.625,925.6073608504173,566.4822373265501,3.090518930699958,1,1,3,0
8.633333333333333,926.2137993637874,565.8799980648603,3.080999820485144,1,1,3,0
8.641666666666667,926.0371412789584,565.4198701056451,3.1196873633731856,1,1,3,0
8.65,926.034551968409,565.466345309378,3.100466914762462,1,1,3,0
8.658333333333333,926.3667065176166,565.2434772152897,3.097444172662109,1,1,3,0
8.666666666666666,925.5959005352045,565.7254596719612,3.072415693270171,1,1,3,0
8.675,925.3807016194952,565.9742636792636,3.131299279846938,1,1,3,0
8.683333333333334,924.802895395223,565.7632112037927,3.056973085320579,1,1,3,0
8.691666666666666,924.4481266601512,565.4953409879028,3.093711905787271,1,1,3,0
8.7,924.0240372471244,564.9961024821994,3.102422276919114,1,1,3,0
8.708333333333334,924.1108467573786,564.1165365618338,3.1120942690782307,1,1,3,0
8.716666666666667,923.6656886049999,562.9758296588012,3.08220886562967,1,1,3,0
8.725,923.5003029713237,561.764546114533,3.0639836020978377,1,1,3,0
8.733333333333333,923.1352412500061,561.287855036316,3.107318184439106,1,1,3,0
8.741666666666667,923.2366020683495,561.4801093183822,3.1111907086144712,1,1,3,0
8.75,923.0777527785573,560.914316058106,3.113896141715493,1,1,3,0
8.758333333333333,922.7617922264166,560.4779051554899,3.0883176036545086,1,1,3,0
8.766666666666667,921.7244079330866,560.37824256147,3.090200608619942,1,1,3,0
8.775,921.9425740860095,560.5814333975588,3.071667687074515,1,1,3,0
8.783333333333333,922.4035063799871,559.3749782203394,3.1037171236628436,1,1,3,0
8.791666666666666,922.142760522689,559.2948503197907,3.119103774796597,1,1,3,0
8.8,921.9858493532847,559.7346597722924,3.109900941841332,1,1,3,0
8.808333333333334,921.4938113105826,560.0151175269593,3.064186755909313,1,1,3,0
8.816666666666666,921.8140999659462,560.1564623328428,3.0898448073681526,1,1,3,0
8.825,920.9894510032108,560.0733484318285,3.1315964967268983,1,1,3,0
8.833333333333334,920.7870587180067,559.4689842943643,3.124644524356064,1,1,3,0
8.841666666666667,920.0832682058915,559.5745251237786,3.090829467884845,1,1,3,0
8.85,920.3294022027213,560.2129191692003,3.08627753931947,1,1,3,0
8.858333333333333,919.8351391287372,560.251412581374,3.0967249828917924,1,1,3,0
8.866666666666667,919.7308331316369,559.7448655507683,3.120174039784051,1,1,3,0
8.875,919.0020739386849,560.2027252068349,3.0941749745926463,1,1,3,0
8.883333333333333,919.0816807767488,560.7305856687398,3.104302325784582,1,1,3,0
8.891666666666667,919.1653468198622,560.498195230307,3.0854553316625086,1,1,3,0
8.9,920.0620243757598,560.9122364248594,3.079984069377584,1,1,3,0
8.908333333333333,920.2783925585106,561.0257627098547,3.0978668534603155,1,1,3,0
8.916666666666666,920.2965851271035,560.7916733005931,3.0920582011490825,1,1,3,0
8.925,920.1028463644059,561.2511175051845,3.114282077828448,1,1,3,0
8.933333333333334,920.4169662247443,560.4770977711705,3.0972123061017567,1,1,3,0
8.941666666666666,920.4752234861406,560.3292771717926,3.124448398696587,1,1,3,0
8.95,921.1646236475297,560.8530770901283,3.0817095023990912,1,1,3,0
8.958333333333334,921.0751898499932,560.9041004426649,3.080391127672167,1,1,3,0
8.966666666666667,921.3327565007261,561.006371381923,3.1038776065444535,1,1,3,0
8.975,922.0912682396296,561.3624587083193,3.1275548416764423,1,1,3,0
8.983333333333333,922.5515091069368,561.9026259259281,3.1200005901708314,1,1,3,0
8.991666666666667,922.3690276811761,561.8412600719663,3.12478790938242,1,1,3,0
9.0,922.2071417278329,563.0929643182008,3.128001318136257,1,1,3,0
9.008333333333333,922.2911948596808,563.2672051339697,3.1036583629057772,1,1,3,0
9.016666666666667,922.1419727046728,563.480649589989,3.100908657759518,1,1,3,0
9.025,921.9610153314952,563.3974290044739,3.0982145382821926,1,1,3,0
9.033333333333333,921.7444439267451,564.2847440778974,3.117071431462785,1,1,3,0
9.041666666666666,921.061499546122,564.3791970797666,3.0909098145652236,1,1,3,0
9.05,920.9883719469773,564.204665075912,3.1131977245988067,1,1,3,0
9.058333333333334,920.6809787527515,564.4720484478203,3.1200219406689036,1,1,3,0
9.066666666666666,921.2427931650858,564.9104332813606,3.138220939148334,1,1,3,0
9.075,921.0241413911658,564.0874663966915,3.1042484726176824,1,1,3,0
9.083333333333334,921.5456305329463,563.9768130342031,3.0790829960632795,1,1,3,0
9.091666666666667,922.306180353656,563.7393295537742,3.1232645138792323,1,1,3,0
9.1,922.8347949144442,564.1037743823565,3.079230203579836,1,1,3,0
9.108333333333333,923.8111581588987,564.1713241286836,3.132710202517405,1,1,3,0
9.116666666666667,923.922121665691,564.0544748568435,3.0932384403647317,1,1,3,0
9.125,923.84009700458,563.1575955861679,3.128968625128295,1,1,3,0
9.133333333333333,924.8955185746061,562.9003784179924,3.1121416781863798,1,1,3,0
9.141666666666667,925.2731639016556,563.3647270934762,3.0999985002389425,1,1,3,0
9.15,925.1651222705335,562.9361029430895,3.0690909508031847,1,1,3,0
9.158333333333333,924.4616138224811,561.7376168007113,3.098668040384014,1,1,3,0
9.166666666666666,924.2426595755232,561.269127478518,3.1564550264034157,1,1,3,0
9.175,924.4469758482229,560.883848464097,3.1004737774667834,1,1,3,0
9.183333333333334,924.7328959998937,560.8958136591655,3.10320300199044,1,1,3,0
9.191666666666666,925.4661790180538,561.0146436908361,3.099437637830943,1,1,3,0
9.2,925.8677241338548,560.6184726880202,3.0772895254093147,1,1,3,0
9.208333333333334,925.8580528485719,561.0151148342676,3.082420691042432,1,1,3,0
9.216666666666667,926.6281848257582,561.0336778785936,3.141814227692049,1,1,3,0
9.225,927.2371785931488,560.3503631450833,3.128275799475316,1,1,3,0
9.233333333333333,926.7933756667044,560.7426098335937,3.130139703528097,1,1,3,0
9.241666666666667,926.9953885182105,560.7486002358781,3.0803792572540103,1,1,3,0
9.25,926.1656868860073,560.608612400768,3.144152043298816,1,1,3,0
9.258333333333333,926.3981205782335,561.4088657558545,3.1422653272734524,1,1,3,0
9.266666666666667,926.4468189480326,561.019766136591,3.1227775164760683,1,1,3,0
9.275,925.8676056736799,560.649412617326,3.098168542710126,1,1,3,0
9.283333333333333,926.3645174722233,560.6021357158911,3.147411040697462,1,1,3,0
9.291666666666666,926.6158957128293,561.1736613510968,3.0966309130189367,1,1,3,0
9.3,926.369575462572,561.8880461444977,3.1032281920709734,1,1,3,0
9.308333333333334,926.969185825822,561.4119632633552,3.1040059877740394,1,1,3,0
9.316666666666666,926.841754627616,561.1605974147495,3.113088774526454,1,1,3,0
9.325,927.501242200716,560.9927928638549,3.1264013659677707,1,1,3,0
9.333333333333334,928.3434050946495,560.6858039824929,3.1121746345812964,1,1,3,0
9.341666666666667,928.6777931661119,560.484091688785,3.122115861331048,1,1,3,0
9.35,929.7678936392108,560.5920908814738,3.0873739640550437,1,1,3,0
9.358333333333333,929.2351055338197,560.1922929780131,3.120892898256157,1,1,3,0
9.366666666666667,929.1837673496908,559.9003012656351,3.1352773597862535,1,1,3,0
9.375,928.8644387632462,560.0722924280113,3.1203599158750586,1,1,3,0
9.383333333333333,928.7933373347304,560.2212083606436,3.0817784221346494,1,1,3,0
9.391666666666667,928.797589439171,560.5861845392575,3.1080283766866943,1,1,3,0
9.4,928.8923612933979,561.3480893514347,3.128947876746664,1,1,3,0
9.408333333333333,929.1829135890858,561.1707148117,3.1629530776653687,1,1,3,0
9.416666666666666,928.9335412356222,562.0159694127154,3.1068270688005626,1,1,3,0
9.425,928.9615287768065,561.7552096917661,3.132049252347841,1,1,3,0
9.433333333333334,929.3517072450137,561.2559184440553,3.087000016785892,1,1,3,0
9.441666666666666,928.7644805916569,561.1890919404366,3.10157325491611,1,1,3,0
9.45,928.4611630600652,560.3835513314808,3.1420153060339455,1,1,3,0
9.458333333333334,929.4045327216082,560.5930963441033,3.177478557843177,1,1,3,0
9.466666666666667,928.2912399248266,559.9552942550863,3.152278003117732,1,1,3,0
9.475,927.4061970300646,559.0322817547249,3.1379010201439357,1,1,3,0
9.483333333333333,927.8039267147052,558.6135105405316,3.1268519159090884,1,1,3,0
9.491666666666667,927.3198051030186,559.0635873365653,3.136473605261327,1,1,3,0
9.5,927.4264436570718,559.6901570953164,3.159941306009165,1,1,3,0
9.508333333333333,927.4404477693805,559.6528242076074,3.160318015997372,1,1,3,0
9.516666666666667,927.8931370446577,559.6390097289986,3.143961946305858,1,1,3,0
9.525,927.9931739772367,558.974610462666,3.1057234587083626,1,1,3,0
9.533333333333333,929.0678678022163,558.9555605846957,3.158720045272919,1,1,3,0
9.541666666666666,929.767941250574,559.0642845525662,3.1858590784383485,1,1,3,0
9.55,929.6301930912362,559.956313166812,3.154669500465374,1,1,3,0
9.558333333333334,930.5197722821575,559.8328308527399,3.159295291352908,1,1,3,0
9.566666666666666,930.2901095978915,560.0656078772192,3.1618380695757526,1,1,3,0
9.575,930.5226432308458,560.322993694327,3.1781537033920606,1,1,3,0
9.583333333333334,929.7365441323965,560.6326679288197,3.143935440313807,1,1,3,0
9.591666666666667,930.8330598209712,560.5479914201541,3.1536891841570625,1,1,3,0
9.6,931.8103129081271,561.1339174940266,3.158890711924423,1,1,3,0
9.608333333333333,931.3607297331099,561.0797747977027,3.174648045368144,1,1,3,0
9.616666666666667,931.7935041839421,561.2524500440647,3.1568303108614857,1,1,3,0
9.625,931.5257242213441,560.4323230141136,3.1707190676757215,1,1,3,0
9.633333333333333,931.6532091238523,561.3270674254171,3.1723455806128102,1,1,3,0
9.641666666666667,931.9510280714694,561.7114473339274,3.1610095893164853,1,1,3,0
9.65,932.1090960238876,562.3640608039819,3.174327327597072,1,1,3,0
9.658333333333333,932.3992228591746,562.0244053646659,3.14063475112798,1,1,3,0
9.666666666666666,931.8743436207504,562.2184202093088,3.1589261962313637,1,1,3,0
9.675,932.5665955012159,561.9479235780425,3.1911993546926287,1,1,3,0
9.683333333333334,932.0702482510405,561.4670214629002,3.1920602184668865,1,1,3,0
9.691666666666666,931.6859783451307,561.9988380560542,3.175954073822448,1,1,3,0
9.7,931.574136041713,561.775170404433,3.1893441629475467,1,1,3,0
9.708333333333334,931.169580943259,561.3048797852479,3.199214649637546,1,1,3,0
9.716666666666667,931.7045244001782,561.9959302341038,3.1570210752888994,1,1,3,0
9.725,931.3361425313924,562.015036726207,3.1481286144408154,1,1,3,0
9.733333333333333,931.7053810947989,562.3890692651909,3.15026624274515,1,1,3,0
9.741666666666667,932.3085330360415,561.8007488768712,3.1745050967991166,1,1,3,0
9.75,931.6362383147871,561.910467753338,3.1742097909992313,1,1,3,0
9.758333333333333,931.8128356117528,561.8457649737965,3.1524690754906697,1,1,3,0
9.766666666666667,931.4645343406055,561.3428242691165,3.19739624727717,1,1,3,0
9.775,930.9988501983812,561.2240352461672,3.2048365874475295,1,1,3,0
9.783333333333333,930.2018800215604,560.852316632875,3.184041967329967,1,1,3,0
9.791666666666666,931.0234118174751,560.7118502093047,3.1538005508748586,1,1,3,0
9.8,930.357681122094,561.1099723420964,3.2109801821780883,1,1,3,0
9.808333333333334,930.5638255109008,561.040425830334,3.1547602077776484,1,1,3,0
9.816666666666666,930.311128998177,560.3910079235773,3.1642210112575557,1,1,3,0
9.825,931.0755955978779,560.4321532505218,3.214618182629265,1,1,3,0
9.833333333333334,930.3241841226011,560.1983830406084,3.190443702236946,1,1,3,0
9.841666666666667,929.7404282893029,560.2429960385175,3.1775245702612165,1,1,3,0
9.85,929.57218537541,560.0051838205757,3.1675152964466555,1,1,3,0
9.858333333333333,929.1854743810471,560.2613253251575,3.1658743184288882,1,1,3,0
9.866666666666667,928.9106358737047,560.9849752625959,3.1413774554602463,1,1,3,0
9.875,929.5563664792144,560.9093542917246,3.1807349760971473,1,1,3,0
9.883333333333333,930.1928527555546,560.3438258289019,3.2015181646344977,1,1,3,0
9.891666666666667,929.9511673018694,560.1889066100317,3.1729190065343795,1,1,3,0
9.9,929.8629065308683,560.3888711613823,3.1790999188106213,1,1,3,0
9.908333333333333,929.4051974357615,561.1365828610068,3.2102737391034792,1,1,3,0
9.916666666666666,929.7953972077228,560.9377111235694,3.165458592420734,1,1,3,0
9.925,929.015433400349,560.0991262241783,3.1609553422609515,1,1,3,0
9.933333333333334,930.0925155033071,559.9761225556143,3.1804402153545706,1,1,3,0
9.941666666666666,930.192716249562,558.8360232464873,3.1623223945353285,1,1,3,0
9.95,929.7951460849112,558.6618112367306,3.1680580150679556,1,1,3,0
9.958333333333334,929.4110379436186,557.69523062839,3.17383237257191,1,1,3,0
9.966666666666667,929.3333648799706,557.1930009828149,3.224081765027672,1,1,3,0
9.975,928.6817536115399,557.2625495366175,3.19585682466908,1,1,3,0
9.983333333333333,928.6593470492124,557.299966530887,3.1883400644444593,1,1,3,0
9.991666666666667,928.5950850148122,557.1668131864255,3.1968578653574995,1,1,3,0
10.0,928.9723312205749,557.8057908774122,3.20135410016035,1,1,3,0
10.008333333333333,929.1180046045858,558.4129882791069,3.1901649001032,1,1,3,0
10.016666666666667,928.8279022787116,558.2878407108053,3.1751202055196983,1,1,3,0
10.025,929.6350775027263,558.2640823077194,3.182050417797334,1,1,3,0
10.033333333333333,929.1946278005626,557.5130180434988,3.189530876084318,1,1,3,0
10.041666666666666,929.34035036613,557.4002598807499,3.228243195485841,1,1,3,0
10.05,928.8846107918148,557.9146599727073,3.186084502485995,1,1,3,0
10.058333333333334,928.4258989956121,558.9319389391571,3.1984886852092824,1,1,3,0
10.066666666666666,928.4550526283641,560.033757609682,3.1717264960999474,1,1,3,0
10.075,927.6104793886027,560.120465278932,3.2104841841840543,1,1,3,0
10.083333333333334,927.7812694201887,559.3008633750133,3.2009105206702073,1,1,3,0
10.091666666666667,927.9797886892219,558.9807535010996,3.237330400257803,1,1,3,0
10.1,928.8316132461345,559.6148649583528,3.2045179986432992,1,1,3,0
10.108333333333333,929.0827176321893,560.421210136125,3.215333763686543,1,1,3,0
10.116666666666667,929.21302813228,560.4237116883422,3.223975762694634,1,1,3,0
10.125,928.3745681386289,561.1343897039211,3.2448760359009627,1,1,3,0
10.133333333333333,928.0988251808108,560.8484771998602,3.2547807247700797,1,1,3,0
10.141666666666667,927.9443293664715,560.5526546837123,3.2242455648364334,1,1,3,0
10.15,927.9739000891109,560.4345068975466,3.2056401021522194,1,1,3,0
10.158333333333333,927.9862460480839,560.5588196198731,3.2092783686171047,1,1,3,0
10.166666666666666,928.4238825375643,560.8814135369878,3.2229941956169283,1,1,3,0
10.175,927.7383827697306,560.8912256866962,3.2018817159585837,1,1,3,0
10.183333333333334,926.6988054583124,560.1643046359266,3.2307341579393514,1,1,3,0
10.191666666666666,925.6051914258247,560.4845103206396,3.2066344903590522,1,1,3,0
10.2,926.0502348527483,560.7194792551245,3.2419655505410536,1,1,3,0
10.208333333333334,926.2691883045037,560.1004135356105,3.253044699303867,1,1,3,0
10.216666666666667,926.3160706905038,560.3690197039491,3.2238651622576184,1,1,3,0
10.225,925.4701511685819,560.4218593250322,3.24628555775068,1,1,3,0
10.233333333333333,925.7216704761054,560.7357164633439,3.239046445455985,1,1,3,0
10.241666666666667,925.6202591177145,560.3955388925092,3.240522228596205,1,1,3,0
10.25,925.2244612693074,559.7350363057238,3.2430430119979343,1,1,3,0
10.258333333333333,925.5262064699991,558.735270670109,3.2209789859858464,1,1,3,0
10.266666666666667,925.3682653035024,559.0264333134627,3.2623495395745805,1,1,3,0
10.275,924.8943852463256,558.8649253347694,3.194842134118112,1,1,3,0
10.283333333333333,924.3339122182762,558.0982110973735,3.2369271978794987,1,1,3,0
10.291666666666666,923.9759870850856,558.1306399517719,3.263341440227669,1,1,3,0
10.3,923.744427763461,558.0342044961188,3.2478101303743836,1,1,3,0
10.308333333333334,923.5437579353386,558.7362166754208,3.240147131142663,1,1,3,0
10.316666666666666,924.0682186567262,559.4892771554729,3.2519317544292057,1,1,3,0
10.325,924.0192776550409,559.4514665499879,3.2596434570406037,1,1,3,0
10.333333333333334,923.8005626233277,559.3232461445369,3.2202262767072494,1,1,3,0
10.341666666666667,924.090072939012,558.8208567876133,3.25205381004547,1,1,3,0
10.35,923.6609642040984,559.2697289299084,3.2213259058343997,1,1,3,0
10.358333333333333,922.8476312897002,559.6018553701099,3.2674956412290044,1,1,3,0
10.366666666666667,921.9530671660417,560.0323752270463,3.271870885190755,1,1,3,0
10.375,921.5996055848306,560.559393666627,3.199218066618585,1,1,3,0
10.383333333333333,921.08229750693,560.6361572480895,3.2503939057282847,1,1,3,0
10.391666666666667,921.3584327031336,560.4803981813911,3.2340678544617414,1,1,3,0
10.4,919.9059228698976,560.2785756110997,3.257929603320875,1,1,3,0
10.408333333333333,919.2356157252848,560.3437306039796,3.2321671609816303,1,1,3,0
10.416666666666666,919.6319145219585,560.1214013269594,3.2820710377340467,1,1,3,0
10.425,919.5494007555952,559.9434643210491,3.2632697094730903,1,1,3,0
10.433333333333334,918.1113397687253,560.0309376370145,3.2622698216902464,1,1,3,0
10.441666666666666,917.6319758378802,560.1952164112015,3.2773807408026894,1,1,3,0
10.45,917.2258834463532,560.6735944733992,3.242751924238963,1,1,3,0
10.458333333333334,917.2163018997059,560.092026055494,3.318422665572542,1,1,3,0
10.466666666666667,917.0640625974498,559.9340209021286,3.2522608924227465,1,1,3,0
10.475,917.8806498000604,559.767196843936,3.288886136877903,1,1,3,0
10.483333333333333,917.6164585534285,559.9345894957153,3.249007003030765,1,1,3,0
10.491666666666667,918.5218999098498,560.5781273676746,3.272443784671106,1,1,3,0
10.5,918.5469646562408,560.62362959334,3.2963369416141077,1,1,3,0
10.508333333333333,918.6006306593537,560.4436924316208,3.2631318256262123,1,1,3,0
10.516666666666667,918.3604337351323,560.1823718940589,3.285153216525387,1,1,3,0
10.525,918.8568075353068,560.3162841702014,3.28885953215588,1,1,3,0
10.533333333333333,919.4943645360605,560.8314542484445,3.322212154220862,1,1,3,0
10.541666666666666,920.5660298310058,560.846879669966,3.314465322368575,1,1,3,0
10.55,920.7885491651514,560.8843074766447,3.282857947361006,1,1,3,0
10.558333333333334,921.5037416617511,560.764833253727,3.3096120954849524,1,1,3,0
10.566666666666666,920.3020936681963,561.063510982304,3.3397677273081037,1,1,3,0
10.575,921.013790940204,560.7379103637288,3.3126721903586223,1,1,3,0
10.583333333333334,921.2592404498951,561.2675341449407,3.3135361497737414,1,1,3,0
10.591666666666667,921.014836668399,561.0492112737675,3.31902819811707,1,1,3,0
10.6,920.818228947382,561.9172447259059,3.303374094892096,1,1,3,0
10.608333333333333,921.2952378942423,562.7300967829756,3.3119944990747636,1,1,3,0
10.616666666666667,920.710155858601,562.3792682118655,3.3920253023557936,1,1,3,0
10.625,921.1480002976301,562.190851645842,3.325166640873797,1,1,3,0
10.633333333333333,920.0705095251722,562.1584765555149,3.3616543277914324,1,1,3,0
10.641666666666667,920.3241846273949,562.1149205001961,3.3342207403364914,1,1,3,0
10.65,919.8917114144512,562.2973493389395,3.323758456426339,1,1,3,0
10.658333333333333,920.1132206281388,562.9105575456671,3.32894445742298,1,1,3,0
10.666666666666666,920.4692557380392,562.5684646878223,3.341202129540809,1,1,3,0
10.675,920.1590974996892,562.3382461736928,3.35128839201023,1,1,3,0
10.683333333333334,920.7116664161001,562.304312032528,3.3301777435706654,1,1,3,0
10.691666666666666,921.2711300638528,562.8400519715384,3.310100953932306,1,1,3,0
10.7,920.642535341802,563.1378050763587,3.316510147821118,1,1,3,0
10.708333333333334,920.6813419414494,564.207216152495,3.302798373830362,1,1,3,0
10.716666666666667,920.7503208364672,564.6660378139906,3.2962672903494656,1,1,3,0
10.725,921.8545137966495,564.4731103677328,3.2922566583773394,1,1,3,0
10.733333333333333,922.6430738856818,565.1000464099827,3.3070582469169905,1,1,3,0
10.741666666666667,922.4815450570503,565.2283574843494,3.348567144020326,1,1,3,0
10.75,921.9734401444784,564.7356623783564,3.3010793769933415,1,1,3,0
10.758333333333333,922.0287683741565,565.1877215132718,3.2975672952454747,1,1,3,0
10.766666666666667,922.6161006925847,566.0571434200099,3.30792761989497,1,1,3,0
10.775,923.4875879505851,565.9403328556307,3.3366961599794878,1,1,3,0
10.783333333333333,923.3568378355634,565.0945080759177,3.276080741228802,1,1,3,0
10.791666666666666,922.5949265592704,564.3945253363156,3.318440651423016,1,1,3,0
10.8,922.0773479922201,564.4020169566413,3.311873586658202,1,1,3,0
10.808333333333334,921.8386369365608,564.5841101806897,3.292610383463426,1,1,3,0
10.816666666666666,921.6939573496603,564.6294383627275,3.323995101239124,1,1,3,0
10.825,921.5900684310666,565.4514942078791,3.271809033259054,1,1,3,0
10.833333333333334,922.1784338602466,565.4396302855635,3.334303315116424,1,1,3,0
10.841666666666667,922.6073231184349,565.1669210208587,3.2882163928547112,1,1,3,0
10.85,922.8332030619187,564.6527431183583,3.294904044256867,1,1,3,0
10.858333333333333,923.3275581910041,565.3306018166396,3.305471142180052,1,1,3,0
10.866666666666667,922.9655570652435,564.6950252798284,3.3220940790764666,1,1,3,0
10.875,923.4641216063617,564.9206155713277,3.2718307281891006,1,1,3,0
10.883333333333333,923.4401529071005,565.042543356595,3.312262776639889,1,1,3,0
10.891666666666667,924.0421157254774,563.8259813586851,3.2186035914145688,1,1,3,0
10.9,924.2447047333822,564.5089270734147,3.298994767369891,1,1,3,0
10.908333333333333,924.744210897248,565.0759534803516,3.3228895217063084,1,1,3,0
10.916666666666666,925.5272395179355,564.8690698584148,3.3111936949008953,1,1,3,0
10.925,925.012655179052,564.5144590388171,3.2832542283216566,1,1,3,0
10.933333333333334,925.4380506608094,563.1181193900413,3.2812599606547224,1,1,3,0
10.941666666666666,925.5861795841547,563.1583694618695,3.313934156487745,1,1,3,0
10.95,925.9176568970483,563.7419003076918,3.258070905106997,1,1,3,0
10.958333333333334,926.2415274864601,563.7276224577826,3.289616374771825,1,1,3,0
10.966666666666667,926.3606947683887,563.9139291871547,3.2919911289037183,1,1,3,0
10.975,926.3092677033563,562.9901935869453,3.3102234731927633,1,1,3,0
10.983333333333333,926.3508271431859,562.8546649977383,3.3237543062677606,1,1,3,0
10.991666666666667,926.6153192920264,562.1918206018315,3.32864311129992,1,1,3,0
11.0,927.6076601184817,562.2494528038536,3.290584751990731,1,1,3,0
11.008333333333333,927.9840261423416,561.9819917331178,3.3000564578211202,1,1,3,0
11.016666666666667,927.9599257561546,562.2576489107504,3.309838653898792,1,1,3,0
11.025,927.5666982439016,562.5458061372858,3.2689429913637285,1,1,3,0
11.033333333333333,927.6814314322273,562.3176726209501,3.2800506408605083,1,1,3,0
11.041666666666666,928.3924852933159,562.4453359214389,3.327745411268371,1,1,3,0
11.05,928.1173771636801,562.2648110052403,3.3155457114167306,1,1,3,0
11.058333333333334,927.9647206869157,562.4027433285446,3.261990816825417,1,1,3,0
11.066666666666666,928.312130973169,562.8661128936832,3.3048070668114726,1,1,3,0
11.075,927.6387109878258,562.3410278864715,3.329242834828327,1,1,3,0
11.083333333333334,928.2884478112642,562.5653251930129,3.281786685296243,1,1,3,0
11.091666666666667,928.8459527502796,562.3409831411656,3.310872537198559,1,1,3,0
11.1,928.5563873286363,562.2336830165181,3.3055622679960863,1,1,3,0
11.108333333333333,928.4903852335506,561.7426740208743,3.289406325934827,1,1,3,0
11.116666666666667,928.7552161165119,561.3187577609343,3.303579562695647,1,1,3,0
11.125,928.8560789522859,560.6841663529631,3.3185591067546136,1,1,3,0
11.133333333333333,928.8556464513507,560.6739749504774,3.2931679462521215,1,1,3,0
11.141666666666667,928.6423484620797,559.612135365323,3.3240603388756953,1,1,3,0
11.15,928.926547154111,560.5965618038568,3.2801312191185543,1,1,3,0
11.158333333333333,929.6986383025464,560.8180669902154,3.2804885968256414,1,1,3,0
11.166666666666666,930.0729342548326,559.6716095601565,3.303388523256678,1,1,3,0
11.175,930.977513826592,560.353998778745,3.2823096030366865,1,1,3,0
11.183333333333334,932.099910052004,560.5897170974013,3.319253527556154,1,1,3,0
11.191666666666666,932.1741889906458,560.9685684414786,3.2751011066877176,1,1,3,0
11.2,932.1312462831352,560.693126973147,3.311245500572232,1,1,3,0
11.208333333333334,931.6737970293811,560.5489192796267,3.3529074416339233,1,1,3,0
11.216666666666667,931.8789796641286,560.8627888414968,3.2521219106770998,1,1,3,0
11.225,931.7218880892216,561.0620021988881,3.3347111930193223,1,1,3,0
11.233333333333333,930.742324168317,560.6969878805235,3.295202468831066,1,1,3,0
11.241666666666667,931.1608901020817,561.3374789389371,3.3484552609002307,1,1,3,0
11.25,932.1648798374897,561.9137393181891,3.320669237714744,1,1,3,0
11.258333333333333,931.9019218251777,562.1464024603819,3.3578250156015637,1,1,3,0
11.266666666666667,931.2987430629981,561.862702036565,3.2996106361066313,1,1,3,0
11.275,931.0122389096639,561.252721322554,3.273263937384649,1,1,3,0
11.283333333333333,930.1901500269216,561.2236159176573,3.289563837391373,1,1,3,0
11.291666666666666,929.3201148741115,561.0656324477574,3.319641835648013,1,1,3,0
11.3,929.6393568681057,560.6094822594071,3.259996720372512,1,1,3,0
11.308333333333334,929.6314295525484,561.1780858436754,3.3133883664388817,1,1,3,0
11.316666666666666,660.9068227119731,291.70487507355074,3.2769188581459603,1,1,3,0
11.325,660.8937638541163,291.34169018880095,3.2775916703622325,1,1,3,0
11.333333333333334,929.624021653809,560.9398212055114,3.3020461717193914,1,1,3,0
11.341666666666667,929.3224768610247,560.817668931474,3.3001427824695857,1,1,3,0
11.35,929.413339747845,560.7508514282331,3.293859553488354,1,1,3,0
11.358333333333333,930.2218331655012,560.8006766740003,3.2826930689877165,1,1,3,0
11.366666666666667,930.46936473886,560.4480359175978,3.307286628395186,1,1,3,0
11.375,930.9740930052645,560.3484414568785,3.3315793984026043,1,1,3,0
11.383333333333333,930.5611665223929,560.7208560075762,3.279120203640175,1,1,3,0
11.391666666666667,930.534364577986,560.8585667991221,3.2875273451270752,1,1,3,0
11.4,930.9816031267181,560.8174410698506,3.3105951532922977,1,1,3,0
11.408333333333333,931.0817054880654,560.4343267662674,3.2487636512054454,1,1,3,0
11.416666666666666,930.8939654922093,560.5613324306026,3.3131291032747425,1,1,3,0
11.425,930.8905256970027,560.3389313804549,3.306340603589674,1,1,3,0
11.433333333333334,929.4717075194326,559.4593169737005,3.317805885895786,1,1,3,0
11.441666666666666,929.8443931747481,560.179552636805,3.315934454608839,1,1,3,0
11.45,929.9056485391641,559.7912340933291,3.2806555535392934,1,1,3,0
11.458333333333334,930.2357528680758,558.8024507436094,3.2781214982500066,1,1,3,0
11.466666666666667,930.7807432723415,558.4728786909112,3.3086588460027904,1,1,3,0
11.475,929.6984768549855,558.4844520982118,3.2956411453938115,1,1,3,0
11.483333333333333,930.4873960957805,558.6055746316061,3.2782536656982653,1,1,3,0
11.491666666666667,930.017304490536,558.8079764288992,3.2864385954550577,1,1,3,0
11.5,930.2955365943006,559.0636936165201,3.2749204170859363,1,1,3,0
11.508333333333333,929.5547513438673,559.0220076575844,3.2937775700495293,1,1,3,0
11.516666666666667,930.3471511904771,559.493142194959,3.293061892218661,1,1,3,0
11.525,930.385143271105,559.6842706477313,3.2980768532200218,1,1,3,0
11.533333333333333,930.8809602013101,560.1102939079599,3.259203582008296,1,1,3,0
11.541666666666666,931.099088451165,560.669123561973,3.2827996347564232,1,1,3,0
11.55,931.3586516683756,560.4819773100996,3.295468682298259,1,1,3,0
11.558333333333334,930.2391844532102,560.1662937856476,3.293284745242511,1,1,3,0
11.566666666666666,929.6611727192244,560.3410075917087,3.2868506941797704,1,1,3,0
11.575,929.5592889981906,560.4064763883405,3.305878563951514,1,1,3,0
11.583333333333334,929.6567636922371,560.8508946354741,3.3165699470840617,1,1,3,0
11.591666666666667,928.7908903947249,560.9655709440202,3.268221656211568,1,1,3,0
11.6,928.3957765552499,561.0943667381995,3.3023410944869527,1,1,3,0
11.608333333333333,928.0729344410798,561.3518344924291,3.2724949142304873,1,1,3,0
11.616666666666667,926.3953236476101,561.8662800179577,3.2967524314289687,1,1,3,0
11.625,925.826782426261,562.0744264664881,3.3008552622428153,1,1,3,0
11.633333333333333,925.4182990992359,562.8337124215471,3.2772863556223855,1,1,3,0
11.641666666666667,926.2309183800273,562.9863533614817,3.284079837954806,1,1,3,0
11.65,926.1134515466969,562.9957097899548,3.31105084081706,1,1,3,0
11.658333333333333,925.9828523197464,563.3503737205992,3.25533553990816,1,1,3,0
11.666666666666666,864.2053367687258,646.5180684823225,3.27606046997569,1,1,3,0
11.675,863.7861488649526,645.767866131216,3.2623873583178247,1,1,3,0
11.683333333333334,925.4955853428727,562.9507425113828,3.268125019807226,1,1,3,0
11.691666666666666,925.7839562737728,562.6506218463644,3.279283103223025,1,1,3,0
11.7,925.13717300689,562.2789962108006,3.2492539433942382,1,1,3,0
11.708333333333334,924.7948402676528,563.0143522842152,3.2979961584422237,1,1,3,0
11.716666666666667,924.1865174711661,562.3540725151382,3.3026513452377033,1,1,3,0
11.725,924.4524238243616,561.7641434944029,3.2637051329250286,1,1,3,0
11.733333333333333,924.3452723835901,561.6912196466853,3.2801650793016397,1,1,3,0
11.741666666666667,924.6557715881453,561.6032523713843,3.2931581219691357,1,1,3,0
11.75,925.3613262444728,562.5199299757056,3.2823840544964615,1,1,3,0
11.758333333333333,924.744186571807,563.0715809432086,3.2854976601291517,1,1,3,0
11.766666666666667,924.6551817049426,563.6997319435154,3.316788511575338,1,1,3,0
11.775,924.2850743438373,563.3141538081626,3.2770266296662434,1,1,3,0
11.783333333333333,918.1948633534056,647.5984316520799,3.2583565314390346,1,1,3,0
11.791666666666666,918.0007104391027,647.8142313291181,3.2429674889267943,1,1,3,0
11.8,924.4152648784054,563.4945211747181,3.273637483942175,1,1,3,0
11.808333333333334,925.2137694394723,563.9537638909753,3.253330428902206,1,1,3,0
11.816666666666666,925.0918789184155,563.0262930113807,3.2699629082262955,1,1,3,0
11.825,925.3906714797507,563.8367586829698,3.2981451005421603,1,1,3,0
11.833333333333334,924.7173434541468,563.5012271669973,3.3080569588994164,1,1,3,0
11.841666666666667,924.7143384553331,563.022682768251,3.282761070684616,1,1,3,0
11.85,925.497870433201,562.0000647648121,3.2757411043931657,1,1,3,0
11.858333333333333,925.656914787448,562.1995868436867,3.281505035175605,1,1,3,0
11.866666666666667,926.1457727336501,562.0837923003241,3.282885935878812,1,1,3,0
11.875,926.6332497810218,561.8512774882449,3.2673184750079125,1,1,3,0
11.883333333333333,927.4989452506064,561.5557952243263,3.2752652444763832,1,1,3,0
11.891666666666667,927.9513691931097,562.4166366151653,3.2595081281496108,1,1,3,0
11.9,928.7324433207007,563.553140771078,3.2903605532017965,1,1,3,0
11.908333333333333,928.6843481967909,563.8273371966715,3.286232362239233,1,1,3,0
11.916666666666666,929.1524768448218,562.9682258299081,3.2838435203818674,1,1,3,0
11.925,929.5698046598902,563.4529555644375,3.2668749216626605,1,1,3,0
11.933333333333334,929.3334973236408,563.2419411981014,3.266720102710529,1,1,3,0
11.941666666666666,929.6796967839323,563.1457641779739,3.2807965707190796,1,1,3,0
11.95,929.0506010746229,562.9155496239626,3.258166910035789,1,1,3,0
11.958333333333334,929.2161535661476,563.1595655248907,3.2618249029848285,1,1,3,0
11.966666666666667,929.0885467895084,563.4321021000436,3.2563371754058044,1,1,3,0
11.975,929.11995127296,563.1535293291364,3.2607624896048337,1,1,3,0
11.983333333333333,929.4392845485405,562.2075875126982,3.2479413645140576,1,1,3,0
11.991666666666667,929.2284974933928,561.4297325709468,3.2574227182533346,1,1,3,0
12.0,929.3670827420036,562.0993724072417,3.2520528812964704,1,1,3,0
12.008333333333333,929.6638967328521,562.2696119124839,3.288293023630977,1,1,3,0
12.016666666666667,930.1472906077477,561.0817141352522,3.230763277607414,1,1,3,0
12.025,929.9494986699668,560.7242811653472,3.2537398861069877,1,1,3,0
12.033333333333333,930.0175114580458,560.69054253985,3.241402198758172,1,1,3,0
12.041666666666666,930.7080673812947,560.0770457563884,3.2539356320654256,1,1,3,0
12.05,930.7085798894419,560.2588363103547,3.2740549449659144,1,1,3,0
12.058333333333334,929.6044208357143,560.4856347390352,3.2298044320824646,1,1,3,0
12.066666666666666,929.5952084199681,560.6632727710312,3.245210116348555,1,1,3,0
12.075,929.6721797095414,560.5193149886971,3.2119145777815006,1,1,3,0
12.083333333333334,928.6747620283169,560.6823880488738,3.259104118752467,1,1,3,0
12.091666666666667,928.6432697832433,560.4157316749742,3.2368959247585227,1,1,3,0
12.1,929.1929082547658,559.9497999729687,3.252125907713741,1,1,3,0
12.108333333333333,929.9407770653688,560.2207286298681,3.2546930079069996,1,1,3,0
12.116666666666667,930.2701093853683,560.7081886874015,3.254377459009696,1,1,3,0
12.125,931.2123471511734,560.6211348446923,3.2605323329738747,1,1,3,0
12.133333333333333,931.4215491898728,560.5091436075696,3.2390108570667784,1,1,3,0
12.141666666666667,931.1121040805589,559.8261768958411,3.1955189452178154,1,1,3,0
12.15,930.511793800672,559.9596520609082,3.24334148945347,1,1,3,0
12.158333333333333,930.662169672276,560.3930321157922,3.205955292295962,1,1,3,0
12.166666666666666,930.2172783781555,560.33619540524,3.218307764225245,1,1,3,0
12.175,930.2094325218058,560.7168838808585,3.2553113829828537,1,1,3,0
12.183333333333334,929.9093097430585,560.3871607359049,3.2278228366784383,1,1,3,0
12.191666666666666,930.0905967709656,561.0395877496662,3.1966437079793293,1,1,3,0
12.2,930.146478024382,560.8580818153778,3.2421154232094778,1,1,3,0
12.208333333333334,929.5358586688934,561.1064361165668,3.2296986691458267,1,1,3,0
12.216666666666667,930.034908080183,561.7970061847552,3.20223875202788,1,1,3,0
12.225,929.1047242352552,561.8644354320572,3.2643594610198505,1,1,3,0
12.233333333333333,929.4972600531914,562.0239904936893,3.24513481150178,1,1,3,0
12.241666666666667,929.1494852732193,562.4609124389563,3.268304941524952,1,1,3,0
12.25,929.29302475967,562.6344332904897,3.212846565400938,1,1,3,0
12.258333333333333,929.5701836953281,562.1275714949925,3.240332991762814,1,1,3,0
12.266666666666667,929.479081183432,561.9009866844086,3.245389601688499,1,1,3,0
12.275,928.5573333512269,561.9756139263388,3.22199333309436,1,1,3,0
12.283333333333333,928.7388935539619,561.1348109276967,3.2366395296377015,1,1,3,0
12.291666666666666,929.3345527974025,560.5321334516049,3.225598780702725,1,1,3,0
12.3,928.7162194283267,561.1356691931594,3.2644544752843276,1,1,3,0
12.308333333333334,928.1395945493421,560.1913505157067,3.2442361598912526,1,1,3,0
12.316666666666666,928.2277145965594,560.8497674655864,3.242611419501,1,1,3,0
12.325,928.5888152961296,561.361234229098,3.1838192039741595,1,1,3,0
12.333333333333334,927.8312497947874,562.4226121741161,3.195547678159581,1,1,3,0
12.341666666666667,929.2434312930218,562.34880930652,3.205162766663176,1,1,3,0
12.35,929.8760582628191,561.5683859968648,3.2015052051817174,1,1,3,0
12.358333333333333,930.1232633193501,560.7099101223524,3.2394793131588226,1,1,3,0
12.366666666666667,930.4458097414807,561.0324554375219,3.2102070311102118,1,1,3,0
12.375,931.2467357722162,560.8074462553518,3.2290979309432783,1,1,3,0
12.383333333333333,930.8988963967167,560.5583070826622,3.1870564447276104,1,1,3,0
12.391666666666667,929.9708611393038,560.245344010968,3.20033905492579,1,1,3,0
12.4,929.9279551291429,559.8314566100285,3.173214563768606,1,1,3,0
12.408333333333333,929.0317243903935,559.1262998775289,3.2059586128438022,1,1,3,0
12.416666666666666,928.6481059984701,559.2869181367913,3.191567889026926,1,1,3,0
12.425,929.0786217335672,558.3564195019695,3.1805285689269924,1,1,3,0
12.433333333333334,928.4887909617361,559.2981580203459,3.2199528580771264,1,1,3,0
12.441666666666666,928.4322144071913,560.0195194294129,3.187288218241711,1,1,3,0
12.45,927.5510455638637,559.748901993169,3.220201527420607,1,1,3,0
12.458333333333334,928.3329528158456,560.0834785783242,3.208850148098761,1,1,3,0
12.466666666666667,929.097294977703,560.2044095268228,3.1901789129207536,1,1,3,0
12.475,928.5482022201151,558.7459659731906,3.2098554072820247,1,1,3,0
12.483333333333333,928.9204757790991,559.1646796791092,3.2156021817049383,1,1,3,0
12.491666666666667,929.079899719215,559.8449647109555,3.2218194429458715,1,1,3,0
12.5,929.794589973521,558.8876163692267,3.1911881676846754,1,1,3,0
12.508333333333333,929.891495843784,558.8597711176056,3.172248067458783,1,1,3,0
12.516666666666667,929.6926751647995,559.2879308005151,3.2123451440032365,1,1,3,0
12.525,929.1788256430665,559.1628308925331,3.2011855440526,1,1,3,0
12.533333333333333,928.6273963018917,559.0201367521666,3.205643717268762,1,1,3,0
12.541666666666666,,,,0,1,3,0
12.55,,,,0,1,3,0
12.558333333333334,,,,0,1,3,0
12.566666666666666,,,,0,1,3,0
12.575,,,,0,1,3,0
12.583333333333334,,,,0,1,3,0
12.591666666666667,,,,0,1,3,0
12.6,,,,0,1,3,0
12.608333333333333,,,,0,1,3,0
12.616666666666667,,,,0,1,3,0
12.625,,,,0,1,3,0
12.633333333333333,,,,0,1,3,0
12.641666666666667,,,,0,1,3,0
12.65,,,,0,1,3,0
12.658333333333333,,,,0,1,3,0
12.666666666666666,,,,0,1,3,0
12.675,926.4645479028396,560.1440840452468,3.1803426674026674,1,1,3,0
12.683333333333334,927.2587114480791,561.3271447127331,3.139355781985353,1,1,3,0
12.691666666666666,927.520268372025,561.3322928142974,3.1658434551456303,1,1,3,0
12.7,927.913945029699,561.326568687851,3.1527885997885003,1,1,3,0
12.708333333333334,928.5463580759377,560.8550552647547,3.1663605490707396,1,1,3,0
12.716666666666667,928.5445563295167,561.8767262059522,3.1771566576318904,1,1,3,0
12.725,929.3622528913857,561.6380660544389,3.167360013704912,1,1,3,0
12.733333333333333,928.9922149287697,561.731234317776,3.155325020090782,1,1,3,0
12.741666666666667,929.01241407719,562.1034804672743,3.1755566299212226,1,1,3,0
12.75,928.8477892934793,562.4814481452796,3.1176278034137104,1,1,3,0
12.758333333333333,928.7775133199988,561.9864723232215,3.172283738231618,1,1,3,0
12.766666666666667,928.4445884971877,562.4660191535552,3.1719877275686055,1,1,3,0
12.775,927.8758796554381,562.9506581802079,3.1606432622460763,1,1,3,0
12.783333333333333,928.2186364412872,562.8919265128801,3.1610508829245867,1,1,3,0
12.791666666666666,927.616805573528,562.6389988155722,3.184976183943623,1,1,3,0
12.8,928.2564609058874,563.7637908766362,3.167402304023369,1,1,3,0
12.808333333333334,928.5006029913434,564.0852128121506,3.1629963363608864,1,1,3,0
12.816666666666666,929.7287803643643,564.1902054301593,3.1394726015406724,1,1,3,0
12.825,929.3686794600026,564.0288785207787,3.138842064058746,1,1,3,0
12.833333333333334,929.286997226662,563.3399492305974,3.166894155820171,1,1,3,0
12.841666666666667,929.3203151513867,562.8053718504843,3.1727997335149345,1,1,3,0
12.85,929.4513318627418,562.5036861169409,3.15382424658779,1,1,3,0
12.858333333333333,929.7189140569145,562.6979990660866,3.151634478758555,1,1,3,0
12.866666666666667,929.8239819195227,562.887190971923,3.1290433779874514,1,1,3,0
12.875,929.810783917481,563.9091632845698,3.1734938562728474,1,1,3,0
12.883333333333333,929.8471149792966,563.5050098331507,3.101574145496179,1,1,3,0
12.891666666666667,929.7072312051164,562.8854007225312,3.1204493778103815,1,1,3,0
12.9,930.1702865233486,563.9608408212812,3.1804679168016503,1,1,3,0
12.908333333333333,930.0635296150163,563.5725332348977,3.1794848280954078,1,1,3,0
12.916666666666666,929.3561213357852,564.1308940759421,3.153458139489952,1,1,3,0
12.925,929.3495076081632,564.0712239330569,3.151183943621785,1,1,3,0
12.933333333333334,928.8256441029614,564.9130492125252,3.163218415407724,1,1,3,0
12.941666666666666,929.0329237921254,565.0387296473565,3.162829673357025,1,1,3,0
12.95,927.8947213594167,564.1391649380827,3.1214523723244314,1,1,3,0
12.958333333333334,927.9855072907538,563.7979126997297,3.1697196143063877,1,1,3,0
12.966666666666667,928.5555297393133,564.2735656795346,3.131610901454873,1,1,3,0
12.975,928.8170801789056,564.6077674006273,3.1439733159081547,1,1,3,0
12.983333333333333,929.1543568680703,564.3864201825635,3.1208191763883955,1,1,3,0
12.991666666666667,929.4277192148909,564.6433914083365,3.1285265786794945,1,1,3,0
13.0,929.716523949967,565.00248704435,3.159418382029877,1,1,3,0
13.008333333333333,930.3789284870758,564.4981931922655,3.1381997354684614,1,1,3,0
13.016666666666667,930.3717283746322,564.3219568492215,3.138489401511886,1,1,3,0
13.025,929.7176017808939,564.0559786540276,3.145727674945328,1,1,3,0
13.033333333333333,930.3150681370983,563.7389508796207,3.124323134974342,1,1,3,0
13.041666666666666,929.876968062351,563.406422750228,3.136720928044702,1,1,3,0
13.05,930.2665663446156,562.9848213046488,3.1614144716493024,1,1,3,0
13.058333333333334,930.6077144793016,562.8971410893424,3.1487779188831864,1,1,3,0
13.066666666666666,930.6588308508586,562.1375142456545,3.112288040388401,1,1,3,0
13.075,930.1464948484207,561.8915831356688,3.1176448215575374,1,1,3,0
13.083333333333334,930.1995028310757,561.8837028869402,3.1010663058051975,1,1,3,0
13.091666666666667,930.902696124795,562.3034665968463,3.126766132455356,1,1,3,0
13.1,931.9902566622202,563.1919926295953,3.1275575767838957,1,1,3,0
13.108333333333333,931.5934121779158,563.1178927477266,3.1093080904846375,1,1,3,0
13.116666666666667,932.2720018052279,563.8674555271991,3.138539977527365,1,1,3,0
13.125,932.2265777013121,564.1736270287826,3.1518427898818446,1,1,3,0
13.133333333333333,931.8914492860721,564.8449419266415,3.147735889223663,1,1,3,0
13.141666666666667,932.2650390954748,563.9309824522429,3.1461064314215608,1,1,3,0
13.15,932.3488568451627,563.9777514625476,3.117675814593171,1,1,3,0
13.158333333333333,931.6358712315271,564.0792927267886,3.1341442875336223,1,1,3,0
13.166666666666666,931.7534994698233,562.9319322133397,3.1337924476208365,1,1,3,0
13.175,931.3231035071759,563.3372808118978,3.146263443435897,1,1,3,0
13.183333333333334,931.0854791945026,563.1424343422902,3.1035361349659167,1,1,3,0
13.191666666666666,931.2934229324834,562.3106636175363,3.130521615109455,1,1,3,0
13.2,931.3003982764666,561.9219899280006,3.1330396231845974,1,1,3,0
13.208333333333334,931.3436781619675,561.7948244641564,3.111234274598566,1,1,3,0
13.216666666666667,931.164280876298,561.7623447963796,3.1474739738099626,1,1,3,0
13.225,931.6814090431634,562.0140613897441,3.1143900242164975,1,1,3,0
13.233333333333333,932.7882558378641,562.5188564944382,3.1152611632639866,1,1,3,0
13.241666666666667,932.3969824746928,562.2516156466849,3.1275639368523938,1,1,3,0
13.25,932.4200704729998,561.8783802880367,3.101323824985695,1,1,3,0
13.258333333333333,932.8234713141002,562.1662284748613,3.090008926100241,1,1,3,0
13.266666666666667,933.9175477611344,562.4054732672307,3.1243657087278955,1,1,3,0
13.275,933.7794993871283,562.1458671491768,3.1342942858281466,1,1,3,0
13.283333333333333,933.6319209665414,561.7014393896841,3.137735526634603,1,1,3,0
13.291666666666666,933.5218091588786,562.686854319801,3.14982967974086,1,1,3,0
13.3,933.0106463438342,563.0187301702251,3.118061413416594,1,1,3,0
13.308333333333334,933.0968757742629,562.847242422759,3.141917900563504,1,1,3,0
13.316666666666666,933.2526943931771,563.2659886366991,3.1221844386199664,1,1,3,0
13.325,933.0648481996511,563.3495183735495,3.123860862663237,1,1,3,0
13.333333333333334,933.2107062182457,564.2474552173887,3.1477436287338563,1,1,3,0
13.341666666666667,933.4728198905652,564.4669279466477,3.114211660137504,1,1,3,0
13.35,933.6646290204732,565.2206639397975,3.1113004417466366,1,1,3,0
13.358333333333333,933.7843852304388,565.6154015442719,3.1286154156967676,1,1,3,0
13.366666666666667,934.2298354385376,566.6778732457252,3.131553137193223,1,1,3,0
13.375,934.440319361128,567.2905116011934,3.153867647242395,1,1,3,0
13.383333333333333,935.0635004407603,567.2949198114417,3.097083701167204,1,1,3,0
13.391666666666667,934.0372465525554,567.0485677266412,3.1033876329945085,1,1,3,0
13.4,934.5344079932603,567.464911769844,3.1255314115045243,1,1,3,0
13.408333333333333,934.3749110670221,566.7611890693145,3.105982478227225,1,1,3,0
13.416666666666666,933.7371241304293,567.2519351329925,3.091569762766153,1,1,3,0
13.425,933.9623175410953,566.6889822698266,3.0907352722685935,1,1,3,0
13.433333333333334,934.3387492514595,566.1106412411007,3.106414216378468,1,1,3,0
13.441666666666666,933.8035230156166,565.9172039103479,3.1126788739653537,1,1,3,0
13.45,934.7083331730554,566.679483770643,3.1237692663504038,1,1,3,0
13.458333333333334,935.1527356275619,566.1520957658339,3.126383154434415,1,1,3,0
13.466666666666667,935.5959217070347,566.8530831206848,3.10489481345955,1,1,3,0
13.475,935.6950708117616,566.8380085110077,3.0958217989910395,1,1,3,0
13.483333333333333,934.9649748617982,566.9481531297805,3.1260965577259006,1,1,3,0
13.491666666666667,934.5726870774453,567.4949326423127,3.0831154595462555,1,1,3,0
13.5,935.061567494337,566.8051096621468,3.076474436635753,1,1,3,0
13.508333333333333,935.5642326534401,565.8775153335605,3.1354783374633954,1,1,3,0
13.516666666666667,935.6485244861439,565.8360764557519,3.071626167199644,1,1,3,0
13.525,935.532864918803,565.8659941057917,3.1479398223864283,1,1,3,0
13.533333333333333,935.7670526434994,565.2108442188774,3.089475846779817,1,1,3,0
13.541666666666666,935.7425603011156,564.2887421618768,3.102096973315346,1,1,3,0
13.55,936.6840529444355,564.5889961719964,3.1286856273715498,1,1,3,0
13.558333333333334,937.2034848907451,564.4531272515529,3.086334711570128,1,1,3,0
13.566666666666666,937.5559388259146,564.9217290218792,3.096854857885432,1,1,3,0
13.575,936.6195145178503,565.4472538505968,3.1143728980968732,1,1,3,0
13.583333333333334,936.5279458671008,566.2821739575552,3.1312680283267857,1,1,3,0
13.591666666666667,937.054132558561,566.9173518120864,3.08473608964935,1,1,3,0
13.6,937.2800276970079,566.8630484886173,3.080754547813471,1,1,3,0
13.608333333333333,937.1220803690749,567.3221465986294,3.138327559747826,1,1,3,0
13.616666666666667,936.6547011257753,568.1416471727978,3.0845015932201796,1,1,3,0
13.625,935.459974472716,568.2562676449431,3.139009469910326,1,1,3,0
13.633333333333333,935.3571340641561,567.9663714940457,3.0984340441284766,1,1,3,0
13.641666666666667,935.2340348459478,568.25996958147,3.127654724808403,1,1,3,0
13.65,934.3245315241705,568.4770081246369,3.092311003049447,1,1,3,0
13.658333333333333,934.7684662446295,568.7885356648583,3.1070498321318687,1,1,3,0
13.666666666666666,934.7495692683294,568.3910256071226,3.119413171535638,1,1,3,0
13.675,934.7654383952671,567.975769960319,3.1156687805722107,1,1,3,0
13.683333333333334,934.1885213925585,568.0198699167219,3.1214847361065146,1,1,3,0
13.691666666666666,934.6394160372371,568.2382314230024,3.067000796701718,1,1,3,0
13.7,934.256095562745,568.2089202445317,3.1172271054117853,1,1,3,0
13.708333333333334,933.6419158221418,567.5278553829696,3.0924074291275883,1,1,3,0
13.716666666666667,933.8576462557547,567.6582223578956,3.087071595980613,1,1,3,0
13.725,934.1324788530702,567.679743029994,3.0918865194199094,1,1,3,0
13.733333333333333,933.7370718543318,568.3898825683142,3.0901981283050937,1,1,3,0
13.741666666666667,934.1515835613995,567.6815593991057,3.089274853633287,1,1,3,0
13.75,934.0343285503244,567.1812190402662,3.103914155092303,1,1,3,0
13.758333333333333,933.8560402143216,567.2699251443977,3.0959219953208454,1,1,3,0
13.766666666666667,933.7558489724374,567.3218180120531,3.0829295142896234,1,1,3,0
13.775,933.8222324404725,566.8469780945571,3.122336838795417,1,1,3,0
13.783333333333333,933.7415878217848,567.1387624144032,3.1019901016042173,1,1,3,0
13.791666666666666,934.0345128425064,566.6453056665912,3.113942185498139,1,1,3,0
13.8,933.1950070399333,567.0321277671968,3.1231033028136097,1,1,3,0
13.808333333333334,932.3891047401987,567.2070220475447,3.1050653415453313,1,1,3,0
13.816666666666666,933.3313359536222,566.0723566947186,3.123211283087708,1,1,3,0
13.825,932.7893487901528,566.6770219995432,3.1261084234477026,1,1,3,0
13.833333333333334,932.4229080116654,566.543868564393,3.1060185764734034,1,1,3,0
13.841666666666667,932.1696086207655,565.7217736625411,3.08587412189375,1,1,3,0
13.85,931.9030787079324,566.1163667573721,3.0996621356661933,1,1,3,0
13.858333333333333,931.2843032596993,565.7855579919911,3.0863844734959542,1,1,3,0
13.866666666666667,930.4062236380117,566.4844342530808,3.076390653029189,1,1,3,0
13.875,930.3095860444836,566.7484461583068,3.114749254425713,1,1,3,0
13.883333333333333,930.4692492103503,566.1357670306031,3.067870589263472,1,1,3,0
13.891666666666667,930.4094391021326,565.6898421452938,3.129710179586577,1,1,3,0
13.9,929.8750834774085,564.722272203436,3.092152215012944,1,1,3,0
13.908333333333333,930.1072837818444,565.119825718019,3.080105453016849,1,1,3,0
13.916666666666666,930.238702998871,564.8375025382961,3.0998858650361973,1,1,3,0
13.925,930.4153226084761,565.0417549631912,3.0759105732799554,1,1,3,0
13.933333333333334,930.2620226827847,564.7195314018142,3.0996646122618556,1,1,3,0
13.941666666666666,929.8913404519403,565.0083329594787,3.1003507402295982,1,1,3,0
13.95,930.0708473508331,564.89376312177,3.087550220762786,1,1,3,0
13.958333333333334,930.9914327570204,565.0229302747564,3.094373160394914,1,1,3,0
13.966666666666667,931.1829350837371,564.8271554686231,3.110311368011044,1,1,3,0
13.975,931.3972238734455,564.8753549338046,3.123205019118,1,1,3,0
13.983333333333333,930.3544543417302,565.0052171462207,3.110993726797913,1,1,3,0
13.991666666666667,929.9041257896843,564.9075022117587,3.119387007133857,1,1,3,0
14.0,929.8560411576887,564.9356865307032,3.106656762163696,1,1,3,0
14.008333333333333,928.5194262026595,564.8350608866206,3.0959900286148567,1,1,3,0
14.016666666666667,928.2404570505211,563.6320660080315,3.141589843816106,1,1,3,0
14.025,928.2969359833115,563.9495112181529,3.1432416012001867,1,1,3,0
14.033333333333333,928.1948800692539,565.0398523686046,3.121220841296718,1,1,3,0
14.041666666666666,927.7910440977588,564.4047953797491,3.159284801424912,1,1,3,0
14.05,927.8858081691709,563.8648223197094,3.0780764613212277,1,1,3,0
14.058333333333334,927.3874499029737,564.1482291291445,3.1301059301534884,1,1,3,0
14.066666666666666,927.8021088210049,564.0688881808546,3.0637596976820674,1,1,3,0
14.075,927.8471699577132,564.5171814852415,3.1392133942933484,1,1,3,0
14.083333333333334,926.3773552861607,564.3621977684678,3.1179448148624176,1,1,3,0
14.091666666666667,926.5196231288368,564.165586132971,3.1239241462976506,1,1,3,0
14.1,925.2521843044219,563.867980091451,3.117808841148513,1,1,3,0
14.108333333333333,925.9305180676481,563.9997792997176,3.095141171340264,1,1,3,0
14.116666666666667,926.8570772073152,564.5095223004854,3.09913629579422,1,1,3,0
14.125,926.5755797518915,564.8217622951878,3.106932347012482,1,1,3,0
14.133333333333333,926.9446228905001,565.3026715839045,3.111576295003202,1,1,3,0
14.141666666666667,927.462943109399,565.712511978885,3.103021983054229,1,1,3,0
14.15,928.517395494382,565.5295870902355,3.1012535744207423,1,1,3,0
14.158333333333333,927.2073025904797,565.850161882568,3.1293554293276116,1,1,3,0
14.166666666666666,927.8944904390936,566.0909758654568,3.0915815721843063,1,1,3,0
14.175,927.444877814016,565.9592977019433,3.1180739303319474,1,1,3,0
14.183333333333334,927.7627756396031,565.5966669850894,3.099143892007667,1,1,3,0
14.191666666666666,927.4050987380091,565.3963182135427,3.150030326694798,1,1,3,0
14.2,927.5064194134849,566.4724802027547,3.1021120266037276,1,1,3,0
14.208333333333334,927.7713530941462,566.2393807318293,3.121890930150116,1,1,3,0
14.216666666666667,927.9022218237407,566.2052203737511,3.0934407198029916,1,1,3,0
14.225,928.1666615669681,565.815505503256,3.128280403511044,1,1,3,0
14.233333333333333,928.1312413978214,566.1621551669737,3.1282832165964933,1,1,3,0
14.241666666666667,928.2880746376255,565.7749993344379,3.1140102120963102,1,1,3,0
14.25,927.3277234793071,566.1565796113747,3.1240412766332977,1,1,3,0
14.258333333333333,927.7301265688693,566.2384073899955,3.096260483147571,1,1,3,0
14.266666666666667,927.5370556792896,565.7738105716327,3.107523555495171,1,1,3,0
14.275,927.7320632006713,566.1001458850964,3.091460248762953,1,1,3,0
14.283333333333333,926.9135030988627,566.3891414682695,3.141034185639253,1,1,3,0
14.291666666666666,927.4470787571411,566.5169795053553,3.100282696128402,1,1,3,0
14.3,928.4408931902849,567.3084319379511,3.1706114749335383,1,1,3,0
14.308333333333334,929.2713272676658,568.2435050074771,3.1342702233586586,1,1,3,0
14.316666666666666,929.8017351047404,568.2753167761169,3.129475162787764,1,1,3,0
14.325,929.7118415321123,568.1783550173559,3.123382827055079,1,1,3,0
14.333333333333334,930.1464784909615,568.8313049997183,3.1112069767285115,1,1,3,0
14.341666666666667,929.9153848700562,568.5602755616094,3.160697224870671,1,1,3,0
14.35,930.4572263934947,569.1135947207789,3.121666124498618,1,1,3,0
14.358333333333333,929.9782632554019,569.0028695735456,3.124282163895808,1,1,3,0
14.366666666666667,930.2239642391788,569.7490783503217,3.1460666820947054,1,1,3,0
14.375,930.2610428348812,569.6609486209251,3.119398566557871,1,1,3,0
14.383333333333333,930.3742585157831,569.4250101634046,3.1520744597838757,1,1,3,0
14.391666666666667,930.1095997387099,569.5736831087097,3.117315742803303,1,1,3,0
14.4,930.6180296192321,569.4573579927702,3.1107459130832593,1,1,3,0
14.408333333333333,930.7920405778946,570.0429279508738,3.1503688027964993,1,1,3,0
14.416666666666666,931.8337252004006,569.8450887677997,3.121193006405261,1,1,3,0
14.425,931.2820110626684,569.7854197469992,3.1283603241745785,1,1,3,0
14.433333333333334,930.0409547994396,570.3092738592736,3.1662841800082226,1,1,3,0
14.441666666666666,930.3708066905009,569.8386601984711,3.1806919362481243,1,1,3,0
14.45,930.337430349292,569.4709779372826,3.154539210545254,1,1,3,0
14.458333333333334,930.514982185981,569.4667598577594,3.1101846515020455,1,1,3,0
14.466666666666667,930.2654538293524,570.0428584300752,3.1087734016287554,1,1,3,0
14.475,930.6011110575281,569.6848437364085,3.118584412771688,1,1,3,0
14.483333333333333,930.363035350742,569.9608125941543,3.1376150460338246,1,1,3,0
14.491666666666667,930.024794219816,569.8653363823342,3.1364424788712646,1,1,3,0
14.5,930.0188257658563,570.2684951302545,3.154631984274228,1,1,3,0
14.508333333333333,929.6891711837601,570.8857196394245,3.1280122297077493,1,1,3,0
14.516666666666667,929.7302437893427,570.1915653044899,3.1606185729981267,1,1,3,0
14.525,929.5464685819544,571.3089986440103,3.1233837432651814,1,1,3,0
14.533333333333333,930.1657205997492,571.4202790497264,3.1358920972596125,1,1,3,0
14.541666666666666,930.1335349143243,570.9355210487458,3.1448380238341542,1,1,3,0
14.55,929.883919794628,571.0156789519172,3.141175743180506,1,1,3,0
14.558333333333334,929.8931462602134,571.7798126311609,3.1510600993927285,1,1,3,0
14.566666666666666,929.2783411377094,571.5613520981208,3.1500737431526415,1,1,3,0
14.575,929.5757549009426,571.8781780063382,3.1415350878229225,1,1,3,0
14.583333333333334,929.366321526138,571.8874343005455,3.1251813273358233,1,1,3,0
14.591666666666667,929.7543932482532,572.4034909450518,3.162611312349405,1,1,3,0
14.6,930.1286733904569,572.3786466784823,3.1929765373274606,1,1,3,0
14.608333333333333,929.3374190829577,572.7600748097517,3.1520652891990792,1,1,3,0
14.616666666666667,929.1345277115678,573.138670247062,3.1971028608651504,1,1,3,0
14.625,928.8729222403907,572.4729945037972,3.177909653497302,1,1,3,0
14.633333333333333,927.8335260328561,572.7542428504647,3.147230758650249,1,1,3,0
14.641666666666667,927.3930092756585,572.8711520323408,3.1300873560088145,1,1,3,0
14.65,928.4932570314575,572.0765825588728,3.1655901974774947,1,1,3,0
14.658333333333333,928.9397692282181,572.4817235488949,3.1556612858714645,1,1,3,0
14.666666666666666,928.6024963471226,572.3710569097561,3.140326553929342,1,1,3,0
14.675,928.4315302563559,573.0408540234743,3.1477775970799162,1,1,3,0
14.683333333333334,928.6450990233427,571.7453571180647,3.143833228359933,1,1,3,0
14.691666666666666,928.1651915314935,572.0737779561849,3.156291273949283,1,1,3,0
14.7,928.0108122195581,572.2652965511339,3.155325798572792,1,1,3,0
14.708333333333334,945.7892469560569,668.8390504482823,3.1354906105044518,1,1,3,0
14.716666666666667,945.3158548412816,670.1188073323287,3.1718415543064635,1,1,3,0
14.725,929.2790668055376,573.2154659173534,3.1581000387730254,1,1,3,0
14.733333333333333,930.3138916399583,573.4897610889992,3.133542811844584,1,1,3,0
14.741666666666667,930.2322303639343,573.2522934581075,3.1838496824591282,1,1,3,0
14.75,930.2530899303947,573.0485850760037,3.1696061413379852,1,1,3,0
14.758333333333333,929.7000659317248,573.5890090523799,3.2200018159976325,1,1,3,0
14.766666666666667,930.1334444449493,574.0067332699176,3.200654304310419,1,1,3,0
14.775,930.4841150154937,574.1508100492438,3.1905320820253698,1,1,3,0
14.783333333333333,930.1884767360164,573.8859029823691,3.1666412564762347,1,1,3,0
14.791666666666666,929.3341115763819,574.5129546689336,3.185823112919958,1,1,3,0
14.8,929.1278596604473,574.798860492741,3.189061196310003,1,1,3,0
14.808333333333334,1380.5385004459154,631.21309669839,3.18782856160441,1,1,3,0
14.816666666666666,1380.4380762537994,630.9893582773086,3.179349174862968,1,1,3,0
14.825,927.5173880013465,575.7068614189898,3.187980694389003,1,1,3,0
14.833333333333334,927.6955496130831,576.450149916238,3.1864824374905245,1,1,3,0
14.841666666666667,928.3374461199188,577.1794632638126,3.156454251016262,1,1,3,0
14.85,927.9071207671891,576.8969789208709,3.1498306714616797,1,1,3,0
14.858333333333333,928.0016881439907,576.7337706280925,3.172316496664135,1,1,3,0
14.866666666666667,928.2156797951021,576.6772901274055,3.1874427026623358,1,1,3,0
14.875,928.4774136905568,577.4587906058614,3.1777389800969575,1,1,3,0
14.883333333333333,928.3713024395166,577.8114006215129,3.2107724053504207,1,1,3,0
14.891666666666667,928.473143467708,578.0690229858287,3.1734287324739863,1,1,3,0
14.9,928.5605273552779,576.8056999559918,3.1933667544826134,1,1,3,0
14.908333333333333,928.0804034289648,576.2004504088259,3.1869167473601947,1,1,3,0
14.916666666666666,927.9017050017652,576.2948066709405,3.192270605195683,1,1,3,0
14.925,928.5711669154911,575.4707838567936,3.214589210988544,1,1,3,0
14.933333333333334,928.5409346711454,575.2827682684131,3.179492933542398,1,1,3,0
14.941666666666666,929.0242164170326,575.9444790800399,3.2090873727540665,1,1,3,0
14.95,929.0653636647608,576.1899028504512,3.2109113972696584,1,1,3,0
14.958333333333334,928.2255636166389,576.000554629806,3.1856219946682733,1,1,3,0
14.966666666666667,927.9204694475178,576.762717976222,3.2082021804822816,1,1,3,0
14.975,927.3479641323484,576.5861977377757,3.1771118719673033,1,1,3,0
14.983333333333333,926.5426921621175,576.7983917656561,3.1939411667799433,1,1,3,0
14.991666666666667,927.1464936702898,576.7142659198144,3.1871572086502398,1,1,3,0
15.0,926.7520020856292,576.6224610719738,3.212966813947318,1,1,3,0
15.008333333333333,926.4695582644732,576.9423847917769,3.191843095689217,1,1,3,0
15.016666666666667,926.0792123119548,576.6003820110562,3.249069449502851,1,1,3,0
15.025,925.8685608846398,576.4602563630552,3.1928252281740876,1,1,3,0
15.033333333333333,925.7297139325607,576.3727828403688,3.189808656061944,1,1,3,0
15.041666666666666,924.7041389905673,575.7847819225439,3.2100854142629287,1,1,3,0
15.05,923.8951464376514,576.0268956652992,3.2178999977299747,1,1,3,0
15.058333333333334,924.0893123296253,577.287458992917,3.1863370214487263,1,1,3,0
15.066666666666666,924.1976457378611,577.7250866317814,3.266923557137927,1,1,3,0
15.075,924.1357551816106,576.9336462014991,3.1973213892306958,1,1,3,0
15.083333333333334,924.6334748416085,577.8043345847169,3.2100084892449314,1,1,3,0
15.091666666666667,924.991518863811,577.5507300249957,3.200247012219019,1,1,3,0
15.1,925.0847732241004,577.5322436926676,3.2020183493254546,1,1,3,0
15.108333333333333,925.0816197304539,577.27800619763,3.196589156127533,1,1,3,0
15.116666666666667,925.2239458068467,577.0223136107179,3.262257041912571,1,1,3,0
15.125,924.8860885977547,577.8343568013055,3.2203086742520717,1,1,3,0
15.133333333333333,924.8917989283706,577.0254668290534,3.24271337757665,1,1,3,0
15.141666666666667,925.477874389834,575.904528382061,3.187171092697316,1,1,3,0
15.15,924.422949498034,575.703252335699,3.210432739196866,1,1,3,0
15.158333333333333,924.4179293271391,575.6276468738638,3.192648330144959,1,1,3,0
15.166666666666666,923.9995239959635,575.3635031000665,3.2171321495976057,1,1,3,0
15.175,924.329811263418,575.3287890355325,3.219987649304877,1,1,3,0
15.183333333333334,923.6435975031889,575.6407733873032,3.19444073601746,1,1,3,0
15.191666666666666,923.8664493661778,575.2981223191223,3.2139818929991892,1,1,3,0
15.2,923.6624004106783,574.8583415222613,3.2011252436096673,1,1,3,0
15.208333333333334,924.3566311250889,576.3307828319021,3.231838503147751,1,1,3,0
15.216666666666667,924.3220850725716,576.104024160937,3.216060307891469,1,1,3,0
15.225,924.0138031381248,575.7205402688944,3.226179751191575,1,1,3,0
15.233333333333333,924.1084352986935,576.2623111198233,3.235569035949168,1,1,3,0
15.241666666666667,923.5798861919218,576.5053547006252,3.2536944361794977,1,1,3,0
15.25,923.1432901323647,576.6833684906626,3.2351373603914837,1,1,3,0
15.258333333333333,922.3814512479244,576.0312046398336,3.259194916334185,1,1,3,0
15.266666666666667,922.2992000072232,576.4228401037578,3.2184850959702573,1,1,3,0
15.275,921.7127756829952,575.8668197299626,3.2594934052581643,1,1,3,0
15.283333333333333,921.8736181054343,575.1738719184923,3.268064324084138,1,1,3,0
15.291666666666666,920.3238162393199,575.5050305187995,3.2190337228784176,1,1,3,0
15.3,920.6772185145009,575.3806356327492,3.226367186505101,1,1,3,0
15.308333333333334,920.9408652682581,575.6372248170593,3.2069530674310047,1,1,3,0
15.316666666666666,920.7441136319009,575.6623360405538,3.1673894010004715,1,1,3,0
15.325,920.7867623839489,575.5226973234088,3.2296789660074703,1,1,3,0
15.333333333333334,921.1111032962968,575.0893672237526,3.254631652518837,1,1,3,0
15.341666666666667,921.1498249059108,575.1098628753002,3.271325845940156,1,1,3,0
15.35,921.0647340880492,575.3933394495925,3.2683438030068936,1,1,3,0
15.358333333333333,921.6848402092534,576.1501756382506,3.2775181186742888,1,1,3,0
15.366666666666667,921.6885364707208,576.105467674784,3.2609931867012993,1,1,3,0
15.375,921.9145874193263,576.2627066330523,3.2550960131429303,1,1,3,0
15.383333333333333,921.8112063912383,576.5979855347994,3.268133220758185,1,1,3,0
15.391666666666667,921.9712653048782,577.0158814611514,3.225793520803164,1,1,3,0
15.4,922.1666641787945,577.3324755730621,3.228312147861279,1,1,3,0
15.408333333333333,922.0209562362411,577.323013374882,3.2201812641808694,1,1,3,0
15.416666666666666,921.9266692541912,576.3982380924105,3.2887925695033577,1,1,3,0
15.425,921.2663184452525,575.9173347008211,3.231943018503396,1,1,3,0
15.433333333333334,921.5820745117776,575.732345140619,3.259726427228942,1,1,3,0
15.441666666666666,922.081880731926,575.6574961000947,3.2484043921608308,1,1,3,0
15.45,921.6436610672176,575.2640380587502,3.2306852510933797,1,1,3,0
15.458333333333334,922.0595355958524,574.9745506077492,3.2638223370764594,1,1,3,0
15.466666666666667,922.4614313938027,574.7531945395552,3.239646622647717,1,1,3,0
15.475,922.7428692378846,573.8920649159699,3.2490933516156852,1,1,3,0
15.483333333333333,923.4794241920147,573.7481657358585,3.2469957346247917,1,1,3,0
15.491666666666667,924.254809891478,574.7230161276682,3.269866390974038,1,1,3,0
15.5,924.7418916267646,574.8268818347334,3.234877893266997,1,1,3,0
15.508333333333333,300.97175383131264,570.7945219909632,3.2104314078260128,1,1,3,0
15.516666666666667,301.07660800227507,570.3999384075881,3.2441488087202623,1,1,3,0
15.525,924.1926754609126,573.909950993124,3.2814197782567107,1,1,3,0
15.533333333333333,924.6961779044178,573.8093475454992,3.2569952648590275,1,1,3,0
15.541666666666666,924.2052500533289,574.1782682667692,3.309283134898588,1,1,3,0
15.55,924.9835431554574,574.6639380328353,3.2379412876276015,1,1,3,0
15.558333333333334,924.3603775836458,573.659800350391,3.2601665001828213,1,1,3,0
15.566666666666666,924.9699983415237,573.4726719111372,3.2822951352161662,1,1,3,0
15.575,924.37626869564,573.5662568748462,3.2755703444466304,1,1,3,0
15.583333333333334,924.1633108552983,574.0538983711727,3.286294223517754,1,1,3,0
15.591666666666667,923.7134274475296,574.4597057081384,3.272926641505458,1,1,3,0
15.6,923.6641964814424,574.588442548015,3.287221751292842,1,1,3,0
15.608333333333333,923.9823998875207,574.7936424730899,3.311696697568629,1,1,3,0
15.616666666666667,924.0729907080313,574.8886947189861,3.2798086300442195,1,1,3,0
15.625,924.5525058209189,575.024671507434,3.2545244821686823,1,1,3,0
15.633333333333333,924.8490026309075,574.6541346256197,3.253992402484837,1,1,3,0
15.641666666666667,924.483585208262,574.7798411553083,3.2603490663187604,1,1,3,0
15.65,924.3587240035381,574.5138345001169,3.288931042873526,1,1,3,0
15.658333333333333,924.036375083632,573.9979261279791,3.2712330310857527,1,1,3,0
15.666666666666666,924.9169065957882,574.8535622828001,3.2915892228019743,1,1,3,0
15.675,924.3080679356223,575.1995735670573,3.3016020747052535,1,1,3,0
15.683333333333334,925.2684926997226,574.7517457188225,3.288336656550981,1,1,3,0
15.691666666666666,924.942870100025,574.6437000727647,3.2864973041351533,1,1,3,0
15.7,925.0822807855143,574.571014904152,3.2841959260737634,1,1,3,0
15.708333333333334,925.2468524154217,574.4634011868994,3.2882298578948608,1,1,3,0
15.716666666666667,926.2222399693798,574.9416898106367,3.2834981541290476,1,1,3,0
15.725,926.4944787743319,575.5356677111929,3.2676428407969835,1,1,3,0
15.733333333333333,926.6697455669404,575.7957653595843,3.297648286385101,1,1,3,0
15.741666666666667,926.5670570760337,575.8291309038767,3.3037898869414413,1,1,3,0
15.75,926.2898677184894,575.1603173177866,3.2628434826242625,1,1,3,0
15.758333333333333,925.9656957881243,575.0759475276284,3.316444357409143,1,1,3,0
15.766666666666667,926.4887264430868,575.0229048126879,3.2724203115179664,1,1,3,0
15.775,926.3451731787953,574.8275803932274,3.2942296302653036,1,1,3,0
15.783333333333333,926.5180836723528,574.900131263488,3.297707510234802,1,1,3,0
15.791666666666666,926.4963661475101,574.6884257819777,3.2797721576473777,1,1,3,0
15.8,926.3691801055857,574.7485830777764,3.2792372321811425,1,1,3,0
15.808333333333334,926.2400796151055,575.3703148776457,3.3135534581976427,1,1,3,0
15.816666666666666,926.2535780634022,574.799919955877,3.243051995061824,1,1,3,0
15.825,925.40234486899,574.5257688201007,3.280595060388715,1,1,3,0
15.833333333333334,925.1182817789803,574.5008308157076,3.3112662491190714,1,1,3,0
15.841666666666667,924.4758222113398,574.6059208449825,3.2798688055972387,1,1,3,0
15.85,925.3334384535705,574.9938419473067,3.285438385176264,1,1,3,0
15.858333333333333,924.7293123629671,575.2323171094113,3.2859334154410718,1,1,3,0
15.866666666666667,925.0193829499294,575.2069264981887,3.312828305511009,1,1,3,0
15.875,924.5806399924493,575.90375607875,3.287233957599291,1,1,3,0
15.883333333333333,925.0372157649417,575.3726049636116,3.267007427499845,1,1,3,0
15.891666666666667,924.5648470567354,574.2737286735485,3.3059811823022462,1,1,3,0
15.9,924.9016390091853,574.795904419859,3.3183157552751337,1,1,3,0
15.908333333333333,925.1183214685565,574.4734725038601,3.2877601084165886,1,1,3,0
15.916666666666666,924.9384813746813,575.4203735795462,3.283648609398797,1,1,3,0
15.925,924.903092858671,575.5352302786974,3.2974739755745746,1,1,3,0
15.933333333333334,923.761407152062,575.9259513037151,3.304566273096602,1,1,3,0
15.941666666666666,923.661951287351,576.899376999568,3.2867147079317522,1,1,3,0
15.95,923.8070952717919,577.0085706908499,3.286149790392445,1,1,3,0
15.958333333333334,924.0719421435608,576.3200501158788,3.23430139673934,1,1,3,0
15.966666666666667,924.2360578076367,576.1800362597302,3.305601854454278,1,1,3,0
15.975,924.4080044320141,576.632063423105,3.2635737313832283,1,1,3,0
15.983333333333333,924.9501313707107,576.3652789836821,3.3200360532585815,1,1,3,0
15.991666666666667,925.0502991593163,577.4552661894555,3.293373159009631,1,1,3,0
16.0,924.908294719685,576.7916560146774,3.31073929702904,1,1,3,0
16.008333333333333,924.6983414061609,576.6711685374379,3.310462607327336,1,1,3,0
16.016666666666666,924.8649872719578,577.383823294122,3.315570089476164,1,1,3,0
16.025,924.3521467483826,576.4441939215052,3.2979006190726894,1,1,3,0
16.033333333333335,924.2917322943609,576.0413719416715,3.2953440037603823,1,1,3,0
16.041666666666668,923.6460997119985,576.1330003560565,3.3033330672565033,1,1,3,0
16.05,924.0464153274479,575.8549097473577,3.3007371146871622,1,1,3,0
16.058333333333334,922.8111117886317,576.1943103761879,3.2810676258537703,1,1,3,0
16.066666666666666,923.0749691205685,576.1804966210891,3.2955889892544517,1,1,3,0
16.075,924.0163905529778,576.0672359917976,3.323142528951921,1,1,3,0
16.083333333333332,924.8114403531338,576.0697028392793,3.293756898622679,1,1,3,0
16.091666666666665,925.6128936922862,575.9410031774844,3.291104197995802,1,1,3,0
16.1,926.2842384474283,576.0264271853082,3.3306928539902745,1,1,3,0
16.108333333333334,925.5352641438692,576.482681930896,3.296960449922074,1,1,3,0
16.116666666666667,925.4066943338662,576.3108497421824,3.3021132863410037,1,1,3,0
16.125,925.0450218071245,575.5058734764845,3.2769660847105433,1,1,3,0
16.133333333333333,924.7281172823151,575.2266969867056,3.32829590516493,1,1,3,0
16.141666666666666,925.3042352393877,575.1314905991244,3.297882770787132,1,1,3,0
16.15,925.8432542042176,575.4985644936795,3.302183004309601,1,1,3,0
16.158333333333335,925.3675812928686,575.0972665272386,3.2795906428723356,1,1,3,0
16.166666666666668,925.1473349924137,575.8276552198379,3.3082715724745397,1,1,3,0
16.175,924.7502188350113,575.3011895981855,3.2916584288945545,1,1,3,0
16.183333333333334,923.7646233923504,574.6190209866452,3.2510754246479436,1,1,3,0
16.191666666666666,924.0378493619692,574.3076745684251,3.2953416383731877,1,1,3,0
16.2,924.529660099497,574.3314483673604,3.281232431119919,1,1,3,0
16.208333333333332,924.4049749099411,574.7714137905393,3.294681684563839,1,1,3,0
16.216666666666665,924.853641084136,574.8610769321131,3.318221770781384,1,1,3,0
16.225,924.8188355839094,574.7717259947041,3.2923393846526796,1,1,3,0
16.233333333333334,925.1202646708497,575.1958210722728,3.314289890229939,1,1,3,0
16.241666666666667,924.3505532251424,573.4071505860277,3.3034662852898804,1,1,3,0
16.25,924.7509764647401,572.6517121203437,3.2629952583349175,1,1,3,0
16.258333333333333,924.3198137964545,572.7316564743417,3.2836715859969012,1,1,3,0
16.266666666666666,923.5808315737908,573.1493806462304,3.309245724655829,1,1,3,0
16.275,923.7968074499107,573.7422527072644,3.3114254394325053,1,1,3,0
16.283333333333335,923.5488776355768,573.1419392410721,3.3192780966489757,1,1,3,0
16.291666666666668,923.6716398502161,573.1989340669202,3.315424262617835,1,1,3,0
16.3,923.6133035799774,572.7801740950233,3.3385467142177823,1,1,3,0
16.308333333333334,924.333896005286,572.2991011823083,3.3058927392649164,1,1,3,0
16.316666666666666,924.869924974786,571.9087168283928,3.335430767568006,1,1,3,0
16.325,924.0204884416413,571.9239693040794,3.2864234230409974,1,1,3,0
16.333333333333332,924.5577616828359,571.6433870513902,3.3032197408889563,1,1,3,0
16.341666666666665,924.5130661949137,571.266367532148,3.350392554114419,1,1,3,0
16.35,923.8649710999725,570.9600962077837,3.306962413106269,1,1,3,0
16.358333333333334,924.0307462205645,570.945894069557,3.3288711576772267,1,1,3,0
16.366666666666667,924.96350422211,571.7803401414093,3.320518965819188,1,1,3,0
16.375,924.8318425584226,571.2755509268302,3.330824203312117,1,1,3,0
16.383333333333333,924.4334119360856,571.7826115996739,3.357709728979664,1,1,3,0
16.391666666666666,925.1588513789391,571.905325356205,3.3312649009433914,1,1,3,0
16.4,925.1020349598051,571.6002944418708,3.31510362238531,1,1,3,0
16.408333333333335,924.7957593659976,571.0992880730623,3.333650199193386,1,1,3,0
16.416666666666668,924.5159015096344,571.2901036716984,3.3145308843113837,1,1,3,0
16.425,924.4566283938957,571.4303485104838,3.312183846189126,1,1,3,0
16.433333333333334,924.4272371838606,571.6348819072415,3.338931867877372,1,1,3,0
16.441666666666666,924.0301369378485,571.826717132611,3.3433903359265926,1,1,3,0
16.45,924.0740485877876,571.1273328304591,3.340008292175691,1,1,3,0
16.458333333333332,923.7748192983339,571.2689040491662,3.349825574030023,1,1,3,0
16.466666666666665,923.9445671413482,570.9145269295987,3.350576797689838,1,1,3,0
16.475,924.6691311742154,570.386393149888,3.3259231448183684,1,1,3,0
16.483333333333334,924.4761353145235,570.3187602659168,3.3435818092234473,1,1,3,0
16.491666666666667,924.233765754172,569.7193008560934,3.3423477902733802,1,1,3,0
16.5,923.6702794939841,569.6068961747857,3.3471879022492783,1,1,3,0
16.508333333333333,924.8362030863814,570.1509825541444,3.343983317856047,1,1,3,0
16.516666666666666,924.4937129152537,569.2578973256904,3.3377705113761476,1,1,3,0
16.525,924.6960554457651,569.6016550440077,3.3396003107450114,1,1,3,0
16.533333333333335,925.0309808087405,569.0379676303132,3.327676642326632,1,1,3,0
16.541666666666668,925.1921653218895,569.1013258918686,3.337229800552348,1,1,3,0
16.55,924.9435776626373,569.643770074105,3.345934330683123,1,1,3,0
16.558333333333334,924.7662214957966,569.8680489764796,3.3748680182127844,1,1,3,0
16.566666666666666,924.1618079096118,570.2988837574594,3.330621527338415,1,1,3,0
16.575,924.757748017789,569.5537504525552,3.3585836845785084,1,1,3,0
16.583333333333332,924.9677593427062,569.7299275984225,3.3435311253852458,1,1,3,0
16.591666666666665,925.5983161486389,570.097487148309,3.367282233285648,1,1,3,0
16.6,926.0144222861812,570.2845768794698,3.3559223310420383,1,1,3,0
16.608333333333334,926.3891836406033,570.6383111009601,3.3545373731052663,1,1,3,0
16.616666666666667,926.7877872788317,571.5978560539429,3.3217673975290953,1,1,3,0
16.625,927.2844919386583,571.7720533911804,3.316832846823419,1,1,3,0
16.633333333333333,926.7127391992556,571.5191175621709,3.33976544995483,1,1,3,0
16.641666666666666,926.7672006744135,572.3836663968694,3.3297351500667376,1,1,3,0
16.65,926.8974896809804,572.8072764548059,3.3368887633582354,1,1,3,0
16.658333333333335,927.1902739827239,572.3837133966555,3.321798319216824,1,1,3,0
16.666666666666668,926.8766817143178,572.9276123803239,3.3090650406603683,1,1,3,0
16.675,927.6057588435234,572.4056905495416,3.320887300273988,1,1,3,0
16.683333333333334,927.8022270712177,573.4346337655325,3.282080350379016,1,1,3,0
16.691666666666666,928.339352728417,574.0042686025329,3.3078600126481392,1,1,3,0
16.7,928.0346846819991,573.083983350454,3.316256592848237,1,1,3,0
16.708333333333332,927.8263010188756,573.0245565258249,3.322139990311613,1,1,3,0
16.716666666666665,928.0087415174313,573.4115656213862,3.323733039753721,1,1,3,0
16.725,927.664769881223,573.1837957974834,3.2627521863939632,1,1,3,0
16.733333333333334,927.2347330594916,573.2349788637279,3.328920838545752,1,1,3,0
16.741666666666667,927.0410842383698,573.3713705641366,3.3094351865877965,1,1,3,0
16.75,927.7554756338526,572.9647123722058,3.2804655916095165,1,1,3,0
16.758333333333333,927.5245377723529,573.0886126691271,3.2977974843277535,1,1,3,0
16.766666666666666,927.1236299196244,572.4185845010351,3.2514157954989447,1,1,3,0
16.775,927.5759128249027,572.5808445969469,3.2893258195430075,1,1,3,0
16.783333333333335,927.5768960446661,571.3746957676855,3.274678560232316,1,1,3,0
16.791666666666668,927.8274663594478,571.5060238409233,3.280587358276088,1,1,3,0
16.8,927.6328064854494,571.9030144700162,3.313815532273351,1,1,3,0
16.808333333333334,927.3034060666618,572.2636425986576,3.300533466155782,1,1,3,0
16.816666666666666,927.3634520303951,571.8967842539391,3.277248155990322,1,1,3,0
16.825,927.537672087993,572.4869378567782,3.287784183104908,1,1,3,0
16.833333333333332,927.1497030240407,571.2042758706341,3.266449000040968,1,1,3,0
16.841666666666665,926.4555663854908,571.347711506744,3.2826485952817483,1,1,3,0
16.85,927.8290131413034,570.3851713127102,3.2835848975831303,1,1,3,0
16.858333333333334,927.7789735935423,571.0505850472703,3.286703991599367,1,1,3,0
16.866666666666667,926.9926203072764,570.9563302046213,3.227976249447317,1,1,3,0
16.875,927.4018541418008,571.1396310503656,3.2640471835768277,1,1,3,0
16.883333333333333,927.3728384016134,571.1422385611452,3.2679806458172926,1,1,3,0
16.891666666666666,927.6481941983352,571.2418435556926,3.19771233905299,1,1,3,0
16.9,926.7901018393877,571.1288189967172,3.281549763882011,1,1,3,0
16.908333333333335,927.8304997120337,571.6510329008578,3.298669341609302,1,1,3,0
16.916666666666668,927.6485109520085,572.3333801461636,3.2788533190715734,1,1,3,0
16.925,927.1469430419211,572.089366218101,3.2549890557918078,1,1,3,0
16.933333333333334,926.4071844716449,571.6123547017852,3.282515827104633,1,1,3,0
16.941666666666666,926.1881517701743,572.1173664823986,3.270454935707152,1,1,3,0
16.95,926.1377548413149,571.5641235536425,3.2548083241660097,1,1,3,0
16.958333333333332,925.9649220189152,571.6281524530795,3.2495485023520914,1,1,3,0
16.966666666666665,926.5677657012365,571.6370533867722,3.217783886395293,1,1,3,0
16.975,926.7465805278889,571.3838342899207,3.2637896008305836,1,1,3,0
16.983333333333334,927.4982313867388,571.6612929652817,3.2888945941417553,1,1,3,0
16.991666666666667,926.7827611582549,571.2231277239122,3.2694964726299967,1,1,3,0
17.0,926.737684766356,571.0449218501097,3.208219953858365,1,1,3,0
17.008333333333333,927.466738831999,571.0694563853082,3.2137458149329916,1,1,3,0
17.016666666666666,927.6955888738063,571.561017214481,3.248505117543979,1,1,3,0
17.025,927.2326343406351,570.7702154691422,3.2569235764254794,1,1,3,0
17.033333333333335,926.907077883178,570.8960734040377,3.251739737165838,1,1,3,0
17.041666666666668,927.7759517330496,570.141607439583,3.2587785376542886,1,1,3,0
17.05,928.1487398385939,570.4437949900565,3.272155841228636,1,1,3,0
17.058333333333334,927.8709895808164,570.920762588456,3.249538536473414,1,1,3,0
17.066666666666666,928.3876760950902,571.9779992818355,3.2384581239904153,1,1,3,0
17.075,927.7766845284934,572.1473984442665,3.2245067833967296,1,1,3,0
17.083333333333332,927.5298268704697,571.6253157264573,3.270732160339739,1,1,3,0
17.091666666666665,927.7719724698038,571.405632325676,3.255025798049132,1,1,3,0
17.1,927.4338413204333,572.3560649176828,3.237797735078146,1,1,3,0
17.108333333333334,926.7968101143483,572.2237592062556,3.240988582449966,1,1,3,0
17.116666666666667,927.1883639516531,572.0860534012575,3.232429113718864,1,1,3,0
17.125,926.8002375714325,571.6147057279366,3.196003324644842,1,1,3,0
17.133333333333333,926.4593498728951,571.7378143789398,3.2676295574991054,1,1,3,0
17.141666666666666,927.1047721805238,571.5519148233055,3.21296976676683,1,1,3,0
17.15,928.0092834228723,571.2483274068388,3.2710961011967785,1,1,3,0
17.158333333333335,928.8517049737278,570.6816982012978,3.2380175803982314,1,1,3,0
17.166666666666668,928.4169282890039,570.2675191399649,3.256899574478756,1,1,3,0
17.175,928.848790518442,569.4660938618357,3.2413208879523823,1,1,3,0
17.183333333333334,928.0631909151389,568.9588191352599,3.249223398513534,1,1,3,0
17.191666666666666,928.5045199178127,569.0370062708952,3.2427088764212417,1,1,3,0
17.2,929.031087298709,569.374359312167,3.269257601211598,1,1,3,0
17.208333333333332,929.599882200946,570.241993085548,3.2295750118557525,1,1,3,0
17.216666666666665,929.112913571225,570.1369021817449,3.2286327971758353,1,1,3,0
17.225,928.4705372537134,569.9354137590683,3.227155642486484,1,1,3,0
17.233333333333334,928.3871117838743,569.43015939277,3.2354509996639957,1,1,3,0
17.241666666666667,928.6199365165403,570.1899136200823,3.2354761825423757,1,1,3,0
17.25,928.0317369461033,569.6991721204845,3.288930850020683,1,1,3,0
17.258333333333333,928.6426372218675,569.7904702080097,3.2412623449082463,1,1,3,0
17.266666666666666,928.3640700498061,569.4284044876363,3.2214547025188454,1,1,3,0
17.275,928.2808038641067,569.3020169059109,3.2113340647478004,1,1,3,0
17.283333333333335,928.1010947327143,569.8159878240693,3.2312985609325686,1,1,3,0
17.291666666666668,928.2552234283347,569.2147527182452,3.2188885171849604,1,1,3,0
17.3,928.292125795308,569.7417862292104,3.1932545610094287,1,1,3,0
17.308333333333334,927.9038695477677,570.2535121516913,3.2431085951537164,1,1,3,0
17.316666666666666,927.5506917348284,570.3555648922091,3.2292762380609066,1,1,3,0
17.325,927.4228971534906,570.4786743565516,3.2058847387874834,1,1,3,0
17.333333333333332,927.1317342444349,570.8553219579594,3.2416016312071267,1,1,3,0
17.341666666666665,927.428316752284,570.1176196617876,3.1947708104204127,1,1,3,0
17.35,926.7872748414806,569.4686832303053,3.191380327653574,1,1,3,0
17.358333333333334,926.1184585264108,569.2119443540674,3.226297478181712,1,1,3,0
17.366666666666667,926.6978075771199,569.2528464887906,3.2144277722845427,1,1,3,0
17.375,927.165631659512,569.4367016271824,3.2234297335623237,1,1,3,0
17.383333333333333,,,,0,1,3,0
17.391666666666666,,,,0,1,3,0
17.4,,,,0,1,3,0
17.408333333333335,,,,0,1,3,0
17.416666666666668,,,,0,1,3,0
17.425,,,,0,1,3,0
17.433333333333334,,,,0,1,3,0
17.441666666666666,,,,0,1,3,0
17.45,,,,0,1,3,0
17.458333333333332,,,,0,1,3,0
17.466666666666665,,,,0,1,3,0
17.475,,,,0,1,3,0
17.483333333333334,,,,0,1,3,0
17.491666666666667,,,,0,1,3,0
17.5,,,,0,1,3,0
17.508333333333333,,,,0,1,3,0
17.516666666666666,,,,0,1,3,0
17.525,,,,0,1,3,0
17.533333333333335,,,,0,1,3,0
17.541666666666668,927.6790036254824,566.210877134146,3.1707380307670534,1,1,3,0
17.55,926.6260267439695,564.5597003255922,3.2259609518151118,1,1,3,0
17.558333333333334,927.7294095381307,564.614413812318,3.194665781410368,1,1,3,0
17.566666666666666,927.2195453573981,565.2466582530666,3.186196750151372,1,1,3,0
17.575,926.5602115461088,565.0892642258411,3.1409410914616185,1,1,3,0
17.583333333333332,926.1707202982096,565.781955181829,3.215684537473542,1,1,3,0
17.591666666666665,925.7904016364998,566.6458869648739,3.204014420954121,1,1,3,0
17.6,925.095026770002,567.2490650855134,3.220898360200934,1,1,3,0
17.608333333333334,925.8907182302743,567.0718752578045,3.2203020349012745,1,1,3,0
17.616666666666667,925.9829008920698,566.7139947361762,3.180990901690398,1,1,3,0
17.625,926.8891052346072,567.19451997493,3.181796189676039,1,1,3,0
17.633333333333333,927.4276354958597,567.6496861539836,3.183957681276497,1,1,3,0
17.641666666666666,927.3031870934366,566.9548797403822,3.1814485321547936,1,1,3,0
17.65,926.5242591458745,566.9577156345383,3.17726924368128,1,1,3,0
17.658333333333335,927.0305093298659,566.9948289970453,3.16968618521653,1,1,3,0
17.666666666666668,927.1276989144852,566.998298705871,3.201466891062295,1,1,3,0
17.675,927.2591950338652,567.4430669519312,3.1661521319496053,1,1,3,0
17.683333333333334,927.4402689809708,568.0658158261324,3.1472522777239917,1,1,3,0
17.691666666666666,928.0455952278701,568.41971181737,3.138408038549079,1,1,3,0
17.7,927.9234395575388,569.0058119447949,3.15639986684618,1,1,3,0
17.708333333333332,928.6047817411883,568.2847815350948,3.1657611708163818,1,1,3,0
17.716666666666665,929.1614038962733,567.65106426592,3.1920777272720735,1,1,3,0
17.725,929.1858020440383,567.4948028705031,3.181396634354991,1,1,3,0
17.733333333333334,929.4642762363599,567.0739754552482,3.16440566443609,1,1,3,0
17.741666666666667,928.5949892924762,567.1436199123358,3.1896347237075773,1,1,3,0
17.75,928.9546933880117,566.9602289659279,3.1752639079156206,1,1,3,0
17.758333333333333,929.5897023526599,566.6240291752868,3.2099996401745003,1,1,3,0
17.766666666666666,929.1735775716305,567.5996100737935,3.1533460167131833,1,1,3,0
17.775,929.0660705152638,567.4713331837401,3.1652524765491754,1,1,3,0
17.783333333333335,929.4099028017278,567.253043020329,3.1404731313125755,1,1,3,0
17.791666666666668,929.1425008526704,567.5171675077708,3.1616971442368182,1,1,3,0
17.8,930.0302463947161,567.2952744864799,3.1388051054238244,1,1,3,0
17.808333333333334,929.9957099670145,567.2390212438015,3.166503279592727,1,1,3,0
17.816666666666666,929.2939431718085,567.1418409104269,3.1412376748971504,1,1,3,0
17.825,929.0648304930528,566.5787420572447,3.164699543669833,1,1,3,0
17.833333333333332,928.7132818740142,566.3927932174805,3.1402269828963165,1,1,3,0
17.841666666666665,928.8891084446923,567.364410102471,3.1523619950395694,1,1,3,0
17.85,928.8994742660948,567.4620010245166,3.1447373008929778,1,1,3,0
17.858333333333334,929.160175731649,567.2360911037599,3.1848371454979003,1,1,3,0
17.866666666666667,929.5541421022442,567.5824290209769,3.11162537272675,1,1,3,0
17.875,929.6170268843024,567.7209270279723,3.1495080250156398,1,1,3,0
17.883333333333333,929.2231369654188,568.4084202992383,3.137190935612696,1,1,3,0
17.891666666666666,930.0822100806844,568.1885888440244,3.179989897432404,1,1,3,0
17.9,929.5560124741899,568.1073823007022,3.1645908348880534,1,1,3,0
17.908333333333335,929.7321922134555,568.6461842064382,3.1510715611975884,1,1,3,0
17.916666666666668,929.3670531193436,569.0525196390876,3.1565719209001957,1,1,3,0
17.925,928.5005082303626,569.4985800023,3.149440320553571,1,1,3,0
17.933333333333334,928.4214822575364,569.411433288864,3.174944892572322,1,1,3,0
17.941666666666666,928.2616992602518,569.6822879670151,3.1369709434604935,1,1,3,0
17.95,928.362418327154,569.4014695488582,3.1311636658097495,1,1,3,0
17.958333333333332,928.565547710887,568.6317432866657,3.14096860181037,1,1,3,0
17.966666666666665,435.00518645116813,494.04087196307034,3.172130367209348,1,1,3,0
17.975,435.0608887500175,494.5587394302677,3.1476274538559763,1,1,3,0
17.983333333333334,928.5388324855978,568.686974506129,3.120379706520156,1,1,3,0
17.991666666666667,928.6074055525803,568.0529126224736,3.1158512096303808,1,1,3,0
18.0,929.8600789005702,567.5092856386646,3.1526474593145357,1,1,3,0
18.008333333333333,930.2132721223895,566.9904772791883,3.1134895714599216,1,1,3,0
18.016666666666666,930.796907975618,567.0934948420077,3.100260940651233,1,1,3,0
18.025,930.1013370956281,566.5347739497615,3.1502793538444953,1,1,3,0
18.033333333333335,930.4629744764582,565.9427391023595,3.14094022688802,1,1,3,0
18.041666666666668,929.804854927371,565.7917544309665,3.1524522695934096,1,1,3,0
18.05,929.6489500671602,565.4949538880048,3.1170608788390006,1,1,3,0
18.058333333333334,929.1793603600918,564.5223931171347,3.1458068027875976,1,1,3,0
18.066666666666666,928.4530993595149,565.1023955039416,3.140961681913098,1,1,3,0
18.075,929.0103763578836,565.0654395178881,3.1441804793781887,1,1,3,0
18.083333333333332,928.6490797944082,564.8342241452681,3.1144604313549604,1,1,3,0
18.091666666666665,927.9882679951464,564.8417423713735,3.095975060323557,1,1,3,0
18.1,926.734275573906,564.5045095965527,3.1140123899314727,1,1,3,0
18.108333333333334,926.9875156433734,565.1771103776638,3.124783469011059,1,1,3,0
18.116666666666667,927.4524370444329,566.2915441388077,3.1054358044107864,1,1,3,0
18.125,926.5837699184876,566.4409359405536,3.1540642663143115,1,1,3,0
18.133333333333333,926.7540487837204,566.6653007483943,3.121033142071636,1,1,3,0
18.141666666666666,926.9118100914071,566.7485210861321,3.1082859440426533,1,1,3,0
18.15,927.8039222239843,566.2213436352652,3.122175026191623,1,1,3,0
18.158333333333335,928.5951480244939,566.2360248010357,3.0913829393515027,1,1,3,0
18.166666666666668,928.2622090601463,565.4618165058251,3.0875308113395077,1,1,3,0
18.175,927.7057657381159,565.4585802718578,3.0993331403339948,1,1,3,0
18.183333333333334,927.9445488662058,564.5011407549218,3.1440543734875663,1,1,3,0
18.191666666666666,927.756976735148,564.6313432324145,3.108266251620303,1,1,3,0
18.2,927.8955286397188,564.6212518171102,3.0987265683993894,1,1,3,0
18.208333333333332,927.0639428952039,565.2391363680242,3.1000477486071123,1,1,3,0
18.216666666666665,927.5572444722145,564.7614824347852,3.114788244669796,1,1,3,0
18.225,928.0915897047671,564.195662559617,3.110948121098287,1,1,3,0
18.233333333333334,927.5652767305811,565.250240044779,3.1448448448756534,1,1,3,0
18.241666666666667,927.4296580275309,565.4535798145208,3.1239574257349303,1,1,3,0
18.25,927.2631028116137,565.9292910304023,3.1487531594936278,1,1,3,0
18.258333333333333,926.7752477056106,565.5249598034395,3.099950445126213,1,1,3,0
18.266666666666666,926.4850971141092,565.4286847893437,3.108683346940376,1,1,3,0
18.275,926.331492161886,566.4061886892076,3.1086438210735197,1,1,3,0
18.283333333333335,925.5724184287191,566.8120980199708,3.133997479494929,1,1,3,0
18.291666666666668,925.1557891648295,566.8004083748124,3.130074656758218,1,1,3,0
18.3,926.4358929398795,567.4155831183888,3.1025073210888268,1,1,3,0
18.308333333333334,926.3508512836928,567.0005227470458,3.1604985808634027,1,1,3,0
18.316666666666666,926.3231082657787,566.8523263402134,3.1050162945784177,1,1,3,0
18.325,926.8895132703752,566.794416989832,3.0818825641470715,1,1,3,0
18.333333333333332,926.9082584141404,566.0839692254676,3.106227634491643,1,1,3,0
18.341666666666665,926.5349892592902,567.3445835874384,3.1087323901519164,1,1,3,0
18.35,926.2660497951737,568.1059118457034,3.1177950576469042,1,1,3,0
18.358333333333334,925.4678171934172,568.7488463815131,3.1103715216336707,1,1,3,0
18.366666666666667,926.1184921323764,568.5730422402395,3.0959328114140194,1,1,3,0
18.375,925.8618654900525,568.9199176857544,3.1219907908935585,1,1,3,0
18.383333333333333,926.3360128430583,568.3580187751859,3.1072478619571053,1,1,3,0
18.391666666666666,925.88135702916,568.2289618814559,3.114523107510608,1,1,3,0
18.4,925.3382396973303,568.2785311629984,3.1442005828933652,1,1,3,0
18.408333333333335,924.8116975002292,568.0684238611034,3.132520807613595,1,1,3,0
18.416666666666668,924.3878328999151,568.1134087469702,3.0864501078744464,1,1,3,0
18.425,924.7248640871712,568.6886945839163,3.108812135201897,1,1,3,0
18.433333333333334,924.5039054676307,569.2771343343863,3.1100581481402925,1,1,3,0
18.441666666666666,1292.7220760216005,249.1101801997366,3.1182406366855977,1,1,3,0
18.45,1292.9508831350909,249.6135683001973,3.126419429417665,1,1,3,0
18.458333333333332,925.7247092619455,569.8128085288018,3.1224517363216995,1,1,3,0
18.466666666666665,925.8233571315538,569.753284367604,3.054437395509361,1,1,3,0
18.475,925.9524022305643,569.7590502566171,3.074826535807658,1,1,3,0
18.483333333333334,924.8786064450703,569.757662879501,3.1148916493993526,1,1,3,0
18.491666666666667,924.4305003622446,570.9001095367961,3.1199831513728404,1,1,3,0
18.5,925.7929959619688,570.2542776963738,3.0595913156630274,1,1,3,0
18.508333333333333,925.7264544931007,569.4881124841837,3.0725348244170667,1,1,3,0
18.516666666666666,925.9137221112949,568.034492633299,3.115287300686144,1,1,3,0
18.525,925.8955548363002,568.4077269722687,3.120899932620599,1,1,3,0
18.533333333333335,926.8953847184828,568.1519613442521,3.060993561478905,1,1,3,0
18.541666666666668,927.1988201744839,567.8177466286145,3.1022323211903067,1,1,3,0
18.55,926.8547173798089,567.8933384935751,3.1087529901653044,1,1,3,0
18.558333333333334,927.177760819595,567.0479537798417,3.087333734729208,1,1,3,0
18.566666666666666,926.7939550940009,567.7641213689544,3.0733121596823425,1,1,3,0
18.575,925.6587459986945,568.414606244724,3.0805648326920565,1,1,3,0
18.583333333333332,925.2409692067431,568.1624395420553,3.1070596195241853,1,1,3,0
18.591666666666665,925.6329854710457,567.3474775069249,3.104908450472309,1,1,3,0
18.6,925.5181518250106,567.442622986534,3.1026673301072805,1,1,3,0
18.608333333333334,925.7509186622228,567.600201813764,3.0595625364327748,1,1,3,0
18.616666666666667,926.8856257426916,567.0674722662551,3.07576850250886,1,1,3,0
18.625,925.7220196424007,566.6626506278225,3.1124187385516193,1,1,3,0
18.633333333333333,926.1960361572193,567.0048996899585,3.1085498573886516,1,1,3,0
18.641666666666666,925.6733001583814,566.4439078192497,3.103690567615501,1,1,3,0
18.65,926.4739825759153,566.6706176052335,3.0781908363867547,1,1,3,0
18.658333333333335,926.714894613003,566.1552816680274,3.0988337079274113,1,1,3,0
18.666666666666668,926.9318755651959,566.2646665412161,3.0978648040587364,1,1,3,0
18.675,927.937728787601,565.5394906435329,3.083503881489835,1,1,3,0
18.683333333333334,928.1896307133361,565.6713329055309,3.082186715569524,1,1,3,0
18.691666666666666,928.353742255333,566.181184325252,3.1024472122313784,1,1,3,0
18.7,928.2109939592076,565.8386060790187,3.136033711483592,1,1,3,0
18.708333333333332,928.247644320176,566.4315690752367,3.1293962942461953,1,1,3,0
18.716666666666665,928.118502313041,566.3954718816516,3.1065809339830355,1,1,3,0
18.725,928.2334253909581,565.9407101295864,3.0729484008355064,1,1,3,0
18.733333333333334,928.0589007114756,565.7831445744703,3.108226215726193,1,1,3,0
18.741666666666667,927.405867190631,565.1557194192283,3.127482906378955,1,1,3,0
18.75,927.6021852503793,565.0537780358915,3.073668775803556,1,1,3,0
18.758333333333333,928.24696154991,564.6430315441185,3.0917401008653234,1,1,3,0
18.766666666666666,927.769550333104,564.1097160340016,3.124178670801159,1,1,3,0
18.775,927.8124939174417,563.5735020288754,3.101729725666262,1,1,3,0
18.783333333333335,927.3014718261758,563.5387859215703,3.129175723537977,1,1,3,0
18.791666666666668,926.5005087721208,562.8967475873405,3.0965820572155027,1,1,3,0
18.8,926.7811132677564,563.1262687354263,3.079938939956106,1,1,3,0
18.808333333333334,925.756311872207,562.2758876188973,3.0952386106742082,1,1,3,0
18.816666666666666,926.0582263796235,562.3796048579015,3.0832728115648713,1,1,3,0
18.825,926.0561121881459,562.4780430058893,3.095707578824885,1,1,3,0
18.833333333333332,930.555738712491,847.5638954148014,3.113605275624006,1,1,3,0
18.841666666666665,931.0766266028083,847.6440009089699,3.1332626675749493,1,1,3,0
18.85,926.1625370272332,562.3445561497138,3.0622785345645727,1,1,3,0
18.858333333333334,925.3493955766972,563.1350224155332,3.116267061702787,1,1,3,0
18.866666666666667,925.2584766997644,562.5112837132074,3.106189840693753,1,1,3,0
18.875,930.9791593588265,697.4489069033891,3.1251528840437324,1,1,3,0
18.883333333333333,931.6976880794836,697.6346142411063,3.0791816817451076,1,1,3,0
18.891666666666666,925.4639833538411,563.8163504009076,3.110951233964056,1,1,3,0
18.9,925.7160831761896,564.4404596021641,3.1214260169255037,1,1,3,0
18.908333333333335,925.5064368093543,565.1234877111635,3.082965942278068,1,1,3,0
18.916666666666668,924.7554499147587,564.955068166034,3.1168976718846078,1,1,3,0
18.925,924.9734644989921,564.6680950601917,3.112106886840177,1,1,3,0
18.933333333333334,925.2597995535612,564.4456782849342,3.13216738103796,1,1,3,0
18.941666666666666,925.3697699441011,563.2346693875667,3.1166648695229404,1,1,3,0
18.95,926.2142581950138,563.1041389958375,3.09990698950566,1,1,3,0
18.958333333333332,926.487634745623,563.2136662539266,3.0817803931554537,1,1,3,0
18.966666666666665,925.9863667321043,563.6397064241648,3.076208788294314,1,1,3,0
18.975,926.2241392281278,563.059362663557,3.105573401380623,1,1,3,0
18.983333333333334,926.8766527485636,562.8243817887038,3.148968116444893,1,1,3,0
18.991666666666667,927.1591298254912,562.6800266835114,3.112903745783913,1,1,3,0
19.0,927.103271837248,562.464647155499,3.119772401525181,1,1,3,0
19.008333333333333,926.1452596512302,562.3874161299007,3.1144218519051536,1,1,3,0
19.016666666666666,926.8511812620972,562.6308009881944,3.0874191977761423,1,1,3,0
19.025,926.4929882289194,563.8805354455068,3.1218405278124735,1,1,3,0
19.033333333333335,925.5447605155599,564.8500038686436,3.1104478133353464,1,1,3,0
19.041666666666668,925.4205236116919,564.8364427183914,3.101461843731496,1,1,3,0
19.05,925.3266568548981,563.9764334620704,3.1092649045061886,1,1,3,0
19.058333333333334,924.9447582565911,564.1377023461057,3.0737105174322923,1,1,3,0
19.066666666666666,924.1769863923032,563.7541321827863,3.1289369723197176,1,1,3,0
19.075,923.6042939853519,563.8621253898756,3.0976906094947307,1,1,3,0
19.083333333333332,923.6798696418356,564.7662834960113,3.1035068661166667,1,1,3,0
19.091666666666665,923.8993089248095,565.2222037575232,3.0880700929271456,1,1,3,0
19.1,924.1741603861262,565.6197475970262,3.091418949033302,1,1,3,0
19.108333333333334,924.7849692337426,566.3263984962765,3.0942881339019213,1,1,3,0
19.116666666666667,925.2250004586003,568.3549465916755,3.09190155184038,1,1,3,0
19.125,925.5869651720452,569.0551734197168,3.136758399091651,1,1,3,0
19.133333333333333,926.5170667349827,568.9795756726164,3.123153672278073,1,1,3,0
19.141666666666666,926.1508534544431,569.8018983806043,3.12194379291959,1,1,3,0
19.15,925.9378380832974,569.2636480534168,3.0881266335103534,1,1,3,0
19.158333333333335,925.5759506425876,569.3524193830398,3.1131103643435067,1,1,3,0
19.166666666666668,926.8509691609175,569.2387475590994,3.0882791604193307,1,1,3,0
19.175,926.7052476933213,569.4058142437275,3.088394033981457,1,1,3,0
19.183333333333334,926.699061194678,569.6476893711219,3.0985892461651585,1,1,3,0
19.191666666666666,926.891237754282,569.4259394764098,3.0889187363039716,1,1,3,0
19.2,927.5925560214781,569.1466150910443,3.104619048942542,1,1,3,0
19.208333333333332,927.1777791112357,570.0308458959057,3.0966570251000705,1,1,3,0
19.216666666666665,927.8843786694869,569.5449571104721,3.115363195315729,1,1,3,0
19.225,926.9443577386588,569.9376457494717,3.1330196766985123,1,1,3,0
19.233333333333334,926.6861046576112,570.1909042017941,3.1190186322383995,1,1,3,0
19.241666666666667,926.9211880484505,570.6851853007709,3.1163737815010997,1,1,3,0
19.25,927.194113333278,570.8085119626936,3.1503363034390564,1,1,3,0
19.258333333333333,927.5788348069509,570.6789991565142,3.1101666355954714,1,1,3,0
19.266666666666666,926.4605354403856,570.1898891095785,3.108852163565764,1,1,3,0
19.275,926.7269370622029,571.0580663451293,3.123117880642881,1,1,3,0
19.283333333333335,926.4707543827872,570.8408829388339,3.1429328279932953,1,1,3,0
19.291666666666668,926.9958467635729,571.2464055449117,3.1334427672904153,1,1,3,0
19.3,927.4088973009823,572.2471814534862,3.1431206980352884,1,1,3,0
19.308333333333334,927.5436503944482,572.6599721445906,3.0931184834042686,1,1,3,0
19.316666666666666,927.4142597155821,572.9451716472832,3.099222477762745,1,1,3,0
19.325,927.4961810030168,572.4164020728402,3.1160437900088964,1,1,3,0
19.333333333333332,927.3102201157827,573.0916814605387,3.123556774614243,1,1,3,0
19.341666666666665,926.5333588972354,572.625677672763,3.1579764378843427,1,1,3,0
19.35,926.7165584026541,572.5756812430666,3.0965579787031876,1,1,3,0
19.358333333333334,926.762162893632,572.4879527554879,3.143141066602009,1,1,3,0
19.366666666666667,927.1974280851739,572.1558993322169,3.1180010496329738,1,1,3,0
19.375,927.3682890968973,572.2967733119222,3.1277512206680296,1,1,3,0
19.383333333333333,927.3836477001697,572.6125218267628,3.158904829655444,1,1,3,0
19.391666666666666,926.835097624378,572.7712821417948,3.096738429116529,1,1,3,0
19.4,926.5349147948665,572.9682325525316,3.121369529052907,1,1,3,0
19.408333333333335,926.9035888580704,573.2048693975172,3.157644381078394,1,1,3,0
19.416666666666668,925.5944887700385,572.5455059588286,3.12258684205989,1,1,3,0
19.425,925.2480230615432,572.3307699439252,3.141975598748552,1,1,3,0
19.433333333333334,924.7461771504268,572.318252589314,3.1015665892175854,1,1,3,0
19.441666666666666,924.3534569907556,571.7865965052681,3.1105063676434717,1,1,3,0
19.45,924.2563359977262,571.4373255860329,3.117478646383249,1,1,3,0
19.458333333333332,924.7444759498131,571.2233695938594,3.1082867759597383,1,1,3,0
19.466666666666665,925.14243077571,570.9628957090059,3.15343341297102,1,1,3,0
19.475,925.0858520476995,571.3209249935209,3.171877518331652,1,1,3,0
19.483333333333334,924.6433205830173,571.3768364769888,3.1554488650533488,1,1,3,0
19.491666666666667,924.8651959870454,571.0083467776074,3.1552202814598713,1,1,3,0
19.5,925.0457672504193,570.4746809599416,3.1180124406940517,1,1,3,0
19.508333333333333,925.2068183477252,570.5243624409492,3.1080408074859296,1,1,3,0
19.516666666666666,925.6183878168869,570.4847686714571,3.1711999217126983,1,1,3,0
19.525,925.1979901424958,570.015185504621,3.1421452453230923,1,1,3,0
19.533333333333335,925.185943060431,569.29431594988,3.141014551674694,1,1,3,0
19.541666666666668,925.0444148721427,570.0387605003386,3.16476210858081,1,1,3,0
19.55,925.726646917403,568.899229977922,3.1115182268220796,1,1,3,0
19.558333333333334,925.9953281750891,568.5753874428343,3.1475413795830427,1,1,3,0
19.566666666666666,925.4840517216924,568.8158443421315,3.1225992271407668,1,1,3,0
19.575,925.6220023580365,569.2145249456637,3.1354010789585325,1,1,3,0
19.583333333333332,925.3028793852258,568.8052667366745,3.1330506626978516,1,1,3,0
19.591666666666665,925.6403751556554,568.9679555838962,3.143217403082643,1,1,3,0
19.6,924.827642450732,568.7389190336496,3.1354029487124824,1,1,3,0
19.608333333333334,925.2125630928499,569.320724460973,3.1437704701907694,1,1,3,0
19.616666666666667,924.5735063642867,569.9387717015114,3.1577407501311536,1,1,3,0
19.625,924.5782281896682,570.0263923100365,3.1767761830027164,1,1,3,0
19.633333333333333,924.1928902200533,569.7308433613322,3.126390876817144,1,1,3,0
19.641666666666666,924.4825364639488,569.2615089258047,3.1512537624061308,1,1,3,0
19.65,924.086795957589,570.5339136253758,3.1721128885424696,1,1,3,0
19.658333333333335,924.2193334399941,570.0595714426955,3.1498794073862504,1,1,3,0
19.666666666666668,923.7650452452586,569.6502503571472,3.1604812907472994,1,1,3,0
19.675,924.7172327959192,570.5801229998452,3.172143474940711,1,1,3,0
19.683333333333334,924.0535231730502,571.390091386357,3.192216795299787,1,1,3,0
19.691666666666666,923.8441273189576,571.8394160052181,3.1582634306308446,1,1,3,0
19.7,923.3309325171585,572.2411262350504,3.198698741364963,1,1,3,0
19.708333333333332,922.8629174094522,572.5515925765526,3.1545066921331113,1,1,3,0
19.716666666666665,923.2114775149481,571.9959898239081,3.1860697496705175,1,1,3,0
19.725,923.8688138098249,572.2707042531225,3.179007377176326,1,1,3,0
19.733333333333334,924.6658659422828,571.5770779200978,3.156781294331458,1,1,3,0
19.741666666666667,924.9351640557063,571.4870791546394,3.1629533667701644,1,1,3,0
19.75,923.484340067653,571.4764357440179,3.2038259301031142,1,1,3,0
19.758333333333333,923.604356912679,572.1837350126187,3.159875671038418,1,1,3,0
19.766666666666666,923.8747434349826,571.6085339264904,3.154596373692151,1,1,3,0
19.775,923.1009431473267,571.3959141612746,3.178258791301714,1,1,3,0
19.783333333333335,922.9028973935419,571.1673939003869,3.155483429973928,1,1,3,0
19.791666666666668,922.2311080595616,570.3545903592661,3.1811864620092556,1,1,3,0
19.8,921.8074195225398,570.6648252649388,3.2078073731118026,1,1,3,0
19.808333333333334,921.9343551030439,571.605978777848,3.197013064355627,1,1,3,0
19.816666666666666,922.3411158623029,571.7882154974346,3.1880581093497753,1,1,3,0
19.825,922.8034247443796,572.2413701016762,3.1909116103769377,1,1,3,0
19.833333333333332,922.2534344587378,572.2180524434564,3.198785729288131,1,1,3,0
19.841666666666665,921.644004909983,572.5003465646719,3.1912515498247167,1,1,3,0
19.85,921.3522406948355,571.8985814226842,3.1329307972396845,1,1,3,0
19.858333333333334,920.6768788794969,572.851410072631,3.1824466352130116,1,1,3,0
19.866666666666667,920.64359262813,573.1133531029909,3.1720780786026577,1,1,3,0
19.875,920.5860112205586,572.5868778905149,3.1608927476834845,1,1,3,0
19.883333333333333,921.3025213525717,572.5106080655092,3.171516551934204,1,1,3,0
19.891666666666666,921.4670436197109,572.9609606673446,3.173074048676194,1,1,3,0
19.9,921.0297084021007,573.5571781412044,3.1883052262550855,1,1,3,0
19.908333333333335,920.3334546456771,573.407367222075,3.1982478875947074,1,1,3,0
19.916666666666668,920.3582502167084,573.7213716923786,3.2105158084206544,1,1,3,0
19.925,919.9207995747281,573.7445804430863,3.194151800421357,1,1,3,0
19.933333333333334,920.0154561443958,572.9942766833437,3.2092641986123245,1,1,3,0
19.941666666666666,919.6884267637663,572.6920809858365,3.1802039344498803,1,1,3,0
19.95,919.8856157223238,572.6627802550998,3.163466431613348,1,1,3,0
19.958333333333332,920.2328178667974,573.0764983340434,3.1667835365806916,1,1,3,0
19.966666666666665,920.043598592441,573.0147249533346,3.191982628677136,1,1,3,0
19.975,918.742403763079,573.2541154223829,3.223674404807242,1,1,3,0
19.983333333333334,918.9077883448996,573.2412195175083,3.1596882652860283,1,1,3,0
19.991666666666667,919.3914853748688,572.5148810954569,3.210985808165765,1,1,3,0
20.0,919.601265986644,573.2716283873681,3.2138421901638723,1,1,3,0
20.008333333333333,919.8137462713186,573.478318673645,3.1810895474995857,1,1,3,0
20.016666666666666,918.5086211873513,574.1112950934755,3.187619174943934,1,1,3,0
20.025,918.787108121206,574.4252965555146,3.242529806800236,1,1,3,0
20.033333333333335,918.7598571833654,573.7354350099841,3.222237746445719,1,1,3,0
20.041666666666668,919.3833025454975,573.6712724182429,3.1998305426789515,1,1,3,0
20.05,919.0585755500373,573.6457694623637,3.2096210363830457,1,1,3,0
20.058333333333334,919.4050366837139,573.7768436816783,3.2311145993377965,1,1,3,0
20.066666666666666,919.2829724488739,573.8425099744518,3.2192376765198105,1,1,3,0
20.075,919.4833226822402,573.5229568515929,3.2084347674778493,1,1,3,0
20.083333333333332,918.838054459759,573.1767069372911,3.1923746014470904,1,1,3,0
20.091666666666665,918.7021778198772,573.7942593580086,3.191942806306544,1,1,3,0
20.1,918.9464154156038,573.4247736640907,3.2357883509729546,1,1,3,0
20.108333333333334,918.9738460231399,573.6316411226813,3.2300096097368773,1,1,3,0
20.116666666666667,918.4669664218757,574.0119552225863,3.2274231160365967,1,1,3,0
20.125,918.0806015987679,573.4221765068094,3.200833382679229,1,1,3,0
20.133333333333333,918.7775545529715,573.3742336028386,3.192570350930519,1,1,3,0
20.141666666666666,918.7937173330417,573.9244658801442,3.2300181750282064,1,1,3,0
20.15,919.2509366230703,573.5051161455835,3.2130407463407185,1,1,3,0
20.158333333333335,918.0932761970956,573.4285476182993,3.197446157294702,1,1,3,0
20.166666666666668,918.0715714814155,573.1424445894555,3.209084335135584,1,1,3,0
20.175,917.2963452938596,572.5745411610663,3.2309412202361223,1,1,3,0
20.183333333333334,917.2043799668343,572.8933205895142,3.2481019327287224,1,1,3,0
20.191666666666666,917.4518903669576,572.3225310785093,3.204715437090813,1,1,3,0
20.2,916.7185436496359,571.5613809723127,3.222925045209927,1,1,3,0
20.208333333333332,916.7940857230152,572.2208090555073,3.201707907016716,1,1,3,0
20.216666666666665,916.9962222002845,571.8910755266867,3.2772977097431104,1,1,3,0
20.225,918.1134584978284,572.3513593469715,3.2593367107169584,1,1,3,0
20.233333333333334,917.8568912398023,571.3320334355643,3.2183394793944937,1,1,3,0
20.241666666666667,918.4996130435574,572.1558223274126,3.2483483279288996,1,1,3,0
20.25,917.9616796650831,573.0898083351213,3.2142778725423895,1,1,3,0
20.258333333333333,917.4789097982374,573.3783150563903,3.2424269237834222,1,1,3,0
20.266666666666666,917.3412617980051,572.9310219331163,3.2115372948403245,1,1,3,0
20.275,917.4955478342296,572.2230527215402,3.2287284763832247,1,1,3,0
20.283333333333335,918.6920792596087,571.9194417043706,3.2580436308112053,1,1,3,0
20.291666666666668,918.3954726321888,572.2676082254463,3.2678690799540706,1,1,3,0
20.3,918.6279923546174,572.0643602667596,3.2297541869911366,1,1,3,0
20.308333333333334,918.8141805423865,572.4750579111897,3.2476848734451735,1,1,3,0
20.316666666666666,919.6963019718999,572.7454524562114,3.214271420959503,1,1,3,0
20.325,919.2442943487736,572.3881067226106,3.243407802581115,1,1,3,0
20.333333333333332,918.3606146579733,572.3986147959607,3.244215859230302,1,1,3,0
20.341666666666665,918.1307088091322,571.9905533182815,3.2230653899473647,1,1,3,0
20.35,917.9910732725192,572.4498530212066,3.2393046337241223,1,1,3,0
20.358333333333334,917.3950472017318,572.6269366483505,3.227090930745634,1,1,3,0
20.366666666666667,916.7509537219664,572.3024046917175,3.216151101954374,1,1,3,0
20.375,916.660930058942,572.8476172753828,3.2724629821015645,1,1,3,0
20.383333333333333,916.301875266107,572.4824447416319,3.202302544265537,1,1,3,0
20.391666666666666,916.275690423515,573.1167630178312,3.2202596338774114,1,1,3,0
20.4,916.0177842490314,572.9250085486814,3.234877264317245,1,1,3,0
20.408333333333335,917.052097183785,573.0067203295278,3.249080803733134,1,1,3,0
20.416666666666668,917.0128115357228,572.865572475604,3.2819743498361826,1,1,3,0
20.425,916.9379794617926,572.0725008264094,3.2072016628285507,1,1,3,0
20.433333333333334,917.7105901745701,571.4926997913818,3.2551583382691747,1,1,3,0
20.441666666666666,917.3133065629643,570.9647002111299,3.236050913748434,1,1,3,0
20.45,917.2271631261153,571.5552416577281,3.265167823924474,1,1,3,0
20.458333333333332,917.5728745618126,571.1704255974385,3.2213687012381262,1,1,3,0
20.466666666666665,918.1440188216362,570.8069946360727,3.2572296788110884,1,1,3,0
20.475,917.9732417920627,571.4243345434053,3.2539548283712407,1,1,3,0
20.483333333333334,918.721040767565,571.9613316857676,3.28316201310414,1,1,3,0
20.491666666666667,918.9508213716052,571.0418253180329,3.2704343747187257,1,1,3,0
20.5,918.4744620167112,571.2357211400597,3.26766663609516,1,1,3,0
20.508333333333333,918.6257922044962,570.9090758975299,3.2873256552799988,1,1,3,0
20.516666666666666,918.2219120064035,570.5183478613937,3.3005748276456335,1,1,3,0
20.525,917.9271977875713,570.6132054602276,3.292650310780608,1,1,3,0
20.533333333333335,918.5047122766463,570.2465260000826,3.290655866450627,1,1,3,0
20.541666666666668,918.3271280148323,570.090153974489,3.2698190859491585,1,1,3,0
20.55,917.7014700382981,569.456559409722,3.2631308345189307,1,1,3,0
20.558333333333334,916.8336785780085,569.4405090343596,3.304704597944421,1,1,3,0
20.566666666666666,917.566590218895,569.9529511442709,3.263350645491759,1,1,3,0
20.575,917.4510798381693,570.1101922052968,3.296774071241676,1,1,3,0
20.583333333333332,916.949948214022,569.2017317076551,3.2981217038492314,1,1,3,0
20.591666666666665,916.8268197446973,569.6375629801053,3.2594995229975705,1,1,3,0
20.6,916.3761892001338,569.7140001498374,3.3019753506389193,1,1,3,0
20.608333333333334,914.9839560465362,569.1716216742718,3.3005655670598144,1,1,3,0
20.616666666666667,914.4733775382704,569.2271628689099,3.316385179769672,1,1,3,0
20.625,914.4672663539317,569.3534637401048,3.2950779796072105,1,1,3,0
20.633333333333333,914.4573383322306,569.5437195086154,3.288131001263893,1,1,3,0
20.641666666666666,914.5832586939731,569.4491822244162,3.3231583641241915,1,1,3,0
20.65,915.254308319303,569.302953803723,3.26673265295536,1,1,3,0
20.658333333333335,915.0588441690913,569.156899398834,3.3173395179247236,1,1,3,0
20.666666666666668,914.3913719070929,569.1115992840757,3.3118536205485514,1,1,3,0
20.675,914.1756550615098,569.6472603222034,3.296517392773975,1,1,3,0
20.683333333333334,913.8072512461617,569.510105298035,3.3111107665787,1,1,3,0
20.691666666666666,914.2139804937432,569.5567781517626,3.292551672608675,1,1,3,0
20.7,913.6543944078984,569.3306008859465,3.310235313111779,1,1,3,0
20.708333333333332,914.4953183022926,569.7850895400135,3.345807269697841,1,1,3,0
20.716666666666665,915.0215704836722,569.7783838296701,3.315661783684335,1,1,3,0
20.725,915.582209225402,570.2860061745782,3.317425744809493,1,1,3,0
20.733333333333334,915.3369295457761,569.9650167723017,3.321657043334183,1,1,3,0
20.741666666666667,914.8554553818343,569.2230106971914,3.3293149702833635,1,1,3,0
20.75,914.3730907619133,569.3285539340538,3.345670856291069,1,1,3,0
20.758333333333333,914.437623883673,569.4966065524557,3.296060635807928,1,1,3,0
20.766666666666666,914.0736059807533,570.0531803305732,3.3155467865156996,1,1,3,0
20.775,914.2765099596369,570.3896973059985,3.3428230527398486,1,1,3,0
20.783333333333335,913.8973618294198,570.0513266447971,3.2765758779014202,1,1,3,0
20.791666666666668,913.9235317730163,570.4024121057328,3.3642828336491206,1,1,3,0
20.8,914.0292578365599,568.7424399030626,3.3331734716808326,1,1,3,0
20.808333333333334,914.0352732277875,568.4803346916242,3.3260441554112825,1,1,3,0
20.816666666666666,914.8453726159895,568.656090208368,3.279448088448218,1,1,3,0
20.825,914.6967600208459,567.9641507468351,3.3531940613735167,1,1,3,0
20.833333333333332,913.492041245971,567.2266503737402,3.3360924715089655,1,1,3,0
20.841666666666665,913.9258780738155,567.0187421007699,3.29555849485374,1,1,3,0
20.85,913.6246146267954,567.1853419026696,3.303962865271616,1,1,3,0
20.858333333333334,913.7837148577029,567.0740145216344,3.3323911711456504,1,1,3,0
20.866666666666667,914.2817092138232,566.7671079731043,3.3565517522005988,1,1,3,0
20.875,914.0092029035304,567.2601881169111,3.3606469607374407,1,1,3,0
20.883333333333333,914.226654202384,567.3010265536672,3.292947171256338,1,1,3,0
20.891666666666666,914.6583661280214,566.8535873255105,3.2701921025553182,1,1,3,0
20.9,914.8926898049676,567.911934643278,3.3037062038744054,1,1,3,0
20.908333333333335,915.8464205402819,568.3216319069891,3.3079335124016738,1,1,3,0
20.916666666666668,915.94356998047,569.5229752383349,3.3057407725040164,1,1,3,0
20.925,915.6803798510263,569.712936423003,3.274385495935512,1,1,3,0
20.933333333333334,916.5294821995918,568.8107935281879,3.300200632800562,1,1,3,0
20.941666666666666,916.660506644843,568.8285432650688,3.3257229325914133,1,1,3,0
20.95,916.3664598281317,567.8955068917716,3.285982496717414,1,1,3,0
20.958333333333332,916.443328305676,567.360341865869,3.276300154873741,1,1,3,0
20.966666666666665,915.9198803906454,567.0272349078482,3.2885302350930177,1,1,3,0
20.975,915.4066910537648,567.4648211270212,3.311264765071823,1,1,3,0
20.983333333333334,914.8831152010234,567.5035898119722,3.3259449627946087,1,1,3,0
20.991666666666667,914.8001911615918,568.2379962893968,3.296797561200326,1,1,3,0
21.0,914.9473118721676,568.7317301852449,3.328115415501546,1,1,3,0
21.008333333333333,915.1593039752166,568.1830213689102,3.297520473060793,1,1,3,0
21.016666666666666,915.1861405267882,568.3785829091612,3.2773853728399875,1,1,3,0
21.025,915.8210307912699,568.2218294654697,3.3103529689266513,1,1,3,0
21.033333333333335,915.9687314638772,568.1243090257065,3.2875868414860374,1,1,3,0
21.041666666666668,916.8571374183108,568.5999752602197,3.327826955260069,1,1,3,0
21.05,916.5404318598557,568.6230882096456,3.2894549413648817,1,1,3,0
21.058333333333334,916.435619799511,568.1510909763031,3.3007544716023283,1,1,3,0
21.066666666666666,916.6468202037767,567.6121953339506,3.286211021562103,1,1,3,0
21.075,916.1774732841074,567.9842204133612,3.2922764757504033,1,1,3,0
21.083333333333332,916.2385202320344,568.775650561729,3.3005488168481523,1,1,3,0
21.091666666666665,916.6127606941254,568.449682152883,3.3279395615473257,1,1,3,0
21.1,779.2261402844638,510.64917223201286,3.296205310934416,1,1,3,0
21.108333333333334,779.5077087815066,510.91490802500056,3.3250257438169637,1,1,3,0
21.116666666666667,916.2003117104297,568.8574863144095,3.290621040120671,1,1,3,0
21.125,916.0626009558293,569.2473493443931,3.3280914317756003,1,1,3,0
21.133333333333333,915.6424474797249,568.894735060004,3.2653752445664304,1,1,3,0
21.141666666666666,916.3942301709588,568.646216957935,3.320984343688735,1,1,3,0
21.15,916.5409181521211,568.6755370727689,3.321842726049722,1,1,3,0
21.158333333333335,917.7813081151387,568.0589214634323,3.2895813675062486,1,1,3,0
21.166666666666668,917.6731275287176,568.2386867995345,3.3127483759067506,1,1,3,0
21.175,918.2579963735656,568.5362734740435,3.363107925659337,1,1,3,0
21.183333333333334,918.1527531255589,568.4178346876002,3.283017434287371,1,1,3,0
21.191666666666666,918.8843174503363,568.2971790207808,3.314980455609683,1,1,3,0
21.2,918.6707082010262,568.4153308410713,3.3160077214551524,1,1,3,0
21.208333333333332,918.1471236855172,568.1188286162846,3.2963420714429126,1,1,3,0
21.216666666666665,918.6056642808512,568.271027523638,3.284930504017773,1,1,3,0
21.225,918.7876957817845,567.1971361542445,3.2726602462130567,1,1,3,0
21.233333333333334,918.6995640804229,567.0606971395498,3.3242737736644963,1,1,3,0
21.241666666666667,919.2434335275882,566.5502821705311,3.32906673338077,1,1,3,0
21.25,918.2951283347832,566.0958885188685,3.2964052122804244,1,1,3,0
21.258333333333333,918.2464981628506,565.9674703208826,3.355804920194863,1,1,3,0
21.266666666666666,918.102338754033,565.3420070158911,3.265350699184825,1,1,3,0
21.275,917.7207658440476,565.529631499542,3.266809693201183,1,1,3,0
21.283333333333335,919.3982134738723,565.2685615874328,3.287082517633818,1,1,3,0
21.291666666666668,919.3916947089862,564.9451810384877,3.297209016113513,1,1,3,0
21.3,918.7468335044798,565.1693851312621,3.283574633111955,1,1,3,0
21.308333333333334,918.462723104079,565.1206345118288,3.2784036636055136,1,1,3,0
21.316666666666666,918.9453045581378,565.5153380761041,3.295684308079957,1,1,3,0
21.325,918.7592571699871,566.1086014831717,3.32264735575458,1,1,3,0
21.333333333333332,919.5445243991288,566.5670468218354,3.3377605057112048,1,1,3,0
21.341666666666665,919.2812885660207,567.1992043560857,3.3356335938093236,1,1,3,0
21.35,919.6082254997369,566.8713284154801,3.3147038072116257,1,1,3,0
21.358333333333334,919.6624800676368,566.8026382387789,3.314219229889225,1,1,3,0
21.366666666666667,919.2570822448548,565.9726756017317,3.271372491824096,1,1,3,0
21.375,919.0225657679865,566.4655585377999,3.3285057928999935,1,1,3,0
21.383333333333333,919.2075054502288,566.7100340758998,3.269615877642106,1,1,3,0
21.391666666666666,919.5738763361718,566.6765837561796,3.306497728811355,1,1,3,0
21.4,920.5394659112561,567.1035253895244,3.3366997709229334,1,1,3,0
21.408333333333335,920.7803167043597,567.2674159929131,3.2777065016551394,1,1,3,0
21.416666666666668,920.8756792096028,566.8425729489256,3.2987808987799463,1,1,3,0
21.425,920.9375139483795,566.9733509796075,3.323200862153222,1,1,3,0
21.433333333333334,920.880538700184,567.1053255958888,3.2964386815411038,1,1,3,0
21.441666666666666,921.0644186450359,566.7955362210317,3.307319305710839,1,1,3,0
21.45,920.9827655571212,567.8842548480893,3.3125104981136952,1,1,3,0
21.458333333333332,921.062237788613,567.0095623218006,3.2652753933022307,1,1,3,0
21.466666666666665,921.3083730717954,566.1993133683135,3.2895856088171964,1,1,3,0
21.475,921.7506338223283,566.4838835222133,3.3363794300818133,1,1,3,0
21.483333333333334,921.3755727439119,566.8537390724894,3.2921995819985965,1,1,3,0
21.491666666666667,921.4210858472795,567.6535632371138,3.286072353871418,1,1,3,0
21.5,921.9422795875427,567.487581509468,3.3065225887089364,1,1,3,0
21.508333333333333,921.9546171616413,567.6069927174373,3.2781764749807647,1,1,3,0
21.516666666666666,920.9223305229273,567.8438946633827,3.283513576709183,1,1,3,0
21.525,921.2816820462424,567.5038181336458,3.294788030339472,1,1,3,0
21.533333333333335,921.1635904069803,566.8295398402538,3.2690281229498184,1,1,3,0
21.541666666666668,921.5200503281886,566.7193434336999,3.3205790110551208,1,1,3,0
21.55,920.9659162183376,566.6079231612312,3.2763789999354382,1,1,3,0
21.558333333333334,920.9427713623473,565.8698828595172,3.305374978080238,1,1,3,0
21.566666666666666,921.630791994158,566.5458822232134,3.3111977360919553,1,1,3,0
21.575,921.0153629630548,565.7987923699712,3.2981234369175803,1,1,3,0
21.583333333333332,921.5034982021596,565.3151829318932,3.2815935741474433,1,1,3,0
21.591666666666665,921.3326799366051,565.36938546639,3.277620402064752,1,1,3,0
21.6,921.0529740390115,565.2784294172707,3.2667535617848737,1,1,3,0
21.608333333333334,920.6246670214663,565.5731394329163,3.2984375132045067,1,1,3,0
21.616666666666667,920.4559603671659,565.7586599039312,3.2838192531492063,1,1,3,0
21.625,920.5958064320017,566.0085594778626,3.303720490927745,1,1,3,0
21.633333333333333,920.7302175823223,566.5988488560714,3.278739633776318,1,1,3,0
21.641666666666666,920.9023268588646,566.3413461525953,3.3044580782300486,1,1,3,0
21.65,920.7095296116646,566.4557976439982,3.284481294643049,1,1,3,0
21.658333333333335,920.5237297702826,566.5223370142295,3.2499470092140785,1,1,3,0
21.666666666666668,920.2683667460055,565.8819843797644,3.250367531148338,1,1,3,0
21.675,920.1735022720134,565.3838334062458,3.2843067942745363,1,1,3,0
21.683333333333334,920.1694263390268,565.663226126767,3.28303364597077,1,1,3,0
21.691666666666666,920.1849719830768,565.4752861390699,3.3032904600171484,1,1,3,0
21.7,920.604893516294,565.2375606107893,3.2744014431381263,1,1,3,0
21.708333333333332,921.2001798298871,565.2538931488573,3.2566709473819824,1,1,3,0
21.716666666666665,921.2335981118501,565.5483085719646,3.274471943465764,1,1,3,0
21.725,921.1508083093426,566.3306130359662,3.2845597413883834,1,1,3,0
21.733333333333334,921.6380613767765,566.8440302829247,3.2847111024245015,1,1,3,0
21.741666666666667,921.3830278858418,567.3227286187421,3.233309226607183,1,1,3,0
21.75,921.9704497267034,567.027211654915,3.2845069923850407,1,1,3,0
21.758333333333333,921.2796123216236,566.608806133528,3.3002435730194204,1,1,3,0
21.766666666666666,920.8268276145151,566.6429060164032,3.2568316401959407,1,1,3,0
21.775,920.5660170446536,566.3028827711279,3.301376976753423,1,1,3,0
21.783333333333335,920.6304993750177,566.3109362382717,3.314634642667323,1,1,3,0
21.791666666666668,920.333583002387,566.1862675498837,3.2696000196171555,1,1,3,0
21.8,921.0928292462115,566.5183072190683,3.261248188796907,1,1,3,0
21.808333333333334,921.4580392529227,566.6030212403875,3.2834747635005255,1,1,3,0
21.816666666666666,920.8785860736789,567.7310455593324,3.2751482728549557,1,1,3,0
21.825,920.8914540886186,567.6458884057744,3.275501593352985,1,1,3,0
21.833333333333332,921.5989834946581,568.1061635718652,3.297275142481679,1,1,3,0
21.841666666666665,921.2578310888322,567.2056913124637,3.2872246487604873,1,1,3,0
21.85,921.1315725214818,567.3373230434543,3.27422740010061,1,1,3,0
21.858333333333334,921.5728733319407,567.887664084719,3.278623145105166,1,1,3,0
21.866666666666667,922.4668709580785,567.7346545258724,3.257428385268877,1,1,3,0
21.875,922.0178960554645,567.7919071322658,3.2489580404556873,1,1,3,0
21.883333333333333,922.3567713785253,568.0701313545327,3.184501942231627,1,1,3,0
21.891666666666666,922.2512197032563,567.3598821593994,3.255842778030943,1,1,3,0
21.9,922.9422915021546,566.5567443363943,3.272485836830354,1,1,3,0
21.908333333333335,922.9408640092474,566.7614738299858,3.3034940216840862,1,1,3,0
21.916666666666668,922.3646397965538,567.1726371804205,3.277163560344947,1,1,3,0
21.925,922.3649017160592,566.7064138499209,3.260448675489998,1,1,3,0
21.933333333333334,922.9305272572622,567.077654597222,3.281037630262291,1,1,3,0
21.941666666666666,924.2791983872545,566.9431503235625,3.2973862807185776,1,1,3,0
21.95,923.950882720548,566.5828224766899,3.2562270469642844,1,1,3,0
21.958333333333332,924.6873028098341,567.4490274194113,3.226131273448774,1,1,3,0
21.966666666666665,924.5433337279287,566.6056285370277,3.248420995489078,1,1,3,0
21.975,924.1980172724482,566.8649876852842,3.262392647190299,1,1,3,0
21.983333333333334,923.51530084307,567.5794828501317,3.2631337448605207,1,1,3,0
21.991666666666667,923.780722876257,568.256316792582,3.2352333627453205,1,1,3,0
22.0,924.2970174496767,567.6697746188746,3.2810620622053053,1,1,3,0
22.008333333333333,924.0930986907449,567.7280450937807,3.27163056916334,1,1,3,0
22.016666666666666,923.9291861805876,568.1188274439346,3.2346294636595285,1,1,3,0
22.025,924.5914897149217,568.7083668221462,3.276201284505438,1,1,3,0
22.033333333333335,924.314654560929,568.1559528280565,3.2708333578845044,1,1,3,0
22.041666666666668,923.4745176949525,568.0107153855049,3.265283906223692,1,1,3,0
22.05,923.7116961742066,568.7629230785843,3.2412365019364473,1,1,3,0
22.058333333333334,924.2051347629186,568.4598986975853,3.2498392901647124,1,1,3,0
22.066666666666666,923.6430737182316,569.1831890060533,3.2696593049678495,1,1,3,0
22.075,922.9451935407669,568.7334640200555,3.2728314767540856,1,1,3,0
22.083333333333332,922.8264170511391,567.6477672650266,3.2722715836067113,1,1,3,0
22.091666666666665,923.0169532320326,567.7332912661433,3.2382613586762745,1,1,3,0
22.1,922.9049617518817,568.1138228707896,3.244576583572037,1,1,3,0
22.108333333333334,923.2125863499253,567.6724348562973,3.2711901027968415,1,1,3,0
22.116666666666667,924.3007904294384,567.7744408381653,3.2376079181560375,1,1,3,0
22.125,924.4467907853697,567.6601437266035,3.254758067093739,1,1,3,0
22.133333333333333,924.5324872308319,566.8238420151275,3.2434511297694164,1,1,3,0
22.141666666666666,923.95354088105,566.9795295949136,3.246139239746704,1,1,3,0
22.15,924.1059505246234,567.4668367971004,3.2377959197311315,1,1,3,0
22.158333333333335,924.0975886668554,567.640554454373,3.2517831932865233,1,1,3,0
22.166666666666668,924.3534945152878,566.6832405315242,3.237634919383383,1,1,3,0
22.175,924.7867199273577,566.526529624554,3.233800532324198,1,1,3,0
22.183333333333334,925.6873778050734,566.1652328827054,3.263815671596668,1,1,3,0
22.191666666666666,925.6086621429442,565.8636418036822,3.2348240683894613,1,1,3,0
22.2,925.4833114472954,566.5206830608998,3.2057405091429088,1,1,3,0
22.208333333333332,925.4668669337105,566.4206900813282,3.2148110663399603,1,1,3,0
22.216666666666665,925.6018620227719,566.6751104161842,3.2656046033256607,1,1,3,0
22.225,925.0242448912192,566.4560302529859,3.231328546478274,1,1,3,0
22.233333333333334,925.8256102420555,566.2796109850259,3.220456413351133,1,1,3,0
22.241666666666667,926.3430957548891,566.7530793640534,3.2625330921961053,1,1,3,0
22.25,926.661317645749,567.0262317264832,3.197203488380893,1,1,3,0
22.258333333333333,926.5475443651089,567.519074229119,3.213300629112595,1,1,3,0
22.266666666666666,926.4182411794743,567.4420490415224,3.2292603432565774,1,1,3,0
22.275,925.7727090996378,566.931263119754,3.2749248327140696,1,1,3,0
22.283333333333335,925.2527704173076,566.4157716178048,3.2255138283171685,1,1,3,0
22.291666666666668,924.8830166358543,565.9622925228956,3.2370883197894216,1,1,3,0
22.3,924.49165301431,567.5699552427118,3.211218665468608,1,1,3,0
22.308333333333334,925.1788110054453,567.689033281494,3.216866368392172,1,1,3,0
22.316666666666666,925.0033540342398,567.3324020902531,3.2166220280599553,1,1,3,0
22.325,924.2381425398777,567.6900709673612,3.2292788779584347,1,1,3,0
22.333333333333332,924.2971403672091,567.8012023317907,3.231389623938386,1,1,3,0
22.341666666666665,924.1623069534562,566.7960675335617,3.234106179185901,1,1,3,0
22.35,924.1109605564841,566.6714820876981,3.2153072917550203,1,1,3,0
22.358333333333334,923.8823122716186,566.4731897396294,3.226250902946363,1,1,3,0
22.366666666666667,924.2088739688562,567.1566828009702,3.2188592833732645,1,1,3,0
22.375,924.2966902781772,567.1928862460967,3.218570139711793,1,1,3,0
22.383333333333333,924.3795494545035,567.6389081945349,3.2027903651587013,1,1,3,0
22.391666666666666,925.1900797566344,568.2581122699523,3.193364308651071,1,1,3,0
22.4,925.3024912369768,568.5234958964445,3.1997604843315406,1,1,3,0
22.408333333333335,925.0670675234795,568.5853563890868,3.187991597136503,1,1,3,0
22.416666666666668,925.2298364903099,569.0051160323378,3.2212445774030343,1,1,3,0
22.425,925.5492277175542,568.9134278148296,3.2209299126216084,1,1,3,0
22.433333333333334,925.7949668181396,569.2668602119278,3.21235785726964,1,1,3,0
22.441666666666666,926.3472082885136,568.3694805015728,3.205653016128531,1,1,3,0
22.45,926.3920252052856,567.7539461162522,3.237183145790948,1,1,3,0
22.458333333333332,925.3360312957482,567.0283285318517,3.205444080832324,1,1,3,0
22.466666666666665,926.157620633331,566.5609293489731,3.2016690343652563,1,1,3,0
22.475,926.6527492211727,566.5190757355307,3.2305253566230094,1,1,3,0
22.483333333333334,925.6811066710608,567.6301935171033,3.1993962606330597,1,1,3,0
22.491666666666667,924.9897172145118,566.7413315217942,3.1927924505438745,1,1,3,0
22.5,924.7360557120319,566.9819497872227,3.169529568011847,1,1,3,0
22.508333333333333,924.7582715298236,566.763202721477,3.1931794218680354,1,1,3,0
22.516666666666666,926.1979755723848,568.018085532298,3.196908704107679,1,1,3,0
22.525,925.9036778208391,568.0476344879768,3.1281245542412073,1,1,3,0
22.533333333333335,925.588213010695,567.4339292860723,3.2383114263879644,1,1,3,0
22.541666666666668,925.7231045690861,566.5005459930417,3.218989739227489,1,1,3,0
22.55,926.2529908002518,566.2993661956328,3.2000061331889462,1,1,3,0
22.558333333333334,926.2675886406737,566.5946085675243,3.199327300794399,1,1,3,0
22.566666666666666,926.9001259258465,566.3619989394834,3.2086840848773264,1,1,3,0
22.575,927.4426316361378,566.7908654565649,3.2001802107213106,1,1,3,0
22.583333333333332,926.8816715824298,566.3724036392878,3.184708802420003,1,1,3,0
22.591666666666665,926.0533048097817,566.1316636164727,3.1847914238189023,1,1,3,0
22.6,925.867288930189,565.3418307959787,3.1807769972878157,1,1,3,0
22.608333333333334,925.1311000637379,564.8349666955696,3.191911934950745,1,1,3,0
22.616666666666667,925.8306488369999,564.4863594262874,3.1883382176469945,1,1,3,0
22.625,924.9863646362121,564.7876605979727,3.158494811860048,1,1,3,0
22.633333333333333,925.1095490700221,564.5969023028512,3.1588316031529926,1,1,3,0
22.641666666666666,924.8869714724141,564.0772586859439,3.1700781166091585,1,1,3,0
22.65,924.9108072791879,563.9825221302666,3.1694674686829933,1,1,3,0
22.658333333333335,924.1209518352324,563.7308310149306,3.1614744059641344,1,1,3,0
22.666666666666668,923.8294183065179,563.784015255467,3.178654274005271,1,1,3,0
22.675,924.2032815895346,564.5740258655214,3.180248253811779,1,1,3,0
22.683333333333334,923.519930909658,564.4033429004791,3.185498794841021,1,1,3,0
22.691666666666666,923.3876555268192,565.0608570393869,3.1823385324365576,1,1,3,0
22.7,923.0059132266878,564.6014013569393,3.18677231201747,1,1,3,0
22.708333333333332,922.7123303260074,564.3038607672601,3.2030899456524073,1,1,3,0
22.716666666666665,922.9416954982802,564.0882433618749,3.144953646009566,1,1,3,0
22.725,923.24784762865,563.406462873965,3.160891331811502,1,1,3,0
22.733333333333334,922.4473999079537,563.5045644902036,3.170142791696775,1,1,3,0
22.741666666666667,922.7932028114997,562.9490590420512,3.1999169068925686,1,1,3,0
22.75,922.9595240137052,562.6283522913707,3.187693028132243,1,1,3,0
22.758333333333333,922.6171673980577,563.3210329803818,3.17241715634953,1,1,3,0
22.766666666666666,922.4755990717128,563.6128658072038,3.1776782981208873,1,1,3,0
22.775,922.6060093976703,563.9584193564571,3.1349136702961946,1,1,3,0
22.783333333333335,922.4019676825161,563.3818937555382,3.174270834271079,1,1,3,0
22.791666666666668,922.7429479765963,563.6578644416466,3.1483085281734393,1,1,3,0
22.8,922.4433169000312,564.5420036528889,3.1582749001770267,1,1,3,0
22.808333333333334,923.0676009602727,564.0586253374357,3.170524757248953,1,1,3,0
22.816666666666666,923.1204451004924,564.4382602650777,3.141986071488135,1,1,3,0
22.825,857.3618513263565,386.8685674092562,3.1568878837722067,1,1,3,0
22.833333333333332,856.9926078974758,385.84910291738714,3.1802614740772723,1,1,3,0
22.841666666666665,922.9355583214382,563.8198127817361,3.1284521493438953,1,1,3,0
22.85,923.5889580717103,563.8189895588879,3.196831841465702,1,1,3,0
22.858333333333334,923.5641971914101,564.1024886136132,3.145177830656975,1,1,3,0
22.866666666666667,923.070883752652,564.751935570858,3.169886510150326,1,1,3,0
22.875,922.7606694620272,565.5402715498371,3.1231162686938623,1,1,3,0
22.883333333333333,922.726459122027,566.4686153115389,3.1530170204598345,1,1,3,0
22.891666666666666,923.0092931320072,566.365310482507,3.1475345553751146,1,1,3,0
22.9,922.1511014157941,565.5668310861976,3.1294113513363575,1,1,3,0
22.908333333333335,922.069278587187,565.604161921954,3.138134397630569,1,1,3,0
22.916666666666668,921.2145610401363,564.9109622782046,3.1747271541592292,1,1,3,0
22.925,921.6436616941525,565.0603302371386,3.1650649933874937,1,1,3,0
22.933333333333334,921.5889859698344,565.873477655166,3.1399411493067206,1,1,3,0
22.941666666666666,921.8052855790057,565.4933086568111,3.1519343328968623,1,1,3,0
22.95,922.6469955876032,566.2270114394532,3.125671741156762,1,1,3,0
22.958333333333332,922.22514157759,566.532179130727,3.139650180228929,1,1,3,0
22.966666666666665,921.8652096867173,566.8048981407687,3.1292999943681146,1,1,3,0
22.975,994.1994164625048,512.4448506121356,3.101363056596541,1,1,3,0
22.983333333333334,993.3535151334779,512.5688854368562,3.15948389503876,1,1,3,0
22.991666666666667,920.706533816241,565.812496852668,3.126104491839402,1,1,3,0
23.0,920.5998572900219,566.4809105324186,3.152362567472596,1,1,3,0
23.008333333333333,920.65327841765,566.74143708537,3.1259930677289867,1,1,3,0
23.016666666666666,921.6944150517722,567.048134310754,3.1389534749137713,1,1,3,0
23.025,922.4763601047435,567.7879213151388,3.13762226948972,1,1,3,0
23.033333333333335,922.3810599197291,567.2383119591294,3.144094115506443,1,1,3,0
23.041666666666668,922.5863259603781,567.2217440387506,3.1594728468687188,1,1,3,0
23.05,922.3242434871329,567.0742144770344,3.1494197237301074,1,1,3,0
23.058333333333334,922.7489312484577,567.0808213639643,3.163227546116291,1,1,3,0
23.066666666666666,923.0326740045564,567.2232317392778,3.129529747982286,1,1,3,0
23.075,922.329166927073,567.1008629138155,3.127777468135602,1,1,3,0
23.083333333333332,922.4296749496679,567.1135269015969,3.125579606503943,1,1,3,0
23.091666666666665,921.4318547174648,566.9249918595888,3.1032603726373074,1,1,3,0
23.1,921.5835597767652,566.7814698207873,3.116932418656182,1,1,3,0
23.108333333333334,921.9330370315803,566.9529539024976,3.1398926083868917,1,1,3,0
23.116666666666667,921.6197496338222,566.6179110039657,3.138411355521778,1,1,3,0
23.125,921.9701099184309,565.4624506169722,3.1398903515859686,1,1,3,0
23.133333333333333,921.9986737007412,565.0924966906999,3.1095946866087987,1,1,3,0
23.141666666666666,921.6458185761849,565.18115288398,3.130224481432556,1,1,3,0
23.15,921.6874334809195,564.5566066473157,3.1501265712126587,1,1,3,0
23.158333333333335,921.9554708705584,564.5243276895113,3.097474584048569,1,1,3,0
23.166666666666668,921.6996499776045,565.183198152546,3.1340858419485462,1,1,3,0
23.175,921.8820629002123,564.7186359567754,3.1056438889648317,1,1,3,0
23.183333333333334,921.187060675853,564.0126789043844,3.151396801832109,1,1,3,0
23.191666666666666,921.0192858043637,564.7187493533893,3.109693182688118,1,1,3,0
23.2,920.7229575814619,564.1803671896012,3.1307404008424107,1,1,3,0
23.208333333333332,920.6086649415379,563.8797323355127,3.1152723324664557,1,1,3,0
23.216666666666665,920.5734402689545,563.4171886767679,3.1197003611508864,1,1,3,0
23.225,920.3010044753631,563.4943357336805,3.114844924068088,1,1,3,0
23.233333333333334,919.7078066445688,563.8390036768918,3.1231712431968037,1,1,3,0
23.241666666666667,919.5844169340999,564.6634545672141,3.131216527054694,1,1,3,0
23.25,919.7696027811995,564.9692787963436,3.1351760620283913,1,1,3,0
23.258333333333333,920.1441681500543,564.4745299001611,3.106851792465406,1,1,3,0
23.266666666666666,920.3888916307958,563.7055002004283,3.1198770531955655,1,1,3,0
23.275,919.2467714999007,563.2621370918332,3.1192200353797617,1,1,3,0
23.283333333333335,919.4457089168477,562.5005953981581,3.098857672348858,1,1,3,0
23.291666666666668,918.4246600148316,562.0444461381262,3.1431897650301073,1,1,3,0
23.3,918.7806004301174,562.4804559176586,3.1032335715002763,1,1,3,0
23.308333333333334,918.9856312535051,562.0554579602842,3.1127999896617826,1,1,3,0
23.316666666666666,918.5719714626711,561.8345091399997,3.116664594796641,1,1,3,0
23.325,919.0171154840692,561.4118289555216,3.1206681862099295,1,1,3,0
23.333333333333332,918.5241930879519,560.7735310646833,3.1319894017061807,1,1,3,0
23.341666666666665,918.6016371638262,560.7127429186862,3.1193267193814855,1,1,3,0
23.35,919.0812889652186,561.2478222027205,3.089280992828177,1,1,3,0
23.358333333333334,918.7440833270409,560.5739192783487,3.120582890821875,1,1,3,0
23.366666666666667,918.9128539021535,560.3716792698868,3.1084607514813105,1,1,3,0
23.375,918.8794135638883,560.0708902647431,3.1477816678910813,1,1,3,0
23.383333333333333,918.7607665424772,560.1590425778941,3.0859608689490887,1,1,3,0
23.391666666666666,919.8039633611498,559.8046128516332,3.0868242290499968,1,1,3,0
23.4,919.6417767390056,559.2383441252298,3.1234528377133284,1,1,3,0
23.408333333333335,920.0671254905027,558.70491226603,3.108171865187629,1,1,3,0
23.416666666666668,920.6325104866636,558.0540784302246,3.077285955521523,1,1,3,0
23.425,919.9119318833003,558.3904927887772,3.1118423257470895,1,1,3,0
23.433333333333334,920.0340732434934,558.7338285669322,3.108981897002196,1,1,3,0
23.441666666666666,919.4632657659567,558.413627818331,3.133065418450614,1,1,3,0
23.45,919.9228837282924,557.5888677619549,3.0760765745738876,1,1,3,0
23.458333333333332,919.9727202489703,557.4795856144837,3.1152656520591133,1,1,3,0
23.466666666666665,920.0477383883408,558.1032278708768,3.1099834173682757,1,1,3,0
23.475,920.5311517242646,557.8730340220907,3.100973548650161,1,1,3,0
23.483333333333334,920.4380863072187,558.4343368526843,3.1068341276454614,1,1,3,0
23.491666666666667,920.5269961394687,558.7214172587936,3.0953946926085902,1,1,3,0
23.5,921.3969580052858,558.4489895113788,3.092146249343424,1,1,3,0
23.508333333333333,921.5325397367995,558.7994048702102,3.1015163649617086,1,1,3,0
23.516666666666666,921.82010226175,558.8646877103943,3.1187079645021334,1,1,3,0
23.525,922.6128308392927,559.625153589795,3.1048620734821837,1,1,3,0
23.533333333333335,922.9298590589669,559.9901919440103,3.12022203271692,1,1,3,0
23.541666666666668,923.0042984537604,559.898551521704,3.1204364064605077,1,1,3,0
23.55,922.8929073642666,559.8727668836766,3.0946144742692283,1,1,3,0
23.558333333333334,922.816458990008,560.496979609352,3.0940265517483643,1,1,3,0
23.566666666666666,922.9193830223853,559.7744731728827,3.1071475273300657,1,1,3,0
23.575,923.7568293373736,560.1345932069611,3.09725495148004,1,1,3,0
23.583333333333332,923.4286964731212,559.3025940150144,3.09775789968454,1,1,3,0
23.591666666666665,923.1091701013045,559.2408978937531,3.1239167681760027,1,1,3,0
23.6,924.0886656919622,560.0669113146125,3.112799954724072,1,1,3,0
23.608333333333334,924.1089567851795,560.3836020720331,3.103474455494994,1,1,3,0
23.616666666666667,923.5797052156921,560.2243278303853,3.088332945433646,1,1,3,0
23.625,923.0904831970868,560.3874564656719,3.0926257454902313,1,1,3,0
23.633333333333333,922.8141565884199,560.4971307215094,3.0698644790743317,1,1,3,0
23.641666666666666,923.0457212353544,560.711690172632,3.0916972178519853,1,1,3,0
23.65,923.3931723833962,560.575697134683,3.0773123574493013,1,1,3,0
23.658333333333335,922.7980655268985,560.321331581311,3.0969189269273265,1,1,3,0
23.666666666666668,923.1754983475624,560.2848294844731,3.0913403729743836,1,1,3,0
23.675,922.8625811341865,560.4264692547921,3.08868195995961,1,1,3,0
23.683333333333334,922.4004854879231,560.2727910108044,3.1022598206825234,1,1,3,0
23.691666666666666,922.1269626293088,560.0201378230245,3.1000281313951277,1,1,3,0
23.7,922.4390697347703,559.763074034741,3.098060249183065,1,1,3,0
23.708333333333332,916.2364870444027,407.6460351270955,3.0850242735952635,1,1,3,0
23.716666666666665,915.6061784499864,407.8220829112912,3.0834946186751697,1,1,3,0
23.725,922.8834678854266,561.2941268109381,3.0877419791991376,1,1,3,0
23.733333333333334,922.3758766556339,562.3708141120827,3.1139280524785122,1,1,3,0
23.741666666666667,923.1355897113771,561.6628322920202,3.0955474754409362,1,1,3,0
23.75,923.21591182596,561.8347049052278,3.1119669677437867,1,1,3,0
23.758333333333333,923.2581728294538,561.5687800792225,3.102543988030026,1,1,3,0
23.766666666666666,923.5465799799603,561.3741501818408,3.097020543650398,1,1,3,0
23.775,922.6994633723232,560.8896403072957,3.092312804892331,1,1,3,0
23.783333333333335,922.4664353820592,560.9647004827483,3.1307795595075225,1,1,3,0
23.791666666666668,922.6784882574757,560.2648784925134,3.094818007078164,1,1,3,0
23.8,923.2552569892615,560.7574501694168,3.0854661598233024,1,1,3,0
23.808333333333334,922.861666354314,560.9356614207492,3.1201362892607856,1,1,3,0
23.816666666666666,922.7399454280056,561.043557121583,3.1006780663809006,1,1,3,0
23.825,923.7136944588611,560.4408806224542,3.0990684281706775,1,1,3,0
23.833333333333332,923.3029085768828,560.3948486390233,3.0883404238783507,1,1,3,0
23.841666666666665,923.098440451055,560.2980270878377,3.077651550214151,1,1,3,0
23.85,923.5634245517339,560.450747300487,3.095305910526746,1,1,3,0
23.858333333333334,923.7224271119948,560.3323281531857,3.1138188582474258,1,1,3,0
23.866666666666667,923.7118778572715,560.9187569094221,3.0911729318727614,1,1,3,0
23.875,923.7882554434707,560.3622105696898,3.083174887834142,1,1,3,0
23.883333333333333,923.1955380447173,560.16252628254,3.1488249575781424,1,1,3,0
23.891666666666666,922.8938046470307,559.8098778436247,3.0966444303477676,1,1,3,0
23.9,922.4345934349406,560.0003066170264,3.0791738163093716,1,1,3,0
23.908333333333335,922.7715427483688,560.6872472059342,3.1039909528462943,1,1,3,0
23.916666666666668,923.273944256863,560.8873805790447,3.0715817810708863,1,1,3,0
23.925,923.573729256336,560.6752882161435,3.0975332650146616,1,1,3,0
23.933333333333334,922.656203231878,561.2140103035181,3.107653924510728,1,1,3,0
23.941666666666666,922.7863553963134,561.2448392476912,3.0754924891231927,1,1,3,0
23.95,923.0260115134561,561.0438717620251,3.102092374856431,1,1,3,0
23.958333333333332,922.9075503847864,561.0479614009331,3.1054179339170407,1,1,3,0
23.966666666666665,923.085950008386,561.7455091301914,3.072509163363825,1,1,3,0
23.975,923.3015640801763,561.0300102935848,3.1201755664729833,1,1,3,0
23.983333333333334,923.5353032901764,560.3470404776346,3.0946003772248982,1,1,3,0
23.991666666666667,923.6993433754578,560.6396462913813,3.092290643606613,1,1,3,0
24.0,922.8957189877074,560.1710714085797,3.104179671406957,1,1,3,0
24.008333333333333,923.2344334225999,560.9226283236934,3.1020108364215306,1,1,3,0
24.016666666666666,923.4367359670968,560.7585527860786,3.1228988892706147,1,1,3,0
24.025,923.0451481195568,560.4763710653934,3.0577124320889877,1,1,3,0
24.033333333333335,922.6228580571718,560.5486359559959,3.1187629798112173,1,1,3,0
24.041666666666668,922.2349932174055,559.6182745130213,3.1012447138988333,1,1,3,0
24.05,922.2263996742325,559.854535292834,3.1090391670338495,1,1,3,0
24.058333333333334,922.2490113359498,558.5737407957041,3.1194783200059266,1,1,3,0
24.066666666666666,922.391198708297,559.2052155161498,3.111856455796638,1,1,3,0
24.075,922.278894961273,559.1370798766015,3.114592607457886,1,1,3,0
24.083333333333332,922.5744252553238,560.1020312339205,3.089897671026947,1,1,3,0
24.091666666666665,922.860604743503,559.8104146834029,3.1025567160138787,1,1,3,0
24.1,923.0291041442028,559.8308597893791,3.1102587013992578,1,1,3,0
24.108333333333334,923.6651701748855,559.940212361257,3.093240951963158,1,1,3,0
24.116666666666667,923.724418563836,559.6411125983475,3.099556159395395,1,1,3,0
24.125,924.2484060505155,558.8568926596654,3.065441525464172,1,1,3,0
24.133333333333333,923.727942183517,559.4639471616952,3.146236297707055,1,1,3,0
24.141666666666666,923.8667256332953,560.9848415801611,3.099848055645852,1,1,3,0
24.15,923.6316617003456,561.2620173968608,3.144193007664162,1,1,3,0
24.158333333333335,923.416054964393,560.9267098939544,3.120501039027187,1,1,3,0
24.166666666666668,922.5380832037766,560.3393824624719,3.129994782672253,1,1,3,0
24.175,922.5253179402316,559.9563840841159,3.1187108422606693,1,1,3,0
24.183333333333334,922.7726375552757,559.6629105160733,3.1057178359603084,1,1,3,0
24.191666666666666,922.7447854410004,559.7706008906083,3.1234150773803377,1,1,3,0
24.2,922.4683605197531,561.4324839291398,3.1093254438318305,1,1,3,0
24.208333333333332,922.3992433507113,561.7881494397919,3.1021102794335174,1,1,3,0
24.216666666666665,921.8310681401629,561.9830985128092,3.1093856286041346,1,1,3,0
24.225,921.035027168726,561.4149113599814,3.0886752647156777,1,1,3,0
24.233333333333334,921.2881583215067,561.7906040513234,3.1067550374014736,1,1,3,0
24.241666666666667,921.6073768080445,560.8039514345594,3.1269407903662443,1,1,3,0
24.25,921.7484855209477,560.7401861544125,3.1350036666088257,1,1,3,0
24.258333333333333,922.0369989985016,560.8903177855318,3.1344994096339245,1,1,3,0
24.266666666666666,922.8613527749397,560.5545754999895,3.169594255901763,1,1,3,0
24.275,923.1857368625843,560.2108876142286,3.108631863692031,1,1,3,0
24.283333333333335,922.7961862484119,560.0080468201899,3.0991516119608606,1,1,3,0
24.291666666666668,923.405953073333,559.7229294135489,3.1473891830752585,1,1,3,0
24.3,923.6573351719945,560.2440396639332,3.1025193989930564,1,1,3,0
24.308333333333334,924.0811129525948,560.7282716079037,3.155071385276408,1,1,3,0
24.316666666666666,924.3077424498719,561.2582163753553,3.1302817210835756,1,1,3,0
24.325,924.7024742369355,560.8511167786644,3.1450927779782054,1,1,3,0
24.333333333333332,923.874795040126,560.6399774731343,3.099340417435182,1,1,3,0
24.341666666666665,923.4694383776276,560.5909943855313,3.133680380490277,1,1,3,0
24.35,923.5145145934281,560.1272217472397,3.1119681458233397,1,1,3,0
24.358333333333334,923.5414965591661,560.7580831655795,3.1249299911152324,1,1,3,0
24.366666666666667,923.7273797165881,561.1194067776386,3.1302595569911826,1,1,3,0
24.375,923.9234796069551,561.067807912425,3.1320617612893913,1,1,3,0
24.383333333333333,924.3023440782421,562.094592897424,3.103639346327664,1,1,3,0
24.391666666666666,924.8851416810188,562.1778295378809,3.162605845390013,1,1,3,0
24.4,923.5897547280808,561.3579421689474,3.120032573102245,1,1,3,0
24.408333333333335,924.7993305528214,560.7571464953943,3.128553006902584,1,1,3,0
24.416666666666668,925.4978972057376,560.8680132713583,3.129065185464392,1,1,3,0
24.425,926.25462919969,560.7251891922772,3.1480459772071026,1,1,3,0
24.433333333333334,926.3671103455383,561.2967537813042,3.1765303318557883,1,1,3,0
24.441666666666666,926.945975315994,561.6387945427963,3.126857288113038,1,1,3,0
24.45,926.8262368076905,561.2422024856688,3.1850727817860682,1,1,3,0
24.458333333333332,926.6897938857753,560.7849680411168,3.1721500251596244,1,1,3,0
24.466666666666665,926.0968465908201,559.1040453328872,3.150196486183461,1,1,3,0
24.475,926.550093538806,559.4833005540927,3.1298916622897783,1,1,3,0
24.483333333333334,927.039535651166,559.4876985355735,3.099779336056418,1,1,3,0
24.491666666666667,926.8395466514942,560.4167611607794,3.14528992336409,1,1,3,0
24.5,926.7126350835944,561.1691303090237,3.1645877845625208,1,1,3,0
24.508333333333333,926.5540141286457,562.0110960605284,3.1453036881424694,1,1,3,0
24.516666666666666,926.9291468535023,562.8566688616744,3.1702231764107403,1,1,3,0
24.525,928.1783313824585,562.5927308637922,3.1369351079460466,1,1,3,0
24.533333333333335,928.5692717308395,562.1807718437383,3.1133122210699153,1,1,3,0
24.541666666666668,928.1462548891765,561.9457250873012,3.1726491452484016,1,1,3,0
24.55,928.013043136909,561.6392640533255,3.1548822592068184,1,1,3,0
24.558333333333334,927.7720819059921,562.529128416585,3.1673667013983007,1,1,3,0
24.566666666666666,927.4610315448041,563.0529207570395,3.1400601269942943,1,1,3,0
24.575,927.7199341914927,562.4535883240749,3.1463125519204698,1,1,3,0
24.583333333333332,927.6076940437049,562.5955202691899,3.1542363324949574,1,1,3,0
24.591666666666665,927.2273427369621,562.6136776225202,3.16681354355443,1,1,3,0
24.6,926.993176001028,561.2128045107188,3.1655710362671683,1,1,3,0
24.608333333333334,927.7936093954645,560.9702665782311,3.1789551236170195,1,1,3,0
24.616666666666667,927.8078630480439,561.5112909663624,3.152715921766437,1,1,3,0
24.625,927.8885958566834,561.6539012414039,3.140965744871061,1,1,3,0
24.633333333333333,928.3000265164878,561.2197733934978,3.19335013643094,1,1,3,0
24.641666666666666,927.9745586856046,560.3009753232768,3.1044660067311938,1,1,3,0
24.65,926.6680684165015,559.9052656811223,3.154637073602671,1,1,3,0
24.658333333333335,926.4525305200572,559.1391838921652,3.1421831353162446,1,1,3,0
24.666666666666668,925.8518323878397,558.5581326635084,3.15323901141618,1,1,3,0
24.675,924.9828771704192,558.4288009302919,3.165071766732348,1,1,3,0
24.683333333333334,924.873163970405,558.6134600689978,3.1743253851041136,1,1,3,0
24.691666666666666,924.6934127627463,558.3072383866197,3.1361376381405712,1,1,3,0
24.7,924.7411162512053,558.3634992146808,3.1655834197598427,1,1,3,0
24.708333333333332,924.2960615320447,557.9210607283336,3.1449974352158145,1,1,3,0
24.716666666666665,924.181858461555,557.8105310515634,3.1987266652451787,1,1,3,0
24.725,924.9564883229433,557.1982953431174,3.1589506376007037,1,1,3,0
24.733333333333334,925.170656037921,557.5511422090926,3.149161555175667,1,1,3,0
24.741666666666667,924.6601387863647,557.8358329742814,3.1614893493497624,1,1,3,0
24.75,924.3171153012559,557.9882158103953,3.1493765543091783,1,1,3,0
24.758333333333333,923.7633384790912,558.3481813278943,3.1734685601425183,1,1,3,0
24.766666666666666,924.1227731790816,558.375483243523,3.2081070138271817,1,1,3,0
24.775,923.1528455327959,558.3127977801154,3.1852423332291058,1,1,3,0
24.783333333333335,923.9017687027051,559.0077122197204,3.1763424684776425,1,1,3,0
24.791666666666668,923.9646964802887,559.3776047980867,3.168811368215453,1,1,3,0
24.8,923.7406085481135,559.6040086797606,3.1876782380616016,1,1,3,0
24.808333333333334,923.2822241195679,559.7923370569285,3.173764115412413,1,1,3,0
24.816666666666666,923.9537898205521,559.4540039425312,3.1860914465352415,1,1,3,0
24.825,923.805790962636,559.2170226163496,3.1818114939356166,1,1,3,0
24.833333333333332,923.150954976738,559.1831407146612,3.1415775165244093,1,1,3,0
24.841666666666665,923.4241280665718,559.2641437597543,3.175434681904026,1,1,3,0
24.85,924.029513541987,559.6880119730636,3.1645512828368023,1,1,3,0
24.858333333333334,923.6660731572338,558.8568489397178,3.185691985216658,1,1,3,0
24.866666666666667,923.6041565453273,558.5652973175621,3.1717076033042395,1,1,3,0
24.875,922.9737193397785,558.6447675406307,3.2241866920694595,1,1,3,0
24.883333333333333,922.8685810070242,558.8193832690815,3.1773724438386366,1,1,3,0
24.891666666666666,922.7728189402375,558.4381319880526,3.2079175179779864,1,1,3,0
24.9,923.1301924798257,558.356276886047,3.118940210786498,1,1,3,0
24.908333333333335,923.3209989505308,558.35599788586,3.2046262493498645,1,1,3,0
24.916666666666668,923.4463202270312,558.33621975821,3.164503279208158,1,1,3,0
24.925,923.4079597955835,558.7661722572169,3.1929920130661897,1,1,3,0
24.933333333333334,924.2459596661374,558.0590962595325,3.1915510580025863,1,1,3,0
24.941666666666666,924.8416390718751,557.4860452677883,3.2127574539863755,1,1,3,0
24.95,924.6760535276317,558.159764004159,3.1900297934459276,1,1,3,0
24.958333333333332,924.5461758446102,558.5513231957801,3.2053311636717496,1,1,3,0
24.966666666666665,924.7689391859366,558.4922392846387,3.2301608800586297,1,1,3,0
24.975,924.3902083579055,557.959692410411,3.224621536388376,1,1,3,0
24.983333333333334,925.1894652845384,558.1364076085805,3.1780574517623656,1,1,3,0
24.991666666666667,925.565839350698,558.2122667397086,3.192019809460876,1,1,3,0
25.0,925.2177020368804,558.6564497227608,3.211373420117603,1,1,3,0
25.008333333333333,925.4220206161582,559.3882635573729,3.19666448615735,1,1,3,0
25.016666666666666,926.0983663138642,559.1558389107763,3.184873221677974,1,1,3,0
25.025,926.0816529219131,559.7470003961021,3.1679466519056017,1,1,3,0
25.033333333333335,926.7580094934001,559.0724102090595,3.208247377001328,1,1,3,0
25.041666666666668,925.9883473772954,558.6512025444482,3.260323270311519,1,1,3,0
25.05,926.4723621793356,558.2268444638069,3.214514267812261,1,1,3,0
25.058333333333334,926.1727894147749,558.016604477642,3.181428282383344,1,1,3,0
25.066666666666666,926.0749624745098,557.8562974504646,3.2153518003194725,1,1,3,0
25.075,925.7125712379349,557.3771618981194,3.2238539721647914,1,1,3,0
25.083333333333332,925.5378669724581,557.4972197615749,3.1871354230254645,1,1,3,0
25.091666666666665,924.9966966905097,558.0071099874924,3.2102544733945444,1,1,3,0
25.1,924.4309055902779,557.4418408811357,3.2231296501127833,1,1,3,0
25.108333333333334,925.2056611143186,557.6067690193636,3.2377414257836814,1,1,3,0
25.116666666666667,925.7222173201474,557.2090222778447,3.2121077528300885,1,1,3,0
25.125,926.0933373290775,557.3060784608195,3.207172438339012,1,1,3,0
25.133333333333333,925.3999692248493,557.8396392623094,3.207406979434391,1,1,3,0
25.141666666666666,925.2461091261555,557.404136791869,3.2208200207628117,1,1,3,0
25.15,924.8428512240105,557.4422914697916,3.1999524373287147,1,1,3,0
25.158333333333335,924.8276150345736,556.8401790293257,3.2153742252841275,1,1,3,0
25.166666666666668,925.7875092001015,556.032682481814,3.242355301529963,1,1,3,0
25.175,925.9204229865501,556.4718313994819,3.2126014968951044,1,1,3,0
25.183333333333334,926.1967513074818,556.2436714633499,3.2358381590726157,1,1,3,0
25.191666666666666,926.9001376914696,556.2730933601362,3.2655295352362357,1,1,3,0
25.2,926.7733164952263,555.9827151051642,3.2487797472769437,1,1,3,0
25.208333333333332,926.7198788380676,556.0719968011643,3.245017776097355,1,1,3,0
25.216666666666665,927.7252445378273,555.6918575097598,3.2072707239590295,1,1,3,0
25.225,928.1882000065981,556.390254769219,3.240488121667666,1,1,3,0
25.233333333333334,928.4304725140082,557.8445523334589,3.270671283957996,1,1,3,0
25.241666666666667,927.5829354881221,557.5096970222856,3.236877854549139,1,1,3,0
25.25,927.9403106666065,556.557000591964,3.269030214102571,1,1,3,0
25.258333333333333,928.2005963817691,556.0608797982981,3.2656467589721485,1,1,3,0
25.266666666666666,927.8997568890197,556.3289826000764,3.237020796207645,1,1,3,0
25.275,927.1871326968571,555.8904001520267,3.236785556356917,1,1,3,0
25.283333333333335,927.5845784326659,555.4036928256065,3.2587834227962333,1,1,3,0
25.291666666666668,927.4980176018445,555.8778608410335,3.24407363499838,1,1,3,0
25.3,927.8452456247511,556.7882002378545,3.2612213146456748,1,1,3,0
25.308333333333334,927.8096955282494,556.0455809856403,3.2663371609215766,1,1,3,0
25.316666666666666,928.0503292152436,555.6127852282534,3.2827771641035413,1,1,3,0
25.325,928.2136240015195,555.4896678863528,3.2870525178407104,1,1,3,0
25.333333333333332,927.5662450489973,555.5746294958267,3.3103203734821287,1,1,3,0
25.341666666666665,927.1223983144722,555.0878793649447,3.307455742296202,1,1,3,0
25.35,927.7016040603878,555.0059843133477,3.2900635445295308,1,1,3,0
25.358333333333334,927.6204658220797,555.0725309360862,3.3019150571499565,1,1,3,0
25.366666666666667,927.0021440280103,555.0753592078885,3.27720573523817,1,1,3,0
25.375,926.6793788680986,555.0175331197806,3.2940530338653633,1,1,3,0
25.383333333333333,927.5669609680208,555.0009282709888,3.2916747018782337,1,1,3,0
25.391666666666666,926.7495556436007,555.0050139836543,3.326147496363855,1,1,3,0
25.4,926.8017999960517,555.4266695599674,3.3091569147201927,1,1,3,0
25.408333333333335,926.7930470988208,555.2798711371738,3.3036154391994317,1,1,3,0
25.416666666666668,927.614396593746,555.8153563729762,3.313684526004921,1,1,3,0
25.425,927.8204710033946,555.5697380481422,3.310126387209201,1,1,3,0
25.433333333333334,927.6422147742169,555.086455077283,3.2818496957303807,1,1,3,0
25.441666666666666,927.6572353407823,554.5889273810694,3.335227510118676,1,1,3,0
25.45,927.6728023611506,554.3175398805568,3.3139871136353185,1,1,3,0
25.458333333333332,927.4146836774098,554.5412646414978,3.292247421359454,1,1,3,0
25.466666666666665,927.2228744485425,553.3438403974618,3.304272446084059,1,1,3,0
25.475,926.6295444099164,553.3770520883812,3.3050264188682297,1,1,3,0
25.483333333333334,926.1325427806325,553.8269944713579,3.3005795837662424,1,1,3,0
25.491666666666667,926.7256294913444,553.2735167561074,3.3129617953988837,1,1,3,0
25.5,926.8031868200501,553.6320618896366,3.3110561230710003,1,1,3,0
25.508333333333333,926.8482696997766,553.7430242564988,3.297812486499854,1,1,3,0
25.516666666666666,927.4075443402037,553.4145335425329,3.3011665234873826,1,1,3,0
25.525,927.854413083083,553.9201654733059,3.292355006296499,1,1,3,0
25.533333333333335,927.4419733732076,554.1343447665312,3.3015217324328665,1,1,3,0
25.541666666666668,927.2926718182489,554.5599560975508,3.298406352661012,1,1,3,0
25.55,926.7565279996824,554.7092598400229,3.2898051140350075,1,1,3,0
25.558333333333334,926.3714262739732,554.9458145964758,3.2480498874385013,1,1,3,0
25.566666666666666,925.65800574572,554.766205951683,3.2793305431133057,1,1,3,0
25.575,925.1412048666105,554.8194332487934,3.289660947841754,1,1,3,0
25.583333333333332,925.6315837266593,554.9635397159752,3.2816293788681454,1,1,3,0
25.591666666666665,925.0368371724252,555.2482683036875,3.2884993115065453,1,1,3,0
25.6,925.2617350178676,554.579151436672,3.2586595769306848,1,1,3,0
25.608333333333334,925.6789371287425,554.2779166447775,3.2609216281464746,1,1,3,0
25.616666666666667,925.1617976716483,553.8417825836439,3.2829412770522963,1,1,3,0
25.625,924.5356009811838,553.7467082867178,3.2699275275257147,1,1,3,0
25.633333333333333,923.3560462955826,553.9785519723063,3.2703442246870877,1,1,3,0
25.641666666666666,923.097022295796,554.0237938708146,3.2930545252594485,1,1,3,0
25.65,923.742860130161,554.6337283685959,3.3235996602938416,1,1,3,0
25.658333333333335,923.8447309138876,554.972808268037,3.3009649283882516,1,1,3,0
25.666666666666668,924.6982429770108,555.4900556139971,3.2843792508271594,1,1,3,0
25.675,924.6424925094858,555.0336619446106,3.2653351637377335,1,1,3,0
25.683333333333334,925.081552756854,554.375499022858,3.306936654194069,1,1,3,0
25.691666666666666,925.3352563100609,555.1016378778041,3.2792708911570316,1,1,3,0
25.7,924.5946481149681,555.1089245903171,3.2927940193171605,1,1,3,0
25.708333333333332,924.3671270829662,554.9975245740361,3.3078161190884656,1,1,3,0
25.716666666666665,923.9688859362941,555.0291926242483,3.255944834298686,1,1,3,0
25.725,923.853073219571,555.8591468957816,3.2845094187338844,1,1,3,0
25.733333333333334,923.7785574258728,555.2773318955301,3.2602691456097737,1,1,3,0
25.741666666666667,923.1953052682295,555.1757064346159,3.2548397372158155,1,1,3,0
25.75,924.1184977284097,555.1248213922848,3.2654524452930924,1,1,3,0
25.758333333333333,924.7193850098439,554.40561317293,3.337601064355079,1,1,3,0
25.766666666666666,924.5674935302407,554.6450282872607,3.2984151147904406,1,1,3,0
25.775,924.0686389873558,554.1909805072851,3.3040263794834432,1,1,3,0
25.783333333333335,925.1151661115446,553.8887478791879,3.283235467760962,1,1,3,0
25.791666666666668,925.502155251039,553.8018188041623,3.3277020566158235,1,1,3,0
25.8,925.4872413806934,553.7529427203143,3.337823011502124,1,1,3,0
25.808333333333334,925.1776034002028,553.7818647425528,3.27328611924925,1,1,3,0
25.816666666666666,924.5244696927706,553.7117844175056,3.276378999838949,1,1,3,0
25.825,925.0950242991339,553.962966781998,3.2716596423623834,1,1,3,0
25.833333333333332,924.7343007594284,553.976618359788,3.302009883292868,1,1,3,0
25.841666666666665,924.5554682249058,553.6871715342666,3.3197735922012983,1,1,3,0
25.85,924.6093080447737,553.8496405029445,3.2746902501227786,1,1,3,0
25.858333333333334,925.0566022841037,553.4955086469475,3.326346833829734,1,1,3,0
25.866666666666667,924.7303456753185,554.1283412629501,3.300956201341905,1,1,3,0
25.875,924.66100914742,554.0749824354042,3.3090287671226704,1,1,3,0
25.883333333333333,925.0593863329326,553.8995804687195,3.3007616374520046,1,1,3,0
25.891666666666666,925.1416104203487,553.3945381720177,3.2628891147723276,1,1,3,0
25.9,924.9309692383424,553.2083411871391,3.3098426578658344,1,1,3,0
25.908333333333335,924.5219771501164,553.2256996389558,3.277942341522917,1,1,3,0
25.916666666666668,924.5307100062172,552.3642713741244,3.3122559227548183,1,1,3,0
25.925,924.6653239229912,551.6927215930486,3.2825163987108352,1,1,3,0
25.933333333333334,924.8024512747052,551.997500651648,3.3188746079936595,1,1,3,0
25.941666666666666,925.886704886225,551.9006842295056,3.2891606501664348,1,1,3,0
25.95,815.1316404329762,502.16836157204136,3.3070860818100587,1,1,3,0
25.958333333333332,815.753182851831,503.27019986344465,3.308531791689734,1,1,3,0
25.966666666666665,925.2060067133725,552.9529034251866,3.326457565874639,1,1,3,0
25.975,924.1098854154772,553.4935202878967,3.312888908674361,1,1,3,0
25.983333333333334,923.898590366698,553.627687103142,3.309510246905411,1,1,3,0
25.991666666666667,923.3291587318588,553.1632502612744,3.287195361906039,1,1,3,0
26.0,923.0348737548406,552.5977172261627,3.3046623663212604,1,1,3,0
26.008333333333333,923.2079539549846,551.5187240533734,3.2811617614058504,1,1,3,0
26.016666666666666,922.7422635437292,551.2822315115557,3.324011301087479,1,1,3,0
26.025,922.4215343762809,551.8662788892948,3.288525113046229,1,1,3,0
26.033333333333335,921.9537829864157,551.6799177593281,3.290600925565682,1,1,3,0
26.041666666666668,922.7544511755975,551.1072605271307,3.296736669781091,1,1,3,0
26.05,922.9600087522995,550.4433170253901,3.265748935292842,1,1,3,0
26.058333333333334,922.9288439173514,551.2930763874438,3.337555242784399,1,1,3,0
26.066666666666666,922.3950978159921,551.5791706018257,3.3057271967160355,1,1,3,0
26.075,923.0458178886703,551.2159304457041,3.3047059322726415,1,1,3,0
26.083333333333332,923.0634492355101,551.1530041768025,3.291821663281842,1,1,3,0
26.091666666666665,923.1053435959153,550.5715458791344,3.3308030274768985,1,1,3,0
26.1,923.5508444122582,551.0269444874192,3.2967559775247826,1,1,3,0
26.108333333333334,923.2802016606813,551.5163996068198,3.268110692964754,1,1,3,0
26.116666666666667,922.955467905505,551.0536514174677,3.3372398748134144,1,1,3,0
26.125,922.8635758681952,550.2865982241902,3.3122885001240694,1,1,3,0
26.133333333333333,922.2001580834544,550.7470902582523,3.277529227488324,1,1,3,0
26.141666666666666,921.7850272211267,550.2622728398378,3.2785521353613207,1,1,3,0
26.15,921.2696030072143,550.3561643633487,3.2886352338641074,1,1,3,0
26.158333333333335,921.1616665975511,550.9322841340942,3.328211734394018,1,1,3,0
26.166666666666668,921.6835754516649,551.9347358668433,3.3185042486686513,1,1,3,0
26.175,921.5288068057171,551.7210995268908,3.2864129933859285,1,1,3,0
26.183333333333334,921.5556378110482,551.8563314602566,3.274362633457221,1,1,3,0
26.191666666666666,921.6685248468668,551.1947869574334,3.2888284036655104,1,1,3,0
26.2,921.4609798470742,550.7231765211137,3.3074649830313936,1,1,3,0
26.208333333333332,920.8723139370343,550.6916453468646,3.2790019631230836,1,1,3,0
26.216666666666665,920.7405690494386,550.4245796932647,3.2728966515526663,1,1,3,0
26.225,920.9302468056209,549.9069011160692,3.3151059875227067,1,1,3,0
26.233333333333334,921.5967829927636,550.0858755419026,3.313940048475112,1,1,3,0
26.241666666666667,921.1489935813436,549.8874945414146,3.263385239934472,1,1,3,0
26.25,921.2869903984542,550.4340005859409,3.311628634749049,1,1,3,0
26.258333333333333,921.9409200645509,551.1704744339435,3.3065684221673095,1,1,3,0
26.266666666666666,921.5350578362578,551.2964538672193,3.295402310349897,1,1,3,0
26.275,921.265473753131,551.5655265949332,3.2863843747991894,1,1,3,0
26.283333333333335,921.8282227275907,551.5831733744697,3.2854141080798502,1,1,3,0
26.291666666666668,921.6501104700403,551.8663909381871,3.296518026498447,1,1,3,0
26.3,922.1049769304991,551.6946308171295,3.290944491528284,1,1,3,0
26.308333333333334,922.9109813699795,552.4147725250483,3.3164695480465376,1,1,3,0
26.316666666666666,922.6487340529563,552.2370041324147,3.2848713662966116,1,1,3,0
26.325,922.425554372852,552.0412978664804,3.307830962066923,1,1,3,0
26.333333333333332,923.3674542860164,552.3062977759338,3.302327153823659,1,1,3,0
26.341666666666665,923.9148621179665,552.3274831559394,3.297914693059111,1,1,3,0
26.35,923.2171362846783,552.1853755705657,3.267339569840298,1,1,3,0
26.358333333333334,922.9496093054449,552.0048218799765,3.2732884492023233,1,1,3,0
26.366666666666667,922.6989859820887,551.9455228805939,3.3158319075980804,1,1,3,0
26.375,922.6835990934349,551.8394827446483,3.293183222733594,1,1,3,0
26.383333333333333,922.5345334415911,551.9537561779098,3.317547055563098,1,1,3,0
26.391666666666666,922.9063226252583,551.5085663833004,3.3136236994180144,1,1,3,0
26.4,923.2391355497866,551.153106511818,3.30548408493689,1,1,3,0
26.408333333333335,924.1115885358478,551.1584978894238,3.301651283192295,1,1,3,0
26.416666666666668,924.9492538358652,551.1080070163008,3.318059931020787,1,1,3,0
26.425,924.6455468791776,551.6258973244081,3.2973596131322314,1,1,3,0
26.433333333333334,924.0234005366631,551.6047868516447,3.2960632245120043,1,1,3,0
26.441666666666666,924.3193486651398,551.216793768654,3.3235011336452085,1,1,3,0
26.45,924.7607841497913,551.2321948094597,3.3123402147672985,1,1,3,0
26.458333333333332,924.7995685641195,551.7768998744168,3.289573311006656,1,1,3,0
26.466666666666665,925.0426319122678,551.5572553175857,3.305720739941281,1,1,3,0
26.475,925.1951903054907,551.3596828418914,3.3160454317044135,1,1,3,0
26.483333333333334,925.1602479284431,551.1075568252073,3.2952547350092503,1,1,3,0
26.491666666666667,925.7462066240737,551.1593550742056,3.2865151099157472,1,1,3,0
26.5,925.230835865127,551.139643256715,3.2414518922284654,1,1,3,0
26.508333333333333,925.3017430223033,550.94579409367,3.2934332132460384,1,1,3,0
26.516666666666666,925.4135691987564,550.0312425267078,3.2638156222562142,1,1,3,0
26.525,925.7682891439599,550.6506375114441,3.300432878722964,1,1,3,0
26.533333333333335,925.1987541494954,550.9716697240797,3.2849079827638894,1,1,3,0
26.541666666666668,924.5944606454884,550.7441705437061,3.2735713567222287,1,1,3,0
26.55,924.4745145533406,550.8232320382326,3.2432611184222337,1,1,3,0
26.558333333333334,924.3680798623673,550.8922479823939,3.2710462676340666,1,1,3,0
26.566666666666666,925.0806436068533,550.8600280596597,3.2658681892471217,1,1,3,0
26.575,925.3902185008455,550.675708199242,3.28757606375253,1,1,3,0
26.583333333333332,923.9196776593577,550.8784298002562,3.307204960682571,1,1,3,0
26.591666666666665,923.6144854457222,551.3261382257646,3.2971388610294206,1,1,3,0
26.6,923.8230365083202,551.3001791261075,3.294083605672275,1,1,3,0
26.608333333333334,923.2236846857288,551.4260866148563,3.3079363072175543,1,1,3,0
26.616666666666667,922.7840825693155,552.1420443921718,3.278300174759524,1,1,3,0
26.625,921.9460773829707,552.3218549618018,3.2814958651727753,1,1,3,0
26.633333333333333,922.0040292811256,551.446717355555,3.314399561196465,1,1,3,0
26.641666666666666,922.9054762723791,551.9359374220775,3.279679054646838,1,1,3,0
26.65,921.6098006718162,551.6338396621591,3.267213635182308,1,1,3,0
26.658333333333335,921.2871001199146,551.8028854273055,3.2577299498943266,1,1,3,0
26.666666666666668,921.8718984581014,552.2196232691247,3.300961591056459,1,1,3,0
26.675,922.2902241687455,552.9847847752284,3.3211402830873475,1,1,3,0
26.683333333333334,922.0342482987561,553.056172931196,3.2679372187699314,1,1,3,0
26.691666666666666,922.7027160137294,552.1632931280542,3.2672740542489405,1,1,3,0
26.7,923.1335199019277,552.032390147907,3.2828293780758093,1,1,3,0
26.708333333333332,923.725278473168,551.6425175567616,3.2895256358174154,1,1,3,0
26.716666666666665,922.8925701566591,551.5983422324591,3.3187515380285575,1,1,3,0
26.725,923.4045566359559,551.8838667532644,3.2745287571420323,1,1,3,0
26.733333333333334,922.9840294272017,552.7811858470002,3.3200605326893955,1,1,3,0
26.741666666666667,923.3437871796483,551.7402907553587,3.2782384224272287,1,1,3,0
26.75,923.6761351394715,552.1639359985129,3.263958237462258,1,1,3,0
26.758333333333333,923.6323076126291,552.2753203011999,3.2900070474850174,1,1,3,0
26.766666666666666,924.4429605926571,553.052760286475,3.2699121163733023,1,1,3,0
26.775,923.8369867655553,552.5216317074362,3.269739240043486,1,1,3,0
26.783333333333335,923.0920535320149,553.0834899109994,3.2522892809199138,1,1,3,0
26.791666666666668,922.8731481192802,552.3722763053573,3.2708401836755425,1,1,3,0
26.8,923.1559277293635,551.9297844494164,3.290528573606136,1,1,3,0
26.808333333333334,923.6790649011189,552.3563800469587,3.306460704755324,1,1,3,0
26.816666666666666,924.1880563616895,552.4562402381174,3.2655119819555725,1,1,3,0
26.825,923.6274859186146,552.3673747069957,3.224767007623602,1,1,3,0
26.833333333333332,923.5684833348653,551.7903682864878,3.2502923226917355,1,1,3,0
26.841666666666665,923.0482122684564,551.567262565012,3.3022791044892923,1,1,3,0
26.85,922.8760190243491,551.4727416167356,3.241531039204952,1,1,3,0
26.858333333333334,922.884613163133,551.089739909104,3.2810827839251795,1,1,3,0
26.866666666666667,923.0280009164705,549.9622648101836,3.2736698280901977,1,1,3,0
26.875,922.7044693605502,550.446212477029,3.2565468186984723,1,1,3,0
26.883333333333333,922.2683653224634,549.8095340221088,3.2714700422857237,1,1,3,0
26.891666666666666,922.2201592523046,549.4175533586907,3.267701336268977,1,1,3,0
26.9,922.1778288952962,550.2751098907887,3.2719475581228563,1,1,3,0
26.908333333333335,923.5416544738606,549.4082600453887,3.271659460025069,1,1,3,0
26.916666666666668,923.5489835943653,548.7537296078258,3.2315677961843803,1,1,3,0
26.925,922.5430665608388,549.1359818999794,3.246643795789803,1,1,3,0
26.933333333333334,922.7543856533385,549.255812787619,3.262357248993548,1,1,3,0
26.941666666666666,922.4217371643672,549.3250430434563,3.2519502371132365,1,1,3,0
26.95,922.8060897345166,550.0683712542922,3.3257314110749405,1,1,3,0
26.958333333333332,923.0772823188648,550.9876713643849,3.2900005200369495,1,1,3,0
26.966666666666665,923.4406226585966,550.5452966517898,3.284762254717483,1,1,3,0
26.975,923.0049901214088,550.3662826300224,3.2405238892374717,1,1,3,0
26.983333333333334,923.3405187948225,550.1129976851782,3.269088868488567,1,1,3,0
26.991666666666667,923.0969395621429,550.4449819337636,3.290226012939224,1,1,3,0
27.0,922.4674141038188,550.3112421909533,3.2614696199695157,1,1,3,0
27.008333333333333,921.7970575131396,549.9199165367471,3.222513439211195,1,1,3,0
27.016666666666666,921.3774914190473,549.7156204748077,3.2126475440989584,1,1,3,0
27.025,921.211967032669,550.5013722822825,3.2525793280640096,1,1,3,0
27.033333333333335,921.3360370818626,550.2771301005017,3.2729151199323043,1,1,3,0
27.041666666666668,921.0378588339336,551.3288749654432,3.231828295422791,1,1,3,0
27.05,922.0139066853242,551.7551088006595,3.267951918308534,1,1,3,0
27.058333333333334,922.4288508731165,551.9819238516096,3.2255632825495546,1,1,3,0
27.066666666666666,922.5359996908886,552.3771375266748,3.258230604256435,1,1,3,0
27.075,922.535018562936,552.885036459867,3.2505534968341863,1,1,3,0
27.083333333333332,921.5693031466387,554.2456255976117,3.234012044120484,1,1,3,0
27.091666666666665,922.5396911217598,553.9858107804964,3.2327258403231127,1,1,3,0
27.1,922.3066302658684,553.3395505212773,3.2450964786341494,1,1,3,0
27.108333333333334,922.6595731840389,553.3736652385999,3.2145653572147306,1,1,3,0
27.116666666666667,922.8880102812792,553.2922799947759,3.2556336730572353,1,1,3,0
27.125,922.6240498016579,553.1899263173189,3.2355384812287116,1,1,3,0
27.133333333333333,922.9032045307657,553.5171057694625,3.233502726347366,1,1,3,0
27.141666666666666,922.6710382211897,554.6188279043714,3.2362071973714572,1,1,3,0
27.15,922.700336267396,554.6403932690895,3.2223633554091267,1,1,3,0
27.158333333333335,922.3433239227802,555.4856082135443,3.2276055344250154,1,1,3,0
27.166666666666668,922.1181916546935,555.0155890429163,3.250525856216984,1,1,3,0
27.175,922.6077306784834,555.9957210007296,3.2186245713065427,1,1,3,0
27.183333333333334,922.0078562523795,556.3279640772288,3.2035801061158815,1,1,3,0
27.191666666666666,920.9893477958657,556.1419294515059,3.2429512337126294,1,1,3,0
27.2,921.2928942184432,556.1461919962353,3.224383335858104,1,1,3,0
27.208333333333332,920.6529990023048,556.5290647653699,3.240159345119299,1,1,3,0
27.216666666666665,920.0119026129238,556.4082078009457,3.264166164542181,1,1,3,0
27.225,919.8919687300379,557.1921380905843,3.2400554018645247,1,1,3,0
27.233333333333334,920.0794452400954,556.3691933089888,3.260920015700862,1,1,3,0
27.241666666666667,920.6103970509054,556.3109111402489,3.26264919569852,1,1,3,0
27.25,920.9109380378729,556.927040678398,3.254792867931495,1,1,3,0
27.258333333333333,920.5158765259885,556.8922996929552,3.236442393624453,1,1,3,0
27.266666666666666,920.5505642306007,556.678430533356,3.2410535613722447,1,1,3,0
27.275,920.5583128956549,557.4600139556572,3.1816042036809886,1,1,3,0
27.283333333333335,920.6865550396468,557.0979106672934,3.2390550519644634,1,1,3,0
27.291666666666668,919.3952973858393,557.0853816717377,3.2619987594841255,1,1,3,0
27.3,918.479990857359,557.0941159208342,3.221196896840518,1,1,3,0
27.308333333333334,918.5116317540679,557.082086420486,3.1942450285909567,1,1,3,0
27.316666666666666,918.6129284660738,555.9981367701369,3.231677583101124,1,1,3,0
27.325,918.4398527612466,556.3104663534964,3.247351688490783,1,1,3,0
27.333333333333332,918.562841314161,555.9199067954705,3.2205079541692774,1,1,3,0
27.341666666666665,917.6765453304533,555.0927499344973,3.2325141597831752,1,1,3,0
27.35,917.6857100919639,554.5904287444879,3.2205218930715342,1,1,3,0
27.358333333333334,918.3604985576359,554.2059800443953,3.2074602043056015,1,1,3,0
27.366666666666667,918.261141315559,553.8369646888883,3.1907718057676395,1,1,3,0
27.375,918.4411105235938,553.6641126771807,3.231123244827282,1,1,3,0
27.383333333333333,917.6640651164086,553.7265593656377,3.210238828565773,1,1,3,0
27.391666666666666,917.9786499486072,553.4651189739651,3.209057720122768,1,1,3,0
27.4,917.9497496547215,553.7831422356048,3.235102996550388,1,1,3,0
27.408333333333335,917.4177083300272,554.5949244469903,3.2190553815004885,1,1,3,0
27.416666666666668,917.611840932648,554.8910822764833,3.1832681788648265,1,1,3,0
27.425,917.5500724006104,554.1750856995106,3.225551190852121,1,1,3,0
27.433333333333334,916.4360541387033,554.5779210974165,3.2079718909447448,1,1,3,0
27.441666666666666,916.4043721731115,553.8852266567834,3.1823030157045133,1,1,3,0
27.45,916.2765200381415,553.5448099681945,3.2369906666243384,1,1,3,0
27.458333333333332,916.354695361019,553.7780498267573,3.201808953058538,1,1,3,0
27.466666666666665,916.6311192330229,554.0930687294108,3.205391356008687,1,1,3,0
27.475,915.5796538590512,554.3022735439949,3.1684072908982346,1,1,3,0
27.483333333333334,916.0235374333882,553.6312861984978,3.224492845552698,1,1,3,0
27.491666666666667,916.5655918999107,553.6288144208919,3.1823314230522532,1,1,3,0
27.5,916.6465320069841,552.6957593922207,3.177976987064907,1,1,3,0
27.508333333333333,915.881417738837,552.9872514949247,3.2119128578447174,1,1,3,0
27.516666666666666,915.6751823884682,552.273290153463,3.1872369815139185,1,1,3,0
27.525,916.340332864881,553.2714645947264,3.180206710659468,1,1,3,0
27.533333333333335,916.3413720207059,553.1376749916234,3.196357128081525,1,1,3,0
27.541666666666668,916.3344306577742,552.6257999849615,3.1934277141334753,1,1,3,0
27.55,916.3251269490956,551.8384963695532,3.183577127222799,1,1,3,0
27.558333333333334,916.5643160370482,551.8253755609245,3.168404456475898,1,1,3,0
27.566666666666666,916.764512376419,552.2405780039525,3.21757408579189,1,1,3,0
27.575,916.7902629917371,551.5662269131699,3.2163215929693663,1,1,3,0
27.583333333333332,917.4287948148415,551.9721203329368,3.1712116781923596,1,1,3,0
27.591666666666665,917.2647014030013,551.9430558174251,3.160593485843193,1,1,3,0
27.6,917.3299488088574,552.5001415090965,3.1965693895623923,1,1,3,0
27.608333333333334,918.2838936637376,552.2229777601739,3.21775518239634,1,1,3,0
27.616666666666667,917.3944606789021,552.37094240958,3.1654472867552035,1,1,3,0
27.625,916.7669833407318,552.2685161531224,3.1271258076259683,1,1,3,0
27.633333333333333,916.2602091861268,551.9897848860039,3.2107931791122892,1,1,3,0
27.641666666666666,916.9103129595799,552.4485239809759,3.1880446612695788,1,1,3,0
27.65,917.0005813730793,552.9092108793653,3.150120857725817,1,1,3,0
27.658333333333335,917.0938047711902,553.9268209486872,3.1844205846382905,1,1,3,0
27.666666666666668,916.3357469709381,552.892390047368,3.1695216831361313,1,1,3,0
27.675,916.7690078895575,553.2275007979499,3.16907241969668,1,1,3,0
27.683333333333334,917.1142215429296,552.7632131580838,3.1639025436600208,1,1,3,0
27.691666666666666,916.7338454407238,553.2451596697482,3.15447956273811,1,1,3,0
27.7,916.7249885339869,552.9722741401988,3.177426007393918,1,1,3,0
27.708333333333332,916.5664273819278,552.6856146666141,3.2014394824845755,1,1,3,0
27.716666666666665,916.3533802798221,552.3835769100342,3.2007721463969108,1,1,3,0
27.725,915.9373153729118,552.2653727958932,3.208896101575609,1,1,3,0
27.733333333333334,915.6677455977294,552.1194677808056,3.1325153574932525,1,1,3,0
27.741666666666667,916.0258124660547,551.9885737764721,3.124065182258711,1,1,3,0
27.75,915.6939540539928,552.108126069575,3.1425200738210814,1,1,3,0
27.758333333333333,915.2892464667528,553.3380191304427,3.1661314460126326,1,1,3,0
27.766666666666666,915.5412146240892,552.4733959401256,3.1812981466134036,1,1,3,0
27.775,916.252914453126,553.4370445507964,3.200123181243318,1,1,3,0
27.783333333333335,916.1756596478232,553.2772252961051,3.177472263598372,1,1,3,0
27.791666666666668,916.9023232102569,552.4566733069062,3.190985875436513,1,1,3,0
27.8,917.3583212829975,553.1653251122887,3.154193797766763,1,1,3,0
27.808333333333334,917.2807186997325,552.7881250839582,3.1240657569259365,1,1,3,0
27.816666666666666,916.9277959721604,552.5688543077297,3.136874967735384,1,1,3,0
27.825,917.7461397836935,553.162355015342,3.143623669419222,1,1,3,0
27.833333333333332,918.0594787919842,553.6566239667494,3.157737408397117,1,1,3,0
27.841666666666665,917.3754226341149,553.1808506223156,3.1699400927088073,1,1,3,0
27.85,917.1019622733226,553.2512816160574,3.1640681632720793,1,1,3,0
27.858333333333334,917.8537563286814,553.3714082343845,3.1608958361832338,1,1,3,0
27.866666666666667,917.3544938736178,553.3637421893436,3.141202989064442,1,1,3,0
27.875,917.4516968241651,553.185039065583,3.130916894606322,1,1,3,0
27.883333333333333,916.9249700865062,553.1328218768974,3.147017278305372,1,1,3,0
27.891666666666666,917.2926343376191,552.9644292818273,3.1706176616784525,1,1,3,0
27.9,917.9309636486994,553.0067918172472,3.1446084860535346,1,1,3,0
27.908333333333335,917.3985814655496,552.7361564917318,3.132723339426018,1,1,3,0
27.916666666666668,917.7488240223072,552.51694305759,3.1365180032581494,1,1,3,0
27.925,918.2100811085498,552.7543948436369,3.1457996038313745,1,1,3,0
27.933333333333334,918.947089039082,552.4714110216652,3.1709137264381386,1,1,3,0
27.941666666666666,919.5891338838002,552.3227406861935,3.1209156245365364,1,1,3,0
27.95,919.4014254216453,551.5050678231121,3.069444415132283,1,1,3,0
27.958333333333332,919.5701371886428,551.9228139008411,3.127349711399329,1,1,3,0
27.966666666666665,918.8628640555658,551.3414679730353,3.1376489187168533,1,1,3,0
27.975,918.8923963627732,551.2713933922059,3.116578147534813,1,1,3,0
27.983333333333334,918.3829978185723,551.1558037964876,3.1809540256384587,1,1,3,0
27.991666666666667,918.4532480401979,551.4068339994569,3.096002222828677,1,1,3,0
28.0,918.252357427832,551.2586915588039,3.1443661927323605,1,1,3,0
28.008333333333333,916.9536297979462,550.4096780961792,3.136078448954993,1,1,3,0
28.016666666666666,916.4129630337761,550.1060884032051,3.127576687819765,1,1,3,0
28.025,915.8610172445906,550.2721729349373,3.1551548479166245,1,1,3,0
28.033333333333335,915.6086876647943,550.6002270034631,3.121686952183846,1,1,3,0
28.041666666666668,916.3484253289499,549.7082354284852,3.1376107091253616,1,1,3,0
28.05,915.9937534378615,549.6848936064413,3.1439973327401685,1,1,3,0
28.058333333333334,916.4052559027663,548.6817810259163,3.1120882352924744,1,1,3,0
28.066666666666666,916.8720101868491,548.6190291830567,3.1301943369044003,1,1,3,0
28.075,916.4130185589088,548.2246511893316,3.1159755896320664,1,1,3,0
28.083333333333332,916.3812404959746,548.5978729890634,3.1781864641179802,1,1,3,0
28.091666666666665,916.4678337204514,548.4902076734037,3.1273812111065156,1,1,3,0
28.1,916.4371075218999,548.5374845185335,3.136468360278777,1,1,3,0
28.108333333333334,915.9828415800715,548.1576462540305,3.13875224559192,1,1,3,0
28.116666666666667,916.4952335967241,548.231527840962,3.1195457588625883,1,1,3,0
28.125,916.771104523214,549.1915063317729,3.121354071364904,1,1,3,0
28.133333333333333,916.1773017322805,549.8016706302636,3.153490190954585,1,1,3,0
28.141666666666666,916.0628645403516,549.5877220821975,3.1324585523859874,1,1,3,0
28.15,915.8622417876629,550.102688516435,3.0944105987073955,1,1,3,0
28.158333333333335,915.870880852807,549.1870497821071,3.1768833547046444,1,1,3,0
28.166666666666668,915.8140636353808,549.1806863399429,3.145185668508302,1,1,3,0
28.175,916.2956068939391,549.0638808951946,3.105396750403105,1,1,3,0
28.183333333333334,915.5135378550866,548.9885059102347,3.083809477523436,1,1,3,0
28.191666666666666,915.9841870193121,548.7200243684232,3.086015261460851,1,1,3,0
28.2,915.078119146082,549.0518373973251,3.1205707877664994,1,1,3,0
28.208333333333332,914.2841973104074,548.5429166807423,3.0877399876207807,1,1,3,0
28.216666666666665,914.6802652698599,549.0703895423919,3.12195593533116,1,1,3,0
28.225,915.2106692972629,549.4535078662723,3.123654332838344,1,1,3,0
28.233333333333334,915.0867214950865,549.9331156295095,3.1006351816407753,1,1,3,0
28.241666666666667,915.3084639858373,549.576298046591,3.139740454253645,1,1,3,0
28.25,915.8110557751195,549.6060997374274,3.1306805255381476,1,1,3,0
28.258333333333333,915.4260072867545,549.576764622344,3.102262589865356,1,1,3,0
28.266666666666666,915.5685263124852,549.7761474413468,3.12905577035003,1,1,3,0
28.275,916.5800398268995,549.4488435053232,3.1365263969485317,1,1,3,0
28.283333333333335,916.1107007856214,549.7102869760325,3.123746476361984,1,1,3,0
28.291666666666668,916.5897376043755,549.131311935064,3.119786264994528,1,1,3,0
28.3,917.0245479917281,549.3581339225173,3.1181404300228457,1,1,3,0
28.308333333333334,917.5397313955998,549.9017050601959,3.1526861315754173,1,1,3,0
28.316666666666666,917.7990641822522,549.7900626912801,3.1105462165897486,1,1,3,0
28.325,917.8209845542837,549.6170360886133,3.1141136568056793,1,1,3,0
28.333333333333332,918.2666420035264,549.5639566047023,3.114644089921346,1,1,3,0
28.341666666666665,918.23755772106,549.6415549846438,3.0995083240540096,1,1,3,0
28.35,918.5018963183842,549.4366971417043,3.127437098791039,1,1,3,0
28.358333333333334,919.0858716836187,548.7255095281424,3.0985036632580902,1,1,3,0
28.366666666666667,918.2657624650482,548.7377781148919,3.130075571745778,1,1,3,0
28.375,918.3407408444934,548.2579951380733,3.120299923865893,1,1,3,0
28.383333333333333,918.2089689491963,548.1323372019988,3.1226227287932153,1,1,3,0
28.391666666666666,917.6752008886749,548.4035431865224,3.1001929267580386,1,1,3,0
28.4,916.9894195314013,548.8068536538933,3.1121782489406478,1,1,3,0
28.408333333333335,916.5391008747695,549.0505739956434,3.115538437453364,1,1,3,0
28.416666666666668,916.6235166950742,549.3208175925084,3.08594283726712,1,1,3,0
28.425,916.001017951921,549.2114834345493,3.0942134723328683,1,1,3,0
28.433333333333334,916.6354605446464,548.9796922900878,3.100276617211952,1,1,3,0
28.441666666666666,917.112894612063,548.6950154705688,3.09057262152407,1,1,3,0
28.45,917.0469972626883,548.661814205759,3.096455530276265,1,1,3,0
28.458333333333332,916.973197548086,549.0669921577559,3.059111214087889,1,1,3,0
28.466666666666665,916.4782356769458,549.0708797787048,3.0726284347927986,1,1,3,0
28.475,915.9699768958416,548.2659024147289,3.0766155397328747,1,1,3,0
28.483333333333334,916.1133693763038,548.6282912307065,3.127122106569543,1,1,3,0
28.491666666666667,916.016565429119,548.2553781432354,3.1059676959897753,1,1,3,0
28.5,916.6599594820191,547.9907285573901,3.115653536680019,1,1,3,0
28.508333333333333,916.7778569812069,548.240633882224,3.0936290298066957,1,1,3,0
28.516666666666666,916.7672351335568,548.4061297734208,3.111788810932491,1,1,3,0
28.525,917.6219880901838,548.6555398969399,3.084890125642198,1,1,3,0
28.533333333333335,917.2932183585511,548.2163425520799,3.104457885358325,1,1,3,0
28.541666666666668,916.3730273204358,548.7043068734876,3.089805980358552,1,1,3,0
28.55,915.8073588348093,547.951878277529,3.0986599843501104,1,1,3,0
28.558333333333334,916.551821103256,547.964560992408,3.099646420904329,1,1,3,0
28.566666666666666,916.3722025466246,548.0351498317559,3.1013113791328264,1,1,3,0
28.575,916.9635771369731,547.5191020348923,3.1196969580984097,1,1,3,0
28.583333333333332,916.8490205305219,547.6382201174612,3.1361882338512688,1,1,3,0
28.591666666666665,916.7095990650876,547.460649051928,3.098143344180609,1,1,3,0
28.6,916.1501906205954,547.4105502169466,3.1103499190003245,1,1,3,0
28.608333333333334,915.468880688802,548.1605826900891,3.085825314016624,1,1,3,0
28.616666666666667,916.1292296776885,547.4880211848556,3.093405622967329,1,1,3,0
28.625,915.8430776954104,547.0943990103987,3.1035825981312515,1,1,3,0
28.633333333333333,915.5515213919701,546.3871043300345,3.0968386285654192,1,1,3,0
28.641666666666666,916.1971748007275,545.6597364563634,3.0841303680780947,1,1,3,0
28.65,916.4139497433265,545.1016354771904,3.146732414109666,1,1,3,0
28.658333333333335,916.4669839587557,544.7930237789054,3.1050183375585263,1,1,3,0
28.666666666666668,916.099974925667,544.0977462582523,3.0894058629556382,1,1,3,0
28.675,915.9308864421328,542.7363908594838,3.1220913516138027,1,1,3,0
28.683333333333334,915.2018434513133,543.3769209806972,3.0783503525603684,1,1,3,0
28.691666666666666,915.0564291595654,543.0506209120966,3.0895223430795427,1,1,3,0
28.7,914.7125395812491,544.4250807860925,3.097468653251345,1,1,3,0
28.708333333333332,913.9203678006228,544.7405245901293,3.0736285960809733,1,1,3,0
28.716666666666665,914.3451043877554,543.9725163400242,3.085183621350862,1,1,3,0
28.725,914.4324912910552,543.927938019015,3.1101074540970854,1,1,3,0
28.733333333333334,914.208885388925,543.0793300789078,3.105749515202774,1,1,3,0
28.741666666666667,914.1186494931144,542.4264934339108,3.0895947726555524,1,1,3,0
28.75,914.516611537235,542.0383608025618,3.1012201525500713,1,1,3,0
28.758333333333333,915.4876525071686,542.2531653760757,3.111474572762499,1,1,3,0
28.766666666666666,915.9640781194231,542.2776296668667,3.136583234086904,1,1,3,0
28.775,914.8615530294242,542.527219409038,3.108918598198225,1,1,3,0
28.783333333333335,914.4342314686238,542.9721808721063,3.1043236809893284,1,1,3,0
28.791666666666668,914.6745981317125,543.2787701348186,3.084168916440708,1,1,3,0
28.8,914.2266319377454,543.04043660708,3.1071526669210767,1,1,3,0
28.808333333333334,914.0148022018049,543.2628370361851,3.075321156980549,1,1,3,0
28.816666666666666,913.8438662873788,543.0784899803749,3.1177841159814217,1,1,3,0
28.825,913.5601823238937,542.8294332409563,3.1056903643028555,1,1,3,0
28.833333333333332,913.8869300455116,543.1564570565325,3.1234074569498054,1,1,3,0
28.841666666666665,914.2057053303936,543.4356818014837,3.0878685216809947,1,1,3,0
28.85,913.9448587462639,541.9968194514069,3.1165531019964536,1,1,3,0
28.858333333333334,913.9281136892195,541.6733697669017,3.0642281999284404,1,1,3,0
28.866666666666667,913.1696288484087,541.1621952801663,3.106738257756418,1,1,3,0
28.875,912.9660721083495,540.763231681135,3.090985878364907,1,1,3,0
28.883333333333333,912.1614431606487,541.1696663160575,3.0858039332000677,1,1,3,0
28.891666666666666,912.0044507686933,541.668040782815,3.116586753615692,1,1,3,0
28.9,911.7333581237128,541.5078970648563,3.10303637556079,1,1,3,0
28.908333333333335,912.0771732415665,540.9426944310476,3.1024215345904333,1,1,3,0
28.916666666666668,912.0435070607206,540.6389523077581,3.0831409429715535,1,1,3,0
28.925,912.0055189022504,540.3254246106545,3.1125618714976167,1,1,3,0
28.933333333333334,911.5750109390665,540.4042462931736,3.0599462874354586,1,1,3,0
28.941666666666666,911.5004532155843,541.0002076567855,3.10056421296166,1,1,3,0
28.95,911.7891836341447,540.4674889502635,3.103822034713991,1,1,3,0
28.958333333333332,912.22288542902,540.6617895895422,3.114876253990335,1,1,3,0
28.966666666666665,912.1983789317749,540.8000214445306,3.1386936661962714,1,1,3,0
28.975,1001.1255880701854,328.04324132430065,3.1120573759747985,1,1,3,0
28.983333333333334,1001.5947542098304,327.890930105347,3.0696594710403233,1,1,3,0
28.991666666666667,912.4980387757942,540.3954363375599,3.092331945373443,1,1,3,0
29.0,912.4146790130618,540.0914104267922,3.0963008028577,1,1,3,0
29.008333333333333,912.6904918406551,540.4011011675465,3.1004031133530847,1,1,3,0
29.016666666666666,913.106130227409,540.3432317093503,3.113661873159063,1,1,3,0
29.025,912.8749382493717,539.5170440160778,3.0906817606469232,1,1,3,0
29.033333333333335,913.1569199802351,539.9385043804161,3.0959070330675895,1,1,3,0
29.041666666666668,912.2953941124944,539.7230283854311,3.1002216521908745,1,1,3,0
29.05,911.6335642301526,539.1478129215893,3.142598453723524,1,1,3,0
29.058333333333334,912.0831262912292,539.42127800216,3.080870209772298,1,1,3,0
29.066666666666666,912.4283924826715,538.9674327191577,3.1200778025140132,1,1,3,0
29.075,911.5174902391698,538.4178777999529,3.0949005144509933,1,1,3,0
29.083333333333332,911.7211834626427,538.5520416425153,3.0864043503780496,1,1,3,0
29.091666666666665,912.333211420191,539.3604650343534,3.131228865659327,1,1,3,0
29.1,913.2122125820475,539.6527710831081,3.0888290455282115,1,1,3,0
29.108333333333334,913.0830958424921,538.8291074282267,3.0945200411943286,1,1,3,0
29.116666666666667,912.9939417727645,538.6993673674444,3.1180286199473874,1,1,3,0
29.125,913.8791014758838,538.2494114396778,3.1098312185869386,1,1,3,0
29.133333333333333,913.6256906766448,538.8537458735801,3.0751577016237235,1,1,3,0
29.141666666666666,816.6427023249981,676.7595796444066,3.1116478375364003,1,1,3,0
29.15,816.568661269448,677.245426126166,3.127199033157856,1,1,3,0
29.158333333333335,913.1712155280012,540.6508682261591,3.1268216802723368,1,1,3,0
29.166666666666668,913.2713164706187,540.7001530390813,3.127449615858943,1,1,3,0
29.175,912.5540600726591,541.3535910597137,3.108581099661694,1,1,3,0
29.183333333333334,912.8275581770436,540.9016660932856,3.1080338128703864,1,1,3,0
29.191666666666666,912.6399499494423,541.1224037096889,3.1264320763250897,1,1,3,0
29.2,913.0827224225595,540.7709429256281,3.119793688038441,1,1,3,0
29.208333333333332,912.5424027480614,540.4123245024682,3.1083305673717594,1,1,3,0
29.216666666666665,912.4210652201568,540.2916754993934,3.1279677577876477,1,1,3,0
29.225,911.779777906827,540.4731038764885,3.119307617871054,1,1,3,0
29.233333333333334,911.3411173149559,539.5657675046053,3.103461224467892,1,1,3,0
29.241666666666667,912.1191528393014,539.578597947392,3.120914753111052,1,1,3,0
29.25,912.2486703217005,539.8055533612877,3.082777862788424,1,1,3,0
29.258333333333333,912.7796520824143,539.6103492952469,3.0975097133671228,1,1,3,0
29.266666666666666,912.2317290421157,539.8144890727174,3.1318628379271827,1,1,3,0
29.275,911.736950149751,540.5239521792039,3.1314187066800065,1,1,3,0
29.283333333333335,911.5611504972875,541.1789329598038,3.1224109064677936,1,1,3,0
29.291666666666668,911.8748329547423,541.0082705986397,3.1273541459918683,1,1,3,0
29.3,912.0329394656817,540.5515021190928,3.132555882226879,1,1,3,0
29.308333333333334,911.5894891096036,540.3156053602539,3.1000980989391476,1,1,3,0
29.316666666666666,911.9664434199024,538.3974913084584,3.132234475629508,1,1,3,0
29.325,911.9221336502019,537.9352187946423,3.1109150491645807,1,1,3,0
29.333333333333332,911.4887408743839,538.6245603323595,3.113020916383272,1,1,3,0
29.341666666666665,911.1385785795611,538.2074433359388,3.1326378756347335,1,1,3,0
29.35,911.3490466506943,538.703440810987,3.129151996221413,1,1,3,0
29.358333333333334,910.3764702942537,539.4131762418756,3.158904787381514,1,1,3,0
29.366666666666667,909.7865197343059,540.2756994903859,3.1557786065564852,1,1,3,0
29.375,910.5839270236704,540.1247225616725,3.1206440315471635,1,1,3,0
29.383333333333333,910.6071472113448,540.184645020636,3.129026772666432,1,1,3,0
29.391666666666666,911.0604164365076,540.1791390965066,3.142461117549705,1,1,3,0
29.4,910.606714316463,540.18236765557,3.1407889394605997,1,1,3,0
29.408333333333335,910.6179205627124,540.3275193194634,3.1187043853786176,1,1,3,0
29.416666666666668,910.6103305922946,540.4428956482546,3.1255924419458054,1,1,3,0
29.425,910.3195286257132,540.5325488981877,3.1252167436578606,1,1,3,0
29.433333333333334,910.3567216334882,540.6785726833218,3.1407591008177325,1,1,3,0
29.441666666666666,910.3423594335919,540.2624861765548,3.180342158247338,1,1,3,0
29.45,910.0845168109945,539.9363698541958,3.11564452978525,1,1,3,0
29.458333333333332,910.6809428584174,540.0637829054069,3.10130027757842,1,1,3,0
29.466666666666665,910.8579829472969,539.819252278121,3.1079820764089496,1,1,3,0
29.475,910.5735628343158,539.618950260795,3.1368118938420704,1,1,3,0
29.483333333333334,910.75383065255,539.2489032000999,3.1406799277498423,1,1,3,0
29.491666666666667,910.6244376778284,539.5970957946239,3.163146522522936,1,1,3,0
29.5,910.9703154342027,538.8609414686416,3.155753453487037,1,1,3,0
29.508333333333333,912.2155507487879,539.7096455011648,3.1556661739553946,1,1,3,0
29.516666666666666,913.5666919638059,539.0457019383764,3.1471220112705067,1,1,3,0
29.525,913.7305384006628,538.6837819790384,3.15319800102262,1,1,3,0
29.533333333333335,914.3382786600826,538.7610802388768,3.1416229300799987,1,1,3,0
29.541666666666668,914.5432144252987,537.9474730260156,3.148936305343923,1,1,3,0
29.55,914.4225634980926,537.8643015951237,3.2046095268930617,1,1,3,0
29.558333333333334,915.0534916778394,537.6972700037036,3.1439758666712474,1,1,3,0
29.566666666666666,914.5733662112659,538.3229250546627,3.1231424031177535,1,1,3,0
29.575,914.9406521882406,538.0030962653534,3.1336884179639193,1,1,3,0
29.583333333333332,914.8892160949041,537.6147978015473,3.1469576965757224,1,1,3,0
29.591666666666665,914.8443776593582,537.4925021293884,3.1592513839233405,1,1,3,0
29.6,914.8128040097549,537.8084110069187,3.148729140723347,1,1,3,0
29.608333333333334,914.8455993328589,537.9647526487078,3.1582383475001463,1,1,3,0
29.616666666666667,914.9041751319525,537.9766822355328,3.1586669610586133,1,1,3,0
29.625,914.7036495976421,537.9063136577736,3.1240915231071726,1,1,3,0
29.633333333333333,914.1871095967952,537.1167148032825,3.179972360212512,1,1,3,0
29.641666666666666,914.0842151256138,537.7055964032576,3.189400374360244,1,1,3,0
29.65,913.8324328568631,538.1748879764907,3.1871595611852843,1,1,3,0
29.658333333333335,914.379827994404,539.1363357937861,3.118775689389471,1,1,3,0
29.666666666666668,913.7022234967922,539.2749457542274,3.1696170047632672,1,1,3,0
29.675,914.1795702340512,539.8853305600072,3.1489315542074325,1,1,3,0
29.683333333333334,914.526858121773,539.6235565617529,3.164346501571573,1,1,3,0
29.691666666666666,914.3951661697537,539.1461401948836,3.175277933109234,1,1,3,0
29.7,914.3911863893304,539.2640835313473,3.1753291698371906,1,1,3,0
29.708333333333332,914.0567830804091,539.0666000869343,3.2014121314434933,1,1,3,0
29.716666666666665,913.6337147215846,539.7373790965526,3.1534777146804664,1,1,3,0
29.725,914.0002799562778,539.1956715050972,3.157593181748066,1,1,3,0
29.733333333333334,914.0454454415881,539.4142983639407,3.143969337072018,1,1,3,0
29.741666666666667,913.8743434723963,539.4553719307161,3.151865614376515,1,1,3,0
29.75,913.9589742212371,539.2247323088242,3.170104384772385,1,1,3,0
29.758333333333333,913.3602912156381,538.5327896119339,3.18228898668251,1,1,3,0
29.766666666666666,913.5378319307713,539.5199857993069,3.162609106467431,1,1,3,0
29.775,1093.9047796538691,606.4491113935076,3.1366549280418132,1,1,3,0
29.783333333333335,1094.068609912859,605.5395419237141,3.151412862520196,1,1,3,0
29.791666666666668,913.9249644190047,538.1700078689609,3.1783779181692147,1,1,3,0
29.8,914.4467698585393,538.0733273302524,3.148968701984195,1,1,3,0
29.808333333333334,914.6089619475038,537.7420035255072,3.208536841089576,1,1,3,0
29.816666666666666,914.3891145069756,538.0500913282913,3.197777148801503,1,1,3,0
29.825,914.1966668143749,537.8844220017273,3.16639726877467,1,1,3,0
29.833333333333332,914.3395287388922,537.6814272493916,3.2059864281685924,1,1,3,0
29.841666666666665,915.078610025422,537.1179806072417,3.15056333758558,1,1,3,0
29.85,914.7179829833801,537.6006738338654,3.1868688644454797,1,1,3,0
29.858333333333334,913.4374671138013,537.4824301386737,3.1878417603317466,1,1,3,0
29.866666666666667,913.7483450148796,538.1142169498157,3.165126804366605,1,1,3,0
29.875,912.9483210481054,538.117399944946,3.218159095779221,1,1,3,0
29.883333333333333,912.5988163439056,537.941766356878,3.182375709744614,1,1,3,0
29.891666666666666,911.2555154407663,539.1567124428926,3.2162315045210543,1,1,3,0
29.9,910.8144197494379,538.8133297980442,3.201972516850995,1,1,3,0
29.908333333333335,910.6151814147764,538.9680818896205,3.20486159241164,1,1,3,0
29.916666666666668,911.1960811988973,539.4840177478898,3.1716671372046337,1,1,3,0
29.925,910.9762435008051,539.2126696306373,3.1915410609882526,1,1,3,0
29.933333333333334,910.4044977820636,538.5069198387855,3.205843338133506,1,1,3,0
29.941666666666666,910.4529528978875,538.0896797121515,3.1845301754742628,1,1,3,0
29.95,911.4119676356569,537.4081365890522,3.1655708542514662,1,1,3,0
29.958333333333332,912.2873904038698,536.0316388359524,3.1546386162450655,1,1,3,0
29.966666666666665,913.235444843999,536.3825371467235,3.178001961605701,1,1,3,0
29.975,913.5257804733716,535.7279182931334,3.1855294495381514,1,1,3,0
29.983333333333334,913.5975794248227,535.9965081938174,3.216614913661286,1,1,3,0
29.991666666666667,914.0144680142031,537.249186967347,3.161279315147077,1,1,3,0
30.0,913.8345763011188,537.8245235683308,3.1822722924563798,1,1,3,0
30.008333333333333,915.1821041393007,537.2709304905524,3.1866788870260097,1,1,3,0
30.016666666666666,916.1143195501004,537.8706786199358,3.218925038455058,1,1,3,0
30.025,916.4062319934196,537.3657356182711,3.223795650422543,1,1,3,0
30.033333333333335,916.4302272809743,537.4294021486543,3.224449440672598,1,1,3,0
30.041666666666668,916.3998932427044,537.0714221474816,3.234326689503807,1,1,3,0
30.05,916.8231621972116,536.9971432762688,3.1915847667872477,1,1,3,0
30.058333333333334,917.2230891028545,537.3893403716546,3.225243070201829,1,1,3,0
30.066666666666666,916.9415545801769,537.7029973486834,3.205079747320587,1,1,3,0
30.075,917.2291023787777,538.6201312695804,3.2285976772996023,1,1,3,0
30.083333333333332,917.8299784429568,538.9397805911985,3.1862664438745982,1,1,3,0
30.091666666666665,917.6924310255611,539.1493876771067,3.2518089462046142,1,1,3,0
30.1,917.4340783013077,539.0221658378406,3.2220601039691745,1,1,3,0
30.108333333333334,917.3214776535862,538.5911451033512,3.201198436689154,1,1,3,0
30.116666666666667,917.1688463573903,539.1724933623923,3.1872621816849853,1,1,3,0
30.125,917.7895635511285,539.3354133735078,3.2310310893354934,1,1,3,0
30.133333333333333,917.2809110537195,539.1161825404037,3.2056790611408577,1,1,3,0
30.141666666666666,917.2894820818831,539.7415936524516,3.1943303123570743,1,1,3,0
30.15,916.5802274928633,539.2538274291771,3.2202721936883725,1,1,3,0
30.158333333333335,916.8072965378122,539.7644563755463,3.2473146816695446,1,1,3,0
30.166666666666668,916.9041708875625,540.4891946218751,3.2116285058100016,1,1,3,0
30.175,916.2350856416408,540.5940546496572,3.220335188415207,1,1,3,0
30.183333333333334,915.5216774226924,540.4897713892373,3.2149764493707025,1,1,3,0
30.191666666666666,915.8163716993263,539.822663185104,3.2012429178732873,1,1,3,0
30.2,916.4197112486256,538.6426741784098,3.2455973950582133,1,1,3,0
30.208333333333332,915.7856673428878,538.7238697487535,3.219195256947132,1,1,3,0
30.216666666666665,916.2174324273597,538.3575780505053,3.2209892042588963,1,1,3,0
30.225,915.8278396790655,539.3097866696479,3.2215307571416245,1,1,3,0
30.233333333333334,915.795396822634,539.4554891346785,3.2301539562624892,1,1,3,0
30.241666666666667,916.0196908587842,540.2757170433288,3.2169166183653632,1,1,3,0
30.25,915.8559442640843,540.5256830202105,3.2634924549300655,1,1,3,0
30.258333333333333,915.7841175651998,540.3945725708427,3.2158525570504044,1,1,3,0
30.266666666666666,915.3593304374789,539.5208005399129,3.2359056843195257,1,1,3,0
30.275,915.7182459259935,538.7576607586766,3.197677239185517,1,1,3,0
30.283333333333335,916.5260798055723,538.8700432766967,3.232142555750784,1,1,3,0
30.291666666666668,917.0796271147432,539.9632696781695,3.2569684993651293,1,1,3,0
30.3,916.9917593316333,539.8036760359606,3.2130497807102287,1,1,3,0
30.308333333333334,917.0356682211088,540.1778174216281,3.228176952270622,1,1,3,0
30.316666666666666,917.3603629545163,539.9164655591617,3.2128881759698387,1,1,3,0
30.325,916.7824479732876,540.2213679136755,3.265556772253695,1,1,3,0
30.333333333333332,916.8959795594028,540.3520777818414,3.260074691487278,1,1,3,0
30.341666666666665,916.7185794566402,539.4754733367662,3.2455352263961603,1,1,3,0
30.35,917.2570371371581,539.6674694061528,3.2128070281275742,1,1,3,0
30.358333333333334,917.0260184617039,539.4377640068983,3.2373799181210816,1,1,3,0
30.366666666666667,917.9042486244914,539.731975853775,3.1986102183756446,1,1,3,0
30.375,919.0974107349236,539.8890928237076,3.213250733937318,1,1,3,0
30.383333333333333,919.7989476660997,539.5837965492391,3.2673940533046473,1,1,3,0
30.391666666666666,919.4464246695617,539.4668141436354,3.2402201522211347,1,1,3,0
30.4,920.099011630076,539.4511924473635,3.242562234464255,1,1,3,0
30.408333333333335,920.4769928062572,539.9615205629561,3.267554393706718,1,1,3,0
30.416666666666668,920.7012921727712,540.2878613738321,3.250821109791089,1,1,3,0
30.425,919.8264117842592,540.3454303485615,3.2939677471393836,1,1,3,0
30.433333333333334,919.4770829801644,539.803523090489,3.223494535475644,1,1,3,0
30.441666666666666,920.300268858944,539.1847175202194,3.2421512671023995,1,1,3,0
30.45,921.0826161767371,538.7707922986716,3.2195600932491226,1,1,3,0
30.458333333333332,920.8277291246447,539.6771434135233,3.2567015914986843,1,1,3,0
30.466666666666665,920.9137394512499,540.1869225697295,3.275507498253731,1,1,3,0
30.475,920.6998644435072,540.184840271104,3.2353003292337923,1,1,3,0
30.483333333333334,920.935940690049,540.3151697500023,3.260027276070211,1,1,3,0
30.491666666666667,920.7644913104223,541.1673677644247,3.2443262444386303,1,1,3,0
30.5,921.0731632750488,541.9317373798108,3.2666215872935047,1,1,3,0
30.508333333333333,920.9306365562092,541.0498365164012,3.203704613562928,1,1,3,0
30.516666666666666,921.439220298296,540.9641597406669,3.2698901653626375,1,1,3,0
30.525,921.0349285055665,541.6168800425348,3.268653451619336,1,1,3,0
30.533333333333335,920.7822425688316,540.7163296110883,3.2365043930319928,1,1,3,0
30.541666666666668,921.2645720940199,540.452230651951,3.250542906883124,1,1,3,0
30.55,922.0008672541161,540.9439458627317,3.2456421195941196,1,1,3,0
30.558333333333334,921.9725768883878,540.5162084980382,3.237599441402683,1,1,3,0
30.566666666666666,922.1021245951428,540.6735958910317,3.2320851308792484,1,1,3,0
30.575,922.6352660046118,540.7140065813829,3.2937852353073374,1,1,3,0
30.583333333333332,922.0651209783591,541.281211736445,3.282565460831503,1,1,3,0
30.591666666666665,921.5944340162187,541.3097701252043,3.2926844106452675,1,1,3,0
30.6,922.0462347405885,541.4064812614012,3.276915352592563,1,1,3,0
30.608333333333334,921.8677662612001,541.5049469193292,3.28658546109307,1,1,3,0
30.616666666666667,920.9327547632612,541.1044945205005,3.2657026148275916,1,1,3,0
30.625,920.4150587170307,540.8904335748283,3.270448719320697,1,1,3,0
30.633333333333333,920.5208077487491,540.8177170450566,3.312045628415791,1,1,3,0
30.641666666666666,921.0841275520106,541.4247770648784,3.235988627167864,1,1,3,0
30.65,920.2640961490123,541.2966035394603,3.2627372468787406,1,1,3,0
30.658333333333335,920.2918411326112,541.5205059553119,3.2648392592816973,1,1,3,0
30.666666666666668,919.4360503524196,541.6347070445156,3.251631513617712,1,1,3,0
30.675,920.0371033014195,540.9794923913156,3.2702043718253093,1,1,3,0
30.683333333333334,919.4930103709278,541.4721457738987,3.3000346218740724,1,1,3,0
30.691666666666666,920.3021773569991,541.1096257411997,3.2982347985754004,1,1,3,0
30.7,919.432605184867,540.6533974001366,3.2706060940197577,1,1,3,0
30.708333333333332,919.6672927809484,540.6737304915303,3.284398441577122,1,1,3,0
30.716666666666665,920.5772568504917,540.6969215473509,3.2602985727943024,1,1,3,0
30.725,919.263294925083,540.6670200166118,3.280894972866342,1,1,3,0
30.733333333333334,919.3729151327291,540.3989747407898,3.2902385081821275,1,1,3,0
30.741666666666667,920.1690833417989,540.6615823916458,3.2969429931182805,1,1,3,0
30.75,920.1506990244909,541.2605912092728,3.2928756266225823,1,1,3,0
30.758333333333333,920.1101226376768,541.425646211537,3.2963024918167623,1,1,3,0
30.766666666666666,920.214670188402,542.0374380848306,3.2920942194093787,1,1,3,0
30.775,920.4346434797825,541.8218738786567,3.287754677438967,1,1,3,0
30.783333333333335,921.0220101761718,542.451045708388,3.3237829475706206,1,1,3,0
30.791666666666668,921.6291320977433,543.0250366003778,3.2726757897210335,1,1,3,0
30.8,922.6091019026817,542.2585384774866,3.318238751014866,1,1,3,0
30.808333333333334,922.9467406311621,541.5221164543141,3.27559697286687,1,1,3,0
30.816666666666666,923.3010858353501,540.8446326232588,3.286765621457105,1,1,3,0
30.825,924.04438846935,540.0434661796968,3.2790307582492764,1,1,3,0
30.833333333333332,923.4320865366931,540.359186439355,3.2733169671303055,1,1,3,0
30.841666666666665,922.9032457675133,539.689930028739,3.30400731015671,1,1,3,0
30.85,923.5168789257455,540.5157974818336,3.3026705836402876,1,1,3,0
30.858333333333334,923.7500780279025,541.0152967847923,3.284448262473445,1,1,3,0
30.866666666666667,924.1952500015163,541.5396727537449,3.3540414628450375,1,1,3,0
30.875,923.7571392613045,541.6254463538708,3.3283381492674815,1,1,3,0
30.883333333333333,924.817417949425,541.8826607604727,3.2927525954022347,1,1,3,0
30.891666666666666,924.8211567662623,541.9794325675236,3.3065766290056935,1,1,3,0
30.9,923.6027700257584,542.0849721667868,3.2938871511239993,1,1,3,0
30.908333333333335,923.812999017127,542.5050583316973,3.308928934462473,1,1,3,0
30.916666666666668,923.7179431336233,542.6091744043885,3.2616000621736925,1,1,3,0
30.925,923.7264155861417,542.6704533308366,3.2910249634150723,1,1,3,0
30.933333333333334,923.2756253839796,542.2973075591445,3.289322716411023,1,1,3,0
30.941666666666666,923.1450025460844,542.6255077631379,3.2947973667196515,1,1,3,0
30.95,922.9466814737251,542.1278352928571,3.296615197096644,1,1,3,0
30.958333333333332,922.2933474197096,542.3452552290197,3.2801847761068146,1,1,3,0
30.966666666666665,921.5098424180278,542.7062165358567,3.2770187904955823,1,1,3,0
30.975,921.3453937563214,543.0543977793319,3.2839964292778414,1,1,3,0
30.983333333333334,920.5132494686688,543.0238675057645,3.279962042107125,1,1,3,0
30.991666666666667,920.5159059723127,543.5965008805922,3.305261023707043,1,1,3,0
31.0,919.7748797926868,543.5698369247355,3.320977230877946,1,1,3,0
31.008333333333333,919.7620868641528,543.9987437940487,3.306320643453986,1,1,3,0
31.016666666666666,919.7224371381407,543.9507459793463,3.33503755572676,1,1,3,0
31.025,920.1248164013074,543.8302958276846,3.329422726947744,1,1,3,0
31.033333333333335,921.4853222945079,544.8032525896361,3.292284946710843,1,1,3,0
31.041666666666668,922.7023557049484,544.9105451717318,3.319129624684323,1,1,3,0
31.05,922.2433841143768,545.2892976021744,3.2856043336156797,1,1,3,0
31.058333333333334,922.0476019287481,545.1453125802365,3.2932928637393264,1,1,3,0
31.066666666666666,920.7550469315435,545.6721762073261,3.3181202734589275,1,1,3,0
31.075,920.3673383293275,544.9795737422339,3.267018814967623,1,1,3,0
31.083333333333332,919.98052567196,544.4401574071602,3.294100073698224,1,1,3,0
31.091666666666665,919.4109756193998,544.2438817305092,3.2740574617133187,1,1,3,0
31.1,919.617550651631,544.1522485933065,3.3008207597195747,1,1,3,0
31.108333333333334,919.9946269102303,543.916676450251,3.3210024492201193,1,1,3,0
31.116666666666667,920.1470186895824,544.9351440836266,3.308261264157655,1,1,3,0
31.125,921.2417434984156,544.6860545226841,3.3027369374765163,1,1,3,0
31.133333333333333,920.4937990767818,544.3836799780771,3.3060084910404703,1,1,3,0
31.141666666666666,919.4825886193457,543.8290501959025,3.3202742897814717,1,1,3,0
31.15,919.7836648658114,544.3685889688187,3.3308796404939565,1,1,3,0
31.158333333333335,919.80101942584,544.2312946924226,3.290588775925214,1,1,3,0
31.166666666666668,919.3967517189886,545.0802647048803,3.314992326411348,1,1,3,0
31.175,919.6710491141204,545.2146139146848,3.314311438779072,1,1,3,0
31.183333333333334,919.1863427503837,545.8094871918582,3.31340382500621,1,1,3,0
31.191666666666666,919.7058605106179,545.6162389074752,3.3082531920944365,1,1,3,0
31.2,919.9529893976547,545.9583102254529,3.2908237237010955,1,1,3,0
31.208333333333332,920.3259055888315,546.1304034214218,3.324292100897388,1,1,3,0
31.216666666666665,920.1674496169834,546.9758247964035,3.288236686502019,1,1,3,0
31.225,920.1921739263427,547.3638844220718,3.297443307591085,1,1,3,0
31.233333333333334,920.7676670954303,547.0785989385296,3.287112023615945,1,1,3,0
31.241666666666667,921.1188808075705,547.1764299997764,3.3092914564005502,1,1,3,0
31.25,921.5191717049805,548.4403661140116,3.282209561658702,1,1,3,0
31.258333333333333,921.7794341089772,549.4217576173802,3.3188175932278288,1,1,3,0
31.266666666666666,921.6375426620881,549.0137933981151,3.2796869200766023,1,1,3,0
31.275,921.1475498804012,549.3515697612964,3.2723606302921096,1,1,3,0
31.283333333333335,921.1825355168643,549.1496815815054,3.285945675541184,1,1,3,0
31.291666666666668,920.7503762210981,549.1318595890716,3.293035520817132,1,1,3,0
31.3,920.8068135141777,549.0640927545721,3.286593131324678,1,1,3,0
31.308333333333334,920.4277002714011,548.3593441760031,3.260718719448223,1,1,3,0
31.316666666666666,920.2354039175359,547.7125087898322,3.2787764402281145,1,1,3,0
31.325,919.5682991622009,548.1318791482784,3.309404969439405,1,1,3,0
31.333333333333332,920.1604967903476,548.1385021296717,3.2867459854577903,1,1,3,0
31.341666666666665,920.0683145323615,547.8821464775907,3.2711380581464113,1,1,3,0
31.35,920.0170089550974,548.1286482191213,3.29714465178488,1,1,3,0
31.358333333333334,920.8267022437221,547.9961810707127,3.287374652639677,1,1,3,0
31.366666666666667,921.0340553770782,547.4103697776062,3.2949056299924697,1,1,3,0
31.375,921.6859487467376,547.1853719773894,3.2984091805666287,1,1,3,0
31.383333333333333,922.1546974801447,546.731868424268,3.2874410400630283,1,1,3,0
31.391666666666666,922.0476283379287,546.7122851664359,3.3242283873051592,1,1,3,0
31.4,923.1899250433934,547.1822236522381,3.2920219734033966,1,1,3,0
31.408333333333335,923.5585814706861,547.2858051500135,3.301276549815008,1,1,3,0
31.416666666666668,924.7561606094824,548.0027308747145,3.3032147688407347,1,1,3,0
31.425,924.9054963146749,548.1782744565717,3.3047446936525913,1,1,3,0
31.433333333333334,924.7533294242669,548.2507209307507,3.299085996376346,1,1,3,0
31.441666666666666,924.2246184506264,547.723464624396,3.307071144946264,1,1,3,0
31.45,924.4502139932857,547.3709810918708,3.284914367222399,1,1,3,0
31.458333333333332,924.0423613099441,547.5902444438062,3.320856869672415,1,1,3,0
31.466666666666665,923.4845182323018,547.7583620689694,3.2621407468558963,1,1,3,0
31.475,923.2956068085874,547.6365585253468,3.30514124938536,1,1,3,0
31.483333333333334,923.6629622944424,548.1467544561314,3.308616992114482,1,1,3,0
31.491666666666667,923.1032813156808,548.835306846982,3.283507004795034,1,1,3,0
31.5,923.1059884953402,549.8504592481223,3.3345944713753464,1,1,3,0
31.508333333333333,922.7004231075753,550.7504326988695,3.3151272314761253,1,1,3,0
31.516666666666666,921.8258435979641,550.1391813586547,3.2962139261222196,1,1,3,0
31.525,,,,0,1,3,0
31.533333333333335,,,,0,1,3,0
31.541666666666668,,,,0,1,3,0
31.55,,,,0,1,3,0
31.558333333333334,,,,0,1,3,0
31.566666666666666,,,,0,1,3,0
31.575,,,,0,1,3,0
31.583333333333332,,,,0,1,3,0
31.591666666666665,,,,0,1,3,0
31.6,,,,0,1,3,0
31.608333333333334,,,,0,1,3,0
31.616666666666667,,,,0,1,3,0
31.625,,,,0,1,3,0
31.633333333333333,925.532149172688,550.1016646442728,3.279597697470491,1,1,3,0
31.641666666666666,925.1408884648208,549.922276632836,3.2920834117702906,1,1,3,0
31.65,924.2751181252246,550.5565578052958,3.2498205619468954,1,1,3,0
31.658333333333335,924.1898306972129,550.4482228047716,3.2573409132117055,1,1,3,0
31.666666666666668,924.6772996763079,551.0015827884042,3.2623067236490746,1,1,3,0
31.675,924.3030050164859,551.6205213599313,3.3031153464697693,1,1,3,0
31.683333333333334,924.8068524939736,551.9395686730072,3.2983970344882843,1,1,3,0
31.691666666666666,925.395108006086,551.8333099307295,3.287196450280376,1,1,3,0
31.7,925.3741063890752,552.622009320766,3.284442864783552,1,1,3,0
31.708333333333332,925.2840729769288,552.9289863361139,3.2604468738343786,1,1,3,0
31.716666666666665,925.0025288883822,552.1971244147695,3.2686467916983792,1,1,3,0
31.725,924.7298750880617,551.6123521944578,3.280395158779765,1,1,3,0
31.733333333333334,925.029721776496,552.2813358407475,3.273241651126596,1,1,3,0
31.741666666666667,925.2089009109624,552.626796307714,3.294124536745484,1,1,3,0
31.75,925.501382026159,552.5093570436266,3.295502482772748,1,1,3,0
31.758333333333333,925.7435936604294,552.1961778495802,3.25707396020607,1,1,3,0
31.766666666666666,925.601739335545,552.0910904914617,3.27795478163968,1,1,3,0
31.775,925.6322433651617,551.1962234421774,3.2741792506212968,1,1,3,0
31.783333333333335,926.2368631067236,550.7762796435537,3.2610463887269736,1,1,3,0
31.791666666666668,925.8830703424427,551.4338565674589,3.3114619987615503,1,1,3,0
31.8,926.8793789209803,550.439458365099,3.2831035394446553,1,1,3,0
31.808333333333334,926.6794260294158,550.5239587993741,3.297445626639726,1,1,3,0
31.816666666666666,926.9915604641941,550.6539620739659,3.3037821820585354,1,1,3,0
31.825,927.6393001864019,550.4849479481426,3.24021349634881,1,1,3,0
31.833333333333332,927.7205109184501,550.3626817271448,3.275569309938328,1,1,3,0
31.841666666666665,927.5878852248753,550.3953471235629,3.2607389109353977,1,1,3,0
31.85,927.2177561000328,550.2302698505589,3.2778711582078346,1,1,3,0
31.858333333333334,927.6846384813897,549.9260685330975,3.2470503710222443,1,1,3,0
31.866666666666667,927.2127569207804,549.9524539174522,3.256268309623021,1,1,3,0
31.875,926.6019502420655,549.6753083659371,3.2502051711786737,1,1,3,0
31.883333333333333,926.8797620581896,549.515407330467,3.2437495645807264,1,1,3,0
31.891666666666666,927.5750334375558,550.2114707554889,3.2850256108299996,1,1,3,0
31.9,927.6662235975826,550.4248447341419,3.3085586658691737,1,1,3,0
31.908333333333335,927.4297682212784,551.0152990756219,3.28520443290674,1,1,3,0
31.916666666666668,927.744532138741,550.7697509401047,3.261041038489992,1,1,3,0
31.925,927.7354539069574,551.0075813478428,3.2987660288366625,1,1,3,0
31.933333333333334,928.3299550659781,551.1289984407862,3.281870134552339,1,1,3,0
31.941666666666666,928.0534813665014,551.638636089446,3.294275419780286,1,1,3,0
31.95,928.140822175029,550.8816741694444,3.247077496573422,1,1,3,0
31.958333333333332,928.1029051376613,550.3542409994002,3.2622318093295926,1,1,3,0
31.966666666666665,928.1732063028245,550.1293931975711,3.272210480379418,1,1,3,0
31.975,927.6691647822254,549.9099447665776,3.295111146086901,1,1,3,0
31.983333333333334,928.1833335622687,549.6567703735423,3.3012646463517585,1,1,3,0
31.991666666666667,929.0801229752109,549.593251821867,3.3254700790017977,1,1,3,0
32.0,928.8613989491529,549.612947899327,3.278747914512045,1,1,3,0
32.00833333333333,929.5273359803263,550.2469822678125,3.295104994008622,1,1,3,0
32.016666666666666,928.8135149615837,550.8598227541835,3.2752037060723986,1,1,3,0
32.025,927.2664989422908,551.0966375498857,3.302784032759849,1,1,3,0
32.03333333333333,928.1619106185377,550.3639826507901,3.2722459713993377,1,1,3,0
32.041666666666664,927.5368447576211,550.5895285438462,3.3060156883095604,1,1,3,0
32.05,928.0832429679883,550.1996662691221,3.2853286410880207,1,1,3,0
32.05833333333333,928.3974262595128,550.3901976777607,3.3248694204603075,1,1,3,0
32.06666666666667,928.3569853979668,550.592890861741,3.2643410211866573,1,1,3,0
32.075,927.5658287139813,550.4813336637147,3.295653905867389,1,1,3,0
32.083333333333336,926.9410534997094,550.4023856058533,3.3283772746965337,1,1,3,0
32.09166666666667,927.6299923146998,550.5042225951626,3.30172568606781,1,1,3,0
32.1,927.489911666933,550.0047938395539,3.266144519984204,1,1,3,0
32.108333333333334,926.8998431194029,549.8261405562212,3.324985644889481,1,1,3,0
32.11666666666667,926.6812828675374,549.8195993533069,3.2709777275114034,1,1,3,0
32.125,926.9192506070024,549.652464000199,3.2836696816372974,1,1,3,0
32.13333333333333,927.5781234567844,549.8476001036023,3.3166630194261395,1,1,3,0
32.141666666666666,927.0395128122982,549.3857409766218,3.261798663612573,1,1,3,0
32.15,927.2424645857008,548.2550908039473,3.2942526835673585,1,1,3,0
32.15833333333333,927.6106754016624,548.551139192716,3.288925772991585,1,1,3,0
32.166666666666664,927.1862026519761,548.438888443626,3.3011213941759636,1,1,3,0
32.175,926.3840692558588,548.7052632341631,3.2888917035845386,1,1,3,0
32.18333333333333,925.3567829531178,548.4610373220949,3.277997845303919,1,1,3,0
32.19166666666667,925.0197138768871,548.3066033410405,3.3222862202553833,1,1,3,0
32.2,924.5918104031981,548.324510160292,3.2784884343038816,1,1,3,0
32.208333333333336,924.7802486444392,547.8362470054631,3.272074625383075,1,1,3,0
32.21666666666667,924.0651159113753,548.17498195707,3.2709632393120796,1,1,3,0
32.225,924.2921645710518,548.8594346183041,3.2114794310378687,1,1,3,0
32.233333333333334,924.0037160740359,548.5016220484605,3.298524932188081,1,1,3,0
32.24166666666667,923.8665456344971,547.8862793962438,3.25296041795327,1,1,3,0
32.25,924.759883102003,547.6584429417438,3.2199339156369704,1,1,3,0
32.25833333333333,924.9176764818992,548.2879019956164,3.2599443567982047,1,1,3,0
32.266666666666666,924.7960632449633,548.1899047423818,3.2859768389044532,1,1,3,0
32.275,924.453455242087,547.1607683655836,3.2572690188093745,1,1,3,0
32.28333333333333,923.7609284454079,547.3842386909413,3.2720008555408446,1,1,3,0
32.291666666666664,923.1221658294086,546.8206794810818,3.259368180527548,1,1,3,0
32.3,923.7821636697824,547.1755173278038,3.2433997614524546,1,1,3,0
32.30833333333333,923.678994024783,547.3727562959115,3.2206817835389328,1,1,3,0
32.31666666666667,924.1019502817592,547.3718617424669,3.191725775333042,1,1,3,0
32.325,923.3041194958511,547.6086229386996,3.248841451553441,1,1,3,0
32.333333333333336,923.0215351250816,548.2777265862593,3.232025296185164,1,1,3,0
32.34166666666667,923.7150866049393,548.1514122673241,3.190769515559536,1,1,3,0
32.35,923.7196991832733,549.1094844575804,3.21934434376726,1,1,3,0
32.358333333333334,923.2039224004227,548.5444269283769,3.238684731768012,1,1,3,0
32.36666666666667,922.9683338821994,548.347759326584,3.2650812685894164,1,1,3,0
32.375,923.326275475231,548.1062350516751,3.1934167059106366,1,1,3,0
32.38333333333333,923.4775283715697,547.8170607830496,3.203038715453266,1,1,3,0
32.391666666666666,923.4967505684244,548.2220779877875,3.2196998683329254,1,1,3,0
32.4,923.045074863622,547.8613878953008,3.205204317347927,1,1,3,0
32.40833333333333,923.4933705013108,547.7091519496443,3.219706076211341,1,1,3,0
32.416666666666664,922.6615368048283,547.7478362099188,3.2041140948368927,1,1,3,0
32.425,922.095110138619,547.7020303540631,3.1971170660887114,1,1,3,0
32.43333333333333,922.5039619110156,547.4717559317985,3.219378122593363,1,1,3,0
32.44166666666667,922.7627015159346,547.6338313661912,3.236591319363927,1,1,3,0
32.45,922.4018823166925,547.4394071233571,3.2040499386280152,1,1,3,0
32.458333333333336,922.9867413176934,547.7166581459315,3.1934701852070684,1,1,3,0
32.46666666666667,922.3669826485844,547.9564666560193,3.230127498962893,1,1,3,0
32.475,922.7436970958124,548.1251766707389,3.211701475918211,1,1,3,0
32.483333333333334,924.0325913869892,549.3492761437889,3.2014564494879205,1,1,3,0
32.49166666666667,923.3341551211245,550.3136267659191,3.2048131509538744,1,1,3,0
32.5,923.5614065635829,550.1955075109599,3.2138094321156565,1,1,3,0
32.50833333333333,923.5819319325988,550.5539337078771,3.183338330968472,1,1,3,0
32.516666666666666,922.6296608105135,550.5674274850018,3.196060392116616,1,1,3,0
32.525,922.985960951917,550.1460236235732,3.200842087555915,1,1,3,0
32.53333333333333,923.1843974941482,550.1303783599311,3.2114629517723015,1,1,3,0
32.541666666666664,922.4695378382168,550.3140305596372,3.2006023726521233,1,1,3,0
32.55,923.2498478867495,550.1127844360174,3.2052859621967276,1,1,3,0
32.55833333333333,923.2058668393059,550.2974970779043,3.2032847546780077,1,1,3,0
32.56666666666667,923.3057710657357,548.94944372805,3.1944075291680583,1,1,3,0
32.575,923.344576117527,549.5061778526051,3.211371246367972,1,1,3,0
32.583333333333336,923.9547764026274,549.5897602000665,3.218043911800365,1,1,3,0
32.59166666666667,924.9147122999441,549.253653021404,3.226201034058892,1,1,3,0
32.6,925.0300360234654,550.1410649503903,3.2105048744287044,1,1,3,0
32.608333333333334,925.1658067736939,549.7746881267446,3.181125016577614,1,1,3,0
32.61666666666667,924.2143951579204,549.3886725754363,3.185487771407418,1,1,3,0
32.625,923.7673256899692,549.0589434606267,3.209381680574042,1,1,3,0
32.63333333333333,923.9091897387432,549.1787451554535,3.1339297047802743,1,1,3,0
32.641666666666666,924.0380643988849,549.0078135337066,3.1901893925826763,1,1,3,0
32.65,924.0547035520291,549.9313289044667,3.2044259477304244,1,1,3,0
32.65833333333333,924.2356192228472,550.5426604559135,3.151144589897294,1,1,3,0
32.666666666666664,925.0634846016703,550.829226568609,3.196456873413593,1,1,3,0
32.675,924.7195389624663,551.516408446488,3.1796713156050416,1,1,3,0
32.68333333333333,924.3988430365484,551.7464053186706,3.1535873163031947,1,1,3,0
32.69166666666667,924.5261171561772,551.2793973520015,3.1692161221723434,1,1,3,0
32.7,924.350176595327,550.9848226749712,3.1515748001041812,1,1,3,0
32.708333333333336,923.6481562397038,551.5662361543554,3.1739737367474428,1,1,3,0
32.71666666666667,924.049372676712,551.8175807491687,3.1867867020252922,1,1,3,0
32.725,923.7571799181769,551.869252513064,3.1589799782352768,1,1,3,0
32.733333333333334,922.9066841492286,551.5272118215038,3.1656828159810866,1,1,3,0
32.74166666666667,923.1822935595468,551.6035794695813,3.2019750520412007,1,1,3,0
32.75,923.5913178108567,552.0642380575388,3.181930792846137,1,1,3,0
32.75833333333333,923.3760274406714,551.3567822145393,3.166530650729298,1,1,3,0
32.766666666666666,923.3705070237032,551.416263445066,3.169944801566879,1,1,3,0
32.775,921.9582689055183,552.5169728833894,3.15063453800556,1,1,3,0
32.78333333333333,922.7446200710997,552.4799192823344,3.1737482103671035,1,1,3,0
32.791666666666664,923.0207006151967,551.9417582231625,3.143712111057667,1,1,3,0
32.8,923.6792001543131,552.2095651034514,3.1332512470619593,1,1,3,0
32.80833333333333,923.117579873388,551.4223131683531,3.1463800137442774,1,1,3,0
32.81666666666667,922.8912001435806,551.2439336666522,3.1758410290152703,1,1,3,0
32.825,922.9161563121181,551.9107844631791,3.1903030929853937,1,1,3,0
32.833333333333336,923.0099159910146,551.1901526276322,3.165926002425182,1,1,3,0
32.84166666666667,923.2163808954425,551.4694763827225,3.1352146317886502,1,1,3,0
32.85,923.7801122190111,550.1566276117585,3.122278202092123,1,1,3,0
32.858333333333334,924.2313410020731,550.1432134548004,3.1764958169468014,1,1,3,0
32.86666666666667,923.8593409524949,550.0016960390308,3.1897157315162055,1,1,3,0
32.875,924.3848760819927,550.179903643841,3.1329175785641974,1,1,3,0
32.88333333333333,924.9248067494142,550.7522083980592,3.1219935931684994,1,1,3,0
32.891666666666666,924.4838921404167,550.1408328343847,3.1642909411787965,1,1,3,0
32.9,924.0643114498844,549.9900739648397,3.1168226632667655,1,1,3,0
32.90833333333333,923.5353557340275,549.7591988159196,3.197733593886927,1,1,3,0
32.916666666666664,923.8997872778605,549.8538187324941,3.1387265263921003,1,1,3,0
32.925,923.756618984576,550.3166753393837,3.1142867830918055,1,1,3,0
32.93333333333333,663.3745951025498,786.4401313757566,3.169950336570719,1,1,3,0
32.94166666666667,663.6220676894515,786.2670163545755,3.1548961265151116,1,1,3,0
32.95,923.6950492407616,549.4305148963939,3.165391129565519,1,1,3,0
32.958333333333336,923.6872170573832,550.1934404640726,3.1460429569058608,1,1,3,0
32.96666666666667,922.8580489833606,550.6603851464452,3.136149201473828,1,1,3,0
32.975,923.0297480880661,550.7174301900545,3.1196018379399444,1,1,3,0
32.983333333333334,922.1173539631221,551.172348904692,3.1394484381918177,1,1,3,0
32.99166666666667,921.9578752676277,550.9378434650394,3.173236268589188,1,1,3,0
33.0,922.5017298614224,550.9637044395866,3.1266292498049184,1,1,3,0
33.00833333333333,922.7954574020995,551.4136057276485,3.1116706632925855,1,1,3,0
33.016666666666666,923.0643657905695,551.3481672211794,3.1563656770533823,1,1,3,0
33.025,923.0383719580511,551.574891896864,3.15333192252513,1,1,3,0
33.03333333333333,922.7809241922121,551.6399061601738,3.1343506665276646,1,1,3,0
33.041666666666664,921.3817370538318,551.704301965979,3.1468539986988286,1,1,3,0
33.05,921.086723522085,552.2768887468276,3.113688622063785,1,1,3,0
33.05833333333333,920.3939364081733,551.9887486716793,3.1205488241756285,1,1,3,0
33.06666666666667,919.5044383293277,551.2966985226706,3.12677016927694,1,1,3,0
33.075,919.0035534391623,551.6296430997936,3.133026785754718,1,1,3,0
33.083333333333336,919.2475001897932,551.8103624225588,3.123493999252573,1,1,3,0
33.09166666666667,918.758563832413,552.4372168484329,3.1254432397888747,1,1,3,0
33.1,919.2481291562937,553.0555921282993,3.1209633574391105,1,1,3,0
33.108333333333334,918.7750605623434,552.8893935168924,3.1529737127575634,1,1,3,0
33.11666666666667,918.0995505820094,552.6996970404497,3.1124662873871993,1,1,3,0
33.125,918.570300113616,552.514049606773,3.1409044499121332,1,1,3,0
33.13333333333333,918.9200527006356,552.4058785954992,3.1385556686826943,1,1,3,0
33.141666666666666,918.7951901455856,552.0842890527631,3.099738521181913,1,1,3,0
33.15,919.2229592700984,553.0626112157893,3.121737985142055,1,1,3,0
33.15833333333333,918.8149418589072,552.9274433398502,3.098888010779637,1,1,3,0
33.166666666666664,917.5877398295871,552.7079489598102,3.1285428421136223,1,1,3,0
33.175,918.3600191797917,551.9344561683633,3.1387702713289967,1,1,3,0
33.18333333333333,917.4404167958986,551.4924367277089,3.1246296615178104,1,1,3,0
33.19166666666667,918.3778252343825,550.2809090167959,3.120047127134416,1,1,3,0
33.2,918.2147973720791,550.4838527375981,3.1628883915120496,1,1,3,0
33.208333333333336,917.9099833467274,549.5024822549644,3.104016229693793,1,1,3,0
33.21666666666667,917.4717478544073,548.5705453577202,3.1204747465595846,1,1,3,0
33.225,916.7705069848871,549.248740716225,3.096585425379999,1,1,3,0
33.233333333333334,916.7770309228152,548.5419488298525,3.135848292488522,1,1,3,0
33.24166666666667,916.2257450225949,548.6785988251683,3.118655969070275,1,1,3,0
33.25,916.3975626534035,549.4556006047761,3.122117414419472,1,1,3,0
33.25833333333333,917.1475735965353,549.7440373716763,3.1593078889411514,1,1,3,0
33.266666666666666,917.58159566305,549.0285846572998,3.080500830365169,1,1,3,0
33.275,917.4672465502368,548.4936194258903,3.1036772805581543,1,1,3,0
33.28333333333333,916.8650318202682,549.1789669408324,3.1351984008929237,1,1,3,0
33.291666666666664,917.1543086015871,548.9780443751246,3.1278113406291843,1,1,3,0
33.3,917.4255345255668,548.8782608439898,3.085803748201943,1,1,3,0
33.30833333333333,917.9205241009098,549.3748080049971,3.09603052362724,1,1,3,0
33.31666666666667,917.6855949364224,549.8934522277187,3.1134828144718374,1,1,3,0
33.325,917.2432788773968,549.7217295848742,3.101074770717793,1,1,3,0
33.333333333333336,917.2185084389072,550.059082110853,3.104385856766326,1,1,3,0
33.34166666666667,916.6208968744546,550.5270358074351,3.0917839794975785,1,1,3,0
33.35,916.7261387712108,550.2108392821676,3.130181086461777,1,1,3,0
33.358333333333334,916.4372803640485,550.7713771501313,3.070090298753406,1,1,3,0
33.36666666666667,917.0082417491259,551.4711384845442,3.1552034892163023,1,1,3,0
33.375,917.4958619555972,551.9316767588571,3.0814523637587277,1,1,3,0
33.38333333333333,917.4722414848345,552.4427048408189,3.0998111368021473,1,1,3,0
33.391666666666666,917.1977937208001,552.6177609959935,3.151605384994036,1,1,3,0
33.4,916.5109221598909,552.7962828834255,3.130606179377966,1,1,3,0
33.40833333333333,917.0514641588838,552.3566550268484,3.1082570020889526,1,1,3,0
33.416666666666664,917.5362958137104,552.3860701383902,3.109162299646981,1,1,3,0
33.425,917.1118608758738,552.9798679959376,3.1268393944198514,1,1,3,0
33.43333333333333,916.5512383574371,553.6398671838351,3.1261066562248754,1,1,3,0
33.44166666666667,916.466175131955,553.6164272262537,3.0665421120922294,1,1,3,0
33.45,916.0051803251682,554.2591632926365,3.0960061269248866,1,1,3,0
33.458333333333336,915.9988293980048,554.6803326115695,3.1443606746510664,1,1,3,0
33.46666666666667,916.2794416958957,554.2296344879694,3.122107692080547,1,1,3,0
33.475,916.457662807156,554.7672815129566,3.1077997658426395,1,1,3,0
33.483333333333334,917.0641905196201,554.7605111358811,3.1059604166235717,1,1,3,0
33.49166666666667,916.8272288764292,554.680912580501,3.116622372762134,1,1,3,0
33.5,915.9963869778041,554.390546890679,3.0831200419870157,1,1,3,0
33.50833333333333,916.4953143473602,554.3473538700523,3.1329350641000935,1,1,3,0
33.516666666666666,916.7132683446973,553.8027153541399,3.139829704537825,1,1,3,0
33.525,916.4342389946116,553.0894163698003,3.0700099700143815,1,1,3,0
33.53333333333333,916.1125048200145,552.4570119594193,3.091374267338582,1,1,3,0
33.541666666666664,917.2292434281985,552.2927443603979,3.1029973382317326,1,1,3,0
33.55,917.5241663342774,552.2055632420082,3.12724306081081,1,1,3,0
33.55833333333333,917.8501105004354,551.8772224587375,3.085331642026722,1,1,3,0
33.56666666666667,916.9603904694843,551.6503511460301,3.0933845899812282,1,1,3,0
33.575,917.4209505859584,552.4070364152888,3.096115973025113,1,1,3,0
33.583333333333336,917.5100770652446,553.288008195852,3.105401659809631,1,1,3,0
33.59166666666667,916.7404904028493,553.421817298822,3.1171014397025076,1,1,3,0
33.6,916.9361805558915,554.0985057865047,3.1028047033413886,1,1,3,0
33.608333333333334,916.4218046057883,553.939257676954,3.1061294215822377,1,1,3,0
33.61666666666667,916.4154464186299,554.4039493474576,3.0950109605249216,1,1,3,0
33.625,916.3366387329751,553.9939962674964,3.105353535303901,1,1,3,0
33.63333333333333,915.9282081814986,554.7162722307747,3.090323336280637,1,1,3,0
33.641666666666666,915.8243394835273,555.2103849319194,3.1079008497280345,1,1,3,0
33.65,915.5742783068998,555.7238891170048,3.0842801876885764,1,1,3,0
33.65833333333333,914.9182473802686,556.2306748865221,3.0868297852577715,1,1,3,0
33.666666666666664,915.2335631697927,556.4746770655286,3.1260122083739215,1,1,3,0
33.675,916.2253507988389,556.3184922091182,3.0990348157972747,1,1,3,0
33.68333333333333,916.4780677560744,557.0352024184313,3.1309170026142987,1,1,3,0
33.69166666666667,917.2167321026512,557.8838574609399,3.126377529615445,1,1,3,0
33.7,917.6023221760846,557.4643387269952,3.1218576568578498,1,1,3,0
33.708333333333336,917.1289546190949,557.3515463853154,3.1097800913616482,1,1,3,0
33.71666666666667,917.0801265209102,557.3194177823558,3.0990890014475427,1,1,3,0
33.725,916.6012274401639,556.9802347239696,3.133862473174882,1,1,3,0
33.733333333333334,916.8977070932873,556.5601018525805,3.09608176427103,1,1,3,0
33.74166666666667,916.1707333313757,556.1296370274812,3.1095483534886976,1,1,3,0
33.75,916.5299275299963,556.009869600501,3.128493605373118,1,1,3,0
33.75833333333333,916.273678261767,555.2692249623888,3.121150595528418,1,1,3,0
33.766666666666666,915.4897613041104,555.8573781926175,3.0722531161718876,1,1,3,0
33.775,915.0813743713339,555.9454420749795,3.1062716130751635,1,1,3,0
33.78333333333333,915.7663220191477,555.4625873541049,3.076411318319982,1,1,3,0
33.791666666666664,914.8324783662127,555.5292397384878,3.1115750905520683,1,1,3,0
33.8,914.7114003578648,555.2024230994629,3.046947782907422,1,1,3,0
33.80833333333333,915.3704437776126,555.3688698088419,3.123666514473463,1,1,3,0
33.81666666666667,915.6757032688532,555.5924526840823,3.083904113041214,1,1,3,0
33.825,915.6094240806591,555.9796698146353,3.1092044309217854,1,1,3,0
33.833333333333336,914.593364884631,555.3965935901318,3.1293414978304597,1,1,3,0
33.84166666666667,915.4761016900856,556.0050866661269,3.0955398366656315,1,1,3,0
33.85,916.1191764299697,556.6720597389267,3.0961501201226747,1,1,3,0
33.858333333333334,916.6590380174138,557.4138292323929,3.0917555955850573,1,1,3,0
33.86666666666667,916.2409535895122,557.2955070493041,3.1235548846649586,1,1,3,0
33.875,916.275673053822,556.7571119820027,3.114583046460185,1,1,3,0
33.88333333333333,916.5199478947351,556.8246574390621,3.113218296102364,1,1,3,0
33.891666666666666,916.1565689287786,556.5594817147177,3.1229281728565446,1,1,3,0
33.9,916.431147521551,556.6462495721183,3.137848775095551,1,1,3,0
33.90833333333333,916.0832251034765,557.0981280940068,3.097043722843606,1,1,3,0
33.916666666666664,916.7863617038056,556.5548935959342,3.107857894887943,1,1,3,0
33.925,916.723639769318,557.2285441671609,3.0884688267868943,1,1,3,0
33.93333333333333,916.5739326995364,556.9149380414212,3.1178368989932443,1,1,3,0
33.94166666666667,916.7710791495853,557.7110477575453,3.098794224488937,1,1,3,0
33.95,916.7533990624767,558.031072800785,3.1139854752138567,1,1,3,0
33.958333333333336,916.4345293682658,558.5764465648574,3.1185724947291895,1,1,3,0
33.96666666666667,916.2264866581369,558.1547087781519,3.1115364522886284,1,1,3,0
33.975,916.3211369207369,557.7647335979334,3.11828761685394,1,1,3,0
33.983333333333334,916.1441454992638,557.6602607499563,3.1083256355577134,1,1,3,0
33.99166666666667,916.7146800338024,557.0005458968373,3.1049971727166077,1,1,3,0
34.0,917.0081575834835,557.7252945101108,3.088449206537121,1,1,3,0
34.00833333333333,916.2561638609013,556.6196917260733,3.134978620943007,1,1,3,0
34.016666666666666,916.490899890047,557.3623891488038,3.1324830053993677,1,1,3,0
34.025,916.3764504810216,557.630011284629,3.083917880614776,1,1,3,0
34.03333333333333,916.1444491824365,558.057444483238,3.068117154900296,1,1,3,0
34.041666666666664,916.7302697819233,558.0399077377074,3.141872540197674,1,1,3,0
34.05,915.8483451807002,557.9102488450304,3.1185994938540547,1,1,3,0
34.05833333333333,915.7893075788289,558.2403309278183,3.114263084734084,1,1,3,0
34.06666666666667,915.6113942001748,557.6367896039551,3.0830507235196567,1,1,3,0
34.075,915.8792888861224,557.3842795396057,3.1346158979138288,1,1,3,0
34.083333333333336,915.980678019366,557.398631088767,3.1151872989736114,1,1,3,0
34.09166666666667,789.071048877156,760.9094840151433,3.114510405824823,1,1,3,0
34.1,789.070658157508,760.8436484353226,3.133003012286038,1,1,3,0
34.108333333333334,915.9882784354131,556.2912075018969,3.1052447726352628,1,1,3,0
34.11666666666667,916.0886487248418,556.4209808849025,3.1116397166878547,1,1,3,0
34.125,916.5282116828798,557.1892072007985,3.0934275261734485,1,1,3,0
34.13333333333333,916.8188699473276,556.8373454399702,3.131701515792057,1,1,3,0
34.141666666666666,915.9298194893305,557.0794806612231,3.102267071373363,1,1,3,0
34.15,916.8112030394716,556.9789958175744,3.148303731490512,1,1,3,0
34.15833333333333,916.1336103111521,556.57872089966,3.0807411765245076,1,1,3,0
34.166666666666664,915.8929050639574,556.3065078051942,3.0876785523891828,1,1,3,0
34.175,915.624980190453,555.7133140549066,3.148026518639386,1,1,3,0
34.18333333333333,915.3524747054613,555.7961029773236,3.110402325862201,1,1,3,0
34.19166666666667,915.5044466629025,555.9617618910569,3.1068062587753977,1,1,3,0
34.2,915.7760201147156,556.7061192507516,3.1256588854258838,1,1,3,0
34.208333333333336,914.9814402798893,556.134162476543,3.1422869405071743,1,1,3,0
34.21666666666667,914.8660158107886,556.0387684204065,3.143584259989937,1,1,3,0
34.225,914.2787426937623,556.1089439456184,3.1304017472632157,1,1,3,0
34.233333333333334,913.524722053132,556.2411817605478,3.117507667608436,1,1,3,0
34.24166666666667,913.4477824354019,556.3299054995922,3.154334255851335,1,1,3,0
34.25,913.3291725507794,555.9649565600492,3.1406176605204443,1,1,3,0
34.25833333333333,912.6623784210725,555.3706688682373,3.132544324946591,1,1,3,0
34.266666666666666,913.2710938185879,554.3441637115247,3.1465443417786068,1,1,3,0
34.275,913.7582404426121,554.0835075756484,3.1050012158167215,1,1,3,0
34.28333333333333,912.6980021332382,553.5913751009575,3.1155910409174234,1,1,3,0
34.291666666666664,912.8448473882688,553.5387896178574,3.106985744404668,1,1,3,0
34.3,913.3044065699809,553.7985405120094,3.0971484726208978,1,1,3,0
34.30833333333333,913.8267728209838,553.108527382319,3.11079842545605,1,1,3,0
34.31666666666667,913.3534668101673,552.5984946532923,3.125721888234467,1,1,3,0
34.325,913.5637783102266,552.7688584444087,3.134661646886677,1,1,3,0
34.333333333333336,913.950033728563,552.3916636228494,3.126104544647341,1,1,3,0
34.34166666666667,914.1090978823995,551.2242113748573,3.132635715023431,1,1,3,0
34.35,914.1933230430535,551.8041077878714,3.122801470936501,1,1,3,0
34.358333333333334,914.7016929502479,552.0297999052597,3.0776445506841146,1,1,3,0
34.36666666666667,915.1555781995775,551.1824269570761,3.1519403818057112,1,1,3,0
34.375,915.1284156091111,551.3175940133735,3.1128977676593657,1,1,3,0
34.38333333333333,915.3477925163463,551.5530059495057,3.1514353762091,1,1,3,0
34.391666666666666,915.4987894187622,551.3559982288681,3.102912224520242,1,1,3,0
34.4,915.3514856409216,551.0447914371625,3.1652880535074592,1,1,3,0
34.40833333333333,915.7945753108,550.5546516623098,3.1385540085847867,1,1,3,0
34.416666666666664,916.3176925760114,550.7163985156994,3.1098640504533273,1,1,3,0
34.425,916.7613378343997,549.7399665941248,3.0854844616177632,1,1,3,0
34.43333333333333,917.3991437704279,549.9269065291998,3.1712209171600008,1,1,3,0
34.44166666666667,917.2521680923579,549.8925961533467,3.118535884482389,1,1,3,0
34.45,917.061349972718,549.8409692495494,3.195436603831249,1,1,3,0
34.458333333333336,917.3633783987005,548.5474246181794,3.130360034544433,1,1,3,0
34.46666666666667,917.7385900311108,548.1042607056419,3.117312827816523,1,1,3,0
34.475,918.042302601822,548.6943397111228,3.1343235321035903,1,1,3,0
34.483333333333334,918.1900445813707,549.0070244890544,3.120107851652442,1,1,3,0
34.49166666666667,917.5819278342598,548.9232921282628,3.1285314752951403,1,1,3,0
34.5,917.9010570587246,549.3908783637639,3.135578595879622,1,1,3,0
34.50833333333333,917.4238283622008,548.8578494014145,3.1349476990489205,1,1,3,0
34.516666666666666,917.2712092330555,548.5534334432981,3.1394636253658557,1,1,3,0
34.525,917.5744094514711,549.2039580569152,3.157842560858388,1,1,3,0
34.53333333333333,918.3790092730088,549.5691062753929,3.128897549143354,1,1,3,0
34.541666666666664,918.818404061814,549.5021353714446,3.1592791768316077,1,1,3,0
34.55,918.6759183022446,549.9814472097106,3.158288430626888,1,1,3,0
34.55833333333333,918.4590226801863,549.9313388421814,3.1486403789946533,1,1,3,0
34.56666666666667,917.438649313757,549.5061228916838,3.15510746958559,1,1,3,0
34.575,916.9941632949597,548.9026322913513,3.1447704488314066,1,1,3,0
34.583333333333336,917.1453167868614,549.098791041898,3.1380879763559566,1,1,3,0
34.59166666666667,917.2106264194852,548.6296829762392,3.150945353053299,1,1,3,0
34.6,918.1896457154501,548.4798406503302,3.162851502709598,1,1,3,0
34.608333333333334,918.678963164297,548.5002051251571,3.1712317797507525,1,1,3,0
34.61666666666667,918.5571138867626,548.6114272219032,3.159360841763879,1,1,3,0
34.625,918.0400538196808,548.5886344663479,3.155271943499289,1,1,3,0
34.63333333333333,917.3828467384592,548.34435954003,3.147835267889993,1,1,3,0
34.641666666666666,917.393362242439,547.8678938102202,3.1907614807756155,1,1,3,0
34.65,917.6319306740974,547.3259677965273,3.138872700609888,1,1,3,0
34.65833333333333,917.7485352334215,547.269878785271,3.1624120402272666,1,1,3,0
34.666666666666664,917.5197480025365,547.6754792123098,3.200600085513301,1,1,3,0
34.675,935.752611818386,469.3024652633257,3.173953933318433,1,1,3,0
34.68333333333333,935.7069822174727,468.7735204513519,3.155413548444172,1,1,3,0
34.69166666666667,918.2452224531638,546.2781051291357,3.1768427255576266,1,1,3,0
34.7,917.8091086669115,546.4638551484145,3.139362463731243,1,1,3,0
34.708333333333336,918.6133703596579,546.6741151553144,3.18050786190171,1,1,3,0
34.71666666666667,918.6688612926213,546.4289180524426,3.18354786254939,1,1,3,0
34.725,919.3627357977061,546.116513202621,3.1590825131287064,1,1,3,0
34.733333333333334,919.7655684476954,545.4836489803495,3.1551747482869397,1,1,3,0
34.74166666666667,919.5327324633913,545.0783525010211,3.161451463323113,1,1,3,0
34.75,920.0121719714105,545.3579288899493,3.1777662707631347,1,1,3,0
34.75833333333333,820.2194613502121,761.2486485593045,3.1964251638799994,1,1,3,0
34.766666666666666,820.5319405000441,761.2480121011439,3.130379050542087,1,1,3,0
34.775,922.1197131131925,544.4779265432833,3.1637708987626105,1,1,3,0
34.78333333333333,921.5257700825612,544.9504255867582,3.1544255290721908,1,1,3,0
34.791666666666664,921.4235510097532,545.5191085641693,3.1876267095634816,1,1,3,0
34.8,921.0657299706572,545.4543833343536,3.1458571672114757,1,1,3,0
34.80833333333333,921.3887802921057,545.0171384296541,3.185895276428377,1,1,3,0
34.81666666666667,921.2446612330051,544.3688838073093,3.2029822280572753,1,1,3,0
34.825,921.409519367697,544.0776374428892,3.1864619119232978,1,1,3,0
34.833333333333336,920.7650580131814,544.3510410275301,3.1790403897261834,1,1,3,0
34.84166666666667,919.8763830642258,544.4189797215348,3.1607071436518472,1,1,3,0
34.85,919.975710038446,544.1004764488164,3.1973624507995386,1,1,3,0
34.858333333333334,920.4610357524491,544.2969791969435,3.174498413139325,1,1,3,0
34.86666666666667,919.536893215107,544.0642694140166,3.1798339037160233,1,1,3,0
34.875,919.710215661368,543.7565921596857,3.1827656884158997,1,1,3,0
34.88333333333333,920.3749004592213,544.6097746756889,3.203416560138658,1,1,3,0
34.891666666666666,921.3005337315801,545.2276264634526,3.1585851669600458,1,1,3,0
34.9,921.0311038956079,545.4666782186828,3.1517405050568796,1,1,3,0
34.90833333333333,921.2604571770825,545.7530476284458,3.187194173063977,1,1,3,0
34.916666666666664,921.7227556847153,546.5265427888529,3.1709473497575376,1,1,3,0
34.925,921.538774602745,547.0756460355423,3.1581213409037017,1,1,3,0
34.93333333333333,921.2694892077182,547.1374612238535,3.1612019862154996,1,1,3,0
34.94166666666667,921.8583320448057,547.1309178979392,3.185354564256509,1,1,3,0
34.95,921.5174456910519,546.2535807244915,3.154797370247464,1,1,3,0
34.958333333333336,921.8797025442626,544.6161411042134,3.1940452066677043,1,1,3,0
34.96666666666667,921.3034244154194,544.8611275857546,3.1737727647432803,1,1,3,0
34.975,921.0486980752784,544.9953562204483,3.1936944145800807,1,1,3,0
34.983333333333334,920.6551191112454,545.186058925889,3.189363502696994,1,1,3,0
34.99166666666667,921.1084641380852,545.302585573879,3.2085243316148286,1,1,3,0
35.0,921.0960250996653,545.6798774835039,3.1944853582463884,1,1,3,0
35.00833333333333,922.3623070054973,546.175313153882,3.1616757560594104,1,1,3,0
35.016666666666666,921.5915221947621,546.2230401943821,3.181940904985231,1,1,3,0
35.025,921.3225090899,545.606605124267,3.202963658323057,1,1,3,0
35.03333333333333,920.6088239253377,545.9811672216559,3.1929646914474854,1,1,3,0
35.041666666666664,920.5298090188851,546.0817799013413,3.201698176356945,1,1,3,0
35.05,921.7372430339794,546.0349818128918,3.2259659085671415,1,1,3,0
35.05833333333333,921.1000158417551,546.5933420549408,3.2021295247822783,1,1,3,0
35.06666666666667,921.446195902751,546.4812463319121,3.225447869162851,1,1,3,0
35.075,921.6214837205362,546.3288180177552,3.211777583240154,1,1,3,0
35.083333333333336,921.11055976202,546.4424388775846,3.185124604904028,1,1,3,0
35.09166666666667,921.3931581736432,545.8202277731083,3.1907769074420496,1,1,3,0
35.1,921.2828103405883,545.8468316686693,3.219588861973277,1,1,3,0
35.108333333333334,921.4868364560645,545.2859059610055,3.168755434567569,1,1,3,0
35.11666666666667,921.5388347309861,545.6655176779919,3.1792004091826582,1,1,3,0
35.125,921.8792798455446,544.9308832235431,3.1965644909460655,1,1,3,0
35.13333333333333,921.6571295064966,545.295931454817,3.2159077765227684,1,1,3,0
35.141666666666666,922.3034713966831,544.7828658796101,3.210069428747429,1,1,3,0
35.15,922.3679931270987,545.1987000282661,3.2068535783398264,1,1,3,0
35.15833333333333,922.2511278805871,544.6344695731859,3.2518335775554394,1,1,3,0
35.166666666666664,922.5719170638857,544.0795978077566,3.2508991696950136,1,1,3,0
35.175,922.323971985149,542.3462302547651,3.235237247937618,1,1,3,0
35.18333333333333,922.5236809897259,542.5710231317433,3.2678052607968366,1,1,3,0
35.19166666666667,922.813376109449,543.153863755663,3.2079490112233238,1,1,3,0
35.2,921.960720517133,543.781158871761,3.2590177321270883,1,1,3,0
35.208333333333336,921.3324033224208,542.762863224042,3.1922109520171316,1,1,3,0
35.21666666666667,920.8902391106245,543.1989717849399,3.2446586992724806,1,1,3,0
35.225,920.9620502521861,542.6930093488301,3.2117511062232564,1,1,3,0
35.233333333333334,920.5101157269133,542.4332893986779,3.2262235592993083,1,1,3,0
35.24166666666667,920.4913139495272,542.3732706180328,3.2249831344891056,1,1,3,0
35.25,920.5005146766999,542.3944854445147,3.2704999926692757,1,1,3,0
35.25833333333333,920.4661454265082,542.5127252137293,3.232171687747418,1,1,3,0
35.266666666666666,920.8530110884277,541.5817317467973,3.235521558371171,1,1,3,0
35.275,920.5111978459629,541.1987692677685,3.183055629952927,1,1,3,0
35.28333333333333,920.8481436250453,541.1288633959582,3.225949586921108,1,1,3,0
35.291666666666664,920.3785680766671,542.6351266598767,3.225946124942754,1,1,3,0
35.3,919.6009959363564,541.8067585482692,3.2169005857356128,1,1,3,0
35.30833333333333,919.7007455751686,542.0965958368193,3.2062680917853346,1,1,3,0
35.31666666666667,920.1265564182158,542.8532600722422,3.23494326375494,1,1,3,0
35.325,919.6986871118816,543.0215970957771,3.276448404547344,1,1,3,0
35.333333333333336,919.588703287916,543.4785271944824,3.1798350011061935,1,1,3,0
35.34166666666667,919.5221873805513,543.1469067964372,3.2606053727568014,1,1,3,0
35.35,919.8668402657651,542.646135348705,3.2246705219666536,1,1,3,0
35.358333333333334,920.0242418275581,543.4336039546309,3.20981689504331,1,1,3,0
35.36666666666667,920.370174678106,542.6610483392948,3.2309908152830764,1,1,3,0
35.375,919.6755148429218,543.3663754134892,3.2170808302202194,1,1,3,0
35.38333333333333,920.0785008237117,543.6208674586035,3.2711318889496646,1,1,3,0
35.391666666666666,920.1052622927864,543.4298831602545,3.2512648232078707,1,1,3,0
35.4,919.0499012788874,543.4241687498284,3.2393623417378357,1,1,3,0
35.40833333333333,919.0976164114606,542.9945957725674,3.2349059154048585,1,1,3,0
35.416666666666664,919.5440022105454,543.2054490392748,3.2654265982698973,1,1,3,0
35.425,919.9173618942673,543.8701394879246,3.261923957306313,1,1,3,0
35.43333333333333,919.6795000421747,544.7288306250055,3.2362544150585713,1,1,3,0
35.44166666666667,920.4808015461939,545.5611809144422,3.278032679712399,1,1,3,0
35.45,920.4579265391255,544.936836226733,3.2603193210105226,1,1,3,0
35.458333333333336,920.3929311253637,543.6507048973893,3.2353704200254283,1,1,3,0
35.46666666666667,919.5580679994217,544.464968655195,3.2698204538426214,1,1,3,0
35.475,918.8366808462548,544.4913657752804,3.2666669702150517,1,1,3,0
35.483333333333334,918.5998694675565,544.1992722832968,3.277370938318229,1,1,3,0
35.49166666666667,918.7814513077683,544.1586391162906,3.2673408296368125,1,1,3,0
35.5,918.9747467212694,543.9196507490758,3.2747730124568406,1,1,3,0
35.50833333333333,920.2806490215393,543.3609452267301,3.320185511556711,1,1,3,0
35.516666666666666,919.9013235041446,543.2037201634323,3.2948198434274913,1,1,3,0
35.525,919.7039959900364,543.8133504571487,3.2386489998477987,1,1,3,0
35.53333333333333,919.7327168562941,543.7453034931613,3.257204626382075,1,1,3,0
35.541666666666664,918.8610690393141,544.605992682993,3.2697363529168966,1,1,3,0
35.55,918.4904306538978,544.437325595627,3.2754847673236642,1,1,3,0
35.55833333333333,918.178721189685,543.7172841187052,3.2884305440391763,1,1,3,0
35.56666666666667,918.47841937987,544.0808709032707,3.260147546912069,1,1,3,0
35.575,918.5733552567372,544.361534957252,3.264004987266442,1,1,3,0
35.583333333333336,918.9272083616718,543.8538389160237,3.2835607254213155,1,1,3,0
35.59166666666667,919.0631609996889,544.2939561860624,3.29405269369821,1,1,3,0
35.6,920.1006709612793,544.17380904896,3.2532110881340692,1,1,3,0
35.608333333333334,919.3891172504616,543.0629314156029,3.238854585292626,1,1,3,0
35.61666666666667,918.8935518215746,543.8554444693407,3.2652112229382952,1,1,3,0
35.625,920.2329890031101,543.8381011666015,3.25696499021467,1,1,3,0
35.63333333333333,920.4627231195916,543.264880441271,3.2758925737730564,1,1,3,0
35.641666666666666,920.1506944649279,543.3955444246706,3.3132715856157406,1,1,3,0
35.65,920.496649934061,543.4736504555825,3.267693554945569,1,1,3,0
35.65833333333333,920.3633482375338,543.7178502085668,3.2679753975803605,1,1,3,0
35.666666666666664,920.8398312923201,544.2472717545451,3.315699999394202,1,1,3,0
35.675,919.8759641762158,543.654852958859,3.296110111244436,1,1,3,0
35.68333333333333,921.1347830804565,543.7810473379078,3.2903782139022253,1,1,3,0
35.69166666666667,920.8895554650092,543.1095983193505,3.277671436084589,1,1,3,0
35.7,920.9853288852412,543.3461354602316,3.244920160593395,1,1,3,0
35.708333333333336,920.7871874172132,542.7769236323558,3.270589440157116,1,1,3,0
35.71666666666667,920.4415515769223,543.2031722808117,3.2731927755807377,1,1,3,0
35.725,920.0288934822078,542.5963065738878,3.3092280724621355,1,1,3,0
35.733333333333334,920.3389818612685,543.391731677935,3.2758384090712163,1,1,3,0
35.74166666666667,920.6395512911644,542.6793095580392,3.271211493898775,1,1,3,0
35.75,920.8038374361438,542.5337192200426,3.3194064481383347,1,1,3,0
35.75833333333333,920.6837831915423,542.5811083485614,3.2700489431517257,1,1,3,0
35.766666666666666,921.0244209410614,542.8514841382125,3.312885945073247,1,1,3,0
35.775,920.6503643806894,542.2697671707479,3.2851539321365544,1,1,3,0
35.78333333333333,920.2484117903965,542.2319117915785,3.2677412385496707,1,1,3,0
35.791666666666664,1267.5476608034996,562.4141904375755,3.2857398142762775,1,1,3,0
35.8,1267.9283029448754,562.3855281082298,3.246374771790003,1,1,3,0
35.80833333333333,920.0801907358411,540.7942794525515,3.272002576501586,1,1,3,0
35.81666666666667,920.2113852036133,541.2364074173532,3.2922586155675866,1,1,3,0
35.825,920.2557142118674,542.0389224695213,3.2900346081200174,1,1,3,0
35.833333333333336,920.1164662636666,542.6882876764224,3.298370589850565,1,1,3,0
35.84166666666667,920.2646702053667,542.4469189313598,3.30562549933899,1,1,3,0
35.85,920.3450647924101,543.6665531999691,3.294071499587037,1,1,3,0
35.858333333333334,920.0401931440271,543.6127162679439,3.2936521983703195,1,1,3,0
35.86666666666667,919.718500841707,544.1248222350456,3.286902668935496,1,1,3,0
35.875,920.1418692136854,544.2206489737047,3.275803544545974,1,1,3,0
35.88333333333333,919.7838971579439,543.8912933708725,3.292363181414961,1,1,3,0
35.891666666666666,919.6810395173459,543.8883590931713,3.3067032418826865,1,1,3,0
35.9,920.3002030035874,543.6829821873728,3.284674039396884,1,1,3,0
35.90833333333333,919.3503280217901,543.1695472023238,3.3154684911961736,1,1,3,0
35.916666666666664,918.6606545375504,543.0595030147881,3.250141978397651,1,1,3,0
35.925,918.1307149454871,543.0349815967589,3.308540628957415,1,1,3,0
35.93333333333333,918.9373499092361,543.2229295839481,3.293039929586713,1,1,3,0
35.94166666666667,919.1910915712509,543.3386033749971,3.309759260985115,1,1,3,0
35.95,919.4921376898609,543.3735838843367,3.2923382724420756,1,1,3,0
35.958333333333336,918.618701124894,543.0349042846564,3.3173397527461925,1,1,3,0
35.96666666666667,919.1098934069017,543.2074311152315,3.275448240299575,1,1,3,0
35.975,919.6926476659539,542.526692968036,3.288626287684229,1,1,3,0
35.983333333333334,919.0348954675381,542.7968213270758,3.290844740763157,1,1,3,0
35.99166666666667,919.4941564256231,543.4651156663128,3.2694725746063944,1,1,3,0
36.0,919.2389149591982,544.0258325882127,3.2640168816270405,1,1,3,0
36.00833333333333,919.1104099984846,543.2307717569494,3.299183638427235,1,1,3,0
36.016666666666666,918.9906659775611,542.6031151188492,3.310266130035897,1,1,3,0
36.025,918.9795668560294,542.155809348806,3.284897819629883,1,1,3,0
36.03333333333333,918.446129522199,541.5603879679168,3.3006053930274786,1,1,3,0
36.041666666666664,918.3644892884624,541.4021160378327,3.314170169185887,1,1,3,0
36.05,918.1157171020469,541.616939837603,3.2757975381126676,1,1,3,0
36.05833333333333,918.0428775154205,540.8887167369785,3.275331326593476,1,1,3,0
36.06666666666667,918.0444980664777,540.7547788710325,3.275403962274349,1,1,3,0
36.075,917.6723269241595,540.5724257139644,3.290326660773787,1,1,3,0
36.083333333333336,917.7175416061249,540.6745697318107,3.300779974564651,1,1,3,0
36.09166666666667,917.6183112477806,541.5070968221709,3.296704811913055,1,1,3,0
36.1,918.2194204937969,542.1892153108226,3.3192536948950817,1,1,3,0
36.108333333333334,917.5959517613431,542.1484681915864,3.267405952269165,1,1,3,0
36.11666666666667,917.1606622844295,541.4008863776422,3.320628101806007,1,1,3,0
36.125,916.76564311626,541.861859556218,3.25208346646446,1,1,3,0
36.13333333333333,916.6220281916001,542.3028993171519,3.290389692219414,1,1,3,0
36.141666666666666,916.8240056865561,542.8665288282448,3.327115368430332,1,1,3,0
36.15,917.2661806990213,542.5436379784963,3.3118445034657418,1,1,3,0
36.15833333333333,917.4271609764006,541.7756823233709,3.303596092800134,1,1,3,0
36.166666666666664,917.8771929154206,541.8337815750491,3.2833960125253485,1,1,3,0
36.175,917.3495520316599,541.9254158257664,3.280738457826647,1,1,3,0
36.18333333333333,916.8595202336785,540.9381567814264,3.289414981649982,1,1,3,0
36.19166666666667,917.092625860217,540.8276395763155,3.3178052471748285,1,1,3,0
36.2,917.3858975808743,540.7383211341433,3.3197412183379185,1,1,3,0
36.208333333333336,917.0678303398255,540.9728412961773,3.3175815283746086,1,1,3,0
36.21666666666667,916.5986179061672,541.036509334475,3.2858176630746354,1,1,3,0
36.225,916.5369959506838,540.5955043513454,3.279515478715026,1,1,3,0
36.233333333333334,916.8893129844515,540.2325727487412,3.3346024089838378,1,1,3,0
36.24166666666667,917.1965907995323,540.6113190224597,3.2964761679509094,1,1,3,0
36.25,917.0648616510756,539.6434798767277,3.3052975356044825,1,1,3,0
36.25833333333333,917.8492309677198,539.2981032822155,3.2963120493799076,1,1,3,0
36.266666666666666,917.285798349021,539.6137682904961,3.304065702016507,1,1,3,0
36.275,,,,0,1,3,0
36.28333333333333,,,,0,1,3,0
36.291666666666664,,,,0,1,3,0
36.3,,,,0,1,3,0
36.30833333333333,,,,0,1,3,0
36.31666666666667,,,,0,1,3,0
36.325,,,,0,1,3,0
36.333333333333336,,,,0,1,3,0
36.34166666666667,918.9615846326843,540.8462809711914,3.3014634668849445,1,1,3,0
36.35,918.2517436587475,541.3461113948596,3.3254317118054577,1,1,3,0
36.358333333333334,917.8502724967691,541.0217229724907,3.3298120628822714,1,1,3,0
36.36666666666667,917.2833074309838,541.360257937931,3.294535021850686,1,1,3,0
36.375,917.1090300373647,541.6229382234006,3.301657679052628,1,1,3,0
36.38333333333333,917.499380571574,542.3181230733429,3.3338488586228583,1,1,3,0
36.391666666666666,917.7017836640717,540.9645907539403,3.3575523515878927,1,1,3,0
36.4,917.2082083568758,541.2840129841246,3.331174461014316,1,1,3,0
36.40833333333333,916.7208798851156,541.6958419271542,3.28950158999373,1,1,3,0
36.416666666666664,916.1319289430472,542.2495075288754,3.2401854241251815,1,1,3,0
36.425,915.7720018928602,541.6232522627674,3.3127159252166805,1,1,3,0
36.43333333333333,916.0562675270894,541.3076842048964,3.295182273248946,1,1,3,0
36.44166666666667,916.4215913555897,541.2830795176657,3.3016012481045545,1,1,3,0
36.45,916.3424089338076,541.5942285870299,3.308147867690881,1,1,3,0
36.458333333333336,916.8389219255254,541.5056135504991,3.2905405324036,1,1,3,0
36.46666666666667,917.3278192845672,542.5277223132148,3.2902399889296814,1,1,3,0
36.475,917.1612615725829,542.4161015826298,3.272773838189732,1,1,3,0
36.483333333333334,917.2374753129524,542.507497202759,3.307052363573236,1,1,3,0
36.49166666666667,917.5696625597406,542.9796774341798,3.3067267639466023,1,1,3,0
36.5,917.2232247327701,542.7233001765088,3.301525501740694,1,1,3,0
36.50833333333333,917.7879837664201,542.0649496730256,3.2889743548067796,1,1,3,0
36.516666666666666,918.1974196371378,542.2432684762977,3.3016551128111216,1,1,3,0
36.525,918.5395224766058,542.554944125814,3.316894097076574,1,1,3,0
36.53333333333333,918.7024029736297,541.962542670913,3.3023333615773662,1,1,3,0
36.541666666666664,918.8086616386499,542.2762434466213,3.305603276187073,1,1,3,0
36.55,918.8105379995009,542.4562318479404,3.296708666988386,1,1,3,0
36.55833333333333,919.2371700815343,541.8837055281949,3.315314489353044,1,1,3,0
36.56666666666667,919.9160181179013,541.6680763016222,3.3223896957915477,1,1,3,0
36.575,920.2710827092753,540.9994326856892,3.234213552681145,1,1,3,0
36.583333333333336,920.2531521231357,540.2774404775279,3.2842540491525147,1,1,3,0
36.59166666666667,919.7096374839728,540.3624771058176,3.300033770499409,1,1,3,0
36.6,919.4442906321675,540.480592784748,3.284762168993029,1,1,3,0
36.608333333333334,918.9236714918368,540.9235397871859,3.2639156231626933,1,1,3,0
36.61666666666667,918.4781034793164,539.8502606045853,3.2761726591837594,1,1,3,0
36.625,918.4685368302423,540.2950036828648,3.2711684617855443,1,1,3,0
36.63333333333333,917.971979156827,540.3120659180029,3.2715775938178804,1,1,3,0
36.641666666666666,917.7238369549525,540.6335850612129,3.2313585645761904,1,1,3,0
36.65,918.2163777725656,540.0114465531648,3.2752545117243486,1,1,3,0
36.65833333333333,917.9723766740481,539.7400186063775,3.304061845090947,1,1,3,0
36.666666666666664,918.2194657850782,539.76978570694,3.303134443052127,1,1,3,0
36.675,918.5386834954661,540.0368774210949,3.2544583150327813,1,1,3,0
36.68333333333333,918.9720922814262,540.1480882222561,3.2775076249339987,1,1,3,0
36.69166666666667,918.9094423421533,539.8942239418549,3.2977143599929573,1,1,3,0
36.7,919.229239293482,540.0894144253809,3.287703323265041,1,1,3,0
36.708333333333336,918.82858178087,540.5755540860997,3.271340185835208,1,1,3,0
36.71666666666667,918.8685468168383,540.5114750993156,3.3350586770379858,1,1,3,0
36.725,919.389087389028,539.3644928027197,3.2883029709972407,1,1,3,0
36.733333333333334,919.8809664227737,539.8322258026029,3.2741938923897225,1,1,3,0
36.74166666666667,920.174331133104,539.1830541226856,3.289100105209549,1,1,3,0
36.75,920.2694352603411,539.6366502278573,3.2905218236271434,1,1,3,0
36.75833333333333,920.2476569221968,538.6598260347153,3.2993344030444542,1,1,3,0
36.766666666666666,920.4546815009872,538.7985156361555,3.2672580074639805,1,1,3,0
36.775,920.955201373574,538.225548362448,3.2663662047046915,1,1,3,0
36.78333333333333,920.2480479754308,537.9319261112745,3.3041323528922164,1,1,3,0
36.791666666666664,920.7273479021903,537.9958068745217,3.26508111343788,1,1,3,0
36.8,920.9225674162354,538.0313248443169,3.266182011671164,1,1,3,0
36.80833333333333,919.8649337663659,538.7751492291317,3.261642149225813,1,1,3,0
36.81666666666667,920.453097777732,539.1180697046638,3.2630888108488874,1,1,3,0
36.825,920.8100684371002,538.3403277577441,3.2630167073176186,1,1,3,0
36.833333333333336,920.7498296897458,538.2056835002002,3.290941640339039,1,1,3,0
36.84166666666667,921.1910811719124,538.387680398517,3.2479418140634326,1,1,3,0
36.85,921.572620162604,538.5589966922154,3.2741021605738156,1,1,3,0
36.858333333333334,921.5462816264671,539.2859591686363,3.262170141202806,1,1,3,0
36.86666666666667,921.28819269662,539.5333794940503,3.2657474046045754,1,1,3,0
36.875,921.9033947325665,539.3710552394148,3.2745990718812608,1,1,3,0
36.88333333333333,922.1220326106561,538.9618063760629,3.2706253361923907,1,1,3,0
36.891666666666666,922.1813270044307,539.3132513959359,3.3039777044670333,1,1,3,0
36.9,921.6409021885651,539.0213123891423,3.2814286551215748,1,1,3,0
36.90833333333333,921.3765412943735,538.68676066672,3.2559992701626976,1,1,3,0
36.916666666666664,,,,0,1,3,0
36.925,,,,0,1,3,0
36.93333333333333,,,,0,1,3,0
36.94166666666667,,,,0,1,3,0
36.95,,,,0,1,3,0
36.958333333333336,,,,0,1,3,0
36.96666666666667,920.4460046842414,539.1509421840254,3.265918136536928,1,1,3,0
36.975,920.9582399850495,539.3269913951,3.263383928515604,1,1,3,0
36.983333333333334,920.8627726382679,538.8568485626171,3.2468708519068024,1,1,3,0
36.99166666666667,920.4541445072789,539.6761583258965,3.2209575177892757,1,1,3,0
37.0,920.522063760261,539.7709208015331,3.2646722839962123,1,1,3,0
37.00833333333333,920.4569283804351,539.209686378739,3.2605374896409205,1,1,3,0
37.016666666666666,920.083255568928,539.3796936148973,3.2715686418365553,1,1,3,0
37.025,920.2411159768423,539.7520395516704,3.258403795318562,1,1,3,0
37.03333333333333,920.2625744490709,539.4676749150804,3.207721404443147,1,1,3,0
37.041666666666664,776.3230203185859,323.41731086674963,3.2428469867659144,1,1,3,0
37.05,777.049333075176,323.8022049960406,3.24299422352466,1,1,3,0
37.05833333333333,921.1741453799873,540.3309305813102,3.240196487798883,1,1,3,0
37.06666666666667,921.7753679861725,541.2358409569852,3.2157583463616484,1,1,3,0
37.075,921.1750461376794,541.1391534642531,3.2334687231498638,1,1,3,0
37.083333333333336,921.0488666125354,540.9611648431539,3.2458938078411133,1,1,3,0
37.09166666666667,920.2678271046572,540.2168795425692,3.257498729714184,1,1,3,0
37.1,920.6501546351199,539.2924592913654,3.2756071644226927,1,1,3,0
37.108333333333334,920.6687889971315,539.338528160947,3.2489860907328763,1,1,3,0
37.11666666666667,919.96763391269,538.7424088944199,3.2179143777815162,1,1,3,0
37.125,919.7127087236614,539.1974343083178,3.2388292384632478,1,1,3,0
37.13333333333333,919.5713173114802,539.353958730496,3.2376619808570175,1,1,3,0
37.141666666666666,920.2606678051698,539.3693954117599,3.264116528475494,1,1,3,0
37.15,919.8833739556416,539.0663698935068,3.212179974890709,1,1,3,0
37.15833333333333,919.7426802887063,539.3154461000909,3.2558510729910646,1,1,3,0
37.166666666666664,920.2357915690122,539.1084361148417,3.262673386613861,1,1,3,0
37.175,920.0541360633564,539.387491443263,3.250020149908727,1,1,3,0
37.18333333333333,919.6501828643479,539.8204332107426,3.2391708230742853,1,1,3,0
37.19166666666667,919.3126395557417,539.5886293265125,3.208272162031049,1,1,3,0
37.2,918.7421529352896,539.4107311795257,3.2327057341506182,1,1,3,0
37.208333333333336,919.6176626649005,539.137633035848,3.215243245675274,1,1,3,0
37.21666666666667,920.3465419965044,539.6320775372429,3.2204919065078217,1,1,3,0
37.225,920.5169346188375,538.9164773329092,3.1817701915388072,1,1,3,0
37.233333333333334,920.6735050097047,538.826316129953,3.231131022575642,1,1,3,0
37.24166666666667,920.8571674388137,538.7928144460234,3.2310283148772507,1,1,3,0
37.25,921.9845361558143,538.6944359979935,3.2299066066112734,1,1,3,0
37.25833333333333,921.5058015737254,538.4792127411364,3.179464662410883,1,1,3,0
37.266666666666666,921.5335951830929,538.6294333872996,3.222067042644649,1,1,3,0
37.275,921.6995674312375,538.3850079542552,3.2616598084302537,1,1,3,0
37.28333333333333,921.3784847565955,539.1598120889183,3.259809145831885,1,1,3,0
37.291666666666664,922.0860301291764,538.9871436569108,3.2166990543435867,1,1,3,0
37.3,921.983855676745,539.6704464550448,3.245722937308289,1,1,3,0
37.30833333333333,922.0685949275128,538.4331165847195,3.2376021510042463,1,1,3,0
37.31666666666667,921.4471311068945,537.875065956699,3.2199358734590784,1,1,3,0
37.325,922.0238304585125,537.884354691699,3.218692629111712,1,1,3,0
37.333333333333336,922.2611719321894,538.9300294496894,3.222890305913858,1,1,3,0
37.34166666666667,922.5550758366576,537.9468042788548,3.2928447619572063,1,1,3,0
37.35,922.7411557553896,538.4337183359793,3.2221674726975373,1,1,3,0
37.358333333333334,922.7727054482982,537.9927810848917,3.19970796401983,1,1,3,0
37.36666666666667,922.9860841115825,536.6724428090303,3.2254365119481156,1,1,3,0
37.375,922.6150474261266,536.3123651933207,3.2017765112920826,1,1,3,0
37.38333333333333,922.8767634021768,536.2835685219421,3.232740904562843,1,1,3,0
37.391666666666666,923.9364274440829,536.3580089546442,3.1991345363791464,1,1,3,0
37.4,923.7752950189152,536.1620362039021,3.224717529495678,1,1,3,0
37.40833333333333,923.628365172987,536.0336868826016,3.2044033020140477,1,1,3,0
37.416666666666664,923.7846405979587,535.8645114079771,3.200315514088878,1,1,3,0
37.425,923.4973093190133,536.3178793144203,3.220640822623366,1,1,3,0
37.43333333333333,923.5828263179735,537.066416573711,3.2156853354597392,1,1,3,0
37.44166666666667,923.6214901686654,537.8034878432107,3.1680253091892667,1,1,3,0
37.45,923.9705170230854,538.132311011017,3.1970245666907653,1,1,3,0
37.458333333333336,923.3981155970712,537.3632123269801,3.1723795084730697,1,1,3,0
37.46666666666667,923.8777588379477,536.6452498609943,3.211335240425787,1,1,3,0
37.475,924.0336208449619,535.8534624451657,3.1941742851232036,1,1,3,0
37.483333333333334,924.1794840309027,535.2771682667596,3.2146498622514663,1,1,3,0
37.49166666666667,924.2817219531919,534.7088516015075,3.221745918716771,1,1,3,0
37.5,924.2415056268505,534.3623901675182,3.1854321760509037,1,1,3,0
37.50833333333333,923.2051407210943,533.9364495949281,3.203919039508365,1,1,3,0
37.516666666666666,923.3645827300955,535.0114700220191,3.2093719111269228,1,1,3,0
37.525,924.2003511526103,535.4637747381893,3.173051850134414,1,1,3,0
37.53333333333333,924.2879099394896,535.1011946047579,3.159538268476712,1,1,3,0
37.541666666666664,924.7027169815423,535.371597153829,3.219111848785438,1,1,3,0
37.55,924.7477523422983,534.4262109871066,3.2087702209789044,1,1,3,0
37.55833333333333,924.7185179808522,534.742620008893,3.2067670668294626,1,1,3,0
37.56666666666667,924.2350028678928,534.4771698605747,3.183884586693067,1,1,3,0
37.575,923.7018434476388,534.2495494734075,3.186253192124738,1,1,3,0
37.583333333333336,923.9869737715488,534.0300344026923,3.174492954620822,1,1,3,0
37.59166666666667,924.769118718635,534.2947533624188,3.221288931633601,1,1,3,0
37.6,924.9154450311989,533.6024582482289,3.216244140342796,1,1,3,0
37.608333333333334,925.2532864958598,533.0833541188758,3.1834891937315124,1,1,3,0
37.61666666666667,925.4534555991166,533.2672047060944,3.229939436704004,1,1,3,0
37.625,925.5933222764194,533.486881276061,3.1698366127704736,1,1,3,0
37.63333333333333,925.9375171305988,532.6507832053194,3.1993220146858117,1,1,3,0
37.641666666666666,925.8414087014069,533.1265914823944,3.1575764349241324,1,1,3,0
37.65,926.6310808774141,533.7607817556561,3.163669165836756,1,1,3,0
37.65833333333333,926.6197820267053,533.2790975613138,3.183990009208592,1,1,3,0
37.666666666666664,926.3819089818757,534.4105230144443,3.1430761505914977,1,1,3,0
37.675,926.6258570545853,535.0445823423487,3.172631234502486,1,1,3,0
37.68333333333333,926.0672790579058,535.2501044296106,3.184506785964576,1,1,3,0
37.69166666666667,927.0950614547445,535.8766614641701,3.1693407192652243,1,1,3,0
37.7,927.9135053789847,536.5893707736492,3.1649179529948173,1,1,3,0
37.708333333333336,927.4747907857069,536.900914386007,3.172069223824171,1,1,3,0
37.71666666666667,927.5034191193688,536.8333650303447,3.1811881045153023,1,1,3,0
37.725,927.7963172743215,536.1966401393911,3.1683533346556625,1,1,3,0
37.733333333333334,928.1984826143945,536.0462503983795,3.1635727170522565,1,1,3,0
37.74166666666667,927.617118083303,535.6354326032074,3.155466106066006,1,1,3,0
37.75,928.1357421380785,536.0686668003385,3.146588217460236,1,1,3,0
37.75833333333333,927.9223916133589,535.5340419296639,3.1769713957949826,1,1,3,0
37.766666666666666,928.2459822211331,535.3535256475521,3.158974994597794,1,1,3,0
37.775,928.6286520900678,535.2663413614343,3.1912639386052257,1,1,3,0
37.78333333333333,928.763000118164,536.1384623238165,3.1621054243697495,1,1,3,0
37.791666666666664,928.3588838575878,536.0896209253946,3.14186609368219,1,1,3,0
37.8,928.7924567334189,536.4011074820405,3.1665617985353216,1,1,3,0
37.80833333333333,928.413555943957,536.8604148046485,3.138541242571209,1,1,3,0
37.81666666666667,927.6203109241974,536.3264015666637,3.192698382112638,1,1,3,0
37.825,927.4523184062356,536.3521207329392,3.1626865764550587,1,1,3,0
37.833333333333336,927.0477223521402,535.900835293534,3.1681443517594348,1,1,3,0
37.84166666666667,927.2479652998431,534.9073356517671,3.1760105830407843,1,1,3,0
37.85,926.8175440554157,534.9227859456662,3.2012400613395875,1,1,3,0
37.858333333333334,927.0292937517836,534.4836087112807,3.150153040354376,1,1,3,0
37.86666666666667,927.1174165131753,533.6579113745503,3.137848573847889,1,1,3,0
37.875,927.507255113537,535.1107918137209,3.147080290251314,1,1,3,0
37.88333333333333,927.1263294617872,535.2692652431282,3.1859115411697014,1,1,3,0
37.891666666666666,927.3687406729911,535.2522455943229,3.1542424575434405,1,1,3,0
37.9,928.0184500659142,535.1001485493276,3.1626206329686193,1,1,3,0
37.90833333333333,927.4800803251966,535.0404929735213,3.162001008490307,1,1,3,0
37.916666666666664,927.4132631822243,534.674119709555,3.1085066774962304,1,1,3,0
37.925,927.6536132732982,534.6207686238464,3.1750012737223865,1,1,3,0
37.93333333333333,927.8430352167301,533.5621661858622,3.140445027150266,1,1,3,0
37.94166666666667,928.0113125541128,533.9504742267943,3.1410374828004834,1,1,3,0
37.95,928.0090290138891,533.5282136057709,3.154158821297907,1,1,3,0
37.958333333333336,927.9905647467369,533.8076369420137,3.1504406296988834,1,1,3,0
37.96666666666667,928.4412565506458,533.7027063835919,3.115016720106956,1,1,3,0
37.975,927.9728058945915,533.2535524774722,3.1357828385535735,1,1,3,0
37.983333333333334,927.1075788340584,533.2777724883603,3.1516477692505003,1,1,3,0
37.99166666666667,926.9562195252552,532.6151012615607,3.130277062674012,1,1,3,0
