t,gx,gy,pupil,valid,subj,trial,label
0.0,960.804380439984,539.8251255664613,4.1042434998547375,1,1,8,1
0.008333333333333333,960.0016383778469,540.3814626942918,4.086422402999981,1,1,8,1
0.016666666666666666,959.5382518274313,540.0809955657218,4.06449760683691,1,1,8,1
0.025,957.8698278887017,541.5928964587682,4.09851480383851,1,1,8,1
0.03333333333333333,957.6789934285522,540.4052723822366,4.114565802328024,1,1,8,1
0.041666666666666664,959.0273411946879,540.499189030551,4.085343092464868,1,1,8,1
0.05,958.8810537225354,540.8359259584128,4.112477414880455,1,1,8,1
0.058333333333333334,958.7942556362842,540.7522309048949,4.1266021136915,1,1,8,1
0.06666666666666667,960.5860961142719,541.5140851627301,4.137141489529605,1,1,8,1
0.075,960.1899112012821,542.2658689389057,4.101953801225803,1,1,8,1
0.08333333333333333,960.0343886240448,540.6411916625852,4.0795500354651155,1,1,8,1
0.09166666666666666,959.0483684851423,541.1391721897684,4.186439488134833,1,1,8,1
0.1,959.5811702548998,540.2735930374993,4.135976085206988,1,1,8,1
0.10833333333333334,959.354600232636,540.2365772592801,4.110633740870886,1,1,8,1
0.11666666666666667,959.956222835446,539.0475326863473,4.136839299353327,1,1,8,1
0.125,959.47879750119,540.5043404135959,4.148576664252421,1,1,8,1
0.13333333333333333,958.4962491410431,540.3725500105508,4.106075698652624,1,1,8,1
0.14166666666666666,956.2684993565199,540.6538686988932,4.08735743881427,1,1,8,1
0.15,954.6944994238063,539.7268237364817,4.090975495176588,1,1,8,1
0.15833333333333333,953.2095609186587,539.9556171753663,4.1176391556021565,1,1,8,1
0.16666666666666666,952.0806267845612,540.4920725513524,4.087823050393157,1,1,8,1
0.175,951.4242158406113,539.8236846908086,4.106889832538926,1,1,8,1
0.18333333333333332,952.3714181189417,539.7246707897447,4.1622274738515035,1,1,8,1
0.19166666666666668,952.2706063479347,539.4679618635254,4.120151399501625,1,1,8,1
0.2,952.1377515411837,538.8651481388756,4.11863362186735,1,1,8,1
0.20833333333333334,952.2784001143285,537.6516068127947,4.105428828563558,1,1,8,1
0.21666666666666667,951.2427390313627,537.1321865109866,4.1169264433027815,1,1,8,1
0.225,951.0811756101389,537.1815407355898,4.133244074943774,1,1,8,1
0.23333333333333334,951.2094098557142,536.6094907594021,4.153653259418264,1,1,8,1
0.24166666666666667,950.3197445209568,536.3491564271928,4.157628055255835,1,1,8,1
0.25,949.4350155745312,535.5661178941684,4.17240020000396,1,1,8,1
0.25833333333333336,949.4655828295952,536.6323474758755,4.13352829341626,1,1,8,1
0.26666666666666666,950.1562222605783,536.9084327632962,4.136450290237941,1,1,8,1
0.275,951.0094418346154,535.857763368896,4.078899460657589,1,1,8,1
0.2833333333333333,950.2311780650164,536.5705514505131,4.079783950275989,1,1,8,1
0.2916666666666667,951.5098779607265,536.3445976367484,4.137079548519214,1,1,8,1
0.3,950.9650198818002,535.8708937951208,4.186514512028518,1,1,8,1
0.30833333333333335,951.407800845679,536.2569552068585,4.080858088785233,1,1,8,1
0.31666666666666665,950.8584577804254,535.1894711540159,4.138602898945508,1,1,8,1
0.325,951.6246420365716,534.8895982960003,4.169004525802276,1,1,8,1
0.3333333333333333,951.9145580873368,535.3932813480864,4.135181242501086,1,1,8,1
0.3416666666666667,951.1310928768343,534.5025847585196,4.13348802303882,1,1,8,1
0.35,951.2624127094302,534.4505277365547,4.1478483760640765,1,1,8,1
0.35833333333333334,951.9823746943478,533.4662759553637,4.156963028724952,1,1,8,1
0.36666666666666664,950.326208731354,534.7566156106647,4.148856580512763,1,1,8,1
0.375,950.5607935627484,534.9860895743832,4.135847780149995,1,1,8,1
0.38333333333333336,951.5125903494468,533.8005188302348,4.122305520193756,1,1,8,1
0.39166666666666666,951.4887772993428,534.0445860361842,4.141159218241946,1,1,8,1
0.4,951.223075140945,534.3598368474535,4.123637413218483,1,1,8,1
0.4083333333333333,952.1958119084978,534.0963483795027,4.172031893699742,1,1,8,1
0.4166666666666667,952.499496252398,534.2214912951375,4.127995587383398,1,1,8,1
0.425,953.1103232319966,533.4431192097669,4.116006028555122,1,1,8,1
0.43333333333333335,953.4189530932161,533.2156755983291,4.233603909142008,1,1,8,1
0.44166666666666665,953.4032381858409,532.9495045494658,4.162285610583738,1,1,8,1
0.45,953.7718657763295,532.2291437642857,4.156029482389375,1,1,8,1
0.4583333333333333,953.8021818266067,534.2096784176301,4.183853110178431,1,1,8,1
0.4666666666666667,954.4863407357057,533.1089886605641,4.15727912024557,1,1,8,1
0.475,954.8030784933553,533.9184843917975,4.179773442874831,1,1,8,1
0.48333333333333334,956.2626505001142,532.8090883924027,4.216809798418432,1,1,8,1
0.49166666666666664,956.8072081480324,533.0374761000439,4.153895714776827,1,1,8,1
0.5,955.188108650234,532.8549435416388,4.098809227424322,1,1,8,1
0.5083333333333333,954.0893355274442,531.9843769085148,4.182567232913577,1,1,8,1
0.5166666666666667,954.0692233003884,531.4668635035772,4.138340508693143,1,1,8,1
0.525,954.1795253847674,530.7329913501285,4.12285796827322,1,1,8,1
0.5333333333333333,952.9320834188289,530.1174306805291,4.094038877925772,1,1,8,1
0.5416666666666666,952.8567681998628,529.0834599491916,4.160134840768614,1,1,8,1
0.55,953.1349583661104,528.4069613294637,4.148752407340131,1,1,8,1
0.5583333333333333,953.5217056267694,527.9477461714279,4.190784469455284,1,1,8,1
0.5666666666666667,953.2898007074739,529.1757013592271,4.1617837601152035,1,1,8,1
0.575,953.6999605841536,529.5367659399624,4.190904848133586,1,1,8,1
0.5833333333333334,955.3309799553483,529.6881234317457,4.177230241115538,1,1,8,1
0.5916666666666667,955.6939403327422,530.7064966009477,4.1344599710823156,1,1,8,1
0.6,956.6191910193155,529.9648354648418,4.156108849034904,1,1,8,1
0.6083333333333333,956.412982341634,530.4668950999064,4.171131866202719,1,1,8,1
0.6166666666666667,956.9666432810426,531.8435591559592,4.192122277160047,1,1,8,1
0.625,956.4236540714601,531.5647161405543,4.191062590325598,1,1,8,1
0.6333333333333333,956.8001851806528,529.7399069082896,4.185513670038604,1,1,8,1
0.6416666666666667,956.7460036372718,530.1237414957585,4.149992148741548,1,1,8,1
0.65,956.9322321323548,531.6464385405335,4.196005522503687,1,1,8,1
0.6583333333333333,957.5241485840783,530.7555339964777,4.152081320962197,1,1,8,1
0.6666666666666666,957.7847802793733,531.8958778778988,4.156410299799754,1,1,8,1
0.675,958.1144301301489,532.0489262893151,4.187956885994549,1,1,8,1
0.6833333333333333,959.473034648621,531.9735906208354,4.172007874119582,1,1,8,1
0.6916666666666667,959.8045980706041,532.1249888063028,4.154031603634417,1,1,8,1
0.7,961.4331785929526,532.6195838199678,4.139297491091474,1,1,8,1
0.7083333333333334,961.9483229627764,532.4211475587842,4.211476901110979,1,1,8,1
0.7166666666666667,963.1491134885173,532.2723661784114,4.23346998926163,1,1,8,1
0.725,963.7327856012638,533.0904770115313,4.232046803191145,1,1,8,1
0.7333333333333333,963.9743087264575,532.6209650589713,4.187176568714317,1,1,8,1
0.7416666666666667,964.9247327283298,532.3843375006176,4.180254629136066,1,1,8,1
0.75,965.6041026215049,532.8890793662322,4.213774100057374,1,1,8,1
0.7583333333333333,966.0055292014944,533.7044806130592,4.151306923015687,1,1,8,1
0.7666666666666667,965.1819866614483,533.1120597471271,4.242182777196767,1,1,8,1
0.775,964.6783148186023,533.1067964401832,4.211349628508199,1,1,8,1
0.7833333333333333,965.7946418037578,533.7613424376032,4.220508617433257,1,1,8,1
0.7916666666666666,966.443971095171,533.7501643396478,4.182736375435471,1,1,8,1
0.8,966.8378390629457,533.363191669931,4.16458254544459,1,1,8,1
0.8083333333333333,967.1822757407032,533.047815167098,4.196941602668167,1,1,8,1
0.8166666666666667,968.3672102335742,534.3081690469432,4.2062207715636255,1,1,8,1
0.825,967.3343520599587,533.8850883794064,4.151875967172376,1,1,8,1
0.8333333333333334,966.4163675095817,534.1961229652547,4.150857929856442,1,1,8,1
0.8416666666666667,967.1262970036717,534.5689035291548,4.229454977969406,1,1,8,1
0.85,968.0421192334301,535.4670408576492,4.168651461232582,1,1,8,1
0.8583333333333333,969.0438264088065,534.4422860149213,4.159910186139985,1,1,8,1
0.8666666666666667,967.9808910592146,535.5597850388634,4.147113698235006,1,1,8,1
0.875,967.7178286814443,536.1455649459378,4.232910550673707,1,1,8,1
0.8833333333333333,966.5165115729142,537.596971210829,4.215844060435253,1,1,8,1
0.8916666666666667,967.1336976259411,538.4126379111119,4.243127478655871,1,1,8,1
0.9,967.1684480069131,537.9900003289235,4.233530689345228,1,1,8,1
0.9083333333333333,967.5244285223124,539.0728812404578,4.154447732164087,1,1,8,1
0.9166666666666666,966.8181893910642,539.3564589769015,4.229252302592197,1,1,8,1
0.925,967.6006094027441,539.489642693261,4.173819272266972,1,1,8,1
0.9333333333333333,966.4226473763844,540.164851599761,4.234808601084805,1,1,8,1
0.9416666666666667,965.8004922694463,539.0825116990709,4.202454834480936,1,1,8,1
0.95,965.668025855708,538.444033936356,4.213548254115044,1,1,8,1
0.9583333333333334,966.5333793018104,538.9690723320972,4.196456266673682,1,1,8,1
0.9666666666666667,966.4505327945728,539.1448351869973,4.19817568324639,1,1,8,1
0.975,966.6692539245081,539.8444454690322,4.19894640713035,1,1,8,1
0.9833333333333333,967.1881446095142,540.4439335833582,4.172480774205404,1,1,8,1
0.9916666666666667,966.1932801645555,539.8575754915363,4.162136801061511,1,1,8,1
1.0,966.1111077254147,540.0428892396301,4.185277118796929,1,1,8,1
1.0083333333333333,966.8590232385807,540.9198389744895,4.208091323207039,1,1,8,1
1.0166666666666666,966.7791413388113,540.8622425845558,4.1131333891090724,1,1,8,1
1.025,967.4249441722234,541.3237353835777,4.194292928607474,1,1,8,1
1.0333333333333334,967.4701237790083,542.2896531127647,4.198408694367781,1,1,8,1
1.0416666666666667,967.5346856727441,543.0456406199987,4.195382665570543,1,1,8,1
1.05,967.7274354900048,544.7544967946822,4.143420905932317,1,1,8,1
1.0583333333333333,967.3409778072202,543.8895689510778,4.218749907877003,1,1,8,1
1.0666666666666667,966.783950224495,543.75180893147,4.237863355592385,1,1,8,1
1.075,967.3351187493854,541.8822690219149,4.279400351961079,1,1,8,1
1.0833333333333333,965.7756008576948,542.4473302338321,4.212918990442274,1,1,8,1
1.0916666666666666,966.224416467115,542.4844422051061,4.191141699737325,1,1,8,1
1.1,965.9765391606943,542.3599422146926,4.175977782082801,1,1,8,1
1.1083333333333334,966.4022811002725,542.118034780088,4.208755305716443,1,1,8,1
1.1166666666666667,966.2875034881338,542.2501176710359,4.2425711600606615,1,1,8,1
1.125,966.2206486546684,542.2067342760172,4.239066057184062,1,1,8,1
1.1333333333333333,966.575239091633,542.0710515002628,4.1859995460854265,1,1,8,1
1.1416666666666666,966.5638404379175,541.3918638105508,4.1974176465839985,1,1,8,1
1.15,965.4701153823739,541.6529187850832,4.18338499321539,1,1,8,1
1.1583333333333334,965.5748706552877,541.595215945685,4.235351832766932,1,1,8,1
1.1666666666666667,965.0872093383952,542.1704768770273,4.2110471280143775,1,1,8,1
1.175,965.6971834678301,541.0795613401574,4.159277548780296,1,1,8,1
1.1833333333333333,965.8665575095241,541.8746214028977,4.187048844918637,1,1,8,1
1.1916666666666667,965.4731119557067,541.7269238983322,4.208200565358334,1,1,8,1
1.2,965.8737542094722,542.3615783915046,4.23408457162153,1,1,8,1
1.2083333333333333,966.7240598384365,541.2425160411441,4.195213544149157,1,1,8,1
1.2166666666666666,967.484964113806,541.3535653902288,4.203705085790417,1,1,8,1
1.225,967.9128176444668,540.8525084039089,4.168233943543823,1,1,8,1
1.2333333333333334,967.9723259533594,541.6171314070192,4.22972786653658,1,1,8,1
1.2416666666666667,967.5686972661939,541.8921618045968,4.183910355323717,1,1,8,1
1.25,967.609475306863,541.4215376754622,4.203682114520312,1,1,8,1
1.2583333333333333,966.7458065206245,541.2887482113016,4.193254453144843,1,1,8,1
1.2666666666666666,966.3637450494349,540.3864460922398,4.196679520555002,1,1,8,1
1.275,965.6340408161311,539.3478753782271,4.241437708070085,1,1,8,1
1.2833333333333334,965.822914714696,538.6973097081507,4.259152608313493,1,1,8,1
1.2916666666666667,964.9536265779866,539.323060097268,4.2197962737878605,1,1,8,1
1.3,964.3553005033184,538.6576737813982,4.168854519597518,1,1,8,1
1.3083333333333333,966.2428966518321,539.421410859344,4.186212436566586,1,1,8,1
1.3166666666666667,965.7267170722552,539.4243958409221,4.169482281205837,1,1,8,1
1.325,965.236253494889,538.8551521464867,4.1806497071711926,1,1,8,1
1.3333333333333333,965.2173496374531,538.0082861515301,4.234651344143764,1,1,8,1
1.3416666666666666,965.4344352502227,540.2612063566022,4.240970361836466,1,1,8,1
1.35,966.0853537738764,540.3995235769638,4.244361980365854,1,1,8,1
1.3583333333333334,965.4605975978669,540.2409990722488,4.1673575287409985,1,1,8,1
1.3666666666666667,1345.5078573333803,770.0811645735682,4.290140344599818,1,1,8,1
1.375,1345.0411880025172,769.5480480450183,4.246999512849527,1,1,8,1
1.3833333333333333,964.880921083602,541.6043213234691,4.253268356522663,1,1,8,1
1.3916666666666666,965.8373497000907,541.3031520668844,4.196730263010632,1,1,8,1
1.4,965.5520564207051,542.4734231490355,4.216888137395703,1,1,8,1
1.4083333333333334,964.5557879427705,541.4867398830814,4.2026656716116815,1,1,8,1
1.4166666666666667,965.4001015714869,540.7414597666403,4.250571639907287,1,1,8,1
1.425,965.3375907137998,539.9782854999561,4.16250307413126,1,1,8,1
1.4333333333333333,965.0542637976421,539.3002145521192,4.184490520454274,1,1,8,1
1.4416666666666667,963.7581370607397,539.5142585615567,4.167043103436334,1,1,8,1
1.45,963.9856022508294,539.6494275635955,4.203474904729513,1,1,8,1
1.4583333333333333,964.5370365745927,538.9932449489346,4.184267416852341,1,1,8,1
1.4666666666666666,966.2367793497082,539.2287205187228,4.255850508931212,1,1,8,1
1.475,964.8672521556551,538.9181194087696,4.188715550413982,1,1,8,1
1.4833333333333334,963.7024650224342,537.8138117010678,4.245181364690799,1,1,8,1
1.4916666666666667,963.3855953405885,538.5837204639932,4.261474191888162,1,1,8,1
1.5,964.2022876024887,538.8380892601358,4.232714600405789,1,1,8,1
1.5083333333333333,963.9051033490127,539.1826996312644,4.2681812270502695,1,1,8,1
1.5166666666666666,963.5436782944888,540.5990374154776,4.253538772235959,1,1,8,1
1.525,962.4612189230539,540.3924216592212,4.25891418857911,1,1,8,1
1.5333333333333334,962.6463512890009,540.8838506305163,4.2400062521156725,1,1,8,1
1.5416666666666667,962.2675982862465,541.9878117969263,4.248791155782766,1,1,8,1
1.55,961.940026949032,543.1672454877445,4.266574037439219,1,1,8,1
1.5583333333333333,960.82223758823,542.1686044493586,4.2208259354928845,1,1,8,1
1.5666666666666667,960.7554341826822,541.8956151233609,4.290512433681659,1,1,8,1
1.575,960.4781510024815,542.159071636737,4.300632298235092,1,1,8,1
1.5833333333333333,958.9632342174943,542.8543056964551,4.286347477101542,1,1,8,1
1.5916666666666666,957.5648612897102,543.989609990386,4.353182711201404,1,1,8,1
1.6,957.8861233429341,543.917265728124,4.275951187147721,1,1,8,1
1.6083333333333334,958.7827974334642,543.4866602063018,4.328793202511136,1,1,8,1
1.6166666666666667,959.9990234134967,541.7917812944683,4.30654631416396,1,1,8,1
1.625,959.7137429971532,539.9764732975585,4.331898626183502,1,1,8,1
1.6333333333333333,959.67746384876,539.427989437525,4.36959674887579,1,1,8,1
1.6416666666666666,959.0482413245624,540.4177953185016,4.325045135211719,1,1,8,1
1.65,959.3295316648212,540.4593955272944,4.345395316082827,1,1,8,1
1.6583333333333334,959.3536603289562,541.22806271526,4.323835905053027,1,1,8,1
1.6666666666666667,960.2563194960804,541.2477127019839,4.338022901012824,1,1,8,1
1.675,960.5992125447005,541.2061727248566,4.258551025529662,1,1,8,1
1.6833333333333333,960.4509781308561,540.3063731430003,4.312576822361997,1,1,8,1
1.6916666666666667,960.8215083073156,541.3047344011794,4.380463322139719,1,1,8,1
1.7,960.2184171469493,542.1016456021322,4.304739472997814,1,1,8,1
1.7083333333333333,960.3226037153449,542.858809827249,4.36780991022197,1,1,8,1
1.7166666666666666,959.0397464963402,543.0645770242827,4.356754848344922,1,1,8,1
1.725,960.1798159048833,543.9589393222309,4.357203137257195,1,1,8,1
1.7333333333333334,959.205101883054,542.6781720446522,4.2921079500285035,1,1,8,1
1.7416666666666667,959.1500691770992,542.9982357941847,4.319712173965053,1,1,8,1
1.75,959.2019214789257,543.5690913252461,4.3545572335936,1,1,8,1
1.7583333333333333,958.9063955466864,543.613051384094,4.269828982852098,1,1,8,1
1.7666666666666666,958.2656728598265,542.1552232586619,4.308386096194172,1,1,8,1
1.775,958.7096235025047,542.0909255790572,4.257901713011908,1,1,8,1
1.7833333333333334,958.8395260475146,543.534623102112,4.332386103301074,1,1,8,1
1.7916666666666667,958.0215237139873,544.4414398207454,4.282569735970132,1,1,8,1
1.8,958.303413011495,544.9422376506495,4.351258023479011,1,1,8,1
1.8083333333333333,957.407540800153,544.3784558439703,4.259503151338803,1,1,8,1
1.8166666666666667,956.1602070564591,545.4601452666708,4.258811766607566,1,1,8,1
1.825,955.8220167429553,543.7943289491594,4.299753945305689,1,1,8,1
1.8333333333333333,956.515843943826,544.1067535500501,4.270216430837275,1,1,8,1
1.8416666666666666,955.9981802953837,544.4888427279019,4.279216473289109,1,1,8,1
1.85,956.267341304247,545.6121085493223,4.2120504915501105,1,1,8,1
1.8583333333333334,955.8041099543385,544.7045018030171,4.208684230364838,1,1,8,1
1.8666666666666667,955.9673711316244,544.967857783267,4.233445598008658,1,1,8,1
1.875,956.5970476422045,545.3957007987852,4.208795886356593,1,1,8,1
1.8833333333333333,955.8813016142722,546.8714672196782,4.22513017251835,1,1,8,1
1.8916666666666666,955.0258422599253,547.0412636595884,4.143850930785431,1,1,8,1
1.9,955.1919056268548,546.8261272047596,4.201397555491344,1,1,8,1
1.9083333333333334,954.3602464665075,547.7464340545969,4.1823923905523035,1,1,8,1
1.9166666666666667,955.7989291820346,548.0855641351877,4.168920195762322,1,1,8,1
1.925,641.5234890671966,534.3054525128354,4.208515289155762,1,1,8,1
1.9333333333333333,641.2870044130277,535.3174933080267,4.180230827813353,1,1,8,1
1.9416666666666667,953.1295826366207,549.3833232385957,4.186404606903573,1,1,8,1
1.95,954.2748374695735,548.5348460592105,4.1168479104868405,1,1,8,1
1.9583333333333333,955.100592635989,548.4997941994387,4.17303245426097,1,1,8,1
1.9666666666666666,955.8913184263322,548.8530723996631,4.139802343912472,1,1,8,1
1.975,955.8860380031647,548.8331472003556,4.130968677581069,1,1,8,1
1.9833333333333334,955.9222956056265,549.0807542361439,4.128041638393253,1,1,8,1
1.9916666666666667,955.8499590213212,549.8409573855802,4.125049202466263,1,1,8,1
2.0,954.0271550049894,549.571902126363,4.130498011599403,1,1,8,1
2.0083333333333333,953.7546125676411,549.9695900812551,4.091859389656434,1,1,8,1
2.0166666666666666,954.0279197384882,549.7021208203514,4.185088632329029,1,1,8,1
2.025,954.9675381893207,551.0081825623797,4.209480693326603,1,1,8,1
2.033333333333333,953.9046349831079,551.5801800383748,4.104779615614369,1,1,8,1
2.0416666666666665,955.6297694029771,551.8109451492004,4.100740575314651,1,1,8,1
2.05,956.9480009413465,551.2365058588912,4.150498802996516,1,1,8,1
2.058333333333333,957.4571314690502,550.7149614368806,4.15824986241556,1,1,8,1
2.066666666666667,958.9328914919678,551.2304694825361,4.203355490845381,1,1,8,1
2.075,959.3702850382872,550.8539293218839,4.129428525937671,1,1,8,1
2.0833333333333335,958.7543512083813,550.6008429286402,4.1469770520773235,1,1,8,1
2.091666666666667,958.5965386065797,550.5719315405346,4.140023724852894,1,1,8,1
2.1,959.3871099393224,551.1506678181976,4.145274074474466,1,1,8,1
2.1083333333333334,957.9798328960763,551.5822035937972,4.218692508984174,1,1,8,1
2.1166666666666667,957.5645842562507,549.8424134388757,4.156771994307237,1,1,8,1
2.125,958.3214343611038,550.1774326069351,4.129722158789921,1,1,8,1
2.1333333333333333,959.2960828733248,549.6381491135177,4.126200145295975,1,1,8,1
2.1416666666666666,959.6453813487705,550.3802688074952,4.1880739882019515,1,1,8,1
2.15,959.0284867293008,551.3261463274821,4.108761649886923,1,1,8,1
2.158333333333333,957.7576185121404,550.8468319661182,4.206602460328946,1,1,8,1
2.1666666666666665,1721.1418547892845,439.94134137406405,4.1364818035181825,1,1,8,1
2.175,1720.9861692542104,439.1632500330799,4.119354794089899,1,1,8,1
2.183333333333333,956.795238369721,551.2595674572754,4.094040718908865,1,1,8,1
2.191666666666667,956.8568883146237,551.7691124292983,4.105715173296388,1,1,8,1
2.2,956.4984878305053,552.2850147673611,4.170833003409793,1,1,8,1
2.2083333333333335,955.7200589877906,552.1316340011776,4.126952700244644,1,1,8,1
2.216666666666667,954.8640358459082,552.8187324997672,4.136233497219906,1,1,8,1
2.225,953.7228651036986,552.3882927227689,4.1263369861596155,1,1,8,1
2.2333333333333334,952.744465700812,552.5245401511448,4.121707713858461,1,1,8,1
2.2416666666666667,953.29581914027,551.9316184797547,4.088131143926984,1,1,8,1
2.25,953.3071783406764,553.8220175053074,4.148708976416413,1,1,8,1
2.2583333333333333,955.3658718873039,553.2701787413056,4.152024154252089,1,1,8,1
2.2666666666666666,956.126141641269,553.5855775529553,4.115509071635628,1,1,8,1
2.275,956.0791586199518,553.543703482262,4.130946479557416,1,1,8,1
2.283333333333333,954.7949470385207,553.5931789627751,4.135476338438454,1,1,8,1
2.2916666666666665,952.8510927891489,552.852513387749,4.112560989104304,1,1,8,1
2.3,951.7888087352949,552.0285169279272,4.216023313781311,1,1,8,1
2.308333333333333,952.510831570088,552.3129763984927,4.125225833534797,1,1,8,1
2.316666666666667,953.6006122225428,551.7152778589647,4.110804833306013,1,1,8,1
2.325,951.8864569976278,552.8240370752486,4.1003733620999565,1,1,8,1
2.3333333333333335,952.3988112566898,554.0515167602606,4.131881271319609,1,1,8,1
2.341666666666667,951.9615950560137,553.4889006434717,4.123303713162336,1,1,8,1
2.35,952.0621206113321,554.6564616333453,4.144693938899677,1,1,8,1
2.3583333333333334,951.5152417366969,555.1174860390737,4.143725276052132,1,1,8,1
2.3666666666666667,950.0987946128147,555.2639713133541,4.127918284824508,1,1,8,1
2.375,949.7652012098418,554.974246308654,4.091093589428957,1,1,8,1
2.3833333333333333,949.2626911507812,554.67635303267,4.061441375539154,1,1,8,1
2.3916666666666666,949.3660645626038,555.0173855318276,4.155122261241311,1,1,8,1
2.4,949.267470743286,554.8993252807073,4.020768032913846,1,1,8,1
2.408333333333333,947.4527420731793,554.6755959043782,4.167552345179444,1,1,8,1
2.4166666666666665,947.57817674331,556.0043745212639,4.103961592597436,1,1,8,1
2.425,947.3300076429936,556.5438729172122,4.131586463787859,1,1,8,1
2.433333333333333,947.8722894988514,556.7274521760502,4.110382758023334,1,1,8,1
2.441666666666667,948.3541163318773,558.0944441770928,4.081189463558141,1,1,8,1
2.45,948.3616105106457,558.368319715983,4.085849538110905,1,1,8,1
2.4583333333333335,948.4825958468773,559.5482278383549,4.125315681098323,1,1,8,1
2.466666666666667,947.6082734861129,558.8503139489427,4.074660898722812,1,1,8,1
2.475,948.2195807020337,558.8257345068214,4.139993911424046,1,1,8,1
2.4833333333333334,947.4413596526589,558.9577848511988,4.0691014283497395,1,1,8,1
2.4916666666666667,947.9293840771859,559.4849789842137,4.0965057275051695,1,1,8,1
2.5,947.9436133153524,558.8420762827351,4.14747654783982,1,1,8,1
2.5083333333333333,947.5711018381184,558.8430324627898,4.0765384640767826,1,1,8,1
2.5166666666666666,945.7309698456887,558.5502045060061,4.185328694446834,1,1,8,1
2.525,947.022061396904,558.6639692595022,4.1024013150048155,1,1,8,1
2.533333333333333,944.1690231107008,559.3341396585354,4.060395054351058,1,1,8,1
2.5416666666666665,945.1133022387309,558.1931330271262,4.146779580197472,1,1,8,1
2.55,946.4597937727231,557.021023937779,4.100658151268857,1,1,8,1
2.558333333333333,946.437019705648,557.9363052012717,4.083741787225303,1,1,8,1
2.566666666666667,946.3144145248344,557.8517561008421,4.116861983420175,1,1,8,1
2.575,,,,0,1,8,1
2.5833333333333335,,,,0,1,8,1
2.591666666666667,,,,0,1,8,1
2.6,,,,0,1,8,1
2.6083333333333334,,,,0,1,8,1
2.6166666666666667,,,,0,1,8,1
2.625,,,,0,1,8,1
2.6333333333333333,947.4480321048457,559.4074346878075,4.112652853151058,1,1,8,1
2.6416666666666666,946.7677031520343,559.7346976824385,4.073333885481083,1,1,8,1
2.65,947.6744938313833,558.3217375247741,4.132536404212489,1,1,8,1
2.658333333333333,948.1506175071706,558.9589688677239,4.127327554889537,1,1,8,1
2.6666666666666665,947.0974335694802,559.3245048965963,4.085569983285231,1,1,8,1
2.675,946.7444019942818,559.3611043749002,4.009006637321458,1,1,8,1
2.683333333333333,945.6308950900792,559.4923561810697,4.093678825800645,1,1,8,1
2.691666666666667,944.9892010820657,560.0848892461448,4.134067870153592,1,1,8,1
2.7,944.6156237914954,560.3126811425661,4.103987210782908,1,1,8,1
2.7083333333333335,944.099553556834,560.35762334189,4.079975213768909,1,1,8,1
2.716666666666667,944.0038918779758,560.5454782863186,4.019877941969063,1,1,8,1
2.725,944.6960300804838,561.543850369214,4.09079311780779,1,1,8,1
2.7333333333333334,945.2692129956329,561.1529659355919,4.049497603782558,1,1,8,1
2.7416666666666667,945.8859377455144,560.9392593653847,4.041285822584119,1,1,8,1
2.75,945.2931097880657,560.0229755803343,4.049388425264032,1,1,8,1
2.7583333333333333,945.0505591197444,560.9734854377045,4.082828885599213,1,1,8,1
2.7666666666666666,945.5710913965257,561.6020820744036,4.218984553242933,1,1,8,1
2.775,944.86432015076,561.0847160712412,4.031920479542161,1,1,8,1
2.783333333333333,946.1925843085166,562.0036921580868,4.048994084622231,1,1,8,1
2.7916666666666665,946.8925950615261,561.2628997546644,4.061434287850011,1,1,8,1
2.8,946.7483487401458,561.8899714701402,4.088700223099106,1,1,8,1
2.808333333333333,948.1739526483685,562.8660321680206,4.094628904482392,1,1,8,1
2.816666666666667,948.7073272274425,564.2665073239334,3.9965936646701263,1,1,8,1
2.825,947.1700568221601,563.6212599407954,4.059689177600723,1,1,8,1
2.8333333333333335,947.4565125875991,561.740907903091,4.021379447948282,1,1,8,1
2.841666666666667,948.5753027870663,561.7129527314532,4.077066967621758,1,1,8,1
2.85,948.0636279000989,562.1365282134741,4.041288974607092,1,1,8,1
2.8583333333333334,949.1039336377801,562.3490657034854,4.022985880827394,1,1,8,1
2.8666666666666667,951.1005207788809,562.5169403072335,4.041776403990071,1,1,8,1
2.875,949.771336857074,562.2267235379693,4.039590053189607,1,1,8,1
2.8833333333333333,948.3046262483504,561.2013131428808,4.10947344819765,1,1,8,1
2.8916666666666666,948.8809457458318,559.0493857444911,4.063950052502727,1,1,8,1
2.9,948.4541193727761,559.8037726741082,4.04460194209844,1,1,8,1
2.908333333333333,947.1854066970233,559.1727990979879,4.096053155171163,1,1,8,1
2.9166666666666665,945.8294986282241,558.4847025765604,4.054824358314455,1,1,8,1
2.925,945.8679194066584,558.3575046341424,4.0203076596422065,1,1,8,1
2.933333333333333,946.5753799830479,559.4565015241295,4.0616145990674095,1,1,8,1
2.941666666666667,945.7880576772619,559.4628428428107,4.009577947577549,1,1,8,1
2.95,944.7652861477856,557.7685844231288,4.075826745371842,1,1,8,1
2.9583333333333335,945.5658749837759,558.5364558120629,4.017059355585014,1,1,8,1
2.966666666666667,945.9898030374011,559.5951760319222,4.079579852892,1,1,8,1
2.975,946.126791376685,559.0461758774583,4.092245388277578,1,1,8,1
2.9833333333333334,947.1195752660095,558.1555567442532,4.0523865088576185,1,1,8,1
2.9916666666666667,946.7034811378425,557.5997682777189,4.043837616748989,1,1,8,1
3.0,945.0205726448467,557.9288717742213,4.042252076461859,1,1,8,1
3.0083333333333333,944.8327759807236,557.1265998807996,4.041746734964311,1,1,8,1
3.0166666666666666,943.5102056258281,557.7006097133012,3.986949446178846,1,1,8,1
3.025,942.5283853352621,557.9997029556025,3.9938214159989482,1,1,8,1
3.033333333333333,942.9056442981986,557.2162577860715,4.0412973697997385,1,1,8,1
3.0416666666666665,943.3864780150792,556.4894849838656,4.043815924972766,1,1,8,1
3.05,942.6846383708258,555.7341336553774,4.033613512089245,1,1,8,1
3.058333333333333,942.793294407929,555.9363607364655,4.110485435044276,1,1,8,1
3.066666666666667,942.3314400098176,556.5155276634829,4.048853493655619,1,1,8,1
3.075,943.3912805566465,557.1553960051025,4.072276399100608,1,1,8,1
3.0833333333333335,942.966566275544,556.7191922388176,4.03340317335569,1,1,8,1
3.091666666666667,943.1948373546687,557.5091691175924,3.9916141644260223,1,1,8,1
3.1,942.8931880352527,557.3753842200083,4.072631818789881,1,1,8,1
3.1083333333333334,942.9608869096835,558.3903293467777,4.0751134950835075,1,1,8,1
3.1166666666666667,941.9243223822629,558.8789775937873,4.089144464764249,1,1,8,1
3.125,941.8237768143865,557.4757050506156,4.048804135034311,1,1,8,1
3.1333333333333333,942.553116694616,556.5472590612208,4.049497553456573,1,1,8,1
3.1416666666666666,941.2835011005715,555.1629922987908,4.024560990107504,1,1,8,1
3.15,940.9559094784797,554.0357977547686,4.0359128992218976,1,1,8,1
3.158333333333333,940.833724040979,554.2823504125308,3.9820626920870867,1,1,8,1
3.1666666666666665,941.4945704378182,553.8611561993914,3.99755693639171,1,1,8,1
3.175,940.9660663125219,553.1087677606364,4.005373507384128,1,1,8,1
3.183333333333333,940.0899600392906,554.3172319939583,3.994393223295711,1,1,8,1
3.191666666666667,940.4074552252628,553.6120128665553,4.022364119045826,1,1,8,1
3.2,940.2772441140698,555.0235168331958,3.996834101078551,1,1,8,1
3.2083333333333335,940.7208948304454,555.0007856942235,3.983122638848839,1,1,8,1
3.216666666666667,941.0350199147259,554.6203790683235,4.011811072545769,1,1,8,1
3.225,939.9915362023446,554.1602559134169,4.04986953548757,1,1,8,1
3.2333333333333334,940.7358376375139,553.8259087915212,4.014707149243202,1,1,8,1
3.2416666666666667,940.1845860190131,553.9720949120984,3.9854339240106573,1,1,8,1
3.25,938.3663019899794,554.3943089242636,4.030868021695643,1,1,8,1
3.2583333333333333,939.1357447736157,553.3144429499298,3.988903898100497,1,1,8,1
3.2666666666666666,938.7795426631955,552.2817527475524,4.038269179966524,1,1,8,1
3.275,937.8903804826483,552.1456149170541,4.039991081073896,1,1,8,1
3.283333333333333,937.8114579880703,551.4859170412794,4.052046174584745,1,1,8,1
3.2916666666666665,938.6061526192253,551.0120010099931,4.064577591623086,1,1,8,1
3.3,939.2626609875218,549.3684451934363,4.011741562461095,1,1,8,1
3.308333333333333,938.8304460830109,548.8305999115487,4.044593488111378,1,1,8,1
3.316666666666667,939.4275166154655,547.6320953600741,4.058833230659025,1,1,8,1
3.325,939.4670254518732,547.8048733265338,4.015830028483817,1,1,8,1
3.3333333333333335,939.0679564798457,546.7853111351203,3.957612329372575,1,1,8,1
3.341666666666667,937.4427824209671,547.9995905413934,4.053762386187288,1,1,8,1
3.35,937.9531311968137,548.1613563587107,3.985406339358805,1,1,8,1
3.3583333333333334,937.7372523753435,547.1689567217785,4.060007839364222,1,1,8,1
3.3666666666666667,937.3678731492826,546.9860576625479,3.994844064839715,1,1,8,1
3.375,937.0970097977819,547.7101686654944,4.013677865316741,1,1,8,1
3.3833333333333333,936.0556352554157,547.0157512897664,4.005821847437405,1,1,8,1
3.3916666666666666,937.460296297612,548.8341771368524,4.046287702368341,1,1,8,1
3.4,937.654776882636,548.8399125163215,4.029062203544578,1,1,8,1
3.408333333333333,937.4801356880239,548.8213111549682,4.013107679153556,1,1,8,1
3.4166666666666665,938.1093021098828,549.0618842543295,4.035918709219839,1,1,8,1
3.425,937.9307705418631,547.9875230436339,4.004913855832278,1,1,8,1
3.433333333333333,937.8798676992615,549.0643389063831,3.958981304222304,1,1,8,1
3.441666666666667,937.225426853033,547.9607209718602,4.033991686876626,1,1,8,1
3.45,938.473029704415,547.6609752204378,3.9587042406424704,1,1,8,1
3.4583333333333335,938.2896326283944,546.4611207856511,4.03933001226805,1,1,8,1
3.466666666666667,936.4225053856053,547.4184520273261,4.061165626943215,1,1,8,1
3.475,936.5600547063533,548.5960117085579,3.981181317110228,1,1,8,1
3.4833333333333334,935.6069371402436,550.2836724568796,4.009251334438711,1,1,8,1
3.4916666666666667,935.391766600499,548.9206289153229,4.018076600000786,1,1,8,1
3.5,935.9923530211303,549.3572071062235,4.0319357120195125,1,1,8,1
3.5083333333333333,936.1741658579863,548.1512502062517,3.968883502027038,1,1,8,1
3.5166666666666666,934.8126013111045,547.7916344460081,3.98268911918945,1,1,8,1
3.525,934.3152334676462,548.4075988463326,3.9923519811616117,1,1,8,1
3.533333333333333,934.068550858796,548.1573300023213,4.047948353564543,1,1,8,1
3.5416666666666665,934.9942586955036,548.7181902378738,4.0451479767894805,1,1,8,1
3.55,936.1944450578411,549.2715138931832,4.01840454032938,1,1,8,1
3.558333333333333,936.2260055910729,548.2012218996122,3.982304904550937,1,1,8,1
3.566666666666667,936.189545244564,547.7402648085177,3.9752940054271964,1,1,8,1
3.575,935.6415483270084,548.9812370847999,3.9493650220398213,1,1,8,1
3.5833333333333335,936.0084769289036,548.7878911370501,4.00978694445292,1,1,8,1
3.591666666666667,936.8250461230239,550.0027081590127,4.032312168498363,1,1,8,1
3.6,938.3689462737772,549.9610527695489,3.986494133039037,1,1,8,1
3.6083333333333334,939.1687006500973,549.3094910512397,3.9973549508376003,1,1,8,1
3.6166666666666667,938.5712878985913,549.9714317016261,4.029142081169249,1,1,8,1
3.625,939.3737798823629,549.6683610759632,3.9480669922009657,1,1,8,1
3.6333333333333333,939.2317553065383,550.1341610878801,4.051050878580037,1,1,8,1
3.6416666666666666,939.6550718842101,549.4390151782156,4.035310149509744,1,1,8,1
3.65,940.2008874859412,548.4957068035893,3.9997811030613324,1,1,8,1
3.658333333333333,939.6110147003009,547.6577944016401,3.9775635393883126,1,1,8,1
3.6666666666666665,940.2746558204286,547.806358407321,3.97915570079938,1,1,8,1
3.675,940.7212816294202,547.2831252724023,3.9895565221445652,1,1,8,1
3.683333333333333,938.4620391779254,547.5580839691102,4.028954257222719,1,1,8,1
3.691666666666667,938.9468411072355,548.2995587417649,3.9891852168094992,1,1,8,1
3.7,939.3573561106034,547.8521899702731,3.958764226512696,1,1,8,1
3.7083333333333335,938.382787975478,546.3325830348927,3.990110826070875,1,1,8,1
3.716666666666667,937.6135203672209,545.6255255724403,3.9867784061552403,1,1,8,1
3.725,1259.0035574825533,454.93043812305837,4.028093147182736,1,1,8,1
3.7333333333333334,1257.8580825324843,455.50336317242295,3.935022622419981,1,1,8,1
3.7416666666666667,935.6580829806571,545.6039588868995,4.0234479448093925,1,1,8,1
3.75,936.1288534463065,546.448255013622,4.003570595602842,1,1,8,1
3.7583333333333333,936.5612515172184,546.1573394127871,4.019684627457311,1,1,8,1
3.7666666666666666,936.8828906088921,545.8417391543801,3.968584981986163,1,1,8,1
3.775,935.8520252633976,544.9281936000042,3.9992163289354927,1,1,8,1
3.783333333333333,935.2010827661832,544.3606928217587,3.9655151810807507,1,1,8,1
3.7916666666666665,934.503039545138,545.4293798030174,4.025350442159171,1,1,8,1
3.8,932.3693809846858,544.1051812171379,4.04623611340147,1,1,8,1
3.808333333333333,932.2934835503971,543.94373662071,3.996849704243879,1,1,8,1
3.816666666666667,932.2116223084763,545.0712062802926,3.9813573872191377,1,1,8,1
3.825,931.2699362119323,545.25137880099,4.0108208156397165,1,1,8,1
3.8333333333333335,931.2265572039013,544.6519938403341,4.0224490615755135,1,1,8,1
3.841666666666667,930.8292930011957,545.1716691606357,3.9949517101529963,1,1,8,1
3.85,931.4530868339795,545.7257101546877,3.9498126324155223,1,1,8,1
3.8583333333333334,931.0943439583033,545.5166329340339,3.985718444076719,1,1,8,1
3.8666666666666667,929.9227846347968,545.9330458993518,3.9921602881004046,1,1,8,1
3.875,930.3876292632076,546.249169197816,4.033716336497282,1,1,8,1
3.8833333333333333,929.8494115006624,545.5242418634269,4.030599209137243,1,1,8,1
3.8916666666666666,930.191332485134,546.432998160124,3.960025143871894,1,1,8,1
3.9,929.8473601704371,547.0502926675535,4.010367113854684,1,1,8,1
3.908333333333333,929.7437137915949,548.069219784231,3.9620236362346644,1,1,8,1
3.9166666666666665,929.5193790528466,548.9210630624269,4.009601315530232,1,1,8,1
3.925,929.5153157040222,547.918529125088,4.005506876755635,1,1,8,1
3.933333333333333,930.1933185763208,547.4129251915941,4.043026071558751,1,1,8,1
3.941666666666667,929.4975599531227,548.3079594304832,4.047266272014827,1,1,8,1
3.95,930.289256632482,549.3213286600566,3.993260132324525,1,1,8,1
3.9583333333333335,930.5506518983794,549.8216266429514,4.010776701613135,1,1,8,1
3.966666666666667,930.7571559144614,550.0294576015282,3.9741193724094774,1,1,8,1
3.975,930.6262921281115,549.8030204693677,3.9697357996579483,1,1,8,1
3.9833333333333334,930.7115740724621,548.5415463888976,3.995070438985636,1,1,8,1
3.9916666666666667,931.4950510152322,549.6676793882607,4.0277970035653,1,1,8,1
4.0,931.8578634350148,551.719330252843,4.0328896238853575,1,1,8,1
4.008333333333334,933.0154331820462,552.0944068805975,3.9848139083996466,1,1,8,1
4.016666666666667,934.0874489460548,552.1132987598002,3.9777758730617827,1,1,8,1
4.025,934.1431862096848,550.8215487396067,3.97093883036562,1,1,8,1
4.033333333333333,934.1675004234696,549.838498275283,3.9282213468519345,1,1,8,1
4.041666666666667,933.4772717629695,549.5215118710339,4.0081265793668,1,1,8,1
4.05,934.9270245925986,548.1891429904339,4.032065816661061,1,1,8,1
4.058333333333334,935.7370072968545,548.6054875194687,3.9695718671433164,1,1,8,1
4.066666666666666,936.4337392717817,548.4382769996204,4.04410922759477,1,1,8,1
4.075,936.339478413229,549.3391910172343,3.9841415379397285,1,1,8,1
4.083333333333333,936.003135532703,549.6171154734685,3.9968246296687235,1,1,8,1
4.091666666666667,936.0778742949008,548.6461603447284,4.011804955711644,1,1,8,1
4.1,936.2558002935612,548.6576731619929,4.013723675412929,1,1,8,1
4.108333333333333,936.2945494481908,548.4731539417503,3.9918300596071723,1,1,8,1
4.116666666666666,936.7802924070758,548.9979900772773,4.0541033644059,1,1,8,1
4.125,936.4649155939987,549.2836711882413,4.0237128656444066,1,1,8,1
4.133333333333334,936.3115216280883,548.3284360495712,3.9659950490162412,1,1,8,1
4.141666666666667,935.7432052312544,548.9235712650213,3.92928117565631,1,1,8,1
4.15,935.3711928508854,550.6637078593459,4.014506289056189,1,1,8,1
4.158333333333333,934.9753686136492,550.631883604329,4.052223637286961,1,1,8,1
4.166666666666667,935.0287479096821,549.7882336610601,3.9942246081513897,1,1,8,1
4.175,934.6802582439183,549.650317647043,4.056217275779623,1,1,8,1
4.183333333333334,934.2330213613324,550.2707112450933,4.038623205567757,1,1,8,1
4.191666666666666,932.641619627927,550.0151307403924,4.025186410890769,1,1,8,1
4.2,932.0088457898667,550.0382675160853,4.029492105341431,1,1,8,1
4.208333333333333,933.0075789450317,550.2697923234169,4.039848145085977,1,1,8,1
4.216666666666667,933.6695646453862,550.0071376671771,4.008499953287022,1,1,8,1
4.225,934.18356126712,549.8837862438469,4.0513175426149655,1,1,8,1
4.233333333333333,935.8662851656622,549.4189537927235,4.002015254578948,1,1,8,1
4.241666666666666,935.4872900644659,549.2595813305494,4.060570903157647,1,1,8,1
4.25,937.4301983118993,550.9111304274188,4.05291772180513,1,1,8,1
4.258333333333334,938.1250765652316,549.9291096169424,4.0689490072793,1,1,8,1
4.266666666666667,938.4275401809468,549.3299651196588,3.9745173749183103,1,1,8,1
4.275,938.9844986937916,548.5962924345367,4.016516682788061,1,1,8,1
4.283333333333333,938.8283419609505,548.6243767698159,3.978449901982271,1,1,8,1
4.291666666666667,938.8952797444565,548.0979173353014,4.023543060837607,1,1,8,1
4.3,938.2232359925946,547.9190931061057,4.049157940371769,1,1,8,1
4.308333333333334,937.2648298455468,548.0067016982783,4.005206367953146,1,1,8,1
4.316666666666666,937.6728791721746,548.1194599302908,4.046578763250513,1,1,8,1
4.325,935.9892008983464,548.3332153227983,4.039172743909678,1,1,8,1
4.333333333333333,936.0635382711084,548.4608922168348,4.033534630070366,1,1,8,1
4.341666666666667,935.9993558951844,547.5163371004137,4.012943499482373,1,1,8,1
4.35,935.6341894093067,547.3002388756588,4.018167724145052,1,1,8,1
4.358333333333333,935.0370228464978,546.071167189383,4.03521542503238,1,1,8,1
4.366666666666666,935.9318670476684,545.4968049301236,4.033648619479423,1,1,8,1
4.375,935.6361720849351,545.1082516244383,4.057565376894562,1,1,8,1
4.383333333333334,936.3660076361286,545.225692030528,4.00091683939752,1,1,8,1
4.391666666666667,935.7594416550155,545.1254810265935,4.054420849810345,1,1,8,1
4.4,935.4644032382898,546.4100683068905,4.083315813554506,1,1,8,1
4.408333333333333,935.26253978973,546.0583447253398,4.04193914533843,1,1,8,1
4.416666666666667,934.9470528794315,545.2666253087426,3.9988843232350506,1,1,8,1
4.425,934.7182002639479,545.131237144043,4.013626136695705,1,1,8,1
4.433333333333334,935.3492508220731,544.4160768809384,4.068600376547343,1,1,8,1
4.441666666666666,934.1759980174473,543.2252916437947,4.034040508024731,1,1,8,1
4.45,934.0092285229028,544.2453861651529,4.021139933010474,1,1,8,1
4.458333333333333,934.0113288779587,545.9389421074665,4.055951145603428,1,1,8,1
4.466666666666667,934.0056614266481,546.3506771150361,4.020050890998644,1,1,8,1
4.475,933.1945800489708,547.6489323366724,4.018438439867405,1,1,8,1
4.483333333333333,933.1492413087545,546.7019262087131,4.021784415850194,1,1,8,1
4.491666666666666,933.4006181212204,546.4457357437238,4.030184832269262,1,1,8,1
4.5,933.4412216155872,544.9339907659678,3.989546461847272,1,1,8,1
4.508333333333334,932.3646866227939,545.9227806745735,4.018242406037867,1,1,8,1
4.516666666666667,933.0956668659436,544.8668699045473,3.9979647264324902,1,1,8,1
4.525,934.4119625199758,544.0428401863871,4.055393971543061,1,1,8,1
4.533333333333333,933.4691223443702,543.8681380521433,3.997308005832762,1,1,8,1
4.541666666666667,933.0854001005688,543.9551395297938,4.022901611427228,1,1,8,1
4.55,933.1013733863516,543.2796475132703,4.019771225504938,1,1,8,1
4.558333333333334,934.0456623295479,543.262408618118,4.014315686854824,1,1,8,1
4.566666666666666,934.4938031609756,542.6388466946053,4.034801720956963,1,1,8,1
4.575,935.671370871139,542.0973203814917,4.077058679786386,1,1,8,1
4.583333333333333,936.6871490211565,542.1473095201584,4.09446637426629,1,1,8,1
4.591666666666667,936.7143859526911,541.834324471907,4.067102344592148,1,1,8,1
4.6,937.1881504219471,542.8570531276806,4.050004683494895,1,1,8,1
4.608333333333333,936.0708523996159,541.790801715356,4.092684722778019,1,1,8,1
4.616666666666666,935.5583664777712,539.9622665876918,4.077962225298183,1,1,8,1
4.625,936.7755987542424,539.9673959333426,4.064993818316037,1,1,8,1
4.633333333333334,936.2854270624313,539.667613126533,4.071834808026976,1,1,8,1
4.641666666666667,937.1980720173727,540.5246141789755,4.044598890531088,1,1,8,1
4.65,937.2072430226781,541.7324467703775,4.062809161909007,1,1,8,1
4.658333333333333,,,,0,1,8,1
4.666666666666667,,,,0,1,8,1
4.675,,,,0,1,8,1
4.683333333333334,,,,0,1,8,1
4.691666666666666,,,,0,1,8,1
4.7,,,,0,1,8,1
4.708333333333333,,,,0,1,8,1
4.716666666666667,,,,0,1,8,1
4.725,,,,0,1,8,1
4.733333333333333,,,,0,1,8,1
4.741666666666666,,,,0,1,8,1
4.75,,,,0,1,8,1
4.758333333333334,,,,0,1,8,1
4.766666666666667,,,,0,1,8,1
4.775,,,,0,1,8,1
4.783333333333333,,,,0,1,8,1
4.791666666666667,943.0823952504219,543.8225272002582,4.0107489935520615,1,1,8,1
4.8,943.7560692422219,544.090269543638,4.092962297940961,1,1,8,1
4.808333333333334,943.3006399491092,543.2451486546819,4.028360823198405,1,1,8,1
4.816666666666666,943.6790908490067,542.1132324638022,4.074932979049468,1,1,8,1
4.825,943.0798857691485,542.3001053581226,4.090562242621975,1,1,8,1
4.833333333333333,943.16501779598,541.4263695914576,4.068030961333703,1,1,8,1
4.841666666666667,943.7128442904733,542.2346493464007,4.063490047784186,1,1,8,1
4.85,943.2201990874466,542.8575025616136,4.041759526148837,1,1,8,1
4.858333333333333,943.4436626888108,544.3513481075128,4.039090442481203,1,1,8,1
4.866666666666666,942.7936993454956,544.6817981553124,4.099982201380649,1,1,8,1
4.875,942.6097576381687,544.5997865790756,4.140071659326322,1,1,8,1
4.883333333333334,942.3104293102198,544.2005005583396,4.098414363539453,1,1,8,1
4.891666666666667,941.6666706287081,543.769231256743,4.104910146084302,1,1,8,1
4.9,942.0243672802173,542.9333341742667,4.0799126947489555,1,1,8,1
4.908333333333333,941.7174480373105,542.2567989651114,4.0451611769253635,1,1,8,1
4.916666666666667,941.7208031156077,542.4480050472275,4.123731875030022,1,1,8,1
4.925,942.6746742519439,542.8031719534556,4.062257151693242,1,1,8,1
4.933333333333334,943.4897122783436,542.6679244500644,4.13978899963524,1,1,8,1
4.941666666666666,943.3020440025075,543.5369771644902,4.082482006301156,1,1,8,1
4.95,944.176324817461,544.6901397008459,4.080987638158466,1,1,8,1
4.958333333333333,944.8081477922115,543.036008013679,4.116700387987598,1,1,8,1
4.966666666666667,944.4722420198447,543.6298743670473,4.033618648217653,1,1,8,1
4.975,944.8452922557522,542.9749789781455,4.101063667601352,1,1,8,1
4.983333333333333,945.4174855150517,542.1335530556794,4.095704685754222,1,1,8,1
4.991666666666666,945.7031303126685,543.0293776471594,4.095590776387653,1,1,8,1
5.0,946.3039523247013,543.0953298247833,4.134026025671991,1,1,8,1
5.008333333333334,945.4596995647483,543.0606233868701,4.08055835790809,1,1,8,1
5.016666666666667,944.7549023773765,542.5333820029259,4.1269569948701275,1,1,8,1
5.025,945.1581628500879,542.5194980926987,4.074378247575351,1,1,8,1
5.033333333333333,944.7342821536159,542.427308016436,4.1767424759926035,1,1,8,1
5.041666666666667,945.8135441555596,541.9381222028813,4.139084086726638,1,1,8,1
5.05,945.103412126422,542.0681281229485,4.132772693396498,1,1,8,1
5.058333333333334,945.1248051431497,542.5878519982467,4.135721481136922,1,1,8,1
5.066666666666666,944.972051432701,544.342381242572,4.152517709056356,1,1,8,1
5.075,945.3824860881252,543.7634234766942,4.120603625927916,1,1,8,1
5.083333333333333,945.5216664157058,542.70639492947,4.106753858752281,1,1,8,1
5.091666666666667,946.1595687690756,543.2807306089662,4.100232849699496,1,1,8,1
5.1,946.4262263260813,542.9295470903525,4.112367129915512,1,1,8,1
5.108333333333333,946.1422262786589,543.2233545994176,4.115984954087659,1,1,8,1
5.116666666666666,945.1461033225263,542.7808700314595,4.103488084128528,1,1,8,1
5.125,946.080239951798,543.3215648902794,4.126716906710323,1,1,8,1
5.133333333333334,946.5030401785913,543.8330972830354,4.120269692473344,1,1,8,1
5.141666666666667,946.5733050255773,542.5416841589724,4.129080893321901,1,1,8,1
5.15,946.6849894806737,541.4760919965123,4.15501527355111,1,1,8,1
5.158333333333333,945.6207357965761,540.7146534246835,4.122160694607895,1,1,8,1
5.166666666666667,945.65061154746,539.3138384490077,4.121317673204955,1,1,8,1
5.175,945.970627949036,538.4664348534109,4.1292213805287545,1,1,8,1
5.183333333333334,944.8467403266501,538.2510761592271,4.0690993014896515,1,1,8,1
5.191666666666666,943.1663734628858,538.6283330862005,4.079014746858712,1,1,8,1
5.2,943.7894519081303,540.2358998446819,4.108733547394275,1,1,8,1
5.208333333333333,944.812873288385,540.0193960335268,4.085620054580224,1,1,8,1
5.216666666666667,944.8472304100284,541.0113630391403,4.137314616781207,1,1,8,1
5.225,944.2686237678627,541.5624878129596,4.157904071598835,1,1,8,1
5.233333333333333,943.8499651530707,540.9508168384314,4.117980852740061,1,1,8,1
5.241666666666666,945.5487600017119,541.6285374655245,4.145840060528842,1,1,8,1
5.25,945.7960982940789,541.471515101445,4.083651814845922,1,1,8,1
5.258333333333334,944.421221137518,540.9199317422931,4.110720413010244,1,1,8,1
5.266666666666667,944.2489998917769,541.6893138402203,4.180735125929943,1,1,8,1
5.275,942.9560680244176,542.177685120612,4.058114645171719,1,1,8,1
5.283333333333333,943.2306324207063,541.2780609729792,4.133607374513141,1,1,8,1
5.291666666666667,943.0948122237673,540.8428060877646,4.146943197585496,1,1,8,1
5.3,942.8997653115437,538.8902007987084,4.127596211833181,1,1,8,1
5.308333333333334,943.9088461157374,538.9473766476176,4.122798926437024,1,1,8,1
5.316666666666666,943.3747732774244,539.4943734201796,4.148116576862438,1,1,8,1
5.325,944.4506770979024,539.4263293037299,4.156785640933961,1,1,8,1
5.333333333333333,944.7600705768014,540.8221392702395,4.146975825094146,1,1,8,1
5.341666666666667,944.874177213861,539.5077968851738,4.150680818871982,1,1,8,1
5.35,947.3411333981487,538.5616671154786,4.151679632214639,1,1,8,1
5.358333333333333,947.7608403863892,539.4607812969889,4.205201581797222,1,1,8,1
5.366666666666666,948.7426842119656,541.2329083898388,4.112516698503248,1,1,8,1
5.375,949.7421889774628,540.7726583929401,4.191302438164264,1,1,8,1
5.383333333333334,950.8441139431116,540.1642790090405,4.115637946939538,1,1,8,1
5.391666666666667,950.9467928003069,539.6467327914545,4.1030765092076145,1,1,8,1
5.4,951.2422216298315,539.403346244118,4.164589950796777,1,1,8,1
5.408333333333333,952.6652714160231,538.4048277568294,4.1238862426623,1,1,8,1
5.416666666666667,951.5711854814818,537.7440895454371,4.157758301442994,1,1,8,1
5.425,951.5046656671852,537.7302247220879,4.092685908151369,1,1,8,1
5.433333333333334,951.0863292400444,538.1920366026875,4.155333993037602,1,1,8,1
5.441666666666666,949.8378767666563,538.2276974383923,4.139151628980536,1,1,8,1
5.45,949.9922550336539,538.7029201270984,4.1986412862322515,1,1,8,1
5.458333333333333,949.5400940970984,538.929428572853,4.153753003694477,1,1,8,1
5.466666666666667,949.3545515132103,538.7466375465712,4.171840021118964,1,1,8,1
5.475,949.6179253040327,537.4024117608093,4.124684277366567,1,1,8,1
5.483333333333333,950.2487625972987,537.8094026908292,4.175042472624929,1,1,8,1
5.491666666666666,950.478401868932,536.3293949130593,4.181532508772044,1,1,8,1
5.5,948.5678928795696,535.8570988375196,4.179152720571494,1,1,8,1
5.508333333333334,948.4386439184291,536.2216410448037,4.107203620365681,1,1,8,1
5.516666666666667,948.3136513307652,536.3090483015238,4.175964654226544,1,1,8,1
5.525,948.8564477973667,535.296175958056,4.178342302845435,1,1,8,1
5.533333333333333,638.819716898603,469.78528512926005,4.179775946537598,1,1,8,1
5.541666666666667,639.1565138865401,470.4110151745555,4.14637093681192,1,1,8,1
5.55,950.1916669746897,535.6814634522196,4.132033362087592,1,1,8,1
5.558333333333334,949.7348161546247,534.9957491536182,4.165036764091178,1,1,8,1
5.566666666666666,950.823319886932,534.2972441539715,4.1544227117801364,1,1,8,1
5.575,949.5190371877999,532.9772933754795,4.153927977521433,1,1,8,1
5.583333333333333,949.150330236181,534.6844615089997,4.170083294782328,1,1,8,1
5.591666666666667,948.9270998619478,534.2864713525055,4.149453783459634,1,1,8,1
5.6,950.1151291216671,533.1453982370017,4.129849737121292,1,1,8,1
5.608333333333333,951.2061868778003,533.6210937758096,4.1889207699391156,1,1,8,1
5.616666666666666,951.2680019255178,534.2901649292087,4.18265875339872,1,1,8,1
5.625,950.7698700234636,534.3308902452981,4.090174612770781,1,1,8,1
5.633333333333334,950.4145504447192,533.8147783125248,4.1388658123137745,1,1,8,1
5.641666666666667,949.3686234484253,533.6873464566808,4.177487117521939,1,1,8,1
5.65,949.8420534342205,534.9010283777337,4.136718838070697,1,1,8,1
5.658333333333333,949.4486206354637,535.5508964019996,4.181798348046793,1,1,8,1
5.666666666666667,949.722199762763,535.5648422115084,4.147282053739209,1,1,8,1
5.675,950.144521579854,535.2410555934713,4.159340472034487,1,1,8,1
5.683333333333334,949.6329926372707,534.9419942034107,4.208315345950894,1,1,8,1
5.691666666666666,950.480452887012,535.3915703038506,4.159869689503419,1,1,8,1
5.7,951.0098970032459,535.8537365946142,4.147298431822701,1,1,8,1
5.708333333333333,950.7425642540719,534.8581438097254,4.136098703563512,1,1,8,1
5.716666666666667,951.6270582817102,534.6480341597241,4.148458936540489,1,1,8,1
5.725,951.952347313429,535.4912358598995,4.185128534290951,1,1,8,1
5.733333333333333,951.7405176332346,535.3158450717564,4.157083590613127,1,1,8,1
5.741666666666666,951.114763454435,536.1935408007446,4.138815905452267,1,1,8,1
5.75,951.6524849270747,535.5294090672255,4.165295273785651,1,1,8,1
5.758333333333334,952.2876158975846,534.3223572914098,4.2240687181394625,1,1,8,1
5.766666666666667,951.1128272598481,534.85749359557,4.194686243935984,1,1,8,1
5.775,950.7109867671775,534.0876750696398,4.196536360146501,1,1,8,1
5.783333333333333,952.1605907344303,533.5829550644133,4.185979979473853,1,1,8,1
5.791666666666667,952.1582124296377,533.0635220147137,4.1825731388626295,1,1,8,1
5.8,951.4273899509991,533.9697625041304,4.204434263486992,1,1,8,1
5.808333333333334,951.5003031299779,535.0324236582067,4.198444860178483,1,1,8,1
5.816666666666666,951.4978196538968,535.238023801328,4.212493665561652,1,1,8,1
5.825,952.1645548032254,534.9813340243533,4.202484049531391,1,1,8,1
5.833333333333333,951.8305626860155,534.7222567966872,4.148797922099102,1,1,8,1
5.841666666666667,950.1478782905866,533.0918324901145,4.1868130750820525,1,1,8,1
5.85,949.1682357170833,531.6512363143819,4.179935004511846,1,1,8,1
5.858333333333333,949.7028886901555,531.794818214239,4.167296669603137,1,1,8,1
5.866666666666666,948.2198968748547,532.3211373531706,4.244028389607976,1,1,8,1
5.875,947.8367206733193,532.7585819292123,4.212957422328722,1,1,8,1
5.883333333333334,948.9029012686188,531.7431960466513,4.239827706024397,1,1,8,1
5.891666666666667,949.4345994956631,531.8285048940215,4.1956974074838795,1,1,8,1
5.9,949.9996422679095,531.6390191918122,4.2403458060830195,1,1,8,1
5.908333333333333,950.1844150977746,530.1286638260945,4.184085657720579,1,1,8,1
5.916666666666667,949.3028461826603,528.3055888124487,4.216596410427937,1,1,8,1
5.925,1298.0705340236325,318.09118057381613,4.198698719121291,1,1,8,1
5.933333333333334,1298.6345399722522,316.31783498228276,4.148809311445851,1,1,8,1
5.941666666666666,950.5367639275224,527.1276410521859,4.186761808109238,1,1,8,1
5.95,950.8749735700036,527.2488771707546,4.182730968309881,1,1,8,1
5.958333333333333,789.1146509547738,762.1397825710915,4.204920882005171,1,1,8,1
5.966666666666667,788.7141689162672,761.3825977791056,4.239033809914122,1,1,8,1
5.975,949.213421516509,528.1545339284022,4.18631408770204,1,1,8,1
5.983333333333333,948.7461795297377,527.2009623003122,4.208293747063082,1,1,8,1
5.991666666666666,948.6202386944364,526.7464720016299,4.1926350691455925,1,1,8,1
6.0,948.5494079144138,525.350196080939,4.231288089587377,1,1,8,1
6.008333333333334,949.4666282956534,525.3118006322877,4.188992493340757,1,1,8,1
6.016666666666667,949.6819360158495,524.9522647085571,4.18521820247265,1,1,8,1
6.025,949.1088562989287,524.2308631358055,4.225012281394311,1,1,8,1
6.033333333333333,948.9887850062704,523.3131310020749,4.213917149511708,1,1,8,1
6.041666666666667,949.5112636278839,523.6610742244299,4.184408678028802,1,1,8,1
6.05,948.7287236858082,522.1848110138937,4.140271589966109,1,1,8,1
6.058333333333334,949.4703880249443,523.3473655913459,4.184879166000422,1,1,8,1
6.066666666666666,949.5459623002963,523.5929860099008,4.219292548606861,1,1,8,1
6.075,948.1742586169437,522.6715870211633,4.152952949898277,1,1,8,1
6.083333333333333,947.6133710635162,521.5369390488526,4.215121151350058,1,1,8,1
6.091666666666667,947.8082186467727,521.2701504800061,4.193508149350448,1,1,8,1
6.1,948.0595846360247,521.1103246744789,4.217652957577442,1,1,8,1
6.108333333333333,947.8011331893495,521.3581216353732,4.194070853714775,1,1,8,1
6.116666666666666,946.8742568575769,522.0607428454562,4.205037527707673,1,1,8,1
6.125,946.5380460146392,521.4318952895044,4.213975121186963,1,1,8,1
6.133333333333334,947.6002084239527,520.6175587702488,4.208592280256716,1,1,8,1
6.141666666666667,948.0169480559346,521.2709595969865,4.244689049286264,1,1,8,1
6.15,949.3299884496279,519.2344134508902,4.178920669825739,1,1,8,1
6.158333333333333,949.4938396492604,518.9200527501566,4.199344447395201,1,1,8,1
6.166666666666667,950.0129225816452,518.65505922968,4.186104136165054,1,1,8,1
6.175,949.0466876758941,519.7389745620841,4.232202925519804,1,1,8,1
6.183333333333334,948.9423604376865,520.6264615090541,4.1884532639949485,1,1,8,1
6.191666666666666,949.4129314497163,519.3104867116494,4.166368246116477,1,1,8,1
6.2,949.2652552388076,518.9688757465148,4.214778507809184,1,1,8,1
6.208333333333333,948.7390366661439,519.7524085966285,4.231289628167153,1,1,8,1
6.216666666666667,949.8805202433368,520.8351677711636,4.145493255157108,1,1,8,1
6.225,949.6550169353778,521.5986756437809,4.178717394710636,1,1,8,1
6.233333333333333,949.1236058405258,523.2060662779076,4.219981535025128,1,1,8,1
6.241666666666666,950.411296643091,523.5346820220393,4.199230839735223,1,1,8,1
6.25,949.3373234735518,525.1238569880742,4.223305982624568,1,1,8,1
6.258333333333334,950.4479135939389,525.1828290720126,4.1953935170772745,1,1,8,1
6.266666666666667,950.4573909140063,525.0854315146672,4.181835283748446,1,1,8,1
6.275,950.4809729215782,525.5129680561573,4.202933275229733,1,1,8,1
6.283333333333333,950.6102273850101,527.3983771425715,4.206984519131487,1,1,8,1
6.291666666666667,949.5694930227464,527.1250077467273,4.229618429410115,1,1,8,1
6.3,949.9583877909471,526.8310331581777,4.197844301530126,1,1,8,1
6.308333333333334,950.3589782172727,525.6673667898875,4.2219532383451455,1,1,8,1
6.316666666666666,950.4024119720631,524.041184857908,4.230448645556488,1,1,8,1
6.325,950.8884713283302,525.8703019468078,4.252051921572158,1,1,8,1
6.333333333333333,950.1654167837623,526.3954086404276,4.175795636818755,1,1,8,1
6.341666666666667,949.8230387491825,526.7371628462214,4.202341254929559,1,1,8,1
6.35,949.6810549574518,526.8851300939671,4.219625493194494,1,1,8,1
6.358333333333333,949.4412378834362,527.512911976253,4.179630809456216,1,1,8,1
6.366666666666666,950.3932772519762,526.5662750480504,4.152327897281086,1,1,8,1
6.375,950.4223010945095,526.843903749547,4.154188487929054,1,1,8,1
6.383333333333334,950.153235275585,525.6809681947949,4.2319407305254275,1,1,8,1
6.391666666666667,950.7059246375353,526.0675804816049,4.225228951352838,1,1,8,1
6.4,950.9104091528562,526.5101503212475,4.275157890537598,1,1,8,1
6.408333333333333,951.7467318422423,526.286009056095,4.195119029740697,1,1,8,1
6.416666666666667,952.0137815558797,525.4466393641945,4.255364222510021,1,1,8,1
6.425,952.8083146828554,525.6443275795567,4.241616026245686,1,1,8,1
6.433333333333334,952.8794772493886,525.0845661965573,4.198459255193043,1,1,8,1
6.441666666666666,953.0017561407741,525.054758105606,4.177473151587501,1,1,8,1
6.45,952.092604390682,526.2988819435163,4.263166699429842,1,1,8,1
6.458333333333333,952.4867037343411,525.1092507038659,4.227553127292774,1,1,8,1
6.466666666666667,954.4444929745243,525.4281340994226,4.209032970131825,1,1,8,1
6.475,954.3923818906649,525.3228268490169,4.1862065947076665,1,1,8,1
6.483333333333333,954.716774972024,525.663184123753,4.201917575246679,1,1,8,1
6.491666666666666,953.8328948005391,527.9730139948015,4.19989570764782,1,1,8,1
6.5,952.3315745282467,528.0215478695994,4.23436800035777,1,1,8,1
6.508333333333334,1718.2714738910636,818.9778496730248,4.202776067473827,1,1,8,1
6.516666666666667,1718.5767266420542,818.6355222320224,4.172616979879285,1,1,8,1
6.525,952.5303435093845,526.329160225813,4.206950647785912,1,1,8,1
6.533333333333333,952.1543345423951,526.12720596881,4.274803620126446,1,1,8,1
6.541666666666667,951.7872127291023,525.9900345524206,4.231285697594304,1,1,8,1
6.55,952.813672010012,525.9632599832327,4.221347833333609,1,1,8,1
6.558333333333334,953.8298157738797,525.369403020941,4.2246271952328325,1,1,8,1
6.566666666666666,954.3690190339511,525.7946496816483,4.19778838781122,1,1,8,1
6.575,954.2077133664839,525.8665878165211,4.202562108266206,1,1,8,1
6.583333333333333,952.9313021199404,525.6789726522555,4.145882264180646,1,1,8,1
6.591666666666667,953.3839758826165,524.8443447740236,4.135616556689912,1,1,8,1
6.6,953.0216194655607,525.0920263483939,4.206263534718732,1,1,8,1
6.608333333333333,954.0840886105989,526.0298783756674,4.2248435404609435,1,1,8,1
6.616666666666666,953.6607903347473,525.8932320260923,4.256146607233851,1,1,8,1
6.625,953.1069396460334,526.2740316340033,4.17706754755675,1,1,8,1
6.633333333333334,953.3203737140594,525.4726414427525,4.173642125588952,1,1,8,1
6.641666666666667,952.3565528004564,524.8217162814736,4.1343222511149085,1,1,8,1
6.65,951.7494995790572,523.4555956451097,4.228380568363107,1,1,8,1
6.658333333333333,950.4881657018783,524.1716307060769,4.187304286399114,1,1,8,1
6.666666666666667,948.9131153430501,522.8533224070372,4.187820545565822,1,1,8,1
6.675,949.6363853860612,521.7547628298273,4.195481183749466,1,1,8,1
6.683333333333334,948.9931715394224,521.6247809194069,4.20882899853323,1,1,8,1
6.691666666666666,946.5174338313781,521.2027174765357,4.201205876403807,1,1,8,1
6.7,946.5899072610052,521.3455056883978,4.220204043137189,1,1,8,1
6.708333333333333,946.2131319629026,521.8320461377978,4.20286961313399,1,1,8,1
6.716666666666667,946.1339653305815,522.9716675115682,4.156323923527737,1,1,8,1
6.725,945.3898929159735,524.423417860463,4.197097246969016,1,1,8,1
6.733333333333333,946.2436181622282,523.7414691677353,4.184137216151054,1,1,8,1
6.741666666666666,946.117180896114,523.9848238302969,4.205713057502927,1,1,8,1
6.75,946.2885254304458,523.6823162507771,4.188826955114363,1,1,8,1
6.758333333333334,945.8194545853962,523.5476221125446,4.207426902037415,1,1,8,1
6.766666666666667,947.3786692996456,523.6506343296934,4.207583191029391,1,1,8,1
6.775,947.1998181018942,522.8205706136599,4.181709055980882,1,1,8,1
6.783333333333333,947.2435823483332,522.9229524505255,4.187415253032171,1,1,8,1
6.791666666666667,947.8810757312003,523.4955089158908,4.209474076639156,1,1,8,1
6.8,948.4577941755276,523.3732602347876,4.154735148294802,1,1,8,1
6.808333333333334,947.6449662251057,524.5451567408462,4.222372797454272,1,1,8,1
6.816666666666666,947.4829512505454,522.9822649207499,4.213411137864221,1,1,8,1
6.825,948.2028963088617,523.0293470226404,4.10981789375356,1,1,8,1
6.833333333333333,947.947368540156,522.7068342182913,4.17407241233448,1,1,8,1
6.841666666666667,947.8009691992937,521.1014004635379,4.184914385122719,1,1,8,1
6.85,946.1473156363588,520.4563959282093,4.18101591881522,1,1,8,1
6.858333333333333,947.3474980744872,521.9288770934933,4.14644533197667,1,1,8,1
6.866666666666666,946.9121011161698,522.4658121951811,4.219019513318591,1,1,8,1
6.875,947.4964254402453,520.9441304880797,4.186531952674249,1,1,8,1
6.883333333333334,946.9878076183858,520.720912418342,4.195844244420301,1,1,8,1
6.891666666666667,948.3734774786535,520.6428130448706,4.171518946665285,1,1,8,1
6.9,948.445154934271,521.7954153453773,4.1781806626195905,1,1,8,1
6.908333333333333,948.4928051966785,522.0352461644819,4.179084988831425,1,1,8,1
6.916666666666667,947.4193207001213,521.1881884365101,4.14293168056522,1,1,8,1
6.925,947.9566371091938,520.6555707033946,4.1692066817733675,1,1,8,1
6.933333333333334,948.9327441929628,519.7426374712655,4.136483573432759,1,1,8,1
6.941666666666666,948.3542631265296,520.1929368406318,4.189452496602855,1,1,8,1
6.95,948.3856060070469,519.9845165563595,4.223085872941629,1,1,8,1
6.958333333333333,949.7978055959713,519.5821009141977,4.201095494741319,1,1,8,1
6.966666666666667,949.1704806055636,518.9513350003557,4.171192210708825,1,1,8,1
6.975,947.5898626656028,517.962917441924,4.203183234830256,1,1,8,1
6.983333333333333,946.8392931405334,517.6474931312317,4.159958923236535,1,1,8,1
6.991666666666666,946.5629675065906,517.3885031690489,4.171182474888383,1,1,8,1
7.0,945.3719344458751,517.1717151669267,4.194659937119424,1,1,8,1
7.008333333333334,946.1120537596095,516.9583107933441,4.192431961674372,1,1,8,1
7.016666666666667,946.647020140689,517.502169626085,4.186938815074069,1,1,8,1
7.025,946.9491384791478,517.5547351878804,4.171207217531245,1,1,8,1
7.033333333333333,947.6913008117498,517.8596326237272,4.19294526969489,1,1,8,1
7.041666666666667,946.9718510159223,516.7509826414436,4.23044010201399,1,1,8,1
7.05,946.9652094576695,516.9328641223965,4.199819764269257,1,1,8,1
7.058333333333334,947.2259199899529,518.0341697866988,4.220259866795251,1,1,8,1
7.066666666666666,947.0301071198513,518.2910888056251,4.263846083600003,1,1,8,1
7.075,946.648697522988,518.2831866968722,4.251609802338317,1,1,8,1
7.083333333333333,946.9572933458934,516.6233321439555,4.255114946549698,1,1,8,1
7.091666666666667,946.4096250123281,516.8215701556366,4.224775102226893,1,1,8,1
7.1,948.3057252227171,517.197044453531,4.256341007806975,1,1,8,1
7.108333333333333,950.2513017775635,516.9138929740424,4.2579249666156755,1,1,8,1
7.116666666666666,950.732669121393,516.6146579709092,4.2626131093318635,1,1,8,1
7.125,949.4113095682865,517.1395894618639,4.302597844070745,1,1,8,1
7.133333333333334,948.9974580186209,516.4629756189397,4.296286286519446,1,1,8,1
7.141666666666667,949.8565509022761,516.591867216959,4.291409845770924,1,1,8,1
7.15,949.4773397881653,516.6110804032687,4.269086256680785,1,1,8,1
7.158333333333333,948.729110789607,518.0502426896459,4.292417726456577,1,1,8,1
7.166666666666667,948.139593909,517.1862994420719,4.293791458919221,1,1,8,1
7.175,947.6708218150945,518.0121759420492,4.2605326537925094,1,1,8,1
7.183333333333334,948.9019802552789,518.4548244785517,4.291390145050503,1,1,8,1
7.191666666666666,949.1098960269687,518.1095933707409,4.270244601534684,1,1,8,1
7.2,948.7641737438346,518.9360973582621,4.283695029064358,1,1,8,1
7.208333333333333,947.7558218010389,518.6765404207679,4.284888744500522,1,1,8,1
7.216666666666667,946.8735029442859,519.901453764702,4.267232529620417,1,1,8,1
7.225,947.5226844025125,519.4726749759212,4.2627448242208725,1,1,8,1
7.233333333333333,947.3947115907052,519.7687900230617,4.2268844558794925,1,1,8,1
7.241666666666666,221.54231221035081,655.706526820041,4.280523557099556,1,1,8,1
7.25,221.02017620382833,656.1161757654835,4.309684114202363,1,1,8,1
7.258333333333334,946.4908230793474,521.9675759211171,4.24107200501546,1,1,8,1
7.266666666666667,946.9652490217591,522.2835122133965,4.269640610757842,1,1,8,1
7.275,946.4232849044068,522.3239209593644,4.23131487864482,1,1,8,1
7.283333333333333,945.4299511728046,523.6251630496503,4.2582108337809705,1,1,8,1
7.291666666666667,944.6866414058271,524.6461733979113,4.199997222704455,1,1,8,1
7.3,945.1504962285502,525.4108764161085,4.255315233561917,1,1,8,1
7.308333333333334,944.7803376808843,524.1649231194303,4.22396024883545,1,1,8,1
7.316666666666666,944.9936384060823,524.5991688234113,4.204606339591962,1,1,8,1
7.325,943.5717682954044,524.5488684082907,4.232935972931156,1,1,8,1
7.333333333333333,943.5533313506145,524.3494629102701,4.13513353617227,1,1,8,1
7.341666666666667,943.1914266053026,523.3013476644728,4.192961290206692,1,1,8,1
7.35,942.8700422575139,523.0204035772653,4.203560238766501,1,1,8,1
7.358333333333333,942.4404270743867,523.0513137386338,4.193059244852419,1,1,8,1
7.366666666666666,941.5676131795008,522.6018933292734,4.167312850444538,1,1,8,1
7.375,941.895938726353,522.0038482868508,4.1814092352652015,1,1,8,1
7.383333333333334,941.0239947615802,521.5098217550444,4.141467568284804,1,1,8,1
7.391666666666667,940.7527342693712,521.2533387900698,4.1695886075398825,1,1,8,1
7.4,940.746663990836,521.9267314192009,4.13824827936559,1,1,8,1
7.408333333333333,941.1320298646826,523.3925670809217,4.133872359065772,1,1,8,1
7.416666666666667,942.2560821252919,522.3453951418204,4.091576083282768,1,1,8,1
7.425,942.279013051758,521.8243880301657,4.100264861522931,1,1,8,1
7.433333333333334,942.8345576450955,521.254762842824,4.171311968970448,1,1,8,1
7.441666666666666,942.6446753139718,522.1621950590431,4.071452468716251,1,1,8,1
7.45,942.9981888008925,522.84705687013,4.128583724303373,1,1,8,1
7.458333333333333,942.9146525030786,523.1897275879725,4.07461704342719,1,1,8,1
7.466666666666667,942.4457758506378,522.6351344772218,4.124528486514139,1,1,8,1
7.475,942.2532565938798,523.1211376534466,4.088585059501784,1,1,8,1
7.483333333333333,943.7771471010693,523.2732361080759,4.127477801349419,1,1,8,1
7.491666666666666,944.2136760920765,522.6373472250175,4.112256703083969,1,1,8,1
7.5,943.2454763897708,523.5175315048605,4.061568403985875,1,1,8,1
7.508333333333334,942.9158701408795,523.9078709193825,4.098222468081252,1,1,8,1
7.516666666666667,942.9995359493532,525.1605115638764,4.133749429812919,1,1,8,1
7.525,942.6147554892791,526.852736993182,4.08847426872787,1,1,8,1
7.533333333333333,942.5962835002117,526.7641633080651,4.1061120188607685,1,1,8,1
7.541666666666667,942.2549261242951,526.363915404484,4.131820112014554,1,1,8,1
7.55,941.7152157907242,526.2854425088968,4.089076600840244,1,1,8,1
7.558333333333334,942.2725366326237,526.6056777655774,4.087802150618571,1,1,8,1
7.566666666666666,941.6027955054205,525.9030086091337,4.1061829749769325,1,1,8,1
7.575,940.1895421187426,525.5094912352414,4.073427391596861,1,1,8,1
7.583333333333333,939.3740760891258,525.4776903374905,4.153675217810455,1,1,8,1
7.591666666666667,940.1672296554276,526.879895593514,4.10083470112569,1,1,8,1
7.6,941.2590134615416,527.0816365504422,4.095674129301519,1,1,8,1
7.608333333333333,940.3826862448942,526.8816604841361,4.087836546015061,1,1,8,1
7.616666666666666,939.1439790670678,526.5410414065633,4.080214410029162,1,1,8,1
7.625,938.8749077715204,525.9853002286661,4.050571703160555,1,1,8,1
7.633333333333334,937.7606999274199,526.3387293515665,4.122252574577243,1,1,8,1
7.641666666666667,938.6896273802495,527.5911449516219,4.108271377287906,1,1,8,1
7.65,939.1106375288222,529.4978161454228,4.057145109418828,1,1,8,1
7.658333333333333,938.3904698600775,530.3829772803585,4.0758737223466195,1,1,8,1
7.666666666666667,937.567590822056,530.3429476686431,4.07657853456087,1,1,8,1
7.675,938.5281565901815,530.2545081516637,4.078438755717679,1,1,8,1
7.683333333333334,938.9880818024942,529.9818862649034,4.026392258385022,1,1,8,1
7.691666666666666,939.485681316501,528.7678754844394,4.059622898540938,1,1,8,1
7.7,940.4957787135758,527.910180318165,4.033340215639927,1,1,8,1
7.708333333333333,941.0283479629377,528.559585152633,4.055142670968125,1,1,8,1
7.716666666666667,940.3267697368627,531.3423426717097,4.046545974828631,1,1,8,1
7.725,940.3948625450269,530.480824543707,4.088120156521705,1,1,8,1
7.733333333333333,938.9200148984186,530.4721559153085,4.106063779423965,1,1,8,1
7.741666666666666,939.1128743716129,529.4773495796782,4.067322708212273,1,1,8,1
7.75,939.1125015366541,530.5448758943708,4.041715316787997,1,1,8,1
7.758333333333334,939.16596882651,530.8979400447956,4.031616283686373,1,1,8,1
7.766666666666667,938.5952233160152,529.4555810836553,4.080993096003932,1,1,8,1
7.775,938.5807152665159,530.3439564434327,4.104506743530402,1,1,8,1
7.783333333333333,939.4570432155061,531.9862648352193,4.0587207793085796,1,1,8,1
7.791666666666667,939.2798784807896,531.2511724566588,4.000007543365776,1,1,8,1
7.8,939.0572237633119,531.3876767017463,4.005398318467029,1,1,8,1
7.808333333333334,939.9105177678537,531.1143314439012,4.023035625559996,1,1,8,1
7.816666666666666,940.9865930255205,531.1976542252654,4.080914129477998,1,1,8,1
7.825,941.3952456086878,532.6643110107773,4.075846661272818,1,1,8,1
7.833333333333333,941.6705628352146,532.3362119699178,4.10292949976661,1,1,8,1
7.841666666666667,941.7246445300439,533.6263824825247,4.034402725741302,1,1,8,1
7.85,941.571025504144,533.7385192013704,4.029571472321612,1,1,8,1
7.858333333333333,941.1292975540076,533.2021140991213,4.055311724253882,1,1,8,1
7.866666666666666,942.1202790550233,533.4459294360959,4.053338162281041,1,1,8,1
7.875,942.4968214730866,532.6640308160572,4.0497039600084275,1,1,8,1
7.883333333333334,943.3842716571314,531.2506899757093,3.975146004729735,1,1,8,1
7.891666666666667,942.6861792948777,531.6600079505628,4.123667621012517,1,1,8,1
7.9,943.8063426080614,531.4007500013058,4.060993635869486,1,1,8,1
7.908333333333333,943.2036812112589,532.2893981658907,4.030410090716261,1,1,8,1
7.916666666666667,941.687715411606,532.0867868142351,4.115612541714056,1,1,8,1
7.925,942.4689902791117,532.0641729402178,4.084747251086624,1,1,8,1
7.933333333333334,942.8121396872792,534.938464716694,4.019584116778865,1,1,8,1
7.941666666666666,943.5865058006424,535.127148747522,4.019587688416253,1,1,8,1
7.95,943.3552153975613,535.612716435626,4.03528016143884,1,1,8,1
7.958333333333333,943.960222952938,535.944860897326,4.034687049350055,1,1,8,1
7.966666666666667,943.520748705811,534.8546446913896,4.0750444623979245,1,1,8,1
7.975,944.7398290883093,535.6235619191706,4.093670132208705,1,1,8,1
7.983333333333333,943.6889919724382,534.2676454134795,4.089490851907765,1,1,8,1
7.991666666666666,943.4154314370749,534.2276461091878,4.008510708173218,1,1,8,1
8.0,943.4201013716387,535.639296144111,4.0344818228005215,1,1,8,1
8.008333333333333,943.4340346529597,536.7261708413776,4.01733415883826,1,1,8,1
8.016666666666667,943.0632061726617,535.9277216612156,4.070168542476379,1,1,8,1
8.025,944.0707321081654,535.3531468623066,4.060703053622466,1,1,8,1
8.033333333333333,943.6005926460635,535.1193432749649,4.024515306822058,1,1,8,1
8.041666666666666,944.2854260503814,536.2431854584098,4.0536494811941015,1,1,8,1
8.05,944.7495815790248,537.1821035450685,4.053413447349684,1,1,8,1
8.058333333333334,944.0242557868302,537.042905435954,4.01075259527454,1,1,8,1
8.066666666666666,945.0686957233992,538.5759251758693,4.119335252815058,1,1,8,1
8.075,944.5340684375801,538.4555324427234,4.01069730877924,1,1,8,1
8.083333333333334,944.0804385834629,538.6021980909552,4.006690831619855,1,1,8,1
8.091666666666667,943.710759159645,538.5392182874202,4.031984987717158,1,1,8,1
8.1,944.0266555123749,537.5087568594878,4.073861146781961,1,1,8,1
8.108333333333333,943.1038110471635,537.8580148939229,3.9841537244318537,1,1,8,1
8.116666666666667,944.0669050840273,537.6668425592445,4.008935418593374,1,1,8,1
8.125,944.7819688076393,536.7610653605448,4.039203637696951,1,1,8,1
8.133333333333333,945.3542557215196,536.3931636239638,4.081324877166895,1,1,8,1
8.141666666666667,944.7295034072888,536.2023546674741,4.083853879400261,1,1,8,1
8.15,943.7860999316358,535.6709925371784,4.0278913958218245,1,1,8,1
8.158333333333333,943.0943114143422,535.0517960661415,4.019708952202044,1,1,8,1
8.166666666666666,942.254838058645,535.4095403504606,3.9774423648910804,1,1,8,1
8.175,942.5334851553038,535.3472863001715,4.050965288364018,1,1,8,1
8.183333333333334,942.2791216208291,535.4405953455473,4.023921434845407,1,1,8,1
8.191666666666666,942.1230924080646,536.334011106782,4.0530332545995575,1,1,8,1
8.2,942.8823580104663,535.2366955346605,4.001568116123977,1,1,8,1
8.208333333333334,942.0674646227172,535.539798936976,4.037794702906722,1,1,8,1
8.216666666666667,941.608984650362,536.5423769045515,3.996599392574921,1,1,8,1
8.225,941.2990366209615,536.110740600881,4.0745267238541905,1,1,8,1
8.233333333333333,939.8563616281144,535.7908370411401,3.9868904503133806,1,1,8,1
8.241666666666667,1061.2235389344141,789.0779248773603,4.0657752414783435,1,1,8,1
8.25,1061.932258911677,787.6841742702354,4.045673215638976,1,1,8,1
8.258333333333333,941.4901553200679,534.2750452887037,4.057592640588117,1,1,8,1
8.266666666666667,941.9436028010157,535.0118718577578,4.033600721238785,1,1,8,1
8.275,942.8839220272048,534.6465949756106,4.011715501727247,1,1,8,1
8.283333333333333,942.1563699260302,535.345302885901,4.041589797968236,1,1,8,1
8.291666666666666,941.5703389022511,536.0052279564533,3.9868376896953364,1,1,8,1
8.3,941.706094017144,535.2006007636064,3.9709902207362746,1,1,8,1
8.308333333333334,943.1963231086005,534.8802113270476,3.980810901483815,1,1,8,1
8.316666666666666,942.3686319573885,534.7193908958066,4.016428713829403,1,1,8,1
8.325,941.3759181017891,535.1081767541746,4.029474751671601,1,1,8,1
8.333333333333334,942.6188894879135,536.2429348964207,4.01647156689134,1,1,8,1
8.341666666666667,942.1875710227127,535.5013844935991,4.021523094994678,1,1,8,1
8.35,942.1253561026003,534.1946056798166,4.006418519252775,1,1,8,1
8.358333333333333,942.3783058615471,534.0295439288574,3.9979040741340097,1,1,8,1
8.366666666666667,941.5881941669552,533.5362391275033,3.9154047217458356,1,1,8,1
8.375,940.317105337494,534.1118790805966,4.0195500981623855,1,1,8,1
8.383333333333333,940.0185991530639,534.7233718349994,4.020930725876179,1,1,8,1
8.391666666666667,938.9838006824145,534.8389809316412,4.017649778291036,1,1,8,1
8.4,939.7477608373023,534.7521656992284,3.966997050971398,1,1,8,1
8.408333333333333,939.3679544142508,533.8726960121063,4.06033346792604,1,1,8,1
8.416666666666666,938.596621132217,533.4348152004962,3.990896842701701,1,1,8,1
8.425,937.0799318867882,534.5379196424536,4.0131106996319375,1,1,8,1
8.433333333333334,936.6813017171963,533.5871914333753,4.007580772791142,1,1,8,1
8.441666666666666,935.8104433488633,534.7315424339696,3.9980885724853064,1,1,8,1
8.45,935.258382318583,535.6411932506957,4.042758183371573,1,1,8,1
8.458333333333334,934.3063640174447,536.3336687917371,4.018298837823453,1,1,8,1
8.466666666666667,932.2544466101092,536.1824220308096,3.997472571716249,1,1,8,1
8.475,932.9050877955834,536.213948311004,3.976122189775313,1,1,8,1
8.483333333333333,933.4563551423496,536.2101950655426,4.01824274726702,1,1,8,1
8.491666666666667,934.208090618738,535.5124973443358,3.9699613027035574,1,1,8,1
8.5,934.759223821714,534.9989214143022,4.060586467901216,1,1,8,1
8.508333333333333,934.1809300891503,535.3490601585326,4.000036929158055,1,1,8,1
8.516666666666667,933.0211156774499,534.7940890831437,4.014110114987451,1,1,8,1
8.525,934.2111949348847,535.2200853460337,3.9867816762604527,1,1,8,1
8.533333333333333,934.2118768589562,536.7166030312733,3.9907828969426773,1,1,8,1
8.541666666666666,934.2969200971272,537.0498053366699,3.9633525527107465,1,1,8,1
8.55,934.1066152977545,537.9915244812914,3.950846197059358,1,1,8,1
8.558333333333334,934.3558767360174,538.1532559820056,3.997594759167692,1,1,8,1
8.566666666666666,934.8176339347415,537.9550455222965,3.9772706955274413,1,1,8,1
8.575,934.7921698965483,539.0539069066683,3.987276613668284,1,1,8,1
8.583333333333334,935.565645975016,539.1206824292954,4.02595973119361,1,1,8,1
8.591666666666667,936.5367389091658,539.709778232938,4.068653455728924,1,1,8,1
8.6,936.2254090750364,539.1175187490093,4.002838211366584,1,1,8,1
8.608333333333333,935.2994012395138,539.4072014745449,3.9792678267663892,1,1,8,1
8.616666666666667,934.875751418356,540.8978792681107,4.024686055150468,1,1,8,1
8.625,934.3572930397772,540.5617548567117,4.020609951941079,1,1,8,1
8.633333333333333,934.3005092760392,539.6834490821831,4.009396883961799,1,1,8,1
8.641666666666667,933.3842753206319,540.4305334046005,3.970602171510784,1,1,8,1
8.65,934.1312165823166,541.3277839402018,3.9753253978682666,1,1,8,1
8.658333333333333,934.0126638337439,541.991664137846,4.026050771183768,1,1,8,1
8.666666666666666,934.553021945406,542.7888887708884,3.9976770092551925,1,1,8,1
8.675,934.9188525700422,543.0665968785287,3.9985105488115824,1,1,8,1
8.683333333333334,934.0824283346902,543.5602832111125,4.042351514943817,1,1,8,1
8.691666666666666,935.2928863931938,543.4714099062069,3.977660621982823,1,1,8,1
8.7,934.5110496163812,543.3700499850962,4.014956540290967,1,1,8,1
8.708333333333334,933.020069767459,543.8315511048803,3.9498975258207065,1,1,8,1
8.716666666666667,933.009218304122,542.9887252552353,3.9698256590773546,1,1,8,1
8.725,932.772969661032,542.5977768380627,4.031714733756641,1,1,8,1
8.733333333333333,931.2737740633247,542.5187306697651,3.983808343255483,1,1,8,1
8.741666666666667,931.2505270989229,543.9454383452814,4.005133762463239,1,1,8,1
8.75,931.9878813389461,542.4839056075967,3.9873226959610792,1,1,8,1
8.758333333333333,931.3761963523488,541.6587002653424,4.046034607763334,1,1,8,1
8.766666666666667,931.531279356993,540.2195702080072,3.9867164931529837,1,1,8,1
8.775,930.8939514399095,541.312414906868,3.9926376933957703,1,1,8,1
8.783333333333333,929.7303571360129,542.9845836083739,3.970653823731301,1,1,8,1
8.791666666666666,929.9967333797222,542.0482301843542,3.9928968719821105,1,1,8,1
8.8,929.4302546142014,540.6837871155292,4.017042553471332,1,1,8,1
8.808333333333334,929.2501357002134,540.3600695695307,3.9759447320336667,1,1,8,1
8.816666666666666,928.9188139554459,539.5878381623705,3.9575464241004283,1,1,8,1
8.825,929.8083467455165,538.8535177394438,4.001372588849872,1,1,8,1
8.833333333333334,928.2968959189986,537.9322004664668,4.056051579731598,1,1,8,1
8.841666666666667,928.1533761142157,537.9673829251738,3.9912008704843216,1,1,8,1
8.85,928.3120877801034,538.4317986391918,3.9379355365659596,1,1,8,1
8.858333333333333,928.7893401255757,538.6985994798281,4.021789725150625,1,1,8,1
8.866666666666667,929.3533692740033,538.9935867959385,3.961759613378604,1,1,8,1
8.875,930.0077704256745,537.7574629346335,4.0185687526226195,1,1,8,1
8.883333333333333,929.236725181289,537.9480410992551,3.988842514897331,1,1,8,1
8.891666666666667,928.3057846174612,536.9432116608434,3.9860857348899295,1,1,8,1
8.9,929.1201854364598,537.6966699296497,4.002888299548535,1,1,8,1
8.908333333333333,929.1973633939929,538.1384379462406,4.038218924439373,1,1,8,1
8.916666666666666,930.1079524104009,537.5840690374858,3.965726998722513,1,1,8,1
8.925,929.7719332191201,538.1014590314579,4.006773475484972,1,1,8,1
8.933333333333334,928.963471434221,536.1144129236642,3.9851278476905456,1,1,8,1
8.941666666666666,928.7087508221224,536.738484648894,4.012961636293414,1,1,8,1
8.95,927.8192624683754,537.5610542432107,3.9549788460829487,1,1,8,1
8.958333333333334,928.765274191658,537.0354100908543,4.049004424147275,1,1,8,1
8.966666666666667,930.2880250002204,537.299692641671,3.9990350633189924,1,1,8,1
8.975,930.7758491711415,536.7459500021102,3.9853189503426005,1,1,8,1
8.983333333333333,930.1777945018601,536.863043203694,3.996378978101337,1,1,8,1
8.991666666666667,929.656267709933,535.2938513349189,4.056875850430644,1,1,8,1
9.0,929.7293101278302,535.5721921247049,4.010506856995232,1,1,8,1
9.008333333333333,928.5928385701623,535.6095027671552,3.9793334481374507,1,1,8,1
9.016666666666667,928.9160297295907,535.8856404103373,4.046745219977676,1,1,8,1
9.025,928.794291235104,536.1770098488544,3.9415950563734694,1,1,8,1
9.033333333333333,928.4565941549196,535.6222667095709,3.9834914425725296,1,1,8,1
9.041666666666666,928.690738213101,536.6133615402108,4.024947741507246,1,1,8,1
9.05,928.2410311690257,536.5557118420589,3.978814242003052,1,1,8,1
9.058333333333334,928.2347773198655,536.8376414942553,3.9831201535004794,1,1,8,1
9.066666666666666,927.9785181841291,537.6050388232733,3.977723841060179,1,1,8,1
9.075,927.6169203291889,537.315816494288,4.018341247774654,1,1,8,1
9.083333333333334,926.7788787879299,538.0772069078344,3.9805521874891223,1,1,8,1
9.091666666666667,927.7749551215011,536.2977936878212,4.013593486379848,1,1,8,1
9.1,928.0279217441073,535.5563295117818,4.005914817658245,1,1,8,1
9.108333333333333,927.1015413991668,535.8904534491542,4.026624036032964,1,1,8,1
9.116666666666667,927.5239906107621,536.3482935520007,4.045885683607634,1,1,8,1
9.125,1139.152843441952,827.4817897090874,4.005221692841295,1,1,8,1
9.133333333333333,1138.3195591384763,827.0178462712433,4.060303353414732,1,1,8,1
9.141666666666667,927.0589694697576,535.8088317184671,4.0091820298596215,1,1,8,1
9.15,927.7968347144418,535.7731474267414,4.000824681382698,1,1,8,1
9.158333333333333,927.464731106939,535.3959502336578,4.013164934630052,1,1,8,1
9.166666666666666,928.1359734690178,536.3959545946466,4.050545302980919,1,1,8,1
9.175,927.9942676142795,536.1082026475934,3.9955445472156406,1,1,8,1
9.183333333333334,928.0305721430004,535.3968453704074,4.031860141687186,1,1,8,1
9.191666666666666,927.892577316596,536.7627435439965,4.005537415392679,1,1,8,1
9.2,928.3801337765026,537.6722932491292,4.0688644552354285,1,1,8,1
9.208333333333334,929.5429401338806,538.035285614491,3.9949450956872217,1,1,8,1
9.216666666666667,929.8645796448454,537.9428026342503,4.0002005388501125,1,1,8,1
9.225,928.8562216429845,537.9470301845703,4.03479019733891,1,1,8,1
9.233333333333333,930.5209139214156,537.9879398554293,4.049943857941371,1,1,8,1
9.241666666666667,931.2134044746973,538.4860536113166,4.002601930309387,1,1,8,1
9.25,931.2345984050147,538.1819580268036,3.993504250836301,1,1,8,1
9.258333333333333,932.4117792276234,537.6649326769648,3.9857314199149845,1,1,8,1
9.266666666666667,509.1310918704944,382.7542235914267,3.9938577086353075,1,1,8,1
9.275,509.10980238373475,382.44527508700594,4.05338732289115,1,1,8,1
9.283333333333333,933.0470341087546,537.7137589445499,4.01948071537534,1,1,8,1
9.291666666666666,934.2579657606885,537.4738560878675,3.9876661468491856,1,1,8,1
9.3,933.852928282501,537.5440003281218,3.9729418752466437,1,1,8,1
9.308333333333334,933.298087285178,539.0357681916217,4.07159770467629,1,1,8,1
9.316666666666666,933.181146310293,538.6796305746955,4.026905090954072,1,1,8,1
9.325,933.3064104977002,539.2912295273064,4.004017809869135,1,1,8,1
9.333333333333334,934.005550367557,540.4508284393864,4.010960421287482,1,1,8,1
9.341666666666667,933.8996054805671,540.4211819924261,4.035975295719241,1,1,8,1
9.35,934.3823932085012,539.5419858905803,4.024354430053163,1,1,8,1
9.358333333333333,936.5201684303742,541.1083790755373,4.008868539921453,1,1,8,1
9.366666666666667,936.0433196194931,542.0854658226748,3.994579224241658,1,1,8,1
9.375,937.5043250201791,540.2374984638651,4.0281631284420465,1,1,8,1
9.383333333333333,937.5690826641818,539.4191994631874,4.022915238707007,1,1,8,1
9.391666666666667,936.2474637352724,539.7687447972994,4.056487869531146,1,1,8,1
9.4,935.1933259572958,540.7742828457574,4.001761749854942,1,1,8,1
9.408333333333333,935.4545400111577,541.4679075882437,4.040248105170198,1,1,8,1
9.416666666666666,935.9909167324212,542.2022110781445,4.012011395240209,1,1,8,1
9.425,936.0053603026098,543.0157516212204,4.035888016820267,1,1,8,1
9.433333333333334,936.4389506258633,544.4994239120749,4.042097864226559,1,1,8,1
9.441666666666666,937.0278571282156,544.2886833646556,3.99121027688496,1,1,8,1
9.45,936.9002461541003,544.0324284761125,4.093509900413388,1,1,8,1
9.458333333333334,936.5103823185412,545.5571219308475,4.034547724503896,1,1,8,1
9.466666666666667,719.7732794974958,527.3619292068907,4.0132632660447145,1,1,8,1
9.475,719.5519542569444,526.8787234725916,4.051710528402317,1,1,8,1
9.483333333333333,934.1651155567719,546.1606857039309,4.018800130845711,1,1,8,1
9.491666666666667,933.724607530858,545.8336034318894,3.9604984568415227,1,1,8,1
9.5,934.8443745473496,544.9666384552436,4.0323841706503885,1,1,8,1
9.508333333333333,934.4494293964023,544.7205100616939,4.06208165554786,1,1,8,1
9.516666666666667,933.2596058807958,543.8129085948854,3.9856758595627837,1,1,8,1
9.525,932.5080469680585,543.1931717519707,4.06596761657456,1,1,8,1
9.533333333333333,932.5601954721033,542.4713374948034,4.011589097377757,1,1,8,1
9.541666666666666,933.6425145231995,541.781300342978,4.052891164491991,1,1,8,1
9.55,934.0964186485382,541.8822862480107,4.090006697220081,1,1,8,1
9.558333333333334,933.2646240735519,542.4020973679039,4.085641676913172,1,1,8,1
9.566666666666666,933.3166016815569,542.4704884997844,4.052409463335031,1,1,8,1
9.575,931.9529439734627,543.5215675520323,4.064559502227436,1,1,8,1
9.583333333333334,931.7811947274581,544.6027081623494,4.053709226751652,1,1,8,1
9.591666666666667,930.4643451708215,546.1838190802065,4.039115404173841,1,1,8,1
9.6,929.4278368936218,546.3368246853922,4.015044959831082,1,1,8,1
9.608333333333333,928.8328360840337,546.5179096363973,4.087394578742274,1,1,8,1
9.616666666666667,928.4248618177858,546.5571607476268,4.113182418200428,1,1,8,1
9.625,927.8480178275574,546.2518935961807,4.031108295401696,1,1,8,1
9.633333333333333,927.9682165910862,546.6953123023658,4.058039369185008,1,1,8,1
9.641666666666667,927.7046765241811,545.8036444157239,4.090771216430712,1,1,8,1
9.65,928.5726021317003,544.8225458923689,4.1417175863328834,1,1,8,1
9.658333333333333,929.7870163658719,543.5955180332963,3.978734932141227,1,1,8,1
9.666666666666666,929.8474865980822,543.9150142965309,4.038789982821168,1,1,8,1
9.675,929.4228337519895,542.6399514949455,4.036753706305847,1,1,8,1
9.683333333333334,929.5954988575892,542.8541631658932,4.136332284179496,1,1,8,1
9.691666666666666,929.596695513556,541.9048414631011,4.098615158545463,1,1,8,1
9.7,928.5713007843405,543.1916623499142,4.080663579174063,1,1,8,1
9.708333333333334,929.2564564657689,542.2283885747247,4.049369781376609,1,1,8,1
9.716666666666667,928.9609288501911,541.666404443049,4.058058451816824,1,1,8,1
9.725,929.1326835656547,542.9827251693171,4.073244957536724,1,1,8,1
9.733333333333333,928.7608008990152,542.7641212693347,4.117119929466915,1,1,8,1
9.741666666666667,928.4718860777178,543.8937424829309,4.0713557855372295,1,1,8,1
9.75,929.272624442774,542.6668458216893,4.057365761835193,1,1,8,1
9.758333333333333,928.3841239123121,543.2861721760993,4.060101707461668,1,1,8,1
9.766666666666667,927.5821574705022,542.42261128573,4.081500176992589,1,1,8,1
9.775,926.9100884088854,543.3438149643292,4.098400929112663,1,1,8,1
9.783333333333333,927.0237902975498,543.4235667150505,4.115764040043948,1,1,8,1
9.791666666666666,927.235104624733,543.8695540567514,4.068078747741621,1,1,8,1
9.8,927.2480068324635,545.0336637347718,4.063731118621836,1,1,8,1
9.808333333333334,927.0985858839163,544.2473563654187,4.041762539273972,1,1,8,1
9.816666666666666,927.8510382777906,542.7746785717065,4.049862401652738,1,1,8,1
9.825,927.7928965395097,542.6267334129994,4.073402996815774,1,1,8,1
9.833333333333334,928.5265314072851,542.952024224099,4.0843724218405635,1,1,8,1
9.841666666666667,929.4725649861479,543.795745901036,4.14405201517897,1,1,8,1
9.85,929.6736599164932,545.1232992531229,4.074749779069198,1,1,8,1
9.858333333333333,930.4420606450171,544.547998725925,4.088846390446604,1,1,8,1
9.866666666666667,929.7935999019599,545.0016410194578,4.067231371878891,1,1,8,1
9.875,1045.6251857662517,665.9058038975629,4.044243991989055,1,1,8,1
9.883333333333333,1045.8898204498732,664.7963980496836,4.10669583885402,1,1,8,1
9.891666666666667,929.8464986435798,543.5856790938622,4.088887132302317,1,1,8,1
9.9,930.3049736269907,542.3889165169221,4.125060281951168,1,1,8,1
9.908333333333333,930.7760210326854,542.5456846096434,4.129487026345906,1,1,8,1
9.916666666666666,931.0797642128558,541.5376057357439,4.132339856574578,1,1,8,1
9.925,931.2367862840722,540.8904378322702,4.089971190538007,1,1,8,1
9.933333333333334,931.146324238395,541.7125981603834,4.071744347099297,1,1,8,1
9.941666666666666,932.7915181706096,541.6872229071553,4.106578061418272,1,1,8,1
9.95,933.0869433500657,540.8974435126083,4.033172662243861,1,1,8,1
9.958333333333334,932.5724852880254,540.8252340888921,4.066564948188185,1,1,8,1
9.966666666666667,932.2250292852133,541.5980729422049,4.063335621880092,1,1,8,1
9.975,933.0176988703012,539.970256694068,4.147373210197483,1,1,8,1
9.983333333333333,934.1142775718263,539.6522108227493,4.128221319692942,1,1,8,1
9.991666666666667,934.7030795453873,540.3677178398989,4.111816169957007,1,1,8,1
10.0,935.9543892451904,541.132706503832,4.1437698725280185,1,1,8,1
10.008333333333333,936.7388604059428,541.2231107430575,4.06540837598235,1,1,8,1
10.016666666666667,937.20359746051,541.4349389814693,4.083522320283458,1,1,8,1
10.025,936.1389964040842,540.9779086857286,4.117175621495904,1,1,8,1
10.033333333333333,935.8622175270775,541.0794759085078,4.094195340738153,1,1,8,1
10.041666666666666,935.9788566932956,541.7281931330589,4.118801454769501,1,1,8,1
10.05,934.4555902969284,540.9378247951535,4.054375427942125,1,1,8,1
10.058333333333334,935.27217691477,541.3544009614905,4.146581912297384,1,1,8,1
10.066666666666666,934.9973842638396,541.550768901562,4.097998632260718,1,1,8,1
10.075,935.8633637326561,540.2354242741795,4.146681653635472,1,1,8,1
10.083333333333334,936.8883860870887,538.5577695639165,4.08492611119675,1,1,8,1
10.091666666666667,935.7598213868531,537.9136736444959,4.1444351220126485,1,1,8,1
10.1,934.4780287596685,536.6074905565783,4.106390492481366,1,1,8,1
10.108333333333333,934.5118045701599,536.4509621551806,4.1330349987808885,1,1,8,1
10.116666666666667,936.0382794497497,537.090130677831,4.140780022349781,1,1,8,1
10.125,936.6002917798156,537.3141913209676,4.14166350233539,1,1,8,1
10.133333333333333,936.9204377169665,536.6623056557831,4.10071694539366,1,1,8,1
10.141666666666667,935.9162107228285,535.8132086020962,4.130649948704621,1,1,8,1
10.15,935.5260795539057,535.5739430008414,4.173436791631739,1,1,8,1
10.158333333333333,935.7728822660454,534.9957138186697,4.168268785171765,1,1,8,1
10.166666666666666,935.1824193097665,534.6628655649721,4.199247933402417,1,1,8,1
10.175,936.1932984622869,534.9687885179096,4.143728138892123,1,1,8,1
10.183333333333334,935.5111677126539,534.5010484629717,4.144321626299992,1,1,8,1
10.191666666666666,934.6810720422297,534.1781921491842,4.167976872680013,1,1,8,1
10.2,934.1777702955139,533.9894641923765,4.2045954189809205,1,1,8,1
10.208333333333334,934.4089607624709,532.8033276472988,4.218783391745402,1,1,8,1
10.216666666666667,934.7960980112757,533.6792075561683,4.216909331793285,1,1,8,1
10.225,935.3877550074777,532.9670032019746,4.1667325454563064,1,1,8,1
10.233333333333333,935.0462166475139,532.9626598594176,4.233007530918444,1,1,8,1
10.241666666666667,934.701925147816,532.879576963951,4.238523034150798,1,1,8,1
10.25,935.0629955915842,531.5443166400447,4.243908096581765,1,1,8,1
10.258333333333333,933.9744323285257,530.789663380419,4.269356206064835,1,1,8,1
10.266666666666667,935.0904498724801,530.7678204965248,4.2619476657925075,1,1,8,1
10.275,935.9664953207723,529.6059463693043,4.2534910744877,1,1,8,1
10.283333333333333,935.9921072975801,530.1758301775218,4.172138321708642,1,1,8,1
10.291666666666666,935.0770854619229,530.4525566645686,4.238916628565951,1,1,8,1
10.3,936.2014478032035,529.1092526084651,4.211611222865799,1,1,8,1
10.308333333333334,935.3688184047385,529.4900083514783,4.1867595305605745,1,1,8,1
10.316666666666666,934.3397664960867,529.0881416944543,4.267949037844763,1,1,8,1
10.325,934.855491509779,529.8787636438641,4.305557705385373,1,1,8,1
10.333333333333334,933.4264775196265,530.5557680234799,4.296029833997551,1,1,8,1
10.341666666666667,932.6713383741876,532.8914350323114,4.294953187172486,1,1,8,1
10.35,933.8989107854682,531.7405794984609,4.238903555892391,1,1,8,1
10.358333333333333,933.2781189019647,532.1432156616793,4.270178146032378,1,1,8,1
10.366666666666667,933.2672145993109,532.2939251069464,4.309085439659339,1,1,8,1
10.375,933.6113589915116,532.3448180223205,4.316143508208754,1,1,8,1
10.383333333333333,933.4523730399598,532.3479691524867,4.3140477742750605,1,1,8,1
10.391666666666667,933.9146185095155,530.9141440752721,4.304212195507134,1,1,8,1
10.4,933.9829207074065,529.6580728682352,4.340906631768592,1,1,8,1
10.408333333333333,932.8053223437222,529.9980762336114,4.322884216735733,1,1,8,1
10.416666666666666,933.9415852754455,530.1620172969062,4.274527186551977,1,1,8,1
10.425,933.6079219294254,529.6995864913484,4.267607266514056,1,1,8,1
10.433333333333334,935.2853631346704,529.7476725084526,4.270783123908825,1,1,8,1
10.441666666666666,933.8991252507728,529.794376083987,4.265044648004376,1,1,8,1
10.45,933.4702454762286,528.9365473261863,4.325515073180634,1,1,8,1
10.458333333333334,931.743438875009,529.0495228040013,4.3078583012009615,1,1,8,1
10.466666666666667,931.1490719498713,528.3446077183348,4.255505364266832,1,1,8,1
10.475,930.5614931405198,528.2128355740905,4.2732651591410145,1,1,8,1
10.483333333333333,930.8045082760979,527.6781224372123,4.325465300768957,1,1,8,1
10.491666666666667,930.1864141825984,527.0529779437709,4.263265382281153,1,1,8,1
10.5,930.82439694767,526.8276849228677,4.290452161074222,1,1,8,1
10.508333333333333,931.6731622409075,526.81839713093,4.3174214031054365,1,1,8,1
10.516666666666667,930.9912296552513,526.0696048710902,4.290986813452014,1,1,8,1
10.525,931.0098431072813,525.2242044338518,4.20309352968194,1,1,8,1
10.533333333333333,930.5369755068737,526.5593797360295,4.247818576012872,1,1,8,1
10.541666666666666,931.1996668899247,526.6841085161701,4.216625403219196,1,1,8,1
10.55,931.913025403281,527.3084125437837,4.225420536968606,1,1,8,1
10.558333333333334,931.9126743324784,525.9723905897547,4.22748660060862,1,1,8,1
10.566666666666666,932.466884496651,526.4614605381885,4.236107304273855,1,1,8,1
10.575,931.8474592356682,525.4287687734316,4.179273455507756,1,1,8,1
10.583333333333334,931.6516657941021,526.2002467908515,4.211550797184513,1,1,8,1
10.591666666666667,931.7309538112463,527.3373598925107,4.24837866525193,1,1,8,1
10.6,932.2928853670612,526.8908724172583,4.219565296365196,1,1,8,1
10.608333333333333,932.28006089031,527.0606283107893,4.194507105732513,1,1,8,1
10.616666666666667,931.9845483684023,526.4181514467334,4.097130347190153,1,1,8,1
10.625,933.0556243923296,525.8495053683687,4.151189471519407,1,1,8,1
10.633333333333333,933.9595809671749,526.485705065416,4.137210066303037,1,1,8,1
10.641666666666667,932.8639176669327,526.2980972799868,4.201838518305743,1,1,8,1
10.65,932.4602671355218,526.8493567466475,4.130265145385292,1,1,8,1
10.658333333333333,932.4154914778547,527.8443588102167,4.151288326420459,1,1,8,1
10.666666666666666,931.8051508131825,527.3926698522081,4.140202491384756,1,1,8,1
10.675,932.7268778309775,527.8839505483044,4.201175630563591,1,1,8,1
10.683333333333334,933.2406286513535,526.906080421028,4.264526442981279,1,1,8,1
10.691666666666666,932.7368626473501,526.8181984733992,4.131000898362292,1,1,8,1
10.7,932.4767812446977,527.5069832989682,4.218363127004517,1,1,8,1
10.708333333333334,931.808033127648,528.1200618851765,4.161435871564259,1,1,8,1
10.716666666666667,932.2953678767859,527.4944937953402,4.217558689208998,1,1,8,1
10.725,931.2741717955855,527.4570152020789,4.163622639168415,1,1,8,1
10.733333333333333,930.239667786795,526.9170088266968,4.156738712093866,1,1,8,1
10.741666666666667,929.6548990601482,528.1950310670496,4.149659469054942,1,1,8,1
10.75,929.4941306141533,528.3904374501935,4.192134795633231,1,1,8,1
10.758333333333333,929.7562748225987,529.4990656341549,4.1590511232822145,1,1,8,1
10.766666666666667,928.9745377479121,529.8388312233774,4.18789871739421,1,1,8,1
10.775,928.4775386619556,530.3776722028473,4.213829407305443,1,1,8,1
10.783333333333333,930.0473943685363,529.3449417794872,4.114146722910254,1,1,8,1
10.791666666666666,929.2692532319797,529.5721106923902,4.172226853542625,1,1,8,1
10.8,929.7690283661724,528.5293386151236,4.227927132437538,1,1,8,1
10.808333333333334,931.1850006546939,527.9743083931276,4.188346563948177,1,1,8,1
10.816666666666666,931.0045233409154,527.2028610712374,4.18436908311044,1,1,8,1
10.825,931.1654218624071,527.189301663853,4.192482629998851,1,1,8,1
10.833333333333334,931.346981849663,527.1522936401749,4.138851678336156,1,1,8,1
10.841666666666667,932.4793579738631,526.1300463465712,4.192811739831412,1,1,8,1
10.85,931.730932293382,527.335670484363,4.225604028149012,1,1,8,1
10.858333333333333,933.9183580489049,526.9987819839889,4.181708120812624,1,1,8,1
10.866666666666667,933.5829261965681,526.6001973520611,4.242212041848498,1,1,8,1
10.875,931.991565350697,526.991288300809,4.230365400422664,1,1,8,1
10.883333333333333,932.4705512471098,526.723884052448,4.219455350243303,1,1,8,1
10.891666666666667,932.4035880824234,527.1752520903867,4.179532238916849,1,1,8,1
10.9,931.9157731666892,527.7776071017472,4.142614302629432,1,1,8,1
10.908333333333333,931.4544231113229,527.5256025042042,4.15155359823182,1,1,8,1
10.916666666666666,931.0914209066909,527.2238317627346,4.179687959753466,1,1,8,1
10.925,930.9600262802511,527.6059109232539,4.169108132144235,1,1,8,1
10.933333333333334,930.411849141434,526.6199577680123,4.1823864184462325,1,1,8,1
10.941666666666666,930.8768500864251,526.3965646202499,4.190303151363228,1,1,8,1
10.95,931.5370271768887,525.1134725731874,4.207813863982073,1,1,8,1
10.958333333333334,931.477304765187,523.9888707075664,4.1803473736219745,1,1,8,1
10.966666666666667,930.163397376845,524.7890666447735,4.187115519918397,1,1,8,1
10.975,929.8966260493324,523.9133018375167,4.188568243615081,1,1,8,1
10.983333333333333,929.9204802557641,525.0768184011815,4.221533090327634,1,1,8,1
10.991666666666667,930.7139210187935,525.7097393185073,4.219342916002205,1,1,8,1
11.0,929.801315244724,525.0318816562715,4.115355749616076,1,1,8,1
11.008333333333333,929.7436184852697,523.0340783284668,4.2104942171222755,1,1,8,1
11.016666666666667,929.4495535937313,522.2445320635472,4.186993388619398,1,1,8,1
11.025,930.3188052667888,523.287945259833,4.1850702392258325,1,1,8,1
11.033333333333333,930.8937986746795,524.6482019944464,4.202129635082634,1,1,8,1
11.041666666666666,931.150392819207,526.0342665638839,4.183126805763515,1,1,8,1
11.05,930.5739762815285,525.8705425583079,4.17030066810276,1,1,8,1
11.058333333333334,931.7269691329288,525.414452163832,4.185873291250536,1,1,8,1
11.066666666666666,932.9540080325677,524.8699353929093,4.2657687198360295,1,1,8,1
11.075,931.9435083393582,525.6013426026311,4.173670588522034,1,1,8,1
11.083333333333334,930.52509195697,526.6079259716273,4.206084912333383,1,1,8,1
11.091666666666667,930.4368962894896,526.8693628146743,4.216896320649906,1,1,8,1
11.1,929.9066313354683,526.4323943006495,4.173724503983426,1,1,8,1
11.108333333333333,929.253786308603,526.6716632895726,4.204281622300136,1,1,8,1
11.116666666666667,929.1816064977044,526.4008133912788,4.20002915053946,1,1,8,1
11.125,929.568794135382,525.5560725749906,4.216716708535669,1,1,8,1
11.133333333333333,928.8799289848919,525.9395310892754,4.2070898770859975,1,1,8,1
11.141666666666667,928.965817338072,526.7898891671558,4.206987401247998,1,1,8,1
11.15,929.6658745466785,527.1102726360377,4.191783919247958,1,1,8,1
11.158333333333333,929.534283508691,527.1160658505373,4.207699900442335,1,1,8,1
11.166666666666666,929.8913152551654,526.3022325761928,4.164982294877855,1,1,8,1
11.175,929.1567923221961,526.5406371575916,4.197388777332393,1,1,8,1
11.183333333333334,928.914837718415,525.5896133130386,4.198168920285467,1,1,8,1
11.191666666666666,928.6366220471444,525.6959845051542,4.169950357662022,1,1,8,1
11.2,929.8267198112251,526.297357494444,4.212750224787481,1,1,8,1
11.208333333333334,929.2183419713667,526.3966194817132,4.199221025344038,1,1,8,1
11.216666666666667,1326.2316725713329,251.9372764304494,4.204085457137989,1,1,8,1
11.225,1325.2843598927566,252.00078112291385,4.115787934553881,1,1,8,1
11.233333333333333,930.7269290842138,525.5830823725192,4.21235595464339,1,1,8,1
11.241666666666667,930.7911935866438,525.4447991961683,4.171884172497997,1,1,8,1
11.25,931.0365641253002,524.8044472465774,4.205709783295553,1,1,8,1
11.258333333333333,929.8534312496876,524.3901358365513,4.208919209683887,1,1,8,1
11.266666666666667,929.2256141126859,524.5821789703143,4.292334773491542,1,1,8,1
11.275,928.32569688032,525.0633178912683,4.210674836320913,1,1,8,1
11.283333333333333,927.0620977929556,525.2347016624404,4.218709882369169,1,1,8,1
11.291666666666666,927.9531734586151,525.7440932023989,4.193753748049327,1,1,8,1
11.3,927.6799961716141,524.9933017060047,4.185004079820609,1,1,8,1
11.308333333333334,928.4560052235743,525.6468694519017,4.192792426322962,1,1,8,1
11.316666666666666,927.6521633497373,524.7175306353109,4.254698148135363,1,1,8,1
11.325,927.4417157198311,526.4204117461096,4.154281592497844,1,1,8,1
11.333333333333334,927.8765617853085,526.5341416011302,4.228006804288497,1,1,8,1
11.341666666666667,411.1842092800723,762.6422561633158,4.190446669111674,1,1,8,1
11.35,411.83512097696143,762.8806456795289,4.233450201136705,1,1,8,1
11.358333333333333,928.1889172066601,524.1565524796828,4.188827086070592,1,1,8,1
11.366666666666667,927.5605679239138,524.5620654670649,4.212516402524103,1,1,8,1
11.375,928.0729515921818,524.4882543221728,4.166089964172543,1,1,8,1
11.383333333333333,929.245253687072,523.6542367213125,4.209484093961699,1,1,8,1
11.391666666666667,929.274843659143,524.1302046141894,4.258814276200547,1,1,8,1
11.4,929.1168155755663,524.714368403939,4.209806087540566,1,1,8,1
11.408333333333333,928.9379719547824,524.2051522293884,4.182296760642177,1,1,8,1
11.416666666666666,928.5117720336391,524.6968705838391,4.150725691950355,1,1,8,1
11.425,928.235884979918,526.1841540162934,4.210901340670421,1,1,8,1
11.433333333333334,928.7225930088186,525.523201293876,4.214392453647675,1,1,8,1
11.441666666666666,928.9711672954345,525.4068962002228,4.091810536708661,1,1,8,1
11.45,928.9902961300373,524.0919271811812,4.181232791794109,1,1,8,1
11.458333333333334,929.0555875352945,524.4376915080095,4.208511178013532,1,1,8,1
11.466666666666667,929.4097349350717,523.2376644718253,4.180907089287604,1,1,8,1
11.475,931.2029750661079,523.7363770419132,4.183842948863263,1,1,8,1
11.483333333333333,930.5354816278433,523.1377484361119,4.176063975549094,1,1,8,1
11.491666666666667,930.611374296328,521.6395768808211,4.230175677614283,1,1,8,1
11.5,931.6764478429124,521.664453147929,4.240036562959761,1,1,8,1
11.508333333333333,932.5173780885307,521.6889322096125,4.178409150531322,1,1,8,1
11.516666666666667,932.5273477166215,520.9489904175102,4.212039517889552,1,1,8,1
11.525,932.7065695216097,521.0878893646171,4.247209179183219,1,1,8,1
11.533333333333333,933.0330730561147,521.9921758982871,4.193330078565589,1,1,8,1
11.541666666666666,933.566289826369,522.3212659524274,4.173456944822528,1,1,8,1
11.55,933.406953886597,522.4422597265897,4.237880658029539,1,1,8,1
11.558333333333334,933.5445603765546,523.924692220752,4.223223608225249,1,1,8,1
11.566666666666666,933.2958207778671,524.0998091611485,4.169129060958002,1,1,8,1
11.575,934.1949517767116,525.4954626473375,4.177135181566246,1,1,8,1
11.583333333333334,934.5089299909439,525.6317393322574,4.163962010489424,1,1,8,1
11.591666666666667,935.5193714970893,526.9123352977724,4.187773359106371,1,1,8,1
11.6,936.0236370134827,526.4827982542026,4.188180433797637,1,1,8,1
11.608333333333333,935.9323560470458,527.9323151919211,4.172717728382656,1,1,8,1
11.616666666666667,935.8402668577396,527.8052829318698,4.125157642550645,1,1,8,1
11.625,935.5491444215112,527.2042267425254,4.209757579177764,1,1,8,1
11.633333333333333,935.2026872081399,527.2090832754706,4.18710449835208,1,1,8,1
11.641666666666667,934.8706703237854,526.9470164500594,4.175034912769412,1,1,8,1
11.65,934.2067864378546,527.5171685278129,4.169770409961581,1,1,8,1
11.658333333333333,933.3725188741078,526.8674414026289,4.173268292866299,1,1,8,1
11.666666666666666,934.5162582585131,525.9711532405792,4.2102040114103385,1,1,8,1
11.675,934.9317196675964,525.7164944727419,4.179878324270635,1,1,8,1
11.683333333333334,934.4278887081227,525.4497821215728,4.160618264581965,1,1,8,1
11.691666666666666,933.7867504955285,526.8979949247288,4.245955239631794,1,1,8,1
11.7,933.598028973752,525.6860648108144,4.222793918030979,1,1,8,1
11.708333333333334,635.0025862368677,577.7430750785114,4.229446652065385,1,1,8,1
11.716666666666667,634.6733229853573,576.9721457433128,4.158661525915088,1,1,8,1
11.725,933.2659389908313,524.10501929191,4.2025895690861885,1,1,8,1
11.733333333333333,933.2426463994441,524.113389666184,4.222706773708256,1,1,8,1
11.741666666666667,931.2485570883874,524.4372515371934,4.218179983459564,1,1,8,1
11.75,931.6972262602065,524.0735450034849,4.201524158013415,1,1,8,1
11.758333333333333,930.913976158081,523.7663850624051,4.19071985864635,1,1,8,1
11.766666666666667,930.8157967816517,524.278085437345,4.170622568797281,1,1,8,1
11.775,932.1514018679902,524.5969094275251,4.1250143383700335,1,1,8,1
11.783333333333333,933.1378904916324,524.5328441089808,4.192769579472309,1,1,8,1
11.791666666666666,933.4509279372108,525.2245684547385,4.167565362301987,1,1,8,1
11.8,934.2423499581845,525.1035705085413,4.188251872631003,1,1,8,1
11.808333333333334,933.677025508788,525.9376445848465,4.243114177099323,1,1,8,1
11.816666666666666,933.1528346586822,526.3877910350882,4.144364955033626,1,1,8,1
11.825,933.2500633638183,525.7687111576172,4.21929391918877,1,1,8,1
11.833333333333334,932.9354457121104,525.6295745639901,4.163345454446753,1,1,8,1
11.841666666666667,932.6342038490595,526.7927000662235,4.19321658827872,1,1,8,1
11.85,932.2161690453962,525.7157508462899,4.148075969147441,1,1,8,1
11.858333333333333,932.0391100184023,525.9581581758544,4.154778642383328,1,1,8,1
11.866666666666667,931.3525502973131,525.2232129737523,4.165397559828218,1,1,8,1
11.875,932.3186775248375,524.7493403633507,4.178695860301519,1,1,8,1
11.883333333333333,932.5765530193522,525.509855991364,4.166381014336091,1,1,8,1
11.891666666666667,933.8459494090287,524.977490557206,4.158465030594967,1,1,8,1
11.9,934.5464236812736,524.1713165403655,4.087729153876861,1,1,8,1
11.908333333333333,934.5882898263637,524.2029924848664,4.138323605679937,1,1,8,1
11.916666666666666,933.3049506967377,524.353791982738,4.180893810078116,1,1,8,1
11.925,932.8009369336949,524.4622019511916,4.148853078908482,1,1,8,1
11.933333333333334,931.863100937593,524.1572757178161,4.168628704492863,1,1,8,1
11.941666666666666,931.9241380174195,523.7419227587566,4.186502152798808,1,1,8,1
11.95,931.6926942550813,524.8469408417776,4.199033284908388,1,1,8,1
11.958333333333334,931.5685355267279,524.8279419065263,4.173923532304942,1,1,8,1
11.966666666666667,931.3114336507664,524.2713209639987,4.1629689373394685,1,1,8,1
11.975,931.8702854308876,525.7426832089496,4.110520969192982,1,1,8,1
11.983333333333333,930.7524335997068,526.7663076034787,4.202421337069497,1,1,8,1
11.991666666666667,1085.8020364282677,78.12775786314705,4.164642177974718,1,1,8,1
12.0,1085.129785625843,77.23778311395915,4.139790592182555,1,1,8,1
12.008333333333333,928.6815933044066,525.7318245057262,4.17730251255157,1,1,8,1
12.016666666666667,930.6531132342232,526.167980754986,4.139935562046049,1,1,8,1
12.025,929.9040565392007,526.7302286104712,4.140103682692768,1,1,8,1
12.033333333333333,928.5767388927662,528.4697715280014,4.177632637860094,1,1,8,1
12.041666666666666,930.0524835480984,528.1754417858579,4.1509216156858315,1,1,8,1
12.05,929.6640380328723,529.860619064144,4.1516048003284425,1,1,8,1
12.058333333333334,929.5015345968936,529.6976815933349,4.124241728678233,1,1,8,1
12.066666666666666,930.1526319299127,529.953456698571,4.083802006758574,1,1,8,1
12.075,930.1531120080125,530.1824094941105,4.17147564890999,1,1,8,1
12.083333333333334,931.0295997150619,531.4480346429974,4.132202902485769,1,1,8,1
12.091666666666667,930.59375951071,532.3341413611937,4.109826105570252,1,1,8,1
12.1,929.5863627055421,531.0828592147411,4.184106855532084,1,1,8,1
12.108333333333333,929.7444067207226,531.1423143181132,4.159415267204941,1,1,8,1
12.116666666666667,928.2545628885221,530.2528635615396,4.2076008239587726,1,1,8,1
12.125,927.2763708931134,531.3359453532354,4.14043468431263,1,1,8,1
12.133333333333333,927.2502028501536,530.8216693136307,4.1520786706376684,1,1,8,1
12.141666666666667,928.392752269964,529.6665612971426,4.1311997150718565,1,1,8,1
12.15,928.9102311107795,528.3853293672964,4.0589289190900315,1,1,8,1
12.158333333333333,928.9421947169108,528.6369104338015,4.1539611836584704,1,1,8,1
12.166666666666666,928.7534527820994,527.6175832383866,4.13016393719821,1,1,8,1
12.175,1437.7078132009963,783.4151865006816,4.155673409253396,1,1,8,1
12.183333333333334,1436.75427147957,784.2931207060835,4.223893155207966,1,1,8,1
12.191666666666666,927.5917108953372,527.9751985972645,4.1177805780826935,1,1,8,1
12.2,927.9910482829436,528.2123612257758,4.159807435043548,1,1,8,1
12.208333333333334,928.3996488989077,528.6269632770297,4.088277047166666,1,1,8,1
12.216666666666667,927.6716529761761,529.574069161992,4.14597686933577,1,1,8,1
12.225,929.3869182602747,529.3594626389818,4.149363217132144,1,1,8,1
12.233333333333333,929.0443275897444,530.381723195352,4.157585716193603,1,1,8,1
12.241666666666667,929.447756998823,530.9763896593274,4.10804615382661,1,1,8,1
12.25,929.1248506376646,530.9736874676745,4.180951109994753,1,1,8,1
12.258333333333333,928.6117102706695,531.334968577421,4.148594146002099,1,1,8,1
12.266666666666667,929.4345237260187,532.5089842442097,4.07623650078986,1,1,8,1
12.275,927.9382980500121,530.5957869412512,4.150383393561023,1,1,8,1
12.283333333333333,928.1829409197144,530.4538221791616,4.109987070506261,1,1,8,1
12.291666666666666,927.3949763820008,530.8106832006707,4.0961950918591254,1,1,8,1
12.3,925.6092770251869,530.6132467409413,4.080989927560093,1,1,8,1
12.308333333333334,924.863310505244,530.4857492702191,4.129164571997003,1,1,8,1
12.316666666666666,925.0010207267595,529.2028930476002,4.14050739650543,1,1,8,1
12.325,924.8582844569886,528.7738675527874,4.156223445468128,1,1,8,1
12.333333333333334,924.8132533797447,528.6480590247373,4.207793185257623,1,1,8,1
12.341666666666667,923.4880278691746,529.9417859146436,4.136869671747651,1,1,8,1
12.35,923.5365661461597,529.7079697334646,4.1200576707326215,1,1,8,1
12.358333333333333,923.6114229214894,530.0700642633932,4.104444927347705,1,1,8,1
12.366666666666667,924.4620800762863,530.7470203238075,4.077442074175559,1,1,8,1
12.375,924.6498136919049,529.896694132799,4.129499985029759,1,1,8,1
12.383333333333333,923.5495598943339,529.9700000999317,4.0427345563474315,1,1,8,1
12.391666666666667,923.8933775585507,529.3939089674038,4.065792625508177,1,1,8,1
12.4,924.0267457849909,528.0910534248377,4.155600612331015,1,1,8,1
12.408333333333333,923.9981989264513,528.6293563998324,4.080119094187141,1,1,8,1
12.416666666666666,923.9233047529796,528.7771023367694,4.112233802313277,1,1,8,1
12.425,923.5409002571851,530.1749197007254,4.104133721393836,1,1,8,1
12.433333333333334,923.1736225134295,529.6842398421002,4.111535313177769,1,1,8,1
12.441666666666666,923.4366910201186,529.2057919141845,4.116791305365495,1,1,8,1
12.45,924.3232150597331,530.5337317668659,4.059697789675866,1,1,8,1
12.458333333333334,923.2424665516431,530.8039716257173,4.117923741628603,1,1,8,1
12.466666666666667,922.560068605325,530.3695251128383,4.1208355538393,1,1,8,1
12.475,921.71118769961,529.6150868815467,4.112278092237486,1,1,8,1
12.483333333333333,921.2924056232739,530.5610305237957,4.124441100502618,1,1,8,1
12.491666666666667,920.197346689558,530.4564594236623,4.076250924420163,1,1,8,1
12.5,919.7566362195057,530.4654550234196,4.124937427855299,1,1,8,1
12.508333333333333,920.6637304974307,529.7019935018933,4.10536530247152,1,1,8,1
12.516666666666667,921.8152238687186,530.1635723415848,4.050018450142675,1,1,8,1
12.525,922.6007719806528,529.5793832871327,4.134224520164992,1,1,8,1
12.533333333333333,921.9443345369859,530.2973931297065,4.122852830006554,1,1,8,1
12.541666666666666,922.2685710168213,531.3055979630099,4.085604579541908,1,1,8,1
12.55,922.1761772894008,530.9114608859729,4.0754607034858426,1,1,8,1
12.558333333333334,921.5832054152613,531.0414733060165,4.095948748063707,1,1,8,1
12.566666666666666,923.2811291648159,532.3107638987124,4.127521050658447,1,1,8,1
12.575,923.0097537496673,532.4077016330828,4.140412581052098,1,1,8,1
12.583333333333334,923.2079124327585,532.4390016716089,4.114258104594404,1,1,8,1
12.591666666666667,923.950678697529,532.2934218124577,4.086320186645269,1,1,8,1
12.6,923.8117333120585,531.1807613486413,4.111818862653722,1,1,8,1
12.608333333333333,924.396899188102,530.647519014928,4.102671980794018,1,1,8,1
12.616666666666667,924.7257918242607,531.4484059537951,4.083564392728445,1,1,8,1
12.625,923.5713485883738,532.3040297730465,4.108188589643442,1,1,8,1
12.633333333333333,924.4486678304567,531.7192490121142,4.086953150603781,1,1,8,1
12.641666666666667,923.9173027793593,530.4884591471744,4.071274119740945,1,1,8,1
12.65,923.7451185590977,531.005493979621,4.078789262146916,1,1,8,1
12.658333333333333,923.8130966485024,531.7980688770559,4.092575233689226,1,1,8,1
12.666666666666666,923.6439188907817,532.8174549664182,4.051815438710215,1,1,8,1
12.675,925.398491733598,533.5590797116637,4.027430126178474,1,1,8,1
12.683333333333334,925.3649904971686,534.8581022550824,4.072504457702791,1,1,8,1
12.691666666666666,925.0793182433066,535.3564992668308,4.085062245256521,1,1,8,1
12.7,926.515472680935,533.8093750382255,4.060758886354169,1,1,8,1
12.708333333333334,926.5104759935535,533.7217167068062,4.09414370273024,1,1,8,1
12.716666666666667,926.8499641905786,533.25318444621,4.10103963422271,1,1,8,1
12.725,925.9315818119223,533.5905645133414,4.111527312139573,1,1,8,1
12.733333333333333,925.5343669492378,532.7740184096446,4.130027648266256,1,1,8,1
12.741666666666667,924.8368795687244,533.2316712233423,4.0803851287332185,1,1,8,1
12.75,925.4821890233177,534.7873900779384,4.073622413390382,1,1,8,1
12.758333333333333,927.1916761051048,534.1369390144364,4.106803842365704,1,1,8,1
12.766666666666667,926.1697374661288,535.1844065788357,4.133463383738271,1,1,8,1
12.775,925.1153732100714,535.9790203384475,4.086775992148336,1,1,8,1
12.783333333333333,925.861220152487,537.0789931744637,4.062232136687133,1,1,8,1
12.791666666666666,925.3815735119176,538.2461962497574,4.0582649633696395,1,1,8,1
12.8,925.6569881893139,538.2628963054055,4.078668504292211,1,1,8,1
12.808333333333334,925.2054772654419,537.2038241045241,4.032958303657126,1,1,8,1
12.816666666666666,925.0846330150732,538.6001614198266,4.0685765257239845,1,1,8,1
12.825,925.8730846774178,538.562942418828,4.070198502851191,1,1,8,1
12.833333333333334,1430.9172120846451,914.67316582992,4.077235722103711,1,1,8,1
12.841666666666667,1431.5068382409886,915.7067778527587,4.011055809885357,1,1,8,1
12.85,926.1787050107529,538.3320947396913,4.081468767547971,1,1,8,1
12.858333333333333,927.4231145544563,539.4454854985054,4.004902231932298,1,1,8,1
12.866666666666667,928.1936368948184,538.5966639373019,4.041980802827293,1,1,8,1
12.875,926.8643118969637,538.6887510394168,3.9949043692455977,1,1,8,1
12.883333333333333,926.5587366668613,539.2228837967614,4.028353778708605,1,1,8,1
12.891666666666667,927.3098932381585,539.3486022031822,4.0843132721638415,1,1,8,1
12.9,927.443154899962,541.1120608360234,3.9834821233014908,1,1,8,1
12.908333333333333,925.5892476035489,541.3230155171331,4.021792114593219,1,1,8,1
12.916666666666666,926.3461483922468,541.5173329014596,4.063873121888709,1,1,8,1
12.925,925.5512596285954,541.2195054949083,4.041718179704541,1,1,8,1
12.933333333333334,925.9732472411932,541.2982490696764,4.0796047679372665,1,1,8,1
12.941666666666666,926.6164109525412,540.3958965311566,4.061506666000123,1,1,8,1
12.95,927.2647143267657,540.6519431444214,4.0254255932084915,1,1,8,1
12.958333333333334,927.2347068308557,539.8508526427248,4.08340077898212,1,1,8,1
12.966666666666667,927.5850431407939,540.6925162438353,4.045642283500448,1,1,8,1
12.975,927.4906199153728,539.4388940942872,4.0453472251821845,1,1,8,1
12.983333333333333,925.3167253261033,538.1960111528966,4.060265862721885,1,1,8,1
12.991666666666667,925.2000921310531,537.4894979620076,4.082811784973943,1,1,8,1
13.0,925.4513437945955,537.7234900410456,4.019268541085982,1,1,8,1
13.008333333333333,925.0555845325646,539.4032317543598,4.018188040577277,1,1,8,1
13.016666666666667,924.7939588069949,540.1889267588631,4.015476907197646,1,1,8,1
13.025,925.9028503779373,540.1318985395877,4.0021005891055745,1,1,8,1
13.033333333333333,924.50462433981,538.5937376171411,4.0842238782827085,1,1,8,1
13.041666666666666,924.4709885822609,538.1005591571052,4.029219774815196,1,1,8,1
13.05,922.7613916752794,538.6719673675553,4.0504433251123055,1,1,8,1
13.058333333333334,921.7426554345999,536.6008044982543,4.023218170218829,1,1,8,1
13.066666666666666,921.6229342793946,536.386492801329,4.050465253651978,1,1,8,1
13.075,921.2597362950657,534.852129861441,4.09363589671412,1,1,8,1
13.083333333333334,921.5268974670096,534.0159876513883,4.058543245381814,1,1,8,1
13.091666666666667,921.6534528586958,533.5892103152781,4.0118951875586655,1,1,8,1
13.1,921.0976434854574,534.7880740536325,4.031698066985143,1,1,8,1
13.108333333333333,920.8053818407324,534.6467653708262,4.072197927015376,1,1,8,1
13.116666666666667,920.7223735009385,534.3670892253756,4.016779363778853,1,1,8,1
13.125,919.4290791501705,533.4839311711154,4.040489100637815,1,1,8,1
13.133333333333333,918.6197364129033,533.3143816275642,4.0597165613289645,1,1,8,1
13.141666666666667,916.9152865581323,534.8292933719599,4.0610915272325325,1,1,8,1
13.15,916.1729453996556,535.2002050009017,4.011247137897723,1,1,8,1
13.158333333333333,915.6257554672552,537.3804796632232,3.9938929783959227,1,1,8,1
13.166666666666666,914.6201739677316,536.4769704958151,4.096820443794181,1,1,8,1
13.175,913.2687668210177,537.3006263527478,3.992591066157448,1,1,8,1
13.183333333333334,913.259152593116,538.9237806941633,3.9744276778846563,1,1,8,1
13.191666666666666,911.2065474183629,538.9497234441709,4.052645763466589,1,1,8,1
13.2,911.3883943334415,538.7179308389639,4.029021205731043,1,1,8,1
13.208333333333334,910.2738254714884,538.4138987162321,4.043623835707907,1,1,8,1
13.216666666666667,910.1562515888759,538.4777172100456,4.03127549325505,1,1,8,1
13.225,909.6752430277116,538.9826018180614,4.030140699616547,1,1,8,1
13.233333333333333,910.145503946592,539.561200861086,4.01121350214547,1,1,8,1
13.241666666666667,910.9949484553916,538.6539632737976,3.963314294465166,1,1,8,1
13.25,911.9138827898825,537.1046700930752,4.01440318033901,1,1,8,1
13.258333333333333,912.6427367994017,537.5792915189018,4.031393680884883,1,1,8,1
13.266666666666667,911.0457219051581,537.4324267733468,4.000444713340872,1,1,8,1
13.275,912.4264987940492,537.0383563928087,4.018106114707945,1,1,8,1
13.283333333333333,911.7564358483917,537.7652666616159,4.018084344902396,1,1,8,1
13.291666666666666,912.1967537432768,537.9086485243607,3.995586142515265,1,1,8,1
13.3,912.7406043906537,538.8493143342588,4.015112503567254,1,1,8,1
13.308333333333334,914.5670751081939,538.3223859598124,4.038888276707335,1,1,8,1
13.316666666666666,916.2764089022119,538.9834563879191,4.029648941115788,1,1,8,1
13.325,915.9662718959057,539.2758215085368,4.00033448793545,1,1,8,1
13.333333333333334,914.1343131726765,537.1882087558755,4.017092224840457,1,1,8,1
13.341666666666667,912.9919155038197,537.4876269330558,3.975072595669609,1,1,8,1
13.35,913.2407232837638,536.9425841124537,4.003336884515505,1,1,8,1
13.358333333333333,912.6275644599491,537.8186676565185,3.9736794126106094,1,1,8,1
13.366666666666667,912.3362585870964,538.2637580478626,4.031766338404563,1,1,8,1
13.375,911.8715562554609,538.5364239512736,3.9899774241586625,1,1,8,1
13.383333333333333,911.1328565112022,538.245460518096,3.977489273784567,1,1,8,1
13.391666666666667,910.7950991730139,537.6480727474027,3.961072296121654,1,1,8,1
13.4,911.8536208599672,538.7085693877837,4.040919729750808,1,1,8,1
13.408333333333333,912.2537439411847,540.1116151382322,4.0279827036207365,1,1,8,1
13.416666666666666,911.5053960352324,541.0776089825492,4.054077239241357,1,1,8,1
13.425,911.6785476271615,541.6849434423422,3.9780824512634947,1,1,8,1
13.433333333333334,912.1275385837223,540.7894233970912,4.015603355289992,1,1,8,1
13.441666666666666,911.5369030124639,541.8849297027541,3.994999314588364,1,1,8,1
13.45,910.1584960338001,540.361602699151,3.995657341791112,1,1,8,1
13.458333333333334,908.9400767436757,540.0546537031954,4.016780859653943,1,1,8,1
13.466666666666667,907.7966319301788,538.8250161111619,4.022309680910489,1,1,8,1
13.475,908.4566839019349,540.6650937301424,3.965341312031918,1,1,8,1
13.483333333333333,908.6176046907609,539.9416719848836,4.005570705121167,1,1,8,1
13.491666666666667,909.3874155605113,540.7754781159142,3.989199438170484,1,1,8,1
13.5,909.7161474266561,541.3723132988389,3.9919980508382693,1,1,8,1
13.508333333333333,909.1374783595446,542.1411125158334,4.000131070328206,1,1,8,1
13.516666666666667,706.3589874524455,439.82959221589385,4.023837450829163,1,1,8,1
13.525,706.7471897140459,439.63468191114305,4.003623174734521,1,1,8,1
13.533333333333333,911.441459015687,541.4163640006636,3.9563871152675256,1,1,8,1
13.541666666666666,910.6438977438838,539.9770865051105,3.9788207903784696,1,1,8,1
13.55,910.4094634506013,539.6801609880463,3.9599036053611782,1,1,8,1
13.558333333333334,909.5126834298766,541.1769250881653,3.993356419420171,1,1,8,1
13.566666666666666,909.4046470804706,541.6507663390894,4.006051497660273,1,1,8,1
13.575,909.5733897432973,540.7052424420151,4.00146227313441,1,1,8,1
13.583333333333334,909.8843341759186,540.3979652056615,3.978704640506141,1,1,8,1
13.591666666666667,910.4037648403391,540.9370976311991,3.98805226456328,1,1,8,1
13.6,910.4793533798735,540.0605022700897,3.9453353706680487,1,1,8,1
13.608333333333333,909.5329522243878,540.1895430012311,4.020906095248883,1,1,8,1
13.616666666666667,910.1315879566977,541.1079314810706,4.022270022547019,1,1,8,1
13.625,910.2648040191217,541.4259067785807,4.040289616270439,1,1,8,1
13.633333333333333,911.0463304253083,542.4516398276947,3.9998856714848747,1,1,8,1
13.641666666666667,911.1897348371542,542.8332816319502,3.9931870289358806,1,1,8,1
13.65,912.8469347124555,542.9054313844044,4.031473226773862,1,1,8,1
13.658333333333333,913.8380729043554,542.8113077744364,4.015167509622367,1,1,8,1
13.666666666666666,914.2466125249716,542.315150662143,4.007102975932668,1,1,8,1
13.675,915.1620571782337,542.3522977078629,4.028616696389634,1,1,8,1
13.683333333333334,916.2451663190664,542.5829441736682,4.03146198567005,1,1,8,1
13.691666666666666,916.8198338762628,543.2609899405578,3.9674529416200306,1,1,8,1
13.7,916.6612596105647,541.7216430181998,3.995562096221386,1,1,8,1
13.708333333333334,916.2487633762781,541.603520968318,3.975830798738357,1,1,8,1
13.716666666666667,916.0953174744732,542.0811895090138,4.012165074167353,1,1,8,1
13.725,914.7008609041161,541.9454723745617,4.059989272712742,1,1,8,1
13.733333333333333,914.3449328644813,541.8902507469948,3.992051386882363,1,1,8,1
13.741666666666667,914.533843690324,540.9539257552989,3.9844481142528694,1,1,8,1
13.75,915.5658598648886,539.7933297879953,3.9957250187568434,1,1,8,1
13.758333333333333,915.6701013887491,540.735808111511,3.9661816603607196,1,1,8,1
13.766666666666667,915.620043564635,540.2976880824017,3.9890771650124432,1,1,8,1
13.775,913.1455040103688,540.2248363683137,4.064465721695288,1,1,8,1
13.783333333333333,913.5116574005726,541.8948192453926,4.052475758079128,1,1,8,1
13.791666666666666,915.1592891356612,540.75838814103,3.983506706301685,1,1,8,1
13.8,915.2018628219747,541.0412331335287,3.98162036370829,1,1,8,1
13.808333333333334,915.0961520790017,541.3344695480514,4.0344146151889335,1,1,8,1
13.816666666666666,915.3629045322366,542.0589890652938,4.0106427988421025,1,1,8,1
13.825,915.2239479629942,543.2117195143634,4.031963331085756,1,1,8,1
13.833333333333334,913.951440901985,544.2941052210253,3.991642668632044,1,1,8,1
13.841666666666667,913.798453721627,546.0598139139336,4.03016156860834,1,1,8,1
13.85,915.4380358484837,546.1170877131124,3.9723060992171217,1,1,8,1
13.858333333333333,916.1725598208095,544.6281432729932,3.9888136533839362,1,1,8,1
13.866666666666667,914.9463604712005,544.1647685221484,3.9436344487632256,1,1,8,1
13.875,915.1743624076015,543.2391358353462,3.9987350891430125,1,1,8,1
13.883333333333333,915.9044004204358,544.6528584368804,4.0061946203949095,1,1,8,1
13.891666666666667,915.8616103143746,544.257905114575,3.9511022321301645,1,1,8,1
13.9,916.4974388779785,545.130418651239,4.021554280742546,1,1,8,1
13.908333333333333,917.4601810935742,544.2162454947354,4.036275832138931,1,1,8,1
13.916666666666666,917.9014484171893,543.7287704074264,4.003490053520251,1,1,8,1
13.925,918.5228901339693,543.7946870406975,3.9817201968463247,1,1,8,1
13.933333333333334,919.8212303498163,544.2712483368606,4.012768734380214,1,1,8,1
13.941666666666666,920.080257791243,544.3732969154211,3.9873374747336796,1,1,8,1
13.95,922.3818188527828,545.7437687221872,4.037863734933965,1,1,8,1
13.958333333333334,921.2580684980513,545.5496624864975,3.9957567804902463,1,1,8,1
13.966666666666667,920.7526116295236,545.9331772191675,4.082124045606422,1,1,8,1
13.975,919.7921103879794,544.904627785729,4.040865974334485,1,1,8,1
13.983333333333333,918.9333319768008,544.4850925230471,3.973229974964167,1,1,8,1
13.991666666666667,918.5175960050464,545.0242541610288,4.0387285949527945,1,1,8,1
14.0,919.2249442275187,545.3547693992489,3.9760072780246247,1,1,8,1
14.008333333333333,920.4342902307252,545.7322427653055,4.01944402808643,1,1,8,1
14.016666666666667,921.3492706733844,545.2616955933813,3.9575018936302486,1,1,8,1
14.025,920.6003273595818,546.7306929253235,3.9790958983355185,1,1,8,1
14.033333333333333,920.7350667370838,547.2772936892346,4.049675503678464,1,1,8,1
14.041666666666666,920.2977171118604,547.6259780957308,4.001673629603021,1,1,8,1
14.05,921.8439761774262,548.5184753828978,4.044356457726702,1,1,8,1
14.058333333333334,922.5786370330735,547.7352298220023,3.9591317957825534,1,1,8,1
14.066666666666666,922.5196269099787,546.8512045943603,4.033335334896487,1,1,8,1
14.075,921.028580974541,546.3838590880307,3.982159268918229,1,1,8,1
14.083333333333334,921.4894084341021,546.5177122468979,4.010945071624988,1,1,8,1
14.091666666666667,922.9248542717963,546.8856671399662,4.069804982518896,1,1,8,1
14.1,922.2579923234039,547.4339445411575,4.01049843639865,1,1,8,1
14.108333333333333,924.7793232882888,548.5839851685046,4.006169327652816,1,1,8,1
14.116666666666667,924.6069003156329,547.9988553292379,4.064979568397047,1,1,8,1
14.125,923.5159907132734,549.7792727057601,4.011949148564067,1,1,8,1
14.133333333333333,922.6791635704684,550.3793735437031,4.087605172635831,1,1,8,1
14.141666666666667,923.027024168668,550.2341349491282,4.039096750611839,1,1,8,1
14.15,922.9319244506454,549.3048035827629,3.96852596338359,1,1,8,1
14.158333333333333,925.2341092756152,549.9369314049931,3.970080130485304,1,1,8,1
14.166666666666666,925.2081147045467,550.9098406006443,4.026201399340482,1,1,8,1
14.175,924.221632294866,549.3230957646956,3.9559836125142014,1,1,8,1
14.183333333333334,923.9485306783552,549.6649387088374,4.041368242184402,1,1,8,1
14.191666666666666,924.584884086401,550.5075361376041,3.982995724387991,1,1,8,1
14.2,924.0922911659586,551.352805231569,4.001242740916565,1,1,8,1
14.208333333333334,621.832581542535,385.7526909173781,4.044266964167552,1,1,8,1
14.216666666666667,621.0546506671831,385.23451032543517,4.006157787343506,1,1,8,1
14.225,921.2582736399341,548.8926463466854,4.030141636520747,1,1,8,1
14.233333333333333,921.7046065484267,547.8212156924061,4.029962079221755,1,1,8,1
14.241666666666667,921.548198925009,548.1735100277064,4.066006105293114,1,1,8,1
14.25,921.0686953873941,548.0175649820918,4.028889218066887,1,1,8,1
14.258333333333333,919.637631879466,548.6500418668064,4.006627812167007,1,1,8,1
14.266666666666667,918.9218515716451,549.7225074724705,3.98807905196472,1,1,8,1
14.275,920.1410512741916,548.9801629165029,4.042652136011266,1,1,8,1
14.283333333333333,921.0767314331799,549.5325575223146,4.028885272005186,1,1,8,1
14.291666666666666,921.1058962037852,550.4953155683017,3.974086731100744,1,1,8,1
14.3,919.9223496981634,551.5734997812908,4.040051286340048,1,1,8,1
14.308333333333334,919.5098382823293,550.5857359929475,4.039479116039069,1,1,8,1
14.316666666666666,921.2099189744221,551.567417401758,3.9854735748290406,1,1,8,1
14.325,920.5641865815631,550.763088506594,4.021189588590787,1,1,8,1
14.333333333333334,918.9027285477129,550.3034155061084,4.027958627608783,1,1,8,1
14.341666666666667,918.6981468785706,549.445769562242,4.084569259084579,1,1,8,1
14.35,918.2739243624058,549.6142668926843,4.032345699334553,1,1,8,1
14.358333333333333,918.890997578892,549.9245752924984,4.004036049557634,1,1,8,1
14.366666666666667,918.6547346303098,549.9369859379701,4.025241758925755,1,1,8,1
14.375,920.0628408450143,549.13608396496,4.013380841144473,1,1,8,1
14.383333333333333,920.3991963292881,548.5112811677683,4.087465477318377,1,1,8,1
14.391666666666667,919.6535042810502,548.5653882840356,4.084579224413329,1,1,8,1
14.4,918.802153415952,547.3399581202196,4.00734679615114,1,1,8,1
14.408333333333333,919.497201329511,547.0298049295815,4.024039810830367,1,1,8,1
14.416666666666666,919.335109750348,547.004761058905,4.063317984895561,1,1,8,1
14.425,920.2164207025311,545.9775149869336,4.008546090551476,1,1,8,1
14.433333333333334,920.4222341785272,545.9093763767386,4.074848787840444,1,1,8,1
14.441666666666666,920.4847591777566,546.027076868889,3.9926824157314025,1,1,8,1
14.45,917.6651326002261,546.3578306034171,4.018038118884915,1,1,8,1
14.458333333333334,917.9860279500646,547.0741176200963,4.0159530719683465,1,1,8,1
14.466666666666667,917.213168226205,547.0357729418665,4.075944432954677,1,1,8,1
14.475,917.6609353340439,546.897021973748,4.0081138458926455,1,1,8,1
14.483333333333333,918.1559269426102,546.3669114680434,3.9985059766819893,1,1,8,1
14.491666666666667,917.2131993359114,545.4730600755557,4.026653534414616,1,1,8,1
14.5,918.1445016866469,544.9868287817862,4.0330425088124215,1,1,8,1
14.508333333333333,917.5803981565048,545.3503665678594,4.095455636003308,1,1,8,1
14.516666666666667,916.6741496357226,545.1720848253699,4.1233145480578015,1,1,8,1
14.525,915.363158876073,544.4619610270032,4.001818134948689,1,1,8,1
14.533333333333333,916.1600351470336,543.9260272014665,4.04158520878279,1,1,8,1
14.541666666666666,916.3809690354026,543.0580434254367,3.9994839511495317,1,1,8,1
14.55,916.3769500535384,541.8319552939323,4.091692078557034,1,1,8,1
14.558333333333334,916.9552405850528,542.9652234377744,4.011927265957876,1,1,8,1
14.566666666666666,917.7808216017304,543.0267316732201,4.081730090052096,1,1,8,1
14.575,917.3695279216629,544.1827536354411,4.050954481284837,1,1,8,1
14.583333333333334,916.2818039014305,544.9474110564048,4.032821502827898,1,1,8,1
14.591666666666667,916.8701634326641,545.2633102194316,4.052437136752582,1,1,8,1
14.6,917.3807868222541,546.1197588270305,4.048873335737444,1,1,8,1
14.608333333333333,917.7139068761527,546.1787321616168,4.061331568187683,1,1,8,1
14.616666666666667,918.2212087805451,546.0161052790512,4.089354302941152,1,1,8,1
14.625,918.2911685880212,546.1593019945656,3.9940399023416058,1,1,8,1
14.633333333333333,919.2023007800159,545.3005345712502,4.0196661809651815,1,1,8,1
14.641666666666667,919.5036759972149,544.1026018440396,4.063759787463144,1,1,8,1
14.65,919.000748802979,544.2120148959735,4.042949683900977,1,1,8,1
14.658333333333333,919.3288651689371,544.4757569036973,4.034095556021149,1,1,8,1
14.666666666666666,920.0609141009459,543.2558923140668,3.992007209218794,1,1,8,1
14.675,920.8096957792227,542.8522641727061,4.040674338974988,1,1,8,1
14.683333333333334,919.9207838937065,541.8973060785585,4.0166766096580195,1,1,8,1
14.691666666666666,919.5913167487544,541.8689100504969,4.064538228384127,1,1,8,1
14.7,918.8324706134595,541.6244002076007,4.08386589021372,1,1,8,1
14.708333333333334,919.155991760012,541.3657995973548,4.052233873518067,1,1,8,1
14.716666666666667,919.9402369828756,540.9999191451484,4.073402198516753,1,1,8,1
14.725,919.9167455859916,539.3851383798399,4.07800910238105,1,1,8,1
14.733333333333333,919.9673521473848,538.4598679614512,4.0668633917587105,1,1,8,1
14.741666666666667,920.2095769457555,538.3335777950048,4.082355727649135,1,1,8,1
14.75,920.1609038171802,537.948189945613,4.142323167545235,1,1,8,1
14.758333333333333,920.4664484568874,537.7787252660062,4.109292466393335,1,1,8,1
14.766666666666667,920.0548164814825,538.3769568964511,4.127401668280526,1,1,8,1
14.775,920.103480539733,538.6031747475866,4.027313169217784,1,1,8,1
14.783333333333333,920.44472051744,538.5907682368432,4.08944499998859,1,1,8,1
14.791666666666666,921.0147432994353,538.8851605532875,4.106645311373355,1,1,8,1
14.8,920.0903205393089,539.1528223485935,4.05404471681027,1,1,8,1
14.808333333333334,919.6606610032383,539.49166717099,4.019558010410636,1,1,8,1
14.816666666666666,920.2640142972897,539.3297176404453,4.130672610475289,1,1,8,1
14.825,920.4219951344659,540.0153433974139,4.085535043992987,1,1,8,1
14.833333333333334,920.8561481008943,539.1220821322886,4.080114752823107,1,1,8,1
14.841666666666667,919.9036952478829,539.7852464589655,4.064552011993402,1,1,8,1
14.85,921.9207843963128,539.7269258265815,4.036455830271106,1,1,8,1
14.858333333333333,922.398334789828,539.446975656882,4.057799666879216,1,1,8,1
14.866666666666667,921.9073582973822,540.470859038056,4.131363141742368,1,1,8,1
14.875,921.490884924635,540.187345297774,4.0774490386787186,1,1,8,1
14.883333333333333,921.9583271197388,539.8117196932819,4.054359808687399,1,1,8,1
14.891666666666667,922.0443806187152,540.2354019546619,4.081974173092817,1,1,8,1
14.9,922.8080185271119,541.1541520956689,4.08157239857202,1,1,8,1
14.908333333333333,924.3814307668008,540.4083953408832,4.146079434228126,1,1,8,1
14.916666666666666,924.1430575248382,540.4708194846065,4.0618008075119105,1,1,8,1
14.925,924.0342453493229,540.5583449065668,4.112589495083716,1,1,8,1
14.933333333333334,923.9214315823502,539.8477674647012,4.083379605514701,1,1,8,1
14.941666666666666,924.1865390134361,541.7860473199468,4.06688766138395,1,1,8,1
14.95,923.8359948357129,541.6126293937415,4.090803582655197,1,1,8,1
14.958333333333334,924.1149925970165,542.2003468825111,4.0883201946420495,1,1,8,1
14.966666666666667,923.747981468818,543.930616663761,4.042081695578423,1,1,8,1
14.975,924.4947245747585,543.2312539404847,4.056794686094882,1,1,8,1
14.983333333333333,925.5924652920511,543.2290387006569,4.125661524126415,1,1,8,1
14.991666666666667,926.0053555899665,543.7590833667277,4.082804115535857,1,1,8,1
15.0,925.1617259689543,543.5756637828458,4.095362935335334,1,1,8,1
15.008333333333333,926.9439087171972,545.237085806669,4.118452461406276,1,1,8,1
15.016666666666667,928.0414361006881,545.5627564076776,4.093205928262714,1,1,8,1
15.025,928.3593678525903,545.5445461481298,4.102973356889362,1,1,8,1
15.033333333333333,929.3716248952156,545.4985982275168,4.121314424649556,1,1,8,1
15.041666666666666,930.0637381659835,543.8734973589278,4.0340711345850515,1,1,8,1
15.05,929.4274471999421,544.7586756232465,4.109667611141555,1,1,8,1
15.058333333333334,929.1496384525107,544.5839459313805,4.099677735939865,1,1,8,1
15.066666666666666,927.3616088881114,545.6940952738751,4.154548483369755,1,1,8,1
15.075,928.8203072294552,546.3804348185914,4.132549083639643,1,1,8,1
15.083333333333334,929.3917705881443,547.6731759615444,4.0802218645263695,1,1,8,1
15.091666666666667,929.9523772832496,547.4222907907514,4.179063359798192,1,1,8,1
15.1,931.6175497193375,547.5259630807564,4.086411480753831,1,1,8,1
15.108333333333333,930.6510464199827,546.6798713295606,4.095293936178202,1,1,8,1
15.116666666666667,931.3470073123174,544.9058156441187,4.114907418046078,1,1,8,1
15.125,930.3567518791082,544.2078299873613,4.162666410273231,1,1,8,1
15.133333333333333,928.75510960904,544.6860796933034,4.1806278520919005,1,1,8,1
15.141666666666667,928.3043856248423,545.5990863533889,4.13107106788171,1,1,8,1
15.15,930.2592054162875,545.5085713747283,4.151353654496685,1,1,8,1
15.158333333333333,929.5900289305888,544.9075626547753,4.150503514884857,1,1,8,1
15.166666666666666,929.3799991525249,545.3935874871772,4.14512820061008,1,1,8,1
15.175,929.3114079063972,544.9793717760897,4.143750009739694,1,1,8,1
15.183333333333334,928.6086177025254,545.6670015511613,4.164835799045819,1,1,8,1
15.191666666666666,928.3318507877775,545.3717621585189,4.12023094453657,1,1,8,1
15.2,927.9126520437219,546.4735558637145,4.163805033030891,1,1,8,1
15.208333333333334,927.8500601730866,546.5342471250831,4.154007396460238,1,1,8,1
15.216666666666667,928.4536638701954,546.1119044612233,4.108480887133417,1,1,8,1
15.225,929.232756367665,546.8522697195858,4.06020388823699,1,1,8,1
15.233333333333333,929.84201833863,546.4273566089149,4.198851912592803,1,1,8,1
15.241666666666667,929.9013069003756,546.3625811616465,4.1027043932303835,1,1,8,1
15.25,930.0083304767344,544.5731190029196,4.119818420523519,1,1,8,1
15.258333333333333,930.533896487998,545.3339488973136,4.114234861681692,1,1,8,1
15.266666666666667,930.4753394127772,545.1756618006551,4.131056482339461,1,1,8,1
15.275,929.5698873813892,545.6376325900679,4.163836805511005,1,1,8,1
15.283333333333333,929.3152126670273,545.1695959205343,4.0985652721358035,1,1,8,1
15.291666666666666,929.2273115857852,545.1412970053727,4.1359643639992285,1,1,8,1
15.3,927.9099926214823,545.9280397640543,4.1151797484697425,1,1,8,1
15.308333333333334,928.1270393486035,545.5218289908726,4.147778459815145,1,1,8,1
15.316666666666666,927.637339651743,544.6745409525829,4.098457683327318,1,1,8,1
15.325,927.5804805622752,545.9504429879114,4.0892707236141606,1,1,8,1
15.333333333333334,929.0051301951261,545.9974989255614,4.127742367592725,1,1,8,1
15.341666666666667,929.8155622119881,545.1856768088018,4.134802152439911,1,1,8,1
15.35,929.1081775473967,543.9178147671364,4.167027197361419,1,1,8,1
15.358333333333333,929.5830836392095,544.2129936767502,4.191395929731573,1,1,8,1
15.366666666666667,929.2486373410009,544.3940615488265,4.15094672451862,1,1,8,1
15.375,928.6199411053905,543.6921561716189,4.145249476431028,1,1,8,1
15.383333333333333,931.106903589121,544.9369524762037,4.122816688718633,1,1,8,1
15.391666666666667,931.6047643528791,545.3812151784551,4.175181344817229,1,1,8,1
15.4,931.7497737212263,544.7518465474889,4.1683404828527415,1,1,8,1
15.408333333333333,930.858386364066,544.7730620097246,4.159709921407208,1,1,8,1
15.416666666666666,931.1575110377669,544.344354454546,4.179311960127026,1,1,8,1
15.425,930.1102580141267,545.1581694614861,4.100364308192158,1,1,8,1
15.433333333333334,928.3772849767303,545.5278708279474,4.174391893522827,1,1,8,1
15.441666666666666,928.3337058733299,546.8451197341391,4.186107972875961,1,1,8,1
15.45,928.0007537374377,545.901838939663,4.134891472619509,1,1,8,1
15.458333333333334,927.8569545558936,544.6944596275292,4.199663050470059,1,1,8,1
15.466666666666667,927.837200838719,544.4109501659877,4.129195188197549,1,1,8,1
15.475,927.2574452186317,545.1333346663748,4.1279146271667475,1,1,8,1
15.483333333333333,928.0682408105438,544.8374767208715,4.152297688102799,1,1,8,1
15.491666666666667,927.7107747546307,544.7529804787346,4.174035363350193,1,1,8,1
15.5,928.0522608719097,544.2119121178428,4.138706309295723,1,1,8,1
15.508333333333333,927.4033760525888,544.718859085133,4.198097235461413,1,1,8,1
15.516666666666667,926.5108306936788,546.6022949193966,4.1276285979352565,1,1,8,1
15.525,926.3426511525718,546.7543008742185,4.199488649195233,1,1,8,1
15.533333333333333,926.2423236506856,547.1927317419543,4.142863664600758,1,1,8,1
15.541666666666666,925.3872901054723,548.0616658167165,4.154899408384183,1,1,8,1
15.55,924.5587905348043,548.0472444711703,4.143285492055762,1,1,8,1
15.558333333333334,925.3332187348473,548.4624150385254,4.166933679465648,1,1,8,1
15.566666666666666,925.5306764670617,548.1185784719219,4.157955810788186,1,1,8,1
15.575,925.989146653909,548.4684500146101,4.103721062880166,1,1,8,1
15.583333333333334,925.8180361686747,549.249389338519,4.193385973759841,1,1,8,1
15.591666666666667,926.1146980740862,547.9933383062039,4.2140440096909595,1,1,8,1
15.6,925.0019634152079,547.8388909578384,4.132807980925924,1,1,8,1
15.608333333333333,925.018686991045,546.940995772357,4.10616435281569,1,1,8,1
15.616666666666667,925.0621795218391,546.5469933486053,4.192143812876238,1,1,8,1
15.625,925.1293828350194,547.1660077041383,4.153004689442868,1,1,8,1
15.633333333333333,925.9872156518344,548.4826672896397,4.194448170949991,1,1,8,1
15.641666666666667,924.6696742294572,546.4163518804658,4.197135900575107,1,1,8,1
15.65,923.8522490057227,547.1052635413168,4.211497985816428,1,1,8,1
15.658333333333333,923.7198623167632,546.6883026735993,4.166904344670225,1,1,8,1
15.666666666666666,923.2526001399991,546.962959522158,4.158743619543881,1,1,8,1
15.675,922.7524017206024,547.685238286189,4.179775678190216,1,1,8,1
15.683333333333334,923.7358935470969,548.297872405245,4.210375522121952,1,1,8,1
15.691666666666666,924.3656862774485,546.8681994650949,4.204446470070466,1,1,8,1
15.7,924.6794365224155,546.351076014391,4.1929911792164125,1,1,8,1
15.708333333333334,924.4342197138435,546.1238413851012,4.1647205082336995,1,1,8,1
15.716666666666667,923.737121359422,545.8941785216118,4.152109448189909,1,1,8,1
15.725,924.3921042252949,543.7532903371372,4.193571279297659,1,1,8,1
15.733333333333333,925.1215093495396,544.2481842492539,4.1243513672348895,1,1,8,1
15.741666666666667,925.0758832523843,543.7950740349752,4.1063080046775795,1,1,8,1
15.75,924.6074897135188,544.0533781185186,4.145937182484676,1,1,8,1
15.758333333333333,925.1287426093625,545.2562966610802,4.139500248811612,1,1,8,1
15.766666666666667,923.5570340110426,544.9820400489309,4.147620006656463,1,1,8,1
15.775,923.6086397596717,544.2213636393686,4.133929050603183,1,1,8,1
15.783333333333333,1012.9386166324489,591.0830838212788,4.163382608722158,1,1,8,1
15.791666666666666,1013.021607079087,591.6920280954444,4.154382751987541,1,1,8,1
15.8,922.891830769924,544.3986523367639,4.125261764300351,1,1,8,1
15.808333333333334,921.1789319475396,543.665819397932,4.206582482025591,1,1,8,1
15.816666666666666,921.6738363647033,542.5812942338035,4.1561690291910125,1,1,8,1
15.825,922.8324533237278,540.9496829985997,4.166495128799062,1,1,8,1
15.833333333333334,922.8401085712712,541.3936403647033,4.148472540487362,1,1,8,1
15.841666666666667,923.5886697658846,541.888150619561,4.224696102833174,1,1,8,1
15.85,923.1571960615398,542.2873168536123,4.189055177891801,1,1,8,1
15.858333333333333,923.0714981764025,542.5348895080045,4.1097242031096135,1,1,8,1
15.866666666666667,1316.4981549851236,1014.7341770646871,4.202865639712814,1,1,8,1
15.875,1316.6278047203105,1014.9491148157006,4.2270942249878365,1,1,8,1
15.883333333333333,922.6476801414617,542.3260938906216,4.1702272147165145,1,1,8,1
15.891666666666667,922.6435610481652,542.5393297127938,4.12263624582383,1,1,8,1
15.9,922.0315626337396,541.0951038353585,4.116782891218038,1,1,8,1
15.908333333333333,921.4187163654076,541.8658214125234,4.274545483597073,1,1,8,1
15.916666666666666,923.1677017384283,540.5363024897766,4.232182832377833,1,1,8,1
15.925,924.3407728480323,540.2548407243657,4.2042890256824785,1,1,8,1
15.933333333333334,925.6533893010999,539.6174107133253,4.1452096216993555,1,1,8,1
15.941666666666666,926.128375138103,537.9988006149227,4.187225501512277,1,1,8,1
15.95,926.972626116447,538.1239922925648,4.1762838518290835,1,1,8,1
15.958333333333334,927.0911790737725,538.9173395426442,4.2164814124332235,1,1,8,1
15.966666666666667,928.4031130939244,539.0646929675961,4.22177884421962,1,1,8,1
15.975,928.6447714626902,538.8766556676,4.155430930360321,1,1,8,1
15.983333333333333,928.7333864904249,538.6627890111079,4.182479015622519,1,1,8,1
15.991666666666667,928.9677434946536,537.0565640802637,4.217182054286321,1,1,8,1
16.0,928.4342755589549,537.521758640301,4.150977595001123,1,1,8,1
16.008333333333333,928.5977669160538,537.6537103151016,4.171206267814527,1,1,8,1
16.016666666666666,926.9552114576534,538.9158943967645,4.1473131623256165,1,1,8,1
16.025,925.4917198823133,539.1161734740359,4.206034099139107,1,1,8,1
16.033333333333335,924.3854507615131,540.5231322884848,4.180458695203861,1,1,8,1
16.041666666666668,922.942639922712,539.3554982847021,4.131913480243641,1,1,8,1
16.05,923.3439847644909,538.0278309636747,4.184768639432109,1,1,8,1
16.058333333333334,924.1316386021106,537.0899315238839,4.170374845418642,1,1,8,1
16.066666666666666,923.5137682761424,538.9455253980534,4.189197006926487,1,1,8,1
16.075,924.0701349428815,540.3674121198447,4.1534897939772755,1,1,8,1
16.083333333333332,923.821601352792,540.2585518649881,4.209611263726619,1,1,8,1
16.091666666666665,922.880590558347,540.5207772927133,4.207849001088178,1,1,8,1
16.1,922.7587905306085,541.7667416067706,4.238485932163934,1,1,8,1
16.108333333333334,921.601321014053,541.0198851322494,4.1537998808151055,1,1,8,1
16.116666666666667,921.8612076232653,541.0589093340169,4.15789092555772,1,1,8,1
16.125,922.6584439371479,540.390797704134,4.238935914609206,1,1,8,1
16.133333333333333,923.0853488306199,539.613977863794,4.241374078975736,1,1,8,1
16.141666666666666,923.2961716650208,539.0920697849148,4.225967265863991,1,1,8,1
16.15,923.3868298801215,540.0886534475585,4.223838487919996,1,1,8,1
16.158333333333335,922.4026371037808,540.5792112421317,4.2060924781619295,1,1,8,1
16.166666666666668,922.2003111211759,539.6079316251308,4.297555619473225,1,1,8,1
16.175,922.4458162228804,539.6970028432407,4.2798720346831365,1,1,8,1
16.183333333333334,1462.2415938216345,789.4984178633956,4.302624763865851,1,1,8,1
16.191666666666666,1463.5255681273445,789.299273770855,4.246321751906188,1,1,8,1
16.2,924.7380299279287,539.9060778530776,4.254356205739876,1,1,8,1
16.208333333333332,924.6269614936118,539.6832044273078,4.295487518986114,1,1,8,1
16.216666666666665,924.411332541011,539.543423607886,4.337358222542533,1,1,8,1
16.225,924.8904259839528,540.5108719644805,4.263209596412948,1,1,8,1
16.233333333333334,923.7484298869047,540.6175947173692,4.366822947015051,1,1,8,1
16.241666666666667,923.8140375781852,541.515897508971,4.328786683255379,1,1,8,1
16.25,924.2461857234173,541.333294577352,4.299068410804127,1,1,8,1
16.258333333333333,922.6438244957056,541.2630363480927,4.323253580795212,1,1,8,1
16.266666666666666,922.605390035032,541.2903289264815,4.3089988665194845,1,1,8,1
16.275,922.7440359787502,541.0597848700896,4.340433823470752,1,1,8,1
16.283333333333335,922.4822324458,541.4771401714254,4.334242168037041,1,1,8,1
16.291666666666668,921.6627501720152,541.9436523632866,4.383218482760767,1,1,8,1
16.3,922.8815343890706,541.1677537789242,4.358422017995151,1,1,8,1
16.308333333333334,922.784880535588,541.6489471208386,4.436275853854222,1,1,8,1
16.316666666666666,922.6121564728664,541.2240082326272,4.340428138031103,1,1,8,1
16.325,921.9080056629233,540.8306004049774,4.334766007742276,1,1,8,1
16.333333333333332,922.8846721048787,540.9483176382661,4.299312177386315,1,1,8,1
16.341666666666665,922.952460976075,540.4107633149227,4.39300661095799,1,1,8,1
16.35,924.2208309509812,541.2184531046876,4.305437571126755,1,1,8,1
16.358333333333334,923.8226607966546,540.909418809853,4.350341582164753,1,1,8,1
16.366666666666667,924.310808413424,541.0701197828206,4.413541703359557,1,1,8,1
16.375,926.1066782636485,540.543459676198,4.340492179264415,1,1,8,1
16.383333333333333,926.093227710575,540.0489780465357,4.308363964566638,1,1,8,1
16.391666666666666,925.5227263647871,539.6784402424847,4.335177525802263,1,1,8,1
16.4,924.8971017282508,541.3357296424708,4.3363501149564145,1,1,8,1
16.408333333333335,924.2632026383366,542.3994699990899,4.303965744771805,1,1,8,1
16.416666666666668,923.2897247983975,543.537680731626,4.310334130245112,1,1,8,1
16.425,923.1544396902752,542.5329522104388,4.3248810211478705,1,1,8,1
16.433333333333334,923.6694322121813,542.6693432083641,4.334443363496193,1,1,8,1
16.441666666666666,922.7166091824351,542.3428857425935,4.344273049789963,1,1,8,1
16.45,922.6945470669266,542.0995824385031,4.32399784660462,1,1,8,1
16.458333333333332,922.824571097676,541.7002336279664,4.29744316630768,1,1,8,1
16.466666666666665,922.6090658363377,540.6444325147423,4.284525778590855,1,1,8,1
16.475,922.8839918323778,542.0157806113474,4.221419291826098,1,1,8,1
16.483333333333334,923.1119994072519,541.4319032447163,4.307241941237989,1,1,8,1
16.491666666666667,923.1430531413384,542.0177412383094,4.367002154655534,1,1,8,1
16.5,922.8747441672637,542.3013247481349,4.296451084377268,1,1,8,1
16.508333333333333,922.2864384555313,543.1277910631861,4.269757471439294,1,1,8,1
16.516666666666666,921.5041714604881,543.36944848752,4.211413957217443,1,1,8,1
16.525,921.5336718625009,544.7541455943417,4.2876177131733915,1,1,8,1
16.533333333333335,920.6650793879376,544.6881608246935,4.233290870345541,1,1,8,1
16.541666666666668,921.9126712049199,544.5316340002724,4.2495778865428395,1,1,8,1
16.55,922.4492582647248,544.172600916738,4.281530813612405,1,1,8,1
16.558333333333334,923.6119748242842,543.8995291344271,4.238615542985828,1,1,8,1
16.566666666666666,923.9315173849856,544.3055090300561,4.227510632345571,1,1,8,1
16.575,924.3920208851234,544.2676533084606,4.215375235055642,1,1,8,1
16.583333333333332,924.6143199750618,544.5774492865828,4.2171976595629985,1,1,8,1
16.591666666666665,926.0536907569339,544.9642697097333,4.248599981996875,1,1,8,1
16.6,925.59603398377,545.5470790647395,4.187197382661818,1,1,8,1
16.608333333333334,925.237998105166,546.1248472157146,4.213213968128651,1,1,8,1
16.616666666666667,924.705181367696,545.6714104015754,4.101099441968603,1,1,8,1
16.625,923.9017751474347,545.0082642092361,4.207312970937256,1,1,8,1
16.633333333333333,923.5799194130468,545.5953221651235,4.201774851555426,1,1,8,1
16.641666666666666,925.3783303322587,544.9403951604149,4.224060428802729,1,1,8,1
16.65,925.0594909231077,544.9004498521705,4.143446555923851,1,1,8,1
16.658333333333335,924.299839017587,545.5933997829402,4.185405424647545,1,1,8,1
16.666666666666668,923.7624301565029,544.8535928028682,4.222909783004384,1,1,8,1
16.675,922.7106283045703,543.8715722789383,4.145457954709189,1,1,8,1
16.683333333333334,444.946031243475,235.0874083681548,4.138683817568868,1,1,8,1
16.691666666666666,444.5831051313637,235.32868403082114,4.166843771089344,1,1,8,1
16.7,923.6002683215481,542.7842219378803,4.171424381096539,1,1,8,1
16.708333333333332,923.7711594709767,543.4630034425892,4.145811029486342,1,1,8,1
16.716666666666665,924.2040880397118,544.2911657114117,4.168260121168101,1,1,8,1
16.725,924.550810994738,544.4329639498445,4.170558791121618,1,1,8,1
16.733333333333334,923.7617719694937,545.0976257040676,4.204879396364972,1,1,8,1
16.741666666666667,923.6465978876123,543.0593468669018,4.210707015547468,1,1,8,1
16.75,922.995382508687,542.1607638092432,4.176382614229275,1,1,8,1
16.758333333333333,923.0257508217692,541.9191316553379,4.1418818907984605,1,1,8,1
16.766666666666666,922.0932052022519,541.8851431169057,4.185964150902468,1,1,8,1
16.775,922.7059294577283,541.4015395745035,4.162048253744571,1,1,8,1
16.783333333333335,923.0214030645625,541.5410309792552,4.182722878414138,1,1,8,1
16.791666666666668,923.8054557072139,540.7554973484903,4.160822420779451,1,1,8,1
16.8,924.0807618885647,540.5278448296581,4.1380003174063065,1,1,8,1
16.808333333333334,923.6708456830079,540.4208709059529,4.224499306995221,1,1,8,1
16.816666666666666,925.4316715713501,539.4683024660017,4.164844747995333,1,1,8,1
16.825,924.3247936335347,539.1454261255295,4.183698332049545,1,1,8,1
16.833333333333332,924.1199639111711,539.0054397634294,4.14494011388608,1,1,8,1
16.841666666666665,924.5739742393719,537.9026428355344,4.148863149213935,1,1,8,1
16.85,924.4335594964862,538.8229573152447,4.195321271095202,1,1,8,1
16.858333333333334,923.3380985580035,540.0709888893613,4.135996928610348,1,1,8,1
16.866666666666667,923.516141553244,539.6393230862351,4.179366672764774,1,1,8,1
16.875,922.9572414255537,539.6124831504347,4.162685111932601,1,1,8,1
16.883333333333333,923.6894126498491,539.1705861768351,4.148403215669106,1,1,8,1
16.891666666666666,923.500100875661,539.9877673809037,4.1718254659173555,1,1,8,1
16.9,924.2050993297232,539.7771337764726,4.142736314687899,1,1,8,1
16.908333333333335,924.6107287956232,540.217946137206,4.136511659592194,1,1,8,1
16.916666666666668,924.6330590802406,540.5962550426518,4.129149156108036,1,1,8,1
16.925,924.9140976343012,540.6130463142263,4.198700863850956,1,1,8,1
16.933333333333334,924.7704120790924,542.6658745089771,4.15760907199675,1,1,8,1
16.941666666666666,923.8006369348492,543.6434121088106,4.172675178636495,1,1,8,1
16.95,924.8079407153238,543.1384594712599,4.16469879182521,1,1,8,1
16.958333333333332,923.1225918795303,543.3359264240347,4.171779607301784,1,1,8,1
16.966666666666665,923.753135003549,543.1449072358797,4.203456995524448,1,1,8,1
16.975,923.6747769244798,543.2030096917292,4.1660725070048645,1,1,8,1
16.983333333333334,924.032392818271,542.4012203799066,4.147557944416363,1,1,8,1
16.991666666666667,923.2488875725187,541.8997101832963,4.202886987184255,1,1,8,1
17.0,922.5743566051594,542.3606673806023,4.201937979762563,1,1,8,1
17.008333333333333,921.5290567553698,542.2891870086022,4.187101865111773,1,1,8,1
17.016666666666666,919.3577676508344,541.946407607479,4.145484558538429,1,1,8,1
17.025,921.0868397941617,542.1871008631657,4.152249312875897,1,1,8,1
17.033333333333335,920.0125146034403,543.1149605786679,4.165130972872008,1,1,8,1
17.041666666666668,921.0338447111353,542.1426768602764,4.166020503942138,1,1,8,1
17.05,920.8033325773133,542.7018004044752,4.105482640190322,1,1,8,1
17.058333333333334,920.2702011372294,543.0668235377391,4.210244968094167,1,1,8,1
17.066666666666666,920.5378153442679,543.1030699668264,4.150232762698188,1,1,8,1
17.075,919.7775521485854,542.7947531689525,4.145703369378773,1,1,8,1
17.083333333333332,920.7658287520926,543.012401860913,4.127181735524141,1,1,8,1
17.091666666666665,919.7974371060728,543.6187996772277,4.177263624237044,1,1,8,1
17.1,919.6720893803858,543.0644634070601,4.192365926649085,1,1,8,1
17.108333333333334,920.2478752270727,543.2322315150029,4.22220067392416,1,1,8,1
17.116666666666667,920.6893325962541,544.0183952649496,4.1618000475865875,1,1,8,1
17.125,920.2686793487034,543.6280299807022,4.130719317096161,1,1,8,1
17.133333333333333,920.8870877699665,543.4754694669173,4.091159310835828,1,1,8,1
17.141666666666666,920.1457137917553,543.7615278619561,4.118616100733259,1,1,8,1
17.15,919.7303582079201,543.6567647308119,4.15595521798373,1,1,8,1
17.158333333333335,919.7238082262354,544.1057328697436,4.184606607035249,1,1,8,1
17.166666666666668,918.3537038019275,544.3008578180328,4.162146865226119,1,1,8,1
17.175,918.0410630066455,543.9943506598632,4.14867234216112,1,1,8,1
17.183333333333334,918.7242550460763,544.8264169843915,4.229936689063859,1,1,8,1
17.191666666666666,919.2362588010932,544.4384786490075,4.1691384469538555,1,1,8,1
17.2,1003.1372136999404,514.5789763737298,4.134680518157821,1,1,8,1
17.208333333333332,1003.7056586842695,514.9206983615252,4.103098575510436,1,1,8,1
17.216666666666665,920.022717744239,544.3987596085472,4.157844087216118,1,1,8,1
17.225,918.5965453109645,544.0375828192238,4.158298511915488,1,1,8,1
17.233333333333334,917.1329311514695,543.7484568075756,4.138615664268958,1,1,8,1
17.241666666666667,917.8796600652537,545.5428195418708,4.136360615950939,1,1,8,1
17.25,917.7151661072481,545.248873905951,4.147750761858323,1,1,8,1
17.258333333333333,918.0801134215372,545.9840120696933,4.135074488391701,1,1,8,1
17.266666666666666,919.0606806948897,545.6975836099547,4.112361013624869,1,1,8,1
17.275,920.305640202128,545.529285263345,4.111147624065967,1,1,8,1
17.283333333333335,920.5169866018871,547.4535432025242,4.1531546139017514,1,1,8,1
17.291666666666668,920.5210741686287,547.4111982600215,4.076845132628591,1,1,8,1
17.3,919.6348741265147,547.582192252167,4.127952744261945,1,1,8,1
17.308333333333334,920.2277414137549,548.4402659694433,4.113536463829973,1,1,8,1
17.316666666666666,919.0304564491555,548.3704440313901,4.139853127764561,1,1,8,1
17.325,918.985768725386,548.5443220343994,4.166084646766352,1,1,8,1
17.333333333333332,920.0797699536026,548.1465109463923,4.133616589324471,1,1,8,1
17.341666666666665,920.1471678888615,547.8058673414446,4.074475338290576,1,1,8,1
17.35,920.6143952046622,547.5098387075445,4.127515765171469,1,1,8,1
17.358333333333334,920.7040203838499,548.0335755346698,4.096198199992941,1,1,8,1
17.366666666666667,920.2062263229999,547.9814243997658,4.1578311011788625,1,1,8,1
17.375,920.314131466579,548.0143673103429,4.08098950490326,1,1,8,1
17.383333333333333,919.165371399836,547.4782629220467,4.082129918179811,1,1,8,1
17.391666666666666,919.2038338211224,547.3838511565181,4.116328463863276,1,1,8,1
17.4,1076.9198195426502,1419.876225944962,4.093350191343585,1,1,8,1
17.408333333333335,1077.6485887941435,1419.6683856484985,4.1397108085976,1,1,8,1
17.416666666666668,920.8090342263965,548.0916289143589,4.0589396915948,1,1,8,1
17.425,920.6122997658354,548.0931169501425,4.064573548508122,1,1,8,1
17.433333333333334,921.3658154799042,548.344847989003,4.092832954109431,1,1,8,1
17.441666666666666,920.9829047418255,549.2385800159686,4.143687233546733,1,1,8,1
17.45,919.1983466703199,548.09554814272,4.118077744553491,1,1,8,1
17.458333333333332,918.4121496140028,548.5148487748492,4.066988470555475,1,1,8,1
17.466666666666665,918.2053498956095,548.1087123198478,4.114710414689331,1,1,8,1
17.475,918.1128389274086,547.5353927938822,4.088631728964804,1,1,8,1
17.483333333333334,916.1703049332706,547.8833373679578,4.106027676021746,1,1,8,1
17.491666666666667,915.2939384121312,546.4050549693097,4.1455758649534475,1,1,8,1
17.5,916.829766896361,545.851045981513,4.074510637062166,1,1,8,1
17.508333333333333,916.638833006745,545.9652964263381,4.133859167423936,1,1,8,1
17.516666666666666,915.4803511535539,546.4491356806012,4.1119478088931976,1,1,8,1
17.525,914.492990210965,547.5549639510615,4.075482237801149,1,1,8,1
17.533333333333335,914.2143756383659,547.3914306600741,4.14140866219393,1,1,8,1
17.541666666666668,914.5659109627095,548.504639051882,4.14932069926318,1,1,8,1
17.55,86.61424836234573,677.423075703078,4.097220025170956,1,1,8,1
17.558333333333334,84.47968951153996,677.0709051653142,4.1512304679578085,1,1,8,1
17.566666666666666,912.8710240747382,549.8741861225864,4.112138833214434,1,1,8,1
17.575,914.3002280143608,549.8963762220199,4.078028322842149,1,1,8,1
17.583333333333332,913.03673549012,550.8343495790472,4.071076710789873,1,1,8,1
17.591666666666665,914.2364626707389,552.472352852751,4.067158809661986,1,1,8,1
17.6,912.814253203642,551.0533532071184,4.031205921468203,1,1,8,1
17.608333333333334,912.0214588682765,549.2516548348888,4.098316134827727,1,1,8,1
17.616666666666667,912.0570562488346,550.4486397235346,4.079363136838316,1,1,8,1
17.625,912.651494472321,551.4000768223755,4.113152357857028,1,1,8,1
17.633333333333333,913.5020700614707,553.1492208009907,4.100374593421066,1,1,8,1
17.641666666666666,914.2932627879941,552.3977415088532,4.047444092303241,1,1,8,1
17.65,914.8157107167541,553.6429164454117,4.04480170053551,1,1,8,1
17.658333333333335,914.7839125772414,553.5706953946362,4.0742603883674295,1,1,8,1
17.666666666666668,914.3302904731331,553.5498831234494,4.035317658234797,1,1,8,1
17.675,913.1931888912368,552.4012991962951,3.9890901453170153,1,1,8,1
17.683333333333334,914.7395928748329,554.4055165432571,4.067882196548833,1,1,8,1
17.691666666666666,916.3833188966113,554.5914391892559,4.023563950683695,1,1,8,1
17.7,916.0205608756664,554.8455652949608,4.123394954454319,1,1,8,1
17.708333333333332,916.0441551881504,553.7030559828606,4.076605905228687,1,1,8,1
17.716666666666665,915.6378272391721,553.820204126045,4.066695772680004,1,1,8,1
17.725,916.5811910200242,552.2612527252259,4.09398655121788,1,1,8,1
17.733333333333334,916.3464934112599,553.3806607442116,4.0748492457756065,1,1,8,1
17.741666666666667,917.0393381107168,553.4746658455543,4.07915788980039,1,1,8,1
17.75,917.1056461945593,553.3127657689715,4.017437648617426,1,1,8,1
17.758333333333333,916.5931425776976,552.6429598462801,4.033734316071711,1,1,8,1
17.766666666666666,916.815536780072,551.9769132362811,4.070375734032491,1,1,8,1
17.775,916.6613151852029,552.2355277460374,4.0495448084829375,1,1,8,1
17.783333333333335,917.1289912643806,552.4260285936591,4.0538638881405,1,1,8,1
17.791666666666668,918.6950810045148,551.1774751323869,4.098701067739545,1,1,8,1
17.8,919.4172786428124,551.5887708101145,4.04835036441804,1,1,8,1
17.808333333333334,921.2266460155187,551.3008766780323,4.086028023536038,1,1,8,1
17.816666666666666,920.3767298436779,551.4665247777201,4.103281643085351,1,1,8,1
17.825,918.9328801593947,551.7594505622504,4.060509686631215,1,1,8,1
17.833333333333332,919.8586041271201,552.8609241198096,4.025627004692512,1,1,8,1
17.841666666666665,919.4536331719347,552.5867930857287,4.0713274208204275,1,1,8,1
17.85,919.5864302162265,553.2318094246556,4.098256126947179,1,1,8,1
17.858333333333334,919.7597550728286,554.7121533885511,3.965854072569771,1,1,8,1
17.866666666666667,919.5831286332702,555.8576088877882,4.0533700671523105,1,1,8,1
17.875,919.6739842194337,556.6705001269488,4.070736289257703,1,1,8,1
17.883333333333333,919.6784599971792,557.1612292249596,4.052327756105737,1,1,8,1
17.891666666666666,920.3863849864556,555.8426607892384,4.0762520047052995,1,1,8,1
17.9,920.4312868508457,555.3939529491829,4.065706607804037,1,1,8,1
17.908333333333335,919.6041476919922,556.7991506713129,4.0501815052867975,1,1,8,1
17.916666666666668,919.8567232256017,556.6414781203282,4.030172373186311,1,1,8,1
17.925,920.1854972222286,557.0973645354676,4.0437267045691385,1,1,8,1
17.933333333333334,919.3977627214181,557.3961768668448,4.0474665680596456,1,1,8,1
17.941666666666666,918.0750892476968,557.4309112908843,4.112205930721794,1,1,8,1
17.95,918.1941659190624,557.6060911549541,4.095575151548474,1,1,8,1
17.958333333333332,917.6545300046994,556.8858831002112,4.065718129345681,1,1,8,1
17.966666666666665,918.5658061772335,557.2235887126055,3.9805998587013645,1,1,8,1
17.975,916.9072482775629,557.0471805580773,3.993378768887633,1,1,8,1
17.983333333333334,917.0655529557628,558.0762666370322,4.056851621084473,1,1,8,1
17.991666666666667,915.5965704012433,558.5095422031906,4.041245189732869,1,1,8,1
18.0,915.1663879853734,558.1800946854046,4.034378429274263,1,1,8,1
18.008333333333333,915.1974294951823,558.1243140514015,4.020676581639391,1,1,8,1
18.016666666666666,915.7329432501729,559.0384065274902,4.054111487317672,1,1,8,1
18.025,915.3396061949411,558.6965920618844,4.016111676660607,1,1,8,1
18.033333333333335,916.2545603332031,559.2321884156272,4.03695939881482,1,1,8,1
18.041666666666668,915.8262692926132,558.3716017342853,4.008447383250771,1,1,8,1
18.05,916.8548671862943,558.3154465968981,4.070896583853602,1,1,8,1
18.058333333333334,915.9721931818922,558.4893537980676,3.929276698288885,1,1,8,1
18.066666666666666,915.8660693698996,557.5529106517135,4.072778061615613,1,1,8,1
18.075,916.1136970196994,557.3977821262793,4.0310733856113465,1,1,8,1
18.083333333333332,916.872478934698,558.325069459795,4.057140626033481,1,1,8,1
18.091666666666665,918.5161692297477,558.5223401287543,4.08042917673405,1,1,8,1
18.1,917.932175385429,558.5963058315843,4.026312830901751,1,1,8,1
18.108333333333334,917.6074339383026,558.5227288180479,4.0397516198105485,1,1,8,1
18.116666666666667,918.5339212618092,557.8843960925587,4.0586175806218,1,1,8,1
18.125,918.0598216936379,558.7211642848803,4.072657799150334,1,1,8,1
18.133333333333333,918.5934102640264,557.5353975816444,4.016439967092242,1,1,8,1
18.141666666666666,919.938171451298,557.9564289805542,3.9975993351731915,1,1,8,1
18.15,920.3274031556643,556.6735978525995,4.036348401247801,1,1,8,1
18.158333333333335,921.6030193366377,556.9485735244483,4.055861889552276,1,1,8,1
18.166666666666668,922.1767288513225,557.728506150327,3.978021258973534,1,1,8,1
18.175,922.104423509018,558.8073280297255,4.029521360957629,1,1,8,1
18.183333333333334,922.0663614157762,558.7445626087326,4.022934194545493,1,1,8,1
18.191666666666666,921.7034142947788,560.7469825717322,4.006547104893835,1,1,8,1
18.2,347.94888635972416,597.5849051768873,3.976481291571328,1,1,8,1
18.208333333333332,348.69942431637014,596.0864039861423,4.084993360409953,1,1,8,1
18.216666666666665,923.3067843765243,560.2719685765774,4.033327188547725,1,1,8,1
18.225,922.7236040253683,559.5251437249615,4.062241537449943,1,1,8,1
18.233333333333334,922.7280423465822,558.2114020629027,4.057929856116141,1,1,8,1
18.241666666666667,923.970334287141,558.22524874849,3.9923272463964214,1,1,8,1
18.25,923.3478017667862,558.8202988196629,4.027481145104826,1,1,8,1
18.258333333333333,921.2570460083514,559.5021180321128,4.0447127046874485,1,1,8,1
18.266666666666666,920.2286042022864,559.9036626622446,3.973136433561911,1,1,8,1
18.275,921.340397406837,560.4097740162467,4.081294792570324,1,1,8,1
18.283333333333335,922.0696934482553,561.5154882277106,3.960259315394542,1,1,8,1
18.291666666666668,922.6665672514102,561.5217793727153,4.012788070476744,1,1,8,1
18.3,921.5906949712246,563.9676923344157,3.983990868037566,1,1,8,1
18.308333333333334,921.2554267447348,563.7440528125578,4.031508376385907,1,1,8,1
18.316666666666666,922.0008127938178,563.0512419957239,3.9843736971996107,1,1,8,1
18.325,922.4003469408873,562.8255448245628,3.986587941234882,1,1,8,1
18.333333333333332,920.8229079571136,562.3827321974071,4.053344164635437,1,1,8,1
18.341666666666665,920.716800127985,561.8531236540433,4.022230989289676,1,1,8,1
18.35,919.4494137082471,562.4884830881774,4.00860087516639,1,1,8,1
18.358333333333334,919.1572252444722,561.4997256993448,3.9982617809379497,1,1,8,1
18.366666666666667,918.1798402650448,562.1694397614624,4.033311303762732,1,1,8,1
18.375,917.1654088181241,562.3933481908716,3.967872019815561,1,1,8,1
18.383333333333333,916.0151978690329,563.3397193203389,4.014588899533457,1,1,8,1
18.391666666666666,915.8881490075706,564.2313262585722,4.009036413148738,1,1,8,1
18.4,915.9014607302541,563.3998482259708,4.049435284549344,1,1,8,1
18.408333333333335,915.566307375431,564.6005857721129,4.016605072451514,1,1,8,1
18.416666666666668,916.0491375371157,564.942014296965,4.057055007888284,1,1,8,1
18.425,917.2955365062035,565.3300537059226,4.001822896141789,1,1,8,1
18.433333333333334,915.6883988632512,565.8721361383488,4.01244869184437,1,1,8,1
18.441666666666666,915.3131882314592,565.3756456385248,3.9640350499341834,1,1,8,1
18.45,915.8618855873843,566.5834491149177,4.048915238910717,1,1,8,1
18.458333333333332,915.8653089269426,566.2371821696305,4.041782202496408,1,1,8,1
18.466666666666665,916.3266964091597,567.7149287757604,3.968553868902845,1,1,8,1
18.475,918.0142953556385,568.490839815497,3.9763096154615107,1,1,8,1
18.483333333333334,917.8281059201669,568.7047085167718,4.0204984763699185,1,1,8,1
18.491666666666667,916.8713500768968,567.2537504111249,3.9855980336933854,1,1,8,1
18.5,915.4024750905406,567.2987269429728,4.068684631641347,1,1,8,1
18.508333333333333,916.2110231665841,566.926727684636,4.0061119153350315,1,1,8,1
18.516666666666666,918.4832600377636,567.8447202926513,3.993759734231973,1,1,8,1
18.525,918.4936334152279,568.0722756799435,3.9806016587636637,1,1,8,1
18.533333333333335,918.0526105404675,569.3154549275998,4.061406246261537,1,1,8,1
18.541666666666668,918.944040466535,568.1198095419007,3.9704183340196137,1,1,8,1
18.55,918.2159907417984,568.1563537535295,4.015494239247857,1,1,8,1
18.558333333333334,917.4108241721467,568.5533007938657,3.978450327512027,1,1,8,1
18.566666666666666,917.4415916029965,567.5674879759991,4.002879463576279,1,1,8,1
18.575,916.001993656339,567.2498798398324,3.9874319612649103,1,1,8,1
18.583333333333332,916.3930500231877,567.2916251177057,4.031606931529917,1,1,8,1
18.591666666666665,916.3531093266039,567.1044717025934,3.99636444904255,1,1,8,1
18.6,915.8459991071004,565.9291340847141,4.008428976333362,1,1,8,1
18.608333333333334,916.5064875588181,566.1231532270091,4.047887065892592,1,1,8,1
18.616666666666667,915.1039983763055,565.4650511579997,4.030288324590882,1,1,8,1
18.625,914.4968703174403,565.2030841439013,4.000215785941019,1,1,8,1
18.633333333333333,914.0430827180533,565.9900786646245,3.9986635078890074,1,1,8,1
18.641666666666666,913.573482288765,565.2903830405401,4.021637220421731,1,1,8,1
18.65,914.3014770615097,565.0627631657575,3.933672730699938,1,1,8,1
18.658333333333335,914.3322162592302,565.5866174039463,4.0178655706466095,1,1,8,1
18.666666666666668,913.5877820709536,566.3399472835335,4.010349155011816,1,1,8,1
18.675,914.1268049635393,565.7506100526108,3.983200585571072,1,1,8,1
18.683333333333334,913.6417251195933,564.8476949806675,4.011806269891677,1,1,8,1
18.691666666666666,914.1663690635504,566.6125497170576,3.995049315775033,1,1,8,1
18.7,913.9828609984314,566.881893157941,4.012816001526937,1,1,8,1
18.708333333333332,913.9859560914005,567.0221672090789,4.055685646854721,1,1,8,1
18.716666666666665,912.909073014607,567.1828411469266,3.9730715741079954,1,1,8,1
18.725,913.5324682381467,567.1938493958021,4.0334788791066565,1,1,8,1
18.733333333333334,914.2041195958556,566.1223252139464,4.025382767367142,1,1,8,1
18.741666666666667,913.8336392170988,564.5215414703547,4.018336401748989,1,1,8,1
18.75,913.5683326035762,565.6965482413009,3.9710811592745956,1,1,8,1
18.758333333333333,913.9491107159743,566.4655503460122,4.0017503164190495,1,1,8,1
18.766666666666666,914.5935957054335,565.1743461872778,3.9943191433004617,1,1,8,1
18.775,915.0539224505235,565.0600684580172,3.969357549008763,1,1,8,1
18.783333333333335,915.2424889293192,565.3673649995347,3.9850322992480893,1,1,8,1
18.791666666666668,914.5949429493066,565.0660974497474,3.9535678337611646,1,1,8,1
18.8,915.1435885281493,565.5812415658551,4.021545227590712,1,1,8,1
18.808333333333334,914.8698150941831,566.0299915771345,3.9940154398568515,1,1,8,1
18.816666666666666,915.023955454185,565.7367953677181,4.067513540121893,1,1,8,1
18.825,914.6163107342774,566.4889562146308,3.97041678623479,1,1,8,1
18.833333333333332,915.5661544184751,566.0853299374617,3.9752942976373435,1,1,8,1
18.841666666666665,914.8514430873998,566.7476941858596,3.998077531963196,1,1,8,1
18.85,914.1407547416296,567.7668681940171,4.05788694235046,1,1,8,1
18.858333333333334,913.8820125547365,567.6130794057453,3.9390226438674985,1,1,8,1
18.866666666666667,913.2842458531171,567.3114864809274,4.000385469307177,1,1,8,1
18.875,912.7740842029821,566.8456113209212,3.9905832622180437,1,1,8,1
18.883333333333333,912.5287452311752,567.3263996830518,3.9764030225973053,1,1,8,1
18.891666666666666,912.4508394010048,567.2071818658811,4.022789794736405,1,1,8,1
18.9,912.6285899988941,567.0878238725053,4.004201908264079,1,1,8,1
18.908333333333335,912.0859813384475,567.676547961428,3.9728018253937685,1,1,8,1
18.916666666666668,912.8368412060222,568.8728389204275,3.958143391342478,1,1,8,1
18.925,912.5366123368854,571.2133699226691,3.9765876999294685,1,1,8,1
18.933333333333334,913.4844983275774,571.0492026200203,3.9741644369723,1,1,8,1
18.941666666666666,913.2703529034154,570.6721808163034,4.031613064672034,1,1,8,1
18.95,912.6133084588386,570.8360325869046,3.9847436975280894,1,1,8,1
18.958333333333332,911.7465816999,570.3831215560944,3.975552027539705,1,1,8,1
18.966666666666665,914.0303608552894,567.8772087202653,3.974669389928571,1,1,8,1
18.975,914.3580132257484,567.6832030459167,4.002419810584025,1,1,8,1
18.983333333333334,913.5268720657017,566.9188238643849,4.03676771314829,1,1,8,1
18.991666666666667,915.3012015264827,568.02437279144,3.9921957060432773,1,1,8,1
19.0,914.6505110970674,568.1648364591047,4.062020912336703,1,1,8,1
19.008333333333333,913.6702854464181,567.345033350207,4.055802666492819,1,1,8,1
19.016666666666666,913.185509404915,567.128877433155,3.9453462381505986,1,1,8,1
19.025,913.1223684815188,567.5708142162773,4.021956101743514,1,1,8,1
19.033333333333335,912.9739326925335,567.1333343293425,3.999582565461601,1,1,8,1
19.041666666666668,913.6913331326433,567.2668276613939,4.044777263844913,1,1,8,1
19.05,912.7988365372206,568.515447689471,4.007258972023929,1,1,8,1
19.058333333333334,912.9128821068292,568.6225793398235,3.967104176316224,1,1,8,1
19.066666666666666,912.6338224233274,568.7623711210999,4.013024271222074,1,1,8,1
19.075,912.9783289222763,569.0783417096719,4.03759969821146,1,1,8,1
19.083333333333332,911.947485683487,569.9440878206043,3.9775755723786292,1,1,8,1
19.091666666666665,911.6730213727859,569.3846198672666,4.065278434479933,1,1,8,1
19.1,911.5688581162286,570.3636407701385,4.02477800278558,1,1,8,1
19.108333333333334,911.53936706685,570.5095330654418,4.03498933336482,1,1,8,1
19.116666666666667,911.3260999157524,571.3890956549292,4.004971806028487,1,1,8,1
19.125,911.1509390349273,571.4846300324854,4.000351863613047,1,1,8,1
19.133333333333333,910.8614501715732,571.2152259576553,3.9704877373283556,1,1,8,1
19.141666666666666,909.8309294016548,570.776819931446,3.9967644346880706,1,1,8,1
19.15,909.2544738895754,569.9122949806842,4.035356886462221,1,1,8,1
19.158333333333335,909.4269653855011,569.0948224266302,3.990244388572747,1,1,8,1
19.166666666666668,908.5133838512731,569.0057276541553,3.995539266274672,1,1,8,1
19.175,909.503625333913,568.9457948392511,4.009949191172137,1,1,8,1
19.183333333333334,908.7236201150847,568.7470884065715,4.014326342371931,1,1,8,1
19.191666666666666,909.7022195703903,568.2883676350809,4.030547582126712,1,1,8,1
19.2,910.3934427856107,566.6712737610549,4.028848086991415,1,1,8,1
19.208333333333332,908.7534456788495,565.616670898778,4.005581766380074,1,1,8,1
19.216666666666665,908.1653957185478,566.6147274368432,4.00770406601876,1,1,8,1
19.225,907.7348685439756,565.7786339189805,4.081561494763188,1,1,8,1
19.233333333333334,907.7093989557477,564.5822374232911,4.026999856502464,1,1,8,1
19.241666666666667,908.1168338149605,565.400094237529,4.068033140819427,1,1,8,1
19.25,909.6190297342088,565.9308059615693,4.007478218062344,1,1,8,1
19.258333333333333,909.6209411933753,565.4906637227789,3.9789833110584585,1,1,8,1
19.266666666666666,908.8510857603212,565.4998372231032,3.943920478428387,1,1,8,1
19.275,908.1771324492192,565.3323280110209,4.004210082285829,1,1,8,1
19.283333333333335,907.5853413000599,562.9646384647464,3.9933446742516416,1,1,8,1
19.291666666666668,907.2084196641886,562.7780550755753,4.052878314235944,1,1,8,1
19.3,907.7670860457036,562.8159148153949,4.032844313651254,1,1,8,1
19.308333333333334,907.9392836029384,561.7147565748262,4.049398509625715,1,1,8,1
19.316666666666666,907.7315152899096,561.1609633818491,4.001963141578582,1,1,8,1
19.325,908.6128201377753,562.3325145613567,4.011634693625457,1,1,8,1
19.333333333333332,907.9762509881018,562.8250609504562,4.059818227625666,1,1,8,1
19.341666666666665,908.5410119773206,563.1561019097034,4.055823884340871,1,1,8,1
19.35,908.0955608072164,562.2525250802041,4.012320891822508,1,1,8,1
19.358333333333334,909.4896844892055,561.8426668666733,4.031926946022765,1,1,8,1
19.366666666666667,910.4756931914419,561.201273551279,4.028248134364532,1,1,8,1
19.375,910.1783291856684,561.3497181664247,3.9543116831754324,1,1,8,1
19.383333333333333,909.8052047802981,561.352353340932,4.0321041179155355,1,1,8,1
19.391666666666666,910.2522200187924,561.1024829330119,4.03213829695908,1,1,8,1
19.4,909.722601540874,560.7457849972859,4.005506465280342,1,1,8,1
19.408333333333335,911.5041732370186,559.6612212691008,4.030328484428038,1,1,8,1
19.416666666666668,911.9473272915175,558.9530621700525,4.026534346243587,1,1,8,1
19.425,910.8692896149654,560.0415694410502,4.072665393333522,1,1,8,1
19.433333333333334,912.3928465041479,560.934825628644,3.9713397224540343,1,1,8,1
19.441666666666666,912.9915984844724,560.9604113158863,4.043626876196689,1,1,8,1
19.45,913.5270419333132,560.4637787883911,3.9841550880942544,1,1,8,1
19.458333333333332,914.9667821749982,559.5360258600298,4.07225568012174,1,1,8,1
19.466666666666665,915.6702131930188,559.7741836581811,3.9740693593237557,1,1,8,1
19.475,917.6093026298129,558.962896301667,4.04666479100483,1,1,8,1
19.483333333333334,918.6450030962511,559.7845069793519,4.0472235484136245,1,1,8,1
19.491666666666667,918.9032319863259,559.9357860450705,4.110354138429155,1,1,8,1
19.5,920.7308216440207,559.8722456475648,4.067467363164081,1,1,8,1
19.508333333333333,919.8472364596314,558.5518986000154,4.037078476998885,1,1,8,1
19.516666666666666,919.6715466434766,557.934069126673,4.066388747423127,1,1,8,1
19.525,919.6228200191373,557.4725320514523,4.009580752988927,1,1,8,1
19.533333333333335,918.7228730618979,557.3853652165136,4.021524265291284,1,1,8,1
19.541666666666668,918.4189987993582,557.9590008228407,4.09484124758559,1,1,8,1
19.55,918.922852902017,558.0879384232423,4.032819084558302,1,1,8,1
19.558333333333334,919.9378069157689,558.138238487686,4.108347213244096,1,1,8,1
19.566666666666666,919.4085447327487,558.2898284189765,4.0592025544807235,1,1,8,1
19.575,919.4654580666817,558.7615019434965,3.993966519807598,1,1,8,1
19.583333333333332,918.9601520462784,558.3870028081708,4.032579654709932,1,1,8,1
19.591666666666665,919.101947447335,558.3101974203588,4.0628740554617035,1,1,8,1
19.6,919.6825616368412,558.9813685491894,4.007259111408538,1,1,8,1
19.608333333333334,919.6197257983249,559.4996986644965,4.00267322345467,1,1,8,1
19.616666666666667,918.2531014371817,559.1541731736737,4.01107651945353,1,1,8,1
19.625,917.2470477214105,559.9487345402997,4.082403476803963,1,1,8,1
19.633333333333333,918.1809865400595,559.9155753446285,4.023288150584792,1,1,8,1
19.641666666666666,919.7228952575892,559.9115487538727,4.042154551524285,1,1,8,1
19.65,918.2846452199759,559.2618081706423,4.048944464119012,1,1,8,1
19.658333333333335,917.4438831712604,558.6090752396361,4.136654522279574,1,1,8,1
19.666666666666668,918.3501278623135,559.0044745707537,4.021442416111304,1,1,8,1
19.675,919.0157885837559,557.9204637589417,4.042029275717431,1,1,8,1
19.683333333333334,918.1644742500409,558.1083146978665,4.061078184554756,1,1,8,1
19.691666666666666,919.6775055378126,557.5526694792865,4.112506992603002,1,1,8,1
19.7,499.2395218033015,754.892095796189,4.069965195119277,1,1,8,1
19.708333333333332,498.9251840954388,753.7833588726073,4.092361507276217,1,1,8,1
19.716666666666665,918.2371300986662,556.8176798888993,4.139650255415553,1,1,8,1
19.725,919.2509766272207,555.6331816641082,4.053918702078347,1,1,8,1
19.733333333333334,919.6728550508225,555.3016683771126,4.055635754340075,1,1,8,1
19.741666666666667,918.1992656374075,554.7545605082204,4.104381454314423,1,1,8,1
19.75,917.3187376060142,555.1658509743623,4.055348099468041,1,1,8,1
19.758333333333333,916.7731693304282,555.2452047204158,4.050740770317067,1,1,8,1
19.766666666666666,915.7353648976716,554.6470876075342,4.067569231443733,1,1,8,1
19.775,916.9004462871487,553.7956089668345,4.030735027751947,1,1,8,1
19.783333333333335,916.2554514498814,553.4908862187368,4.031040749535963,1,1,8,1
19.791666666666668,915.8792801398916,551.6678398670018,4.097585119349213,1,1,8,1
19.8,915.1302979893949,550.9101457078839,4.129893760192998,1,1,8,1
19.808333333333334,914.4826492288223,550.4959470558115,4.111360773723475,1,1,8,1
19.816666666666666,913.6034121253471,550.6096417404359,4.04876615412574,1,1,8,1
19.825,914.2957290468938,550.8069282383137,4.079061203232086,1,1,8,1
19.833333333333332,915.4327852478542,549.9817475533673,4.080529991941941,1,1,8,1
19.841666666666665,915.2382387923188,550.2347944126954,4.0441112282713405,1,1,8,1
19.85,916.375414285487,549.6819191600608,4.046814428017028,1,1,8,1
19.858333333333334,914.5667245812132,551.6609369653462,4.085068083584619,1,1,8,1
19.866666666666667,916.6181040467676,550.9703065504218,4.132881788810717,1,1,8,1
19.875,918.2746859769552,549.591239949999,4.041084280172998,1,1,8,1
19.883333333333333,918.2442700073811,549.3060803548173,4.055525956167649,1,1,8,1
19.891666666666666,918.7029491626906,550.040732024013,4.078108678432362,1,1,8,1
19.9,917.8667388734966,549.0211200488345,4.082419361395501,1,1,8,1
19.908333333333335,916.8765072633588,549.2333518838842,4.056609294543484,1,1,8,1
19.916666666666668,916.2965750665988,549.5769676673056,4.1218430257349725,1,1,8,1
19.925,916.6549393812791,548.7920915683591,4.118498289447856,1,1,8,1
19.933333333333334,917.1391540796504,550.4267684916464,4.104396773193425,1,1,8,1
19.941666666666666,916.2889985789236,549.2674006512991,4.090722223187338,1,1,8,1
19.95,916.9589076073585,547.9294937038445,4.049539327129221,1,1,8,1
19.958333333333332,916.1341362414557,547.5078845864971,4.042756443169103,1,1,8,1
19.966666666666665,916.8371475349827,547.6820016656417,4.100784988244662,1,1,8,1
19.975,916.9726616294037,547.6245327221063,4.1026310372568675,1,1,8,1
19.983333333333334,917.5281080897433,548.3380944149075,4.1886409916089,1,1,8,1
19.991666666666667,916.8049484664217,548.6060870312887,4.052220077502901,1,1,8,1
